{"type":"FeatureCollection","features":[{"type":"Feature","properties":{"name":"Attock"},"geometry":{"type":"MultiPolygon","coordinates":[[[[72.43479,34.00213],[72.44196,33.99831],[72.4446,33.99841],[72.45224,33.99149],[72.46427,33.99135],[72.48042,33.99597],[72.48383,33.99554],[72.48639,33.99143],[72.50089,33.99156],[72.51158,33.98882],[72.52096,33.98208],[72.52388,33.97627],[72.52689,33.97552],[72.53253,33.97579],[72.53766,33.9789],[72.55185,33.98164],[72.55232,33.97865],[72.55605,33.97864],[72.55589,33.96255],[72.56713,33.96114],[72.56713,33.9597],[72.57089,33.95967],[72.57089,33.95824],[72.57837,33.95824],[72.5784,33.95675],[72.59339,33.95531],[72.59337,33.95384],[72.59721,33.95384],[72.59721,33.95531],[72.60101,33.95533],[72.60098,33.95678],[72.60831,33.95667],[72.60839,33.95526],[72.61213,33.95523],[72.61215,33.95381],[72.61961,33.95383],[72.61961,33.95239],[72.62331,33.95234],[72.62334,33.95089],[72.62711,33.95086],[72.62682,33.94759],[72.63736,33.9435],[72.64242,33.93644],[72.65019,33.9334],[72.65432,33.92787],[72.64408,33.9198],[72.62922,33.91589],[72.62968,33.91078],[72.63535,33.90842],[72.61519,33.8917],[72.60969,33.88889],[72.61022,33.88587],[72.60833,33.88318],[72.61259,33.8793],[72.61813,33.87741],[72.62651,33.87823],[72.6349,33.8758],[72.63891,33.87121],[72.64249,33.87027],[72.64084,33.86457],[72.64415,33.8596],[72.65145,33.85829],[72.6529,33.86588],[72.66068,33.86603],[72.66337,33.8622],[72.68582,33.86918],[72.68723,33.87112],[72.69296,33.87138],[72.71085,33.88344],[72.7131,33.88656],[72.71075,33.89001],[72.70955,33.90523],[72.71946,33.90631],[72.7355,33.90516],[72.73383,33.90707],[72.72913,33.90709],[72.73007,33.90942],[72.72825,33.91054],[72.7322,33.91213],[72.73247,33.91367],[72.72804,33.91863],[72.72764,33.9213],[72.73393,33.92794],[72.74629,33.93701],[72.75326,33.94012],[72.75757,33.94786],[72.76212,33.95073],[72.76213,33.9531],[72.76527,33.95216],[72.77154,33.94332],[72.77302,33.94358],[72.77468,33.9412],[72.77513,33.9343],[72.78224,33.9353],[72.78254,33.92957],[72.78488,33.92637],[72.78372,33.9219],[72.77269,33.91619],[72.77159,33.91404],[72.77299,33.90994],[72.7752,33.9103],[72.7792,33.90598],[72.77799,33.9002],[72.78738,33.89696],[72.79172,33.89703],[72.79454,33.89435],[72.79518,33.89032],[72.80164,33.88641],[72.80564,33.88563],[72.81079,33.89128],[72.8151,33.8885],[72.82202,33.88733],[72.82523,33.88967],[72.83181,33.88685],[72.83116,33.88372],[72.83557,33.88159],[72.83491,33.87774],[72.83709,33.8702],[72.83398,33.85071],[72.83392,33.83871],[72.82426,33.8402],[72.82425,33.8325],[72.82333,33.83088],[72.82148,33.83169],[72.82299,33.82859],[72.81886,33.82829],[72.81529,33.8242],[72.81806,33.81973],[72.81693,33.81986],[72.81688,33.81396],[72.82073,33.81371],[72.82067,33.81266],[72.81479,33.81096],[72.81201,33.80831],[72.81154,33.80527],[72.79553,33.80807],[72.79429,33.80975],[72.78002,33.81184],[72.77787,33.81336],[72.77776,33.81591],[72.77497,33.81778],[72.78064,33.8206],[72.78337,33.82026],[72.78243,33.82341],[72.76674,33.83289],[72.7719,33.83599],[72.76998,33.83608],[72.76379,33.84179],[72.76844,33.84839],[72.76485,33.84887],[72.76498,33.8546],[72.76383,33.85436],[72.76541,33.85702],[72.76239,33.85846],[72.76288,33.85976],[72.7557,33.86275],[72.75336,33.86234],[72.70874,33.88185],[72.69465,33.87219],[72.70449,33.85761],[72.72507,33.83341],[72.73608,33.82666],[72.73789,33.82409],[72.72552,33.81945],[72.71737,33.81959],[72.7048,33.81593],[72.68924,33.8067],[72.68908,33.80197],[72.69379,33.7907],[72.69547,33.79088],[72.69675,33.78354],[72.70345,33.77814],[72.70309,33.77455],[72.70748,33.77463],[72.70833,33.77266],[72.70819,33.76825],[72.70448,33.76659],[72.70248,33.76132],[72.70191,33.74726],[72.70396,33.7452],[72.71218,33.74452],[72.71157,33.73646],[72.71595,33.73594],[72.71925,33.73784],[72.71795,33.74904],[72.72625,33.74544],[72.72895,33.74154],[72.73235,33.71634],[72.73165,33.71304],[72.73565,33.71324],[72.74315,33.71964],[72.74805,33.71884],[72.75045,33.71594],[72.75465,33.70154],[72.75355,33.69724],[72.74935,33.69264],[72.73105,33.69014],[72.73225,33.67954],[72.73905,33.67784],[72.74555,33.66614],[72.74395,33.65574],[72.74535,33.64794],[72.74315,33.63714],[72.74835,33.63574],[72.75675,33.63754],[72.79955,33.63774],[72.81025,33.64244],[72.81165,33.64084],[72.80995,33.63774],[72.81405,33.63504],[72.81195,33.63224],[72.80515,33.62974],[72.79855,33.62414],[72.79905,33.62094],[72.80995,33.61254],[72.80855,33.60744],[72.81475,33.60674],[72.82255,33.60024],[72.82185,33.59304],[72.81805,33.58674],[72.82115,33.58084],[72.82095,33.57754],[72.81635,33.56854],[72.82425,33.56364],[72.83575,33.56334],[72.83995,33.56054],[72.84475,33.55984],[72.85515,33.54754],[72.85645,33.53874],[72.85365,33.53364],[72.86355,33.52964],[72.87665,33.52824],[72.87865,33.52674],[72.88285,33.52724],[72.89395,33.52084],[72.90245,33.51854],[72.90505,33.51324],[72.90904,33.50966],[72.90718,33.50547],[72.9098,33.49881],[72.90974,33.49353],[72.9138,33.49158],[72.91525,33.49229],[72.91747,33.484],[72.89985,33.47644],[72.88375,33.47304],[72.86745,33.47594],[72.83325,33.46324],[72.82405,33.46434],[72.81705,33.46324],[72.80905,33.45864],[72.79955,33.45594],[72.79545,33.45284],[72.77675,33.44744],[72.77265,33.44004],[72.77415,33.42824],[72.76975,33.41954],[72.76915,33.41364],[72.77255,33.39934],[72.76785,33.39714],[72.76325,33.39714],[72.75655,33.40494],[72.75035,33.39214],[72.73175,33.38474],[72.72365,33.37714],[72.71765,33.36414],[72.71795,33.36044],[72.70725,33.35024],[72.70555,33.34764],[72.70565,33.34134],[72.69595,33.33204],[72.68765,33.31294],[72.67985,33.30614],[72.67875,33.30344],[72.67945,33.29494],[72.68865,33.28504],[72.68845,33.27654],[72.67965,33.27464],[72.67315,33.27764],[72.66265,33.27424],[72.65995,33.26484],[72.64565,33.24594],[72.64135,33.23434],[72.63945,33.22334],[72.62985,33.21104],[72.63135,33.19424],[72.63835,33.19554],[72.64758,33.20122],[72.65211,33.20184],[72.65141,33.19961],[72.64705,33.19728],[72.64567,33.19479],[72.64242,33.19479],[72.62778,33.18621],[72.618,33.18461],[72.60376,33.1919],[72.60251,33.19548],[72.60009,33.19663],[72.5985,33.19224],[72.59372,33.19126],[72.59122,33.18724],[72.58917,33.18726],[72.58601,33.18918],[72.58638,33.19327],[72.58951,33.19546],[72.57298,33.2098],[72.56094,33.2136],[72.54063,33.21229],[72.53653,33.21027],[72.53598,33.20763],[72.53153,33.204],[72.52119,33.203],[72.50367,33.1854],[72.50529,33.18429],[72.50437,33.17956],[72.50899,33.17509],[72.50255,33.17386],[72.5016,33.17129],[72.50444,33.17024],[72.50234,33.16764],[72.50452,33.16535],[72.50291,33.16317],[72.50034,33.16296],[72.49981,33.15852],[72.48541,33.15284],[72.48759,33.14973],[72.47086,33.14316],[72.46475,33.14277],[72.45605,33.15057],[72.44396,33.15057],[72.43734,33.14732],[72.43045,33.14121],[72.40095,33.13757],[72.37444,33.1303],[72.36665,33.13225],[72.36236,33.13731],[72.3504,33.13978],[72.31626,33.13436],[72.29453,33.12874],[72.29193,33.13134],[72.29167,33.13523],[72.2774,33.14518],[72.27538,33.14508],[72.27517,33.14116],[72.27237,33.13968],[72.25408,33.13597],[72.25197,33.13291],[72.2304,33.13451],[72.22805,33.1385],[72.22746,33.14631],[72.20781,33.15416],[72.19757,33.16187],[72.19042,33.16479],[72.18928,33.1623],[72.19226,33.15613],[72.18725,33.14651],[72.18703,33.14166],[72.19271,33.1384],[72.1937,33.13422],[72.19646,33.13167],[72.19367,33.12784],[72.18299,33.12397],[72.18376,33.11882],[72.17748,33.11308],[72.17633,33.10571],[72.17269,33.10365],[72.16051,33.10321],[72.14075,33.10987],[72.1172,33.11237],[72.1136,33.11584],[72.10217,33.10937],[72.09617,33.10807],[72.09314,33.11703],[72.09429,33.12129],[72.09277,33.12318],[72.08121,33.12226],[72.07124,33.12392],[72.05942,33.12214],[72.04764,33.11702],[72.0466,33.10915],[72.04067,33.10371],[72.03302,33.10036],[72.03016,33.09998],[72.02729,33.10132],[72.02394,33.10588],[72.0183,33.10705],[71.98341,33.09778],[71.96936,33.09816],[71.96468,33.09663],[71.96296,33.09281],[71.95359,33.08669],[71.94604,33.07684],[71.93743,33.07369],[71.93055,33.06891],[71.91707,33.05505],[71.91399,33.04991],[71.90715,33.04445],[71.86832,33.05276],[71.86402,33.05218],[71.85857,33.04893],[71.85016,33.04989],[71.84825,33.04731],[71.84882,33.03698],[71.84643,33.03392],[71.83638,33.02899],[71.83499,33.02528],[71.82953,33.02172],[71.81492,33.01624],[71.81106,33.01065],[71.79592,33.00038],[71.76338,33.01011],[71.74853,33.00406],[71.74385,33.0056],[71.74596,33.02237],[71.74373,33.02728],[71.74017,33.02757],[71.73955,33.02315],[71.73665,33.02073],[71.72724,33.0208],[71.72312,33.02304],[71.7292,33.0335],[71.71635,33.06922],[71.71286,33.09854],[71.71472,33.10819],[71.7197,33.11695],[71.74615,33.14015],[71.75702,33.15717],[71.76159,33.17395],[71.76178,33.18636],[71.75149,33.21229],[71.72333,33.23701],[71.7135,33.24756],[71.70949,33.2546],[71.71012,33.26696],[71.70645,33.28431],[71.71085,33.2891],[71.72207,33.29478],[71.73274,33.3112],[71.73138,33.31375],[71.73236,33.32181],[71.72929,33.3315],[71.72265,33.33796],[71.71581,33.33734],[71.72136,33.34594],[71.72332,33.35231],[71.72863,33.35492],[71.7359,33.36231],[71.74721,33.37002],[71.75606,33.37265],[71.78616,33.38778],[71.79788,33.39125],[71.81628,33.40136],[71.8339,33.40881],[71.84123,33.40875],[71.85701,33.40374],[71.87387,33.40843],[71.87388,33.41323],[71.87799,33.42011],[71.8762,33.42918],[71.8797,33.43196],[71.87573,33.42967],[71.87302,33.44518],[71.8778,33.455],[71.88457,33.45887],[71.89669,33.46185],[71.90523,33.4687],[71.91081,33.47782],[71.9114,33.48544],[71.93109,33.49192],[71.95162,33.50798],[71.96494,33.52994],[71.9678,33.53893],[71.96311,33.54985],[71.95916,33.55355],[71.95452,33.56508],[71.95403,33.57137],[71.95492,33.57357],[71.96162,33.57789],[71.97346,33.57976],[71.98141,33.58947],[71.982,33.59132],[71.98023,33.59419],[71.98173,33.60084],[71.97961,33.61629],[71.98298,33.62267],[71.97976,33.62718],[71.98021,33.62996],[71.98394,33.63346],[71.98679,33.64216],[71.98261,33.64844],[71.98312,33.66129],[71.99195,33.67343],[72.0023,33.67789],[72.00441,33.68018],[72.00712,33.68833],[72.00296,33.69166],[72.00438,33.70278],[72.01042,33.71103],[72.01887,33.71701],[72.0278,33.72672],[72.0269,33.72834],[72.03209,33.73372],[72.03587,33.74314],[72.03459,33.74397],[72.03505,33.74652],[72.03829,33.75226],[72.05295,33.7547],[72.05753,33.75791],[72.07058,33.75838],[72.07927,33.76636],[72.0823,33.76712],[72.0809,33.76847],[72.08061,33.77363],[72.07638,33.77518],[72.07231,33.7823],[72.0871,33.78533],[72.10315,33.78257],[72.13807,33.76983],[72.16597,33.76744],[72.18539,33.76093],[72.19819,33.76056],[72.21109,33.76405],[72.22711,33.76029],[72.24554,33.76125],[72.24656,33.76358],[72.24521,33.76844],[72.23854,33.77796],[72.23617,33.78709],[72.23667,33.8052],[72.23958,33.81658],[72.23894,33.82705],[72.24063,33.83437],[72.2389,33.83563],[72.24073,33.83916],[72.23918,33.83999],[72.23717,33.85018],[72.23966,33.86018],[72.24766,33.86223],[72.24776,33.86439],[72.23768,33.87283],[72.23581,33.87226],[72.22859,33.88698],[72.23391,33.90037],[72.25089,33.90563],[72.25152,33.907],[72.24979,33.90911],[72.25806,33.91313],[72.26089,33.91295],[72.26919,33.91842],[72.27677,33.91955],[72.28501,33.9175],[72.30879,33.93434],[72.31531,33.94405],[72.31797,33.94524],[72.32192,33.94538],[72.32625,33.94305],[72.3323,33.93663],[72.35027,33.94051],[72.35575,33.948],[72.35801,33.9486],[72.37276,33.94562],[72.37912,33.95098],[72.38567,33.95324],[72.38466,33.96085],[72.38727,33.96347],[72.39144,33.96365],[72.39688,33.96722],[72.4002,33.97671],[72.40748,33.98564],[72.41801,33.9871],[72.42904,33.99795],[72.42854,33.99913],[72.43479,34.00213]]]]}},{"type":"Feature","properties":{"name":"Bahawalnagar"},"geometry":{"type":"MultiPolygon","coordinates":[[[[73.85796,30.35554],[73.87318,30.35506],[73.87342,30.35958],[73.88032,30.35839],[73.88556,30.36601],[73.89508,30.36601],[73.90384,30.3577],[73.90169,30.35056],[73.93109,30.31894],[73.93697,30.30586],[73.95809,30.27256],[73.96196,30.2638],[73.97253,30.19831],[73.9374,30.17118],[73.82299,30.08865],[73.80658,30.06811],[73.59878,30.02017],[73.39776,29.94643],[73.38321,29.90263],[73.34109,29.75582],[73.28378,29.5819],[73.28145,29.57026],[73.08449,29.23591],[73.00635,29.15499],[72.94705,29.02656],[72.84307,28.98938],[72.71612,28.93891],[72.55504,28.85268],[72.49991,28.93208],[72.47711,28.9697],[72.46228,29.00008],[72.43494,29.07174],[72.40148,29.11236],[72.38269,29.11385],[72.38275,29.1175],[72.37774,29.11721],[72.37703,29.12381],[72.3712,29.1254],[72.3722,29.13229],[72.37468,29.13229],[72.37462,29.13542],[72.37126,29.13559],[72.37114,29.13883],[72.35549,29.13913],[72.35541,29.13058],[72.36553,29.13023],[72.36589,29.10553],[72.35936,29.10554],[72.35907,29.10279],[72.34521,29.10277],[72.34469,29.10044],[72.34128,29.10044],[72.34086,29.08689],[72.3314,29.08638],[72.33102,29.07589],[72.32846,29.07345],[72.3181,29.07338],[72.31634,29.07906],[72.31373,29.08014],[72.30626,29.0759],[72.30184,29.07566],[72.30031,29.07378],[72.30019,29.06906],[72.293,29.06794],[72.29501,29.0769],[72.29648,29.07708],[72.2966,29.08327],[72.29978,29.08356],[72.30025,29.08816],[72.30656,29.09393],[72.30921,29.09423],[72.30992,29.09688],[72.31711,29.09823],[72.31728,29.11202],[72.32147,29.11408],[72.32759,29.11349],[72.32972,29.1221],[72.29135,29.12233],[72.29524,29.12829],[72.30019,29.12787],[72.30049,29.13318],[72.30355,29.13329],[72.30391,29.136],[72.30726,29.13606],[72.30732,29.13854],[72.30031,29.1386],[72.30043,29.1442],[72.3111,29.14455],[72.3111,29.14926],[72.30355,29.14985],[72.30367,29.15233],[72.30055,29.15298],[72.30008,29.15498],[72.29342,29.15521],[72.29348,29.15763],[72.30037,29.16411],[72.30084,29.18256],[72.29006,29.18244],[72.29012,29.18768],[72.2923,29.18792],[72.29212,29.19581],[72.28764,29.19587],[72.2877,29.20401],[72.29365,29.20412],[72.29654,29.20135],[72.29949,29.20118],[72.29972,29.20672],[72.30302,29.20701],[72.30338,29.2122],[72.29678,29.21267],[72.29672,29.21532],[72.28976,29.21532],[72.28982,29.22339],[72.30102,29.22893],[72.30544,29.22893],[72.30726,29.233],[72.31404,29.23565],[72.31434,29.23948],[72.31752,29.2396],[72.31793,29.24331],[72.31115,29.24402],[72.31093,29.25027],[72.33793,29.25001],[72.33785,29.25575],[72.34143,29.25593],[72.34138,29.25279],[72.34509,29.25284],[72.34814,29.25544],[72.35862,29.25589],[72.35857,29.25818],[72.3656,29.25849],[72.36556,29.26097],[72.37258,29.26097],[72.37289,29.26353],[72.37616,29.26353],[72.37603,29.26618],[72.3793,29.26627],[72.37952,29.26362],[72.38655,29.26371],[72.38633,29.25262],[72.38284,29.25014],[72.38413,29.24866],[72.38731,29.24866],[72.38743,29.24536],[72.39061,29.24518],[72.3912,29.24241],[72.39367,29.24241],[72.39414,29.23982],[72.40051,29.23982],[72.40051,29.23664],[72.40705,29.23682],[72.40746,29.23128],[72.4144,29.23105],[72.41419,29.23943],[72.41786,29.23954],[72.41807,29.24205],[72.42802,29.24226],[72.42823,29.23912],[72.43138,29.23922],[72.43179,29.23629],[72.45914,29.23639],[72.46259,29.23336],[72.46626,29.23639],[72.47317,29.23639],[72.47674,29.23859],[72.48019,29.23859],[72.48365,29.23608],[72.49109,29.23587],[72.49339,29.23859],[72.5001,29.2388],[72.50879,29.23828],[72.51036,29.23629],[72.5221,29.23838],[72.53205,29.24687],[72.53226,29.24959],[72.53455,29.25119],[72.53082,29.2541],[72.53027,29.2571],[72.54109,29.25719],[72.54164,29.26119],[72.55455,29.26119],[72.55973,29.26528],[72.56582,29.26574],[72.56609,29.26774],[72.57891,29.26747],[72.58328,29.27056],[72.58618,29.27047],[72.58618,29.26765],[72.60018,29.26783],[72.60355,29.26483],[72.60673,29.26774],[72.62119,29.26783],[72.621,29.27056],[72.62437,29.27047],[72.62419,29.27583],[72.66555,29.27592],[72.66546,29.27065],[72.67291,29.27037],[72.67319,29.26756],[72.68037,29.25992],[72.68237,29.25356],[72.68955,29.25265],[72.68937,29.25383],[72.69137,29.25383],[72.69219,29.25101],[72.6961,29.2511],[72.69782,29.24737],[72.70073,29.24556],[72.70246,29.24628],[72.71028,29.24092],[72.71737,29.24119],[72.72019,29.24819],[72.72564,29.24856],[72.72592,29.24301],[72.73137,29.2431],[72.73164,29.24001],[72.73673,29.23992],[72.73792,29.23746],[72.7411,29.23728],[72.7451,29.23992],[72.74492,29.24574],[72.75264,29.24601],[72.75537,29.24319],[72.7591,29.24246],[72.76283,29.24546],[72.77573,29.2411],[72.7811,29.24174],[72.78383,29.24783],[72.78655,29.24819],[72.78664,29.25101],[72.79028,29.25092],[72.79119,29.24565],[72.80792,29.24801],[72.80801,29.25101],[72.81464,29.25083],[72.81483,29.24792],[72.8241,29.24792],[72.82401,29.25883],[72.82001,29.25892],[72.82019,29.25619],[72.80646,29.25628],[72.80628,29.25356],[72.80028,29.25356],[72.8001,29.2511],[72.79292,29.25119],[72.79273,29.2591],[72.79655,29.2591],[72.79655,29.27547],[72.79383,29.27547],[72.79346,29.28601],[72.79019,29.28601],[72.78983,29.28065],[72.7761,29.28092],[72.77583,29.27537],[72.76219,29.27537],[72.76255,29.28337],[72.75901,29.28901],[72.75264,29.28938],[72.75219,29.28074],[72.73837,29.28083],[72.73873,29.28865],[72.74855,29.28865],[72.74846,29.29165],[72.75246,29.29165],[72.75264,29.29983],[72.74528,29.29974],[72.74555,29.31319],[72.75928,29.31419],[72.75919,29.32238],[72.76519,29.32238],[72.76501,29.3271],[72.77928,29.32747],[72.77955,29.3221],[72.78646,29.32228],[72.78664,29.32474],[72.80737,29.32456],[72.80728,29.31983],[72.82464,29.31928],[72.82837,29.3231],[72.82846,29.33038],[72.83146,29.33038],[72.83183,29.33201],[72.84628,29.3321],[72.84628,29.33029],[72.85265,29.33001],[72.85337,29.34365],[72.84628,29.34347],[72.8461,29.35147],[72.83246,29.35174],[72.83183,29.34083],[72.82555,29.3411],[72.82564,29.34374],[72.81974,29.34392],[72.81937,29.34065],[72.80746,29.34092],[72.80764,29.34674],[72.79446,29.34692],[72.79428,29.34429],[72.78992,29.34438],[72.78992,29.34238],[72.78646,29.34156],[72.78592,29.33583],[72.77392,29.33619],[72.77401,29.34347],[72.77219,29.34356],[72.77192,29.3471],[72.77373,29.34719],[72.77392,29.36019],[72.76373,29.36638],[72.76364,29.37138],[72.77001,29.37156],[72.76992,29.37701],[72.76719,29.37701],[72.76701,29.37883],[72.76146,29.37392],[72.74573,29.3732],[72.74273,29.37056],[72.74464,29.37038],[72.74392,29.3652],[72.73582,29.3652],[72.73564,29.35938],[72.73092,29.35656],[72.73064,29.35492],[72.72246,29.35474],[72.72228,29.35674],[72.72573,29.35674],[72.72537,29.36501],[72.71546,29.3652],[72.71555,29.36683],[72.71119,29.3712],[72.70055,29.37792],[72.69828,29.38047],[72.6921,29.40083],[72.69164,29.44202],[72.69819,29.4422],[72.69819,29.44738],[72.70191,29.44765],[72.70173,29.45002],[72.70398,29.45008],[72.70499,29.45463],[72.70182,29.45556],[72.70182,29.45829],[72.69837,29.45847],[72.69846,29.46074],[72.69482,29.46092],[72.69455,29.46647],[72.6981,29.46656],[72.6981,29.46338],[72.71264,29.46356],[72.71301,29.47156],[72.71973,29.47438],[72.71991,29.48238],[72.72655,29.48256],[72.72628,29.4852],[72.72892,29.48574],[72.72919,29.48802],[72.73273,29.48802],[72.73246,29.49365],[72.75082,29.49365],[72.75097,29.51268],[72.75924,29.51826],[72.77464,29.51864],[72.77512,29.52028],[72.77811,29.52037],[72.77811,29.53702],[72.78119,29.53702],[72.78138,29.54443],[72.7783,29.54434],[72.7782,29.56445],[72.77156,29.56474],[72.77156,29.58572],[72.7579,29.58601],[72.76021,29.5913],[72.74404,29.59072],[72.74423,29.60208],[72.75466,29.6018],[72.7548,29.60454],[72.75134,29.60483],[72.75156,29.6101],[72.75769,29.61118],[72.75813,29.61299],[72.76477,29.61313],[72.76498,29.61818],[72.75495,29.61826],[72.75473,29.62865],[72.7447,29.62901],[72.74463,29.63211],[72.74095,29.63233],[72.74056,29.6346],[72.73769,29.63484],[72.73751,29.64273],[72.72755,29.64304],[72.7273,29.64051],[72.71716,29.64061],[72.717,29.63749],[72.71358,29.63746],[72.7138,29.64591],[72.71013,29.64588],[72.7101,29.64277],[72.70677,29.6428],[72.70652,29.64868],[72.7101,29.64853],[72.71,29.65161],[72.71367,29.65186],[72.71386,29.66262],[72.71056,29.66265],[72.71059,29.67603],[72.7174,29.67594],[72.71759,29.67875],[72.7208,29.67871],[72.72086,29.68648],[72.71056,29.68692],[72.71031,29.68402],[72.70689,29.68411],[72.70729,29.69182],[72.70251,29.69179],[72.69558,29.69755],[72.68759,29.69647],[72.67954,29.69049],[72.67899,29.70594],[72.68278,29.70603],[72.68287,29.71633],[72.67603,29.71651],[72.67575,29.72012],[72.6784,29.72012],[72.6784,29.72394],[72.66844,29.72484],[72.66854,29.72845],[72.66212,29.72999],[72.65155,29.72897],[72.65167,29.74149],[72.63737,29.74016],[72.63734,29.73834],[72.63108,29.73844],[72.63003,29.74204],[72.62466,29.74503],[72.62056,29.74531],[72.61964,29.74821],[72.61582,29.74849],[72.61458,29.75246],[72.61212,29.75256],[72.61156,29.75619],[72.60626,29.76079],[72.60639,29.76829],[72.60515,29.769],[72.60139,29.76564],[72.6013,29.76326],[72.59855,29.76385],[72.59159,29.78003],[72.59527,29.78382],[72.59323,29.78726],[72.58906,29.78755],[72.58219,29.80385],[72.58084,29.81828],[72.58832,29.81727],[72.59627,29.81848],[72.59643,29.82604],[72.59238,29.8385],[72.59525,29.84628],[72.6009,29.84956],[72.61005,29.85154],[72.63436,29.85047],[72.63604,29.85292],[72.63477,29.85517],[72.6419,29.86195],[72.64831,29.86221],[72.64509,29.86624],[72.65408,29.86994],[72.6688,29.8666],[72.67514,29.87222],[72.67625,29.87677],[72.6803,29.88198],[72.68734,29.88513],[72.69153,29.88385],[72.69919,29.87551],[72.70511,29.8744],[72.70696,29.86945],[72.71068,29.86618],[72.72026,29.88217],[72.7225,29.89459],[72.70935,29.9014],[72.70589,29.90875],[72.71624,29.91921],[72.7195,29.9055],[72.72466,29.89985],[72.7233,29.90648],[72.72427,29.90937],[72.71906,29.91921],[72.72899,29.92535],[72.7309,29.92424],[72.73382,29.92629],[72.72877,29.93136],[72.75555,29.93597],[72.769,29.90792],[72.77721,29.90441],[72.78273,29.90378],[72.78928,29.90525],[72.79331,29.91241],[72.79318,29.91835],[72.78053,29.9364],[72.79487,29.9496],[72.78363,29.96731],[72.78267,29.9809],[72.79452,29.99155],[72.80102,29.99159],[72.81171,29.99564],[72.84169,29.99377],[72.84623,29.98573],[72.85463,29.98116],[72.85687,29.95735],[72.87136,29.95279],[72.88108,29.95581],[72.88566,29.96097],[72.88252,29.96171],[72.87307,29.97273],[72.85904,29.97894],[72.87068,29.9999],[72.87125,30.00428],[72.88527,30.01431],[72.88581,30.01203],[72.89295,30.01307],[72.8931,30.01745],[72.88837,30.0231],[72.88827,30.02797],[72.89345,30.03614],[72.89858,30.0388],[72.91041,30.03978],[72.91375,30.03732],[72.919,30.03017],[72.91714,30.0247],[72.92687,30.02188],[72.93287,30.01552],[72.93559,30.00423],[72.94005,29.9974],[72.94765,29.99826],[72.94892,30.00211],[72.95623,30.00063],[72.96744,30.00482],[72.97267,30.00403],[72.97409,30.00153],[72.97375,29.99638],[72.99086,29.99844],[73.00015,30.01676],[73.01929,29.9958],[73.02266,29.9993],[73.01943,30.00249],[73.02684,30.00507],[73.02539,30.01153],[73.01382,30.0085],[73.00294,30.02085],[73.01079,30.02634],[73.02927,30.02778],[73.02754,30.0387],[73.01065,30.06196],[73.01187,30.07101],[73.01632,30.07439],[73.02107,30.07312],[73.032,30.07469],[73.04326,30.06999],[73.05039,30.06423],[73.05281,30.06567],[73.06509,30.05748],[73.06711,30.05906],[73.07284,30.05852],[73.07996,30.06489],[73.09281,30.06822],[73.10781,30.07469],[73.11838,30.08646],[73.11523,30.08898],[73.12002,30.09213],[73.12127,30.10244],[73.13482,30.10189],[73.13793,30.10685],[73.15186,30.11002],[73.15354,30.12565],[73.15671,30.13092],[73.16079,30.1121],[73.16956,30.11269],[73.17282,30.11044],[73.18104,30.10862],[73.17927,30.11938],[73.18459,30.11546],[73.19107,30.11427],[73.19786,30.10935],[73.21344,30.10664],[73.2096,30.12095],[73.21042,30.1338],[73.21761,30.13524],[73.2248,30.13346],[73.22463,30.12619],[73.22633,30.1225],[73.23141,30.12764],[73.23202,30.13543],[73.25621,30.14609],[73.24942,30.16044],[73.26471,30.1603],[73.26632,30.14845],[73.26513,30.14616],[73.26691,30.14289],[73.27061,30.14616],[73.27187,30.1531],[73.27598,30.15594],[73.28004,30.15641],[73.28721,30.14926],[73.28995,30.15072],[73.29076,30.1551],[73.29944,30.15601],[73.30041,30.15478],[73.31291,30.1598],[73.31486,30.15878],[73.31411,30.15749],[73.3364,30.15425],[73.34302,30.15666],[73.36206,30.12336],[73.36849,30.13221],[73.36951,30.13802],[73.36764,30.14529],[73.35563,30.16533],[73.3588,30.17004],[73.35527,30.1746],[73.35552,30.17669],[73.36186,30.18353],[73.36283,30.20534],[73.37784,30.20727],[73.38088,30.20397],[73.38856,30.20248],[73.3928,30.20534],[73.39577,30.21287],[73.3947,30.21958],[73.40091,30.21861],[73.40917,30.21285],[73.41264,30.21688],[73.41443,30.22621],[73.41276,30.22822],[73.41951,30.23162],[73.42134,30.23704],[73.42507,30.23811],[73.42744,30.24203],[73.42921,30.24226],[73.42934,30.24769],[73.45302,30.24655],[73.45797,30.25167],[73.45932,30.24982],[73.46809,30.252],[73.4669,30.25709],[73.46879,30.26017],[73.46599,30.26132],[73.46019,30.27396],[73.4643,30.27501],[73.47097,30.27059],[73.47723,30.26084],[73.47818,30.26133],[73.48496,30.27502],[73.49066,30.27845],[73.49572,30.28805],[73.50519,30.29345],[73.51138,30.30487],[73.51371,30.3065],[73.51461,30.30118],[73.517,30.30052],[73.51998,30.30428],[73.5292,30.30406],[73.52757,30.30092],[73.53359,30.29795],[73.53497,30.29337],[73.53892,30.29199],[73.54283,30.29219],[73.54582,30.29523],[73.54898,30.2945],[73.55263,30.29619],[73.5505,30.30718],[73.55226,30.31427],[73.55858,30.31209],[73.56275,30.31429],[73.56609,30.30325],[73.58044,30.30937],[73.58127,30.31893],[73.58254,30.31912],[73.59645,30.31811],[73.60329,30.31586],[73.61592,30.31591],[73.62636,30.31829],[73.6262,30.31461],[73.63365,30.31102],[73.64285,30.31128],[73.64262,30.30509],[73.6626,30.30771],[73.66308,30.31318],[73.67188,30.31342],[73.67331,30.30676],[73.6764,30.30676],[73.67593,30.31175],[73.6971,30.31413],[73.71709,30.3277],[73.7259,30.32817],[73.72661,30.32127],[73.7297,30.32484],[73.73446,30.31842],[73.74208,30.33365],[73.7366,30.33793],[73.73589,30.34507],[73.73851,30.35125],[73.74422,30.35173],[73.7435,30.35577],[73.75064,30.35768],[73.75278,30.36101],[73.76635,30.35482],[73.77444,30.35815],[73.78253,30.35744],[73.78491,30.35577],[73.78776,30.34864],[73.80418,30.34626],[73.80918,30.34911],[73.81223,30.35616],[73.81394,30.3516],[73.8187,30.35173],[73.81947,30.35867],[73.82574,30.35872],[73.82702,30.36315],[73.8413,30.36505],[73.85915,30.37767],[73.85796,30.35554]]]]}},{"type":"Feature","properties":{"name":"Bahawalpur"},"geometry":{"type":"MultiPolygon","coordinates":[[[[72.4559,29.84727],[72.45718,29.8465],[72.46016,29.84849],[72.46738,29.85571],[72.47454,29.85235],[72.47971,29.847],[72.47977,29.85834],[72.48473,29.86116],[72.4893,29.85883],[72.48542,29.84741],[72.48401,29.83126],[72.48848,29.8297],[72.51741,29.84469],[72.51502,29.82861],[72.52223,29.82339],[72.53007,29.82812],[72.53015,29.84826],[72.53403,29.85272],[72.53783,29.85369],[72.55005,29.8506],[72.55401,29.84477],[72.55801,29.84409],[72.56576,29.83198],[72.5679,29.82265],[72.57353,29.81927],[72.58084,29.81826],[72.58219,29.80385],[72.58906,29.78755],[72.59323,29.78726],[72.59527,29.78382],[72.59159,29.78003],[72.59933,29.76301],[72.6013,29.76326],[72.60139,29.76564],[72.60515,29.769],[72.60639,29.76829],[72.60626,29.76079],[72.61156,29.75619],[72.61212,29.75256],[72.61458,29.75246],[72.61582,29.74849],[72.61964,29.74821],[72.62056,29.74531],[72.62466,29.74503],[72.63003,29.74204],[72.63108,29.73844],[72.63734,29.73834],[72.63737,29.74016],[72.65167,29.74149],[72.65155,29.72897],[72.66212,29.72999],[72.66854,29.72845],[72.66844,29.72484],[72.6784,29.72394],[72.6784,29.72012],[72.67575,29.72012],[72.67603,29.71651],[72.68287,29.71633],[72.68278,29.70603],[72.67899,29.70594],[72.67954,29.69049],[72.68759,29.69647],[72.69558,29.69755],[72.70251,29.69179],[72.70729,29.69182],[72.70689,29.68411],[72.71031,29.68402],[72.71056,29.68692],[72.72086,29.68648],[72.7208,29.67871],[72.71759,29.67875],[72.7174,29.67594],[72.71059,29.67603],[72.71056,29.66265],[72.71386,29.66262],[72.71367,29.65186],[72.71,29.65161],[72.7101,29.64853],[72.70652,29.64868],[72.70677,29.6428],[72.7101,29.64277],[72.71013,29.64588],[72.7138,29.64591],[72.71358,29.63746],[72.717,29.63749],[72.71716,29.64061],[72.7273,29.64051],[72.72755,29.64304],[72.73751,29.64273],[72.73769,29.63484],[72.74056,29.6346],[72.74095,29.63233],[72.74463,29.63211],[72.7447,29.62901],[72.75473,29.62865],[72.75495,29.61826],[72.76498,29.61818],[72.76477,29.61313],[72.75813,29.61299],[72.75769,29.61118],[72.75156,29.6101],[72.75134,29.60483],[72.7548,29.60454],[72.75466,29.6018],[72.74423,29.60208],[72.74404,29.59072],[72.76021,29.5913],[72.7579,29.58601],[72.77156,29.58572],[72.77156,29.56474],[72.7782,29.56445],[72.7783,29.54434],[72.78138,29.54443],[72.78119,29.53702],[72.77811,29.53702],[72.77811,29.52037],[72.77512,29.52028],[72.77464,29.51864],[72.75924,29.51826],[72.75097,29.51268],[72.75082,29.49365],[72.73246,29.49365],[72.73273,29.48802],[72.72919,29.48802],[72.72892,29.48574],[72.72628,29.4852],[72.72655,29.48256],[72.71991,29.48238],[72.71973,29.47438],[72.71301,29.47156],[72.71264,29.46356],[72.6981,29.46338],[72.6981,29.46656],[72.69455,29.46647],[72.69482,29.46092],[72.69846,29.46074],[72.69837,29.45847],[72.70182,29.45829],[72.70182,29.45556],[72.70499,29.45463],[72.70398,29.45008],[72.70173,29.45002],[72.70191,29.44765],[72.69819,29.44738],[72.69819,29.4422],[72.69164,29.44202],[72.6921,29.40083],[72.69828,29.38047],[72.70055,29.37792],[72.71119,29.3712],[72.71555,29.36683],[72.71546,29.3652],[72.72537,29.36501],[72.72573,29.35674],[72.72228,29.35674],[72.72246,29.35474],[72.73064,29.35492],[72.73092,29.35656],[72.73564,29.35938],[72.73582,29.3652],[72.74392,29.3652],[72.74464,29.37038],[72.74273,29.37056],[72.74573,29.3732],[72.76146,29.37392],[72.76701,29.37883],[72.76719,29.37701],[72.76992,29.37701],[72.77001,29.37156],[72.76364,29.37138],[72.76373,29.36638],[72.77392,29.36019],[72.77373,29.34719],[72.77192,29.3471],[72.77219,29.34356],[72.77401,29.34347],[72.77392,29.33619],[72.78592,29.33583],[72.78646,29.34156],[72.78992,29.34238],[72.78992,29.34438],[72.79428,29.34429],[72.79446,29.34692],[72.80764,29.34674],[72.80746,29.34092],[72.81937,29.34065],[72.81974,29.34392],[72.82564,29.34374],[72.82555,29.3411],[72.83183,29.34083],[72.83246,29.35174],[72.8461,29.35147],[72.84628,29.34347],[72.85337,29.34365],[72.85265,29.33001],[72.84628,29.33029],[72.84628,29.3321],[72.83183,29.33201],[72.83146,29.33038],[72.82846,29.33038],[72.82837,29.3231],[72.82464,29.31928],[72.80728,29.31983],[72.80737,29.32456],[72.78664,29.32474],[72.78646,29.32228],[72.77955,29.3221],[72.77928,29.32747],[72.76501,29.3271],[72.76519,29.32238],[72.75919,29.32238],[72.75928,29.31419],[72.74555,29.31319],[72.74528,29.29974],[72.75264,29.29983],[72.75246,29.29165],[72.74846,29.29165],[72.74855,29.28865],[72.73873,29.28865],[72.73837,29.28083],[72.75219,29.28074],[72.75264,29.28938],[72.75901,29.28901],[72.76255,29.28337],[72.76219,29.27537],[72.77583,29.27537],[72.7761,29.28092],[72.78983,29.28065],[72.79019,29.28601],[72.79346,29.28601],[72.79383,29.27547],[72.79655,29.27547],[72.79655,29.2591],[72.79273,29.2591],[72.79292,29.25119],[72.8001,29.2511],[72.80028,29.25356],[72.80628,29.25356],[72.80646,29.25628],[72.82019,29.25619],[72.82001,29.25892],[72.82401,29.25883],[72.8241,29.24792],[72.81483,29.24792],[72.81464,29.25083],[72.80801,29.25101],[72.80792,29.24801],[72.79119,29.24565],[72.79028,29.25092],[72.78664,29.25101],[72.78655,29.24819],[72.78383,29.24783],[72.7811,29.24174],[72.77573,29.2411],[72.76283,29.24546],[72.7591,29.24246],[72.75537,29.24319],[72.75264,29.24601],[72.74492,29.24574],[72.7451,29.23992],[72.7411,29.23728],[72.73792,29.23746],[72.73673,29.23992],[72.73164,29.24001],[72.73137,29.2431],[72.72592,29.24301],[72.72564,29.24856],[72.72019,29.24819],[72.71737,29.24119],[72.71028,29.24092],[72.70246,29.24628],[72.70073,29.24556],[72.69782,29.24737],[72.6961,29.2511],[72.69219,29.25101],[72.69137,29.25383],[72.68937,29.25383],[72.68955,29.25265],[72.68237,29.25356],[72.68037,29.25992],[72.67319,29.26756],[72.67291,29.27037],[72.66546,29.27065],[72.66555,29.27592],[72.62419,29.27583],[72.62437,29.27047],[72.621,29.27056],[72.62119,29.26783],[72.60673,29.26774],[72.60355,29.26483],[72.60018,29.26783],[72.58618,29.26765],[72.58618,29.27047],[72.58328,29.27056],[72.57891,29.26747],[72.56609,29.26774],[72.56582,29.26574],[72.55973,29.26528],[72.55455,29.26119],[72.54164,29.26119],[72.54109,29.25719],[72.53027,29.2571],[72.53082,29.2541],[72.53446,29.24992],[72.53226,29.24959],[72.53205,29.24687],[72.52471,29.24037],[72.5221,29.23838],[72.51843,29.23849],[72.51832,29.23692],[72.51036,29.23629],[72.50879,29.23828],[72.5001,29.2388],[72.49339,29.23859],[72.49109,29.23587],[72.48365,29.23608],[72.48019,29.23859],[72.47674,29.23859],[72.47317,29.23639],[72.46532,29.23613],[72.46191,29.23396],[72.45914,29.23639],[72.43179,29.23629],[72.43138,29.23922],[72.42823,29.23912],[72.42802,29.24226],[72.41807,29.24205],[72.41786,29.23954],[72.41419,29.23943],[72.4144,29.23105],[72.40746,29.23128],[72.40705,29.23682],[72.40051,29.23664],[72.40051,29.23982],[72.39414,29.23982],[72.39367,29.24241],[72.3912,29.24241],[72.39061,29.24518],[72.38743,29.24536],[72.38731,29.24866],[72.38413,29.24866],[72.38284,29.25014],[72.38633,29.25262],[72.38655,29.26371],[72.37952,29.26362],[72.3793,29.26627],[72.37603,29.26618],[72.37616,29.26353],[72.37289,29.26353],[72.37258,29.26097],[72.36556,29.26097],[72.3656,29.25849],[72.35857,29.25818],[72.35862,29.25589],[72.34814,29.25544],[72.34509,29.25284],[72.34138,29.25279],[72.34143,29.25593],[72.33785,29.25575],[72.33793,29.25001],[72.31093,29.25027],[72.31115,29.24402],[72.31793,29.24331],[72.31752,29.2396],[72.31434,29.23948],[72.31404,29.23565],[72.30726,29.233],[72.30544,29.22893],[72.30102,29.22893],[72.28982,29.22339],[72.28976,29.21532],[72.29672,29.21532],[72.29678,29.21267],[72.30338,29.2122],[72.30302,29.20701],[72.29972,29.20672],[72.29949,29.20118],[72.29654,29.20135],[72.29365,29.20412],[72.2877,29.20401],[72.28764,29.19587],[72.29212,29.19581],[72.2923,29.18792],[72.29012,29.18768],[72.29006,29.18244],[72.30084,29.18256],[72.30037,29.16411],[72.29348,29.15763],[72.29342,29.15521],[72.30008,29.15498],[72.30055,29.15298],[72.30367,29.15233],[72.30355,29.14985],[72.3111,29.14926],[72.3111,29.14455],[72.30043,29.1442],[72.30031,29.1386],[72.30732,29.13854],[72.30726,29.13606],[72.30391,29.136],[72.30355,29.13329],[72.30049,29.13318],[72.30019,29.12787],[72.29524,29.12829],[72.29135,29.12233],[72.32972,29.1221],[72.32759,29.11349],[72.32147,29.11408],[72.31728,29.11202],[72.31711,29.09823],[72.30992,29.09688],[72.30921,29.09423],[72.30656,29.09393],[72.30025,29.08816],[72.29978,29.08356],[72.2966,29.08327],[72.29648,29.07708],[72.29501,29.0769],[72.293,29.06794],[72.30019,29.06906],[72.30031,29.07378],[72.30184,29.07566],[72.30626,29.0759],[72.31373,29.08014],[72.31634,29.07906],[72.3181,29.07338],[72.32846,29.07345],[72.33102,29.07589],[72.3314,29.08638],[72.34086,29.08689],[72.34128,29.10044],[72.34469,29.10044],[72.34521,29.10277],[72.35907,29.10279],[72.35936,29.10554],[72.36589,29.10553],[72.36553,29.13023],[72.35541,29.13058],[72.35549,29.13913],[72.37114,29.13883],[72.37126,29.13559],[72.37462,29.13542],[72.37468,29.13229],[72.3722,29.13229],[72.3712,29.1254],[72.37703,29.12381],[72.37774,29.11721],[72.38275,29.1175],[72.38269,29.11385],[72.40148,29.11236],[72.43494,29.07174],[72.46228,29.00008],[72.47711,28.9697],[72.49991,28.93208],[72.55506,28.85258],[72.47905,28.81219],[72.40333,28.78297],[72.33783,28.71449],[72.2993,28.67037],[72.27731,28.59972],[72.20592,28.39485],[72.13311,28.31436],[72.00418,28.21905],[71.9269,28.12202],[71.89797,27.96223],[71.8843,27.95887],[71.66792,27.87868],[71.38209,27.87285],[71.2058,27.83612],[71.11957,27.80034],[71.1173,27.88548],[71.11348,27.89421],[71.09979,27.90816],[71.09415,27.91815],[71.08649,27.95025],[71.0697,27.99996],[71.0566,28.0739],[71.05144,28.08757],[71.03809,28.11218],[71.03744,28.13518],[71.01505,28.16501],[71.00005,28.18829],[70.99109,28.19855],[70.98188,28.22045],[70.98006,28.24994],[70.97541,28.28661],[70.97665,28.33389],[70.96471,28.42768],[70.96618,28.44638],[70.96151,28.46819],[70.95322,28.48868],[70.95309,28.49924],[70.95022,28.50483],[70.94883,28.51976],[70.95025,28.55276],[70.95439,28.56756],[70.96869,28.6481],[70.98376,28.70103],[70.99192,28.72441],[71.00457,28.75019],[71.01564,28.78014],[71.03035,28.79917],[71.05904,28.8943],[71.05957,28.89773],[71.04086,28.94181],[71.05803,28.94295],[71.05889,28.97439],[71.05501,28.97539],[71.05476,28.9852],[71.05767,28.98528],[71.05805,28.99579],[71.06047,28.99597],[71.06167,29.00135],[71.0645,29.00177],[71.06367,29.0187],[71.05054,29.01866],[71.05036,29.0106],[71.04378,29.01074],[71.04356,29.03217],[71.05005,29.03236],[71.05011,29.04284],[71.05342,29.04284],[71.05342,29.04845],[71.05644,29.04845],[71.05688,29.05407],[71.06019,29.05421],[71.06004,29.04629],[71.0671,29.04629],[71.06738,29.05637],[71.0567,29.05722],[71.05684,29.06256],[71.06019,29.0627],[71.06033,29.06801],[71.0635,29.06817],[71.06342,29.07329],[71.05812,29.07347],[71.05824,29.0786],[71.06004,29.07911],[71.06004,29.08127],[71.07072,29.08409],[71.07775,29.08818],[71.07804,29.09091],[71.0848,29.09207],[71.08659,29.1038],[71.02879,29.08601],[71.02505,29.08148],[71.00304,29.03694],[70.99959,29.03723],[70.99175,29.03228],[70.9812,29.03233],[70.97985,29.03508],[70.98043,29.04001],[70.97401,29.04482],[70.97685,29.04736],[70.96879,29.05795],[70.96595,29.06035],[70.96058,29.05839],[70.95479,29.06197],[70.95212,29.06577],[70.95223,29.06846],[70.95008,29.07019],[70.95592,29.07642],[70.95626,29.07882],[70.94503,29.09075],[70.9416,29.09654],[70.93727,29.1197],[70.93286,29.1239],[70.92925,29.13183],[70.92676,29.13338],[70.92251,29.13164],[70.92244,29.12649],[70.92028,29.12992],[70.92172,29.13434],[70.92884,29.13912],[70.93108,29.14288],[70.93025,29.14536],[70.91855,29.14057],[70.91136,29.13338],[70.91211,29.1314],[70.91011,29.12952],[70.90661,29.13352],[70.89999,29.13339],[70.89898,29.13625],[70.89261,29.1419],[70.89279,29.14525],[70.9007,29.14937],[70.90505,29.16084],[70.91133,29.16131],[70.91126,29.16367],[70.91396,29.16609],[70.91355,29.16836],[70.918,29.17646],[70.92393,29.17597],[70.9317,29.18555],[70.92906,29.19066],[70.92131,29.19688],[70.91855,29.20506],[70.91409,29.21096],[70.90459,29.217],[70.90272,29.23255],[70.91049,29.23197],[70.93136,29.21887],[70.94475,29.21456],[70.95367,29.22794],[70.95123,29.23687],[70.94763,29.23989],[70.94619,29.24464],[70.93942,29.24939],[70.93678,29.25484],[70.90867,29.26585],[70.9265,29.29359],[70.93755,29.29807],[70.95622,29.29568],[70.96657,29.3036],[70.97316,29.31271],[70.97819,29.31106],[70.97927,29.30777],[70.98584,29.30569],[70.99449,29.30954],[71.00964,29.31121],[71.03339,29.32008],[71.03964,29.32769],[71.04319,29.32915],[71.04187,29.35583],[71.04246,29.35981],[71.04698,29.36193],[71.04068,29.36263],[71.0431,29.3836],[71.05229,29.40557],[71.05028,29.40004],[71.05249,29.39898],[71.05852,29.38988],[71.05769,29.38373],[71.06789,29.38386],[71.07541,29.38713],[71.07658,29.38946],[71.08067,29.3889],[71.08237,29.39179],[71.08796,29.39296],[71.08892,29.39094],[71.09794,29.38909],[71.09761,29.38557],[71.1005,29.37931],[71.10791,29.37767],[71.1134,29.37913],[71.11324,29.38106],[71.11677,29.38265],[71.11941,29.38772],[71.12242,29.38812],[71.12088,29.39038],[71.12275,29.39432],[71.12186,29.39925],[71.12334,29.40371],[71.12569,29.40377],[71.12679,29.40865],[71.1302,29.40819],[71.13022,29.41301],[71.13375,29.41295],[71.13356,29.41856],[71.14058,29.41857],[71.1403,29.42574],[71.14715,29.42584],[71.15087,29.4058],[71.1592,29.40534],[71.16357,29.4063],[71.1689,29.41419],[71.17407,29.41772],[71.18392,29.42141],[71.18985,29.42187],[71.19331,29.42575],[71.20269,29.42933],[71.21646,29.43355],[71.21684,29.43209],[71.21857,29.43223],[71.2227,29.43445],[71.22779,29.43448],[71.22807,29.43643],[71.24381,29.43616],[71.25125,29.43389],[71.25317,29.41066],[71.25615,29.40082],[71.25912,29.39788],[71.26462,29.39702],[71.27788,29.39966],[71.2945,29.39835],[71.2945,29.40098],[71.30092,29.40108],[71.30198,29.39963],[71.30465,29.40076],[71.30613,29.39899],[71.31827,29.39518],[71.32057,29.39895],[71.32403,29.39895],[71.32403,29.40269],[71.33119,29.40394],[71.33118,29.40645],[71.33476,29.40645],[71.33479,29.41021],[71.33836,29.4102],[71.33835,29.4127],[71.34195,29.4127],[71.34195,29.4202],[71.34563,29.42038],[71.34566,29.41776],[71.34783,29.41767],[71.34754,29.41338],[71.34905,29.41172],[71.34735,29.41119],[71.34692,29.40808],[71.35159,29.40453],[71.35136,29.40091],[71.35339,29.40091],[71.35351,29.39656],[71.35006,29.3954],[71.35212,29.38717],[71.36061,29.38548],[71.36075,29.38266],[71.36224,29.38308],[71.36619,29.37609],[71.37504,29.37501],[71.37857,29.37922],[71.38138,29.37841],[71.37941,29.37012],[71.38276,29.36463],[71.3961,29.37005],[71.39837,29.37378],[71.39952,29.38525],[71.42152,29.38817],[71.4313,29.39167],[71.44287,29.39308],[71.45856,29.38553],[71.46784,29.37737],[71.46903,29.3747],[71.46427,29.37079],[71.46499,29.36629],[71.48318,29.35206],[71.49083,29.35655],[71.49139,29.36188],[71.48785,29.36748],[71.48926,29.37008],[71.49984,29.37847],[71.51175,29.38175],[71.5213,29.39264],[71.52466,29.42272],[71.53221,29.42275],[71.55707,29.41167],[71.55203,29.39544],[71.56307,29.39656],[71.57051,29.40439],[71.58303,29.40777],[71.59102,29.41412],[71.59496,29.42409],[71.59825,29.42665],[71.60262,29.42601],[71.61435,29.41648],[71.62527,29.41361],[71.62641,29.4151],[71.62626,29.42702],[71.62901,29.43571],[71.63409,29.44379],[71.64249,29.45158],[71.65518,29.45417],[71.6769,29.45586],[71.69231,29.4464],[71.69753,29.45591],[71.70521,29.46168],[71.71113,29.46375],[71.71701,29.46197],[71.71644,29.45717],[71.71773,29.45409],[71.72139,29.4555],[71.74285,29.48351],[71.74317,29.50036],[71.74941,29.50596],[71.76114,29.50723],[71.76925,29.50461],[71.78769,29.48134],[71.79361,29.47604],[71.79939,29.47558],[71.82081,29.48302],[71.8274,29.48704],[71.83203,29.49251],[71.83874,29.50905],[71.84771,29.51697],[71.87446,29.52487],[71.87962,29.52371],[71.8826,29.51933],[71.87849,29.49987],[71.88188,29.4973],[71.89299,29.49578],[71.89694,29.50038],[71.89403,29.50176],[71.89303,29.50483],[71.89849,29.52787],[71.90862,29.52833],[71.91091,29.5301],[71.91895,29.52534],[71.92388,29.51431],[71.92499,29.47733],[71.92808,29.47568],[71.93387,29.47902],[71.9349,29.50205],[71.94105,29.51581],[71.96132,29.49148],[71.97303,29.4944],[71.97254,29.49986],[71.96973,29.50299],[71.94178,29.52301],[71.94199,29.53239],[71.93898,29.54231],[71.94311,29.54654],[71.94752,29.54665],[71.95523,29.54355],[71.96086,29.54749],[71.96525,29.54653],[71.96743,29.54516],[71.96962,29.53668],[71.97032,29.53861],[71.97677,29.54018],[71.98091,29.54412],[71.99221,29.54546],[71.99236,29.53778],[71.9957,29.53474],[71.9982,29.52651],[72.00101,29.52649],[72.00058,29.52306],[72.00516,29.52083],[72.01219,29.52005],[72.01595,29.52088],[72.01577,29.53008],[72.02175,29.53004],[72.02624,29.52327],[72.03087,29.52745],[72.03408,29.54082],[72.03679,29.54364],[72.03527,29.55067],[72.04167,29.5507],[72.04178,29.54571],[72.05428,29.55442],[72.05301,29.53946],[72.05597,29.53945],[72.06028,29.53616],[72.06636,29.53559],[72.06641,29.53191],[72.07767,29.52419],[72.08311,29.52435],[72.08247,29.52757],[72.08628,29.52531],[72.09451,29.52623],[72.09749,29.52984],[72.09932,29.52798],[72.10182,29.53147],[72.10177,29.54246],[72.10569,29.53451],[72.10769,29.53908],[72.10675,29.55355],[72.10273,29.56749],[72.11688,29.57796],[72.12775,29.58081],[72.13289,29.57984],[72.133,29.5834],[72.14806,29.58539],[72.15084,29.58853],[72.15329,29.58872],[72.15534,29.58569],[72.15981,29.587],[72.16298,29.59394],[72.1709,29.60062],[72.17648,29.60325],[72.1879,29.61387],[72.19278,29.61512],[72.19496,29.61911],[72.19173,29.62033],[72.1934,29.62537],[72.18721,29.63262],[72.18821,29.64388],[72.19319,29.64169],[72.2099,29.64498],[72.21233,29.65198],[72.20706,29.66468],[72.21689,29.66482],[72.21388,29.67621],[72.21828,29.69198],[72.21857,29.70802],[72.22545,29.70838],[72.23544,29.70308],[72.24647,29.7046],[72.2517,29.70234],[72.26037,29.70617],[72.26703,29.70552],[72.2737,29.71067],[72.27837,29.7228],[72.27405,29.72185],[72.26754,29.72894],[72.26291,29.73021],[72.25913,29.73665],[72.2584,29.74544],[72.23607,29.76072],[72.23605,29.76752],[72.2415,29.76914],[72.25251,29.76887],[72.25445,29.78172],[72.25804,29.7828],[72.25857,29.79011],[72.25352,29.79173],[72.25204,29.79513],[72.2528,29.79708],[72.25957,29.79558],[72.2716,29.81809],[72.27926,29.82025],[72.28681,29.81425],[72.29747,29.81175],[72.30175,29.80833],[72.3081,29.80746],[72.31137,29.81397],[72.31504,29.8149],[72.31777,29.82011],[72.32599,29.82006],[72.32614,29.8172],[72.33078,29.81572],[72.33369,29.80819],[72.33653,29.81269],[72.33923,29.82835],[72.35323,29.84223],[72.35868,29.8407],[72.36033,29.84417],[72.36006,29.84817],[72.35839,29.84935],[72.35905,29.85223],[72.36577,29.84979],[72.37541,29.85478],[72.39959,29.84409],[72.39924,29.85117],[72.408,29.86795],[72.41565,29.87104],[72.4147,29.87288],[72.42115,29.87408],[72.42405,29.86868],[72.43086,29.8646],[72.43269,29.86013],[72.4559,29.84727]]]]}},{"type":"Feature","properties":{"name":"Bhakkar"},"geometry":{"type":"MultiPolygon","coordinates":[[[[71.21752,32.20544],[71.22614,32.20146],[71.24498,32.19908],[71.25805,32.19525],[71.30933,32.17492],[71.3103,32.17583],[71.32549,32.16618],[71.34896,32.20662],[71.35763,32.20014],[71.41285,32.19911],[71.40976,32.19343],[71.42859,32.18825],[71.44308,32.18871],[71.44726,32.18659],[71.45147,32.18153],[71.45553,32.18153],[71.45553,32.18296],[71.4631,32.18267],[71.4631,32.18388],[71.46674,32.18388],[71.46674,32.18517],[71.47024,32.18517],[71.47031,32.1866],[71.47738,32.1866],[71.47738,32.18767],[71.48123,32.1876],[71.48138,32.18895],[71.48495,32.18888],[71.48502,32.19288],[71.48851,32.19288],[71.48873,32.19681],[71.49201,32.19688],[71.49208,32.20037],[71.49587,32.20037],[71.49587,32.20402],[71.49972,32.20437],[71.49972,32.20708],[71.50258,32.20687],[71.50265,32.21137],[71.556,32.2113],[71.5565,32.21274],[71.56503,32.21275],[71.56441,32.21071],[71.56635,32.21059],[71.56628,32.2079],[71.56159,32.20781],[71.56107,32.20294],[71.56441,32.20296],[71.56442,32.20071],[71.57215,32.1959],[71.57217,32.19376],[71.57432,32.19455],[71.58078,32.19069],[71.58497,32.19074],[71.58502,32.18789],[71.59723,32.18029],[71.63611,32.17995],[71.63609,32.18212],[71.69888,32.18729],[71.69515,32.19072],[71.69853,32.19178],[71.73687,32.1947],[71.7591,32.15875],[71.75872,32.12658],[71.75253,32.12677],[71.75277,32.08809],[71.75962,32.08822],[71.75954,32.07519],[71.76297,32.06746],[71.76307,32.06369],[71.75589,32.06154],[71.75223,32.05787],[71.75234,32.04912],[71.74881,32.04924],[71.74879,32.04358],[71.73385,32.04735],[71.73393,32.03304],[71.72758,32.03233],[71.72681,32.0248],[71.7196,32.02473],[71.71953,32.0192],[71.71247,32.01937],[71.71264,32.01384],[71.6984,32.01405],[71.69843,32.00983],[71.70549,32.00034],[71.70546,31.98957],[71.70758,31.98613],[71.70898,31.9736],[71.70813,31.95463],[71.70343,31.95444],[71.69946,31.95024],[71.69947,31.94698],[71.69636,31.94695],[71.60984,31.85529],[71.6306,31.84154],[71.63756,31.84769],[71.65035,31.83847],[71.67023,31.83193],[71.66811,31.828],[71.71025,31.8077],[71.71809,31.79894],[71.72444,31.78911],[71.72499,31.77283],[71.72914,31.77285],[71.74404,31.68682],[71.7526,31.67588],[71.76879,31.68076],[71.85958,31.60854],[71.95565,31.53834],[71.97684,31.53376],[71.98715,31.52933],[71.96309,31.49614],[71.95552,31.48891],[71.95467,31.48583],[71.9606,31.4781],[71.95979,31.47226],[71.97501,31.46834],[71.97523,31.39578],[71.9789,31.39568],[71.97871,31.38688],[71.98266,31.38697],[71.9823,31.33441],[71.98594,31.33443],[71.98594,31.33151],[71.98229,31.3315],[71.98227,31.31983],[71.97981,31.31979],[71.97758,31.26577],[71.96899,31.26571],[71.96895,31.25791],[71.94239,31.25876],[71.91491,31.27032],[71.84042,31.2671],[71.84007,31.26088],[71.77167,31.23921],[71.76159,31.22116],[71.75411,31.19724],[71.75639,31.18251],[71.73498,31.19571],[71.67894,31.1925],[71.66359,31.20107],[71.62523,31.23367],[71.60422,31.24449],[71.58992,31.25565],[71.58564,31.25461],[71.56947,31.25706],[71.55128,31.26264],[71.53,31.26365],[71.50442,31.24878],[71.49656,31.24092],[71.48561,31.227],[71.48121,31.21505],[71.45881,31.18854],[71.42805,31.17145],[71.41358,31.17279],[71.41072,31.17619],[71.33781,31.17309],[71.33573,31.17146],[71.3125,31.1703],[71.31253,31.16215],[71.30438,31.1621],[71.30341,31.19751],[71.30155,31.19753],[71.30104,31.2112],[71.29911,31.21118],[71.29904,31.22208],[71.29647,31.2234],[71.29826,31.24655],[71.3011,31.24656],[71.30106,31.25744],[71.30249,31.25743],[71.30251,31.26017],[71.28841,31.26012],[71.28842,31.26554],[71.25243,31.26549],[71.25244,31.26869],[71.24875,31.27252],[71.24876,31.27636],[71.2468,31.27638],[71.24675,31.2872],[71.24189,31.28724],[71.24185,31.29268],[71.2377,31.29271],[71.23847,31.29429],[71.23551,31.29482],[71.23544,31.29811],[71.22484,31.29804],[71.22209,31.30086],[71.21784,31.3008],[71.21927,31.30897],[71.21783,31.32903],[71.18857,31.3438],[71.18466,31.34706],[71.19587,31.34704],[71.19587,31.34968],[71.19096,31.34977],[71.19096,31.35241],[71.1895,31.35242],[71.18953,31.35517],[71.19236,31.35513],[71.1938,31.36771],[71.15419,31.36535],[71.15217,31.36743],[71.13107,31.3698],[71.12891,31.37123],[71.12249,31.36549],[71.12179,31.36861],[71.11825,31.36856],[71.11824,31.37014],[71.11615,31.3702],[71.11472,31.37348],[71.10478,31.38325],[71.08792,31.38164],[71.08798,31.37393],[71.07581,31.37387],[71.07681,31.3793],[71.01047,31.37937],[71.00657,31.37823],[71.00107,31.37921],[71.0001,31.38496],[70.9975,31.38204],[70.98515,31.37805],[70.97437,31.3762],[70.97168,31.3796],[70.96288,31.37938],[70.96241,31.37684],[70.95646,31.37472],[70.93743,31.38435],[70.93564,31.38844],[70.93197,31.38994],[70.92464,31.38929],[70.92342,31.39094],[70.91888,31.39102],[70.91684,31.39265],[70.9062,31.39077],[70.89996,31.39289],[70.89571,31.39251],[70.89008,31.39517],[70.88677,31.39441],[70.88631,31.39164],[70.8837,31.39188],[70.88122,31.38907],[70.87849,31.38827],[70.87616,31.39039],[70.8754,31.38747],[70.87155,31.3875],[70.87155,31.38491],[70.86839,31.38495],[70.86367,31.38192],[70.85375,31.38146],[70.85291,31.37893],[70.84267,31.37808],[70.83914,31.37525],[70.8278,31.37386],[70.82853,31.38519],[70.83082,31.38854],[70.82894,31.41327],[70.83224,31.41823],[70.82932,31.41922],[70.83017,31.42224],[70.82848,31.42634],[70.83269,31.429],[70.83781,31.42606],[70.84009,31.42861],[70.85632,31.42774],[70.85773,31.42982],[70.86285,31.42961],[70.86451,31.43169],[70.87266,31.4306],[70.87394,31.43344],[70.87258,31.43378],[70.87739,31.44513],[70.8776,31.45743],[70.8749,31.46508],[70.88038,31.48744],[70.85825,31.49916],[70.86016,31.5041],[70.87312,31.51731],[70.88353,31.51719],[70.88407,31.52195],[70.87673,31.52406],[70.87266,31.539],[70.85932,31.54336],[70.86259,31.56886],[70.87986,31.5827],[70.88049,31.59228],[70.87911,31.59966],[70.87132,31.61587],[70.86994,31.62752],[70.87216,31.64322],[70.87097,31.65026],[70.87948,31.66622],[70.8822,31.67549],[70.88348,31.67728],[70.88811,31.67603],[70.88767,31.67851],[70.89431,31.68801],[70.90009,31.69072],[70.90951,31.69001],[70.91673,31.69934],[70.91413,31.70078],[70.96298,31.74964],[70.96657,31.74832],[70.97354,31.76617],[70.97346,31.77239],[70.97921,31.77218],[70.98143,31.77645],[70.97961,31.77716],[70.98428,31.78415],[70.9864,31.78323],[70.98764,31.78522],[70.99423,31.78453],[70.99419,31.79014],[70.99705,31.79017],[70.99907,31.79491],[70.98697,31.79579],[70.99181,31.80701],[70.99144,31.81338],[70.9962,31.81342],[70.99787,31.81632],[70.99601,31.81833],[70.99602,31.81947],[70.99817,31.81899],[70.99851,31.82243],[70.99619,31.82393],[70.99802,31.82873],[71.00744,31.84508],[71.02279,31.8787],[71.04399,31.88013],[71.04503,31.90808],[71.04813,31.90825],[71.0488,31.90977],[71.04856,31.93473],[71.05149,31.93479],[71.04948,31.93687],[71.04908,31.94149],[71.05078,31.94127],[71.05216,31.94385],[71.05802,31.95652],[71.0578,31.95962],[71.06001,31.9614],[71.06332,31.96141],[71.06334,31.96439],[71.06697,31.96443],[71.06861,31.97701],[71.0679,32.01349],[71.0816,32.03497],[71.09053,32.04264],[71.10025,32.04799],[71.11024,32.07597],[71.11417,32.10672],[71.11908,32.1092],[71.11659,32.11444],[71.11619,32.12151],[71.10927,32.12225],[71.11146,32.13026],[71.1075,32.13074],[71.10747,32.1474],[71.12126,32.16108],[71.15373,32.15575],[71.16091,32.17102],[71.17806,32.19675],[71.17932,32.2034],[71.18889,32.2132],[71.189,32.21685],[71.20353,32.21104],[71.20345,32.20829],[71.21752,32.20544]]]]}},{"type":"Feature","properties":{"name":"Chakwal"},"geometry":{"type":"MultiPolygon","coordinates":[[[[72.56252,33.21311],[72.57298,33.2098],[72.58554,33.19942],[72.58951,33.19546],[72.58638,33.19327],[72.58601,33.18918],[72.58848,33.18758],[72.59122,33.18724],[72.59372,33.19126],[72.5985,33.19224],[72.60009,33.19663],[72.60251,33.19548],[72.60376,33.1919],[72.62037,33.18444],[72.63551,33.18978],[72.64242,33.19479],[72.64567,33.19479],[72.64705,33.19728],[72.65127,33.19933],[72.65636,33.20912],[72.66203,33.2125],[72.66934,33.20682],[72.67648,33.20563],[72.68157,33.20794],[72.68372,33.21079],[72.68812,33.20773],[72.69778,33.20665],[72.71007,33.21269],[72.72053,33.20258],[72.72273,33.1992],[72.72305,33.19303],[72.73912,33.19234],[72.74725,33.18884],[72.75508,33.18873],[72.75599,33.18632],[72.75948,33.18863],[72.76791,33.1894],[72.77343,33.18278],[72.78631,33.17747],[72.79912,33.16704],[72.80963,33.16436],[72.81201,33.1589],[72.82081,33.15933],[72.82767,33.15681],[72.82918,33.16051],[72.82757,33.16336],[72.83003,33.16553],[72.84742,33.16336],[72.84872,33.1602],[72.85169,33.15993],[72.85493,33.16014],[72.86277,33.16634],[72.86394,33.1648],[72.86781,33.16486],[72.87703,33.16824],[72.87918,33.16371],[72.88142,33.16467],[72.8843,33.1606],[72.89765,33.16704],[72.9254,33.16939],[72.92806,33.16576],[72.93394,33.14515],[72.93394,33.14283],[72.93015,33.13981],[72.93574,33.13123],[72.94158,33.12793],[72.94607,33.12247],[72.94603,33.11947],[72.94936,33.11479],[72.95235,33.11454],[72.9524,33.11234],[72.95419,33.11149],[72.9577,33.1147],[72.96112,33.11552],[72.97636,33.10785],[72.98335,33.11214],[72.98716,33.11159],[72.9994,33.10359],[73.00902,33.10838],[73.01488,33.10527],[73.0222,33.10021],[73.01823,33.09742],[73.01837,33.09393],[73.02203,33.09219],[73.02588,33.08694],[73.02419,33.07029],[73.02587,33.06645],[73.02919,33.06488],[73.03542,33.06442],[73.04441,33.0665],[73.06963,33.07882],[73.08439,33.09777],[73.08595,33.10525],[73.10372,33.10595],[73.10344,33.08542],[73.11261,33.07589],[73.1174,33.07408],[73.12371,33.07468],[73.12651,33.07657],[73.1313,33.09434],[73.13388,33.09633],[73.13689,33.09242],[73.14023,33.09179],[73.14527,33.0949],[73.16699,33.09588],[73.18391,33.09862],[73.19281,33.09817],[73.1986,33.09439],[73.20339,33.09792],[73.20582,33.0979],[73.21026,33.09275],[73.20372,33.0883],[73.1942,33.07737],[73.19413,33.07015],[73.1909,33.06797],[73.18878,33.05596],[73.18287,33.04716],[73.1818,33.04029],[73.18699,33.03615],[73.17401,33.02285],[73.17914,33.02116],[73.1791,33.00767],[73.18117,33.00487],[73.18288,33.00635],[73.22074,32.98519],[73.21744,32.96245],[73.21183,32.95808],[73.21311,32.95339],[73.19521,32.93931],[73.18003,32.94189],[73.18535,32.93204],[73.18076,32.92729],[73.18187,32.92464],[73.18096,32.92208],[73.178,32.91898],[73.17511,32.92014],[73.16503,32.91451],[73.16347,32.91312],[73.16382,32.91023],[73.15317,32.90219],[73.15345,32.8994],[73.15535,32.89904],[73.15411,32.8922],[73.15672,32.88869],[73.15458,32.87334],[73.14816,32.86311],[73.11615,32.83456],[73.11606,32.83081],[73.12164,32.83147],[73.12262,32.82488],[73.12452,32.82226],[73.13028,32.82045],[73.16659,32.82003],[73.21639,32.81669],[73.22389,32.81284],[73.22803,32.80699],[73.22931,32.79628],[73.231,32.79342],[73.23375,32.79145],[73.24682,32.7948],[73.25017,32.77103],[73.25552,32.75618],[73.26368,32.74244],[73.25835,32.73821],[73.25384,32.73844],[73.25202,32.73632],[73.24946,32.73677],[73.24883,32.7353],[73.24605,32.73657],[73.24045,32.73391],[73.24297,32.73242],[73.2398,32.73223],[73.23814,32.72767],[73.23272,32.72691],[73.23059,32.72188],[73.22454,32.71943],[73.22517,32.71731],[73.22282,32.71618],[73.22255,32.71044],[73.21522,32.70768],[73.20949,32.70335],[73.2012,32.7142],[73.18852,32.71472],[73.17595,32.71989],[73.17516,32.7215],[73.1663,32.72295],[73.16513,32.72666],[73.15888,32.72596],[73.15382,32.72804],[73.15091,32.72675],[73.14624,32.72842],[73.14661,32.723],[73.14428,32.71901],[73.14597,32.71839],[73.14665,32.71367],[73.14061,32.71261],[73.13849,32.715],[73.13326,32.71364],[73.13134,32.7102],[73.13138,32.69944],[73.12395,32.69163],[73.10967,32.69018],[73.1024,32.69588],[73.09797,32.69067],[73.08837,32.69137],[73.08792,32.68833],[73.07603,32.68181],[73.07559,32.67889],[73.07882,32.67387],[73.07605,32.66956],[73.07599,32.66018],[73.0723,32.65406],[73.06639,32.65022],[73.06396,32.65208],[73.06153,32.66037],[73.05956,32.65931],[73.05684,32.66119],[73.05053,32.66237],[73.04358,32.66156],[73.0419,32.66336],[73.0394,32.66333],[73.03493,32.66816],[73.03522,32.67051],[73.03182,32.67262],[73.03366,32.67425],[73.03167,32.67752],[73.02696,32.67464],[73.0181,32.6773],[73.02049,32.6835],[73.01696,32.68672],[73.01672,32.69312],[73.01238,32.69185],[73.01134,32.693],[73.01032,32.69865],[72.99625,32.68677],[72.99593,32.68286],[72.99931,32.68176],[72.98468,32.6777],[72.97583,32.6778],[72.97535,32.67394],[72.97758,32.67268],[72.97383,32.67158],[72.97719,32.66882],[72.96987,32.66465],[72.97104,32.66067],[72.96743,32.65927],[72.97021,32.65438],[72.96208,32.65126],[72.95888,32.64792],[72.95197,32.65048],[72.94679,32.65037],[72.93494,32.65552],[72.9148,32.65632],[72.91669,32.65085],[72.91604,32.63327],[72.90684,32.63609],[72.90313,32.63294],[72.88991,32.632],[72.87884,32.63351],[72.87434,32.63647],[72.87267,32.63433],[72.8677,32.63754],[72.86226,32.63602],[72.85584,32.63729],[72.84655,32.63661],[72.83406,32.63995],[72.82997,32.63912],[72.82916,32.63486],[72.82771,32.63216],[72.82667,32.6326],[72.82701,32.63019],[72.81008,32.62917],[72.81003,32.6272],[72.80272,32.62715],[72.80105,32.62479],[72.79601,32.62526],[72.79503,32.63117],[72.79006,32.63656],[72.78443,32.63659],[72.78113,32.64075],[72.77002,32.64216],[72.76572,32.64162],[72.76549,32.63949],[72.75949,32.64494],[72.75486,32.64577],[72.74763,32.64987],[72.7444,32.64799],[72.74313,32.65084],[72.73953,32.65195],[72.73707,32.64894],[72.7437,32.63417],[72.74422,32.62651],[72.73444,32.62401],[72.71634,32.61158],[72.7167,32.59816],[72.71441,32.5926],[72.70959,32.59118],[72.7074,32.58439],[72.70191,32.57899],[72.69099,32.57246],[72.68139,32.5817],[72.67237,32.58039],[72.6673,32.58135],[72.66754,32.58457],[72.66542,32.58679],[72.66713,32.58817],[72.66696,32.59279],[72.66365,32.59279],[72.66047,32.59597],[72.6573,32.59602],[72.64985,32.60322],[72.64864,32.60034],[72.63476,32.58987],[72.62874,32.59179],[72.62937,32.58628],[72.62573,32.57643],[72.62197,32.5788],[72.61537,32.57978],[72.60492,32.57804],[72.60496,32.58117],[72.60128,32.58119],[72.60129,32.58623],[72.59646,32.58619],[72.59201,32.59195],[72.58662,32.59371],[72.58003,32.5935],[72.57452,32.59572],[72.56912,32.59449],[72.55489,32.59874],[72.55151,32.60371],[72.54364,32.60809],[72.55066,32.61801],[72.53762,32.62396],[72.53944,32.62625],[72.53114,32.63114],[72.53074,32.63271],[72.53155,32.64302],[72.53321,32.64446],[72.53212,32.64557],[72.54314,32.65689],[72.54259,32.65977],[72.53362,32.65445],[72.52843,32.65478],[72.51842,32.65882],[72.51405,32.65485],[72.51302,32.65127],[72.51017,32.6507],[72.50439,32.65372],[72.50189,32.65272],[72.50686,32.66278],[72.50983,32.66457],[72.50786,32.66544],[72.51663,32.67474],[72.52037,32.68261],[72.53083,32.6882],[72.53758,32.69491],[72.52993,32.69482],[72.52357,32.69863],[72.51784,32.72218],[72.51148,32.73491],[72.49175,32.73745],[72.49112,32.74636],[72.49239,32.74827],[72.49939,32.7489],[72.50389,32.75167],[72.50222,32.76902],[72.48526,32.77462],[72.48092,32.77803],[72.47968,32.7833],[72.48061,32.80159],[72.49332,32.81988],[72.49239,32.83662],[72.49766,32.84437],[72.50444,32.84801],[72.50543,32.85147],[72.50634,32.85897],[72.49637,32.86655],[72.49505,32.87529],[72.50107,32.89127],[72.49876,32.90405],[72.503,32.9073],[72.50572,32.91447],[72.51356,32.91238],[72.51675,32.91576],[72.51354,32.92328],[72.51247,32.93488],[72.51032,32.93787],[72.50759,32.94971],[72.51058,32.9532],[72.51476,32.95469],[72.51765,32.96007],[72.51506,32.96395],[72.51018,32.96723],[72.50261,32.96365],[72.49803,32.96415],[72.49604,32.96674],[72.49545,32.97828],[72.50454,32.98797],[72.5062,32.99185],[72.51017,32.99333],[72.51253,32.99768],[72.50666,33.00275],[72.50408,33.00876],[72.49816,33.01236],[72.49484,33.01984],[72.49114,33.024],[72.49022,33.03028],[72.48403,33.04063],[72.48375,33.04257],[72.48771,33.04899],[72.48745,33.05125],[72.48477,33.05162],[72.48458,33.05291],[72.48606,33.05587],[72.49151,33.0592],[72.4965,33.05587],[72.50214,33.06049],[72.50195,33.06428],[72.50934,33.06917],[72.51156,33.07351],[72.51599,33.0761],[72.51996,33.08682],[72.51802,33.09365],[72.49539,33.10843],[72.49003,33.10963],[72.48791,33.11564],[72.48819,33.1197],[72.48514,33.12238],[72.48569,33.12704],[72.488,33.12737],[72.48892,33.13134],[72.488,33.13615],[72.48366,33.13818],[72.48311,33.1404],[72.49207,33.14151],[72.48521,33.15245],[72.49956,33.15836],[72.50064,33.16339],[72.50337,33.16356],[72.50468,33.16618],[72.50234,33.16764],[72.50444,33.17024],[72.50168,33.17252],[72.50358,33.17456],[72.50909,33.17543],[72.50437,33.17956],[72.50529,33.18429],[72.50367,33.1854],[72.51939,33.20157],[72.52272,33.20361],[72.53153,33.204],[72.53598,33.20763],[72.53653,33.21027],[72.54063,33.21229],[72.56252,33.21311]]]]}},{"type":"Feature","properties":{"name":"Chiniot"},"geometry":{"type":"MultiPolygon","coordinates":[[[[72.94709,31.99217],[72.94858,31.99273],[72.95193,31.98971],[72.9539,31.98564],[72.955,31.97605],[72.96922,31.96696],[72.9834,31.96807],[72.98863,31.97356],[72.99274,31.97517],[72.99988,31.97053],[73.02284,31.96408],[73.02315,31.95977],[73.02732,31.95904],[73.03088,31.95609],[73.03181,31.95185],[73.04086,31.94631],[73.03965,31.94482],[73.04045,31.94283],[73.04237,31.94614],[73.04703,31.94502],[73.05391,31.94754],[73.06552,31.93896],[73.08889,31.93647],[73.093,31.94051],[73.10166,31.94301],[73.10513,31.93311],[73.11063,31.93236],[73.11426,31.93397],[73.1195,31.92993],[73.12762,31.92949],[73.13205,31.9254],[73.14123,31.92489],[73.147,31.92046],[73.1464,31.90856],[73.14762,31.90561],[73.15148,31.90446],[73.17527,31.90668],[73.17557,31.90214],[73.16071,31.89031],[73.15745,31.87465],[73.14599,31.85503],[73.1518,31.85101],[73.14581,31.84602],[73.14964,31.84151],[73.14838,31.8389],[73.15483,31.83604],[73.16008,31.83773],[73.16926,31.834],[73.17223,31.82974],[73.17148,31.82513],[73.17502,31.82257],[73.18244,31.82286],[73.19173,31.81917],[73.19116,31.81117],[73.19447,31.8104],[73.19978,31.79818],[73.2085,31.78983],[73.19395,31.77853],[73.1165,31.70599],[73.05756,31.60123],[73.05061,31.59162],[73.04184,31.58592],[73.01038,31.57148],[72.94717,31.55129],[72.85896,31.49147],[72.85231,31.4685],[72.82356,31.41702],[72.82453,31.41679],[72.80157,31.3929],[72.7989,31.38808],[72.79806,31.38874],[72.79511,31.37193],[72.76428,31.37206],[72.75263,31.37363],[72.73943,31.36073],[72.73413,31.36472],[72.72484,31.35564],[72.72197,31.35887],[72.71546,31.36125],[72.70154,31.36291],[72.69402,31.36674],[72.69035,31.36607],[72.68913,31.37042],[72.6866,31.36933],[72.68459,31.37166],[72.68117,31.37011],[72.67593,31.37128],[72.67314,31.37259],[72.67647,31.37387],[72.6753,31.37608],[72.66852,31.37526],[72.66637,31.37657],[72.66141,31.38672],[72.65629,31.38543],[72.65465,31.38964],[72.65298,31.38951],[72.65709,31.39532],[72.6318,31.4086],[72.62932,31.41476],[72.62184,31.41515],[72.61802,31.41857],[72.61807,31.42017],[72.61241,31.42031],[72.61265,31.427],[72.60961,31.4281],[72.62062,31.4396],[72.6134,31.44493],[72.61365,31.4506],[72.61008,31.45071],[72.61201,31.45321],[72.61135,31.45617],[72.60788,31.4556],[72.60721,31.45854],[72.59332,31.45629],[72.59201,31.46238],[72.56717,31.4582],[72.56497,31.45569],[72.5588,31.45812],[72.55868,31.46317],[72.54291,31.47951],[72.54365,31.48102],[72.53712,31.48187],[72.5326,31.4912],[72.5294,31.49316],[72.52912,31.50313],[72.52532,31.50465],[72.52232,31.51226],[72.51382,31.51208],[72.49353,31.52519],[72.48026,31.53022],[72.4754,31.53465],[72.4765,31.53655],[72.47379,31.54378],[72.45958,31.5468],[72.45744,31.54985],[72.45426,31.55048],[72.45395,31.55956],[72.4491,31.55959],[72.44809,31.56938],[72.4453,31.56935],[72.44797,31.57664],[72.44623,31.57777],[72.45056,31.58256],[72.43288,31.59556],[72.4374,31.6002],[72.42525,31.60813],[72.42806,31.61233],[72.42326,31.61551],[72.4226,31.6182],[72.42414,31.62091],[72.42175,31.6271],[72.42231,31.62976],[72.42061,31.6309],[72.42251,31.63297],[72.42666,31.64805],[72.42363,31.65608],[72.42658,31.66736],[72.4253,31.67613],[72.42321,31.67955],[72.43187,31.68048],[72.44331,31.6787],[72.45193,31.68139],[72.4628,31.69099],[72.4605,31.69537],[72.46586,31.70161],[72.47651,31.70239],[72.48387,31.69987],[72.48985,31.70666],[72.48736,31.70864],[72.48905,31.71101],[72.48371,31.71468],[72.48469,31.71601],[72.48907,31.7208],[72.49521,31.71681],[72.50321,31.72284],[72.50281,31.73123],[72.49983,31.73733],[72.50115,31.74388],[72.51162,31.74984],[72.51518,31.75389],[72.53327,31.74442],[72.536,31.74908],[72.54389,31.75428],[72.54169,31.75732],[72.54249,31.75819],[72.53897,31.76145],[72.53849,31.76624],[72.54723,31.7802],[72.56434,31.78156],[72.57412,31.77726],[72.57641,31.78276],[72.57801,31.78242],[72.58526,31.78771],[72.59476,31.78886],[72.60008,31.78719],[72.60464,31.79005],[72.60769,31.78762],[72.61972,31.79196],[72.62078,31.79414],[72.62605,31.79277],[72.64358,31.79722],[72.65461,31.79705],[72.66168,31.79222],[72.68048,31.80414],[72.69261,31.82011],[72.69467,31.81872],[72.70803,31.8239],[72.72084,31.81293],[72.72057,31.81849],[72.72505,31.82325],[72.72846,31.82403],[72.73221,31.82822],[72.73512,31.82639],[72.74154,31.83367],[72.7449,31.83146],[72.75009,31.83725],[72.75236,31.8358],[72.76007,31.84452],[72.76317,31.84244],[72.76873,31.84741],[72.77094,31.84644],[72.77234,31.84799],[72.77515,31.84627],[72.77733,31.84855],[72.78017,31.84679],[72.78226,31.84913],[72.78512,31.84724],[72.78935,31.85211],[72.79226,31.85023],[72.79436,31.85263],[72.79721,31.85076],[72.80147,31.85556],[72.80431,31.85373],[72.80641,31.85612],[72.82771,31.84227],[72.82546,31.83465],[72.83948,31.84206],[72.83605,31.84433],[72.83861,31.8473],[72.83585,31.84923],[72.84402,31.85822],[72.84126,31.86006],[72.85629,31.87679],[72.85914,31.87504],[72.86337,31.87969],[72.86625,31.87797],[72.87042,31.88265],[72.87336,31.88094],[72.87775,31.88552],[72.88056,31.88377],[72.88282,31.88618],[72.88556,31.88444],[72.88208,31.88049],[72.88682,31.87587],[72.88475,31.8735],[72.89276,31.86812],[72.89089,31.86559],[72.89757,31.86126],[72.89607,31.85452],[72.90224,31.84984],[72.9199,31.85873],[72.93563,31.85974],[72.94349,31.86181],[72.94762,31.85899],[72.94766,31.8561],[72.94493,31.85307],[72.94773,31.85127],[72.94531,31.84883],[72.94627,31.84193],[72.94891,31.8444],[72.95108,31.84295],[72.95666,31.84923],[72.95953,31.84734],[72.96167,31.84979],[72.96329,31.84872],[72.96543,31.85033],[72.96454,31.85092],[72.96714,31.8538],[72.96691,31.85557],[72.96073,31.86359],[72.96754,31.87106],[72.9705,31.86894],[72.9735,31.87247],[72.97524,31.87237],[72.97682,31.87412],[72.97465,31.87547],[72.97664,31.87794],[72.97232,31.88034],[72.97722,31.8816],[72.96805,31.88877],[72.96042,31.89246],[72.95583,31.88791],[72.93237,31.90407],[72.92276,31.89703],[72.88475,31.92313],[72.89119,31.93024],[72.89405,31.92841],[72.89619,31.93078],[72.89339,31.93266],[72.89987,31.93988],[72.90555,31.93618],[72.90773,31.93856],[72.91052,31.93674],[72.91211,31.93842],[72.91485,31.93695],[72.91742,31.93977],[72.92305,31.93599],[72.92484,31.93796],[72.92772,31.94288],[72.92912,31.95116],[72.93097,31.94992],[72.93213,31.9508],[72.94381,31.9636],[72.93594,31.96879],[72.93947,31.97277],[72.93743,31.97631],[72.93979,31.97925],[72.93672,31.9813],[72.93914,31.98428],[72.93742,31.98539],[72.93959,31.98779],[72.93685,31.98961],[72.9453,31.99321],[72.94709,31.99217]]]]}},{"type":"Feature","properties":{"name":"DG Khan"},"geometry":{"type":"MultiPolygon","coordinates":[[[[70.72374,30.50712],[70.72889,30.50703],[70.72799,30.4955],[70.7295,30.49544],[70.73045,30.48814],[70.72772,30.48806],[70.72799,30.49123],[70.71842,30.49025],[70.71906,30.48668],[70.71197,30.48554],[70.7117,30.48377],[70.71426,30.48202],[70.72537,30.48135],[70.72524,30.4796],[70.72805,30.47918],[70.72745,30.48296],[70.73097,30.48327],[70.73421,30.48266],[70.73397,30.48022],[70.73786,30.48004],[70.73932,30.48492],[70.74276,30.48493],[70.74274,30.48874],[70.74466,30.49107],[70.7611,30.49122],[70.76589,30.48943],[70.76787,30.49291],[70.77584,30.49669],[70.76751,30.47989],[70.76826,30.4669],[70.77388,30.46868],[70.78244,30.49187],[70.79719,30.49578],[70.80656,30.49541],[70.81345,30.45744],[70.82631,30.45328],[70.83105,30.45456],[70.8306,30.44899],[70.84184,30.44986],[70.84127,30.414],[70.82953,30.4116],[70.78919,30.41106],[70.7871,30.4069],[70.79407,30.39668],[70.79599,30.38742],[70.79359,30.37457],[70.78671,30.3734],[70.78429,30.36432],[70.77485,30.3667],[70.77257,30.35222],[70.79469,30.34879],[70.7908,30.34713],[70.79022,30.3452],[70.79147,30.33346],[70.78766,30.33218],[70.78677,30.32176],[70.80487,30.32228],[70.8025,30.29677],[70.7924,30.29378],[70.79642,30.28567],[70.78637,30.26631],[70.79616,30.24928],[70.79884,30.24124],[70.79835,30.2213],[70.79326,30.20723],[70.79679,30.20494],[70.79353,30.19812],[70.79487,30.19557],[70.8009,30.19302],[70.80092,30.19059],[70.80612,30.19061],[70.81005,30.18806],[70.81028,30.18039],[70.8059,30.17235],[70.80586,30.16354],[70.81447,30.1681],[70.82089,30.16883],[70.82904,30.14665],[70.83969,30.14997],[70.83541,30.12584],[70.82797,30.11542],[70.82489,30.10831],[70.83513,30.09441],[70.84006,30.0845],[70.84166,30.07689],[70.835,30.07395],[70.83446,30.07084],[70.83792,30.06152],[70.84602,30.06162],[70.85753,30.05604],[70.85592,30.05056],[70.85994,30.04564],[70.85856,30.03634],[70.86,30.03504],[70.85874,30.03263],[70.85075,30.0329],[70.84047,30.03699],[70.84149,30.03334],[70.83963,30.03056],[70.84051,30.02412],[70.84445,30.02134],[70.85043,30.011],[70.8482,29.99815],[70.85094,29.99644],[70.86056,29.99964],[70.85892,29.97862],[70.84368,29.95168],[70.8642,29.94252],[70.86178,29.93614],[70.86615,29.93381],[70.87859,29.92876],[70.89138,29.9286],[70.89943,29.92574],[70.90772,29.92537],[70.90943,29.91077],[70.90686,29.90622],[70.89716,29.89645],[70.891,29.89835],[70.85936,29.89696],[70.85797,29.89183],[70.85507,29.8882],[70.85504,29.88443],[70.84845,29.87367],[70.84288,29.87228],[70.83916,29.86837],[70.86782,29.86012],[70.86637,29.84002],[70.86178,29.83301],[70.85228,29.82426],[70.85738,29.81865],[70.85577,29.81288],[70.86237,29.80746],[70.84852,29.78812],[70.84164,29.78204],[70.84161,29.77786],[70.83984,29.77594],[70.84127,29.77348],[70.82897,29.76066],[70.82686,29.75341],[70.80289,29.75575],[70.79769,29.7411],[70.79312,29.74162],[70.782,29.72424],[70.74511,29.67577],[70.73829,29.67833],[70.7339,29.67672],[70.72866,29.66973],[70.73134,29.66866],[70.73207,29.66566],[70.73585,29.66522],[70.73434,29.66112],[70.74349,29.65702],[70.73189,29.62992],[70.71392,29.61196],[70.70332,29.61558],[70.70261,29.61876],[70.7057,29.62252],[70.70376,29.62716],[70.71208,29.62761],[70.71468,29.62959],[70.72696,29.6295],[70.72765,29.63103],[70.72474,29.63446],[70.72608,29.63683],[70.72269,29.63715],[70.72206,29.64266],[70.71434,29.64367],[70.71363,29.65063],[70.70942,29.65096],[70.70726,29.66035],[70.70939,29.66387],[70.70607,29.66509],[70.70969,29.66717],[70.70834,29.67087],[70.70489,29.67138],[70.70381,29.67524],[70.69732,29.67121],[70.69269,29.67049],[70.69075,29.6761],[70.69475,29.68143],[70.69495,29.68412],[70.69237,29.68398],[70.69172,29.68668],[70.68703,29.68866],[70.68039,29.68603],[70.68041,29.68258],[70.67327,29.68204],[70.67244,29.68662],[70.66582,29.68619],[70.66809,29.6925],[70.66518,29.69704],[70.66615,29.69898],[70.66788,29.69814],[70.67,29.69951],[70.67295,29.7048],[70.67911,29.70808],[70.67979,29.71368],[70.68946,29.7178],[70.68956,29.72088],[70.69397,29.72731],[70.69377,29.73092],[70.69151,29.73205],[70.68104,29.732],[70.68739,29.73504],[70.686,29.73772],[70.68179,29.73696],[70.68231,29.74183],[70.68082,29.74182],[70.68039,29.74439],[70.67307,29.74333],[70.67307,29.74806],[70.67554,29.75023],[70.67715,29.7579],[70.67071,29.75791],[70.66988,29.75391],[70.66777,29.75269],[70.66572,29.75326],[70.66323,29.75804],[70.65507,29.76164],[70.64463,29.75935],[70.64352,29.76213],[70.64168,29.76206],[70.63739,29.75759],[70.6357,29.7607],[70.63128,29.76155],[70.63,29.76381],[70.62212,29.76372],[70.61737,29.76761],[70.61754,29.77144],[70.61155,29.77229],[70.61059,29.76653],[70.60464,29.76631],[70.60132,29.76443],[70.59762,29.76523],[70.59611,29.76426],[70.59617,29.7585],[70.58424,29.7566],[70.58464,29.74736],[70.59028,29.74513],[70.59214,29.73794],[70.58898,29.73206],[70.58611,29.73078],[70.57999,29.73133],[70.57455,29.72522],[70.57103,29.72512],[70.57022,29.72379],[70.56996,29.72063],[70.57564,29.71816],[70.57616,29.70962],[70.57784,29.70837],[70.57818,29.70515],[70.57695,29.70471],[70.5771,29.7],[70.56952,29.69457],[70.56473,29.68458],[70.56545,29.67755],[70.56314,29.67624],[70.56222,29.67209],[70.55986,29.67184],[70.55799,29.66935],[70.55776,29.66557],[70.56014,29.66237],[70.55393,29.66099],[70.55335,29.65386],[70.55618,29.65341],[70.55572,29.64814],[70.55737,29.64685],[70.55669,29.63839],[70.55341,29.6335],[70.54355,29.6312],[70.54023,29.627],[70.53467,29.62576],[70.53422,29.61633],[70.42082,29.57057],[70.41799,29.57539],[70.4236,29.59182],[70.41674,29.59378],[70.41426,29.60809],[70.41124,29.6105],[70.39193,29.617],[70.39011,29.62153],[70.38627,29.62281],[70.38466,29.62728],[70.38093,29.6291],[70.3961,29.65167],[70.39281,29.65584],[70.38123,29.66133],[70.36796,29.67332],[70.354,29.69857],[70.3608,29.69752],[70.3695,29.70785],[70.33871,29.73741],[70.3336,29.73732],[70.31349,29.74907],[70.29959,29.74936],[70.29545,29.73794],[70.28431,29.72756],[70.28359,29.72361],[70.27414,29.72448],[70.2622,29.7279],[70.25837,29.72609],[70.25273,29.71915],[70.24926,29.71841],[70.23444,29.72417],[70.20991,29.73915],[70.20916,29.74303],[70.20498,29.74398],[70.20058,29.74794],[70.19806,29.75456],[70.18332,29.76562],[70.18091,29.77516],[70.1678,29.77923],[70.16794,29.78836],[70.17304,29.79556],[70.17495,29.80358],[70.18832,29.82381],[70.19384,29.83526],[70.20851,29.85781],[70.21409,29.85958],[70.21372,29.87039],[70.21527,29.87051],[70.22241,29.88985],[70.22241,29.89639],[70.22866,29.91334],[70.24145,29.93744],[70.24442,29.93952],[70.24888,29.94814],[70.25276,29.94904],[70.28803,29.97849],[70.29046,29.98427],[70.2983,29.99101],[70.3128,29.99523],[70.31956,29.99486],[70.32454,29.99691],[70.3297,29.99565],[70.37038,30.02665],[70.39555,30.04948],[70.40233,30.05022],[70.40468,30.05776],[70.4179,30.06974],[70.4171,30.07441],[70.42374,30.08231],[70.42921,30.0941],[70.43981,30.10517],[70.44965,30.12352],[70.46029,30.13732],[70.46449,30.15122],[70.47871,30.17368],[70.49013,30.19795],[70.49941,30.21366],[70.50312,30.2346],[70.51172,30.25699],[70.51223,30.26802],[70.51782,30.26886],[70.51824,30.28459],[70.52196,30.28878],[70.52299,30.2986],[70.53937,30.3447],[70.54305,30.36628],[70.54577,30.37275],[70.54654,30.38847],[70.55379,30.39504],[70.5552,30.40697],[70.56023,30.41569],[70.56271,30.42897],[70.56008,30.44436],[70.57297,30.44836],[70.57722,30.45279],[70.57854,30.45696],[70.59205,30.461],[70.60382,30.46294],[70.64824,30.46546],[70.65574,30.47117],[70.66216,30.47224],[70.66398,30.48751],[70.65733,30.48866],[70.656,30.49863],[70.65805,30.4991],[70.65767,30.50448],[70.66634,30.50324],[70.66881,30.50081],[70.6779,30.50103],[70.69662,30.50462],[70.7168,30.5033],[70.71803,30.50362],[70.71811,30.50891],[70.72227,30.50873],[70.72374,30.50712]]]]}},{"type":"Feature","properties":{"name":"Faisalabad"},"geometry":{"type":"MultiPolygon","coordinates":[[[[73.20952,31.78615],[73.20664,31.78612],[73.202,31.77407],[73.19867,31.77499],[73.19759,31.77211],[73.20099,31.77117],[73.19986,31.76833],[73.20325,31.7674],[73.20432,31.77026],[73.20769,31.76932],[73.21271,31.78324],[73.2249,31.75895],[73.24008,31.75695],[73.25073,31.7623],[73.26609,31.76504],[73.26799,31.76219],[73.27245,31.76497],[73.27532,31.76491],[73.2768,31.76217],[73.28125,31.75974],[73.27408,31.75869],[73.26617,31.75065],[73.2629,31.74433],[73.26729,31.74166],[73.2676,31.73856],[73.28171,31.73962],[73.28915,31.73421],[73.28957,31.73113],[73.29779,31.7199],[73.30487,31.72041],[73.31167,31.72385],[73.333,31.72525],[73.34406,31.72012],[73.34617,31.70121],[73.35321,31.70143],[73.34983,31.69348],[73.34713,31.69154],[73.34557,31.67454],[73.3702,31.67254],[73.37215,31.67029],[73.39386,31.66191],[73.40566,31.6506],[73.41595,31.65434],[73.43011,31.63966],[73.43374,31.63921],[73.43422,31.63182],[73.44264,31.61747],[73.4398,31.61546],[73.43885,31.60678],[73.43235,31.59447],[73.43143,31.58597],[73.4286,31.58409],[73.42764,31.57558],[73.42991,31.57331],[73.43543,31.5772],[73.4446,31.56779],[73.44998,31.57163],[73.45166,31.56993],[73.44605,31.5662],[73.44212,31.561],[73.44045,31.55758],[73.44309,31.55493],[73.46825,31.55284],[73.47187,31.55085],[73.46728,31.54948],[73.46132,31.54386],[73.4659,31.54076],[73.46432,31.5342],[73.46606,31.52141],[73.47157,31.51778],[73.47482,31.51176],[73.47362,31.50607],[73.45932,31.50033],[73.45014,31.49054],[73.4461,31.4888],[73.45394,31.47897],[73.45549,31.47985],[73.45751,31.47734],[73.46044,31.47898],[73.47593,31.46245],[73.47932,31.46087],[73.4842,31.4628],[73.48971,31.45602],[73.48943,31.44832],[73.5019,31.42958],[73.53436,31.43492],[73.55833,31.46922],[73.56363,31.46291],[73.5695,31.46623],[73.58945,31.44145],[73.59515,31.44484],[73.59325,31.44743],[73.59616,31.44907],[73.59417,31.45158],[73.6144,31.46357],[73.61626,31.4614],[73.6223,31.46465],[73.63045,31.45453],[73.63576,31.45802],[73.63673,31.46371],[73.64514,31.46155],[73.6485,31.46359],[73.64976,31.46221],[73.64714,31.45047],[73.64998,31.44063],[73.65522,31.43506],[73.6662,31.42782],[73.66087,31.42611],[73.65976,31.42429],[73.65798,31.41112],[73.66187,31.40706],[73.67074,31.38663],[73.66723,31.38849],[73.65948,31.3866],[73.65936,31.38091],[73.66154,31.3777],[73.65055,31.37096],[73.65263,31.36849],[73.64384,31.36328],[73.6503,31.35703],[73.64946,31.35283],[73.65538,31.34808],[73.65205,31.34458],[73.65626,31.3371],[73.66397,31.32993],[73.66104,31.32954],[73.65959,31.33125],[73.65268,31.329],[73.65144,31.33048],[73.64979,31.32946],[73.6473,31.33244],[73.64434,31.33073],[73.64599,31.3287],[73.64358,31.32646],[73.64564,31.32392],[73.63867,31.31978],[73.64075,31.3174],[73.63956,31.31673],[73.64078,31.31215],[73.64653,31.30856],[73.63689,31.30524],[73.63604,31.30623],[73.63148,31.30353],[73.63411,31.29493],[73.62859,31.29286],[73.62735,31.28724],[73.62171,31.28699],[73.61766,31.28173],[73.60859,31.27525],[73.60832,31.27259],[73.61179,31.2721],[73.61184,31.26829],[73.59925,31.26822],[73.59278,31.27095],[73.59239,31.26904],[73.58607,31.26569],[73.59208,31.26138],[73.58738,31.26088],[73.58522,31.26222],[73.58388,31.26131],[73.58537,31.2575],[73.57876,31.25835],[73.57476,31.26267],[73.57305,31.26127],[73.57201,31.25601],[73.5641,31.25674],[73.56412,31.2551],[73.56252,31.25473],[73.56435,31.24526],[73.55918,31.23896],[73.55288,31.23984],[73.5487,31.24516],[73.54172,31.24384],[73.54207,31.23598],[73.53947,31.23135],[73.54021,31.22805],[73.53469,31.22502],[73.53603,31.22145],[73.52926,31.21749],[73.52742,31.21259],[73.52152,31.20814],[73.52137,31.20598],[73.50984,31.20418],[73.50575,31.20605],[73.5053,31.20314],[73.50105,31.19877],[73.4948,31.19635],[73.48838,31.19983],[73.48023,31.19918],[73.47435,31.20353],[73.47101,31.20344],[73.4704,31.20529],[73.46459,31.20721],[73.46034,31.19595],[73.45161,31.19704],[73.44684,31.19518],[73.44478,31.19826],[73.44498,31.19635],[73.43049,31.1931],[73.42834,31.19006],[73.42254,31.18899],[73.42032,31.18406],[73.41626,31.18341],[73.41367,31.1779],[73.40954,31.18011],[73.40571,31.17174],[73.40406,31.15198],[73.40159,31.15163],[73.40197,31.14838],[73.39722,31.15031],[73.40094,31.14742],[73.40046,31.145],[73.40773,31.14331],[73.40844,31.13378],[73.40637,31.12777],[73.39192,31.1331],[73.38882,31.1301],[73.38586,31.1314],[73.38515,31.12934],[73.38336,31.13041],[73.37765,31.12755],[73.37579,31.12569],[73.37575,31.12135],[73.36857,31.12023],[73.3685,31.11419],[73.36566,31.112],[73.36879,31.1109],[73.36681,31.10992],[73.36742,31.10625],[73.36021,31.098],[73.36044,31.09395],[73.36361,31.09182],[73.35638,31.09048],[73.35382,31.08489],[73.34936,31.08589],[73.34868,31.08468],[73.34851,31.07622],[73.34608,31.073],[73.3529,31.07063],[73.35822,31.06449],[73.35002,31.0607],[73.3504,31.05829],[73.34596,31.06003],[73.34183,31.05577],[73.34234,31.0537],[73.34421,31.05438],[73.34396,31.04973],[73.34754,31.04483],[73.34754,31.03926],[73.3454,31.03704],[73.3479,31.03073],[73.34584,31.02629],[73.35008,31.02401],[73.34939,31.01956],[73.35136,31.01495],[73.34958,31.01413],[73.34979,31.00846],[73.34694,31.00758],[73.34711,31.0024],[73.34188,31.00223],[73.33748,30.99986],[73.33189,31.0009],[73.3269,31.00785],[73.3275,31.01228],[73.31943,31.01549],[73.30284,31.00812],[73.30169,30.99763],[73.29388,30.99319],[73.29299,30.98787],[73.2772,30.98827],[73.28042,30.98298],[73.27916,30.9806],[73.27572,30.98161],[73.27521,30.97728],[73.27175,30.97985],[73.26836,30.97962],[73.26448,30.97684],[73.26514,30.97406],[73.2489,30.97222],[73.24865,30.96797],[73.24423,30.96802],[73.24425,30.96302],[73.2408,30.96125],[73.24059,30.95638],[73.23168,30.95459],[73.2238,30.94961],[73.22755,30.94746],[73.22514,30.94149],[73.21253,30.9345],[73.21462,30.93126],[73.21288,30.93026],[73.21362,30.92811],[73.20536,30.92459],[73.19918,30.92456],[73.19271,30.90557],[73.18963,30.90412],[73.18372,30.90786],[73.1806,30.9065],[73.17733,30.901],[73.17101,30.90276],[73.16966,30.91466],[73.16125,30.92095],[73.15784,30.92112],[73.14809,30.91405],[73.15179,30.91032],[73.15565,30.91162],[73.15877,30.90993],[73.16261,30.89668],[73.15076,30.89347],[73.14562,30.89832],[73.13985,30.89865],[73.13459,30.89585],[73.13233,30.89121],[73.13197,30.88737],[73.13486,30.88074],[73.14644,30.88114],[73.15358,30.87668],[73.15171,30.87344],[73.14029,30.8724],[73.14181,30.8616],[73.15121,30.86516],[73.1561,30.86505],[73.15664,30.86325],[73.15381,30.86011],[73.1422,30.85863],[73.14592,30.85709],[73.14748,30.84776],[73.14301,30.84237],[73.14365,30.84114],[73.13543,30.84005],[73.1317,30.84494],[73.12734,30.84391],[73.12274,30.86597],[73.10232,30.86338],[73.10133,30.86637],[73.09873,30.86599],[73.09862,30.86734],[73.09335,30.86263],[73.08937,30.83984],[73.09293,30.83855],[73.09394,30.855],[73.09939,30.85278],[73.10399,30.84758],[73.10327,30.84032],[73.10728,30.83628],[73.10716,30.82975],[73.09802,30.83214],[73.09502,30.82321],[73.09278,30.82081],[73.08668,30.82058],[73.08232,30.81366],[73.07881,30.81401],[73.0781,30.81659],[73.07388,30.81455],[73.07469,30.81146],[73.06681,30.80986],[73.06543,30.81583],[73.06128,30.81502],[73.06241,30.80994],[73.06057,30.8058],[73.04855,30.80114],[73.03652,30.80156],[73.03358,30.81116],[73.03013,30.81035],[73.02943,30.80733],[73.02607,30.81319],[73.01437,30.80828],[73.01104,30.80498],[73.0091,30.79934],[73.00279,30.79634],[73.00311,30.79465],[73.00719,30.79438],[73.00012,30.78326],[73.00936,30.77877],[73.00967,30.77706],[73.00167,30.77161],[73.00243,30.77029],[72.99744,30.77134],[72.99979,30.77526],[72.99837,30.77913],[72.99499,30.78019],[72.98994,30.77277],[72.98014,30.77057],[72.9808,30.76874],[72.97579,30.76871],[72.97895,30.78523],[72.98191,30.78885],[72.98375,30.79708],[72.97444,30.79971],[72.96628,30.79808],[72.96603,30.79594],[72.97574,30.79321],[72.97813,30.78899],[72.9728,30.7809],[72.97141,30.77064],[72.97355,30.7687],[72.97362,30.7645],[72.95477,30.76048],[72.95309,30.7632],[72.95316,30.76836],[72.95633,30.77984],[72.95162,30.7827],[72.94669,30.78093],[72.94777,30.77751],[72.94447,30.76715],[72.93727,30.76999],[72.93907,30.77417],[72.93548,30.77552],[72.93288,30.77388],[72.93272,30.77202],[72.93599,30.76749],[72.92896,30.76462],[72.92732,30.75983],[72.90742,30.75869],[72.90901,30.75528],[72.90609,30.74528],[72.89864,30.74699],[72.89726,30.7441],[72.88959,30.74839],[72.88645,30.74548],[72.8861,30.74057],[72.89818,30.73748],[72.90385,30.73382],[72.89875,30.73126],[72.89789,30.72799],[72.89473,30.72586],[72.89645,30.72364],[72.89586,30.71869],[72.89302,30.7147],[72.88604,30.71414],[72.87661,30.71617],[72.87832,30.70039],[72.87629,30.69176],[72.85556,30.69272],[72.85369,30.69768],[72.85714,30.70037],[72.85889,30.70712],[72.84158,30.71024],[72.8423,30.71321],[72.83545,30.71445],[72.82888,30.712],[72.82207,30.71388],[72.82392,30.71644],[72.82323,30.72064],[72.82057,30.72023],[72.82051,30.71807],[72.8164,30.72168],[72.81061,30.72186],[72.81072,30.72637],[72.8087,30.73054],[72.80503,30.73508],[72.79759,30.7373],[72.79811,30.73882],[72.79449,30.74444],[72.78527,30.74443],[72.76262,30.74877],[72.76079,30.74791],[72.76136,30.74585],[72.75701,30.74428],[72.75329,30.73595],[72.74473,30.73707],[72.73368,30.7309],[72.73042,30.73278],[72.72963,30.7359],[72.7252,30.73738],[72.72141,30.7359],[72.71982,30.73798],[72.7165,30.73797],[72.71102,30.73592],[72.70755,30.74573],[72.70868,30.75182],[72.70447,30.75669],[72.70878,30.75931],[72.70502,30.76448],[72.71644,30.77132],[72.71038,30.77881],[72.74575,30.79819],[72.73264,30.81444],[72.73831,30.81792],[72.73026,30.82789],[72.73396,30.82849],[72.71307,30.85439],[72.71015,30.85268],[72.70811,30.85511],[72.70527,30.8534],[72.70325,30.85584],[72.70041,30.85416],[72.69836,30.85664],[72.69548,30.85494],[72.69182,30.85895],[72.68994,30.8568],[72.68063,30.86812],[72.67912,30.86817],[72.66849,30.883],[72.68551,30.89342],[72.68355,30.89585],[72.68569,30.89722],[72.68937,30.89921],[72.69139,30.8969],[72.70576,30.90553],[72.70375,30.90805],[72.70254,30.91463],[72.70842,30.91809],[72.70629,30.9208],[72.70897,30.92259],[72.7051,30.92753],[72.71084,30.93089],[72.71298,30.92844],[72.7157,30.93009],[72.71971,30.92531],[72.72535,30.92867],[72.72148,30.93375],[72.72291,30.93461],[72.73014,30.93893],[72.73218,30.93656],[72.73512,30.93817],[72.73714,30.93577],[72.74262,30.93905],[72.73865,30.94416],[72.75019,30.95098],[72.74219,30.96083],[72.74494,30.96275],[72.74105,30.96768],[72.76408,30.98153],[72.76195,30.98393],[72.76489,30.98582],[72.76088,30.99079],[72.76969,30.99602],[72.76553,31.00097],[72.77132,31.00439],[72.76729,31.00935],[72.77297,31.01284],[72.769,31.01786],[72.77757,31.02293],[72.78259,31.02231],[72.79123,31.02746],[72.78112,31.03988],[72.78686,31.04337],[72.78082,31.05089],[72.7895,31.05615],[72.77034,31.07959],[72.76786,31.08014],[72.7627,31.07705],[72.74409,31.05816],[72.72008,31.07546],[72.71074,31.07893],[72.70777,31.08251],[72.71593,31.0863],[72.72076,31.08255],[72.7286,31.08152],[72.74159,31.08701],[72.74495,31.09084],[72.75141,31.11393],[72.75021,31.13282],[72.74518,31.14018],[72.75819,31.14911],[72.76038,31.15252],[72.75958,31.15611],[72.75491,31.16182],[72.75543,31.16385],[72.75182,31.16781],[72.76226,31.16956],[72.7864,31.19302],[72.80354,31.1847],[72.80974,31.18344],[72.80833,31.18885],[72.78718,31.20496],[72.79521,31.21423],[72.80066,31.2166],[72.81108,31.23012],[72.8089,31.23093],[72.80889,31.23798],[72.81299,31.23794],[72.81439,31.24006],[72.81677,31.2389],[72.81658,31.24193],[72.8192,31.24097],[72.82098,31.24236],[72.81893,31.25492],[72.83663,31.25341],[72.83581,31.28208],[72.82138,31.29247],[72.8217,31.29553],[72.81389,31.29813],[72.8073,31.30287],[72.79923,31.31148],[72.80304,31.31679],[72.79998,31.31915],[72.80229,31.32141],[72.79222,31.32898],[72.78928,31.32742],[72.79172,31.33493],[72.79082,31.33817],[72.78809,31.33755],[72.79806,31.38874],[72.7989,31.38808],[72.80157,31.3929],[72.82453,31.41679],[72.82356,31.41702],[72.85231,31.4685],[72.85896,31.49147],[72.94597,31.55066],[73.01038,31.57148],[73.04845,31.59286],[73.05594,31.60143],[73.1165,31.70599],[73.1982,31.78238],[73.20899,31.79018],[73.20952,31.78615]]]]}},{"type":"Feature","properties":{"name":"Gujranwala"},"geometry":{"type":"MultiPolygon","coordinates":[[[[74.29615,32.25095],[74.3157,32.24894],[74.32844,32.24421],[74.33135,32.20526],[74.34227,32.20089],[74.35137,32.18961],[74.37576,32.18124],[74.38026,32.16947],[74.39767,32.16482],[74.41289,32.16449],[74.42413,32.15931],[74.43291,32.16122],[74.4391,32.1685],[74.44893,32.16377],[74.45402,32.15576],[74.49042,32.14993],[74.49042,32.13683],[74.48715,32.13101],[74.49151,32.12591],[74.49224,32.11827],[74.50716,32.11135],[74.5199,32.10007],[74.5108,32.10116],[74.50716,32.09206],[74.51372,32.07859],[74.52755,32.06585],[74.53628,32.06076],[74.54939,32.05639],[74.56722,32.05311],[74.57851,32.06221],[74.58379,32.061],[74.52609,32.02326],[74.52464,32.01052],[74.51335,32.00543],[74.49078,32.00543],[74.47623,31.99633],[74.47805,31.98104],[74.47149,31.96648],[74.44783,31.96357],[74.43546,31.94974],[74.41908,31.93663],[74.39979,31.91552],[74.38559,31.91079],[74.36266,31.88786],[74.34737,31.8864],[74.32699,31.88859],[74.32044,31.89477],[74.31024,31.89113],[74.30405,31.88131],[74.27748,31.88167],[74.26584,31.88822],[74.252,31.88167],[74.2349,31.88131],[74.21924,31.88859],[74.20469,31.88313],[74.19886,31.87366],[74.1934,31.8551],[74.1843,31.85146],[74.16574,31.85],[74.15991,31.83653],[74.14863,31.82998],[74.14026,31.82125],[74.12897,31.81761],[74.11623,31.81906],[74.10531,31.82307],[74.08457,31.82161],[74.0711,31.82234],[74.04453,31.83835],[74.03433,31.83981],[74.0216,31.83253],[73.99138,31.82707],[73.98301,31.83471],[73.97755,31.85291],[73.96336,31.85146],[73.9568,31.84272],[73.94516,31.83544],[73.92914,31.8369],[73.9113,31.84163],[73.8982,31.84127],[73.88801,31.84709],[73.88109,31.85364],[73.88037,31.87475],[73.87636,31.88749],[73.86544,31.89514],[73.85925,31.89732],[73.85343,31.90351],[73.86144,31.91407],[73.87236,31.92207],[73.88036,31.9319],[73.88073,31.94355],[73.86981,31.94573],[73.85925,31.95083],[73.83559,31.95702],[73.82365,31.97013],[73.8091,31.98085],[73.81055,31.99307],[73.82475,32.01491],[73.82108,32.04002],[73.83091,32.05131],[73.81302,32.06039],[73.79636,32.07133],[73.80254,32.09062],[73.79854,32.10918],[73.80728,32.13175],[73.80696,32.13815],[73.81192,32.13815],[73.81844,32.14188],[73.82444,32.14234],[73.837,32.15351],[73.84724,32.15211],[73.8505,32.14885],[73.8547,32.14838],[73.86122,32.1414],[73.86548,32.14001],[73.86874,32.14374],[73.86548,32.15166],[73.86641,32.15951],[73.87938,32.15118],[73.88458,32.15212],[73.89063,32.15911],[73.89902,32.16097],[73.91113,32.16703],[73.91532,32.17215],[73.92321,32.1754],[73.94925,32.1754],[73.95903,32.17307],[73.96182,32.17866],[73.96928,32.18518],[74.00467,32.19217],[74.01399,32.19589],[74.01352,32.20521],[74.01632,32.21871],[74.02051,32.22523],[74.04287,32.22477],[74.05498,32.2271],[74.05777,32.23548],[74.06755,32.2448],[74.07733,32.24526],[74.09177,32.23781],[74.11226,32.23502],[74.12111,32.24992],[74.12996,32.25644],[74.15372,32.28113],[74.15977,32.28485],[74.16629,32.28532],[74.18259,32.2965],[74.18958,32.30488],[74.19703,32.30674],[74.20449,32.31233],[74.21054,32.32258],[74.21613,32.32631],[74.22358,32.32631],[74.23586,32.3296],[74.24036,32.31082],[74.2429,32.28934],[74.24654,32.27806],[74.2611,32.26095],[74.27275,32.25185],[74.29615,32.25095]]]]}},{"type":"Feature","properties":{"name":"Gujrat"},"geometry":{"type":"MultiPolygon","coordinates":[[[[73.85896,33.00102],[73.86479,33.00102],[73.86806,33.0034],[73.89316,32.99748],[73.90744,33.0032],[73.90895,33.00263],[73.91574,32.99165],[73.92059,32.97677],[73.92052,32.96369],[73.9457,32.98456],[73.96372,32.98754],[73.97008,32.97534],[73.96777,32.96814],[73.97883,32.96183],[73.99292,32.96303],[74.0063,32.95453],[74.00132,32.94668],[73.99965,32.93972],[73.99257,32.93721],[73.99222,32.93507],[74.00691,32.93507],[74.00782,32.93117],[74.00507,32.92976],[74.00452,32.9239],[74.00513,32.92964],[74.00788,32.93104],[74.0371,32.91743],[74.0373,32.91517],[74.04143,32.91965],[74.05508,32.92205],[74.06393,32.92131],[74.06685,32.92024],[74.06683,32.9149],[74.07422,32.91346],[74.07421,32.91197],[74.09648,32.91055],[74.09647,32.90909],[74.10018,32.90909],[74.10017,32.90762],[74.10388,32.90763],[74.10388,32.90616],[74.10759,32.90617],[74.10758,32.9047],[74.11425,32.90324],[74.13253,32.89171],[74.12186,32.88237],[74.12165,32.88061],[74.12604,32.87901],[74.13152,32.88768],[74.13831,32.8906],[74.14887,32.88659],[74.15138,32.88733],[74.15513,32.8851],[74.16054,32.88509],[74.16658,32.88223],[74.16824,32.87829],[74.17254,32.87515],[74.18487,32.87271],[74.18502,32.87056],[74.19001,32.86725],[74.19075,32.85489],[74.19271,32.85635],[74.20293,32.85642],[74.20769,32.85158],[74.20644,32.84677],[74.21838,32.84305],[74.2197,32.84533],[74.2285,32.84516],[74.22947,32.84786],[74.23395,32.84891],[74.23938,32.84461],[74.24871,32.84325],[74.26109,32.83065],[74.26567,32.83065],[74.26933,32.82762],[74.27239,32.8321],[74.2818,32.83437],[74.30283,32.83014],[74.31212,32.82151],[74.30898,32.81381],[74.30851,32.80738],[74.3153,32.80492],[74.31482,32.80003],[74.31816,32.79901],[74.31604,32.79362],[74.31793,32.79244],[74.31463,32.78678],[74.31484,32.78779],[74.32148,32.78183],[74.32235,32.78358],[74.32752,32.7829],[74.34578,32.77587],[74.34606,32.77691],[74.35295,32.77545],[74.35627,32.77393],[74.35623,32.77023],[74.36732,32.77017],[74.36738,32.76866],[74.37243,32.76866],[74.37253,32.76671],[74.37678,32.76559],[74.377,32.76663],[74.38303,32.76588],[74.38372,32.76862],[74.38975,32.76868],[74.38978,32.77166],[74.39354,32.77164],[74.39338,32.77449],[74.39497,32.77589],[74.39703,32.77589],[74.39699,32.77441],[74.40467,32.77462],[74.40473,32.77879],[74.4085,32.77902],[74.40856,32.78218],[74.41415,32.78301],[74.4202,32.78091],[74.42158,32.77378],[74.42244,32.77538],[74.42771,32.77663],[74.43909,32.77057],[74.44573,32.76983],[74.44929,32.76778],[74.44227,32.76052],[74.44179,32.75683],[74.44548,32.75362],[74.45009,32.75333],[74.44965,32.74827],[74.45723,32.7395],[74.45563,32.73527],[74.46362,32.72871],[74.46362,32.72385],[74.46648,32.71986],[74.45977,32.71414],[74.45258,32.7134],[74.45697,32.7004],[74.46519,32.70029],[74.46922,32.69513],[74.46831,32.68253],[74.45686,32.67607],[74.46792,32.66712],[74.46536,32.66597],[74.46809,32.65811],[74.4669,32.65366],[74.43771,32.65788],[74.40804,32.63187],[74.39586,32.62349],[74.38329,32.61958],[74.37999,32.61593],[74.37395,32.61282],[74.37607,32.61068],[74.3708,32.60641],[74.36155,32.60379],[74.35764,32.60013],[74.34765,32.59703],[74.34957,32.59221],[74.34659,32.59217],[74.34667,32.59355],[74.33624,32.59016],[74.33624,32.58903],[74.3321,32.58902],[74.33033,32.58703],[74.32418,32.58834],[74.30657,32.58751],[74.30594,32.58118],[74.29165,32.58233],[74.28857,32.58566],[74.27578,32.58598],[74.26748,32.57789],[74.25353,32.5755],[74.24612,32.57157],[74.24373,32.57225],[74.23314,32.56601],[74.23051,32.56348],[74.23037,32.55745],[74.21923,32.54885],[74.21442,32.54881],[74.20131,32.55389],[74.19122,32.55398],[74.18456,32.55122],[74.17362,32.5299],[74.16648,32.52429],[74.15734,32.522],[74.14944,32.52276],[74.13766,32.51996],[74.13231,32.51693],[74.12975,32.51413],[74.13231,32.50527],[74.13271,32.49445],[74.12179,32.48637],[74.11392,32.48374],[74.09008,32.48083],[74.07993,32.47476],[74.07693,32.47119],[74.06703,32.46661],[74.05694,32.45659],[74.05813,32.45477],[74.04579,32.45097],[74.04692,32.44656],[74.03874,32.44169],[74.0299,32.43974],[74.02136,32.45526],[73.99627,32.42464],[73.97874,32.42514],[73.97057,32.42087],[73.96329,32.41272],[73.95468,32.40846],[73.94115,32.39717],[73.93373,32.39466],[73.89689,32.3988],[73.88184,32.39723],[73.88102,32.40885],[73.8778,32.41916],[73.88006,32.42466],[73.87918,32.42906],[73.88217,32.43251],[73.87581,32.43494],[73.8767,32.43909],[73.86337,32.44055],[73.86089,32.44343],[73.86263,32.4467],[73.85557,32.45147],[73.85506,32.45735],[73.85062,32.4559],[73.849,32.46306],[73.83967,32.46511],[73.83841,32.46903],[73.83512,32.46976],[73.83504,32.46838],[73.82071,32.47155],[73.82097,32.47315],[73.8184,32.47368],[73.80826,32.47347],[73.81017,32.48609],[73.79917,32.4874],[73.79861,32.48954],[73.7894,32.4927],[73.78986,32.49435],[73.78425,32.49875],[73.78671,32.50718],[73.78402,32.50849],[73.78693,32.51365],[73.78328,32.52145],[73.78215,32.53172],[73.7752,32.53237],[73.77142,32.53748],[73.7813,32.5443],[73.78409,32.55473],[73.78271,32.56293],[73.76912,32.56289],[73.76269,32.56396],[73.76269,32.56558],[73.75983,32.5656],[73.75977,32.56777],[73.75054,32.56781],[73.74908,32.56011],[73.74481,32.57087],[73.74125,32.57098],[73.73582,32.57437],[73.72487,32.57735],[73.72073,32.58072],[73.71703,32.5865],[73.71813,32.59],[73.71734,32.59778],[73.71097,32.60308],[73.71272,32.6047],[73.71267,32.6107],[73.70776,32.61176],[73.70771,32.61714],[73.70411,32.61986],[73.68486,32.6243],[73.67994,32.6234],[73.67783,32.62849],[73.67339,32.63075],[73.6698,32.63068],[73.66979,32.63215],[73.66552,32.63397],[73.65982,32.63395],[73.65907,32.63726],[73.65475,32.63724],[73.65483,32.63336],[73.65126,32.63336],[73.65128,32.63121],[73.64406,32.63058],[73.65053,32.64036],[73.65119,32.65223],[73.64477,32.66481],[73.63797,32.67233],[73.64038,32.67524],[73.64609,32.67528],[73.64605,32.67742],[73.64753,32.67744],[73.64747,32.68129],[73.64965,32.68294],[73.64962,32.69549],[73.63745,32.697],[73.63465,32.68505],[73.63248,32.68505],[73.6325,32.68288],[73.63104,32.68227],[73.62732,32.68241],[73.61701,32.69514],[73.61366,32.71424],[73.61038,32.71064],[73.6013,32.71793],[73.5876,32.72192],[73.58815,32.73477],[73.57853,32.73959],[73.58575,32.74286],[73.5893,32.74871],[73.58589,32.75033],[73.58782,32.75215],[73.5895,32.7516],[73.59193,32.75905],[73.59111,32.76625],[73.58764,32.76491],[73.58776,32.76757],[73.59118,32.77],[73.59074,32.78004],[73.59536,32.77868],[73.59558,32.78654],[73.60602,32.79622],[73.60665,32.80123],[73.6082,32.80151],[73.6087,32.80558],[73.60072,32.81153],[73.60109,32.8127],[73.60899,32.81856],[73.6095,32.82438],[73.61405,32.82797],[73.61377,32.83036],[73.6246,32.84434],[73.62596,32.84841],[73.63346,32.85253],[73.6359,32.85795],[73.6451,32.86124],[73.64964,32.86703],[73.66083,32.87141],[73.67597,32.88147],[73.69324,32.88927],[73.73278,32.91499],[73.78606,32.95407],[73.78688,32.95685],[73.78825,32.95651],[73.79213,32.96178],[73.795,32.96301],[73.79343,32.96879],[73.80534,32.96944],[73.81547,32.9675],[73.81406,32.97019],[73.81681,32.9722],[73.82149,32.96963],[73.82261,32.97119],[73.82744,32.96918],[73.8305,32.97569],[73.82953,32.98746],[73.82719,32.98803],[73.82981,32.99563],[73.82856,32.99603],[73.82936,32.9978],[73.8261,32.9994],[73.82635,33.0175],[73.82259,33.02625],[73.83031,33.02918],[73.82954,33.03423],[73.83781,33.03833],[73.85428,33.03519],[73.85894,33.0311],[73.86065,33.0231],[73.86389,33.0191],[73.85666,33.01708],[73.85028,33.00709],[73.85896,33.00102]]]]}},{"type":"Feature","properties":{"name":"Hafizabad"},"geometry":{"type":"MultiPolygon","coordinates":[[[[73.67876,32.34481],[73.68854,32.29226],[73.70055,32.27697],[73.7082,32.26095],[73.71366,32.24421],[73.72239,32.23584],[73.73186,32.22273],[73.7304,32.20745],[73.74532,32.20089],[73.7526,32.19507],[73.75515,32.17651],[73.7668,32.17469],[73.77663,32.16704],[73.78755,32.14702],[73.79374,32.13974],[73.80684,32.13901],[73.80728,32.13175],[73.79854,32.10918],[73.80254,32.09062],[73.79636,32.07133],[73.81302,32.06039],[73.83091,32.05131],[73.82108,32.04002],[73.82475,32.01491],[73.81055,31.99307],[73.8091,31.98088],[73.77881,31.96539],[73.76571,31.95629],[73.75879,31.94682],[73.74969,31.93918],[73.74314,31.92535],[73.73695,31.92098],[73.7253,31.92244],[73.72021,31.91661],[73.71867,31.90927],[73.69218,31.88895],[73.65796,31.89004],[73.62884,31.88203],[73.60628,31.86747],[73.59281,31.87075],[73.56878,31.89186],[73.55932,31.88931],[73.55896,31.87912],[73.5626,31.86857],[73.5626,31.85801],[73.56005,31.84309],[73.53421,31.81943],[73.52438,31.81251],[73.52219,31.80596],[73.48543,31.82889],[73.4625,31.83908],[73.45777,31.82161],[73.44939,31.80559],[73.43192,31.80414],[73.41991,31.80669],[73.40462,31.82307],[73.39953,31.80741],[73.39625,31.80232],[73.38861,31.79831],[73.3755,31.79904],[73.35912,31.79176],[73.33619,31.79322],[73.32855,31.78412],[73.32636,31.76919],[73.31399,31.76919],[73.30598,31.76483],[73.29979,31.7641],[73.27333,31.76908],[73.25769,31.76317],[73.2492,31.76161],[73.24008,31.75695],[73.22476,31.75901],[73.21271,31.78324],[73.20769,31.76932],[73.20432,31.77026],[73.20325,31.7674],[73.19986,31.76833],[73.20099,31.77117],[73.19759,31.77211],[73.19867,31.77499],[73.202,31.77407],[73.20664,31.78612],[73.20928,31.78544],[73.21004,31.78805],[73.19978,31.79818],[73.19447,31.8104],[73.19116,31.81117],[73.19173,31.81917],[73.18244,31.82286],[73.17502,31.82257],[73.17148,31.82513],[73.17223,31.82974],[73.16926,31.834],[73.16008,31.83773],[73.15483,31.83604],[73.14838,31.8389],[73.14964,31.84151],[73.14581,31.84602],[73.1518,31.85101],[73.14599,31.85503],[73.15745,31.87465],[73.16071,31.89031],[73.17557,31.90214],[73.17527,31.90668],[73.16209,31.90581],[73.1645,31.91214],[73.17,31.91317],[73.16932,31.91747],[73.17414,31.92398],[73.1786,31.93396],[73.17683,31.93505],[73.17777,31.937],[73.17126,31.93789],[73.17441,31.94351],[73.1797,31.9429],[73.17925,31.94613],[73.18331,31.95161],[73.18569,31.95894],[73.21738,31.98189],[73.22012,31.98587],[73.2218,31.99081],[73.22057,31.99662],[73.22273,32.0043],[73.22106,32.01856],[73.20807,32.02283],[73.22474,32.03185],[73.23589,32.03314],[73.23599,32.04123],[73.2383,32.04487],[73.24633,32.04917],[73.252,32.04754],[73.2535,32.04929],[73.25568,32.05428],[73.2468,32.0552],[73.24066,32.06141],[73.24045,32.06814],[73.24598,32.06784],[73.24584,32.07825],[73.25073,32.08519],[73.26695,32.09394],[73.27447,32.10202],[73.28649,32.10601],[73.29373,32.11192],[73.29273,32.11702],[73.29552,32.11993],[73.31415,32.12201],[73.31354,32.12766],[73.31923,32.12775],[73.31915,32.13178],[73.33142,32.13624],[73.34516,32.14714],[73.35197,32.14932],[73.3701,32.16033],[73.37701,32.16676],[73.37832,32.17076],[73.40319,32.18001],[73.42106,32.18314],[73.42888,32.19514],[73.45392,32.21913],[73.46167,32.22875],[73.47211,32.2374],[73.4676,32.24075],[73.47436,32.24593],[73.47436,32.24951],[73.47627,32.24854],[73.47858,32.25189],[73.48189,32.25332],[73.48885,32.24556],[73.49826,32.24153],[73.50555,32.24502],[73.50599,32.24721],[73.50403,32.24823],[73.50906,32.27057],[73.50795,32.27256],[73.50995,32.27351],[73.51074,32.27167],[73.52344,32.27777],[73.53069,32.27903],[73.53507,32.28622],[73.55231,32.28734],[73.56975,32.29601],[73.57409,32.3016],[73.58953,32.30783],[73.63259,32.32057],[73.632,32.32138],[73.65282,32.3311],[73.65196,32.33693],[73.67876,32.34481]],[[73.3012,31.88541],[73.30125,31.8854],[73.30126,31.88548],[73.3012,31.88541]]]]}},{"type":"Feature","properties":{"name":"Jhang"},"geometry":{"type":"MultiPolygon","coordinates":[[[[72.29812,31.7728],[72.31117,31.76286],[72.31942,31.75901],[72.317,31.756],[72.31929,31.75426],[72.3336,31.74783],[72.33288,31.74352],[72.33578,31.73958],[72.34573,31.73431],[72.34122,31.72955],[72.34247,31.72874],[72.34037,31.72648],[72.34211,31.72532],[72.33613,31.71845],[72.32942,31.71101],[72.32448,31.71054],[72.31565,31.70066],[72.32235,31.69626],[72.3138,31.68666],[72.28902,31.70272],[72.2852,31.69841],[72.28584,31.69724],[72.28172,31.69245],[72.28626,31.68943],[72.28367,31.68597],[72.29803,31.67601],[72.2822,31.65789],[72.27845,31.65932],[72.26748,31.65214],[72.26285,31.65124],[72.25602,31.64444],[72.25367,31.64589],[72.23657,31.62656],[72.23834,31.62549],[72.2236,31.60932],[72.22414,31.60657],[72.22015,31.60308],[72.22634,31.60013],[72.22457,31.598],[72.22729,31.59619],[72.22669,31.5944],[72.23419,31.58891],[72.23017,31.58139],[72.22846,31.58244],[72.22541,31.57914],[72.22262,31.5809],[72.22135,31.57947],[72.22003,31.57275],[72.22275,31.57098],[72.22702,31.5758],[72.22987,31.57396],[72.23632,31.58118],[72.2391,31.58099],[72.24603,31.5763],[72.24859,31.57723],[72.25923,31.57123],[72.25837,31.5895],[72.26501,31.58531],[72.26898,31.59041],[72.26482,31.59326],[72.27105,31.60046],[72.27722,31.59647],[72.28108,31.60165],[72.2912,31.60943],[72.30646,31.61279],[72.30773,31.61663],[72.31906,31.62922],[72.32778,31.62439],[72.33838,31.63629],[72.34288,31.63472],[72.34882,31.63512],[72.3608,31.64286],[72.35866,31.64909],[72.34979,31.65755],[72.36958,31.67655],[72.37666,31.67429],[72.38704,31.67421],[72.39423,31.67034],[72.42321,31.67955],[72.4253,31.67613],[72.42658,31.66736],[72.42363,31.65608],[72.42666,31.64805],[72.42251,31.63297],[72.42061,31.6309],[72.42231,31.62976],[72.42175,31.6271],[72.42414,31.62091],[72.4226,31.6182],[72.42326,31.61551],[72.42806,31.61233],[72.42525,31.60813],[72.4374,31.6002],[72.43288,31.59556],[72.45056,31.58256],[72.44623,31.57777],[72.44797,31.57664],[72.4453,31.56935],[72.44809,31.56938],[72.4491,31.55959],[72.45395,31.55956],[72.45426,31.55048],[72.45744,31.54985],[72.45958,31.5468],[72.47379,31.54378],[72.4765,31.53655],[72.4754,31.53465],[72.48026,31.53022],[72.49353,31.52519],[72.51382,31.51208],[72.52232,31.51226],[72.52532,31.50465],[72.52912,31.50313],[72.5294,31.49316],[72.5326,31.4912],[72.53712,31.48187],[72.54365,31.48102],[72.54291,31.47951],[72.55868,31.46317],[72.5588,31.45812],[72.56497,31.45569],[72.56717,31.4582],[72.59201,31.46238],[72.59332,31.45629],[72.60721,31.45854],[72.60788,31.4556],[72.61135,31.45617],[72.61201,31.45321],[72.61008,31.45071],[72.61365,31.4506],[72.6134,31.44493],[72.62062,31.4396],[72.60961,31.4281],[72.61265,31.427],[72.61241,31.42031],[72.61807,31.42017],[72.61802,31.41857],[72.62184,31.41515],[72.62932,31.41476],[72.6318,31.4086],[72.65709,31.39532],[72.65298,31.38951],[72.65465,31.38964],[72.65629,31.38543],[72.66141,31.38672],[72.66637,31.37657],[72.6698,31.37461],[72.6753,31.37608],[72.67647,31.37387],[72.67314,31.37259],[72.67682,31.37103],[72.68117,31.37011],[72.68459,31.37166],[72.6866,31.36933],[72.68927,31.37017],[72.69148,31.36606],[72.68989,31.36257],[72.6791,31.35703],[72.67678,31.35412],[72.67703,31.34953],[72.68037,31.34496],[72.67722,31.33754],[72.68021,31.32911],[72.67396,31.31733],[72.65271,31.31435],[72.65443,31.30852],[72.64595,31.30747],[72.63747,31.30995],[72.63381,31.30831],[72.63364,31.30305],[72.63659,31.30137],[72.63578,31.29959],[72.63826,31.2956],[72.6367,31.29316],[72.64347,31.28973],[72.64091,31.28711],[72.64286,31.28491],[72.64095,31.28182],[72.64313,31.28031],[72.64094,31.27806],[72.64356,31.27606],[72.64262,31.27511],[72.6448,31.27268],[72.64394,31.27176],[72.64645,31.26977],[72.64188,31.26471],[72.63414,31.25967],[72.63036,31.26004],[72.62354,31.26516],[72.61548,31.26339],[72.61196,31.27154],[72.59441,31.26684],[72.5957,31.26577],[72.58782,31.258],[72.59357,31.25449],[72.59161,31.25249],[72.59215,31.24934],[72.58964,31.24461],[72.58618,31.24725],[72.57226,31.23356],[72.5576,31.24467],[72.55527,31.24232],[72.55269,31.24422],[72.54882,31.23983],[72.54054,31.23744],[72.53871,31.23476],[72.53987,31.2338],[72.53757,31.23156],[72.52156,31.24358],[72.49605,31.21856],[72.49342,31.22052],[72.49104,31.21822],[72.47398,31.23098],[72.46368,31.22404],[72.45425,31.21369],[72.45847,31.21051],[72.46167,31.21213],[72.4668,31.20819],[72.47138,31.21276],[72.47369,31.20953],[72.4765,31.20912],[72.4771,31.20009],[72.48073,31.20008],[72.4807,31.19574],[72.47704,31.19573],[72.47697,31.18547],[72.48792,31.18258],[72.48788,31.17823],[72.49145,31.17819],[72.4913,31.1607],[72.48766,31.1607],[72.48762,31.15631],[72.48397,31.1563],[72.48396,31.15338],[72.48031,31.15338],[72.48035,31.15193],[72.46209,31.15191],[72.46208,31.14898],[72.4657,31.14898],[72.47083,31.14298],[72.47192,31.14408],[72.47657,31.14023],[72.48012,31.14023],[72.48012,31.13302],[72.47658,31.1329],[72.47646,31.1228],[72.46915,31.1212],[72.4691,31.11828],[72.45117,31.11977],[72.45078,31.11647],[72.43878,31.11091],[72.42011,31.1069],[72.42192,31.10549],[72.42143,31.07719],[72.41262,31.07934],[72.40837,31.0785],[72.39189,31.06805],[72.38496,31.05601],[72.3804,31.0529],[72.3999,31.04153],[72.39501,31.03168],[72.39286,31.03028],[72.38013,31.03109],[72.3754,31.02941],[72.37164,31.0248],[72.35801,31.01943],[72.35555,31.01431],[72.35745,31.0056],[72.3515,30.99553],[72.3524,30.9857],[72.35091,30.98192],[72.33383,30.96903],[72.3346,30.96483],[72.32704,30.9648],[72.32603,30.95705],[72.32443,30.9576],[72.3206,30.95255],[72.32502,30.95002],[72.326,30.94604],[72.32422,30.94318],[72.32937,30.94037],[72.32926,30.93637],[72.325,30.93051],[72.32572,30.92566],[72.31848,30.92414],[72.31841,30.91389],[72.30752,30.91241],[72.30752,30.91099],[72.3002,30.91099],[72.30013,30.89928],[72.29648,30.8993],[72.29647,30.89546],[72.28753,30.89359],[72.27901,30.89598],[72.2552,30.89268],[72.24715,30.88504],[72.24665,30.88179],[72.24277,30.88293],[72.24074,30.88172],[72.24043,30.87351],[72.23501,30.86722],[72.23242,30.85725],[72.2291,30.85318],[72.23039,30.85233],[72.23001,30.84982],[72.22615,30.84637],[72.226,30.84194],[72.24347,30.84822],[72.24896,30.84819],[72.24895,30.84387],[72.25257,30.84385],[72.25254,30.83799],[72.25612,30.83797],[72.25612,30.83378],[72.25083,30.82804],[72.2517,30.82412],[72.25055,30.81976],[72.22872,30.80681],[72.22809,30.79828],[72.22629,30.79675],[72.21815,30.79995],[72.22482,30.78728],[72.23546,30.77383],[72.21216,30.73306],[72.19803,30.73193],[72.19799,30.73015],[72.18762,30.73007],[72.18759,30.72838],[72.18463,30.72833],[72.18503,30.7299],[72.17775,30.72976],[72.17428,30.72704],[72.17428,30.72445],[72.16153,30.72446],[72.16146,30.7293],[72.15793,30.72927],[72.15608,30.73038],[72.15602,30.73242],[72.15252,30.73242],[72.15252,30.73459],[72.13394,30.73657],[72.12092,30.74025],[72.10342,30.74013],[72.10344,30.73741],[72.08943,30.73719],[72.08916,30.73454],[72.06421,30.73539],[72.06073,30.73647],[72.06067,30.73918],[72.04673,30.73955],[72.04676,30.73547],[72.04396,30.73459],[72.04524,30.72989],[72.0439,30.72377],[72.03776,30.72035],[72.03342,30.72014],[72.02958,30.71486],[72.02334,30.71476],[72.02335,30.71044],[72.01427,30.71033],[72.0136,30.70708],[72.00005,30.70308],[71.9998,30.69992],[71.99416,30.70031],[71.99406,30.70415],[71.98848,30.70407],[71.98843,30.70773],[71.98375,30.70659],[71.98781,30.70077],[71.98866,30.69596],[71.99201,30.69598],[71.99224,30.68875],[71.99356,30.68847],[71.99366,30.68179],[71.99579,30.68186],[71.99591,30.6764],[71.98941,30.6763],[71.98727,30.67492],[71.9896,30.67371],[71.97284,30.67427],[71.96359,30.67174],[71.96107,30.67213],[71.96091,30.68253],[71.94909,30.6826],[71.94967,30.68082],[71.94821,30.68073],[71.94592,30.68205],[71.93088,30.68112],[71.9311,30.67007],[71.92903,30.67005],[71.92903,30.66854],[71.92097,30.6685],[71.92058,30.67005],[71.90951,30.67293],[71.9085,30.67698],[71.90566,30.67726],[71.90448,30.68059],[71.891,30.68114],[71.88187,30.67661],[71.87761,30.67954],[71.87754,30.6829],[71.87432,30.68416],[71.8718,30.68234],[71.87365,30.67916],[71.8722,30.67785],[71.86358,30.67795],[71.85865,30.67563],[71.85464,30.67031],[71.84753,30.66741],[71.84623,30.669],[71.83738,30.66247],[71.83723,30.65986],[71.82287,30.65101],[71.81692,30.65565],[71.80605,30.6484],[71.80478,30.64495],[71.79861,30.64221],[71.78673,30.62519],[71.78253,30.62407],[71.7824,30.61547],[71.78375,30.61544],[71.78502,30.61217],[71.7762,30.60904],[71.77615,30.60469],[71.77377,30.60428],[71.77018,30.60045],[71.75499,30.6021],[71.7485,30.60032],[71.74278,30.60106],[71.73059,30.59657],[71.72584,30.5963],[71.72062,30.59831],[71.71817,30.60711],[71.71204,30.60804],[71.71211,30.61714],[71.69048,30.62333],[71.67929,30.63485],[71.67451,30.63671],[71.66973,30.63151],[71.66535,30.63161],[71.65909,30.62435],[71.65352,30.62445],[71.65349,30.62883],[71.65,30.6288],[71.65004,30.6315],[71.64333,30.63157],[71.64228,30.63502],[71.63991,30.63403],[71.6319,30.63753],[71.62612,30.63791],[71.62411,30.64124],[71.61842,30.64131],[71.61829,30.6438],[71.62923,30.6462],[71.64307,30.64418],[71.65587,30.6514],[71.65806,30.66609],[71.65532,30.67275],[71.65748,30.68553],[71.65063,30.69656],[71.65043,30.69928],[71.66087,30.70511],[71.66676,30.70544],[71.68649,30.71126],[71.68192,30.72644],[71.67929,30.72862],[71.67865,30.73199],[71.6816,30.7397],[71.68372,30.75664],[71.68813,30.76001],[71.69997,30.76002],[71.70334,30.76401],[71.71784,30.77144],[71.71897,30.7756],[71.72035,30.77567],[71.72028,30.78024],[71.71787,30.78309],[71.7203,30.79469],[71.72296,30.8007],[71.72658,30.80307],[71.73022,30.80287],[71.73265,30.80705],[71.74727,30.80929],[71.7627,30.80353],[71.775,30.8092],[71.77431,30.81569],[71.77701,30.81913],[71.77897,30.82843],[71.77671,30.83515],[71.77893,30.8533],[71.78709,30.85437],[71.79725,30.85072],[71.80263,30.85572],[71.81065,30.85959],[71.81237,30.86318],[71.82176,30.8706],[71.83297,30.88661],[71.82919,30.89183],[71.80852,30.88923],[71.80036,30.89924],[71.79729,30.90826],[71.80639,30.9143],[71.80671,30.91746],[71.81054,30.92112],[71.80927,30.92552],[71.81027,30.9278],[71.81575,30.92933],[71.82087,30.93427],[71.82231,30.93767],[71.82616,30.94006],[71.8258,30.9455],[71.82758,30.94661],[71.76972,30.98632],[71.78668,31.00952],[71.8121,31.03656],[71.80895,31.0784],[71.80695,31.08265],[71.78578,31.10194],[71.78077,31.11051],[71.76474,31.14778],[71.76282,31.16109],[71.75639,31.18251],[71.75411,31.19724],[71.76159,31.22116],[71.77167,31.23921],[71.84007,31.26088],[71.84042,31.2671],[71.91491,31.27032],[71.94239,31.25876],[71.96895,31.25791],[71.96899,31.26571],[71.97758,31.26577],[71.97981,31.31979],[71.98227,31.31983],[71.98229,31.3315],[71.98594,31.33151],[71.98594,31.33443],[71.9823,31.33441],[71.98266,31.38697],[71.97871,31.38688],[71.9789,31.39568],[71.97523,31.39578],[71.97501,31.46834],[71.95979,31.47226],[71.9606,31.4781],[71.95467,31.48583],[71.95552,31.48891],[71.96309,31.49614],[71.99118,31.53474],[71.98971,31.53478],[71.99487,31.54187],[72.00601,31.5528],[72.00828,31.5577],[72.03155,31.5575],[72.03125,31.60812],[72.02018,31.61088],[72.05682,31.65431],[72.09346,31.69333],[72.10774,31.71594],[72.13618,31.7542],[72.1681,31.73639],[72.17381,31.73473],[72.17439,31.73974],[72.17605,31.74005],[72.17852,31.73896],[72.17875,31.73485],[72.19347,31.73853],[72.20241,31.73609],[72.20489,31.74297],[72.19998,31.74637],[72.20013,31.74795],[72.20165,31.75218],[72.20552,31.75632],[72.20575,31.75973],[72.21332,31.76823],[72.2111,31.77326],[72.21615,31.77567],[72.22375,31.77045],[72.22478,31.77246],[72.23325,31.77263],[72.241,31.7846],[72.24738,31.79117],[72.25699,31.78907],[72.26629,31.7836],[72.29318,31.77917],[72.29156,31.77715],[72.29812,31.7728]]]]}},{"type":"Feature","properties":{"name":"Jhelum"},"geometry":{"type":"MultiPolygon","coordinates":[[[[73.62268,33.24577],[73.62437,33.23848],[73.62891,33.23895],[73.63966,33.23363],[73.64787,33.23386],[73.6495,33.23262],[73.65184,33.22524],[73.64427,33.22655],[73.6423,33.22543],[73.64455,33.21864],[73.64726,33.21569],[73.64623,33.2117],[73.64913,33.21206],[73.64789,33.20994],[73.64902,33.20934],[73.65141,33.21151],[73.65293,33.21877],[73.65705,33.22571],[73.65703,33.22361],[73.66097,33.22389],[73.66085,33.21921],[73.66462,33.21938],[73.66445,33.21476],[73.66828,33.2151],[73.66805,33.21059],[73.67176,33.21093],[73.6717,33.20619],[73.67536,33.20636],[73.6753,33.19762],[73.67165,33.19745],[73.67153,33.18586],[73.6753,33.18586],[73.67507,33.17849],[73.67136,33.17855],[73.67096,33.15639],[73.66753,33.15662],[73.66782,33.15502],[73.66365,33.15536],[73.66388,33.15354],[73.65646,33.15217],[73.65611,33.13036],[73.65218,33.13036],[73.65225,33.12747],[73.64847,33.1275],[73.64833,33.12315],[73.64458,33.12297],[73.64469,33.12012],[73.64105,33.12012],[73.64108,33.1158],[73.63737,33.11587],[73.63694,33.10705],[73.64083,33.1072],[73.64055,33.0967],[73.62884,33.09813],[73.6314,33.09555],[73.62774,33.09376],[73.63031,33.08984],[73.6315,33.09091],[73.63414,33.0843],[73.63917,33.08348],[73.64239,33.0853],[73.65358,33.08385],[73.65644,33.08575],[73.65928,33.08415],[73.66137,33.08491],[73.67418,33.08239],[73.68675,33.08749],[73.69461,33.08277],[73.69705,33.08442],[73.70569,33.08271],[73.70568,33.07908],[73.71563,33.07729],[73.72115,33.07061],[73.72358,33.07153],[73.73454,33.0685],[73.74265,33.05868],[73.74962,33.05398],[73.74897,33.05098],[73.75053,33.04722],[73.74765,33.04494],[73.7457,33.03735],[73.75493,33.02206],[73.76258,33.01923],[73.76469,33.01591],[73.76566,33.0191],[73.7713,33.01823],[73.77464,33.01281],[73.77993,33.01098],[73.78181,33.0036],[73.78473,33.00487],[73.78786,33.00239],[73.78893,33.00403],[73.79233,33.00429],[73.79369,33.00272],[73.79484,33.00058],[73.79315,32.99733],[73.79718,32.99597],[73.7984,32.99344],[73.79484,32.98262],[73.79598,32.98218],[73.79083,32.97328],[73.79086,32.97134],[73.79321,32.97063],[73.795,32.96301],[73.79213,32.96178],[73.78825,32.95651],[73.78688,32.95685],[73.78449,32.95283],[73.72405,32.90887],[73.68639,32.88531],[73.67597,32.88147],[73.66083,32.87141],[73.64964,32.86703],[73.64649,32.86232],[73.6359,32.85795],[73.63346,32.85253],[73.62596,32.84841],[73.6246,32.84434],[73.61377,32.83036],[73.61405,32.82797],[73.60891,32.82339],[73.60899,32.81856],[73.60109,32.8127],[73.60072,32.81153],[73.60592,32.80868],[73.60891,32.80453],[73.6082,32.80151],[73.60665,32.80123],[73.60602,32.79622],[73.59558,32.78654],[73.59536,32.77868],[73.59074,32.78004],[73.59118,32.77],[73.58776,32.76757],[73.58764,32.76491],[73.59111,32.76625],[73.59193,32.75905],[73.5895,32.7516],[73.58782,32.75215],[73.58589,32.75033],[73.5893,32.74871],[73.58868,32.74734],[73.58535,32.74254],[73.57879,32.74046],[73.57904,32.73744],[73.57523,32.73682],[73.57089,32.73133],[73.56935,32.72649],[73.56444,32.72657],[73.55926,32.71077],[73.52535,32.69049],[73.52937,32.68871],[73.52895,32.68767],[73.51962,32.68568],[73.52175,32.68314],[73.52145,32.67789],[73.51835,32.67613],[73.51196,32.67721],[73.50515,32.67548],[73.49981,32.67231],[73.4997,32.67007],[73.49544,32.66907],[73.49427,32.66779],[73.49562,32.66649],[73.49206,32.66533],[73.49198,32.66182],[73.48319,32.66096],[73.48326,32.65836],[73.47608,32.65784],[73.47034,32.65384],[73.46522,32.65321],[73.46396,32.65588],[73.45555,32.65573],[73.44654,32.65274],[73.42511,32.63703],[73.42255,32.63148],[73.41488,32.62841],[73.41431,32.62682],[73.40869,32.62625],[73.40602,32.62275],[73.40576,32.63474],[73.40246,32.63423],[73.40105,32.632],[73.3783,32.63186],[73.37701,32.629],[73.36496,32.63008],[73.34988,32.62337],[73.34761,32.61897],[73.32069,32.61978],[73.31463,32.61125],[73.29644,32.60527],[73.28366,32.59733],[73.28085,32.59978],[73.27081,32.59139],[73.26478,32.5886],[73.26081,32.59053],[73.25415,32.58939],[73.24974,32.58678],[73.23998,32.58814],[73.231,32.58187],[73.22532,32.58341],[73.22541,32.5853],[73.22298,32.5855],[73.21557,32.59554],[73.20229,32.59342],[73.19893,32.59172],[73.19897,32.59005],[73.19568,32.58939],[73.19372,32.58371],[73.18725,32.58563],[73.18037,32.5834],[73.1791,32.58188],[73.18113,32.57973],[73.17862,32.57847],[73.17503,32.57998],[73.17464,32.58238],[73.17092,32.58271],[73.16585,32.58144],[73.16015,32.57745],[73.15767,32.58291],[73.1576,32.58054],[73.15263,32.57901],[73.14055,32.57055],[73.13569,32.5709],[73.1217,32.56327],[73.11414,32.56493],[73.10716,32.56923],[73.10159,32.56913],[73.08867,32.55994],[73.07552,32.56003],[73.05236,32.55089],[73.0411,32.55389],[73.03912,32.55322],[73.03731,32.55479],[73.03377,32.55291],[73.02893,32.55283],[73.02459,32.55538],[73.02373,32.55786],[73.00896,32.56189],[73.00302,32.55857],[72.99938,32.55351],[72.99484,32.55379],[72.99475,32.55084],[72.99346,32.55064],[72.99509,32.54809],[72.99411,32.5429],[72.98506,32.54257],[72.97581,32.5389],[72.9558,32.53822],[72.94628,32.53218],[72.9401,32.53182],[72.92663,32.52186],[72.92489,32.51872],[72.92046,32.51817],[72.91799,32.51522],[72.91387,32.5151],[72.91266,32.51775],[72.90637,32.51577],[72.89653,32.51575],[72.88777,32.50802],[72.87737,32.50493],[72.87421,32.50148],[72.87296,32.49619],[72.86229,32.48843],[72.85643,32.4795],[72.85891,32.47705],[72.85385,32.47322],[72.84474,32.46935],[72.8381,32.46282],[72.83101,32.46257],[72.82866,32.45915],[72.81987,32.45447],[72.81069,32.45101],[72.81038,32.45308],[72.8087,32.45284],[72.80302,32.4489],[72.78531,32.44793],[72.77192,32.45131],[72.75789,32.45103],[72.7571,32.44212],[72.74089,32.43759],[72.73381,32.43195],[72.72551,32.43336],[72.7019,32.43037],[72.69336,32.43121],[72.68219,32.4297],[72.67936,32.43077],[72.67598,32.42929],[72.67572,32.43109],[72.66445,32.43225],[72.66435,32.43101],[72.65883,32.43275],[72.64507,32.42869],[72.64126,32.43177],[72.63017,32.43265],[72.62744,32.43481],[72.6271,32.44016],[72.63033,32.44159],[72.62574,32.44458],[72.62647,32.44635],[72.62385,32.45577],[72.62106,32.45554],[72.61901,32.46096],[72.63231,32.46764],[72.63236,32.47087],[72.62587,32.4797],[72.62469,32.48962],[72.6223,32.49475],[72.6161,32.50128],[72.61487,32.50514],[72.61544,32.51342],[72.6101,32.5183],[72.60764,32.53009],[72.60404,32.53004],[72.60673,32.53744],[72.60547,32.53798],[72.60618,32.5421],[72.61302,32.54519],[72.61485,32.55091],[72.61326,32.55336],[72.61542,32.57045],[72.61367,32.57761],[72.61527,32.57976],[72.61993,32.57939],[72.62578,32.57643],[72.62937,32.58628],[72.62874,32.59179],[72.63476,32.58987],[72.64864,32.60034],[72.64985,32.60322],[72.6573,32.59602],[72.66047,32.59597],[72.66365,32.59279],[72.66696,32.59279],[72.66713,32.58817],[72.66542,32.58679],[72.66754,32.58457],[72.6673,32.58135],[72.67237,32.58039],[72.68139,32.5817],[72.69061,32.57253],[72.69727,32.57533],[72.69814,32.5775],[72.70191,32.57899],[72.7074,32.58439],[72.70959,32.59118],[72.71441,32.5926],[72.7167,32.59816],[72.71634,32.61158],[72.73444,32.62401],[72.74422,32.62651],[72.7437,32.63417],[72.73707,32.64894],[72.73953,32.65195],[72.74313,32.65084],[72.7444,32.64799],[72.74763,32.64987],[72.75486,32.64577],[72.75949,32.64494],[72.76549,32.63949],[72.76572,32.64162],[72.77002,32.64216],[72.78113,32.64075],[72.78443,32.63659],[72.79006,32.63656],[72.79503,32.63117],[72.79601,32.62526],[72.80105,32.62479],[72.80272,32.62715],[72.81003,32.6272],[72.81008,32.62917],[72.82701,32.63019],[72.82667,32.6326],[72.82771,32.63216],[72.82916,32.63486],[72.82997,32.63912],[72.83406,32.63995],[72.84655,32.63661],[72.85584,32.63729],[72.86226,32.63602],[72.8677,32.63754],[72.87267,32.63433],[72.87434,32.63647],[72.87884,32.63351],[72.88991,32.632],[72.90313,32.63294],[72.90684,32.63609],[72.91604,32.63327],[72.91669,32.65085],[72.9148,32.65632],[72.93494,32.65552],[72.94679,32.65037],[72.95197,32.65048],[72.95888,32.64792],[72.96208,32.65126],[72.97021,32.65438],[72.96743,32.65927],[72.97104,32.66067],[72.96987,32.66465],[72.97719,32.66882],[72.97383,32.67158],[72.97758,32.67268],[72.97535,32.67394],[72.97583,32.6778],[72.98468,32.6777],[72.99931,32.68176],[72.99593,32.68286],[72.99625,32.68677],[73.01032,32.69865],[73.01134,32.693],[73.01238,32.69185],[73.01672,32.69312],[73.01696,32.68672],[73.02049,32.6835],[73.0181,32.6773],[73.02696,32.67464],[73.03167,32.67752],[73.03366,32.67425],[73.03182,32.67262],[73.03522,32.67051],[73.03493,32.66816],[73.0394,32.66333],[73.0419,32.66336],[73.04358,32.66156],[73.05053,32.66237],[73.05684,32.66119],[73.05956,32.65931],[73.06153,32.66037],[73.06396,32.65208],[73.06639,32.65022],[73.0723,32.65406],[73.07599,32.66018],[73.07605,32.66956],[73.07882,32.67387],[73.07559,32.67889],[73.07603,32.68181],[73.08792,32.68833],[73.08837,32.69137],[73.09797,32.69067],[73.1024,32.69588],[73.10967,32.69018],[73.12395,32.69163],[73.13138,32.69944],[73.13134,32.7102],[73.13326,32.71364],[73.13849,32.715],[73.14061,32.71261],[73.14665,32.71367],[73.14597,32.71839],[73.14428,32.71901],[73.14661,32.723],[73.14624,32.72842],[73.15091,32.72675],[73.15382,32.72804],[73.15888,32.72596],[73.16513,32.72666],[73.1663,32.72295],[73.17516,32.7215],[73.17595,32.71989],[73.18852,32.71472],[73.2012,32.7142],[73.20949,32.70335],[73.21522,32.70768],[73.22255,32.71044],[73.22282,32.71618],[73.22517,32.71731],[73.22454,32.71943],[73.23059,32.72188],[73.23272,32.72691],[73.23814,32.72767],[73.2398,32.73223],[73.24297,32.73242],[73.24045,32.73391],[73.24605,32.73657],[73.24883,32.7353],[73.24946,32.73677],[73.25202,32.73632],[73.25384,32.73844],[73.25835,32.73821],[73.26368,32.74244],[73.25552,32.75618],[73.25017,32.77103],[73.24682,32.7948],[73.23375,32.79145],[73.231,32.79342],[73.22931,32.79628],[73.22803,32.80699],[73.22389,32.81284],[73.21639,32.81669],[73.16659,32.82003],[73.13028,32.82045],[73.12452,32.82226],[73.12262,32.82488],[73.12164,32.83147],[73.11606,32.83081],[73.11615,32.83456],[73.14816,32.86311],[73.15458,32.87334],[73.15672,32.88869],[73.15411,32.8922],[73.15535,32.89904],[73.15345,32.8994],[73.15317,32.90219],[73.16382,32.91023],[73.16347,32.91312],[73.16503,32.91451],[73.17511,32.92014],[73.178,32.91898],[73.18096,32.92208],[73.18187,32.92464],[73.18076,32.92729],[73.18535,32.93204],[73.18003,32.94189],[73.19521,32.93931],[73.21311,32.95339],[73.21183,32.95808],[73.21744,32.96245],[73.22074,32.98519],[73.18288,33.00635],[73.18117,33.00487],[73.1791,33.00767],[73.17914,33.02116],[73.17401,33.02285],[73.18699,33.03615],[73.1818,33.04029],[73.18287,33.04716],[73.18878,33.05596],[73.1909,33.06797],[73.21856,33.08383],[73.25962,33.09244],[73.27094,33.09702],[73.29054,33.09935],[73.31608,33.10553],[73.32516,33.10435],[73.33482,33.11005],[73.34424,33.11025],[73.34938,33.1032],[73.35451,33.10373],[73.35468,33.10016],[73.35956,33.10078],[73.36157,33.09725],[73.37059,33.10062],[73.36823,33.10505],[73.3731,33.10829],[73.37138,33.11231],[73.37869,33.11821],[73.3797,33.12521],[73.3887,33.1315],[73.38838,33.13343],[73.38601,33.13359],[73.3902,33.13895],[73.38295,33.14432],[73.38275,33.14876],[73.37938,33.15164],[73.37502,33.15327],[73.37309,33.15168],[73.36679,33.15545],[73.36409,33.15934],[73.36426,33.1661],[73.3612,33.17073],[73.36266,33.17179],[73.36258,33.17513],[73.36814,33.17899],[73.36193,33.18589],[73.36343,33.188],[73.38631,33.19377],[73.39312,33.19429],[73.40031,33.18979],[73.40289,33.19339],[73.41139,33.19663],[73.41398,33.19578],[73.4172,33.19813],[73.41306,33.20285],[73.41611,33.20558],[73.41601,33.21059],[73.41368,33.21103],[73.40958,33.20829],[73.40518,33.21116],[73.40815,33.21364],[73.40592,33.21485],[73.40651,33.21705],[73.41523,33.21781],[73.40618,33.23177],[73.40561,33.23343],[73.40788,33.23446],[73.41726,33.23482],[73.42653,33.23072],[73.42853,33.23418],[73.43441,33.23832],[73.44129,33.2349],[73.4463,33.23548],[73.44767,33.2379],[73.44295,33.24018],[73.45137,33.24776],[73.45448,33.24611],[73.45606,33.24779],[73.45867,33.24769],[73.46368,33.24463],[73.46835,33.23628],[73.4663,33.23465],[73.47131,33.22798],[73.46621,33.22721],[73.46708,33.22626],[73.46551,33.22383],[73.45839,33.22368],[73.46267,33.21961],[73.46263,33.2179],[73.46882,33.21721],[73.47029,33.21883],[73.47501,33.21889],[73.4781,33.22285],[73.48411,33.22459],[73.49535,33.22496],[73.49669,33.22259],[73.50437,33.22176],[73.52689,33.2293],[73.52942,33.229],[73.53333,33.22414],[73.54046,33.22231],[73.54324,33.21759],[73.54284,33.2131],[73.54624,33.20887],[73.55196,33.21391],[73.55543,33.22074],[73.55916,33.22066],[73.56374,33.22748],[73.57045,33.23272],[73.58125,33.23501],[73.59715,33.23114],[73.59988,33.2363],[73.60912,33.24182],[73.60943,33.24593],[73.61273,33.24481],[73.61816,33.2491],[73.62268,33.24577]]]]}},{"type":"Feature","properties":{"name":"Kasur"},"geometry":{"type":"MultiPolygon","coordinates":[[[[74.48766,31.3397],[74.49213,31.33866],[74.49624,31.33359],[74.49799,31.32585],[74.50007,31.32371],[74.51311,31.32082],[74.51934,31.32192],[74.51807,31.32571],[74.51328,31.32753],[74.51593,31.33064],[74.51632,31.33421],[74.53277,31.33229],[74.53682,31.33022],[74.54187,31.33296],[74.54214,31.33139],[74.5389,31.32904],[74.53899,31.31823],[74.53542,31.31072],[74.54324,31.3056],[74.5432,31.30294],[74.53867,31.29867],[74.53147,31.28185],[74.52759,31.27647],[74.51754,31.27693],[74.51759,31.28044],[74.51508,31.27892],[74.50895,31.27994],[74.50844,31.27882],[74.51149,31.27831],[74.51151,31.26803],[74.52107,31.26821],[74.5242,31.26103],[74.53204,31.25224],[74.53252,31.24874],[74.52771,31.23947],[74.52563,31.23761],[74.52304,31.23769],[74.51894,31.23329],[74.51981,31.23184],[74.51616,31.22551],[74.51021,31.22361],[74.50724,31.22845],[74.50433,31.22192],[74.49517,31.21187],[74.50591,31.19932],[74.50811,31.19862],[74.50844,31.20087],[74.52516,31.20041],[74.52327,31.19708],[74.52326,31.18943],[74.52073,31.18269],[74.51279,31.18045],[74.51251,31.17253],[74.50885,31.1693],[74.50973,31.1645],[74.51132,31.16359],[74.50771,31.15792],[74.50995,31.15634],[74.50792,31.15379],[74.51283,31.1511],[74.51071,31.14711],[74.51235,31.14257],[74.51111,31.1425],[74.51145,31.13823],[74.50103,31.14149],[74.50063,31.14337],[74.49966,31.14186],[74.49577,31.14282],[74.49527,31.14553],[74.49369,31.14226],[74.48937,31.14263],[74.48963,31.14503],[74.48547,31.14551],[74.48849,31.13464],[74.4957,31.13141],[74.49875,31.12808],[74.51224,31.13226],[74.52594,31.1287],[74.54366,31.12093],[74.54526,31.12235],[74.54831,31.12191],[74.54763,31.11458],[74.55002,31.11269],[74.55016,31.10358],[74.54885,31.10176],[74.55099,31.09689],[74.55106,31.0871],[74.55806,31.08318],[74.56375,31.0832],[74.57117,31.08084],[74.5737,31.08577],[74.58874,31.08763],[74.5865,31.09106],[74.5889,31.0923],[74.59061,31.09235],[74.5912,31.08847],[74.60073,31.08786],[74.59927,31.09298],[74.60413,31.09297],[74.60401,31.09491],[74.60717,31.09475],[74.60964,31.09746],[74.60966,31.11178],[74.60529,31.11435],[74.59641,31.1272],[74.59698,31.12925],[74.59883,31.1288],[74.60244,31.13334],[74.60957,31.13377],[74.61847,31.13131],[74.62202,31.13303],[74.62665,31.13109],[74.63098,31.13272],[74.63253,31.13121],[74.63093,31.12796],[74.63226,31.12144],[74.63732,31.11779],[74.64761,31.12749],[74.65331,31.12931],[74.65901,31.13382],[74.66675,31.12418],[74.6729,31.12342],[74.68209,31.12705],[74.68893,31.12786],[74.68973,31.11828],[74.69806,31.11237],[74.69719,31.10247],[74.70124,31.09693],[74.70226,31.09153],[74.69719,31.08458],[74.69054,31.08117],[74.69574,31.07383],[74.67096,31.05357],[74.61834,31.04386],[74.61352,31.04474],[74.59678,31.03759],[74.59512,31.04192],[74.59588,31.04505],[74.59352,31.0456],[74.59611,31.04926],[74.5914,31.05195],[74.57437,31.05663],[74.57269,31.0557],[74.57158,31.05745],[74.56451,31.05067],[74.56052,31.0527],[74.55802,31.05069],[74.5577,31.0465],[74.55424,31.04132],[74.55106,31.04051],[74.54482,31.03291],[74.54647,31.02787],[74.53951,31.00866],[74.54172,31.00121],[74.54446,30.9982],[74.54301,30.99692],[74.54624,30.99344],[74.51609,30.97935],[74.50868,30.96718],[74.50449,30.96523],[74.49773,30.96437],[74.49183,30.97446],[74.48971,30.97257],[74.48135,30.97056],[74.47985,30.97425],[74.4569,30.96424],[74.46621,30.95666],[74.45157,30.95569],[74.45517,30.95117],[74.44199,30.9519],[74.44183,30.94536],[74.4393,30.94195],[74.42044,30.94097],[74.41372,30.9295],[74.42351,30.92935],[74.42862,30.93105],[74.42348,30.92077],[74.41011,30.92334],[74.41091,30.91845],[74.41865,30.91914],[74.42442,30.91576],[74.42267,30.90774],[74.39735,30.90944],[74.38291,30.89534],[74.37058,30.89522],[74.3658,30.8929],[74.36685,30.88626],[74.3617,30.87785],[74.36083,30.87354],[74.38215,30.86029],[74.37785,30.85829],[74.37395,30.85969],[74.36983,30.8574],[74.36456,30.85721],[74.36841,30.85174],[74.36708,30.849],[74.36323,30.84715],[74.355,30.84846],[74.35413,30.85257],[74.34822,30.85487],[74.33874,30.85252],[74.34031,30.84901],[74.33239,30.85095],[74.32492,30.84949],[74.32033,30.84643],[74.31991,30.84197],[74.32202,30.83856],[74.31899,30.83291],[74.31961,30.82736],[74.30893,30.81745],[74.29934,30.8045],[74.29664,30.79683],[74.28808,30.78423],[74.26727,30.77567],[74.26386,30.77565],[74.2608,30.77331],[74.25975,30.77165],[74.26076,30.76906],[74.2737,30.75301],[74.27498,30.7408],[74.27878,30.74107],[74.28637,30.73543],[74.28149,30.73081],[74.27473,30.73716],[74.27126,30.73202],[74.26833,30.73424],[74.26897,30.73024],[74.2669,30.72624],[74.26052,30.72296],[74.24848,30.72586],[74.24163,30.72591],[74.2453,30.72431],[74.2452,30.72277],[74.23259,30.7245],[74.22722,30.71878],[74.22746,30.71288],[74.22502,30.71306],[74.22312,30.70943],[74.21878,30.69343],[74.21176,30.68745],[74.20553,30.67622],[74.19787,30.6707],[74.19078,30.66218],[74.18073,30.66049],[74.17729,30.65511],[74.16914,30.64875],[74.16307,30.64836],[74.15959,30.64161],[74.15596,30.64069],[74.15323,30.63512],[74.14933,30.63176],[74.13776,30.62742],[74.13285,30.63093],[74.13473,30.63192],[74.13494,30.63711],[74.13255,30.63726],[74.12208,30.64512],[74.11184,30.64892],[74.11137,30.65392],[74.11518,30.66035],[74.11494,30.67082],[74.10828,30.67105],[74.10161,30.66772],[74.08948,30.67653],[74.08876,30.68676],[74.09091,30.69033],[74.09091,30.7008],[74.08567,30.70199],[74.08662,30.70579],[74.08163,30.71246],[74.07425,30.71721],[74.07377,30.72055],[74.06949,30.72388],[74.06711,30.72935],[74.04879,30.73911],[74.05569,30.75743],[74.05164,30.76147],[74.04808,30.77218],[74.03832,30.78194],[74.03094,30.77694],[74.02214,30.77742],[74.0131,30.78075],[74.00762,30.78051],[74.00667,30.78408],[74.00215,30.78693],[74.00025,30.79241],[73.99121,30.79193],[73.9896,30.79931],[73.98621,30.8005],[73.9855,30.80525],[73.99025,30.80549],[73.98978,30.81501],[73.98097,30.81977],[73.98026,30.80978],[73.96908,30.80906],[73.96813,30.80288],[73.96551,30.80288],[73.96313,30.79835],[73.96241,30.8112],[73.95052,30.82072],[73.95076,30.82738],[73.93791,30.82453],[73.91935,30.83595],[73.92222,30.84271],[73.90871,30.85358],[73.89412,30.85403],[73.89079,30.84785],[73.8639,30.85023],[73.86414,30.8538],[73.84859,30.85516],[73.83702,30.85308],[73.82536,30.85832],[73.82317,30.87909],[73.81513,30.89996],[73.80323,30.91281],[73.79908,30.92729],[73.79395,30.93137],[73.78633,30.93137],[73.76577,30.92274],[73.76206,30.91923],[73.75588,30.92423],[73.74493,30.92732],[73.72542,30.94326],[73.7397,30.97182],[73.7397,30.99204],[73.72375,30.99204],[73.71447,30.99752],[73.70757,31.00608],[73.70044,31.01679],[73.69758,31.03916],[73.69853,31.04439],[73.6538,31.06283],[73.65128,31.06159],[73.64238,31.06485],[73.6419,31.06937],[73.64523,31.07223],[73.64618,31.0777],[73.64143,31.07747],[73.64309,31.08793],[73.6488,31.09293],[73.65784,31.0965],[73.66284,31.10031],[73.66189,31.10435],[73.65768,31.10538],[73.65737,31.11625],[73.65332,31.11958],[73.65261,31.12458],[73.64409,31.13421],[73.64331,31.1411],[73.63936,31.14255],[73.63949,31.14129],[73.63593,31.13986],[73.63537,31.14095],[73.63312,31.14544],[73.63507,31.14758],[73.63503,31.15576],[73.6439,31.15318],[73.64895,31.148],[73.65399,31.14636],[73.66037,31.14753],[73.65999,31.15057],[73.66697,31.15153],[73.66611,31.15622],[73.66935,31.16623],[73.67118,31.16714],[73.67139,31.1763],[73.67491,31.17813],[73.67454,31.1806],[73.68193,31.18346],[73.68115,31.18093],[73.68453,31.18051],[73.69249,31.18333],[73.69963,31.1839],[73.70871,31.17728],[73.71583,31.17976],[73.71773,31.18217],[73.71555,31.18194],[73.71366,31.18684],[73.71448,31.18877],[73.7172,31.18923],[73.7197,31.18709],[73.71952,31.19197],[73.73314,31.19108],[73.73345,31.20111],[73.72295,31.20098],[73.725,31.20354],[73.72869,31.20102],[73.74557,31.20354],[73.74521,31.20659],[73.74974,31.21258],[73.75321,31.21265],[73.75476,31.21449],[73.75921,31.21409],[73.76041,31.21814],[73.77452,31.21355],[73.78707,31.21314],[73.78959,31.21973],[73.78867,31.22944],[73.8053,31.2292],[73.81081,31.2219],[73.81481,31.21265],[73.81802,31.21439],[73.81868,31.21344],[73.82078,31.21624],[73.81825,31.21874],[73.8235,31.22711],[73.82854,31.22598],[73.82823,31.22233],[73.83697,31.22208],[73.8405,31.21984],[73.84232,31.21839],[73.84201,31.21403],[73.86019,31.21987],[73.86664,31.22801],[73.87121,31.22364],[73.87314,31.22681],[73.88096,31.22046],[73.88901,31.229],[73.89277,31.22945],[73.8919,31.23346],[73.88702,31.23706],[73.88667,31.2405],[73.89522,31.24423],[73.90073,31.24469],[73.90264,31.24678],[73.90144,31.25412],[73.89966,31.25596],[73.89628,31.25849],[73.88628,31.26034],[73.89807,31.27223],[73.90145,31.27377],[73.90599,31.27154],[73.91139,31.27292],[73.91707,31.27746],[73.91581,31.28124],[73.91881,31.28335],[73.9194,31.28583],[73.92035,31.28402],[73.92635,31.28924],[73.93446,31.28979],[73.93505,31.29269],[73.94034,31.2961],[73.94395,31.29474],[73.94364,31.29005],[73.94505,31.28802],[73.94948,31.28932],[73.95513,31.28707],[73.97089,31.2954],[73.97044,31.29821],[73.9744,31.30124],[73.98395,31.30096],[73.98832,31.29855],[73.98978,31.29501],[74.00209,31.29285],[74.00312,31.29651],[73.99631,31.29897],[73.99715,31.30151],[74.0166,31.30052],[74.02107,31.29833],[74.02674,31.29915],[74.02969,31.29714],[74.03127,31.29873],[74.04279,31.28539],[74.04695,31.28538],[74.04699,31.283],[74.0511,31.28276],[74.05078,31.28148],[74.05842,31.27479],[74.05444,31.26906],[74.06541,31.26478],[74.06799,31.26517],[74.07237,31.27066],[74.07317,31.27632],[74.08198,31.28239],[74.10124,31.2667],[74.09919,31.25774],[74.09485,31.25504],[74.09334,31.24913],[74.09744,31.23856],[74.10683,31.24529],[74.11431,31.25743],[74.1178,31.25895],[74.11602,31.26708],[74.11953,31.27235],[74.12369,31.27527],[74.12536,31.27923],[74.13792,31.27727],[74.14252,31.27203],[74.14714,31.26982],[74.14854,31.26311],[74.15202,31.26173],[74.15323,31.25737],[74.16649,31.26057],[74.16305,31.25658],[74.16793,31.25359],[74.16826,31.24156],[74.16426,31.24024],[74.16244,31.23477],[74.15442,31.23149],[74.16083,31.22637],[74.15862,31.22337],[74.15924,31.2187],[74.14921,31.21574],[74.15638,31.21453],[74.15873,31.21562],[74.16041,31.2125],[74.1657,31.20983],[74.16629,31.20362],[74.17194,31.20457],[74.1755,31.20177],[74.17544,31.20017],[74.17723,31.20004],[74.17753,31.20497],[74.17927,31.20732],[74.18359,31.20746],[74.18978,31.21199],[74.20833,31.20807],[74.21102,31.21356],[74.21033,31.21789],[74.21411,31.22466],[74.21978,31.22577],[74.22353,31.23039],[74.24208,31.2441],[74.24955,31.24467],[74.24834,31.25118],[74.25253,31.25594],[74.25749,31.25729],[74.25765,31.25974],[74.26439,31.2605],[74.27283,31.26815],[74.27418,31.26603],[74.28851,31.26126],[74.2888,31.26633],[74.29794,31.26535],[74.29883,31.26239],[74.29704,31.26004],[74.29975,31.26106],[74.30109,31.25702],[74.30498,31.25729],[74.31007,31.25435],[74.31984,31.25621],[74.32202,31.25955],[74.33675,31.26333],[74.33858,31.26331],[74.33955,31.26014],[74.34196,31.2587],[74.35317,31.25483],[74.36029,31.2606],[74.36707,31.26327],[74.36782,31.26576],[74.38288,31.26865],[74.39634,31.26519],[74.40265,31.26668],[74.40413,31.26862],[74.40349,31.27123],[74.40942,31.27494],[74.41775,31.27715],[74.41797,31.26947],[74.43185,31.27393],[74.43264,31.26756],[74.43045,31.26423],[74.43419,31.26233],[74.43683,31.26384],[74.44215,31.26215],[74.4432,31.26471],[74.44112,31.2655],[74.44098,31.26765],[74.44531,31.2729],[74.44349,31.28541],[74.44458,31.28841],[74.44921,31.29203],[74.4522,31.3027],[74.44977,31.30776],[74.4523,31.31071],[74.45343,31.31821],[74.45499,31.31944],[74.45445,31.32788],[74.45801,31.32978],[74.46829,31.32974],[74.46873,31.33618],[74.47966,31.33988],[74.48766,31.3397]]]]}},{"type":"Feature","properties":{"name":"Khanewal"},"geometry":{"type":"MultiPolygon","coordinates":[[[[72.12092,30.74025],[72.13394,30.73657],[72.15252,30.73459],[72.15252,30.73242],[72.15602,30.73242],[72.15608,30.73038],[72.15793,30.72927],[72.16146,30.7293],[72.16153,30.72446],[72.17428,30.72445],[72.17428,30.72704],[72.17775,30.72976],[72.18503,30.7299],[72.18463,30.72833],[72.18759,30.72838],[72.18762,30.73007],[72.19799,30.73015],[72.19803,30.73193],[72.21293,30.73303],[72.14467,30.60749],[72.13743,30.57617],[72.16525,30.56931],[72.18193,30.5673],[72.1941,30.56866],[72.20158,30.56751],[72.20699,30.56932],[72.21689,30.56826],[72.21686,30.56243],[72.22049,30.56244],[72.22048,30.55806],[72.22411,30.55805],[72.2241,30.55514],[72.22772,30.55513],[72.22772,30.55369],[72.23493,30.55221],[72.23493,30.55076],[72.23855,30.55074],[72.23855,30.54796],[72.24581,30.54816],[72.24769,30.55247],[72.24722,30.55644],[72.24919,30.55697],[72.25042,30.55549],[72.25051,30.56464],[72.25305,30.56556],[72.26211,30.56414],[72.26622,30.55997],[72.27032,30.55919],[72.27944,30.5679],[72.28593,30.56764],[72.2888,30.56563],[72.27705,30.54312],[72.27147,30.53826],[72.28784,30.54096],[72.29202,30.53706],[72.30636,30.53837],[72.3018,30.54229],[72.30168,30.55489],[72.30051,30.55544],[72.30174,30.55665],[72.30198,30.56635],[72.30017,30.56779],[72.30848,30.57464],[72.31406,30.57361],[72.31173,30.57542],[72.31116,30.57989],[72.32027,30.5795],[72.32234,30.5823],[72.32499,30.58301],[72.32772,30.58134],[72.32924,30.5765],[72.33354,30.5792],[72.33552,30.5768],[72.34414,30.5819],[72.34941,30.58189],[72.35499,30.58558],[72.35912,30.58529],[72.36319,30.58837],[72.36508,30.58776],[72.36709,30.59123],[72.36926,30.59048],[72.36935,30.58774],[72.36161,30.58255],[72.36048,30.57141],[72.36167,30.56667],[72.36654,30.56677],[72.3664,30.56918],[72.3721,30.57202],[72.3827,30.58552],[72.38329,30.6004],[72.38218,30.60287],[72.3911,30.60532],[72.39402,30.60515],[72.39922,30.60058],[72.4084,30.59656],[72.41696,30.60031],[72.43391,30.59617],[72.4361,30.60003],[72.43875,30.60119],[72.44556,30.59933],[72.44933,30.59531],[72.45021,30.58912],[72.45248,30.58869],[72.45234,30.58342],[72.45889,30.58052],[72.45788,30.5794],[72.46719,30.57794],[72.47983,30.58061],[72.49721,30.57809],[72.49454,30.56275],[72.50107,30.55401],[72.50106,30.54959],[72.49302,30.54461],[72.47947,30.54153],[72.47669,30.53719],[72.4793,30.5285],[72.47878,30.51816],[72.48158,30.51415],[72.48308,30.50096],[72.46881,30.47707],[72.45122,30.45899],[72.4412,30.4461],[72.43816,30.43876],[72.43768,30.42009],[72.44047,30.40947],[72.43811,30.38898],[72.43885,30.37511],[72.42432,30.35165],[72.4228,30.34246],[72.41969,30.33525],[72.41469,30.33017],[72.40312,30.32361],[72.40278,30.30602],[72.39394,30.29627],[72.3938,30.2876],[72.40208,30.27897],[72.40245,30.26259],[72.40065,30.24884],[72.39773,30.24071],[72.39944,30.23147],[72.3989,30.218],[72.38896,30.2175],[72.38029,30.20929],[72.36566,30.20307],[72.35336,30.19999],[72.33442,30.20702],[72.32536,30.21534],[72.32243,30.21599],[72.31634,30.21081],[72.30673,30.20992],[72.29948,30.20252],[72.28895,30.19975],[72.28694,30.19757],[72.28604,30.19257],[72.2891,30.18555],[72.28566,30.18296],[72.2819,30.18321],[72.27379,30.17884],[72.26413,30.18366],[72.25951,30.18296],[72.25267,30.17914],[72.2401,30.17968],[72.2383,30.17845],[72.23751,30.17264],[72.23564,30.1702],[72.22483,30.16638],[72.2189,30.15906],[72.20442,30.15523],[72.19555,30.15562],[72.18699,30.15911],[72.183,30.15884],[72.17617,30.15274],[72.1739,30.14571],[72.17839,30.13055],[72.18609,30.1207],[72.18538,30.11609],[72.18076,30.11568],[72.17045,30.12231],[72.16442,30.12271],[72.14653,30.11796],[72.13948,30.1139],[72.12939,30.10266],[72.12674,30.09371],[72.11744,30.07524],[72.11183,30.06969],[72.10576,30.06643],[72.10097,30.06683],[72.09742,30.07464],[72.08813,30.07566],[72.08221,30.08084],[72.06899,30.07953],[72.05251,30.0838],[72.01609,30.10047],[72.01064,30.09915],[71.99833,30.09085],[71.99001,30.0907],[71.98546,30.0806],[71.97845,30.07254],[71.97412,30.07283],[71.96927,30.07896],[71.96529,30.07851],[71.95678,30.0664],[71.95741,30.06081],[71.96113,30.05497],[71.96009,30.05],[71.95415,30.04527],[71.94692,30.04344],[71.94136,30.03809],[71.92768,30.03768],[71.89711,30.05144],[71.88692,30.03659],[71.87685,30.0262],[71.87294,30.025],[71.87025,30.02623],[71.86735,30.03401],[71.86768,30.04276],[71.86327,30.0433],[71.85946,30.03965],[71.85652,30.02949],[71.84808,30.02573],[71.84416,30.0135],[71.83755,30.00837],[71.82856,30.00486],[71.82649,30.00467],[71.82625,30.01481],[71.81389,30.01474],[71.81402,30.01818],[71.80773,30.02196],[71.77949,30.02224],[71.77093,30.02019],[71.76818,30.01461],[71.77284,30.00818],[71.77311,30.00285],[71.76299,29.99462],[71.76053,29.98683],[71.75177,29.97938],[71.75095,29.96788],[71.74856,29.96451],[71.74468,29.96413],[71.73877,29.96708],[71.73498,29.96337],[71.73366,29.95958],[71.73405,29.95534],[71.73972,29.94693],[71.73899,29.94417],[71.74101,29.93703],[71.74744,29.93281],[71.75162,29.93167],[71.7569,29.93298],[71.75682,29.93128],[71.75262,29.93108],[71.74968,29.92661],[71.73704,29.9277],[71.73311,29.92658],[71.73035,29.92318],[71.72513,29.92346],[71.72287,29.92857],[71.71848,29.93094],[71.71794,29.92973],[71.72145,29.92792],[71.71947,29.9218],[71.71215,29.92172],[71.7053,29.91751],[71.70349,29.91825],[71.70136,29.92328],[71.68938,29.90974],[71.68719,29.90513],[71.6868,29.9032],[71.68885,29.90308],[71.69217,29.90338],[71.69552,29.90627],[71.70141,29.90522],[71.70162,29.89513],[71.69819,29.88337],[71.69518,29.88349],[71.6936,29.8738],[71.6863,29.86816],[71.68454,29.86793],[71.68106,29.87201],[71.68326,29.87683],[71.68258,29.87906],[71.67511,29.87736],[71.67199,29.87891],[71.66663,29.87683],[71.66262,29.87906],[71.65301,29.87674],[71.64801,29.87804],[71.64587,29.88393],[71.63186,29.88917],[71.61711,29.90136],[71.61658,29.90642],[71.61899,29.91725],[71.6249,29.92421],[71.62476,29.93164],[71.62794,29.93185],[71.63011,29.93468],[71.62859,29.94062],[71.62437,29.94327],[71.61723,29.94452],[71.6133,29.94244],[71.60956,29.935],[71.60747,29.93503],[71.60515,29.93801],[71.60138,29.93542],[71.59007,29.93623],[71.58986,29.94172],[71.57904,29.94087],[71.5724,29.94655],[71.57234,29.94957],[71.57507,29.94966],[71.57505,29.95284],[71.57227,29.95417],[71.57221,29.95989],[71.5948,29.96071],[71.59653,29.95555],[71.60693,29.95833],[71.60836,29.97482],[71.62009,29.98173],[71.6237,29.98865],[71.63059,29.99136],[71.65506,29.99174],[71.66014,29.99448],[71.66175,30.00048],[71.66524,30.00054],[71.66509,30.00813],[71.67192,30.01368],[71.67181,30.01631],[71.68222,30.01837],[71.68224,30.0219],[71.6961,30.02218],[71.69605,30.02495],[71.703,30.02506],[71.70284,30.03317],[71.71323,30.03333],[71.71656,30.03606],[71.72709,30.03619],[71.727,30.05869],[71.72807,30.0607],[71.73354,30.06085],[71.73343,30.06902],[71.73689,30.06908],[71.73688,30.0718],[71.74195,30.07718],[71.74019,30.08005],[71.74178,30.08544],[71.74878,30.09094],[71.75382,30.10193],[71.75732,30.10194],[71.75717,30.10981],[71.75357,30.11251],[71.75353,30.11806],[71.75171,30.1209],[71.75283,30.12097],[71.75276,30.12367],[71.76028,30.12922],[71.77085,30.12928],[71.77066,30.13479],[71.76884,30.13479],[71.76874,30.1375],[71.76529,30.14019],[71.76512,30.14824],[71.77351,30.15928],[71.77981,30.15936],[71.78043,30.16208],[71.7874,30.16218],[71.78739,30.1643],[71.79235,30.17],[71.79242,30.17315],[71.79503,30.17323],[71.79369,30.18186],[71.79734,30.19014],[71.79727,30.19757],[71.80049,30.20307],[71.79895,30.20728],[71.80043,30.21116],[71.81051,30.21632],[71.81413,30.22442],[71.8143,30.23331],[71.82114,30.23345],[71.82456,30.23618],[71.82451,30.23884],[71.82794,30.23895],[71.82801,30.24432],[71.8314,30.2444],[71.83821,30.24987],[71.81364,30.27456],[71.78719,30.26647],[71.7844,30.26715],[71.78361,30.2715],[71.78183,30.27201],[71.76585,30.2724],[71.76933,30.28698],[71.77076,30.28715],[71.77932,30.30895],[71.78844,30.32026],[71.78275,30.32152],[71.77299,30.32001],[71.77462,30.31284],[71.7609,30.31373],[71.76094,30.3121],[71.73406,30.31168],[71.73061,30.31605],[71.72668,30.316],[71.71607,30.31477],[71.71607,30.31363],[71.71238,30.3136],[71.70845,30.31084],[71.70832,30.31711],[71.70429,30.31535],[71.70413,30.31786],[71.69928,30.31783],[71.69924,30.31939],[71.6951,30.31941],[71.69501,30.32097],[71.69164,30.32098],[71.69158,30.31879],[71.67701,30.31917],[71.67697,30.32142],[71.67888,30.32296],[71.67203,30.32238],[71.67058,30.32448],[71.66711,30.32448],[71.66636,30.32663],[71.66147,30.32715],[71.66147,30.32851],[71.65723,30.3298],[71.6557,30.33793],[71.65364,30.33789],[71.65519,30.34501],[71.65331,30.34499],[71.66187,30.35976],[71.65469,30.35967],[71.65346,30.36239],[71.65174,30.36237],[71.65171,30.3651],[71.63414,30.36809],[71.63279,30.37108],[71.63007,30.3713],[71.63052,30.37674],[71.62762,30.38445],[71.63394,30.38615],[71.63378,30.39076],[71.6303,30.39046],[71.62885,30.39589],[71.62115,30.3985],[71.62171,30.40281],[71.61261,30.40274],[71.61179,30.40728],[71.61596,30.41257],[71.61578,30.41853],[71.60816,30.41786],[71.60862,30.42005],[71.6046,30.42055],[71.60314,30.42326],[71.59717,30.42483],[71.59485,30.4248],[71.59245,30.41957],[71.58648,30.42031],[71.58649,30.42246],[71.58201,30.42296],[71.58075,30.42785],[71.57796,30.42782],[71.57925,30.43091],[71.57566,30.43261],[71.57093,30.43915],[71.56649,30.44032],[71.56449,30.43686],[71.54765,30.43597],[71.54623,30.43397],[71.54181,30.43381],[71.53953,30.43564],[71.54056,30.43732],[71.53885,30.4388],[71.53004,30.43828],[71.53087,30.43963],[71.52776,30.44037],[71.52543,30.44353],[71.52415,30.44845],[71.52509,30.45456],[71.53131,30.45439],[71.53847,30.45802],[71.5556,30.44785],[71.5638,30.44956],[71.57882,30.46606],[71.59082,30.4706],[71.59228,30.48066],[71.60427,30.4869],[71.60591,30.49921],[71.60787,30.5023],[71.61558,30.506],[71.64258,30.51297],[71.65588,30.51804],[71.66378,30.52215],[71.67242,30.53317],[71.68611,30.53459],[71.69962,30.54055],[71.71349,30.5564],[71.72524,30.5765],[71.73486,30.5881],[71.75694,30.59525],[71.75883,30.59924],[71.76471,30.60118],[71.7703,30.60049],[71.77377,30.60428],[71.77615,30.60469],[71.7762,30.60904],[71.78502,30.61217],[71.78375,30.61544],[71.7824,30.61547],[71.78253,30.62407],[71.78673,30.62519],[71.79861,30.64221],[71.80478,30.64495],[71.80605,30.6484],[71.81692,30.65565],[71.82287,30.65101],[71.83723,30.65986],[71.83738,30.66247],[71.84623,30.669],[71.84753,30.66741],[71.85464,30.67031],[71.85865,30.67563],[71.86358,30.67795],[71.8722,30.67785],[71.87365,30.67916],[71.87166,30.68087],[71.87264,30.68346],[71.87754,30.6829],[71.87761,30.67954],[71.88187,30.67661],[71.891,30.68114],[71.90448,30.68059],[71.90566,30.67726],[71.9085,30.67698],[71.90951,30.67293],[71.92058,30.67005],[71.92097,30.6685],[71.92903,30.66854],[71.92903,30.67005],[71.9311,30.67007],[71.93088,30.68112],[71.94592,30.68205],[71.94967,30.68082],[71.94909,30.6826],[71.95042,30.68272],[71.96091,30.68253],[71.96107,30.67213],[71.97486,30.67441],[71.9896,30.67371],[71.98727,30.67492],[71.98941,30.6763],[71.99591,30.6764],[71.99579,30.68186],[71.99366,30.68179],[71.99201,30.69598],[71.98866,30.69596],[71.98781,30.70077],[71.98375,30.70659],[71.98843,30.70773],[71.98848,30.70407],[71.99406,30.70415],[71.99416,30.70031],[71.9998,30.69992],[72.00005,30.70308],[72.0136,30.70708],[72.01427,30.71033],[72.02335,30.71044],[72.02334,30.71476],[72.02958,30.71486],[72.03342,30.72014],[72.03776,30.72035],[72.0439,30.72377],[72.04524,30.72989],[72.04396,30.73459],[72.04676,30.73547],[72.04673,30.73955],[72.06067,30.73918],[72.06073,30.73647],[72.06421,30.73539],[72.08916,30.73454],[72.08943,30.73719],[72.10344,30.73741],[72.10342,30.74013],[72.12092,30.74025]]]]}},{"type":"Feature","properties":{"name":"Khushab"},"geometry":{"type":"MultiPolygon","coordinates":[[[[72.14241,32.72819],[72.14473,32.7244],[72.14255,32.72511],[72.14203,32.72309],[72.13836,32.72294],[72.13914,32.72113],[72.1461,32.72027],[72.14913,32.72198],[72.15437,32.7204],[72.15306,32.71731],[72.1486,32.71609],[72.14906,32.71149],[72.15192,32.70735],[72.1527,32.71138],[72.15813,32.70992],[72.16773,32.71138],[72.17126,32.70531],[72.17173,32.70977],[72.17366,32.71138],[72.17747,32.70906],[72.17972,32.7107],[72.1824,32.7101],[72.18186,32.70549],[72.18907,32.70902],[72.1906,32.70731],[72.20693,32.70753],[72.21031,32.70467],[72.21359,32.70636],[72.24986,32.70486],[72.2689,32.69891],[72.2969,32.69549],[72.29677,32.69691],[72.31795,32.69487],[72.33081,32.68681],[72.33283,32.6824],[72.34071,32.68243],[72.34463,32.67676],[72.34309,32.67004],[72.34918,32.66568],[72.35092,32.66149],[72.35362,32.66517],[72.36565,32.66526],[72.36572,32.66263],[72.36802,32.66084],[72.36571,32.65216],[72.36804,32.65024],[72.36685,32.64549],[72.36899,32.63835],[72.38208,32.63716],[72.3885,32.63478],[72.39636,32.62693],[72.40078,32.62669],[72.40612,32.63187],[72.41226,32.63325],[72.41064,32.63939],[72.41288,32.64225],[72.4134,32.64748],[72.42396,32.65172],[72.42525,32.65381],[72.42273,32.65676],[72.4302,32.66176],[72.42929,32.66647],[72.43819,32.67275],[72.44481,32.6729],[72.44993,32.67597],[72.45264,32.67282],[72.45994,32.67843],[72.47293,32.67822],[72.47419,32.67603],[72.51088,32.68846],[72.51652,32.68689],[72.51819,32.68261],[72.50786,32.66544],[72.50983,32.66457],[72.50686,32.66278],[72.50189,32.65272],[72.50439,32.65372],[72.51017,32.6507],[72.51302,32.65127],[72.51405,32.65485],[72.51842,32.65882],[72.52843,32.65478],[72.53362,32.65445],[72.54192,32.66044],[72.54338,32.65726],[72.53212,32.64557],[72.53321,32.64446],[72.53155,32.64302],[72.53068,32.63434],[72.53114,32.63114],[72.53944,32.62625],[72.53762,32.62396],[72.55066,32.61801],[72.54364,32.60809],[72.55151,32.60371],[72.55489,32.59874],[72.56073,32.59747],[72.56072,32.59619],[72.56562,32.59641],[72.56929,32.59448],[72.57452,32.59572],[72.58003,32.5935],[72.5859,32.59386],[72.59201,32.59195],[72.59646,32.58619],[72.60129,32.58623],[72.60128,32.58119],[72.60496,32.58117],[72.60492,32.57804],[72.61527,32.57976],[72.61367,32.57761],[72.61542,32.57045],[72.61326,32.55336],[72.61485,32.55091],[72.61302,32.54519],[72.60618,32.5421],[72.60547,32.53798],[72.60673,32.53744],[72.60404,32.53004],[72.60764,32.53009],[72.6101,32.5183],[72.61544,32.51342],[72.61487,32.50514],[72.6161,32.50128],[72.6223,32.49475],[72.62469,32.48962],[72.62587,32.4797],[72.63236,32.47087],[72.63231,32.46764],[72.61901,32.46096],[72.62106,32.45554],[72.62385,32.45577],[72.62647,32.44635],[72.62574,32.44458],[72.63033,32.44159],[72.6271,32.44016],[72.62716,32.43597],[72.63049,32.43288],[72.62652,32.42795],[72.62789,32.42194],[72.62623,32.41855],[72.62131,32.41532],[72.60917,32.4115],[72.60294,32.41231],[72.59948,32.40985],[72.59016,32.40764],[72.58914,32.41142],[72.58689,32.41277],[72.56645,32.40994],[72.5681,32.40713],[72.54066,32.38738],[72.51548,32.37788],[72.50568,32.372],[72.46694,32.33853],[72.4594,32.33612],[72.44689,32.33521],[72.43995,32.32948],[72.42293,32.32189],[72.40967,32.30684],[72.40636,32.30624],[72.40144,32.30214],[72.39501,32.301],[72.38695,32.30252],[72.36848,32.28862],[72.34862,32.27053],[72.35145,32.26735],[72.3486,32.26368],[72.34944,32.2612],[72.3466,32.26084],[72.34453,32.25518],[72.33632,32.24641],[72.32959,32.22606],[72.32658,32.21068],[72.32311,32.20375],[72.31686,32.19728],[72.31414,32.18987],[72.31648,32.17676],[72.32029,32.1664],[72.31848,32.12708],[72.32288,32.1037],[72.31952,32.09387],[72.31152,32.08929],[72.2972,32.07626],[72.29455,32.06062],[72.28576,32.06065],[72.28357,32.05576],[72.27948,32.0528],[72.28247,32.04369],[72.27588,32.03491],[72.27209,32.02588],[72.2669,32.02289],[72.26274,32.02385],[72.26029,32.02243],[72.25545,32.01833],[72.25409,32.01465],[72.25064,32.01619],[72.24704,32.0088],[72.2468,31.9994],[72.25037,31.98623],[72.25301,31.98152],[72.26228,31.98104],[72.25383,31.9726],[72.25071,31.96695],[72.24744,31.94732],[72.24253,31.94286],[72.23182,31.94018],[72.2324,31.9321],[72.22648,31.9271],[72.22798,31.92289],[72.22694,31.91967],[72.24772,31.91682],[72.24713,31.92068],[72.24968,31.91988],[72.25784,31.91396],[72.26206,31.90872],[72.26355,31.89932],[72.25991,31.89032],[72.2598,31.88516],[72.2559,31.88463],[72.2487,31.8776],[72.23863,31.85727],[72.24192,31.84803],[72.23889,31.84279],[72.24145,31.83688],[72.22507,31.83285],[72.22527,31.82015],[72.22196,31.81676],[72.21472,31.81452],[72.21589,31.80757],[72.20269,31.79102],[72.20239,31.78496],[72.20385,31.78226],[72.202,31.77544],[72.19581,31.76977],[72.2027,31.76758],[72.20897,31.7684],[72.21256,31.76655],[72.20575,31.75973],[72.20552,31.75632],[72.20165,31.75218],[72.20013,31.74795],[72.19998,31.74637],[72.20474,31.74354],[72.20371,31.7378],[72.20241,31.73609],[72.19347,31.73853],[72.17875,31.73485],[72.17852,31.73896],[72.17605,31.74005],[72.17439,31.73974],[72.17381,31.73473],[72.1681,31.73639],[72.13618,31.7542],[72.10774,31.71594],[72.09346,31.69333],[72.05682,31.65431],[72.02018,31.61088],[72.03125,31.60812],[72.03155,31.5575],[72.00828,31.5577],[72.00601,31.5528],[71.99487,31.54187],[71.98715,31.52933],[71.97684,31.53376],[71.95565,31.53834],[71.85958,31.60854],[71.76879,31.68076],[71.7526,31.67588],[71.74404,31.68682],[71.72914,31.77285],[71.72499,31.77283],[71.72444,31.78911],[71.71809,31.79894],[71.71025,31.8077],[71.66811,31.828],[71.67023,31.83193],[71.65035,31.83847],[71.63756,31.84769],[71.6306,31.84154],[71.60984,31.85529],[71.69636,31.94695],[71.69947,31.94698],[71.69946,31.95024],[71.70343,31.95444],[71.70813,31.95463],[71.70898,31.9736],[71.70758,31.98613],[71.70546,31.98957],[71.70549,32.00034],[71.69843,32.00983],[71.6984,32.01405],[71.71264,32.01384],[71.71247,32.01937],[71.71953,32.0192],[71.7196,32.02473],[71.72681,32.0248],[71.72758,32.03233],[71.73393,32.03304],[71.73385,32.04735],[71.74879,32.04358],[71.74881,32.04924],[71.75234,32.04912],[71.75223,32.05787],[71.75589,32.06154],[71.76307,32.06369],[71.76297,32.06746],[71.75954,32.07519],[71.75962,32.08822],[71.75277,32.08809],[71.75253,32.12677],[71.75872,32.12658],[71.7591,32.15875],[71.73521,32.19739],[71.73174,32.19949],[71.71599,32.19931],[71.71641,32.22891],[71.71437,32.2289],[71.71458,32.24784],[71.71054,32.24796],[71.71051,32.25857],[71.71302,32.25864],[71.71332,32.26125],[71.71313,32.26924],[71.71065,32.26919],[71.7106,32.28319],[71.72188,32.28333],[71.72193,32.29179],[71.78505,32.3547],[71.78523,32.35846],[71.78743,32.35937],[71.78888,32.36369],[71.79484,32.36373],[71.79485,32.367],[71.79846,32.36694],[71.79886,32.37798],[71.80229,32.37656],[71.81319,32.38307],[71.81312,32.38822],[71.81956,32.38822],[71.82746,32.39792],[71.82884,32.40424],[71.82743,32.40522],[71.82741,32.41441],[71.83283,32.41429],[71.83527,32.42263],[71.83275,32.42414],[71.83179,32.43153],[71.83314,32.43218],[71.82872,32.43612],[71.82489,32.43658],[71.8236,32.43492],[71.82084,32.43614],[71.81612,32.4449],[71.81908,32.44773],[71.81469,32.45062],[71.81399,32.4533],[71.80716,32.45486],[71.80507,32.45403],[71.80193,32.45723],[71.80102,32.45489],[71.79422,32.45489],[71.7896,32.46464],[71.77957,32.46558],[71.77793,32.46857],[71.78545,32.47472],[71.78173,32.4784],[71.78224,32.48638],[71.78734,32.48672],[71.78623,32.4881],[71.78942,32.49011],[71.7923,32.48984],[71.79272,32.4875],[71.79956,32.48962],[71.80897,32.49887],[71.82158,32.50163],[71.82007,32.51386],[71.82629,32.51608],[71.82566,32.52497],[71.83771,32.53776],[71.84612,32.54266],[71.86158,32.55051],[71.88292,32.55618],[71.90348,32.55261],[71.91315,32.55826],[71.91895,32.55871],[71.9368,32.55202],[71.93694,32.55633],[71.94036,32.55693],[71.93992,32.56347],[71.94408,32.56362],[71.94399,32.5665],[71.94887,32.56799],[71.95371,32.56547],[71.95969,32.56934],[71.96198,32.56785],[71.96537,32.57202],[71.97067,32.5691],[71.97784,32.573],[71.97831,32.57627],[71.97159,32.57913],[71.96936,32.58216],[71.9715,32.59088],[71.97332,32.59464],[71.97689,32.59677],[71.98419,32.59754],[71.98534,32.60125],[71.99142,32.60055],[71.9907,32.60499],[71.99602,32.60597],[72.00088,32.60419],[72.00369,32.6053],[72.0094,32.60391],[72.01079,32.60617],[72.01357,32.60534],[72.01471,32.61055],[72.02301,32.61221],[72.02687,32.60863],[72.02787,32.61271],[72.04102,32.61649],[72.03955,32.6222],[72.04379,32.62285],[72.04589,32.6277],[72.0532,32.62791],[72.05476,32.63041],[72.0583,32.63086],[72.0606,32.63353],[72.0622,32.63256],[72.07284,32.64227],[72.08296,32.64376],[72.09345,32.64946],[72.10841,32.65158],[72.12029,32.65829],[72.12708,32.66375],[72.13526,32.67442],[72.14262,32.67951],[72.14105,32.68151],[72.14495,32.6821],[72.13335,32.68787],[72.13358,32.68895],[72.13745,32.68844],[72.13677,32.68996],[72.14108,32.69254],[72.13834,32.69626],[72.13885,32.69805],[72.13439,32.69837],[72.13228,32.7015],[72.13593,32.70432],[72.13451,32.70643],[72.13689,32.70718],[72.13534,32.70855],[72.13474,32.71717],[72.13248,32.71622],[72.13168,32.71902],[72.12659,32.71925],[72.12558,32.72059],[72.12731,32.7219],[72.13266,32.72178],[72.12844,32.72318],[72.12777,32.72674],[72.13712,32.72562],[72.14241,32.72819]]]]}},{"type":"Feature","properties":{"name":"Kot Addu"},"geometry":{"type":"MultiPolygon","coordinates":[[[[71.23927,30.77599],[71.23953,30.77225],[71.28065,30.77273],[71.30047,30.75627],[71.32862,30.75637],[71.34437,30.74325],[71.34674,30.74858],[71.35394,30.75337],[71.36831,30.74058],[71.39449,30.69625],[71.40335,30.69146],[71.40568,30.68814],[71.40609,30.68351],[71.42307,30.6726],[71.43714,30.65548],[71.4446,30.65057],[71.45436,30.64054],[71.46913,30.63131],[71.55173,30.59138],[71.55613,30.59458],[71.57929,30.60352],[71.58532,30.60325],[71.59153,30.6004],[71.59248,30.6036],[71.59713,30.6063],[71.60924,30.60769],[71.61106,30.61124],[71.61513,30.6138],[71.61212,30.61867],[71.61003,30.63094],[71.61081,30.63406],[71.61815,30.64216],[71.62411,30.64124],[71.62428,30.63926],[71.62813,30.63727],[71.6319,30.63753],[71.63991,30.63403],[71.64228,30.63502],[71.64333,30.63157],[71.65004,30.6315],[71.65,30.6288],[71.65349,30.62883],[71.65352,30.62445],[71.65909,30.62435],[71.66535,30.63161],[71.66973,30.63151],[71.67451,30.63671],[71.67929,30.63485],[71.69048,30.62333],[71.71211,30.61714],[71.71204,30.60804],[71.71817,30.60711],[71.72062,30.59831],[71.72584,30.5963],[71.73059,30.59657],[71.74278,30.60106],[71.76134,30.60191],[71.76386,30.60032],[71.75883,30.59924],[71.75694,30.59525],[71.73486,30.5881],[71.72524,30.5765],[71.71349,30.5564],[71.69962,30.54055],[71.68611,30.53459],[71.67242,30.53317],[71.66378,30.52215],[71.65588,30.51804],[71.64258,30.51297],[71.61558,30.506],[71.60787,30.5023],[71.60591,30.49921],[71.60427,30.4869],[71.59228,30.48066],[71.59082,30.4706],[71.57882,30.46606],[71.56182,30.44829],[71.55329,30.44863],[71.53847,30.45802],[71.53131,30.45439],[71.52557,30.455],[71.52415,30.44845],[71.52776,30.44037],[71.52601,30.43923],[71.52138,30.44079],[71.52223,30.4419],[71.51664,30.44513],[71.50785,30.44592],[71.49919,30.43508],[71.49912,30.42331],[71.49656,30.41712],[71.48576,30.41306],[71.48294,30.41483],[71.47734,30.43747],[71.47312,30.43602],[71.47108,30.43377],[71.47087,30.42024],[71.46855,30.41817],[71.45854,30.41631],[71.45271,30.41212],[71.45036,30.40761],[71.45057,30.40201],[71.4488,30.40099],[71.43871,30.40208],[71.42833,30.3985],[71.42484,30.39871],[71.42118,30.40589],[71.41515,30.40902],[71.40317,30.41121],[71.40132,30.40671],[71.39296,30.40342],[71.38959,30.39756],[71.38965,30.39324],[71.39546,30.38425],[71.39075,30.38148],[71.39021,30.37634],[71.38903,30.37492],[71.37954,30.37335],[71.37189,30.36802],[71.37168,30.35752],[71.35689,30.35078],[71.3575,30.34663],[71.36584,30.34958],[71.36711,30.34301],[71.3524,30.316],[71.35092,30.30496],[71.35418,30.29912],[71.3497,30.29909],[71.32644,30.28635],[71.32381,30.28258],[71.32418,30.27833],[71.33059,30.27254],[71.32817,30.27061],[71.32338,30.27116],[71.31912,30.26938],[71.31635,30.26604],[71.31105,30.26333],[71.30923,30.25864],[71.31826,30.25871],[71.31826,30.24777],[71.30916,30.24776],[71.31304,30.24568],[71.31429,30.2428],[71.30921,30.23861],[71.30799,30.23324],[71.30058,30.22626],[71.29945,30.22124],[71.29331,30.22269],[71.28043,30.22045],[71.27367,30.21765],[71.27556,30.2231],[71.27925,30.22586],[71.27923,30.22855],[71.28062,30.22857],[71.28071,30.23403],[71.28209,30.23396],[71.28279,30.23619],[71.28279,30.2449],[71.28495,30.24491],[71.28488,30.24767],[71.28632,30.24763],[71.28629,30.25575],[71.2841,30.25573],[71.28406,30.25807],[71.26747,30.26314],[71.25638,30.26933],[71.25373,30.266],[71.25028,30.25259],[71.228,30.23785],[71.18771,30.23536],[71.1847,30.23314],[71.16999,30.24144],[71.15382,30.24405],[71.11921,30.24326],[71.09868,30.24478],[71.06976,30.24109],[71.0638,30.24396],[71.05944,30.24027],[71.04847,30.24155],[71.04437,30.23471],[71.04781,30.2313],[71.04729,30.22433],[71.05245,30.21896],[71.04981,30.2137],[71.05188,30.20676],[71.05191,30.19916],[71.05394,30.19524],[71.05083,30.19432],[71.04983,30.191],[71.04772,30.19043],[71.04638,30.18716],[71.04355,30.18665],[71.04074,30.18233],[71.03573,30.18134],[71.03233,30.17634],[71.03447,30.17564],[71.03587,30.16399],[71.05018,30.15338],[71.04955,30.1485],[71.05423,30.14278],[71.04735,30.13222],[71.0301,30.12937],[71.03141,30.12265],[71.0274,30.12482],[71.02736,30.12995],[71.01692,30.13285],[71.01564,30.12764],[71.01882,30.12736],[71.01906,30.12566],[71.01459,30.12633],[71.01391,30.12483],[71.00769,30.12452],[71.00704,30.12168],[71.00577,30.12157],[71.00494,30.12767],[70.99648,30.12824],[70.99431,30.12695],[70.99437,30.12477],[70.9972,30.1193],[70.99438,30.11933],[70.99437,30.1177],[70.991,30.11771],[70.99098,30.11658],[70.98456,30.11773],[70.98249,30.11235],[70.98623,30.11123],[70.98606,30.10805],[70.99765,30.10743],[71.00003,30.10592],[70.9988,30.09982],[70.98828,30.10065],[70.98761,30.09553],[70.99449,30.09277],[70.99665,30.09614],[70.99942,30.09667],[71.00018,30.08998],[70.98702,30.09153],[70.98007,30.0899],[70.97848,30.09237],[70.95641,30.09657],[70.95101,30.0945],[70.93852,30.09932],[70.93842,30.10248],[70.94261,30.10628],[70.93747,30.11266],[70.91528,30.11686],[70.92003,30.10412],[70.90463,30.10361],[70.90203,30.09047],[70.90259,30.0854],[70.87958,30.08235],[70.85685,30.07686],[70.84236,30.08311],[70.84006,30.0845],[70.83513,30.09441],[70.82489,30.10831],[70.82797,30.11542],[70.83541,30.12584],[70.83969,30.14997],[70.82904,30.14665],[70.82089,30.16883],[70.81447,30.1681],[70.80586,30.16354],[70.8059,30.17235],[70.81028,30.18039],[70.81005,30.18806],[70.80612,30.19061],[70.80092,30.19059],[70.8009,30.19302],[70.79487,30.19557],[70.79353,30.19812],[70.79679,30.20494],[70.79326,30.20723],[70.79835,30.2213],[70.79884,30.24124],[70.79616,30.24928],[70.78637,30.26631],[70.79642,30.28567],[70.7924,30.29378],[70.8025,30.29677],[70.80487,30.32228],[70.78677,30.32176],[70.78766,30.33218],[70.79147,30.33346],[70.79022,30.3452],[70.7908,30.34713],[70.79469,30.34879],[70.77257,30.35222],[70.77485,30.3667],[70.78429,30.36432],[70.78671,30.3734],[70.79359,30.37457],[70.79599,30.38742],[70.79407,30.39668],[70.7871,30.4069],[70.78919,30.41106],[70.82953,30.4116],[70.84127,30.414],[70.84164,30.45038],[70.8306,30.44899],[70.83105,30.45456],[70.82631,30.45328],[70.81345,30.45744],[70.80656,30.49541],[70.79667,30.49579],[70.79667,30.49996],[70.79455,30.50274],[70.79629,30.5219],[70.79388,30.52539],[70.79214,30.53625],[70.79562,30.54107],[70.81653,30.55769],[70.80085,30.55957],[70.79911,30.5648],[70.79964,30.57322],[70.7971,30.58464],[70.80935,30.5904],[70.81197,30.59442],[70.81512,30.59581],[70.80527,30.60059],[70.80259,30.60796],[70.80487,30.61082],[70.80479,30.6144],[70.79872,30.62565],[70.79708,30.62576],[70.79844,30.629],[70.79803,30.64026],[70.80082,30.65098],[70.80534,30.65381],[70.8402,30.65665],[70.84901,30.6597],[70.8552,30.66689],[70.86214,30.66917],[70.90749,30.66717],[70.92708,30.67323],[70.9558,30.67785],[70.96237,30.67698],[70.96825,30.67312],[70.96315,30.67061],[70.96139,30.6681],[70.96238,30.66664],[70.98221,30.66143],[71.01463,30.66585],[71.05364,30.66614],[71.04783,30.66056],[71.04772,30.65534],[71.12468,30.6556],[71.16934,30.68529],[71.15037,30.70932],[71.15273,30.7182],[71.16642,30.73264],[71.17396,30.73712],[71.18034,30.73702],[71.18068,30.75193],[71.17508,30.7634],[71.17316,30.771],[71.17635,30.77438],[71.21556,30.77416],[71.23927,30.77599]]]]}},{"type":"Feature","properties":{"name":"Layyah"},"geometry":{"type":"MultiPolygon","coordinates":[[[[70.89151,31.39448],[70.9062,31.39077],[70.91684,31.39265],[70.91888,31.39102],[70.92342,31.39094],[70.92464,31.38929],[70.93197,31.38994],[70.93564,31.38844],[70.93743,31.38435],[70.95646,31.37472],[70.96241,31.37684],[70.96288,31.37938],[70.97168,31.3796],[70.97437,31.3762],[70.98515,31.37805],[70.9975,31.38204],[71.0001,31.38496],[71.00107,31.37921],[71.00657,31.37823],[71.01047,31.37937],[71.07681,31.3793],[71.07581,31.37387],[71.08798,31.37393],[71.08792,31.38164],[71.10478,31.38325],[71.11472,31.37348],[71.11615,31.3702],[71.11824,31.37014],[71.11825,31.36856],[71.12179,31.36861],[71.12249,31.36549],[71.12891,31.37123],[71.13107,31.3698],[71.15217,31.36743],[71.15419,31.36535],[71.1938,31.36771],[71.19236,31.35513],[71.18953,31.35517],[71.1895,31.35242],[71.19096,31.35241],[71.19096,31.34977],[71.19587,31.34968],[71.19587,31.34704],[71.18466,31.34706],[71.18857,31.3438],[71.21783,31.32903],[71.21927,31.30897],[71.21784,31.3008],[71.22209,31.30086],[71.22484,31.29804],[71.23544,31.29811],[71.23551,31.29482],[71.23847,31.29429],[71.2377,31.29271],[71.24185,31.29268],[71.24189,31.28724],[71.24675,31.2872],[71.2468,31.27638],[71.24876,31.27636],[71.24875,31.27252],[71.25244,31.26869],[71.25243,31.26549],[71.28842,31.26554],[71.28841,31.26012],[71.30251,31.26017],[71.30249,31.25743],[71.30106,31.25744],[71.3011,31.24656],[71.29826,31.24655],[71.29647,31.2234],[71.29904,31.22208],[71.29911,31.21118],[71.30104,31.2112],[71.30155,31.19753],[71.30341,31.19751],[71.30438,31.1621],[71.31253,31.16215],[71.3125,31.1703],[71.33573,31.17146],[71.33781,31.17309],[71.41072,31.17619],[71.41358,31.17279],[71.42805,31.17145],[71.45881,31.18854],[71.48121,31.21505],[71.48561,31.227],[71.49656,31.24092],[71.50442,31.24878],[71.53,31.26365],[71.55128,31.26264],[71.56947,31.25706],[71.58564,31.25461],[71.58992,31.25565],[71.60422,31.24449],[71.62523,31.23367],[71.66359,31.20107],[71.67894,31.1925],[71.73498,31.19571],[71.75639,31.18251],[71.76282,31.16109],[71.76474,31.14778],[71.78077,31.11051],[71.78578,31.10194],[71.80695,31.08265],[71.80895,31.0784],[71.8121,31.03656],[71.78668,31.00952],[71.76972,30.98632],[71.82758,30.94661],[71.8258,30.9455],[71.82616,30.94006],[71.82231,30.93767],[71.82087,30.93427],[71.81575,30.92933],[71.81027,30.9278],[71.80927,30.92552],[71.81054,30.92112],[71.80671,30.91746],[71.80639,30.9143],[71.79729,30.90826],[71.80036,30.89924],[71.80852,30.88923],[71.82919,30.89183],[71.83297,30.88661],[71.83072,30.88225],[71.82176,30.8706],[71.81237,30.86318],[71.81065,30.85959],[71.80263,30.85572],[71.79725,30.85072],[71.78709,30.85437],[71.77893,30.8533],[71.77671,30.83515],[71.77897,30.82843],[71.77701,30.81913],[71.77431,30.81569],[71.775,30.8092],[71.7627,30.80353],[71.74727,30.80929],[71.73265,30.80705],[71.73022,30.80287],[71.72658,30.80307],[71.72296,30.8007],[71.7203,30.79469],[71.71787,30.78309],[71.72028,30.78024],[71.72035,30.77567],[71.71897,30.7756],[71.71784,30.77144],[71.70334,30.76401],[71.69997,30.76002],[71.68813,30.76001],[71.68341,30.75628],[71.6816,30.7397],[71.67865,30.73199],[71.67929,30.72862],[71.68192,30.72644],[71.68649,30.71126],[71.66676,30.70544],[71.66087,30.70511],[71.65043,30.69928],[71.65063,30.69656],[71.65748,30.68553],[71.65532,30.67275],[71.65804,30.66578],[71.65501,30.65041],[71.64307,30.64418],[71.63187,30.64636],[71.6179,30.64353],[71.61815,30.64216],[71.61298,30.6379],[71.61003,30.63094],[71.61212,30.61867],[71.61513,30.6138],[71.61106,30.61124],[71.60924,30.60769],[71.59713,30.6063],[71.59248,30.6036],[71.59153,30.6004],[71.58532,30.60325],[71.57929,30.60352],[71.55613,30.59458],[71.55173,30.59138],[71.46913,30.63131],[71.45436,30.64054],[71.4446,30.65057],[71.43714,30.65548],[71.42307,30.6726],[71.40609,30.68351],[71.40568,30.68814],[71.40335,30.69146],[71.39449,30.69625],[71.36831,30.74058],[71.35394,30.75337],[71.34674,30.74858],[71.34437,30.74325],[71.32862,30.75637],[71.30047,30.75627],[71.28065,30.77273],[71.23953,30.77225],[71.23927,30.77599],[71.22891,30.77617],[71.21556,30.77416],[71.17635,30.77438],[71.17316,30.771],[71.17508,30.7634],[71.18068,30.75193],[71.18034,30.73702],[71.17396,30.73712],[71.16642,30.73264],[71.15273,30.7182],[71.15037,30.70932],[71.16934,30.68529],[71.12468,30.6556],[71.04772,30.65534],[71.04783,30.66056],[71.05364,30.66614],[71.01463,30.66585],[70.98221,30.66143],[70.96238,30.66664],[70.96139,30.6681],[70.96315,30.67061],[70.96825,30.67312],[70.96237,30.67698],[70.9558,30.67785],[70.92708,30.67323],[70.90749,30.66717],[70.86214,30.66917],[70.8552,30.66689],[70.84901,30.6597],[70.8402,30.65665],[70.80534,30.65381],[70.80082,30.65098],[70.7987,30.66707],[70.80168,30.67315],[70.80165,30.6802],[70.80675,30.69401],[70.81119,30.69757],[70.80862,30.70232],[70.80779,30.71237],[70.80406,30.71317],[70.80413,30.72395],[70.80809,30.73525],[70.80759,30.74997],[70.80065,30.7547],[70.7952,30.75508],[70.7919,30.76093],[70.79145,30.76754],[70.76225,30.76234],[70.75721,30.76395],[70.75469,30.76647],[70.74998,30.7662],[70.74921,30.77487],[70.74596,30.77601],[70.74546,30.77953],[70.74675,30.78197],[70.75012,30.78278],[70.74984,30.78569],[70.74766,30.78606],[70.7453,30.78915],[70.7539,30.80072],[70.75342,30.80716],[70.75511,30.81179],[70.75342,30.81508],[70.75647,30.82344],[70.75498,30.82595],[70.79523,30.8362],[70.79935,30.88776],[70.77459,30.88803],[70.77968,30.9094],[70.77793,30.91222],[70.77672,30.92247],[70.77773,30.92609],[70.78843,30.92599],[70.78989,30.94308],[70.80638,30.94569],[70.8152,30.95442],[70.80933,30.95959],[70.81372,30.96463],[70.81429,30.96817],[70.8095,30.97625],[70.7903,30.97243],[70.77978,30.97196],[70.77894,30.98309],[70.7846,30.98929],[70.78658,30.99686],[70.79423,30.99578],[70.79612,30.99938],[70.79351,31.00028],[70.8003,31.0113],[70.80165,31.05446],[70.79826,31.05742],[70.79566,31.08157],[70.80204,31.0925],[70.80207,31.14036],[70.79663,31.15479],[70.79852,31.16761],[70.78738,31.18112],[70.78486,31.20613],[70.78748,31.20786],[70.78919,31.2338],[70.78738,31.24888],[70.79399,31.2823],[70.76271,31.28474],[70.77739,31.30819],[70.78369,31.31003],[70.78568,31.32063],[70.78634,31.3478],[70.80275,31.35312],[70.81152,31.36702],[70.81948,31.37563],[70.82807,31.37617],[70.8278,31.37386],[70.82981,31.37343],[70.83353,31.37543],[70.83914,31.37525],[70.84267,31.37808],[70.85291,31.37893],[70.85375,31.38146],[70.86463,31.38225],[70.86839,31.38495],[70.87155,31.38491],[70.87155,31.3875],[70.8754,31.38747],[70.87616,31.39039],[70.87949,31.38849],[70.8837,31.39188],[70.88631,31.39164],[70.88677,31.39441],[70.89151,31.39448]]]]}},{"type":"Feature","properties":{"name":"Lodhran"},"geometry":{"type":"MultiPolygon","coordinates":[[[[71.63023,29.9359],[71.62794,29.93185],[71.62476,29.93164],[71.6249,29.92421],[71.61899,29.91725],[71.61658,29.90642],[71.61774,29.9005],[71.63186,29.88917],[71.64587,29.88393],[71.64635,29.87986],[71.64992,29.87721],[71.66086,29.87906],[71.66405,29.87891],[71.66663,29.87683],[71.67199,29.87891],[71.67913,29.87742],[71.68258,29.87906],[71.68326,29.87683],[71.68106,29.87201],[71.68481,29.86778],[71.6936,29.8738],[71.69518,29.88349],[71.69819,29.88337],[71.70162,29.89513],[71.70141,29.90522],[71.69552,29.90627],[71.69217,29.90338],[71.6868,29.9032],[71.68807,29.9075],[71.70136,29.92328],[71.70434,29.91756],[71.71215,29.92172],[71.71947,29.9218],[71.72145,29.92792],[71.71794,29.92973],[71.71848,29.93094],[71.72287,29.92857],[71.72513,29.92346],[71.73035,29.92318],[71.73311,29.92658],[71.73704,29.9277],[71.74968,29.92661],[71.75262,29.93108],[71.75682,29.93128],[71.75694,29.93404],[71.76336,29.93606],[71.7633,29.93874],[71.76679,29.9388],[71.76707,29.93063],[71.76353,29.93069],[71.76376,29.92235],[71.77764,29.92246],[71.77769,29.92029],[71.77986,29.92195],[71.77986,29.91721],[71.77781,29.91704],[71.77787,29.91057],[71.79179,29.90919],[71.79177,29.91185],[71.79522,29.9119],[71.79526,29.90923],[71.79876,29.90928],[71.79874,29.90709],[71.80711,29.90666],[71.80928,29.90122],[71.8128,29.90131],[71.81294,29.89586],[71.8169,29.89498],[71.83004,29.91125],[71.83712,29.90966],[71.83706,29.91257],[71.84039,29.91251],[71.84033,29.91793],[71.84723,29.9181],[71.84729,29.92072],[71.85074,29.92066],[71.85062,29.9237],[71.86145,29.92031],[71.87239,29.914],[71.87557,29.91483],[71.89267,29.91146],[71.90859,29.91784],[71.91359,29.91789],[71.91378,29.91624],[71.9111,29.91583],[71.90951,29.91326],[71.90554,29.91457],[71.90406,29.90398],[71.90657,29.90022],[71.90431,29.89941],[71.90575,29.89635],[71.90326,29.89491],[71.9051,29.8933],[71.90303,29.89306],[71.90321,29.89184],[71.90637,29.89192],[71.90655,29.88835],[71.90984,29.88856],[71.90967,29.89199],[71.91333,29.89204],[71.91339,29.89368],[71.91949,29.89351],[71.921,29.89189],[71.92116,29.88692],[71.92391,29.88692],[71.92392,29.88405],[71.92097,29.8835],[71.9212,29.87847],[71.91734,29.87826],[71.91685,29.86697],[71.91389,29.86696],[71.91345,29.87002],[71.90636,29.86961],[71.9065,29.8651],[71.90952,29.86368],[71.90829,29.85696],[71.91134,29.85624],[71.91348,29.85972],[71.91911,29.85915],[71.91914,29.85753],[71.92402,29.85758],[71.9259,29.86117],[71.92319,29.86194],[71.92451,29.86686],[71.92101,29.86735],[71.92084,29.87611],[71.93061,29.87831],[71.93127,29.88103],[71.93473,29.88165],[71.93608,29.88492],[71.94501,29.88308],[71.94729,29.87424],[71.94523,29.87335],[71.94505,29.87043],[71.94173,29.86592],[71.93529,29.86503],[71.93489,29.86092],[71.93515,29.85916],[71.94213,29.85928],[71.9422,29.85654],[71.9457,29.85659],[71.94779,29.85381],[71.94574,29.85376],[71.94577,29.85114],[71.94225,29.85107],[71.94234,29.84836],[71.93875,29.84829],[71.93886,29.84224],[71.95045,29.85104],[71.95622,29.85298],[71.95628,29.83296],[71.95658,29.83586],[71.97062,29.83565],[71.97345,29.83271],[71.97355,29.83034],[71.98332,29.8301],[71.98384,29.8213],[71.9913,29.82019],[71.99163,29.81715],[71.99528,29.81435],[72.00197,29.81181],[72.00619,29.81196],[72.00619,29.81072],[72.00343,29.81055],[72.00118,29.80614],[71.99737,29.80612],[71.99886,29.79479],[72.00859,29.7943],[72.00931,29.79214],[72.0128,29.79223],[72.01283,29.7933],[72.01942,29.79222],[72.01957,29.78959],[72.02444,29.78804],[72.01862,29.78121],[72.00961,29.78106],[72.0054,29.77739],[72.00412,29.76925],[71.99929,29.76751],[71.99796,29.76418],[71.99741,29.75764],[72.00015,29.75271],[71.99679,29.74952],[71.99148,29.74726],[71.98615,29.74781],[71.98028,29.74545],[71.97193,29.74498],[71.97003,29.74059],[71.96635,29.73909],[71.96783,29.72509],[71.97565,29.72552],[71.97707,29.72792],[71.9847,29.72798],[71.98749,29.72527],[71.98702,29.71603],[71.99064,29.71599],[71.9936,29.7228],[71.99965,29.72226],[72.0003,29.72638],[72.00498,29.7203],[72.00388,29.71464],[72.00827,29.70988],[72.02184,29.70983],[72.0312,29.70656],[72.03202,29.70419],[72.02941,29.70381],[72.02775,29.70029],[72.02449,29.69938],[72.0275,29.69702],[72.02869,29.69019],[72.02884,29.68756],[72.0263,29.68502],[72.02512,29.68048],[72.02738,29.67693],[72.0322,29.68129],[72.03929,29.68111],[72.04347,29.67839],[72.04409,29.67014],[72.0451,29.6713],[72.04802,29.67002],[72.06828,29.66921],[72.07291,29.66121],[72.07709,29.6613],[72.07701,29.65876],[72.08018,29.65876],[72.08031,29.6573],[72.09199,29.65876],[72.09554,29.65512],[72.10208,29.65539],[72.10214,29.6529],[72.0959,29.64563],[72.09299,29.64404],[72.09083,29.64589],[72.08802,29.64567],[72.08341,29.64323],[72.08327,29.63995],[72.09711,29.62921],[72.10744,29.63458],[72.11062,29.62622],[72.11344,29.62559],[72.12207,29.6314],[72.11825,29.64216],[72.12554,29.64686],[72.12956,29.64244],[72.13051,29.64502],[72.13323,29.64599],[72.13417,29.63626],[72.14414,29.63139],[72.1442,29.62839],[72.13269,29.62076],[72.13269,29.6057],[72.1291,29.60276],[72.13685,29.59582],[72.14013,29.58505],[72.133,29.5834],[72.13289,29.57984],[72.12775,29.58081],[72.11688,29.57796],[72.10273,29.56749],[72.10675,29.55355],[72.10769,29.53908],[72.10569,29.53451],[72.10177,29.54246],[72.10182,29.53147],[72.09932,29.52798],[72.09749,29.52984],[72.09451,29.52623],[72.09081,29.52528],[72.08628,29.52531],[72.08247,29.52757],[72.08311,29.52435],[72.07767,29.52419],[72.06641,29.53191],[72.06636,29.53559],[72.06028,29.53616],[72.05597,29.53945],[72.05301,29.53946],[72.05428,29.55442],[72.04178,29.54571],[72.04167,29.5507],[72.03527,29.55067],[72.03679,29.54364],[72.03408,29.54082],[72.03087,29.52745],[72.02624,29.52327],[72.02175,29.53004],[72.01577,29.53008],[72.01595,29.52088],[72.01219,29.52005],[72.00516,29.52083],[72.00058,29.52306],[72.00101,29.52649],[71.9982,29.52651],[71.9957,29.53474],[71.99236,29.53778],[71.99221,29.54546],[71.98091,29.54412],[71.97677,29.54018],[71.97032,29.53861],[71.96962,29.53668],[71.96743,29.54516],[71.96525,29.54653],[71.96086,29.54749],[71.95523,29.54355],[71.94752,29.54665],[71.94311,29.54654],[71.93898,29.54231],[71.94199,29.53239],[71.94178,29.52301],[71.96973,29.50299],[71.97254,29.49986],[71.97303,29.4944],[71.96132,29.49148],[71.94105,29.51581],[71.9349,29.50205],[71.93387,29.47902],[71.92808,29.47568],[71.92499,29.47733],[71.92388,29.51431],[71.91895,29.52534],[71.91091,29.5301],[71.90862,29.52833],[71.89849,29.52787],[71.89303,29.50483],[71.89403,29.50176],[71.89694,29.50038],[71.89299,29.49578],[71.88188,29.4973],[71.87849,29.49987],[71.8826,29.51933],[71.87962,29.52371],[71.87446,29.52487],[71.86075,29.51967],[71.84646,29.51653],[71.83874,29.50905],[71.83203,29.49251],[71.8274,29.48704],[71.82081,29.48302],[71.79939,29.47558],[71.79361,29.47604],[71.78769,29.48134],[71.78113,29.48804],[71.7737,29.50049],[71.76956,29.50442],[71.76185,29.50716],[71.75113,29.50644],[71.74317,29.50036],[71.74285,29.48351],[71.72139,29.4555],[71.71773,29.45409],[71.71644,29.45717],[71.71701,29.46197],[71.71113,29.46375],[71.70521,29.46168],[71.69753,29.45591],[71.69231,29.4464],[71.6769,29.45586],[71.65518,29.45417],[71.64249,29.45158],[71.63409,29.44379],[71.62901,29.43571],[71.62626,29.42702],[71.62641,29.4151],[71.62527,29.41361],[71.61435,29.41648],[71.60262,29.42601],[71.59825,29.42665],[71.59496,29.42409],[71.59102,29.41412],[71.58303,29.40777],[71.57207,29.40538],[71.56307,29.39656],[71.55203,29.39544],[71.55707,29.41167],[71.53221,29.42275],[71.52466,29.42272],[71.5213,29.39264],[71.51175,29.38175],[71.49984,29.37847],[71.48926,29.37008],[71.48785,29.36748],[71.49139,29.36188],[71.49083,29.35655],[71.48755,29.35364],[71.48318,29.35206],[71.47331,29.35882],[71.46499,29.36629],[71.46427,29.37079],[71.46903,29.3747],[71.46784,29.37737],[71.45856,29.38553],[71.44287,29.39308],[71.4313,29.39167],[71.42152,29.38817],[71.39952,29.38525],[71.39837,29.37378],[71.3961,29.37005],[71.38276,29.36463],[71.37941,29.37012],[71.38138,29.37841],[71.37857,29.37922],[71.37504,29.37501],[71.36619,29.37609],[71.36224,29.38308],[71.36838,29.38386],[71.36936,29.38715],[71.37238,29.38717],[71.3736,29.38933],[71.37232,29.3954],[71.38397,29.39873],[71.3824,29.40799],[71.3858,29.40911],[71.38576,29.41085],[71.38475,29.41666],[71.38223,29.41623],[71.38281,29.41942],[71.39806,29.41961],[71.39994,29.42011],[71.3994,29.42185],[71.40282,29.42192],[71.40306,29.44475],[71.39203,29.44526],[71.39174,29.45553],[71.38622,29.45541],[71.38603,29.46475],[71.38468,29.46464],[71.38508,29.46794],[71.39222,29.46801],[71.39584,29.469],[71.39585,29.47019],[71.39942,29.47011],[71.39825,29.47737],[71.39482,29.47733],[71.3935,29.48218],[71.37878,29.48252],[71.37807,29.4836],[71.37795,29.49826],[71.38122,29.49728],[71.38192,29.49894],[71.3817,29.50923],[71.38437,29.51474],[71.38414,29.52514],[71.38827,29.52516],[71.38819,29.5284],[71.39647,29.52804],[71.39675,29.55159],[71.41014,29.55183],[71.41007,29.55426],[71.41385,29.55449],[71.41399,29.55824],[71.41731,29.55827],[71.41717,29.56912],[71.4241,29.56928],[71.42381,29.58011],[71.4273,29.58015],[71.42713,29.59275],[71.42564,29.59271],[71.42404,29.60361],[71.42198,29.60358],[71.42258,29.60735],[71.41987,29.60732],[71.41974,29.61281],[71.42457,29.61289],[71.42449,29.61504],[71.4322,29.61378],[71.43207,29.61789],[71.43831,29.61855],[71.43827,29.62185],[71.43965,29.62183],[71.43954,29.62452],[71.44085,29.62458],[71.44359,29.63226],[71.44358,29.63329],[71.43799,29.63319],[71.43856,29.64026],[71.4399,29.64298],[71.4434,29.64316],[71.44334,29.64581],[71.45022,29.64593],[71.45004,29.6568],[71.43958,29.65638],[71.43952,29.65941],[71.43466,29.65987],[71.43606,29.67415],[71.43942,29.67417],[71.43964,29.67793],[71.44326,29.67797],[71.44325,29.68041],[71.44647,29.68045],[71.44682,29.68294],[71.45759,29.68418],[71.45757,29.68666],[71.46116,29.68668],[71.46119,29.68879],[71.4542,29.68685],[71.44944,29.68787],[71.4493,29.68948],[71.45142,29.6895],[71.4512,29.69227],[71.45511,29.69337],[71.4547,29.69713],[71.45271,29.6977],[71.45171,29.71016],[71.4433,29.70794],[71.44207,29.71055],[71.43625,29.71051],[71.43813,29.71363],[71.43501,29.71376],[71.43499,29.7154],[71.43281,29.71643],[71.43315,29.71865],[71.43006,29.71858],[71.43001,29.72281],[71.43204,29.7228],[71.43173,29.73128],[71.43367,29.73127],[71.43368,29.73605],[71.43102,29.73634],[71.43103,29.73819],[71.43319,29.73824],[71.43322,29.74326],[71.43679,29.74331],[71.4368,29.74829],[71.43987,29.74828],[71.44041,29.7533],[71.44327,29.75419],[71.44384,29.75919],[71.44759,29.75978],[71.44758,29.76132],[71.43691,29.7679],[71.43787,29.77077],[71.44338,29.77489],[71.44264,29.78248],[71.44425,29.78461],[71.45641,29.78427],[71.45557,29.78652],[71.46812,29.78615],[71.47239,29.78283],[71.47183,29.77498],[71.47549,29.77143],[71.47772,29.77344],[71.48729,29.77335],[71.48833,29.77902],[71.49618,29.77344],[71.49875,29.77349],[71.50382,29.77734],[71.50637,29.7771],[71.50669,29.76432],[71.50995,29.76169],[71.51365,29.76227],[71.51495,29.76661],[71.51419,29.77046],[71.51694,29.77211],[71.51679,29.78126],[71.52019,29.78028],[71.50564,29.79107],[71.50205,29.791],[71.50076,29.78608],[71.49595,29.78598],[71.49597,29.78326],[71.49107,29.78323],[71.49103,29.78449],[71.48892,29.78426],[71.48951,29.79253],[71.48318,29.7969],[71.4888,29.79917],[71.49879,29.8074],[71.50819,29.80923],[71.50705,29.81123],[71.49746,29.81446],[71.49245,29.82171],[71.49659,29.8235],[71.50607,29.83176],[71.50973,29.83179],[71.50982,29.83508],[71.51642,29.83502],[71.52324,29.8386],[71.52325,29.84122],[71.52599,29.8419],[71.52582,29.84809],[71.5273,29.84815],[71.53148,29.84248],[71.53966,29.84345],[71.54803,29.84195],[71.55156,29.84478],[71.55199,29.85004],[71.54997,29.85817],[71.54692,29.85909],[71.53773,29.86912],[71.54266,29.87031],[71.54252,29.87624],[71.55107,29.87741],[71.55237,29.88019],[71.54322,29.89475],[71.54463,29.90843],[71.55441,29.90859],[71.55675,29.91018],[71.5595,29.91996],[71.56786,29.92748],[71.57971,29.92733],[71.58048,29.92347],[71.58484,29.92223],[71.59544,29.92438],[71.59546,29.93087],[71.59363,29.93084],[71.59352,29.93531],[71.60138,29.93542],[71.60447,29.93804],[71.60747,29.93503],[71.60956,29.935],[71.61545,29.94425],[71.6263,29.94241],[71.62943,29.93949],[71.63023,29.9359]]]]}},{"type":"Feature","properties":{"name":"Mandi Bahauddin"},"geometry":{"type":"MultiPolygon","coordinates":[[[[73.58026,32.7384],[73.58815,32.73477],[73.5876,32.72192],[73.6013,32.71793],[73.61038,32.71064],[73.61366,32.71424],[73.61701,32.69514],[73.62732,32.68241],[73.63104,32.68227],[73.6325,32.68288],[73.63248,32.68505],[73.63465,32.68505],[73.63745,32.697],[73.64962,32.69549],[73.64965,32.68294],[73.64747,32.68129],[73.64753,32.67744],[73.64605,32.67742],[73.64609,32.67528],[73.64038,32.67524],[73.63797,32.67233],[73.64477,32.66481],[73.65119,32.65223],[73.65053,32.64036],[73.64406,32.63058],[73.65128,32.63121],[73.65126,32.63336],[73.65483,32.63336],[73.65475,32.63724],[73.65907,32.63726],[73.65982,32.63395],[73.66552,32.63397],[73.66979,32.63215],[73.6698,32.63068],[73.67339,32.63075],[73.67783,32.62849],[73.67994,32.6234],[73.68486,32.6243],[73.70411,32.61986],[73.70771,32.61714],[73.70776,32.61176],[73.71267,32.6107],[73.71272,32.6047],[73.71097,32.60308],[73.71734,32.59778],[73.71813,32.59],[73.71703,32.5865],[73.72073,32.58072],[73.72487,32.57735],[73.73582,32.57437],[73.74125,32.57098],[73.74481,32.57087],[73.74908,32.56011],[73.75054,32.56781],[73.75977,32.56777],[73.75983,32.5656],[73.76269,32.56558],[73.76269,32.56396],[73.76912,32.56289],[73.78271,32.56293],[73.78409,32.55473],[73.7813,32.5443],[73.77142,32.53748],[73.7752,32.53237],[73.78215,32.53172],[73.78328,32.52145],[73.78693,32.51365],[73.78402,32.50849],[73.78671,32.50718],[73.78425,32.49875],[73.78986,32.49435],[73.7894,32.4927],[73.79861,32.48954],[73.79917,32.4874],[73.81017,32.48609],[73.80826,32.47347],[73.8184,32.47368],[73.82097,32.47315],[73.82071,32.47155],[73.83504,32.46838],[73.83512,32.46976],[73.83841,32.46903],[73.83967,32.46511],[73.849,32.46306],[73.85062,32.4559],[73.85506,32.45735],[73.85557,32.45147],[73.86263,32.4467],[73.86089,32.44343],[73.86337,32.44055],[73.8767,32.43909],[73.87581,32.43494],[73.88217,32.43251],[73.87918,32.42906],[73.88006,32.42466],[73.8778,32.41916],[73.88102,32.40885],[73.8825,32.39468],[73.87837,32.38929],[73.86433,32.39411],[73.86314,32.39204],[73.85411,32.39246],[73.85394,32.3859],[73.84204,32.38741],[73.82114,32.37391],[73.81925,32.3712],[73.80341,32.36558],[73.80318,32.36891],[73.78743,32.36994],[73.78893,32.36287],[73.78294,32.36101],[73.78188,32.3626],[73.78145,32.35801],[73.77291,32.35659],[73.77171,32.36555],[73.76963,32.36681],[73.76733,32.36592],[73.76968,32.3606],[73.76812,32.35905],[73.76743,32.34779],[73.76505,32.34547],[73.76543,32.34218],[73.76144,32.34159],[73.76864,32.33718],[73.768,32.33634],[73.7607,32.33684],[73.75929,32.33797],[73.76231,32.33966],[73.75553,32.34233],[73.75523,32.34398],[73.75192,32.34416],[73.75326,32.34678],[73.75002,32.34562],[73.74766,32.34775],[73.74153,32.36226],[73.73984,32.36261],[73.73303,32.35842],[73.72995,32.36009],[73.72945,32.36419],[73.71644,32.3591],[73.7163,32.36356],[73.71059,32.36076],[73.70607,32.35547],[73.69715,32.3538],[73.69126,32.35023],[73.68632,32.34535],[73.68425,32.3397],[73.68283,32.33965],[73.68065,32.34549],[73.65196,32.33693],[73.65282,32.3311],[73.632,32.32138],[73.63259,32.32057],[73.57742,32.30303],[73.57409,32.3016],[73.56975,32.29601],[73.55231,32.28734],[73.53507,32.28622],[73.53069,32.27903],[73.52344,32.27777],[73.51074,32.27167],[73.50995,32.27351],[73.50795,32.27256],[73.50906,32.27057],[73.50403,32.24823],[73.50599,32.24721],[73.50555,32.24502],[73.50289,32.2434],[73.49826,32.24153],[73.48885,32.24556],[73.48189,32.25332],[73.47858,32.25189],[73.47627,32.24854],[73.47436,32.24951],[73.47436,32.24593],[73.4676,32.24075],[73.47211,32.2374],[73.46167,32.22875],[73.45392,32.21913],[73.42888,32.19514],[73.42106,32.18314],[73.40319,32.18001],[73.37832,32.17076],[73.37701,32.16676],[73.3701,32.16033],[73.35197,32.14932],[73.34516,32.14714],[73.33142,32.13624],[73.31915,32.13178],[73.31923,32.12775],[73.31354,32.12766],[73.31415,32.12201],[73.29972,32.12077],[73.28435,32.13647],[73.28272,32.13963],[73.28353,32.14244],[73.27698,32.14876],[73.27811,32.15008],[73.26663,32.15377],[73.26732,32.16345],[73.26518,32.17601],[73.24466,32.17804],[73.24225,32.17551],[73.23766,32.17959],[73.23642,32.18816],[73.24115,32.19893],[73.24327,32.2149],[73.23484,32.22738],[73.23637,32.22924],[73.23563,32.23504],[73.22934,32.23487],[73.22364,32.23805],[73.22755,32.24735],[73.22609,32.25297],[73.22837,32.25699],[73.21626,32.26401],[73.21682,32.27189],[73.2074,32.27131],[73.20733,32.26812],[73.20007,32.26421],[73.19541,32.26415],[73.19715,32.2565],[73.19009,32.24997],[73.18123,32.24789],[73.16678,32.25517],[73.16747,32.25343],[73.16482,32.25069],[73.15535,32.24876],[73.14432,32.27773],[73.12966,32.29994],[73.13657,32.30824],[73.1347,32.31068],[73.12479,32.30933],[73.11153,32.30382],[73.10606,32.29982],[73.09408,32.29851],[73.0875,32.29429],[73.08144,32.30548],[73.06499,32.31013],[73.07036,32.31356],[73.07392,32.32122],[73.08506,32.32269],[73.10941,32.34903],[73.1043,32.35228],[73.10471,32.35385],[73.10197,32.35564],[73.10304,32.35686],[73.10027,32.35868],[73.10337,32.36208],[73.09936,32.37133],[73.09257,32.37682],[73.09338,32.37781],[73.09172,32.37887],[73.09303,32.38031],[73.08931,32.38121],[73.09556,32.388],[73.07688,32.39228],[73.08568,32.40192],[73.06122,32.4187],[73.04833,32.42174],[73.04933,32.42732],[73.04732,32.43871],[73.0536,32.4466],[73.06,32.44373],[73.06178,32.44612],[73.07155,32.44732],[73.07432,32.44984],[73.07716,32.46939],[73.08757,32.46716],[73.09444,32.46878],[73.09868,32.46755],[73.10405,32.47276],[73.10781,32.4699],[73.11427,32.47086],[73.1196,32.46828],[73.13477,32.46553],[73.14136,32.4621],[73.14349,32.46464],[73.15459,32.46705],[73.16849,32.48224],[73.16775,32.48754],[73.17126,32.49142],[73.17094,32.49412],[73.15165,32.49846],[73.14863,32.50101],[73.14894,32.503],[73.15002,32.50418],[73.15756,32.50352],[73.15796,32.50585],[73.16075,32.50409],[73.1686,32.50654],[73.1697,32.50888],[73.17201,32.50804],[73.17842,32.50953],[73.18138,32.51947],[73.1834,32.52096],[73.19107,32.51884],[73.19401,32.52577],[73.20232,32.52828],[73.20333,32.53081],[73.2042,32.53639],[73.19993,32.53877],[73.19469,32.56505],[73.19893,32.59172],[73.21557,32.59554],[73.22298,32.5855],[73.22541,32.5853],[73.22532,32.58341],[73.23109,32.58187],[73.23998,32.58814],[73.24974,32.58678],[73.25415,32.58939],[73.26081,32.59053],[73.26478,32.5886],[73.27081,32.59139],[73.28085,32.59978],[73.28366,32.59733],[73.29644,32.60527],[73.31463,32.61125],[73.32069,32.61978],[73.34761,32.61897],[73.34988,32.62337],[73.36496,32.63008],[73.37701,32.629],[73.3783,32.63186],[73.40105,32.632],[73.40246,32.63423],[73.40576,32.63474],[73.40602,32.62275],[73.40869,32.62625],[73.41431,32.62682],[73.41488,32.62841],[73.42255,32.63148],[73.42511,32.63703],[73.44654,32.65274],[73.45555,32.65573],[73.46396,32.65588],[73.46522,32.65321],[73.47034,32.65384],[73.47608,32.65784],[73.48326,32.65836],[73.48319,32.66096],[73.49198,32.66182],[73.49206,32.66533],[73.49562,32.66649],[73.49427,32.66779],[73.49544,32.66907],[73.4997,32.67007],[73.49981,32.67231],[73.50515,32.67548],[73.51196,32.67721],[73.52037,32.67705],[73.52219,32.67875],[73.52082,32.6801],[73.52175,32.68314],[73.51962,32.68568],[73.52895,32.68767],[73.52937,32.68871],[73.52535,32.69049],[73.55926,32.71077],[73.56444,32.72657],[73.56935,32.72649],[73.57089,32.73133],[73.57523,32.73682],[73.58026,32.7384]]]]}},{"type":"Feature","properties":{"name":"Mianwali"},"geometry":{"type":"MultiPolygon","coordinates":[[[[71.56143,33.22696],[71.58564,33.20566],[71.60055,33.1843],[71.60669,33.13334],[71.6204,33.11106],[71.64469,33.08373],[71.72624,33.04188],[71.72921,33.03209],[71.72312,33.02304],[71.72724,33.0208],[71.73665,33.02073],[71.73955,33.02315],[71.74017,33.02757],[71.74373,33.02728],[71.74596,33.02237],[71.74596,33.01668],[71.7435,33.0072],[71.74569,33.00433],[71.75222,33.005],[71.76338,33.01011],[71.79499,33.00019],[71.80224,33.00423],[71.80895,33.00279],[71.81174,33.00589],[71.81341,33.00572],[71.81909,33.00008],[71.84094,32.99705],[71.84882,32.99087],[71.8585,32.97718],[71.86669,32.96866],[71.86766,32.96407],[71.86294,32.9635],[71.86155,32.95949],[71.86478,32.95372],[71.86358,32.94721],[71.86545,32.9418],[71.86608,32.92858],[71.86981,32.91937],[71.87426,32.91644],[71.87247,32.90487],[71.87562,32.89877],[71.88255,32.90027],[71.88633,32.89672],[71.89015,32.8875],[71.89426,32.8842],[71.89338,32.8815],[71.89456,32.87913],[71.89294,32.87597],[71.89742,32.86775],[71.89493,32.86528],[71.89549,32.86317],[71.90133,32.8628],[71.90315,32.86125],[71.90793,32.86214],[71.91141,32.86054],[71.91931,32.86192],[71.9266,32.85682],[71.92799,32.85269],[71.93488,32.849],[71.93549,32.84704],[71.93998,32.84531],[71.94514,32.84643],[71.94573,32.84371],[71.94869,32.84325],[71.9448,32.83883],[71.9463,32.83228],[71.94767,32.83169],[71.95508,32.83541],[71.95914,32.83399],[71.9589,32.83114],[71.95515,32.8301],[71.95549,32.82012],[71.95359,32.81679],[71.95778,32.81378],[71.93512,32.80648],[71.92879,32.80186],[71.92561,32.7972],[71.92123,32.79827],[71.92023,32.79527],[71.91506,32.79313],[71.9087,32.78289],[71.90398,32.78081],[71.89807,32.77363],[71.89453,32.7716],[71.8843,32.77171],[71.88049,32.76795],[71.87923,32.76434],[71.87604,32.76348],[71.87559,32.76079],[71.87802,32.75979],[71.87411,32.74935],[71.8768,32.74653],[71.87746,32.74308],[71.87751,32.73174],[71.88437,32.73026],[71.88149,32.71979],[71.87425,32.71772],[71.87534,32.71281],[71.87394,32.70816],[71.88146,32.70485],[71.88217,32.69966],[71.88936,32.70004],[71.88938,32.69712],[71.89105,32.69689],[71.89973,32.69757],[71.89796,32.69185],[71.90126,32.68831],[71.89622,32.68396],[71.89876,32.6822],[71.89876,32.6797],[71.8985,32.67604],[71.89615,32.67378],[71.88858,32.67426],[71.88437,32.67014],[71.87919,32.66878],[71.87889,32.66519],[71.88063,32.66513],[71.87977,32.65826],[71.89292,32.65442],[71.8939,32.65234],[71.89227,32.6461],[71.89504,32.63866],[71.89935,32.63536],[71.90375,32.62624],[71.90475,32.62539],[71.90986,32.62743],[71.9134,32.62154],[71.91097,32.61898],[71.91474,32.61471],[71.91059,32.6123],[71.90664,32.60002],[71.90886,32.59171],[71.91322,32.58814],[71.92198,32.58769],[71.92325,32.58285],[71.92587,32.58194],[71.92665,32.57316],[71.92261,32.56602],[71.92475,32.56078],[71.9243,32.55752],[71.91315,32.55826],[71.90348,32.55261],[71.88292,32.55618],[71.86158,32.55051],[71.83771,32.53776],[71.82566,32.52497],[71.82629,32.51608],[71.82007,32.51386],[71.82158,32.50163],[71.80897,32.49887],[71.79956,32.48962],[71.79272,32.4875],[71.7923,32.48984],[71.78942,32.49011],[71.78623,32.4881],[71.78734,32.48672],[71.78224,32.48638],[71.78173,32.4784],[71.78545,32.47472],[71.77793,32.46857],[71.77957,32.46558],[71.7896,32.46464],[71.79422,32.45489],[71.80102,32.45489],[71.80193,32.45723],[71.80507,32.45403],[71.80716,32.45486],[71.81399,32.4533],[71.81469,32.45062],[71.81908,32.44773],[71.81612,32.4449],[71.82084,32.43614],[71.8236,32.43492],[71.82489,32.43658],[71.82872,32.43612],[71.83314,32.43218],[71.83179,32.43153],[71.83275,32.42414],[71.83527,32.42263],[71.83283,32.41429],[71.82741,32.41441],[71.82743,32.40522],[71.82884,32.40424],[71.82746,32.39792],[71.81956,32.38822],[71.81312,32.38822],[71.81319,32.38307],[71.80229,32.37656],[71.79886,32.37798],[71.79846,32.36694],[71.79485,32.367],[71.79484,32.36373],[71.78888,32.36369],[71.78743,32.35937],[71.78523,32.35846],[71.78505,32.3547],[71.72193,32.29179],[71.72188,32.28333],[71.7106,32.28319],[71.71065,32.26919],[71.71313,32.26924],[71.71332,32.26125],[71.71302,32.25864],[71.71051,32.25857],[71.71054,32.24796],[71.71458,32.24784],[71.71437,32.2289],[71.71641,32.22891],[71.71599,32.19931],[71.73174,32.19949],[71.73687,32.1947],[71.69853,32.19178],[71.69515,32.19072],[71.69888,32.18729],[71.63609,32.18212],[71.63611,32.17995],[71.59723,32.18029],[71.58502,32.18789],[71.58497,32.19074],[71.58078,32.19069],[71.57432,32.19455],[71.57217,32.19376],[71.57215,32.1959],[71.56442,32.20071],[71.56441,32.20296],[71.56107,32.20294],[71.56159,32.20781],[71.56628,32.2079],[71.56635,32.21059],[71.56441,32.21071],[71.56503,32.21275],[71.5565,32.21274],[71.556,32.2113],[71.50265,32.21137],[71.50258,32.20687],[71.49972,32.20708],[71.49972,32.20437],[71.49587,32.20402],[71.49587,32.20037],[71.49208,32.20037],[71.49201,32.19688],[71.48873,32.19681],[71.48851,32.19288],[71.48502,32.19288],[71.48495,32.18888],[71.48138,32.18895],[71.48123,32.1876],[71.47738,32.18767],[71.47738,32.1866],[71.47031,32.1866],[71.47024,32.18517],[71.46674,32.18517],[71.46674,32.18388],[71.4631,32.18388],[71.4631,32.18267],[71.45553,32.18296],[71.45553,32.18153],[71.45147,32.18153],[71.44726,32.18659],[71.44308,32.18871],[71.42859,32.18825],[71.40976,32.19343],[71.41285,32.19911],[71.35763,32.20014],[71.34896,32.20662],[71.32549,32.16618],[71.3103,32.17583],[71.30933,32.17492],[71.25805,32.19525],[71.24498,32.19908],[71.22614,32.20146],[71.20831,32.20823],[71.20345,32.20829],[71.20353,32.21104],[71.1738,32.22277],[71.1848,32.25595],[71.2024,32.28466],[71.21061,32.2928],[71.23678,32.32675],[71.23792,32.32797],[71.23945,32.32705],[71.2477,32.33785],[71.26437,32.35416],[71.26974,32.36377],[71.27504,32.3692],[71.33224,32.36921],[71.33643,32.37131],[71.33631,32.37734],[71.33973,32.3807],[71.33059,32.38575],[71.33128,32.38727],[71.32844,32.3892],[71.32539,32.38939],[71.32614,32.3951],[71.32215,32.39622],[71.32215,32.40214],[71.32564,32.41259],[71.33148,32.4175],[71.34123,32.43534],[71.3556,32.47029],[71.35724,32.47947],[71.3534,32.48886],[71.35957,32.50248],[71.36061,32.51101],[71.35817,32.51076],[71.35484,32.50689],[71.33867,32.50598],[71.33422,32.51691],[71.33418,32.52121],[71.32685,32.5374],[71.32462,32.53896],[71.31805,32.53941],[71.30476,32.53858],[71.30462,32.52641],[71.30382,32.52471],[71.30179,32.5246],[71.30561,32.51895],[71.30548,32.51387],[71.28213,32.51587],[71.28266,32.4999],[71.2802,32.49264],[71.2641,32.50424],[71.26157,32.51123],[71.24944,32.51932],[71.24249,32.52167],[71.24529,32.52226],[71.25178,32.54197],[71.25245,32.55205],[71.25563,32.56059],[71.25894,32.56482],[71.26147,32.57437],[71.27134,32.58364],[71.27209,32.58663],[71.25124,32.60132],[71.2493,32.60494],[71.24134,32.59785],[71.21788,32.59074],[71.18555,32.58974],[71.1687,32.6073],[71.1657,32.61865],[71.16039,32.62628],[71.15783,32.62683],[71.15702,32.63014],[71.15563,32.64423],[71.15852,32.65198],[71.14694,32.65261],[71.14666,32.65658],[71.15544,32.67522],[71.15036,32.67343],[71.1378,32.67909],[71.13493,32.6938],[71.13336,32.69519],[71.13589,32.70742],[71.13941,32.70867],[71.14131,32.7113],[71.14264,32.72401],[71.13918,32.73542],[71.13515,32.73663],[71.12027,32.7522],[71.12048,32.75742],[71.1264,32.75689],[71.12198,32.76355],[71.11942,32.7807],[71.11424,32.79454],[71.11526,32.81234],[71.11732,32.8098],[71.13335,32.80323],[71.13355,32.80829],[71.13547,32.81181],[71.13232,32.8189],[71.13264,32.8413],[71.14572,32.8866],[71.14295,32.90307],[71.14445,32.9185],[71.14931,32.93207],[71.16847,32.95665],[71.17405,32.96743],[71.19493,32.97842],[71.20425,32.97969],[71.21127,32.98443],[71.22204,32.98481],[71.25007,33.00532],[71.25673,32.99994],[71.3098,33.01528],[71.31303,33.01929],[71.32348,33.01963],[71.32354,33.00321],[71.35208,32.995],[71.38533,32.9952],[71.42261,32.99996],[71.42376,33.00361],[71.43506,33.00589],[71.45217,33.0154],[71.45852,33.02507],[71.4631,33.04001],[71.46425,33.04002],[71.46328,33.05421],[71.4615,33.06373],[71.4498,33.06972],[71.43931,33.08296],[71.43135,33.09974],[71.43904,33.11188],[71.44437,33.13471],[71.44556,33.14869],[71.43753,33.16297],[71.43307,33.18171],[71.42153,33.19398],[71.42169,33.20073],[71.42387,33.20712],[71.42814,33.21285],[71.434,33.21693],[71.44967,33.21936],[71.46014,33.21817],[71.46846,33.2127],[71.50677,33.20556],[71.51201,33.20723],[71.5237,33.21971],[71.53473,33.22617],[71.54776,33.22886],[71.56143,33.22696]]]]}},{"type":"Feature","properties":{"name":"Multan"},"geometry":{"type":"MultiPolygon","coordinates":[[[[71.52423,30.43983],[71.53001,30.43994],[71.53043,30.43813],[71.53885,30.4388],[71.54056,30.43732],[71.53953,30.43564],[71.54181,30.43381],[71.54639,30.43398],[71.54765,30.43597],[71.56449,30.43686],[71.56649,30.44032],[71.57093,30.43915],[71.57566,30.43261],[71.57925,30.43091],[71.57796,30.42782],[71.58075,30.42785],[71.58201,30.42296],[71.58649,30.42246],[71.58648,30.42031],[71.59245,30.41957],[71.59485,30.4248],[71.59717,30.42483],[71.60314,30.42326],[71.6046,30.42055],[71.60862,30.42005],[71.60816,30.41786],[71.61578,30.41853],[71.61596,30.41257],[71.61179,30.40728],[71.61261,30.40274],[71.62171,30.40281],[71.62115,30.3985],[71.62885,30.39589],[71.6303,30.39046],[71.63378,30.39076],[71.63394,30.38615],[71.62762,30.38445],[71.63052,30.37674],[71.63007,30.3713],[71.63279,30.37108],[71.63414,30.36809],[71.65171,30.3651],[71.65174,30.36237],[71.65346,30.36239],[71.65469,30.35967],[71.66187,30.35976],[71.65331,30.34499],[71.65519,30.34501],[71.65364,30.33789],[71.6557,30.33793],[71.65723,30.3298],[71.66147,30.32851],[71.66147,30.32715],[71.66636,30.32663],[71.66711,30.32448],[71.67058,30.32448],[71.67203,30.32238],[71.67888,30.32296],[71.67697,30.32142],[71.67701,30.31917],[71.69158,30.31879],[71.69164,30.32098],[71.69501,30.32097],[71.6951,30.31941],[71.69924,30.31939],[71.69928,30.31783],[71.70413,30.31786],[71.70429,30.31535],[71.70832,30.31711],[71.70845,30.31084],[71.70999,30.31084],[71.71238,30.3136],[71.71607,30.31363],[71.71607,30.31477],[71.72668,30.316],[71.73061,30.31605],[71.73406,30.31168],[71.76094,30.3121],[71.7609,30.31373],[71.77462,30.31284],[71.77299,30.32001],[71.78275,30.32152],[71.78844,30.32026],[71.77932,30.30895],[71.77076,30.28715],[71.76933,30.28698],[71.76585,30.2724],[71.78183,30.27201],[71.78361,30.2715],[71.7844,30.26715],[71.78719,30.26647],[71.81364,30.27456],[71.83821,30.24987],[71.8314,30.2444],[71.82801,30.24432],[71.82794,30.23895],[71.82451,30.23884],[71.82456,30.23618],[71.82114,30.23345],[71.8143,30.23331],[71.81413,30.22442],[71.81051,30.21632],[71.80043,30.21116],[71.79895,30.20728],[71.80049,30.20307],[71.79727,30.19757],[71.79734,30.19014],[71.79369,30.18186],[71.79503,30.17323],[71.79242,30.17315],[71.79235,30.17],[71.78739,30.1643],[71.7874,30.16218],[71.78043,30.16208],[71.77981,30.15936],[71.77351,30.15928],[71.76512,30.14824],[71.76529,30.14019],[71.76874,30.1375],[71.76884,30.13479],[71.77066,30.13479],[71.77085,30.12928],[71.76028,30.12922],[71.75276,30.12367],[71.75283,30.12097],[71.75171,30.1209],[71.75353,30.11806],[71.75357,30.11251],[71.75717,30.10981],[71.75732,30.10194],[71.75382,30.10193],[71.74878,30.09094],[71.74178,30.08544],[71.74019,30.08005],[71.74195,30.07718],[71.73688,30.0718],[71.73689,30.06908],[71.73343,30.06902],[71.73354,30.06085],[71.72807,30.0607],[71.727,30.05869],[71.72709,30.03619],[71.71656,30.03606],[71.71323,30.03333],[71.70284,30.03317],[71.703,30.02506],[71.69605,30.02495],[71.6961,30.02218],[71.68224,30.0219],[71.68222,30.01837],[71.67181,30.01631],[71.67192,30.01368],[71.66509,30.00813],[71.66524,30.00054],[71.66175,30.00048],[71.66014,29.99448],[71.65506,29.99174],[71.63059,29.99136],[71.6237,29.98865],[71.62009,29.98173],[71.60836,29.97482],[71.60693,29.95833],[71.59653,29.95555],[71.5948,29.96071],[71.57221,29.95989],[71.57227,29.95417],[71.57505,29.95284],[71.57507,29.94966],[71.57234,29.94957],[71.5724,29.94655],[71.57904,29.94087],[71.58986,29.94172],[71.59007,29.93623],[71.59352,29.93627],[71.59363,29.93084],[71.59546,29.93087],[71.59544,29.92438],[71.58484,29.92223],[71.58048,29.92347],[71.57971,29.92733],[71.56786,29.92748],[71.5595,29.91996],[71.55675,29.91018],[71.55441,29.90859],[71.54463,29.90843],[71.54322,29.89475],[71.55237,29.88019],[71.55107,29.87741],[71.54252,29.87624],[71.54266,29.87031],[71.53773,29.86912],[71.54692,29.85909],[71.54997,29.85817],[71.55199,29.85004],[71.55156,29.84478],[71.54803,29.84195],[71.53966,29.84345],[71.53148,29.84248],[71.5273,29.84815],[71.52582,29.84809],[71.52599,29.8419],[71.52325,29.84122],[71.52324,29.8386],[71.51642,29.83502],[71.50982,29.83508],[71.50973,29.83179],[71.50607,29.83176],[71.49659,29.8235],[71.49245,29.82171],[71.49746,29.81446],[71.50705,29.81123],[71.50819,29.80923],[71.49879,29.8074],[71.4888,29.79917],[71.48318,29.7969],[71.48951,29.79253],[71.48892,29.78426],[71.49103,29.78449],[71.49107,29.78323],[71.49597,29.78326],[71.49595,29.78598],[71.50076,29.78608],[71.50205,29.791],[71.50564,29.79107],[71.52019,29.78028],[71.51679,29.78126],[71.51694,29.77211],[71.51419,29.77046],[71.51495,29.76661],[71.51365,29.76227],[71.50995,29.76169],[71.50669,29.76432],[71.50637,29.7771],[71.50382,29.77734],[71.49875,29.77349],[71.49618,29.77344],[71.48833,29.77902],[71.48729,29.77335],[71.47772,29.77344],[71.47549,29.77143],[71.47183,29.77498],[71.47239,29.78283],[71.46812,29.78615],[71.45557,29.78652],[71.45641,29.78427],[71.44425,29.78461],[71.44275,29.78272],[71.44338,29.77489],[71.43787,29.77077],[71.43691,29.7679],[71.44758,29.76132],[71.44759,29.75978],[71.44384,29.75919],[71.44327,29.75419],[71.44041,29.7533],[71.43987,29.74828],[71.4368,29.74829],[71.43679,29.74331],[71.43322,29.74326],[71.43319,29.73824],[71.43103,29.73819],[71.43102,29.73634],[71.43368,29.73605],[71.43367,29.73127],[71.43173,29.73128],[71.43204,29.7228],[71.43001,29.72281],[71.43006,29.71858],[71.43315,29.71865],[71.43281,29.71643],[71.43499,29.7154],[71.43501,29.71376],[71.43813,29.71363],[71.43625,29.71051],[71.44207,29.71055],[71.4433,29.70794],[71.45171,29.71016],[71.45271,29.6977],[71.4547,29.69713],[71.45511,29.69337],[71.4512,29.69227],[71.45142,29.6895],[71.4493,29.68948],[71.44944,29.68787],[71.4542,29.68685],[71.46119,29.68879],[71.46116,29.68668],[71.45757,29.68666],[71.45759,29.68418],[71.44682,29.68294],[71.44647,29.68045],[71.44325,29.68041],[71.44326,29.67797],[71.43964,29.67793],[71.43942,29.67417],[71.43606,29.67415],[71.43466,29.65987],[71.43952,29.65941],[71.43958,29.65638],[71.45004,29.6568],[71.45022,29.64593],[71.44334,29.64581],[71.4434,29.64316],[71.4399,29.64298],[71.43856,29.64026],[71.43799,29.63319],[71.44358,29.63329],[71.44359,29.63226],[71.44085,29.62458],[71.43954,29.62452],[71.43965,29.62183],[71.43827,29.62185],[71.43831,29.61855],[71.43207,29.61789],[71.4322,29.61378],[71.42449,29.61504],[71.42457,29.61289],[71.41974,29.61281],[71.41987,29.60732],[71.42258,29.60735],[71.42198,29.60358],[71.42404,29.60361],[71.42564,29.59271],[71.42713,29.59275],[71.4273,29.58015],[71.42381,29.58011],[71.4241,29.56928],[71.41717,29.56912],[71.41731,29.55827],[71.41399,29.55824],[71.41385,29.55449],[71.41007,29.55426],[71.41014,29.55183],[71.39675,29.55159],[71.39647,29.52804],[71.38819,29.5284],[71.38827,29.52516],[71.38414,29.52514],[71.38437,29.51474],[71.3817,29.50923],[71.38192,29.49894],[71.38122,29.49728],[71.37795,29.49826],[71.37807,29.4836],[71.37878,29.48252],[71.3935,29.48218],[71.39482,29.47733],[71.39825,29.47737],[71.39942,29.47011],[71.39585,29.47019],[71.39584,29.469],[71.39222,29.46801],[71.38508,29.46794],[71.38468,29.46464],[71.38603,29.46475],[71.38622,29.45541],[71.39174,29.45553],[71.39203,29.44526],[71.40306,29.44475],[71.40321,29.43263],[71.40282,29.42192],[71.3994,29.42185],[71.39994,29.42011],[71.39806,29.41961],[71.38281,29.41942],[71.38223,29.41623],[71.38475,29.41666],[71.38576,29.41085],[71.3858,29.40911],[71.3824,29.40799],[71.38397,29.39873],[71.37232,29.3954],[71.3736,29.38933],[71.37238,29.38717],[71.36936,29.38715],[71.36838,29.38386],[71.36093,29.38251],[71.36091,29.38507],[71.3586,29.38659],[71.35212,29.38717],[71.35006,29.3954],[71.35351,29.39656],[71.35339,29.40091],[71.35136,29.40091],[71.35159,29.40453],[71.34692,29.40808],[71.34735,29.41119],[71.34905,29.41172],[71.34754,29.41338],[71.34783,29.41767],[71.34571,29.41773],[71.34563,29.42038],[71.34414,29.4204],[71.34195,29.4202],[71.34195,29.4127],[71.33835,29.4127],[71.33836,29.4102],[71.33479,29.41021],[71.33476,29.40645],[71.33118,29.40645],[71.33119,29.40394],[71.32403,29.40269],[71.32403,29.39895],[71.32057,29.39895],[71.31827,29.39518],[71.30613,29.39899],[71.30465,29.40076],[71.30198,29.39963],[71.30092,29.40108],[71.2945,29.40098],[71.2945,29.39835],[71.27564,29.39957],[71.26098,29.39703],[71.26088,29.39846],[71.25912,29.39788],[71.25672,29.39992],[71.25471,29.40426],[71.25125,29.43389],[71.24381,29.43616],[71.2328,29.43695],[71.21857,29.43223],[71.21684,29.43209],[71.21646,29.43355],[71.21042,29.43192],[71.19331,29.42575],[71.18985,29.42187],[71.18392,29.42141],[71.17456,29.41795],[71.1689,29.41419],[71.16279,29.40573],[71.15087,29.4058],[71.14715,29.42584],[71.1403,29.42574],[71.14058,29.41857],[71.13356,29.41856],[71.13375,29.41295],[71.13022,29.41301],[71.1302,29.40819],[71.12679,29.40865],[71.12569,29.40377],[71.12334,29.40371],[71.12186,29.39925],[71.12275,29.39432],[71.12088,29.39038],[71.12242,29.38812],[71.11941,29.38772],[71.11677,29.38265],[71.11324,29.38106],[71.1134,29.37913],[71.10791,29.37767],[71.10164,29.37861],[71.09892,29.38167],[71.09794,29.38909],[71.09188,29.38992],[71.09169,29.39136],[71.08892,29.39094],[71.08796,29.39296],[71.08596,29.39317],[71.08649,29.392],[71.08237,29.39179],[71.08067,29.3889],[71.07658,29.38946],[71.07541,29.38713],[71.06789,29.38386],[71.05769,29.38373],[71.05852,29.38988],[71.05249,29.39898],[71.05028,29.40004],[71.05272,29.40966],[71.04476,29.4126],[71.04901,29.42607],[71.04337,29.43632],[71.04216,29.45356],[71.03904,29.45705],[71.03561,29.47104],[71.03226,29.47138],[71.02687,29.48705],[71.0245,29.49002],[71.01992,29.49164],[71.02461,29.50139],[71.03941,29.49875],[71.0408,29.50025],[71.04465,29.5196],[71.03952,29.52142],[71.03439,29.52099],[71.0331,29.52302],[71.03557,29.52438],[71.04021,29.5326],[71.04687,29.54008],[71.05017,29.54168],[71.05139,29.54477],[71.04917,29.54757],[71.06537,29.55403],[71.07432,29.56027],[71.07327,29.56418],[71.06623,29.57022],[71.06377,29.57012],[71.05915,29.57751],[71.05185,29.58494],[71.05574,29.59389],[71.06076,29.59958],[71.0588,29.6031],[71.05411,29.60466],[71.05524,29.61073],[71.05859,29.61167],[71.0664,29.60905],[71.07794,29.60802],[71.07995,29.61084],[71.07477,29.61132],[71.0733,29.61316],[71.07509,29.61405],[71.08077,29.61254],[71.08238,29.61468],[71.0786,29.61887],[71.07864,29.62232],[71.07364,29.62395],[71.07451,29.62818],[71.08545,29.63061],[71.09511,29.62567],[71.09751,29.62585],[71.09757,29.62415],[71.10946,29.62172],[71.11164,29.62249],[71.11238,29.62516],[71.12561,29.62294],[71.13075,29.62429],[71.13893,29.63379],[71.14079,29.6387],[71.13739,29.64037],[71.13858,29.64451],[71.14301,29.64445],[71.14339,29.64287],[71.15136,29.63985],[71.15144,29.63863],[71.15912,29.63879],[71.1782,29.64589],[71.18354,29.64558],[71.19237,29.65175],[71.19404,29.65587],[71.19727,29.65705],[71.19926,29.66275],[71.19003,29.66529],[71.19037,29.66708],[71.18522,29.66868],[71.18224,29.67448],[71.17033,29.68202],[71.16655,29.68768],[71.16909,29.69082],[71.17278,29.69004],[71.17373,29.69603],[71.18689,29.70431],[71.18961,29.70955],[71.18977,29.7129],[71.18665,29.71248],[71.18568,29.72242],[71.18787,29.7248],[71.18323,29.73039],[71.18206,29.73972],[71.17205,29.74371],[71.17704,29.75006],[71.17557,29.75528],[71.17681,29.76],[71.17487,29.76194],[71.1803,29.76205],[71.18024,29.7597],[71.18836,29.76009],[71.19163,29.76972],[71.19003,29.77044],[71.18702,29.79019],[71.1899,29.79887],[71.19424,29.80035],[71.19418,29.80248],[71.20345,29.80444],[71.19759,29.81347],[71.19743,29.81868],[71.19949,29.82277],[71.19839,29.82399],[71.20335,29.83012],[71.20552,29.83646],[71.20474,29.84569],[71.19616,29.84754],[71.18064,29.84465],[71.17753,29.86382],[71.17876,29.86526],[71.18481,29.86587],[71.19394,29.87408],[71.19548,29.87962],[71.19209,29.88376],[71.19596,29.89583],[71.19749,29.89565],[71.19859,29.90581],[71.20291,29.91913],[71.20488,29.92043],[71.21121,29.93356],[71.21178,29.93684],[71.2088,29.93716],[71.21886,29.95161],[71.22304,29.95462],[71.22185,29.95665],[71.22441,29.95815],[71.23458,29.95497],[71.24058,29.95089],[71.2478,29.95125],[71.24832,29.95279],[71.25297,29.95437],[71.25693,29.96218],[71.26022,29.96532],[71.27072,29.96343],[71.27495,29.96632],[71.28157,29.96708],[71.28153,29.98336],[71.27305,29.98524],[71.27029,29.98867],[71.27083,29.99268],[71.26338,29.9934],[71.26218,30.00262],[71.26427,30.00263],[71.26488,30.01023],[71.26906,30.01035],[71.26803,30.01099],[71.27247,30.0298],[71.27025,30.03359],[71.27161,30.04579],[71.28598,30.04354],[71.28995,30.05391],[71.29134,30.06282],[71.30245,30.06444],[71.30237,30.06831],[71.30377,30.06831],[71.30104,30.07388],[71.30219,30.07408],[71.299,30.08762],[71.29648,30.08662],[71.29184,30.08986],[71.29133,30.09346],[71.29246,30.10207],[71.29574,30.10185],[71.29801,30.1143],[71.29711,30.12623],[71.29532,30.13087],[71.30378,30.16086],[71.31371,30.17085],[71.31707,30.18185],[71.32375,30.182],[71.32146,30.19022],[71.32563,30.19442],[71.32958,30.19335],[71.33579,30.19493],[71.34742,30.19435],[71.35069,30.19537],[71.35064,30.19726],[71.35599,30.19865],[71.35747,30.20841],[71.34705,30.21909],[71.34383,30.21913],[71.34661,30.22551],[71.35725,30.2262],[71.36338,30.23385],[71.37476,30.24168],[71.38022,30.23851],[71.38037,30.25068],[71.38359,30.25224],[71.39086,30.25018],[71.39099,30.25677],[71.38938,30.25554],[71.38895,30.25743],[71.38525,30.25752],[71.38535,30.25936],[71.37876,30.26057],[71.37808,30.26326],[71.37584,30.2635],[71.37621,30.26712],[71.37393,30.26867],[71.37513,30.27075],[71.37995,30.26893],[71.38362,30.2738],[71.39321,30.26848],[71.39303,30.26579],[71.3945,30.26509],[71.4,30.27109],[71.4046,30.27161],[71.40487,30.27504],[71.39837,30.27931],[71.4021,30.28987],[71.40564,30.29107],[71.40934,30.2952],[71.41027,30.30455],[71.42234,30.31294],[71.41795,30.32881],[71.41676,30.34309],[71.42057,30.34727],[71.4254,30.34858],[71.43928,30.35928],[71.44068,30.36449],[71.45314,30.36245],[71.45327,30.367],[71.45184,30.36861],[71.45488,30.36982],[71.46566,30.36985],[71.47143,30.36775],[71.47217,30.37181],[71.47664,30.37619],[71.47471,30.38418],[71.47462,30.39436],[71.48455,30.39274],[71.48863,30.40313],[71.49528,30.40774],[71.49618,30.41569],[71.49912,30.42331],[71.49829,30.43209],[71.50073,30.43795],[71.50785,30.44592],[71.51664,30.44513],[71.52423,30.43983]]]]}},{"type":"Feature","properties":{"name":"Murree"},"geometry":{"type":"MultiPolygon","coordinates":[[[[73.50055,34.01734],[73.51495,34.0179],[73.5156,34.00957],[73.51335,34.00118],[73.52446,33.99411],[73.53061,33.981],[73.5291,33.97591],[73.53422,33.97198],[73.53291,33.96544],[73.54768,33.9378],[73.56154,33.92668],[73.56306,33.92211],[73.56839,33.91576],[73.58458,33.90478],[73.59354,33.88983],[73.59213,33.88408],[73.59311,33.87831],[73.59211,33.87652],[73.58683,33.87449],[73.58945,33.86099],[73.57684,33.84044],[73.5769,33.8315],[73.57281,33.81949],[73.56896,33.81401],[73.55999,33.78297],[73.56031,33.77897],[73.56962,33.77098],[73.5742,33.76331],[73.58205,33.76025],[73.58554,33.75685],[73.59694,33.75097],[73.59972,33.73859],[73.59128,33.73726],[73.58576,33.73996],[73.56496,33.7402],[73.54937,33.72952],[73.53077,33.72844],[73.49156,33.71059],[73.48198,33.71011],[73.4761,33.72321],[73.47477,33.72069],[73.47564,33.71018],[73.45638,33.70979],[73.45514,33.71651],[73.43923,33.73928],[73.4314,33.74112],[73.4276,33.72833],[73.42862,33.72455],[73.4263,33.71979],[73.428,33.71574],[73.42683,33.70949],[73.40705,33.70924],[73.40776,33.72228],[73.3806,33.69632],[73.36941,33.7083],[73.35466,33.70343],[73.3461,33.6973],[73.33538,33.7024],[73.33105,33.71048],[73.33078,33.71335],[73.3409,33.72061],[73.33696,33.72811],[73.30948,33.73859],[73.29259,33.74767],[73.27161,33.74737],[73.26427,33.75013],[73.26476,33.754],[73.27943,33.76389],[73.27485,33.7672],[73.27169,33.77352],[73.25567,33.77463],[73.24244,33.76222],[73.24013,33.76334],[73.24653,33.77431],[73.23628,33.78199],[73.23213,33.77891],[73.22682,33.77828],[73.21781,33.78034],[73.21342,33.78523],[73.21428,33.78731],[73.21609,33.78742],[73.2189,33.79529],[73.21214,33.80706],[73.21098,33.81407],[73.22214,33.8169],[73.23787,33.82384],[73.24256,33.83751],[73.24793,33.84325],[73.2583,33.84533],[73.26199,33.84308],[73.26455,33.8386],[73.26745,33.83783],[73.285,33.84736],[73.29899,33.84628],[73.30995,33.85734],[73.31435,33.8555],[73.31641,33.85621],[73.31948,33.86029],[73.31653,33.8621],[73.31644,33.86409],[73.32729,33.87041],[73.33119,33.87853],[73.33009,33.88193],[73.32597,33.88235],[73.32634,33.88688],[73.33326,33.89278],[73.3388,33.90204],[73.34772,33.90765],[73.34652,33.91867],[73.35188,33.91923],[73.35731,33.92506],[73.36561,33.92683],[73.37482,33.93303],[73.37918,33.93729],[73.38495,33.94698],[73.38445,33.95812],[73.37607,33.95267],[73.37057,33.95304],[73.37081,33.95495],[73.37618,33.95933],[73.37649,33.96222],[73.38058,33.96083],[73.38505,33.96247],[73.39418,33.97336],[73.4016,33.97627],[73.41515,33.96555],[73.41482,33.96217],[73.41799,33.96028],[73.41532,33.9584],[73.4156,33.95665],[73.41876,33.95478],[73.42265,33.95482],[73.42292,33.96234],[73.43217,33.96658],[73.44078,33.97479],[73.44285,33.98322],[73.44771,33.98535],[73.46435,34.00134],[73.47225,34.01624],[73.47935,34.01594],[73.48695,34.01814],[73.50055,34.01734]]]]}},{"type":"Feature","properties":{"name":"Muzaffargarh"},"geometry":{"type":"MultiPolygon","coordinates":[[[[71.48251,30.41654],[71.48576,30.41306],[71.49656,30.41712],[71.49528,30.40774],[71.48863,30.40313],[71.48455,30.39274],[71.47462,30.39436],[71.47471,30.38418],[71.47664,30.37619],[71.47217,30.37181],[71.47143,30.36775],[71.46566,30.36985],[71.45488,30.36982],[71.45184,30.36861],[71.45327,30.367],[71.45314,30.36245],[71.44068,30.36449],[71.43928,30.35928],[71.4254,30.34858],[71.42057,30.34727],[71.41676,30.34309],[71.41795,30.32881],[71.42234,30.31294],[71.41027,30.30455],[71.40934,30.2952],[71.40564,30.29107],[71.4021,30.28987],[71.39837,30.27931],[71.40487,30.27504],[71.4046,30.27161],[71.4,30.27109],[71.3945,30.26509],[71.39303,30.26579],[71.39321,30.26848],[71.38362,30.2738],[71.38111,30.26948],[71.37513,30.27075],[71.37404,30.26895],[71.37621,30.26712],[71.37584,30.2635],[71.37808,30.26326],[71.37876,30.26057],[71.38535,30.25936],[71.38525,30.25752],[71.38895,30.25743],[71.38938,30.25554],[71.39099,30.25677],[71.39086,30.25018],[71.38359,30.25224],[71.38037,30.25068],[71.38022,30.23851],[71.37476,30.24168],[71.36338,30.23385],[71.35725,30.2262],[71.34661,30.22551],[71.34383,30.21913],[71.34705,30.21909],[71.35747,30.20841],[71.35599,30.19865],[71.35064,30.19726],[71.35069,30.19537],[71.34742,30.19435],[71.33579,30.19493],[71.32958,30.19335],[71.32563,30.19442],[71.32146,30.19022],[71.32375,30.182],[71.31707,30.18185],[71.31371,30.17085],[71.30238,30.15835],[71.29532,30.13087],[71.29711,30.12623],[71.29801,30.1143],[71.29574,30.10185],[71.29246,30.10207],[71.29133,30.09346],[71.29184,30.08986],[71.29648,30.08662],[71.299,30.08762],[71.30097,30.07667],[71.30487,30.06835],[71.30237,30.06831],[71.30245,30.06444],[71.29134,30.06282],[71.28995,30.05391],[71.28598,30.04354],[71.27161,30.04579],[71.27025,30.03359],[71.27247,30.0298],[71.26803,30.01099],[71.26906,30.01035],[71.26488,30.01023],[71.26427,30.00263],[71.26218,30.00262],[71.26338,29.9934],[71.27083,29.99268],[71.27029,29.98867],[71.27305,29.98524],[71.28153,29.98336],[71.28157,29.96708],[71.27495,29.96632],[71.27072,29.96343],[71.26022,29.96532],[71.25693,29.96218],[71.25297,29.95437],[71.24832,29.95279],[71.2478,29.95125],[71.24058,29.95089],[71.23458,29.95497],[71.22441,29.95815],[71.22185,29.95665],[71.22304,29.95462],[71.21886,29.95161],[71.2088,29.93716],[71.21178,29.93684],[71.21121,29.93356],[71.20488,29.92043],[71.20291,29.91913],[71.19859,29.90581],[71.19749,29.89565],[71.19596,29.89583],[71.19209,29.88376],[71.19548,29.87962],[71.19394,29.87408],[71.18481,29.86587],[71.17876,29.86526],[71.17753,29.86382],[71.18064,29.84465],[71.19616,29.84754],[71.20474,29.84569],[71.20552,29.83646],[71.20335,29.83012],[71.19839,29.82399],[71.19949,29.82277],[71.19743,29.81868],[71.19759,29.81347],[71.20345,29.80444],[71.19418,29.80248],[71.19424,29.80035],[71.1899,29.79887],[71.18702,29.79019],[71.19003,29.77044],[71.19163,29.76972],[71.18836,29.76009],[71.18024,29.7597],[71.1803,29.76205],[71.17487,29.76194],[71.17681,29.76],[71.17557,29.75528],[71.17704,29.75006],[71.17205,29.74371],[71.18206,29.73972],[71.18323,29.73039],[71.18787,29.7248],[71.18568,29.72242],[71.18665,29.71248],[71.18977,29.7129],[71.18961,29.70955],[71.18689,29.70431],[71.17373,29.69603],[71.17278,29.69004],[71.16909,29.69082],[71.16655,29.68768],[71.17033,29.68202],[71.18224,29.67448],[71.18522,29.66868],[71.19037,29.66708],[71.19003,29.66529],[71.19926,29.66275],[71.19727,29.65705],[71.19404,29.65587],[71.19237,29.65175],[71.18354,29.64558],[71.1782,29.64589],[71.15912,29.63879],[71.15144,29.63863],[71.15136,29.63985],[71.14339,29.64287],[71.14301,29.64445],[71.13858,29.64451],[71.13739,29.64037],[71.14079,29.6387],[71.13893,29.63379],[71.13075,29.62429],[71.12561,29.62294],[71.11238,29.62516],[71.11164,29.62249],[71.10946,29.62172],[71.09757,29.62415],[71.09751,29.62585],[71.09511,29.62567],[71.08545,29.63061],[71.07451,29.62818],[71.07364,29.62395],[71.07864,29.62232],[71.0786,29.61887],[71.08238,29.61468],[71.08077,29.61254],[71.07509,29.61405],[71.0733,29.61316],[71.07477,29.61132],[71.07995,29.61084],[71.07794,29.60802],[71.0664,29.60905],[71.05859,29.61167],[71.05524,29.61073],[71.05411,29.60466],[71.0588,29.6031],[71.06076,29.59958],[71.05574,29.59389],[71.05185,29.58494],[71.05915,29.57751],[71.06377,29.57012],[71.06623,29.57022],[71.07327,29.56418],[71.07432,29.56027],[71.06537,29.55403],[71.04917,29.54757],[71.05139,29.54477],[71.05017,29.54168],[71.04687,29.54008],[71.04021,29.5326],[71.03557,29.52438],[71.0331,29.52302],[71.03439,29.52099],[71.03952,29.52142],[71.04465,29.5196],[71.0408,29.50025],[71.03941,29.49875],[71.02461,29.50139],[71.01992,29.49164],[71.0245,29.49002],[71.02687,29.48705],[71.03226,29.47138],[71.03561,29.47104],[71.03702,29.46799],[71.03904,29.45705],[71.04216,29.45356],[71.04337,29.43632],[71.04901,29.42607],[71.04476,29.4126],[71.05272,29.40966],[71.05112,29.40593],[71.05229,29.40557],[71.0431,29.3836],[71.04068,29.36263],[71.04698,29.36193],[71.04246,29.35981],[71.04187,29.35583],[71.04319,29.32915],[71.03964,29.32769],[71.03339,29.32008],[71.00964,29.31121],[70.99449,29.30954],[70.98462,29.30559],[70.97927,29.30777],[70.97819,29.31106],[70.97316,29.31271],[70.96657,29.3036],[70.95622,29.29568],[70.93755,29.29807],[70.9265,29.29359],[70.90867,29.26585],[70.93564,29.25566],[70.93942,29.24939],[70.94619,29.24464],[70.94763,29.23989],[70.95123,29.23687],[70.95367,29.22794],[70.94475,29.21456],[70.93136,29.21887],[70.91049,29.23197],[70.90272,29.23255],[70.90301,29.22348],[70.90459,29.217],[70.90705,29.21544],[70.90496,29.2161],[70.90808,29.20907],[70.90262,29.20711],[70.89056,29.21526],[70.86005,29.22807],[70.85804,29.20983],[70.84342,29.19302],[70.80732,29.21477],[70.79333,29.21765],[70.78125,29.2066],[70.78285,29.2001],[70.78511,29.19997],[70.78823,29.19308],[70.77715,29.18485],[70.77632,29.16754],[70.75855,29.13134],[70.75456,29.12863],[70.74427,29.12712],[70.7482,29.13224],[70.74056,29.13476],[70.73769,29.12614],[70.7354,29.12599],[70.73441,29.12284],[70.72335,29.11933],[70.70961,29.13025],[70.70447,29.11631],[70.70794,29.09519],[70.70365,29.0934],[70.70077,29.08931],[70.70136,29.07981],[70.69593,29.07063],[70.6786,29.06143],[70.67361,29.06074],[70.6609,29.06047],[70.65543,29.06904],[70.65179,29.07048],[70.63411,29.06417],[70.61038,29.06201],[70.6131,29.04522],[70.61206,29.0395],[70.60611,29.03253],[70.61354,29.02145],[70.6139,29.01847],[70.6118,29.01419],[70.60682,29.0106],[70.59759,29.0073],[70.59081,29.00919],[70.5848,29.01323],[70.58118,29.01126],[70.56256,28.99583],[70.55197,28.99073],[70.54139,28.97942],[70.55081,28.97415],[70.55218,28.97045],[70.5398,28.97362],[70.5319,28.96083],[70.51006,28.96679],[70.5084,28.9643],[70.49975,28.9669],[70.51842,28.99988],[70.52692,29.02342],[70.52063,29.03094],[70.53798,29.07602],[70.54349,29.07352],[70.55368,29.07871],[70.5509,29.0998],[70.54773,29.10599],[70.55068,29.12859],[70.54738,29.13751],[70.55473,29.13743],[70.56127,29.14924],[70.55568,29.15776],[70.55593,29.16291],[70.54639,29.18007],[70.53757,29.1796],[70.53367,29.18079],[70.53386,29.18294],[70.5415,29.19173],[70.56601,29.19302],[70.56392,29.20594],[70.56829,29.22466],[70.58894,29.22914],[70.58674,29.23518],[70.59078,29.24258],[70.59307,29.24299],[70.59476,29.24669],[70.60541,29.24886],[70.60806,29.25126],[70.61092,29.25609],[70.61148,29.2611],[70.62129,29.27187],[70.61188,29.27571],[70.60638,29.28996],[70.60887,29.30268],[70.61217,29.30479],[70.61124,29.30766],[70.60749,29.30871],[70.60949,29.32115],[70.60378,29.32193],[70.60282,29.32338],[70.60964,29.33074],[70.61118,29.33517],[70.61798,29.34167],[70.61903,29.35599],[70.60095,29.3605],[70.60083,29.36365],[70.60646,29.3782],[70.60538,29.3828],[70.60756,29.38563],[70.61303,29.38012],[70.61196,29.37426],[70.61306,29.37139],[70.62477,29.37044],[70.62187,29.38088],[70.62176,29.38432],[70.62359,29.38573],[70.62633,29.385],[70.63375,29.37672],[70.6354,29.3777],[70.63807,29.39142],[70.63747,29.39501],[70.63422,29.39577],[70.63732,29.41096],[70.6359,29.41924],[70.63629,29.42339],[70.64032,29.42964],[70.63594,29.43227],[70.6363,29.4337],[70.64273,29.4363],[70.65326,29.44544],[70.67264,29.44122],[70.70112,29.44258],[70.69976,29.44542],[70.70205,29.45208],[70.69417,29.46232],[70.69407,29.46447],[70.70693,29.46658],[70.70788,29.47444],[70.70928,29.47645],[70.7149,29.47817],[70.69395,29.49838],[70.6837,29.51355],[70.68565,29.52427],[70.69615,29.53189],[70.69708,29.53856],[70.70428,29.54456],[70.70556,29.54753],[70.7048,29.55136],[70.71079,29.55808],[70.70809,29.56015],[70.70871,29.5648],[70.70655,29.5659],[70.70686,29.56816],[70.71291,29.57083],[70.72596,29.59107],[70.72626,29.59286],[70.71949,29.59653],[70.71847,29.60036],[70.71088,29.60416],[70.70434,29.60496],[70.70438,29.60735],[70.70869,29.61004],[70.70855,29.61465],[70.71392,29.61196],[70.7244,29.62364],[70.72837,29.62546],[70.73667,29.63931],[70.74349,29.65702],[70.73434,29.66112],[70.73585,29.66522],[70.73207,29.66566],[70.73134,29.66866],[70.7287,29.66984],[70.7339,29.67672],[70.73829,29.67833],[70.74511,29.67577],[70.782,29.72424],[70.79312,29.74162],[70.79769,29.7411],[70.80289,29.75575],[70.82686,29.75341],[70.82897,29.76066],[70.84127,29.77348],[70.83984,29.77594],[70.84161,29.77786],[70.84164,29.78204],[70.84852,29.78812],[70.86237,29.80746],[70.85577,29.81288],[70.85738,29.81865],[70.85228,29.82426],[70.86178,29.83301],[70.86637,29.84002],[70.86782,29.86012],[70.83916,29.86837],[70.84288,29.87228],[70.84845,29.87367],[70.85504,29.88443],[70.85507,29.8882],[70.85797,29.89183],[70.85936,29.89696],[70.891,29.89835],[70.89716,29.89645],[70.90686,29.90622],[70.90943,29.91077],[70.90772,29.92537],[70.89943,29.92574],[70.89138,29.9286],[70.87859,29.92876],[70.86615,29.93381],[70.86178,29.93614],[70.8642,29.94252],[70.84368,29.95168],[70.85892,29.97862],[70.86056,29.99964],[70.85094,29.99644],[70.8482,29.99815],[70.85043,30.011],[70.84445,30.02134],[70.84051,30.02412],[70.83963,30.03056],[70.84149,30.03334],[70.84047,30.03699],[70.85075,30.0329],[70.85874,30.03263],[70.86,30.03504],[70.85856,30.03634],[70.85994,30.04564],[70.85592,30.05056],[70.85753,30.05604],[70.84602,30.06162],[70.83792,30.06152],[70.83446,30.07084],[70.835,30.07395],[70.84166,30.07689],[70.84006,30.0845],[70.85685,30.07686],[70.87958,30.08235],[70.90259,30.0854],[70.90203,30.09047],[70.90463,30.10361],[70.92003,30.10412],[70.91528,30.11686],[70.93747,30.11266],[70.94261,30.10628],[70.93842,30.10248],[70.93852,30.09932],[70.95101,30.0945],[70.95641,30.09657],[70.97848,30.09237],[70.98007,30.0899],[70.98702,30.09153],[71.00018,30.08998],[70.99942,30.09667],[70.99665,30.09614],[70.99449,30.09277],[70.98761,30.09553],[70.98828,30.10065],[70.9988,30.09982],[71.00003,30.10592],[70.99765,30.10743],[70.98606,30.10805],[70.98623,30.11123],[70.98249,30.11235],[70.98456,30.11773],[70.99098,30.11658],[70.991,30.11771],[70.99437,30.1177],[70.99438,30.11933],[70.9972,30.1193],[70.99437,30.12477],[70.99431,30.12695],[70.99648,30.12824],[71.00494,30.12767],[71.00577,30.12157],[71.00704,30.12168],[71.00769,30.12452],[71.01391,30.12483],[71.01459,30.12633],[71.01906,30.12566],[71.01882,30.12736],[71.01564,30.12764],[71.01692,30.13285],[71.02736,30.12995],[71.0274,30.12482],[71.03141,30.12265],[71.0301,30.12937],[71.04735,30.13222],[71.05423,30.14278],[71.04955,30.1485],[71.05018,30.15338],[71.03587,30.16399],[71.03447,30.17564],[71.03233,30.17634],[71.03573,30.18134],[71.04074,30.18233],[71.04355,30.18665],[71.04638,30.18716],[71.04772,30.19043],[71.04983,30.191],[71.05083,30.19432],[71.05394,30.19524],[71.05191,30.19916],[71.05188,30.20676],[71.04981,30.2137],[71.05245,30.21896],[71.04729,30.22433],[71.04781,30.2313],[71.04437,30.23471],[71.04847,30.24155],[71.05944,30.24027],[71.0638,30.24396],[71.06976,30.24109],[71.09868,30.24478],[71.11921,30.24326],[71.15382,30.24405],[71.16999,30.24144],[71.1847,30.23314],[71.18771,30.23536],[71.228,30.23785],[71.25028,30.25259],[71.25373,30.266],[71.25638,30.26933],[71.26747,30.26314],[71.28406,30.25807],[71.2841,30.25573],[71.28629,30.25575],[71.28632,30.24763],[71.28488,30.24767],[71.28495,30.24491],[71.28279,30.2449],[71.28279,30.23619],[71.28209,30.23396],[71.28071,30.23403],[71.28062,30.22857],[71.27923,30.22855],[71.27925,30.22586],[71.27556,30.2231],[71.27367,30.21765],[71.28043,30.22045],[71.29331,30.22269],[71.29945,30.22124],[71.30058,30.22626],[71.30799,30.23324],[71.30921,30.23861],[71.31429,30.2428],[71.31304,30.24568],[71.30916,30.24776],[71.31826,30.24777],[71.31826,30.25871],[71.30923,30.25864],[71.31105,30.26333],[71.31635,30.26604],[71.31912,30.26938],[71.32338,30.27116],[71.32817,30.27061],[71.33059,30.27254],[71.32418,30.27833],[71.32381,30.28258],[71.32644,30.28635],[71.3497,30.29909],[71.35418,30.29912],[71.35092,30.30496],[71.3524,30.316],[71.36711,30.34301],[71.36584,30.34958],[71.3575,30.34663],[71.35689,30.35078],[71.37168,30.35752],[71.37189,30.36802],[71.37954,30.37335],[71.38903,30.37492],[71.39021,30.37634],[71.39075,30.38148],[71.39546,30.38425],[71.38965,30.39324],[71.38959,30.39756],[71.39296,30.40342],[71.40132,30.40671],[71.40317,30.41121],[71.41515,30.40902],[71.42118,30.40589],[71.42484,30.39871],[71.42833,30.3985],[71.43871,30.40208],[71.4488,30.40099],[71.45057,30.40201],[71.45036,30.40761],[71.45271,30.41212],[71.45854,30.41631],[71.46855,30.41817],[71.47087,30.42024],[71.47108,30.43377],[71.47734,30.43747],[71.48251,30.41654]]]]}},{"type":"Feature","properties":{"name":"Nankana Sahib"},"geometry":{"type":"MultiPolygon","coordinates":[[[[73.4625,31.83908],[73.48543,31.82889],[73.51112,31.81263],[73.50379,31.80596],[73.48421,31.81687],[73.47562,31.81351],[73.48771,31.7938],[73.48033,31.79267],[73.48506,31.78495],[73.47757,31.78164],[73.47286,31.78203],[73.48529,31.76208],[73.48272,31.74908],[73.49463,31.73082],[73.46006,31.73023],[73.45645,31.72597],[73.46533,31.71673],[73.47167,31.71428],[73.48456,31.70162],[73.48943,31.69443],[73.48681,31.6926],[73.49075,31.69218],[73.49692,31.6841],[73.50815,31.6915],[73.56296,31.71579],[73.56059,31.69019],[73.55564,31.68359],[73.53641,31.6701],[73.53995,31.66649],[73.5358,31.65996],[73.53863,31.65774],[73.53979,31.65933],[73.55542,31.6558],[73.55668,31.65597],[73.5541,31.66073],[73.5545,31.66301],[73.56442,31.67371],[73.56643,31.68096],[73.57015,31.68508],[73.57729,31.68801],[73.58179,31.69286],[73.58454,31.69113],[73.59996,31.68844],[73.6277,31.68934],[73.61611,31.67476],[73.59666,31.66001],[73.60512,31.65453],[73.60852,31.64833],[73.61075,31.65078],[73.61803,31.65372],[73.62901,31.64633],[73.63849,31.64954],[73.63803,31.63649],[73.64758,31.63014],[73.63905,31.62065],[73.62986,31.60334],[73.62992,31.59478],[73.63435,31.58047],[73.63416,31.57549],[73.62637,31.55579],[73.6268,31.55298],[73.63253,31.54582],[73.6487,31.54441],[73.66422,31.54075],[73.68212,31.5403],[73.68346,31.5388],[73.70516,31.55284],[73.71811,31.55903],[73.73476,31.57523],[73.74602,31.58317],[73.75623,31.58307],[73.77006,31.58622],[73.78291,31.57996],[73.78691,31.57496],[73.78906,31.57632],[73.79498,31.5707],[73.80715,31.56435],[73.82566,31.55833],[73.83161,31.55935],[73.8398,31.56342],[73.84178,31.56368],[73.84497,31.5589],[73.85513,31.56296],[73.86769,31.56467],[73.87675,31.56348],[73.8795,31.55906],[73.8891,31.55983],[73.90231,31.56704],[73.90506,31.57458],[73.90396,31.58443],[73.9103,31.58601],[73.9121,31.58442],[73.93051,31.58928],[73.93068,31.58449],[73.92423,31.58431],[73.92332,31.57957],[73.92532,31.57843],[73.92549,31.57478],[73.92066,31.56817],[73.92405,31.56674],[73.93684,31.5671],[73.93852,31.56508],[73.94214,31.55615],[73.94244,31.55205],[73.9391,31.54491],[73.94059,31.53664],[73.9469,31.53492],[73.95558,31.5298],[73.96367,31.50987],[73.96218,31.50731],[73.95528,31.50476],[73.9554,31.50267],[73.95088,31.49833],[73.94642,31.49732],[73.94214,31.49833],[73.94059,31.48971],[73.93857,31.48959],[73.93863,31.48762],[73.9344,31.48667],[73.94083,31.47971],[73.94095,31.47507],[73.93054,31.47507],[73.92953,31.47094],[73.93185,31.47041],[73.93341,31.46561],[73.93595,31.46561],[73.93746,31.45718],[73.94015,31.45701],[73.94223,31.45903],[73.94214,31.45771],[73.94423,31.45733],[73.94417,31.45469],[73.94713,31.45685],[73.94672,31.46044],[73.95236,31.46208],[73.95407,31.46658],[73.95746,31.46786],[73.96537,31.46578],[73.96976,31.46097],[73.97797,31.46063],[73.9801,31.45804],[73.99342,31.45746],[74.0012,31.45964],[74.00526,31.45061],[74.01628,31.43683],[74.0191,31.43458],[74.02407,31.43459],[74.02405,31.43135],[74.02103,31.43128],[74.02149,31.4297],[74.02789,31.42441],[74.02492,31.42093],[74.02674,31.41871],[74.02512,31.4171],[74.02546,31.40898],[74.01768,31.40536],[74.01314,31.40139],[74.01416,31.39659],[74.01955,31.39652],[74.02185,31.39492],[74.02642,31.38624],[74.02359,31.38467],[74.02535,31.38168],[74.02228,31.38088],[74.02362,31.3787],[74.0219,31.37699],[74.02203,31.36999],[74.02583,31.36543],[74.02342,31.36379],[74.02574,31.3588],[74.02475,31.35418],[74.02307,31.35536],[74.02059,31.35046],[74.01735,31.35191],[74.01657,31.35052],[74.0155,31.35196],[74.01401,31.35105],[74.0138,31.3544],[74.01061,31.35853],[74.00826,31.35807],[74.00259,31.35492],[74.0056,31.35086],[74.00007,31.34683],[74.00314,31.34626],[74.01175,31.33694],[74.01704,31.33408],[74.01924,31.32466],[74.01826,31.32061],[74.02037,31.31566],[74.01811,31.31475],[74.01846,31.31327],[74.02209,31.31033],[74.02618,31.30941],[74.02669,31.3072],[74.03362,31.30131],[74.02969,31.29714],[74.02674,31.29915],[74.02107,31.29833],[74.0166,31.30052],[73.99715,31.30151],[73.99631,31.29897],[74.00312,31.29651],[74.00209,31.29285],[73.98978,31.29501],[73.98832,31.29855],[73.98395,31.30096],[73.9744,31.30124],[73.97044,31.29821],[73.97089,31.2954],[73.95513,31.28707],[73.94948,31.28932],[73.94505,31.28802],[73.94364,31.29005],[73.94395,31.29474],[73.94034,31.2961],[73.93505,31.29269],[73.93446,31.28979],[73.92635,31.28924],[73.92035,31.28402],[73.9194,31.28583],[73.91881,31.28335],[73.91581,31.28124],[73.91707,31.27746],[73.91139,31.27292],[73.90599,31.27154],[73.90145,31.27377],[73.89807,31.27223],[73.88628,31.26034],[73.89628,31.25849],[73.89966,31.25596],[73.90144,31.25412],[73.90264,31.24678],[73.90073,31.24469],[73.89522,31.24423],[73.88667,31.2405],[73.88702,31.23706],[73.8919,31.23346],[73.89277,31.22945],[73.88901,31.229],[73.88096,31.22046],[73.87314,31.22681],[73.87121,31.22364],[73.86664,31.22801],[73.86019,31.21987],[73.84201,31.21403],[73.84232,31.21839],[73.8405,31.21984],[73.83697,31.22208],[73.82823,31.22233],[73.82854,31.22598],[73.8235,31.22711],[73.81825,31.21874],[73.82078,31.21624],[73.81868,31.21344],[73.81802,31.21439],[73.81481,31.21265],[73.81081,31.2219],[73.8053,31.2292],[73.78867,31.22944],[73.78959,31.21973],[73.78707,31.21314],[73.77452,31.21355],[73.76041,31.21814],[73.75921,31.21409],[73.75476,31.21449],[73.75321,31.21265],[73.74974,31.21258],[73.74521,31.20659],[73.74557,31.20354],[73.72869,31.20102],[73.725,31.20354],[73.72295,31.20098],[73.73345,31.20111],[73.73314,31.19108],[73.71952,31.19197],[73.7197,31.18709],[73.7172,31.18923],[73.71448,31.18877],[73.71366,31.18684],[73.71555,31.18194],[73.71773,31.18217],[73.71583,31.17976],[73.70871,31.17728],[73.69963,31.1839],[73.69249,31.18333],[73.68453,31.18051],[73.68115,31.18093],[73.68193,31.18346],[73.67454,31.1806],[73.67491,31.17813],[73.67139,31.1763],[73.67118,31.16714],[73.66935,31.16623],[73.66611,31.15622],[73.66697,31.15153],[73.65999,31.15057],[73.66037,31.14753],[73.65399,31.14636],[73.64895,31.148],[73.6439,31.15318],[73.63503,31.15576],[73.63507,31.14758],[73.63312,31.14544],[73.63593,31.13986],[73.63949,31.14129],[73.63936,31.14255],[73.64331,31.1411],[73.64368,31.13827],[73.64109,31.14063],[73.63867,31.13992],[73.63867,31.13763],[73.63081,31.13721],[73.62182,31.14577],[73.60954,31.14534],[73.60811,31.14206],[73.59669,31.13927],[73.59566,31.13842],[73.6024,31.13663],[73.6024,31.13406],[73.60012,31.13235],[73.59255,31.13521],[73.58941,31.13464],[73.58399,31.12564],[73.58741,31.12279],[73.58677,31.11283],[73.57481,31.11127],[73.56714,31.10508],[73.56557,31.10208],[73.56171,31.1008],[73.56143,31.11008],[73.55843,31.10994],[73.55672,31.11222],[73.55158,31.11379],[73.5433,31.11208],[73.53658,31.12091],[73.5307,31.12061],[73.53175,31.11382],[73.52663,31.11367],[73.5212,31.10885],[73.51125,31.10508],[73.50205,31.11005],[73.50175,31.10674],[73.49738,31.10493],[73.4905,31.10884],[73.48593,31.10712],[73.4724,31.1072],[73.46809,31.11211],[73.46006,31.11241],[73.45485,31.10928],[73.44787,31.09709],[73.43491,31.09561],[73.4211,31.09649],[73.41901,31.09397],[73.4202,31.08668],[73.41649,31.084],[73.4089,31.08058],[73.39433,31.07895],[73.39418,31.06288],[73.39789,31.06316],[73.39408,31.05764],[73.38865,31.05561],[73.38951,31.04641],[73.38332,31.03673],[73.38037,31.04946],[73.37309,31.05093],[73.37162,31.04908],[73.36558,31.04949],[73.36324,31.04508],[73.36648,31.04013],[73.36324,31.03385],[73.36496,31.02147],[73.36058,31.02166],[73.35524,31.01728],[73.35366,31.01239],[73.34698,31.00525],[73.34694,31.00758],[73.34979,31.00846],[73.34958,31.01413],[73.35136,31.01495],[73.34939,31.01956],[73.35008,31.02401],[73.34584,31.02629],[73.3479,31.03073],[73.3454,31.03704],[73.34754,31.03926],[73.34754,31.04483],[73.34396,31.04973],[73.34421,31.05438],[73.34234,31.0537],[73.34183,31.05577],[73.34596,31.06003],[73.3504,31.05829],[73.35002,31.0607],[73.35822,31.06442],[73.3529,31.07063],[73.34608,31.073],[73.34851,31.07622],[73.34868,31.08468],[73.34936,31.08589],[73.35382,31.08489],[73.35638,31.09048],[73.36361,31.09182],[73.36044,31.09395],[73.36021,31.098],[73.36742,31.10625],[73.36681,31.10992],[73.36879,31.1109],[73.36566,31.112],[73.3685,31.11419],[73.36857,31.12023],[73.37575,31.12135],[73.37579,31.12569],[73.37765,31.12755],[73.38336,31.13041],[73.38515,31.12934],[73.38586,31.1314],[73.38882,31.1301],[73.39192,31.1331],[73.40637,31.12777],[73.40844,31.13378],[73.40773,31.14331],[73.40046,31.145],[73.40094,31.14742],[73.39722,31.15031],[73.40197,31.14838],[73.40159,31.15163],[73.40406,31.15198],[73.40571,31.17174],[73.40954,31.18011],[73.41367,31.1779],[73.41626,31.18341],[73.42032,31.18406],[73.42254,31.18899],[73.42834,31.19006],[73.43049,31.1931],[73.44498,31.19635],[73.44478,31.19826],[73.44684,31.19518],[73.45161,31.19704],[73.46034,31.19595],[73.46459,31.20721],[73.4704,31.20529],[73.47101,31.20344],[73.47435,31.20353],[73.48023,31.19918],[73.48838,31.19983],[73.4948,31.19635],[73.50105,31.19877],[73.5053,31.20314],[73.50575,31.20605],[73.50984,31.20418],[73.52137,31.20598],[73.52152,31.20814],[73.52742,31.21259],[73.52926,31.21749],[73.53603,31.22145],[73.53469,31.22502],[73.54021,31.22805],[73.53947,31.23135],[73.54207,31.23598],[73.54172,31.24384],[73.5487,31.24516],[73.55288,31.23984],[73.55918,31.23896],[73.56435,31.24526],[73.56252,31.25473],[73.56412,31.2551],[73.5641,31.25674],[73.57201,31.25601],[73.57305,31.26127],[73.57476,31.26267],[73.57876,31.25835],[73.58537,31.2575],[73.58388,31.26131],[73.58522,31.26222],[73.58738,31.26088],[73.59208,31.26138],[73.58607,31.26569],[73.59239,31.26904],[73.59278,31.27095],[73.59925,31.26822],[73.61184,31.26829],[73.61179,31.2721],[73.60832,31.27259],[73.60859,31.27525],[73.61766,31.28173],[73.62171,31.28699],[73.62735,31.28724],[73.62859,31.29286],[73.63411,31.29493],[73.63148,31.30353],[73.63604,31.30623],[73.63689,31.30524],[73.64653,31.30856],[73.64078,31.31215],[73.63956,31.31673],[73.64075,31.3174],[73.63867,31.31978],[73.64564,31.32392],[73.64358,31.32646],[73.64599,31.3287],[73.64434,31.33073],[73.6473,31.33244],[73.64979,31.32946],[73.65144,31.33048],[73.65268,31.329],[73.65959,31.33125],[73.66104,31.32954],[73.66397,31.32993],[73.65626,31.3371],[73.65205,31.34458],[73.65538,31.34808],[73.64946,31.35283],[73.6503,31.35703],[73.64384,31.36328],[73.65263,31.36849],[73.65055,31.37096],[73.66154,31.3777],[73.65936,31.38091],[73.65948,31.3866],[73.66723,31.38849],[73.67074,31.38663],[73.66187,31.40706],[73.65798,31.41112],[73.65976,31.42429],[73.66087,31.42611],[73.6662,31.42782],[73.65522,31.43506],[73.64998,31.44063],[73.64714,31.45047],[73.64976,31.46221],[73.6485,31.46359],[73.64514,31.46155],[73.63673,31.46371],[73.63576,31.45802],[73.63045,31.45453],[73.6223,31.46465],[73.61626,31.4614],[73.6144,31.46357],[73.59417,31.45158],[73.59616,31.44907],[73.59325,31.44743],[73.59515,31.44484],[73.58945,31.44145],[73.5695,31.46623],[73.56363,31.46291],[73.55833,31.46922],[73.53436,31.43492],[73.5019,31.42958],[73.48943,31.44832],[73.48971,31.45602],[73.4842,31.4628],[73.47932,31.46087],[73.47593,31.46245],[73.46044,31.47898],[73.45751,31.47734],[73.45549,31.47985],[73.45394,31.47897],[73.4461,31.4888],[73.45014,31.49054],[73.45932,31.50033],[73.47362,31.50607],[73.47482,31.51176],[73.47157,31.51778],[73.46606,31.52141],[73.46432,31.5342],[73.4659,31.54076],[73.46132,31.54386],[73.46728,31.54948],[73.47187,31.55085],[73.46825,31.55284],[73.44309,31.55493],[73.44045,31.55758],[73.44212,31.561],[73.44605,31.5662],[73.45166,31.56993],[73.44998,31.57163],[73.4446,31.56779],[73.43543,31.5772],[73.42991,31.57331],[73.42764,31.57558],[73.4286,31.58409],[73.43143,31.58597],[73.43235,31.59447],[73.43885,31.60678],[73.4398,31.61546],[73.44264,31.61747],[73.43422,31.63182],[73.43374,31.63921],[73.43011,31.63966],[73.41595,31.65434],[73.40566,31.6506],[73.39386,31.66191],[73.37215,31.67029],[73.3702,31.67254],[73.34557,31.67454],[73.34713,31.69154],[73.34983,31.69348],[73.35321,31.70143],[73.34617,31.70121],[73.34406,31.72012],[73.333,31.72525],[73.31167,31.72385],[73.30487,31.72041],[73.29779,31.7199],[73.28957,31.73113],[73.28915,31.73421],[73.28171,31.73962],[73.2676,31.73856],[73.26729,31.74166],[73.2629,31.74433],[73.26617,31.75065],[73.27408,31.75869],[73.28123,31.7601],[73.2768,31.76217],[73.27532,31.76491],[73.27245,31.76497],[73.26799,31.76219],[73.26609,31.76504],[73.25497,31.7625],[73.27333,31.76908],[73.29979,31.7641],[73.30598,31.76483],[73.31399,31.76919],[73.32636,31.76919],[73.32855,31.78412],[73.33619,31.79322],[73.35912,31.79176],[73.3755,31.79904],[73.38861,31.79831],[73.39625,31.80232],[73.39953,31.80741],[73.40462,31.82307],[73.41991,31.80669],[73.43192,31.80414],[73.44939,31.80559],[73.45777,31.82161],[73.4625,31.83908]],[[73.36847,31.7255],[73.37559,31.72599],[73.3754,31.72729],[73.37551,31.72607],[73.36847,31.7255]],[[73.37965,31.69119],[73.38921,31.69788],[73.3885,31.69873],[73.38918,31.6979],[73.37965,31.69119]]]]}},{"type":"Feature","properties":{"name":"Narowal"},"geometry":{"type":"MultiPolygon","coordinates":[[[[75.04219,32.48683],[75.0484,32.48645],[75.05584,32.4813],[75.06878,32.47751],[75.07042,32.47996],[75.08499,32.4721],[75.08506,32.46927],[75.08698,32.47148],[75.09199,32.4694],[75.09954,32.47812],[75.10884,32.474],[75.10973,32.46787],[75.11121,32.46751],[75.10895,32.46018],[75.12074,32.45519],[75.11902,32.44178],[75.1146,32.43342],[75.12237,32.43101],[75.12457,32.4364],[75.12609,32.43642],[75.1301,32.43408],[75.12974,32.43211],[75.13454,32.4283],[75.13343,32.42611],[75.12866,32.42595],[75.12765,32.42407],[75.12799,32.41774],[75.13269,32.41553],[75.13173,32.41149],[75.1331,32.40909],[75.15206,32.41872],[75.15358,32.42089],[75.16009,32.41883],[75.16823,32.42282],[75.17814,32.4211],[75.17764,32.42301],[75.18017,32.42524],[75.18703,32.42679],[75.19153,32.42604],[75.19316,32.42409],[75.19252,32.42231],[75.20061,32.4208],[75.19955,32.41675],[75.20147,32.4151],[75.19857,32.41106],[75.19218,32.41133],[75.19264,32.40114],[75.20936,32.39456],[75.21338,32.40273],[75.22418,32.39819],[75.22325,32.3953],[75.22813,32.39219],[75.24525,32.38467],[75.24802,32.38854],[75.25312,32.39074],[75.25708,32.38922],[75.25516,32.38378],[75.25664,32.38087],[75.25489,32.37845],[75.25849,32.37447],[75.25829,32.37231],[75.26968,32.37331],[75.27275,32.37627],[75.29033,32.37046],[75.28742,32.36159],[75.28974,32.35636],[75.29976,32.35362],[75.30095,32.3518],[75.2994,32.34708],[75.30173,32.34608],[75.30699,32.34442],[75.31153,32.34549],[75.31622,32.34379],[75.32209,32.34397],[75.32558,32.33872],[75.32691,32.32802],[75.33257,32.3263],[75.33762,32.32174],[75.33507,32.31081],[75.32374,32.30199],[75.32083,32.29738],[75.32514,32.296],[75.33006,32.29743],[75.3392,32.29313],[75.35063,32.29037],[75.34415,32.27916],[75.34543,32.27839],[75.34368,32.27301],[75.33961,32.26901],[75.34911,32.26543],[75.3514,32.26353],[75.35083,32.26236],[75.35335,32.26165],[75.35518,32.2643],[75.35643,32.26375],[75.35524,32.26206],[75.36199,32.25807],[75.36021,32.25443],[75.35231,32.25449],[75.35875,32.24882],[75.36071,32.24402],[75.35877,32.24443],[75.3563,32.23875],[75.36389,32.23606],[75.36546,32.23092],[75.36129,32.22555],[75.36356,32.22485],[75.36548,32.21973],[75.34222,32.21703],[75.33711,32.21935],[75.33748,32.22343],[75.33555,32.22256],[75.33338,32.22701],[75.32736,32.23081],[75.3252,32.22837],[75.32009,32.22882],[75.31684,32.22665],[75.315,32.22225],[75.31011,32.21743],[75.30837,32.20935],[75.30923,32.20113],[75.30445,32.19805],[75.30335,32.19307],[75.29189,32.19492],[75.29105,32.19815],[75.28717,32.19589],[75.28073,32.18785],[75.27805,32.17755],[75.28895,32.17774],[75.29695,32.17386],[75.29161,32.17033],[75.29238,32.155],[75.29761,32.15063],[75.2959,32.14568],[75.29038,32.14244],[75.26601,32.14035],[75.26316,32.13682],[75.26049,32.12778],[75.2579,32.10234],[75.23775,32.10048],[75.2304,32.10499],[75.2263,32.11179],[75.22154,32.11521],[75.21064,32.11402],[75.20719,32.11515],[75.20248,32.11989],[75.20653,32.10334],[75.2045,32.09615],[75.19803,32.08608],[75.19879,32.08223],[75.18989,32.0822],[75.17922,32.07541],[75.15951,32.08241],[75.14257,32.08024],[75.11841,32.08095],[75.10955,32.08578],[75.09725,32.08597],[75.09923,32.0818],[75.09797,32.07479],[75.1011,32.07045],[75.09913,32.06518],[75.09041,32.06499],[75.08422,32.06018],[75.07524,32.059],[75.07001,32.06256],[75.05872,32.0528],[75.05371,32.0544],[75.05066,32.05279],[75.05175,32.05113],[75.04074,32.04262],[75.03687,32.04438],[75.03398,32.05069],[75.02377,32.04768],[75.02166,32.04857],[75.01878,32.04688],[75.01798,32.0421],[75.0167,32.04296],[75.01231,32.03579],[75.00355,32.04159],[75.00299,32.04362],[75.00131,32.0411],[74.98575,32.04245],[74.99783,32.05219],[74.99844,32.05961],[74.99716,32.06059],[74.98563,32.06267],[74.97825,32.04845],[74.97392,32.05344],[74.95289,32.06019],[74.95202,32.05826],[74.94826,32.05932],[74.94955,32.06226],[74.94813,32.06304],[74.92747,32.06641],[74.92875,32.07019],[74.9227,32.07073],[74.9226,32.07718],[74.91965,32.07712],[74.9122,32.06703],[74.91213,32.0649],[74.9177,32.05802],[74.91287,32.05651],[74.91257,32.05378],[74.90482,32.05033],[74.89143,32.05511],[74.88969,32.05519],[74.88851,32.05274],[74.87937,32.05383],[74.87527,32.05074],[74.8725,32.04403],[74.86926,32.04209],[74.86903,32.04015],[74.87221,32.04121],[74.87636,32.03413],[74.87998,32.0319],[74.87263,32.0201],[74.87184,32.01938],[74.87124,32.02466],[74.86685,32.02603],[74.86318,32.02206],[74.84846,32.02043],[74.85344,32.01274],[74.8459,32.00731],[74.83844,32.0085],[74.8297,31.999],[74.82801,31.9945],[74.82999,31.97936],[74.82158,31.96443],[74.81531,31.96195],[74.80593,31.96313],[74.80227,31.95791],[74.79471,31.95827],[74.78175,31.95577],[74.76848,31.94796],[74.75995,31.95439],[74.75518,31.95577],[74.75575,31.94392],[74.74701,31.94183],[74.74407,31.93962],[74.73366,31.94596],[74.73063,31.94262],[74.72767,31.94419],[74.72586,31.94186],[74.72204,31.94284],[74.7154,31.93644],[74.71398,31.93228],[74.71899,31.92377],[74.70775,31.92316],[74.70647,31.92123],[74.70109,31.92346],[74.70292,31.93365],[74.70056,31.93656],[74.69303,31.93571],[74.69342,31.9341],[74.68406,31.93578],[74.68156,31.94163],[74.68334,31.94438],[74.68117,31.95011],[74.6838,31.95305],[74.66998,31.95749],[74.66895,31.96125],[74.67084,31.97139],[74.66675,31.97171],[74.65397,31.96576],[74.64997,31.96579],[74.65372,31.97287],[74.65217,31.97371],[74.64901,31.98218],[74.64282,31.98451],[74.63955,31.98373],[74.636,31.98765],[74.63476,32.00817],[74.62847,32.01053],[74.62764,32.01586],[74.62271,32.01759],[74.61789,32.02467],[74.61061,32.02537],[74.60681,32.0289],[74.60354,32.04107],[74.60603,32.04716],[74.60529,32.04989],[74.60343,32.05056],[74.60317,32.05461],[74.60152,32.05522],[74.60175,32.05924],[74.5999,32.06143],[74.60151,32.06267],[74.5949,32.06375],[74.59716,32.07218],[74.60114,32.07165],[74.60177,32.06546],[74.60919,32.06641],[74.6113,32.06508],[74.61305,32.06916],[74.61279,32.07674],[74.61799,32.07793],[74.62077,32.07682],[74.62107,32.07385],[74.62401,32.07244],[74.62407,32.07511],[74.62614,32.07551],[74.63352,32.07396],[74.63344,32.07747],[74.63691,32.08208],[74.63639,32.08527],[74.63801,32.08741],[74.64067,32.08716],[74.6377,32.08973],[74.63722,32.09394],[74.63471,32.09569],[74.63521,32.09753],[74.64637,32.1059],[74.64795,32.10535],[74.64899,32.10977],[74.65484,32.11158],[74.65491,32.11467],[74.65789,32.11775],[74.66184,32.11823],[74.66168,32.12197],[74.66409,32.12108],[74.66718,32.12267],[74.66848,32.12601],[74.66397,32.12608],[74.66397,32.13156],[74.67262,32.12922],[74.67632,32.13523],[74.68082,32.13799],[74.68264,32.14198],[74.69105,32.14096],[74.69618,32.1382],[74.70582,32.1466],[74.70901,32.14478],[74.71833,32.14829],[74.72824,32.14655],[74.72764,32.15504],[74.73057,32.15751],[74.74108,32.15606],[74.74155,32.1606],[74.74404,32.16476],[74.7579,32.16192],[74.75741,32.16798],[74.75912,32.17165],[74.75739,32.17605],[74.76191,32.18088],[74.76021,32.18365],[74.76133,32.18596],[74.75855,32.18931],[74.76258,32.19205],[74.76326,32.19546],[74.75961,32.19864],[74.76082,32.20133],[74.75848,32.2023],[74.7568,32.21107],[74.74986,32.21539],[74.74784,32.2187],[74.74413,32.21936],[74.74578,32.22165],[74.74488,32.22504],[74.74296,32.22626],[74.73958,32.22511],[74.73757,32.22698],[74.74416,32.22858],[74.74278,32.23295],[74.7477,32.23235],[74.74892,32.23439],[74.7477,32.23831],[74.74492,32.24039],[74.74914,32.24196],[74.74971,32.24393],[74.75092,32.24334],[74.75254,32.24823],[74.75523,32.24883],[74.75361,32.25023],[74.75512,32.25228],[74.75308,32.2535],[74.75708,32.25747],[74.7575,32.26123],[74.76773,32.26073],[74.76816,32.26686],[74.76607,32.26731],[74.76641,32.26975],[74.76322,32.2704],[74.76417,32.27647],[74.77064,32.27658],[74.77202,32.27852],[74.76887,32.27999],[74.7668,32.28615],[74.77038,32.30072],[74.79185,32.296],[74.79771,32.29688],[74.80311,32.29364],[74.80708,32.29314],[74.80809,32.2955],[74.81391,32.29763],[74.81343,32.30233],[74.81753,32.30273],[74.81755,32.30422],[74.82639,32.30353],[74.82575,32.29972],[74.82702,32.29957],[74.83177,32.30623],[74.82731,32.30657],[74.8268,32.31156],[74.83087,32.3095],[74.83205,32.31117],[74.84521,32.31008],[74.84685,32.31165],[74.8499,32.30918],[74.8477,32.31188],[74.84819,32.31391],[74.8509,32.3124],[74.85266,32.31782],[74.84295,32.32117],[74.84332,32.32424],[74.84707,32.32947],[74.85033,32.33058],[74.8524,32.32919],[74.85314,32.32232],[74.85983,32.32254],[74.85707,32.32925],[74.85698,32.33652],[74.85859,32.33636],[74.86129,32.34537],[74.86303,32.34516],[74.86218,32.34638],[74.86354,32.34793],[74.85864,32.34861],[74.86811,32.35735],[74.86433,32.36013],[74.86523,32.36305],[74.87598,32.37337],[74.87612,32.38256],[74.87071,32.38589],[74.87408,32.38929],[74.87945,32.39113],[74.8921,32.39107],[74.89541,32.39527],[74.89782,32.39502],[74.90567,32.40207],[74.9247,32.41378],[74.93072,32.42008],[74.93203,32.4165],[74.93621,32.41776],[74.93545,32.42566],[74.92499,32.43296],[74.92873,32.43708],[74.93137,32.44425],[74.9359,32.44306],[74.94805,32.44728],[74.95182,32.44614],[74.95598,32.45299],[74.97009,32.46014],[74.98507,32.4499],[75.00236,32.45558],[75.00568,32.45755],[75.00888,32.46264],[75.0138,32.46539],[75.01553,32.46431],[75.01987,32.46822],[75.0151,32.47136],[75.01715,32.47973],[75.02352,32.49133],[75.02976,32.49741],[75.04219,32.48683]]]]}},{"type":"Feature","properties":{"name":"Okara"},"geometry":{"type":"MultiPolygon","coordinates":[[[[73.62996,31.1392],[73.63081,31.13721],[73.63867,31.13763],[73.63867,31.13992],[73.64109,31.14063],[73.64352,31.13906],[73.64409,31.13421],[73.65261,31.12458],[73.65332,31.11958],[73.65737,31.11625],[73.65768,31.10538],[73.66189,31.10435],[73.66284,31.10031],[73.65784,31.0965],[73.6488,31.09293],[73.64309,31.08793],[73.64143,31.07747],[73.64618,31.0777],[73.64523,31.07223],[73.6419,31.06937],[73.64238,31.06485],[73.65128,31.06159],[73.6538,31.06283],[73.69853,31.04439],[73.69758,31.03916],[73.70044,31.01679],[73.70757,31.00608],[73.71447,30.99752],[73.72375,30.99204],[73.7397,30.99204],[73.7397,30.97182],[73.72542,30.94326],[73.74493,30.92732],[73.75588,30.92423],[73.76206,30.91923],[73.76577,30.92274],[73.78633,30.93137],[73.79395,30.93137],[73.79908,30.92729],[73.80323,30.91281],[73.81513,30.89996],[73.82317,30.87909],[73.82536,30.85832],[73.83702,30.85308],[73.84859,30.85516],[73.86414,30.8538],[73.8639,30.85023],[73.89079,30.84785],[73.89412,30.85403],[73.90871,30.85358],[73.92222,30.84271],[73.91935,30.83595],[73.93791,30.82453],[73.95076,30.82738],[73.95052,30.82072],[73.96241,30.8112],[73.96313,30.79835],[73.96551,30.80288],[73.96813,30.80288],[73.96908,30.80906],[73.98026,30.80978],[73.98097,30.81977],[73.98978,30.81501],[73.99025,30.80549],[73.9855,30.80525],[73.98621,30.8005],[73.9896,30.79931],[73.99121,30.79193],[74.00025,30.79241],[74.00215,30.78693],[74.00667,30.78408],[74.00762,30.78051],[74.0131,30.78075],[74.02214,30.77742],[74.03094,30.77694],[74.03832,30.78194],[74.04808,30.77218],[74.05164,30.76147],[74.05569,30.75743],[74.04879,30.73911],[74.06711,30.72935],[74.06949,30.72388],[74.07377,30.72055],[74.07425,30.71721],[74.08163,30.71246],[74.08662,30.70579],[74.08567,30.70199],[74.09091,30.7008],[74.09091,30.69033],[74.08876,30.68676],[74.08948,30.67653],[74.10161,30.66772],[74.10828,30.67105],[74.11494,30.67082],[74.11518,30.66035],[74.11137,30.65392],[74.11184,30.64892],[74.12208,30.64512],[74.13255,30.63726],[74.1285,30.63132],[74.12779,30.62418],[74.12136,30.62227],[74.11815,30.60827],[74.1059,30.61966],[74.0959,30.61014],[74.10233,30.61014],[74.1028,30.60419],[74.09614,30.60086],[74.09947,30.58944],[74.09614,30.5873],[74.10209,30.57849],[74.07398,30.55425],[74.08186,30.5478],[74.09019,30.54851],[74.08972,30.54542],[74.07496,30.52567],[74.06164,30.51758],[74.05434,30.52245],[74.04742,30.53923],[74.04403,30.54161],[74.03951,30.54161],[74.03856,30.53304],[74.03427,30.52805],[74.03071,30.52638],[74.02309,30.52662],[74.01197,30.53396],[74.01119,30.52139],[74.01918,30.51416],[73.99378,30.5139],[73.98021,30.50099],[73.97717,30.49545],[73.98634,30.46557],[73.98645,30.45428],[73.98335,30.45],[73.97709,30.44945],[73.97407,30.44691],[73.97304,30.41791],[73.94759,30.41692],[73.93814,30.40217],[73.92339,30.3986],[73.92006,30.3948],[73.91911,30.38814],[73.91149,30.37909],[73.89579,30.37576],[73.89912,30.37148],[73.89508,30.36601],[73.89174,30.36791],[73.88556,30.36601],[73.88032,30.35839],[73.87342,30.35958],[73.87318,30.35506],[73.85796,30.35554],[73.85915,30.37767],[73.8413,30.36505],[73.82702,30.36315],[73.82574,30.35872],[73.81947,30.35867],[73.8187,30.35173],[73.81394,30.3516],[73.81223,30.35616],[73.80918,30.34911],[73.80418,30.34626],[73.78776,30.34864],[73.78491,30.35577],[73.78253,30.35744],[73.77444,30.35815],[73.76635,30.35482],[73.75278,30.36101],[73.75064,30.35768],[73.7435,30.35577],[73.74422,30.35173],[73.73851,30.35125],[73.73589,30.34507],[73.7366,30.33793],[73.74208,30.33365],[73.73446,30.31842],[73.7297,30.32484],[73.72661,30.32127],[73.7259,30.32817],[73.71709,30.3277],[73.6971,30.31413],[73.67593,30.31175],[73.6764,30.30676],[73.67331,30.30676],[73.67188,30.31342],[73.66308,30.31318],[73.6626,30.30771],[73.64262,30.30509],[73.64285,30.31128],[73.63365,30.31102],[73.6262,30.31461],[73.62739,30.34221],[73.62548,30.35982],[73.62715,30.36696],[73.63,30.36862],[73.64024,30.36886],[73.64143,30.37862],[73.63905,30.3848],[73.6262,30.39218],[73.62786,30.3967],[73.63143,30.40027],[73.62953,30.40503],[73.62025,30.40551],[73.61977,30.40812],[73.60746,30.41405],[73.60734,30.4196],[73.61114,30.42835],[73.60715,30.43026],[73.59401,30.43026],[73.59382,30.42778],[73.58506,30.43026],[73.58316,30.42816],[73.58316,30.42226],[73.56926,30.41922],[73.56241,30.41903],[73.55937,30.42017],[73.5586,30.42264],[73.5607,30.42302],[73.56146,30.42778],[73.57783,30.44815],[73.57726,30.45748],[73.59154,30.45786],[73.59706,30.46395],[73.60105,30.46509],[73.60467,30.47175],[73.61,30.47137],[73.61,30.47613],[73.60467,30.47613],[73.6022,30.48679],[73.61104,30.49329],[73.61419,30.49802],[73.61395,30.50203],[73.5977,30.50078],[73.59268,30.50491],[73.59129,30.5078],[73.59379,30.51242],[73.60315,30.51592],[73.60315,30.51782],[73.59591,30.52239],[73.59458,30.5201],[73.58735,30.5182],[73.56755,30.51896],[73.56622,30.52163],[73.57022,30.52924],[73.5685,30.54028],[73.5607,30.53785],[73.54109,30.53933],[73.53348,30.54371],[73.52986,30.5439],[73.52834,30.53895],[73.50359,30.53876],[73.48405,30.54104],[73.4804,30.54723],[73.47805,30.54921],[73.47424,30.54952],[73.47161,30.55627],[73.47301,30.55911],[73.46239,30.56142],[73.45426,30.56741],[73.45962,30.57512],[73.45067,30.57226],[73.45034,30.57961],[73.44517,30.5774],[73.44382,30.57474],[73.43716,30.57531],[73.43697,30.57912],[73.43373,30.57854],[73.43412,30.58507],[73.43792,30.58526],[73.44306,30.59758],[73.43723,30.59764],[73.4362,30.60272],[73.43848,30.61728],[73.44382,30.61852],[73.43563,30.64022],[73.42459,30.64269],[73.42326,30.64441],[73.42288,30.64898],[73.42554,30.65221],[73.42478,30.65393],[73.41907,30.65412],[73.41793,30.64936],[73.41279,30.64555],[73.4067,30.64384],[73.40213,30.63527],[73.40384,30.63127],[73.4166,30.63051],[73.41546,30.62556],[73.41641,30.62042],[73.40975,30.61985],[73.4048,30.62385],[73.40023,30.62404],[73.39851,30.62214],[73.39985,30.61414],[73.39623,30.61528],[73.39223,30.61833],[73.39166,30.62157],[73.39661,30.62423],[73.39718,30.62651],[73.3949,30.62766],[73.39242,30.6267],[73.38759,30.62024],[73.38671,30.61338],[73.38462,30.61167],[73.38519,30.60843],[73.38728,30.60767],[73.39337,30.61014],[73.39509,30.60177],[73.37948,30.5972],[73.377,30.59377],[73.37815,30.58787],[73.37605,30.5795],[73.38157,30.57302],[73.38138,30.57036],[73.36977,30.56979],[73.36996,30.56065],[73.37244,30.55837],[73.37148,30.55551],[73.36349,30.55247],[73.36044,30.55228],[73.35759,30.5557],[73.35378,30.55418],[73.35302,30.54047],[73.36158,30.53743],[73.3612,30.53457],[73.35606,30.53381],[73.34731,30.538],[73.34255,30.53533],[73.33874,30.53838],[73.33893,30.54257],[73.33684,30.54409],[73.33341,30.54028],[73.32922,30.53971],[73.32047,30.54542],[73.31495,30.54314],[73.30676,30.54295],[73.30581,30.53076],[73.30124,30.52886],[73.29591,30.52905],[73.29629,30.52277],[73.28792,30.52296],[73.28677,30.52753],[73.28792,30.53476],[73.29101,30.54209],[73.28006,30.54733],[73.27316,30.54637],[73.27055,30.55185],[73.2665,30.55494],[73.26531,30.55946],[73.27269,30.56065],[73.27507,30.56398],[73.28506,30.56708],[73.28911,30.57017],[73.29506,30.57088],[73.30053,30.58278],[73.306,30.58635],[73.32745,30.58579],[73.33449,30.59493],[73.33487,30.59912],[73.3324,30.60426],[73.31907,30.60445],[73.31393,30.60959],[73.31393,30.61415],[73.31488,30.61967],[73.31964,30.62386],[73.32497,30.62729],[73.33202,30.62862],[73.33563,30.63338],[73.33887,30.64442],[73.33392,30.64785],[73.33563,30.65432],[73.33164,30.6566],[73.32973,30.66403],[73.32288,30.66993],[73.32059,30.6745],[73.31127,30.68135],[73.30917,30.68497],[73.31127,30.68877],[73.30137,30.71181],[73.30118,30.71523],[73.30479,30.72323],[73.30841,30.72361],[73.31507,30.73065],[73.33202,30.73351],[73.33297,30.73617],[73.33601,30.73693],[73.33525,30.74303],[73.33925,30.74493],[73.33811,30.75445],[73.32878,30.75292],[73.32859,30.75825],[73.33164,30.76168],[73.33221,30.77957],[73.32897,30.78262],[73.32821,30.78814],[73.31507,30.78852],[73.31336,30.79119],[73.3067,30.79138],[73.30099,30.79709],[73.289,30.79613],[73.27564,30.78573],[73.25778,30.78624],[73.25568,30.78852],[73.25549,30.79442],[73.24141,30.81155],[73.24274,30.81765],[73.25657,30.81927],[73.25795,30.82103],[73.25548,30.82415],[73.25568,30.82773],[73.24562,30.82788],[73.23779,30.83249],[73.23531,30.84144],[73.23722,30.84334],[73.24217,30.84258],[73.25054,30.84582],[73.25435,30.8462],[73.25682,30.84372],[73.26444,30.84563],[73.26444,30.84829],[73.26787,30.84848],[73.26918,30.85912],[73.26647,30.86199],[73.24864,30.85549],[73.2461,30.85646],[73.24454,30.8595],[73.25908,30.87043],[73.25848,30.8745],[73.2636,30.87582],[73.26376,30.88325],[73.25441,30.8846],[73.25471,30.87917],[73.25275,30.87525],[73.23737,30.87465],[73.24506,30.88413],[73.23798,30.88008],[73.23684,30.88519],[73.23178,30.8936],[73.23577,30.90219],[73.2324,30.90284],[73.23255,30.91219],[73.23044,30.91415],[73.22561,30.91491],[73.22408,30.91706],[73.22396,30.93209],[73.21792,30.93554],[73.2174,30.93744],[73.22514,30.94149],[73.22755,30.94746],[73.2238,30.94961],[73.23168,30.95459],[73.24059,30.95638],[73.2408,30.96125],[73.24425,30.96302],[73.24423,30.96802],[73.24865,30.96797],[73.2489,30.97222],[73.26514,30.97406],[73.26448,30.97684],[73.26836,30.97962],[73.27175,30.97985],[73.27521,30.97728],[73.27572,30.98161],[73.27916,30.9806],[73.28042,30.98298],[73.2772,30.98827],[73.29299,30.98787],[73.29388,30.99319],[73.30169,30.99763],[73.30284,31.00812],[73.31943,31.01549],[73.3275,31.01228],[73.3269,31.00785],[73.33189,31.0009],[73.33748,30.99986],[73.34213,31.00224],[73.34711,31.0024],[73.34698,31.00525],[73.35366,31.01239],[73.35524,31.01728],[73.36058,31.02166],[73.36496,31.02147],[73.36324,31.03385],[73.36648,31.04013],[73.36324,31.04508],[73.36558,31.04949],[73.37162,31.04908],[73.37309,31.05093],[73.38037,31.04946],[73.38332,31.03673],[73.38951,31.04641],[73.38865,31.05561],[73.39408,31.05764],[73.39789,31.06316],[73.39418,31.06288],[73.39433,31.07895],[73.4089,31.08058],[73.41649,31.084],[73.4202,31.08668],[73.41901,31.09397],[73.4211,31.09649],[73.43491,31.09561],[73.44787,31.09709],[73.45485,31.10928],[73.46006,31.11241],[73.46809,31.11211],[73.4724,31.1072],[73.48593,31.10712],[73.4905,31.10884],[73.49738,31.10493],[73.50175,31.10674],[73.50205,31.11005],[73.51125,31.10508],[73.5212,31.10885],[73.52663,31.11367],[73.53175,31.11382],[73.5307,31.12061],[73.53658,31.12091],[73.5433,31.11208],[73.55158,31.11379],[73.55672,31.11222],[73.55843,31.10994],[73.56143,31.11008],[73.56171,31.1008],[73.56557,31.10208],[73.56714,31.10508],[73.57481,31.11127],[73.58677,31.11283],[73.58741,31.12279],[73.58399,31.12564],[73.58941,31.13464],[73.59255,31.13521],[73.60012,31.13235],[73.6024,31.13406],[73.6024,31.13663],[73.59566,31.13842],[73.59669,31.13927],[73.60811,31.14206],[73.60954,31.14534],[73.62182,31.14577],[73.62996,31.1392]]]]}},{"type":"Feature","properties":{"name":"Pakpattan"},"geometry":{"type":"MultiPolygon","coordinates":[[[[73.43563,30.64022],[73.44382,30.61852],[73.43848,30.61728],[73.4362,30.60272],[73.43723,30.59764],[73.44306,30.59758],[73.43792,30.58526],[73.43412,30.58507],[73.43373,30.57854],[73.43697,30.57912],[73.43716,30.57531],[73.44382,30.57474],[73.44517,30.5774],[73.45034,30.57961],[73.45067,30.57226],[73.45962,30.57512],[73.45426,30.56741],[73.46239,30.56142],[73.47301,30.55911],[73.47161,30.55627],[73.47424,30.54952],[73.47805,30.54921],[73.4804,30.54723],[73.48405,30.54104],[73.50359,30.53876],[73.52834,30.53895],[73.52986,30.5439],[73.53348,30.54371],[73.54109,30.53933],[73.5607,30.53785],[73.5685,30.54028],[73.57022,30.52924],[73.56622,30.52163],[73.56755,30.51896],[73.58735,30.5182],[73.59458,30.5201],[73.59591,30.52239],[73.60315,30.51782],[73.60315,30.51592],[73.59379,30.51242],[73.59129,30.5078],[73.59268,30.50491],[73.5977,30.50078],[73.61395,30.50203],[73.61419,30.49802],[73.61104,30.49329],[73.6022,30.48679],[73.60467,30.47613],[73.61,30.47613],[73.61,30.47137],[73.60467,30.47175],[73.60105,30.46509],[73.59706,30.46395],[73.59154,30.45786],[73.57726,30.45748],[73.57783,30.44815],[73.56146,30.42778],[73.5607,30.42302],[73.5586,30.42264],[73.55937,30.42017],[73.56241,30.41903],[73.56926,30.41922],[73.58316,30.42226],[73.58316,30.42816],[73.58506,30.43026],[73.58868,30.43026],[73.59192,30.42778],[73.59382,30.42778],[73.59401,30.43026],[73.60715,30.43026],[73.61114,30.42835],[73.60734,30.4196],[73.60746,30.41405],[73.61977,30.40812],[73.62025,30.40551],[73.62953,30.40503],[73.63143,30.40027],[73.62786,30.3967],[73.6262,30.39218],[73.63905,30.3848],[73.64143,30.37862],[73.64024,30.36886],[73.63,30.36862],[73.62715,30.36696],[73.62548,30.35982],[73.62739,30.34221],[73.62636,30.31829],[73.61592,30.31591],[73.60329,30.31586],[73.59645,30.31811],[73.58127,30.31893],[73.58044,30.30937],[73.56609,30.30325],[73.56275,30.31429],[73.55858,30.31209],[73.55226,30.31427],[73.5505,30.30718],[73.55263,30.29619],[73.54898,30.2945],[73.54582,30.29523],[73.54283,30.29219],[73.53497,30.29337],[73.53427,30.29735],[73.52757,30.30092],[73.5292,30.30406],[73.51998,30.30428],[73.517,30.30052],[73.51461,30.30118],[73.51371,30.3065],[73.51138,30.30487],[73.50519,30.29345],[73.49572,30.28805],[73.49066,30.27845],[73.48496,30.27502],[73.47818,30.26133],[73.47723,30.26084],[73.47097,30.27059],[73.4643,30.27501],[73.46019,30.27396],[73.46599,30.26132],[73.46879,30.26017],[73.4669,30.25709],[73.46809,30.252],[73.45932,30.24982],[73.45797,30.25167],[73.45302,30.24655],[73.42934,30.24769],[73.42921,30.24226],[73.42744,30.24203],[73.42507,30.23811],[73.42134,30.23704],[73.41951,30.23162],[73.41276,30.22822],[73.41443,30.22621],[73.41264,30.21688],[73.40917,30.21285],[73.40091,30.21861],[73.3947,30.21958],[73.39577,30.21287],[73.3928,30.20534],[73.38856,30.20248],[73.38088,30.20397],[73.37784,30.20727],[73.36283,30.20534],[73.36186,30.18353],[73.35552,30.17669],[73.35527,30.1746],[73.3588,30.17004],[73.35563,30.16533],[73.36764,30.14529],[73.36951,30.13802],[73.36849,30.13221],[73.36206,30.12336],[73.34302,30.15666],[73.3364,30.15425],[73.31411,30.15749],[73.31486,30.15878],[73.31291,30.1598],[73.30041,30.15478],[73.29944,30.15601],[73.29076,30.1551],[73.28995,30.15072],[73.28721,30.14926],[73.28004,30.15641],[73.27598,30.15594],[73.27187,30.1531],[73.27061,30.14616],[73.26691,30.14289],[73.26513,30.14616],[73.26632,30.14845],[73.26471,30.1603],[73.24942,30.16044],[73.25621,30.14609],[73.23202,30.13543],[73.23141,30.12764],[73.22633,30.1225],[73.22463,30.12619],[73.2248,30.13346],[73.21761,30.13524],[73.21042,30.1338],[73.2096,30.12095],[73.21344,30.10664],[73.19786,30.10935],[73.19107,30.11427],[73.18459,30.11546],[73.17927,30.11938],[73.18104,30.10862],[73.17282,30.11044],[73.16956,30.11269],[73.16079,30.1121],[73.15671,30.13092],[73.15354,30.12565],[73.15186,30.11002],[73.13793,30.10685],[73.13482,30.10189],[73.12127,30.10244],[73.12002,30.09213],[73.11523,30.08898],[73.11838,30.08646],[73.10781,30.07469],[73.09281,30.06822],[73.07996,30.06489],[73.07284,30.05852],[73.06711,30.05906],[73.06509,30.05748],[73.05281,30.06567],[73.05039,30.06423],[73.04326,30.06999],[73.032,30.07469],[73.02107,30.07312],[73.01632,30.07439],[73.01357,30.07251],[73.01093,30.06994],[73.01065,30.06196],[73.02754,30.0387],[73.02927,30.02778],[73.01079,30.02634],[73.00294,30.02085],[73.01382,30.0085],[73.02539,30.01153],[73.02684,30.00507],[73.01943,30.00249],[73.02266,29.9993],[73.01929,29.9958],[73.00015,30.01676],[72.99086,29.99844],[72.97375,29.99638],[72.97409,30.00153],[72.97267,30.00403],[72.96744,30.00482],[72.95623,30.00063],[72.94892,30.00211],[72.94765,29.99826],[72.94005,29.9974],[72.93559,30.00423],[72.93287,30.01552],[72.93356,30.01479],[72.9379,30.01995],[72.93799,30.03336],[72.94149,30.03943],[72.93985,30.04778],[72.94576,30.0478],[72.94869,30.04971],[72.95013,30.05145],[72.94905,30.05588],[72.93541,30.06522],[72.9356,30.06727],[72.93227,30.06883],[72.92748,30.06852],[72.92674,30.06421],[72.91704,30.06561],[72.91663,30.05241],[72.90617,30.04747],[72.90639,30.06967],[72.91935,30.06982],[72.92043,30.08398],[72.91301,30.08434],[72.91323,30.08697],[72.90993,30.08716],[72.90977,30.09503],[72.9062,30.09497],[72.90614,30.10082],[72.90089,30.10282],[72.89959,30.11211],[72.9099,30.12761],[72.9204,30.12772],[72.92062,30.19581],[72.9242,30.19551],[72.92961,30.19971],[72.93092,30.20588],[72.93036,30.21297],[72.92739,30.2137],[72.92638,30.22586],[72.93155,30.23161],[72.93137,30.24032],[72.92557,30.24816],[72.92567,30.24995],[72.92966,30.253],[72.92954,30.25885],[72.93143,30.26347],[72.92872,30.26844],[72.92959,30.27251],[72.95447,30.27332],[72.97138,30.29304],[72.97161,30.30539],[72.96577,30.3053],[72.96567,30.30315],[72.95337,30.30272],[72.95329,30.30016],[72.94614,30.30004],[72.94633,30.2976],[72.93794,30.29741],[72.91473,30.31238],[72.91398,30.32812],[72.90368,30.32742],[72.88251,30.32982],[72.81122,30.32459],[72.81111,30.33264],[72.83479,30.34121],[72.83507,30.36013],[72.83242,30.36773],[72.83083,30.36739],[72.832,30.37432],[72.83081,30.37706],[72.82587,30.37789],[72.82313,30.37504],[72.81992,30.37634],[72.81861,30.38604],[72.81254,30.38872],[72.8107,30.39133],[72.81147,30.39425],[72.81927,30.39568],[72.82771,30.39128],[72.83343,30.39893],[72.83843,30.4022],[72.84069,30.4016],[72.8467,30.39238],[72.85306,30.39304],[72.85646,30.39589],[72.86133,30.3925],[72.86068,30.38977],[72.86318,30.38727],[72.86585,30.3887],[72.86776,30.39238],[72.87549,30.39482],[72.87359,30.38899],[72.87579,30.38762],[72.87971,30.3881],[72.88209,30.39119],[72.88215,30.39554],[72.86895,30.39911],[72.86508,30.40244],[72.86562,30.40601],[72.86318,30.40815],[72.87014,30.40749],[72.87026,30.40214],[72.87924,30.40029],[72.88209,30.4025],[72.88251,30.40476],[72.87787,30.41695],[72.88694,30.42014],[72.88922,30.41859],[72.88888,30.4142],[72.89556,30.41642],[72.89882,30.41488],[72.90093,30.41797],[72.90796,30.42037],[72.9103,30.41688],[72.91241,30.417],[72.91504,30.42682],[72.90984,30.42511],[72.9099,30.42345],[72.90636,30.42796],[72.92023,30.43379],[72.922,30.43327],[72.92246,30.43087],[72.92018,30.42208],[72.92269,30.41968],[72.91966,30.41403],[72.92383,30.41237],[72.92851,30.41408],[72.92943,30.41568],[72.92526,30.41968],[72.92577,30.42259],[72.93154,30.42625],[72.93805,30.42773],[72.93999,30.4311],[72.94679,30.4335],[72.94068,30.43658],[72.93628,30.43493],[72.93274,30.43607],[72.93068,30.44241],[72.93994,30.44886],[72.94388,30.44372],[72.95844,30.43173],[72.95992,30.4263],[72.96483,30.42156],[72.96946,30.41888],[72.98014,30.41774],[72.97923,30.41557],[72.97409,30.41403],[72.97671,30.40564],[72.97885,30.40338],[72.98735,30.40392],[72.98944,30.40172],[72.9933,30.40184],[72.99402,30.40481],[72.98914,30.41082],[72.98973,30.4157],[72.98837,30.41754],[72.99063,30.41933],[73.00477,30.41183],[73.01359,30.41015],[73.01541,30.4119],[73.01093,30.42018],[73.00968,30.42592],[73.01143,30.42842],[73.01507,30.4282],[73.01894,30.42562],[73.02577,30.41536],[73.03436,30.4145],[73.03398,30.41176],[73.03638,30.4102],[73.03868,30.4118],[73.03908,30.41456],[73.0367,30.41996],[73.0398,30.42076],[73.04334,30.41899],[73.05509,30.4283],[73.05138,30.43093],[73.05062,30.43643],[73.05366,30.44267],[73.05768,30.44584],[73.0551,30.44792],[73.04795,30.44733],[73.04786,30.45324],[73.04967,30.45329],[73.04957,30.45838],[73.051,30.46019],[73.05861,30.46299],[73.05966,30.46142],[73.05638,30.45781],[73.05823,30.45429],[73.06689,30.45448],[73.06732,30.45062],[73.07156,30.44724],[73.07427,30.44729],[73.07779,30.45005],[73.07546,30.45857],[73.08222,30.45971],[73.08184,30.46204],[73.07836,30.46433],[73.07179,30.46361],[73.0648,30.4658],[73.06061,30.46542],[73.05885,30.46685],[73.05942,30.46904],[73.06613,30.47108],[73.07808,30.47028],[73.09511,30.47998],[73.10358,30.47632],[73.10896,30.47708],[73.1141,30.48032],[73.11267,30.48417],[73.10263,30.48113],[73.09883,30.48251],[73.10116,30.48603],[73.10896,30.49002],[73.11477,30.48403],[73.12324,30.48565],[73.12481,30.48945],[73.12172,30.49183],[73.12243,30.49464],[73.13138,30.50359],[73.13856,30.50759],[73.1407,30.51163],[73.15655,30.5151],[73.16126,30.51406],[73.16869,30.52072],[73.16797,30.52362],[73.16464,30.52619],[73.16107,30.52576],[73.15784,30.5212],[73.14832,30.52386],[73.14975,30.53195],[73.14884,30.53509],[73.14351,30.53828],[73.14013,30.53799],[73.14099,30.54085],[73.14603,30.54313],[73.15436,30.53895],[73.15969,30.53904],[73.16897,30.54513],[73.17135,30.5439],[73.17121,30.54009],[73.17254,30.53918],[73.18087,30.54047],[73.18268,30.54237],[73.18173,30.54485],[73.17235,30.5478],[73.17226,30.55141],[73.17549,30.55427],[73.17973,30.55494],[73.18415,30.55003],[73.19067,30.55094],[73.19101,30.54708],[73.19367,30.5467],[73.19562,30.54827],[73.19595,30.55118],[73.19024,30.55532],[73.18901,30.55931],[73.1961,30.56212],[73.2064,30.55122],[73.20833,30.55122],[73.21025,30.55382],[73.22397,30.55401],[73.22751,30.55266],[73.23475,30.56076],[73.23814,30.5594],[73.24501,30.55396],[73.24444,30.55025],[73.24059,30.54818],[73.24073,30.54632],[73.24939,30.53975],[73.25334,30.53895],[73.25572,30.54049],[73.25468,30.546],[73.25733,30.55132],[73.25566,30.55394],[73.2589,30.55944],[73.25819,30.5623],[73.26262,30.56384],[73.26741,30.56313],[73.2763,30.56738],[73.2828,30.56657],[73.27507,30.56398],[73.27269,30.56065],[73.26531,30.55946],[73.2665,30.55494],[73.27055,30.55185],[73.27316,30.54637],[73.28006,30.54733],[73.29101,30.54209],[73.28677,30.52753],[73.28792,30.52296],[73.2921,30.52201],[73.29629,30.52277],[73.29591,30.52905],[73.30124,30.52886],[73.30581,30.53076],[73.30676,30.54295],[73.31495,30.54314],[73.32047,30.54542],[73.32922,30.53971],[73.33341,30.54028],[73.33684,30.54409],[73.33893,30.54257],[73.33874,30.53838],[73.34255,30.53533],[73.34731,30.538],[73.35987,30.53343],[73.36158,30.53743],[73.35302,30.54047],[73.35378,30.55418],[73.35759,30.5557],[73.36044,30.55228],[73.36349,30.55247],[73.37148,30.55551],[73.37244,30.55837],[73.36996,30.56065],[73.36977,30.56979],[73.38138,30.57036],[73.38157,30.57302],[73.37605,30.5795],[73.37815,30.58787],[73.377,30.59377],[73.37948,30.5972],[73.39509,30.60177],[73.39337,30.61014],[73.38728,30.60767],[73.38519,30.60843],[73.38462,30.61167],[73.38671,30.61338],[73.38759,30.62024],[73.39242,30.6267],[73.3949,30.62766],[73.39718,30.62651],[73.39661,30.62423],[73.39166,30.62157],[73.39223,30.61833],[73.39623,30.61528],[73.39985,30.61414],[73.39851,30.62214],[73.40023,30.62404],[73.4048,30.62385],[73.40975,30.61985],[73.41641,30.62042],[73.41546,30.62556],[73.4166,30.63051],[73.40384,30.63127],[73.40213,30.63527],[73.4067,30.64384],[73.41279,30.64555],[73.41793,30.64936],[73.41907,30.65412],[73.42478,30.65393],[73.42554,30.65221],[73.42288,30.64898],[73.42459,30.64269],[73.43563,30.64022]]]]}},{"type":"Feature","properties":{"name":"Rahim Yar Khan"},"geometry":{"type":"MultiPolygon","coordinates":[[[[69.52758,28.23901],[69.53033,28.23616],[69.53287,28.21805],[69.54619,28.21682],[69.55235,28.2143],[69.59089,28.21071],[69.55625,28.18088],[69.56177,28.17285],[69.56378,28.16483],[69.56045,28.15279],[69.56108,28.14392],[69.55762,28.13682],[69.54586,28.14145],[69.53706,28.14164],[69.53714,28.14594],[69.532,28.14574],[69.5315,28.16252],[69.53347,28.17053],[69.52947,28.1774],[69.52908,28.18513],[69.52059,28.17915],[69.51616,28.19456],[69.50052,28.19891],[69.48903,28.20725],[69.47209,28.21375],[69.46923,28.2176],[69.47039,28.21825],[69.4684,28.22044],[69.47053,28.22204],[69.47245,28.23451],[69.47581,28.23556],[69.47737,28.23834],[69.47737,28.24499],[69.47548,28.24855],[69.47747,28.25562],[69.47632,28.26137],[69.47164,28.27029],[69.47089,28.27784],[69.46832,28.28136],[69.48158,28.27428],[69.5115,28.25197],[69.5269,28.25138],[69.52534,28.24458],[69.52758,28.23901]]],[[[69.58457,28.36008],[69.59414,28.36052],[69.61109,28.35759],[69.63478,28.36772],[69.6523,28.35298],[69.66382,28.35677],[69.69974,28.30353],[69.71229,28.29858],[69.72093,28.29933],[69.73072,28.31291],[69.74426,28.32248],[69.74987,28.32914],[69.77023,28.32965],[69.77011,28.32399],[69.76277,28.31444],[69.76821,28.28723],[69.76433,28.28264],[69.76538,28.27522],[69.76367,28.2683],[69.75161,28.25876],[69.70703,28.24857],[69.6836,28.27085],[69.66008,28.25863],[69.67149,28.23973],[69.6606,28.23083],[69.65321,28.23008],[69.64521,28.23154],[69.63117,28.24016],[69.62292,28.23789],[69.61381,28.23242],[69.60713,28.2332],[69.60125,28.25339],[69.60642,28.25924],[69.59874,28.267],[69.60193,28.28446],[69.60077,28.29289],[69.60203,28.30332],[69.59748,28.30314],[69.5935,28.3087],[69.58648,28.31339],[69.53469,28.39921],[69.54991,28.40486],[69.56123,28.40099],[69.57294,28.39399],[69.57614,28.3912],[69.58457,28.36008]]],[[[70.90259,29.20714],[70.90808,29.20907],[70.90496,29.2161],[70.91409,29.21096],[70.91855,29.20506],[70.92131,29.19688],[70.92906,29.19066],[70.9317,29.18555],[70.92393,29.17597],[70.918,29.17646],[70.91355,29.16836],[70.91396,29.16609],[70.91126,29.16367],[70.91133,29.16131],[70.90505,29.16084],[70.9007,29.14937],[70.89279,29.14525],[70.89261,29.1419],[70.89898,29.13625],[70.89999,29.13339],[70.90661,29.13352],[70.91011,29.12952],[70.91211,29.1314],[70.91136,29.13338],[70.91855,29.14057],[70.93025,29.14536],[70.93108,29.14288],[70.92884,29.13912],[70.92066,29.13274],[70.92158,29.12661],[70.92251,29.13164],[70.92676,29.13338],[70.92925,29.13183],[70.93286,29.1239],[70.93727,29.1197],[70.9416,29.09654],[70.94503,29.09075],[70.95626,29.07882],[70.95592,29.07642],[70.95008,29.07019],[70.95223,29.06846],[70.95212,29.06577],[70.95871,29.05896],[70.96346,29.05882],[70.96595,29.06035],[70.96879,29.05795],[70.97685,29.04736],[70.97401,29.04482],[70.98043,29.04001],[70.97985,29.03508],[70.9812,29.03233],[70.99175,29.03228],[70.99959,29.03723],[71.00304,29.03694],[71.02505,29.08148],[71.02923,29.08632],[71.08659,29.1038],[71.0848,29.09207],[71.07804,29.09091],[71.07775,29.08818],[71.07072,29.08409],[71.06004,29.08127],[71.06004,29.07911],[71.05824,29.0786],[71.05812,29.07347],[71.06342,29.07329],[71.0635,29.06817],[71.06033,29.06801],[71.06019,29.0627],[71.05684,29.06256],[71.0567,29.05722],[71.06738,29.05637],[71.0671,29.04629],[71.06004,29.04629],[71.06019,29.05421],[71.05688,29.05407],[71.05644,29.04845],[71.05342,29.04845],[71.05342,29.04284],[71.05011,29.04284],[71.05005,29.03236],[71.04356,29.03217],[71.04378,29.01074],[71.05036,29.0106],[71.05054,29.01866],[71.06367,29.0187],[71.0645,29.00177],[71.06167,29.00135],[71.06047,28.99597],[71.05805,28.99579],[71.05767,28.98528],[71.05476,28.9852],[71.05501,28.97539],[71.05889,28.97439],[71.05803,28.94295],[71.04086,28.94181],[71.05957,28.89773],[71.05904,28.8943],[71.03035,28.79917],[71.01564,28.78014],[71.00457,28.75019],[70.99192,28.72441],[70.98376,28.70103],[70.96869,28.6481],[70.95439,28.56756],[70.95025,28.55276],[70.94883,28.51976],[70.95022,28.50483],[70.95309,28.49924],[70.95322,28.48868],[70.96151,28.46819],[70.96618,28.44638],[70.96471,28.42768],[70.97665,28.33389],[70.97541,28.28661],[70.98006,28.24994],[70.98188,28.22045],[70.99109,28.19855],[71.00005,28.18829],[71.01505,28.16501],[71.03744,28.13518],[71.03809,28.11218],[71.05144,28.08757],[71.0566,28.0739],[71.0697,27.99996],[71.08649,27.95025],[71.09415,27.91815],[71.09979,27.90816],[71.11348,27.89421],[71.1173,27.88548],[71.11959,27.79971],[71.05822,27.77287],[70.9835,27.74318],[70.96292,27.72964],[70.94987,27.72875],[70.90639,27.70988],[70.87211,27.70575],[70.76023,27.72099],[70.75053,27.73473],[70.74053,27.74172],[70.73123,27.76398],[70.70516,27.80268],[70.68509,27.82794],[70.67926,27.87224],[70.67997,27.88364],[70.67787,27.92132],[70.59536,27.99552],[70.59523,28.00017],[70.59045,28.01022],[70.55454,28.02645],[70.52198,28.03256],[70.50733,28.03691],[70.48724,28.03415],[70.44053,28.02025],[70.37073,28.0118],[70.29688,27.93661],[70.22605,27.90142],[70.19736,27.86736],[70.17192,27.86946],[70.12912,27.89001],[70.0933,27.89714],[70.07883,27.90288],[70.07159,27.90404],[70.04984,27.92164],[70.04424,27.92968],[70.03676,27.9361],[70.01315,27.94313],[69.9968,27.95031],[69.9904,27.95622],[69.97782,27.97258],[69.96852,27.98985],[69.95617,28.00193],[69.94749,28.01311],[69.924,28.03411],[69.90048,28.06224],[69.88024,28.08814],[69.87228,28.10546],[69.84659,28.14096],[69.8468,28.14636],[69.84962,28.15276],[69.84863,28.16178],[69.84401,28.17157],[69.84511,28.17739],[69.84305,28.17772],[69.84024,28.17387],[69.83918,28.17743],[69.8439,28.18792],[69.8484,28.19001],[69.85875,28.20424],[69.853,28.21145],[69.8529,28.21391],[69.84604,28.22101],[69.84373,28.23417],[69.83697,28.2397],[69.83303,28.24705],[69.83348,28.25567],[69.83753,28.26076],[69.83218,28.26756],[69.83786,28.27562],[69.8232,28.27716],[69.81981,28.27887],[69.81644,28.28387],[69.811,28.31067],[69.81351,28.31483],[69.81355,28.31911],[69.81894,28.32747],[69.81598,28.33004],[69.82197,28.34336],[69.82179,28.34769],[69.81722,28.35486],[69.81732,28.3641],[69.814,28.36851],[69.80592,28.36828],[69.79842,28.37102],[69.79263,28.38198],[69.79476,28.38642],[69.78489,28.38623],[69.76223,28.39135],[69.76026,28.39659],[69.7524,28.40777],[69.74966,28.417],[69.75675,28.4312],[69.76107,28.43359],[69.76712,28.43196],[69.77077,28.42494],[69.77111,28.41667],[69.77419,28.41103],[69.77728,28.40791],[69.78662,28.40724],[69.79105,28.40857],[69.79829,28.41409],[69.80251,28.4216],[69.81041,28.42959],[69.81072,28.43207],[69.8266,28.43292],[69.83166,28.43584],[69.84716,28.43334],[69.85375,28.4357],[69.85199,28.44494],[69.83894,28.45163],[69.83094,28.45365],[69.83003,28.45633],[69.82588,28.45925],[69.82599,28.46416],[69.85972,28.44724],[69.87287,28.43412],[69.88818,28.42766],[69.90246,28.42557],[69.93135,28.43168],[69.94731,28.44463],[69.95158,28.4506],[69.956,28.45302],[69.96044,28.46614],[69.96621,28.46677],[69.96877,28.47019],[69.96892,28.4825],[69.96626,28.49732],[69.96232,28.50013],[69.96042,28.50855],[69.96785,28.52371],[69.98096,28.52669],[69.9849,28.53601],[69.98736,28.55217],[70.0097,28.56224],[70.03336,28.55346],[70.0372,28.55037],[70.03866,28.54398],[70.04366,28.53894],[70.04785,28.53868],[70.05723,28.54148],[70.06881,28.55205],[70.07369,28.56291],[70.0836,28.5782],[70.08845,28.57897],[70.0897,28.5871],[70.10473,28.58807],[70.11864,28.59874],[70.12291,28.60624],[70.12903,28.61243],[70.12838,28.61405],[70.1019,28.61857],[70.06933,28.62913],[70.08054,28.63578],[70.09638,28.64849],[70.10728,28.65921],[70.11452,28.6689],[70.15222,28.66875],[70.15996,28.66336],[70.17172,28.66119],[70.20408,28.66206],[70.21455,28.66787],[70.21544,28.68094],[70.22078,28.68811],[70.22385,28.70617],[70.23033,28.71588],[70.18222,28.76127],[70.18176,28.76674],[70.185,28.7671],[70.20122,28.76241],[70.20241,28.75747],[70.22375,28.7455],[70.23061,28.7503],[70.23027,28.75145],[70.21219,28.75734],[70.21282,28.76009],[70.23068,28.76569],[70.23068,28.76075],[70.2421,28.75943],[70.2457,28.76127],[70.25198,28.7683],[70.26514,28.75782],[70.26752,28.75377],[70.27241,28.75003],[70.276,28.74975],[70.28609,28.74045],[70.29051,28.74326],[70.30729,28.75793],[70.30729,28.76364],[70.31551,28.76987],[70.26663,28.82212],[70.26608,28.82591],[70.27614,28.82692],[70.28073,28.82379],[70.32296,28.81916],[70.33383,28.82516],[70.34033,28.8264],[70.34257,28.81604],[70.35082,28.7978],[70.35457,28.79605],[70.36578,28.79758],[70.38626,28.82553],[70.38921,28.83784],[70.398,28.85879],[70.39692,28.875],[70.38235,28.87894],[70.33909,28.89528],[70.33886,28.89737],[70.3293,28.895],[70.32349,28.89681],[70.32271,28.90591],[70.32653,28.91009],[70.33187,28.91262],[70.34251,28.91361],[70.34406,28.9177],[70.3558,28.92675],[70.38898,28.92002],[70.43535,28.91292],[70.45415,28.91148],[70.46083,28.90926],[70.46385,28.91803],[70.47051,28.91788],[70.48076,28.92059],[70.48647,28.91869],[70.49211,28.93297],[70.4771,28.95054],[70.4771,28.95383],[70.48237,28.95808],[70.49977,28.96689],[70.5084,28.9643],[70.51006,28.96679],[70.5319,28.96083],[70.5398,28.97362],[70.55218,28.97045],[70.55081,28.97415],[70.54139,28.97942],[70.55197,28.99073],[70.56256,28.99583],[70.58118,29.01126],[70.5848,29.01323],[70.59081,29.00919],[70.59759,29.0073],[70.60682,29.0106],[70.6118,29.01419],[70.6139,29.01847],[70.61354,29.02145],[70.60611,29.03253],[70.61206,29.0395],[70.6131,29.04522],[70.61038,29.06201],[70.63411,29.06417],[70.65179,29.07048],[70.65543,29.06904],[70.6609,29.06047],[70.6786,29.06143],[70.69593,29.07063],[70.69945,29.07531],[70.70162,29.08132],[70.7007,29.08915],[70.70365,29.0934],[70.70794,29.09519],[70.7045,29.11686],[70.7102,29.13099],[70.72295,29.11933],[70.73441,29.12284],[70.7354,29.12599],[70.73769,29.12614],[70.74056,29.13476],[70.7482,29.13224],[70.74421,29.12713],[70.75735,29.13013],[70.7604,29.1334],[70.76799,29.15246],[70.77188,29.15741],[70.77632,29.16754],[70.77715,29.18485],[70.78823,29.19308],[70.78511,29.19997],[70.78285,29.2001],[70.78125,29.2066],[70.79333,29.21765],[70.80732,29.21477],[70.84342,29.19302],[70.85804,29.20983],[70.86005,29.22807],[70.89056,29.21526],[70.90259,29.20714]]]]}},{"type":"Feature","properties":{"name":"Rajanpur"},"geometry":{"type":"MultiPolygon","coordinates":[[[[69.96126,29.93946],[69.96378,29.93288],[69.96115,29.92598],[69.96311,29.92162],[69.96213,29.91724],[69.96398,29.91445],[69.96336,29.90817],[69.96546,29.90371],[69.97037,29.89894],[69.98294,29.90709],[69.99183,29.90728],[70.00013,29.8884],[70.006,29.88536],[70.02047,29.88935],[70.03342,29.88844],[70.04215,29.89334],[70.05016,29.89061],[70.05723,29.88534],[70.06384,29.88276],[70.06291,29.87962],[70.07544,29.87742],[70.07786,29.87233],[70.08052,29.8714],[70.08341,29.86661],[70.09302,29.86129],[70.09771,29.85689],[70.09952,29.84213],[70.10395,29.83832],[70.10816,29.83125],[70.10929,29.8241],[70.11174,29.82006],[70.12305,29.81415],[70.13205,29.80443],[70.13912,29.80103],[70.15155,29.78718],[70.16166,29.78129],[70.18091,29.77516],[70.18279,29.76667],[70.19825,29.75437],[70.2014,29.74702],[70.20498,29.74398],[70.20916,29.74303],[70.20991,29.73915],[70.23444,29.72417],[70.24926,29.71841],[70.25273,29.71915],[70.25837,29.72609],[70.2622,29.7279],[70.28269,29.72323],[70.28431,29.72757],[70.29545,29.73794],[70.29959,29.74936],[70.31349,29.74907],[70.3336,29.73732],[70.33871,29.73741],[70.3695,29.70785],[70.3608,29.69752],[70.354,29.69857],[70.36796,29.67332],[70.38123,29.66133],[70.39281,29.65584],[70.3961,29.65167],[70.38093,29.6291],[70.38466,29.62728],[70.38627,29.62281],[70.39011,29.62153],[70.39193,29.617],[70.41124,29.6105],[70.41426,29.60809],[70.41674,29.59378],[70.4236,29.59182],[70.41799,29.57539],[70.42082,29.57057],[70.53422,29.61633],[70.53467,29.62576],[70.54023,29.627],[70.54355,29.6312],[70.55341,29.6335],[70.55669,29.63839],[70.55737,29.64685],[70.55572,29.64814],[70.55618,29.65341],[70.55335,29.65386],[70.55393,29.66099],[70.56014,29.66237],[70.55776,29.66557],[70.55799,29.66935],[70.55986,29.67184],[70.56222,29.67209],[70.56314,29.67624],[70.56545,29.67755],[70.56473,29.68458],[70.56952,29.69457],[70.5771,29.7],[70.57695,29.70471],[70.57818,29.70515],[70.57784,29.70837],[70.57616,29.70962],[70.57564,29.71816],[70.56996,29.72063],[70.57015,29.72361],[70.57103,29.72512],[70.57455,29.72522],[70.57999,29.73133],[70.58611,29.73078],[70.58898,29.73206],[70.59214,29.73794],[70.59028,29.74513],[70.58464,29.74736],[70.58424,29.7566],[70.59617,29.7585],[70.59611,29.76426],[70.59762,29.76523],[70.60132,29.76443],[70.60464,29.76631],[70.61059,29.76653],[70.61155,29.77229],[70.61754,29.77144],[70.61737,29.76761],[70.62212,29.76372],[70.63,29.76381],[70.63128,29.76155],[70.6357,29.7607],[70.63739,29.75759],[70.64168,29.76206],[70.64352,29.76213],[70.64463,29.75935],[70.65507,29.76164],[70.66323,29.75804],[70.66572,29.75326],[70.66777,29.75269],[70.66988,29.75391],[70.67071,29.75791],[70.67715,29.7579],[70.67554,29.75023],[70.67307,29.74806],[70.67307,29.74333],[70.68039,29.74439],[70.68082,29.74182],[70.68231,29.74183],[70.68179,29.73696],[70.686,29.73772],[70.68739,29.73504],[70.68104,29.732],[70.69151,29.73205],[70.69377,29.73092],[70.69397,29.72731],[70.68956,29.72088],[70.68946,29.7178],[70.67979,29.71368],[70.67911,29.70808],[70.67295,29.7048],[70.67,29.69951],[70.66788,29.69814],[70.66615,29.69898],[70.66518,29.69704],[70.66809,29.6925],[70.66582,29.68619],[70.67244,29.68662],[70.67327,29.68204],[70.68041,29.68258],[70.68039,29.68603],[70.68703,29.68866],[70.69172,29.68668],[70.69237,29.68398],[70.69495,29.68412],[70.69475,29.68143],[70.69075,29.6761],[70.69234,29.67104],[70.69585,29.67059],[70.70381,29.67524],[70.70489,29.67138],[70.70834,29.67087],[70.70969,29.66717],[70.70607,29.66509],[70.70939,29.66387],[70.70726,29.66035],[70.70942,29.65096],[70.71363,29.65063],[70.71434,29.64367],[70.72206,29.64266],[70.72269,29.63715],[70.72608,29.63683],[70.72474,29.63446],[70.72765,29.63103],[70.72723,29.62955],[70.71468,29.62959],[70.71208,29.62761],[70.7035,29.62664],[70.7057,29.62252],[70.70266,29.61692],[70.70332,29.61558],[70.70855,29.61465],[70.70869,29.61004],[70.70438,29.60735],[70.70434,29.60496],[70.71088,29.60416],[70.71847,29.60036],[70.71949,29.59653],[70.72625,29.59214],[70.71291,29.57083],[70.70686,29.56816],[70.70655,29.5659],[70.70871,29.5648],[70.70809,29.56015],[70.71079,29.55808],[70.7048,29.55136],[70.70556,29.54753],[70.70428,29.54456],[70.69708,29.53856],[70.69615,29.53189],[70.68565,29.52427],[70.6837,29.51355],[70.69395,29.49838],[70.7149,29.47817],[70.70928,29.47645],[70.70788,29.47444],[70.70693,29.46658],[70.69407,29.46447],[70.69417,29.46232],[70.70205,29.45208],[70.69976,29.44542],[70.70139,29.44287],[70.67646,29.44103],[70.66746,29.44162],[70.6526,29.4453],[70.64273,29.4363],[70.6363,29.4337],[70.63594,29.43227],[70.64032,29.42964],[70.63629,29.42339],[70.6359,29.41924],[70.63732,29.41096],[70.63422,29.39577],[70.63747,29.39501],[70.63807,29.39142],[70.6354,29.3777],[70.63375,29.37672],[70.62633,29.385],[70.62359,29.38573],[70.62176,29.38432],[70.62187,29.38088],[70.62477,29.37044],[70.61306,29.37139],[70.61196,29.37426],[70.61303,29.38012],[70.60756,29.38563],[70.60538,29.3828],[70.60646,29.3782],[70.60083,29.36365],[70.60095,29.3605],[70.61903,29.35599],[70.61798,29.34167],[70.61118,29.33517],[70.60964,29.33074],[70.60282,29.32338],[70.60378,29.32193],[70.60949,29.32115],[70.60749,29.30871],[70.61124,29.30766],[70.61217,29.30479],[70.60887,29.30268],[70.60638,29.28996],[70.61188,29.27571],[70.62129,29.27187],[70.61148,29.2611],[70.61092,29.25609],[70.60806,29.25126],[70.60541,29.24886],[70.59476,29.24669],[70.59307,29.24299],[70.59078,29.24258],[70.58674,29.23518],[70.58894,29.22914],[70.56829,29.22466],[70.56392,29.20594],[70.56601,29.19302],[70.5415,29.19173],[70.53386,29.18294],[70.53367,29.18079],[70.53757,29.1796],[70.54639,29.18007],[70.55593,29.16291],[70.55568,29.15776],[70.56127,29.14924],[70.55473,29.13743],[70.54738,29.13751],[70.55068,29.12859],[70.54773,29.10599],[70.5509,29.0998],[70.55368,29.07871],[70.54349,29.07352],[70.53798,29.07602],[70.52063,29.03094],[70.52692,29.02342],[70.51842,28.99988],[70.49977,28.96689],[70.48237,28.95808],[70.4771,28.95383],[70.479,28.94768],[70.49211,28.93297],[70.48647,28.91869],[70.48076,28.92059],[70.47051,28.91788],[70.46385,28.91803],[70.46083,28.90926],[70.45415,28.91148],[70.43535,28.91292],[70.38898,28.92002],[70.3558,28.92675],[70.34406,28.9177],[70.34251,28.91361],[70.33085,28.91238],[70.3257,28.9094],[70.32271,28.90591],[70.32349,28.89681],[70.3293,28.895],[70.33886,28.89737],[70.33909,28.89528],[70.38235,28.87894],[70.39692,28.875],[70.398,28.85879],[70.38921,28.83784],[70.38626,28.82553],[70.36578,28.79758],[70.35457,28.79605],[70.35082,28.7978],[70.34257,28.81604],[70.34033,28.8264],[70.33383,28.82516],[70.32296,28.81916],[70.28073,28.82379],[70.27614,28.82692],[70.26608,28.82591],[70.26663,28.82212],[70.31551,28.76987],[70.30729,28.76364],[70.30729,28.75793],[70.29051,28.74326],[70.28609,28.74045],[70.276,28.74975],[70.27241,28.75003],[70.26752,28.75377],[70.26514,28.75782],[70.25198,28.7683],[70.2457,28.76127],[70.2421,28.75943],[70.23068,28.76075],[70.23068,28.76569],[70.21282,28.76009],[70.21219,28.75734],[70.23027,28.75145],[70.23061,28.7503],[70.22375,28.7455],[70.20241,28.75747],[70.20122,28.76241],[70.185,28.7671],[70.18176,28.76674],[70.18222,28.76127],[70.23033,28.71588],[70.22385,28.70617],[70.22078,28.68811],[70.21544,28.68094],[70.21455,28.66787],[70.20408,28.66206],[70.17172,28.66119],[70.15996,28.66336],[70.15222,28.66875],[70.11452,28.6689],[70.10728,28.65921],[70.09638,28.64849],[70.08054,28.63578],[70.06933,28.62913],[70.1019,28.61857],[70.12838,28.61402],[70.12899,28.61247],[70.1227,28.60596],[70.11877,28.59895],[70.10473,28.58807],[70.0897,28.5871],[70.08845,28.57897],[70.08361,28.57824],[70.07369,28.56291],[70.06878,28.5521],[70.0572,28.54149],[70.0472,28.5386],[70.04351,28.53906],[70.03887,28.54373],[70.03723,28.55034],[70.03302,28.5537],[70.0097,28.56224],[69.98728,28.55209],[69.98777,28.54837],[69.9852,28.54377],[69.9849,28.53601],[69.98096,28.52669],[69.96785,28.52371],[69.96042,28.50855],[69.96232,28.50013],[69.96626,28.49732],[69.96892,28.4825],[69.96877,28.47019],[69.96621,28.46677],[69.96044,28.46614],[69.95611,28.45315],[69.95158,28.4506],[69.94731,28.44463],[69.93618,28.43515],[69.93135,28.43168],[69.9033,28.42568],[69.88937,28.42732],[69.87345,28.43376],[69.86051,28.44675],[69.82599,28.46416],[69.82588,28.45925],[69.83003,28.45633],[69.83094,28.45365],[69.83894,28.45163],[69.85199,28.44494],[69.85375,28.4357],[69.84716,28.43334],[69.83166,28.43584],[69.8266,28.43292],[69.81072,28.43207],[69.81041,28.42959],[69.80251,28.4216],[69.79815,28.41394],[69.79061,28.40832],[69.78554,28.40721],[69.77728,28.40791],[69.77566,28.40947],[69.77111,28.41667],[69.77095,28.42437],[69.76747,28.43143],[69.75986,28.43339],[69.75664,28.43103],[69.74983,28.41869],[69.75428,28.40484],[69.75077,28.40512],[69.72531,28.42704],[69.70062,28.42762],[69.65526,28.43314],[69.62217,28.43314],[69.59704,28.44785],[69.61665,28.46991],[69.60194,28.47481],[69.54188,28.48033],[69.51124,28.48523],[69.47631,28.48768],[69.4377,28.47665],[69.42421,28.46868],[69.4187,28.45336],[69.39112,28.44785],[69.3617,28.44968],[69.35496,28.46194],[69.33841,28.5122],[69.33228,28.52629],[69.32186,28.53549],[69.3188,28.55203],[69.32615,28.55816],[69.34944,28.57042],[69.37702,28.579],[69.41624,28.59739],[69.4806,28.6979],[69.51798,28.75121],[69.52963,28.77205],[69.53882,28.79289],[69.53392,28.81373],[69.52288,28.83211],[69.50205,28.83824],[69.48121,28.8505],[69.49347,28.89953],[69.54066,28.93201],[69.55537,28.95469],[69.56456,28.9553],[69.57743,28.95898],[69.59091,28.99514],[69.60133,29.00739],[69.61424,29.02762],[69.63079,29.04171],[69.63998,29.05826],[69.65285,29.07113],[69.69759,29.08829],[69.70801,29.09871],[69.70862,29.11036],[69.71536,29.12752],[69.72639,29.14713],[69.74539,29.17287],[69.74907,29.18758],[69.74294,29.198],[69.73865,29.22435],[69.74417,29.24457],[69.76255,29.27889],[69.76448,29.2953],[69.75888,29.30034],[69.74601,29.29789],[69.72639,29.28441],[69.70004,29.25989],[69.68411,29.25806],[69.6792,29.26909],[69.68043,29.28809],[69.67614,29.29851],[69.66327,29.30831],[69.65408,29.30831],[69.6363,29.31199],[69.63691,29.32547],[69.64917,29.33528],[69.66511,29.35244],[69.67001,29.36531],[69.65714,29.38798],[69.63872,29.40392],[69.62952,29.41618],[69.61236,29.42292],[69.6044,29.41924],[69.59459,29.41066],[69.58172,29.40331],[69.56701,29.4076],[69.56395,29.45172],[69.57375,29.47808],[69.59336,29.49585],[69.60072,29.52588],[69.60194,29.56326],[69.60623,29.60004],[69.59888,29.61168],[69.59275,29.62761],[69.6044,29.63558],[69.62278,29.63926],[69.62768,29.6601],[69.64178,29.67848],[69.66203,29.69135],[69.68284,29.69626],[69.70491,29.70913],[69.738,29.72016],[69.75087,29.73854],[69.77171,29.7557],[69.78948,29.76551],[69.79622,29.77777],[69.80358,29.78573],[69.81093,29.80473],[69.83299,29.85131],[69.84587,29.86663],[69.92962,29.93776],[69.94327,29.94086],[69.95084,29.94834],[69.95935,29.94736],[69.96126,29.93946]]]]}},{"type":"Feature","properties":{"name":"Rawalpindi"},"geometry":{"type":"MultiPolygon","coordinates":[[[[72.70926,33.88148],[72.75336,33.86234],[72.76122,33.86061],[72.76288,33.85976],[72.76239,33.85846],[72.76523,33.85779],[72.76383,33.85436],[72.76498,33.8546],[72.76485,33.84887],[72.76844,33.84839],[72.76379,33.84179],[72.76998,33.83608],[72.7719,33.83599],[72.76701,33.83406],[72.76702,33.83241],[72.78243,33.82341],[72.78337,33.82026],[72.78064,33.8206],[72.77497,33.81778],[72.78002,33.81184],[72.7892,33.81106],[72.79553,33.80807],[72.81154,33.80527],[72.81201,33.80831],[72.81479,33.81096],[72.82067,33.81266],[72.82073,33.81371],[72.81688,33.81396],[72.81693,33.81986],[72.81806,33.81973],[72.81529,33.8242],[72.81886,33.82829],[72.83195,33.82604],[72.84235,33.83324],[72.84685,33.83344],[72.84975,33.83164],[72.85025,33.82544],[72.85385,33.82394],[72.87185,33.82594],[72.86995,33.81624],[72.86625,33.80924],[72.85615,33.79784],[72.85235,33.79734],[72.84175,33.80284],[72.82945,33.78974],[72.82655,33.78284],[72.82165,33.77834],[72.83085,33.76294],[72.84145,33.76494],[72.84435,33.76464],[72.84605,33.76234],[72.85205,33.76544],[72.85205,33.76934],[72.85655,33.76984],[72.86215,33.76974],[72.86495,33.76774],[72.86755,33.76204],[72.87075,33.76084],[72.88875,33.76644],[72.88915,33.76294],[72.88625,33.75964],[72.88185,33.75804],[72.88775,33.75204],[72.92385,33.74564],[72.92605,33.73714],[72.92055,33.73444],[72.91565,33.72904],[72.90145,33.72734],[72.89305,33.72064],[72.86705,33.71804],[72.85305,33.71934],[72.84615,33.71524],[72.84155,33.70624],[72.81495,33.70124],[72.91395,33.57294],[72.98595,33.61044],[72.97745,33.62134],[72.96695,33.62704],[72.96935,33.63134],[72.97515,33.62754],[72.98805,33.63384],[73.00135,33.61934],[73.08568,33.66331],[73.1516,33.57514],[73.08321,33.53872],[73.19503,33.485],[73.29895,33.59134],[73.29315,33.59234],[73.29295,33.59544],[73.29575,33.60434],[73.30245,33.61074],[73.30005,33.63004],[73.30145,33.63584],[73.29825,33.64214],[73.29995,33.64614],[73.30395,33.64894],[73.30205,33.65454],[73.30745,33.65624],[73.32105,33.66574],[73.32475,33.66634],[73.33715,33.66384],[73.34765,33.66414],[73.35195,33.66144],[73.35405,33.66234],[73.35685,33.66444],[73.35815,33.67124],[73.36115,33.67444],[73.38345,33.69124],[73.3806,33.69632],[73.38225,33.69825],[73.40776,33.72228],[73.40705,33.70924],[73.42726,33.70971],[73.428,33.71574],[73.4263,33.71979],[73.42862,33.72455],[73.4276,33.72833],[73.43106,33.74104],[73.43923,33.73928],[73.45514,33.71651],[73.45638,33.70979],[73.47564,33.71018],[73.47477,33.72069],[73.4761,33.72321],[73.48198,33.71011],[73.49156,33.71059],[73.53077,33.72844],[73.54937,33.72952],[73.56496,33.7402],[73.58576,33.73996],[73.59128,33.73726],[73.59958,33.73858],[73.60057,33.73364],[73.60572,33.72556],[73.6046,33.71348],[73.6011,33.70913],[73.60001,33.70258],[73.59037,33.69111],[73.58382,33.68853],[73.5762,33.67854],[73.57148,33.67546],[73.56623,33.6654],[73.57006,33.6536],[73.57665,33.64304],[73.57741,33.63845],[73.56765,33.62187],[73.56645,33.61699],[73.57683,33.61482],[73.58426,33.61598],[73.59235,33.60787],[73.59728,33.59919],[73.60198,33.59968],[73.60812,33.60332],[73.60955,33.59798],[73.60406,33.59139],[73.60406,33.58862],[73.60661,33.58519],[73.61279,33.58445],[73.61913,33.58017],[73.62799,33.56956],[73.62434,33.56391],[73.62515,33.55103],[73.62251,33.54677],[73.62189,33.54097],[73.6264,33.53542],[73.63728,33.53381],[73.63883,33.52595],[73.62999,33.52651],[73.62558,33.52145],[73.62125,33.52033],[73.61862,33.51576],[73.61319,33.5166],[73.61065,33.51514],[73.60988,33.5097],[73.6164,33.49826],[73.61211,33.49964],[73.60863,33.50324],[73.60416,33.50236],[73.60188,33.49828],[73.60152,33.49398],[73.60384,33.49168],[73.60235,33.48659],[73.6102,33.48077],[73.60819,33.47341],[73.60893,33.47121],[73.61229,33.47047],[73.61455,33.47169],[73.61561,33.47648],[73.61888,33.47663],[73.6178,33.46385],[73.62952,33.46142],[73.6312,33.45869],[73.63053,33.45105],[73.628,33.44905],[73.62091,33.45202],[73.61794,33.45109],[73.60727,33.44196],[73.59958,33.44211],[73.59406,33.44026],[73.59386,33.4303],[73.59253,33.42885],[73.58797,33.42928],[73.58568,33.42585],[73.58781,33.42188],[73.59067,33.42066],[73.59733,33.42252],[73.59703,33.41906],[73.59017,33.4166],[73.58757,33.41012],[73.58239,33.40941],[73.57856,33.40447],[73.57862,33.40077],[73.57163,33.39354],[73.56793,33.38466],[73.56968,33.37782],[73.56498,33.37383],[73.56358,33.36833],[73.56905,33.35269],[73.57471,33.35104],[73.56846,33.34223],[73.56881,33.33636],[73.57297,33.33233],[73.57514,33.32477],[73.58619,33.32083],[73.59003,33.30297],[73.59505,33.28901],[73.60199,33.27701],[73.60192,33.2703],[73.6053,33.26944],[73.60712,33.26663],[73.60824,33.26321],[73.60669,33.24947],[73.61007,33.24403],[73.60912,33.24182],[73.59988,33.2363],[73.59715,33.23114],[73.58125,33.23501],[73.57045,33.23272],[73.56374,33.22748],[73.55916,33.22066],[73.55543,33.22074],[73.55196,33.21391],[73.54624,33.20887],[73.54284,33.2131],[73.54324,33.21759],[73.54046,33.22231],[73.53333,33.22414],[73.52942,33.229],[73.52689,33.2293],[73.50437,33.22176],[73.49669,33.22259],[73.49535,33.22496],[73.48411,33.22459],[73.4781,33.22285],[73.47501,33.21889],[73.47029,33.21883],[73.46882,33.21721],[73.46263,33.2179],[73.46267,33.21961],[73.45839,33.22368],[73.46551,33.22383],[73.46708,33.22626],[73.46621,33.22721],[73.47131,33.22798],[73.4663,33.23465],[73.46835,33.23628],[73.46368,33.24463],[73.45867,33.24769],[73.45606,33.24779],[73.45448,33.24611],[73.45137,33.24776],[73.44295,33.24018],[73.44767,33.2379],[73.4463,33.23548],[73.44129,33.2349],[73.43441,33.23832],[73.42853,33.23418],[73.42653,33.23072],[73.41726,33.23482],[73.40788,33.23446],[73.40561,33.23343],[73.40618,33.23177],[73.41523,33.21781],[73.40651,33.21705],[73.40592,33.21485],[73.40815,33.21364],[73.40518,33.21116],[73.40958,33.20829],[73.41368,33.21103],[73.41601,33.21059],[73.41611,33.20558],[73.41306,33.20285],[73.4172,33.19813],[73.41398,33.19578],[73.41139,33.19663],[73.40289,33.19339],[73.40031,33.18979],[73.39312,33.19429],[73.38631,33.19377],[73.36343,33.188],[73.36193,33.18589],[73.36814,33.17899],[73.36258,33.17513],[73.36266,33.17179],[73.3612,33.17073],[73.36426,33.1661],[73.36409,33.15934],[73.36679,33.15545],[73.37309,33.15168],[73.37502,33.15327],[73.37938,33.15164],[73.38251,33.14755],[73.38295,33.14432],[73.3902,33.13895],[73.38601,33.13359],[73.38838,33.13343],[73.3887,33.1315],[73.3797,33.12521],[73.37869,33.11821],[73.37138,33.11231],[73.3731,33.10829],[73.36823,33.10505],[73.37059,33.10062],[73.36157,33.09725],[73.35956,33.10078],[73.35468,33.10016],[73.35451,33.10373],[73.34938,33.1032],[73.34424,33.11025],[73.33482,33.11005],[73.32516,33.10435],[73.31608,33.10553],[73.29054,33.09935],[73.27094,33.09702],[73.25962,33.09244],[73.21856,33.08383],[73.19413,33.07015],[73.19344,33.0747],[73.19604,33.08023],[73.21026,33.09275],[73.20582,33.0979],[73.20339,33.09792],[73.1986,33.09439],[73.19281,33.09817],[73.18391,33.09862],[73.16699,33.09588],[73.14527,33.0949],[73.14023,33.09179],[73.13689,33.09242],[73.13388,33.09633],[73.1313,33.09434],[73.12651,33.07657],[73.12371,33.07468],[73.11676,33.07412],[73.11261,33.07589],[73.10344,33.08542],[73.10413,33.10477],[73.10101,33.10638],[73.08541,33.1051],[73.08439,33.09777],[73.06841,33.07805],[73.04307,33.06605],[73.02919,33.06488],[73.02587,33.06645],[73.02419,33.07029],[73.02588,33.08694],[73.02203,33.09219],[73.01837,33.09393],[73.01823,33.09742],[73.0222,33.10021],[73.01488,33.10527],[73.00902,33.10838],[72.9994,33.10359],[72.98716,33.11159],[72.98335,33.11214],[72.97636,33.10785],[72.96112,33.11552],[72.9577,33.1147],[72.95419,33.11149],[72.9524,33.11234],[72.95235,33.11454],[72.94936,33.11479],[72.94603,33.11947],[72.94607,33.12247],[72.94158,33.12793],[72.93574,33.13123],[72.93015,33.13981],[72.93394,33.14283],[72.93394,33.14515],[72.92806,33.16576],[72.9254,33.16939],[72.89765,33.16704],[72.8843,33.1606],[72.88142,33.16467],[72.87918,33.16371],[72.87703,33.16824],[72.86781,33.16486],[72.86394,33.1648],[72.86277,33.16634],[72.85493,33.16014],[72.84872,33.1602],[72.84742,33.16336],[72.83271,33.16576],[72.82816,33.16464],[72.82918,33.16051],[72.82767,33.15681],[72.82081,33.15933],[72.81201,33.1589],[72.80963,33.16436],[72.79912,33.16704],[72.78631,33.17747],[72.77343,33.18278],[72.76791,33.1894],[72.75948,33.18863],[72.75599,33.18632],[72.75508,33.18873],[72.74725,33.18884],[72.73912,33.19234],[72.72305,33.19303],[72.72273,33.1992],[72.72053,33.20258],[72.71007,33.21269],[72.69778,33.20665],[72.68812,33.20773],[72.68372,33.21079],[72.68157,33.20794],[72.67648,33.20563],[72.66934,33.20682],[72.66203,33.2125],[72.65636,33.20912],[72.65211,33.20184],[72.64758,33.20122],[72.63835,33.19554],[72.63135,33.19424],[72.62985,33.21104],[72.63945,33.22334],[72.64135,33.23434],[72.64565,33.24594],[72.65995,33.26484],[72.66265,33.27424],[72.67315,33.27764],[72.67965,33.27464],[72.68845,33.27654],[72.68865,33.28504],[72.67945,33.29494],[72.67875,33.30344],[72.67985,33.30614],[72.68765,33.31294],[72.69595,33.33204],[72.70565,33.34134],[72.70555,33.34764],[72.70725,33.35024],[72.71795,33.36044],[72.71765,33.36414],[72.72365,33.37714],[72.73175,33.38474],[72.75035,33.39214],[72.75655,33.40494],[72.76325,33.39714],[72.76785,33.39714],[72.77255,33.39934],[72.76915,33.41364],[72.76975,33.41954],[72.77415,33.42824],[72.77265,33.44004],[72.77675,33.44744],[72.79545,33.45284],[72.79955,33.45594],[72.80905,33.45864],[72.81705,33.46324],[72.82405,33.46434],[72.83325,33.46324],[72.86745,33.47594],[72.88375,33.47304],[72.89985,33.47644],[72.91762,33.48464],[72.91581,33.48704],[72.91659,33.49049],[72.91525,33.49229],[72.9138,33.49158],[72.90974,33.49353],[72.9098,33.49881],[72.90718,33.50547],[72.90904,33.50966],[72.90505,33.51324],[72.90245,33.51854],[72.89395,33.52084],[72.88285,33.52724],[72.87865,33.52674],[72.87665,33.52824],[72.86355,33.52964],[72.85365,33.53364],[72.85645,33.53874],[72.85515,33.54754],[72.84475,33.55984],[72.83995,33.56054],[72.83575,33.56334],[72.82425,33.56364],[72.81635,33.56854],[72.82095,33.57754],[72.82115,33.58084],[72.81805,33.58674],[72.82185,33.59304],[72.82255,33.60024],[72.81475,33.60674],[72.80855,33.60744],[72.80995,33.61254],[72.79905,33.62094],[72.79855,33.62414],[72.80515,33.62974],[72.81195,33.63224],[72.81405,33.63504],[72.80995,33.63774],[72.81165,33.64084],[72.81025,33.64244],[72.79955,33.63774],[72.75675,33.63754],[72.74835,33.63574],[72.74315,33.63714],[72.74535,33.64794],[72.74395,33.65574],[72.74555,33.66614],[72.73905,33.67784],[72.73225,33.67954],[72.73105,33.69014],[72.74935,33.69264],[72.75355,33.69724],[72.75465,33.70154],[72.75045,33.71594],[72.74805,33.71884],[72.74315,33.71964],[72.73565,33.71324],[72.73165,33.71304],[72.73235,33.71634],[72.72895,33.74154],[72.72625,33.74544],[72.71795,33.74904],[72.71925,33.73784],[72.71595,33.73594],[72.71157,33.73646],[72.71218,33.74452],[72.70396,33.7452],[72.70191,33.74726],[72.70248,33.76132],[72.70448,33.76659],[72.70819,33.76825],[72.70833,33.77266],[72.70748,33.77463],[72.70309,33.77455],[72.70345,33.77814],[72.69675,33.78354],[72.69547,33.79088],[72.69379,33.7907],[72.68908,33.80197],[72.68924,33.8067],[72.7048,33.81593],[72.71737,33.81959],[72.72552,33.81945],[72.73789,33.82409],[72.73608,33.82666],[72.72507,33.83341],[72.70449,33.85761],[72.69465,33.87219],[72.70926,33.88148]]]]}},{"type":"Feature","properties":{"name":"Sahiwal"},"geometry":{"type":"MultiPolygon","coordinates":[[[[73.21792,30.93554],[73.22396,30.93209],[73.22408,30.91706],[73.22561,30.91491],[73.23044,30.91415],[73.23255,30.91219],[73.2324,30.90284],[73.23577,30.90219],[73.23178,30.8936],[73.23684,30.88519],[73.23798,30.88008],[73.24295,30.884],[73.24536,30.88415],[73.23737,30.87465],[73.25275,30.87525],[73.25471,30.87917],[73.25441,30.8846],[73.26376,30.88325],[73.2636,30.87582],[73.25848,30.8745],[73.25908,30.87043],[73.24454,30.8595],[73.2461,30.85646],[73.24864,30.85549],[73.26647,30.86199],[73.26918,30.85912],[73.26787,30.84848],[73.26444,30.84829],[73.26444,30.84563],[73.25682,30.84372],[73.25435,30.8462],[73.25054,30.84582],[73.24217,30.84258],[73.23722,30.84334],[73.23531,30.84144],[73.23779,30.83249],[73.24562,30.82788],[73.25568,30.82773],[73.25548,30.82415],[73.25795,30.82103],[73.25657,30.81927],[73.24274,30.81765],[73.24141,30.81155],[73.25549,30.79442],[73.25568,30.78852],[73.25778,30.78624],[73.27564,30.78573],[73.289,30.79613],[73.30099,30.79709],[73.3067,30.79138],[73.31336,30.79119],[73.31507,30.78852],[73.32821,30.78814],[73.32897,30.78262],[73.33221,30.77957],[73.33164,30.76168],[73.32859,30.75825],[73.32878,30.75292],[73.33811,30.75445],[73.33925,30.74493],[73.33525,30.74303],[73.33601,30.73693],[73.33297,30.73617],[73.33202,30.73351],[73.31507,30.73065],[73.30841,30.72361],[73.30479,30.72323],[73.30118,30.71523],[73.30137,30.71181],[73.31127,30.68877],[73.30917,30.68497],[73.31127,30.68135],[73.32059,30.6745],[73.32288,30.66993],[73.32973,30.66403],[73.33164,30.6566],[73.33563,30.65432],[73.33392,30.64785],[73.33887,30.64442],[73.33563,30.63338],[73.33202,30.62862],[73.32497,30.62729],[73.31488,30.61967],[73.31393,30.60959],[73.31907,30.60445],[73.3324,30.60426],[73.33487,30.59912],[73.33449,30.59493],[73.32745,30.58579],[73.306,30.58635],[73.30053,30.58278],[73.29506,30.57088],[73.28911,30.57017],[73.28506,30.56708],[73.2763,30.56738],[73.26741,30.56313],[73.26262,30.56384],[73.25819,30.5623],[73.2589,30.55944],[73.25566,30.55394],[73.25733,30.55132],[73.25468,30.546],[73.25572,30.54049],[73.25334,30.53895],[73.24939,30.53975],[73.24073,30.54632],[73.24059,30.54818],[73.24444,30.55025],[73.24501,30.55396],[73.23814,30.5594],[73.23475,30.56076],[73.22751,30.55266],[73.22397,30.55401],[73.21025,30.55382],[73.20833,30.55122],[73.2064,30.55122],[73.1961,30.56212],[73.18901,30.55931],[73.19024,30.55532],[73.19595,30.55118],[73.19562,30.54827],[73.19367,30.5467],[73.19101,30.54708],[73.19067,30.55094],[73.18415,30.55003],[73.17973,30.55494],[73.17549,30.55427],[73.17226,30.55141],[73.17235,30.5478],[73.18173,30.54485],[73.18268,30.54237],[73.18087,30.54047],[73.17254,30.53918],[73.17121,30.54009],[73.17135,30.5439],[73.16897,30.54513],[73.15826,30.53885],[73.15436,30.53895],[73.14832,30.54271],[73.1427,30.54242],[73.14013,30.53799],[73.14351,30.53828],[73.14884,30.53509],[73.14975,30.53195],[73.14832,30.52386],[73.15784,30.5212],[73.16107,30.52576],[73.16464,30.52619],[73.16797,30.52362],[73.16869,30.52072],[73.16126,30.51406],[73.15655,30.5151],[73.1407,30.51163],[73.13856,30.50759],[73.13138,30.50359],[73.12243,30.49464],[73.12172,30.49183],[73.12481,30.48945],[73.12324,30.48565],[73.11477,30.48403],[73.10896,30.49002],[73.09897,30.48374],[73.09992,30.48132],[73.10263,30.48113],[73.11267,30.48417],[73.1141,30.48032],[73.10896,30.47708],[73.10358,30.47632],[73.09511,30.47998],[73.07808,30.47028],[73.06071,30.47013],[73.0588,30.46804],[73.05928,30.46604],[73.07179,30.46361],[73.07836,30.46433],[73.08184,30.46204],[73.08222,30.45971],[73.07546,30.45857],[73.07779,30.45005],[73.07427,30.44729],[73.07156,30.44724],[73.06732,30.45062],[73.06689,30.45448],[73.05823,30.45429],[73.05638,30.45781],[73.05966,30.46142],[73.05861,30.46299],[73.051,30.46019],[73.04957,30.45838],[73.04967,30.45329],[73.04786,30.45324],[73.04795,30.44733],[73.0551,30.44792],[73.05768,30.44584],[73.05366,30.44267],[73.05062,30.43643],[73.05138,30.43093],[73.05509,30.4283],[73.04334,30.41899],[73.0398,30.42076],[73.0367,30.41996],[73.03908,30.41456],[73.03868,30.4118],[73.03638,30.4102],[73.03398,30.41176],[73.03436,30.4145],[73.02577,30.41536],[73.01866,30.42606],[73.01143,30.42842],[73.00968,30.42592],[73.01093,30.42018],[73.01541,30.4119],[73.01359,30.41015],[73.00477,30.41183],[72.99063,30.41933],[72.98837,30.41754],[72.98973,30.4157],[72.98914,30.41082],[72.99402,30.40481],[72.9933,30.40184],[72.98944,30.40172],[72.98735,30.40392],[72.97885,30.40338],[72.97671,30.40564],[72.97409,30.41403],[72.97923,30.41557],[72.98014,30.41774],[72.96946,30.41888],[72.96483,30.42156],[72.95992,30.4263],[72.95844,30.43173],[72.94388,30.44372],[72.93994,30.44886],[72.93068,30.44241],[72.93274,30.43607],[72.93628,30.43493],[72.94068,30.43658],[72.94679,30.4335],[72.93999,30.4311],[72.93805,30.42773],[72.93154,30.42625],[72.92577,30.42259],[72.92526,30.41968],[72.92943,30.41568],[72.92851,30.41408],[72.92383,30.41237],[72.91966,30.41403],[72.92269,30.41968],[72.92018,30.42208],[72.92246,30.43087],[72.922,30.43327],[72.92023,30.43379],[72.90636,30.42796],[72.9099,30.42345],[72.90984,30.42511],[72.91504,30.42682],[72.91241,30.417],[72.9103,30.41688],[72.90796,30.42037],[72.90093,30.41797],[72.89882,30.41488],[72.89556,30.41642],[72.88888,30.4142],[72.88922,30.41859],[72.88694,30.42014],[72.87787,30.41695],[72.88251,30.40476],[72.88209,30.4025],[72.87924,30.40029],[72.87026,30.40214],[72.87014,30.40749],[72.86318,30.40815],[72.86562,30.40601],[72.86508,30.40244],[72.86895,30.39911],[72.88215,30.39554],[72.88209,30.39119],[72.87971,30.3881],[72.87579,30.38762],[72.87359,30.38899],[72.87549,30.39482],[72.86776,30.39238],[72.86585,30.3887],[72.86318,30.38727],[72.86068,30.38977],[72.86133,30.3925],[72.85646,30.39589],[72.85306,30.39304],[72.8467,30.39238],[72.84069,30.4016],[72.83843,30.4022],[72.83343,30.39893],[72.82771,30.39128],[72.81927,30.39568],[72.81397,30.3955],[72.81147,30.39425],[72.8107,30.39133],[72.81391,30.38735],[72.81802,30.38711],[72.81992,30.37634],[72.82313,30.37504],[72.82587,30.37789],[72.82986,30.37801],[72.832,30.37432],[72.83158,30.36814],[72.82078,30.36526],[72.8115,30.36487],[72.80952,30.3609],[72.80449,30.36439],[72.79898,30.36442],[72.78922,30.35799],[72.79021,30.35353],[72.79357,30.35102],[72.79499,30.35236],[72.79369,30.35807],[72.79602,30.35864],[72.79953,30.3553],[72.79998,30.34567],[72.79478,30.34141],[72.78704,30.34325],[72.78425,30.34159],[72.78718,30.33698],[72.78703,30.33143],[72.78482,30.32841],[72.7783,30.32788],[72.77728,30.33336],[72.77333,30.33466],[72.76791,30.33129],[72.77014,30.32377],[72.76669,30.32118],[72.76176,30.32044],[72.75133,30.32215],[72.73995,30.32066],[72.73378,30.32288],[72.72561,30.33414],[72.71901,30.33384],[72.70904,30.32484],[72.71329,30.3134],[72.71167,30.30627],[72.70849,30.30108],[72.69901,30.29202],[72.69569,30.29274],[72.68457,30.30054],[72.68237,30.30951],[72.68393,30.31622],[72.68005,30.31729],[72.67799,30.32041],[72.67319,30.32265],[72.66886,30.32252],[72.66561,30.32043],[72.666,30.31232],[72.66198,30.30533],[72.65834,30.30503],[72.64796,30.31045],[72.64404,30.30757],[72.64846,30.30413],[72.64864,30.30229],[72.64209,30.29704],[72.63648,30.2989],[72.63591,30.29704],[72.64038,30.29104],[72.63252,30.2863],[72.63251,30.28392],[72.63564,30.28254],[72.63604,30.28072],[72.62876,30.28265],[72.62665,30.27892],[72.62341,30.2819],[72.62107,30.28204],[72.61997,30.27641],[72.62515,30.27245],[72.62021,30.26663],[72.62574,30.26804],[72.62636,30.26215],[72.61703,30.25869],[72.61612,30.25641],[72.62108,30.25614],[72.62185,30.25276],[72.61961,30.2514],[72.60967,30.25319],[72.6031,30.25218],[72.60507,30.25018],[72.59878,30.24333],[72.60192,30.23861],[72.60101,30.23639],[72.59168,30.24117],[72.58701,30.24126],[72.58495,30.23842],[72.58932,30.23372],[72.58976,30.22991],[72.58849,30.22846],[72.5826,30.22781],[72.58125,30.22958],[72.58221,30.23783],[72.58047,30.23893],[72.57744,30.23643],[72.57612,30.237],[72.57101,30.24359],[72.57285,30.24684],[72.57697,30.24442],[72.57361,30.25241],[72.57212,30.26252],[72.56532,30.26246],[72.56114,30.26494],[72.5554,30.2655],[72.55211,30.26036],[72.54952,30.25948],[72.54302,30.26359],[72.54429,30.26797],[72.5433,30.26885],[72.54186,30.26861],[72.54091,30.26558],[72.53481,30.26493],[72.5352,30.25772],[72.52948,30.26095],[72.51932,30.26064],[72.5173,30.25863],[72.5198,30.24406],[72.51355,30.23326],[72.51461,30.2296],[72.50789,30.22856],[72.50843,30.22636],[72.51795,30.22458],[72.51835,30.22261],[72.5165,30.21942],[72.51112,30.21609],[72.51089,30.21328],[72.50411,30.20946],[72.50004,30.21027],[72.49851,30.20833],[72.49815,30.19324],[72.50107,30.18649],[72.49948,30.18384],[72.49047,30.18187],[72.48158,30.18564],[72.47177,30.17197],[72.4664,30.17234],[72.45318,30.17901],[72.4523,30.1815],[72.4577,30.18494],[72.45467,30.19061],[72.44979,30.18801],[72.44441,30.18922],[72.43908,30.18816],[72.41372,30.19649],[72.40974,30.19641],[72.40388,30.19988],[72.40448,30.20824],[72.40942,30.21395],[72.41294,30.21569],[72.41482,30.22276],[72.40736,30.22954],[72.39934,30.22905],[72.39773,30.24071],[72.40065,30.24884],[72.40245,30.26259],[72.40208,30.27897],[72.3938,30.2876],[72.39394,30.29627],[72.40278,30.30602],[72.40312,30.32361],[72.41469,30.33017],[72.41969,30.33525],[72.4228,30.34246],[72.42432,30.35165],[72.43885,30.37511],[72.43811,30.38898],[72.44047,30.40947],[72.43743,30.42346],[72.43929,30.44266],[72.45122,30.45899],[72.46881,30.47707],[72.48308,30.50096],[72.48158,30.51415],[72.47878,30.51816],[72.47958,30.52561],[72.4769,30.53518],[72.47728,30.53903],[72.47947,30.54153],[72.49302,30.54461],[72.50106,30.54959],[72.50107,30.55401],[72.49454,30.56275],[72.49721,30.57809],[72.47979,30.58063],[72.48765,30.5824],[72.49699,30.59032],[72.49913,30.59311],[72.49902,30.59562],[72.50504,30.60247],[72.5169,30.59882],[72.51963,30.60524],[72.52566,30.60622],[72.52711,30.6051],[72.52304,30.60324],[72.52254,30.60153],[72.52461,30.59789],[72.53011,30.59803],[72.53659,30.60369],[72.53463,30.60702],[72.53704,30.61157],[72.54138,30.61618],[72.54727,30.61743],[72.5531,30.60767],[72.56083,30.60535],[72.56229,30.60339],[72.55991,30.59408],[72.56479,30.59473],[72.57065,30.59792],[72.57511,30.5958],[72.58177,30.58739],[72.57686,30.58429],[72.56511,30.58956],[72.55806,30.58881],[72.55857,30.58379],[72.56395,30.57971],[72.56282,30.57677],[72.56573,30.57454],[72.57554,30.57552],[72.5751,30.57698],[72.58714,30.57665],[72.59851,30.57423],[72.60848,30.57655],[72.61646,30.57272],[72.62375,30.57797],[72.62881,30.58852],[72.63214,30.58696],[72.63478,30.58117],[72.6319,30.5782],[72.63152,30.57482],[72.63571,30.5727],[72.64255,30.57521],[72.64259,30.5729],[72.6487,30.57301],[72.64953,30.57867],[72.65743,30.58174],[72.6876,30.57543],[72.69348,30.58239],[72.70125,30.58468],[72.70553,30.57914],[72.71421,30.58681],[72.71306,30.59033],[72.70986,30.59044],[72.70956,30.59386],[72.70543,30.59473],[72.70541,30.59602],[72.73364,30.59605],[72.73193,30.60019],[72.73718,30.6111],[72.73334,30.61793],[72.74146,30.62241],[72.74085,30.62369],[72.74575,30.62849],[72.75041,30.63116],[72.75308,30.63097],[72.75779,30.63891],[72.75331,30.6432],[72.74056,30.63563],[72.73918,30.63758],[72.74246,30.64629],[72.74603,30.64957],[72.75846,30.65129],[72.76182,30.65825],[72.76124,30.66072],[72.75639,30.65971],[72.75148,30.65341],[72.7337,30.65513],[72.73129,30.66188],[72.73387,30.66284],[72.7315,30.66473],[72.73043,30.66225],[72.72549,30.66128],[72.72374,30.66428],[72.72912,30.66804],[72.72882,30.67595],[72.73322,30.67955],[72.74958,30.67693],[72.75217,30.66997],[72.75624,30.67057],[72.75526,30.67449],[72.75826,30.67652],[72.75574,30.6827],[72.74699,30.68844],[72.74892,30.6894],[72.75424,30.70001],[72.7579,30.69668],[72.7692,30.69933],[72.76768,30.70201],[72.76167,30.70097],[72.76539,30.70406],[72.76417,30.70828],[72.76953,30.71072],[72.77092,30.70662],[72.77598,30.70778],[72.77423,30.71278],[72.78243,30.71413],[72.78336,30.70882],[72.78325,30.71228],[72.78662,30.71083],[72.7869,30.70357],[72.78859,30.70759],[72.79244,30.70722],[72.79263,30.70509],[72.7964,30.70582],[72.79691,30.70764],[72.80086,30.70942],[72.8,30.7118],[72.80678,30.71019],[72.8165,30.70362],[72.81923,30.70628],[72.81197,30.71207],[72.81139,30.71565],[72.82046,30.71658],[72.82057,30.72023],[72.82323,30.72064],[72.82392,30.71644],[72.82207,30.71388],[72.82888,30.712],[72.83545,30.71445],[72.8423,30.71321],[72.84158,30.71024],[72.85889,30.70712],[72.85714,30.70037],[72.85369,30.69768],[72.85422,30.69415],[72.85628,30.69211],[72.87629,30.69176],[72.87832,30.70039],[72.87661,30.71617],[72.88604,30.71414],[72.89302,30.7147],[72.89586,30.71869],[72.89645,30.72364],[72.89473,30.72586],[72.89789,30.72799],[72.89875,30.73126],[72.90385,30.73382],[72.89818,30.73748],[72.8861,30.74057],[72.88645,30.74548],[72.88959,30.74839],[72.89726,30.7441],[72.89864,30.74699],[72.90609,30.74528],[72.90901,30.75528],[72.90742,30.75869],[72.92732,30.75983],[72.92896,30.76462],[72.93599,30.76749],[72.93272,30.77202],[72.93288,30.77388],[72.93548,30.77552],[72.93907,30.77417],[72.93727,30.76999],[72.94447,30.76715],[72.94777,30.77751],[72.94669,30.78093],[72.95162,30.7827],[72.95633,30.77984],[72.95316,30.76836],[72.95309,30.7632],[72.95477,30.76048],[72.97362,30.7645],[72.97355,30.7687],[72.97141,30.77064],[72.9728,30.7809],[72.97813,30.78899],[72.97474,30.79383],[72.96555,30.79637],[72.96844,30.79886],[72.97444,30.79971],[72.98375,30.79708],[72.98191,30.78885],[72.97895,30.78523],[72.97579,30.76871],[72.9808,30.76874],[72.98014,30.77057],[72.98994,30.77277],[72.99499,30.78019],[72.99837,30.77913],[72.99979,30.77526],[72.99744,30.77134],[73.00243,30.77029],[73.00167,30.77161],[73.00967,30.77706],[73.00936,30.77877],[73.00012,30.78326],[73.00719,30.79438],[73.00311,30.79465],[73.00279,30.79634],[73.0091,30.79934],[73.01104,30.80498],[73.01437,30.80828],[73.02607,30.81319],[73.02943,30.80733],[73.03013,30.81035],[73.03358,30.81116],[73.03652,30.80156],[73.04713,30.80098],[73.06057,30.8058],[73.06241,30.80994],[73.06128,30.81502],[73.06543,30.81583],[73.06681,30.80986],[73.07469,30.81146],[73.07388,30.81455],[73.0781,30.81659],[73.07881,30.81401],[73.08232,30.81366],[73.08668,30.82058],[73.09278,30.82081],[73.09502,30.82321],[73.09752,30.8318],[73.10639,30.82969],[73.10813,30.83187],[73.10728,30.83628],[73.10327,30.84032],[73.10361,30.84825],[73.10075,30.85182],[73.09419,30.85527],[73.09293,30.83855],[73.08937,30.83984],[73.09335,30.86263],[73.09862,30.86734],[73.09873,30.86599],[73.10133,30.86637],[73.10232,30.86338],[73.12274,30.86597],[73.12734,30.84391],[73.1317,30.84494],[73.13543,30.84005],[73.14365,30.84114],[73.14301,30.84237],[73.14748,30.84776],[73.14592,30.85709],[73.1422,30.85863],[73.15381,30.86011],[73.15664,30.86325],[73.1561,30.86505],[73.15121,30.86516],[73.14181,30.8616],[73.14029,30.8724],[73.15171,30.87344],[73.15358,30.87668],[73.14644,30.88114],[73.13486,30.88074],[73.13197,30.88737],[73.13233,30.89121],[73.13459,30.89585],[73.13985,30.89865],[73.14562,30.89832],[73.15076,30.89347],[73.16261,30.89668],[73.15877,30.90993],[73.15565,30.91162],[73.15179,30.91032],[73.14809,30.91405],[73.15784,30.92112],[73.16125,30.92095],[73.16966,30.91466],[73.17101,30.90276],[73.17733,30.901],[73.1806,30.9065],[73.18372,30.90786],[73.18963,30.90412],[73.19271,30.90557],[73.19918,30.92456],[73.20536,30.92459],[73.21362,30.92811],[73.21288,30.93026],[73.21462,30.93126],[73.21253,30.9345],[73.21755,30.93772],[73.21792,30.93554]]]]}},{"type":"Feature","properties":{"name":"Sargodha"},"geometry":{"type":"MultiPolygon","coordinates":[[[[73.19898,32.59013],[73.19469,32.56505],[73.19992,32.53878],[73.2042,32.53639],[73.20333,32.53081],[73.20232,32.52828],[73.19401,32.52577],[73.19107,32.51884],[73.1834,32.52096],[73.18138,32.51947],[73.17842,32.50953],[73.17201,32.50804],[73.1697,32.50888],[73.1686,32.50654],[73.16075,32.50409],[73.15796,32.50585],[73.15756,32.50352],[73.15002,32.50418],[73.14894,32.503],[73.14863,32.50101],[73.15165,32.49846],[73.17094,32.49412],[73.17126,32.49142],[73.16775,32.48754],[73.16849,32.48224],[73.15459,32.46705],[73.14349,32.46464],[73.14136,32.4621],[73.13477,32.46553],[73.1196,32.46828],[73.11427,32.47086],[73.10781,32.4699],[73.10405,32.47276],[73.09868,32.46755],[73.09444,32.46878],[73.08757,32.46716],[73.07716,32.46939],[73.07432,32.44984],[73.07155,32.44732],[73.06178,32.44612],[73.06,32.44373],[73.0536,32.4466],[73.04732,32.43871],[73.04933,32.42732],[73.04833,32.42174],[73.06122,32.4187],[73.08568,32.40192],[73.07688,32.39228],[73.09556,32.388],[73.08931,32.38121],[73.09303,32.38031],[73.09172,32.37887],[73.09338,32.37781],[73.09257,32.37682],[73.09936,32.37133],[73.10337,32.36208],[73.10027,32.35868],[73.10304,32.35686],[73.10197,32.35564],[73.10471,32.35385],[73.1043,32.35228],[73.10941,32.34903],[73.08506,32.32269],[73.07392,32.32122],[73.07036,32.31356],[73.06499,32.31013],[73.08144,32.30548],[73.0875,32.29429],[73.09408,32.29851],[73.10606,32.29982],[73.11153,32.30382],[73.12479,32.30933],[73.1347,32.31068],[73.13657,32.30824],[73.12966,32.29994],[73.14432,32.27773],[73.15535,32.24876],[73.16482,32.25069],[73.16747,32.25343],[73.16678,32.25517],[73.18123,32.24789],[73.19009,32.24997],[73.19715,32.2565],[73.19541,32.26415],[73.20007,32.26421],[73.20733,32.26812],[73.2074,32.27131],[73.21682,32.27189],[73.21626,32.26401],[73.22837,32.25699],[73.22609,32.25297],[73.22755,32.24735],[73.22364,32.23805],[73.22934,32.23487],[73.23563,32.23504],[73.23637,32.22924],[73.23484,32.22738],[73.24327,32.2149],[73.24115,32.19893],[73.23642,32.18816],[73.23766,32.17959],[73.24225,32.17551],[73.24466,32.17804],[73.26518,32.17601],[73.26732,32.16345],[73.26663,32.15377],[73.27811,32.15008],[73.27698,32.14876],[73.28353,32.14244],[73.28272,32.13963],[73.28435,32.13647],[73.29935,32.12108],[73.29333,32.11827],[73.29373,32.11192],[73.29057,32.10921],[73.28649,32.10601],[73.27447,32.10202],[73.26695,32.09394],[73.25248,32.08717],[73.24584,32.07825],[73.24598,32.06784],[73.24045,32.06814],[73.24066,32.06141],[73.2468,32.0552],[73.25568,32.05428],[73.25222,32.04776],[73.24633,32.04917],[73.2383,32.04487],[73.23599,32.04123],[73.23589,32.03314],[73.22474,32.03185],[73.20807,32.02283],[73.22106,32.01856],[73.22273,32.0043],[73.22057,31.99662],[73.22174,31.99031],[73.21738,31.98189],[73.18569,31.95894],[73.18331,31.95161],[73.17925,31.94613],[73.1797,31.9429],[73.17441,31.94351],[73.17126,31.93789],[73.17777,31.937],[73.17683,31.93505],[73.17861,31.93401],[73.17414,31.92398],[73.16932,31.91747],[73.17,31.91317],[73.1645,31.91214],[73.16194,31.90552],[73.14924,31.90494],[73.1464,31.90856],[73.147,31.92046],[73.14123,31.92489],[73.13205,31.9254],[73.12762,31.92949],[73.1195,31.92993],[73.11426,31.93397],[73.11063,31.93236],[73.10513,31.93311],[73.10166,31.94301],[73.093,31.94051],[73.08889,31.93647],[73.06552,31.93896],[73.05391,31.94754],[73.04703,31.94502],[73.04237,31.94614],[73.04045,31.94283],[73.03965,31.94482],[73.04086,31.94631],[73.03181,31.95185],[73.03088,31.95609],[73.02732,31.95904],[73.02315,31.95977],[73.02284,31.96408],[72.99988,31.97053],[72.99274,31.97517],[72.98863,31.97356],[72.9834,31.96807],[72.96922,31.96696],[72.955,31.97605],[72.9539,31.98564],[72.95136,31.99075],[72.9453,31.99321],[72.94071,31.99064],[72.93761,31.99079],[72.93685,31.98961],[72.93959,31.98779],[72.93742,31.98539],[72.93914,31.98428],[72.93672,31.9813],[72.93979,31.97925],[72.93743,31.97631],[72.93947,31.97277],[72.93594,31.96879],[72.94381,31.9636],[72.93213,31.9508],[72.93097,31.94992],[72.92912,31.95116],[72.92582,31.9391],[72.92305,31.93599],[72.91742,31.93977],[72.91485,31.93695],[72.91211,31.93842],[72.91052,31.93674],[72.90773,31.93856],[72.90555,31.93618],[72.89987,31.93988],[72.89339,31.93266],[72.89619,31.93078],[72.89405,31.92841],[72.89119,31.93024],[72.88475,31.92313],[72.92276,31.89703],[72.93237,31.90407],[72.95583,31.88791],[72.96042,31.89246],[72.96805,31.88877],[72.97722,31.8816],[72.97232,31.88034],[72.97664,31.87794],[72.97465,31.87547],[72.97682,31.87412],[72.97524,31.87237],[72.9735,31.87247],[72.9705,31.86894],[72.96754,31.87106],[72.96073,31.86359],[72.96691,31.85557],[72.96714,31.8538],[72.96454,31.85092],[72.96543,31.85033],[72.96329,31.84872],[72.96167,31.84979],[72.95953,31.84734],[72.95666,31.84923],[72.95108,31.84295],[72.94891,31.8444],[72.94627,31.84193],[72.94531,31.84883],[72.94773,31.85127],[72.94493,31.85307],[72.94766,31.8561],[72.94762,31.85899],[72.94349,31.86181],[72.93563,31.85974],[72.9199,31.85873],[72.90224,31.84984],[72.89607,31.85452],[72.89757,31.86126],[72.89089,31.86559],[72.89276,31.86812],[72.88475,31.8735],[72.88682,31.87587],[72.88208,31.88049],[72.88556,31.88444],[72.88282,31.88618],[72.88056,31.88377],[72.87775,31.88552],[72.87336,31.88094],[72.87042,31.88265],[72.86625,31.87797],[72.86337,31.87969],[72.85914,31.87504],[72.85629,31.87679],[72.84126,31.86006],[72.84402,31.85822],[72.83585,31.84923],[72.83861,31.8473],[72.83605,31.84433],[72.83948,31.84206],[72.82546,31.83465],[72.82771,31.84227],[72.80641,31.85612],[72.80431,31.85373],[72.80147,31.85556],[72.79721,31.85076],[72.79436,31.85263],[72.79226,31.85023],[72.78935,31.85211],[72.78512,31.84724],[72.78226,31.84913],[72.78017,31.84679],[72.77733,31.84855],[72.77515,31.84627],[72.77234,31.84799],[72.77094,31.84644],[72.76873,31.84741],[72.76317,31.84244],[72.76007,31.84452],[72.75236,31.8358],[72.75009,31.83725],[72.7449,31.83146],[72.74154,31.83367],[72.73512,31.82639],[72.73221,31.82822],[72.72846,31.82403],[72.72505,31.82325],[72.72057,31.81849],[72.72084,31.81293],[72.70803,31.8239],[72.69467,31.81872],[72.69261,31.82011],[72.68048,31.80414],[72.66168,31.79222],[72.65461,31.79705],[72.64358,31.79722],[72.62605,31.79277],[72.62078,31.79414],[72.61972,31.79196],[72.60769,31.78762],[72.60464,31.79005],[72.60008,31.78719],[72.59476,31.78886],[72.58526,31.78771],[72.57801,31.78242],[72.57641,31.78276],[72.57412,31.77726],[72.56434,31.78156],[72.54723,31.7802],[72.53849,31.76624],[72.53897,31.76145],[72.54249,31.75819],[72.54169,31.75732],[72.54389,31.75428],[72.536,31.74908],[72.53327,31.74442],[72.51518,31.75389],[72.51162,31.74984],[72.50115,31.74388],[72.49983,31.73733],[72.50281,31.73123],[72.50321,31.72284],[72.49521,31.71681],[72.48907,31.7208],[72.48469,31.71601],[72.48371,31.71468],[72.48905,31.71101],[72.48736,31.70864],[72.48985,31.70666],[72.48387,31.69987],[72.47651,31.70239],[72.46586,31.70161],[72.46057,31.69558],[72.4628,31.69099],[72.45855,31.68619],[72.45278,31.6817],[72.44331,31.6787],[72.43187,31.68048],[72.42224,31.67976],[72.41396,31.67589],[72.40786,31.67565],[72.39423,31.67034],[72.38704,31.67421],[72.37666,31.67429],[72.36958,31.67655],[72.34979,31.65755],[72.35866,31.64909],[72.3608,31.64286],[72.34882,31.63512],[72.34288,31.63472],[72.33838,31.63629],[72.32778,31.62439],[72.31906,31.62922],[72.30773,31.61663],[72.30646,31.61279],[72.2912,31.60943],[72.28108,31.60165],[72.27722,31.59647],[72.27105,31.60046],[72.26482,31.59326],[72.26898,31.59041],[72.26501,31.58531],[72.25837,31.5895],[72.25923,31.57123],[72.24859,31.57723],[72.24603,31.5763],[72.2391,31.58099],[72.23632,31.58118],[72.22987,31.57396],[72.22702,31.5758],[72.22275,31.57098],[72.22003,31.57275],[72.22135,31.57947],[72.22262,31.5809],[72.22541,31.57914],[72.22846,31.58244],[72.23017,31.58139],[72.23419,31.58891],[72.22669,31.5944],[72.22729,31.59619],[72.22457,31.598],[72.22634,31.60013],[72.22015,31.60308],[72.22414,31.60657],[72.2236,31.60932],[72.23834,31.62549],[72.23657,31.62656],[72.25367,31.64589],[72.25602,31.64444],[72.26285,31.65124],[72.26748,31.65214],[72.27845,31.65932],[72.2822,31.65789],[72.29803,31.67601],[72.28367,31.68597],[72.28626,31.68943],[72.28172,31.69245],[72.28584,31.69724],[72.2852,31.69841],[72.28902,31.70272],[72.3138,31.68666],[72.32235,31.69626],[72.31565,31.70066],[72.32448,31.71054],[72.32942,31.71101],[72.33613,31.71845],[72.34211,31.72532],[72.34037,31.72648],[72.34247,31.72874],[72.34122,31.72955],[72.34573,31.73431],[72.33578,31.73958],[72.33288,31.74352],[72.3336,31.74783],[72.32133,31.75284],[72.317,31.756],[72.31942,31.75901],[72.31117,31.76286],[72.29156,31.77715],[72.29318,31.77917],[72.26629,31.7836],[72.25699,31.78907],[72.24738,31.79117],[72.241,31.7846],[72.23325,31.77263],[72.22478,31.77246],[72.22375,31.77045],[72.21479,31.77559],[72.2111,31.77326],[72.21336,31.76907],[72.21252,31.76675],[72.19581,31.76977],[72.202,31.77544],[72.20385,31.78226],[72.20239,31.78496],[72.20269,31.79102],[72.21589,31.80757],[72.21472,31.81452],[72.22196,31.81676],[72.22547,31.82059],[72.22487,31.83259],[72.24145,31.83688],[72.23889,31.84279],[72.24192,31.84803],[72.23863,31.85727],[72.2487,31.8776],[72.2559,31.88463],[72.2598,31.88516],[72.25991,31.89032],[72.26355,31.89932],[72.26206,31.90872],[72.25784,31.91396],[72.24713,31.92068],[72.24772,31.91682],[72.22694,31.91967],[72.22798,31.92289],[72.22648,31.9271],[72.2324,31.9321],[72.23182,31.94018],[72.24253,31.94286],[72.24744,31.94732],[72.25071,31.96695],[72.25383,31.9726],[72.26228,31.98104],[72.25301,31.98152],[72.25037,31.98623],[72.2468,31.9994],[72.24704,32.0088],[72.24897,32.01425],[72.25064,32.01619],[72.25409,32.01465],[72.25607,32.01903],[72.26274,32.02385],[72.2669,32.02289],[72.27209,32.02588],[72.27588,32.03491],[72.28247,32.04369],[72.27948,32.0528],[72.28357,32.05576],[72.28576,32.06065],[72.29455,32.06062],[72.2972,32.07626],[72.31152,32.08929],[72.31952,32.09387],[72.32288,32.1037],[72.31848,32.12708],[72.32029,32.1664],[72.31648,32.17676],[72.31414,32.18987],[72.31686,32.19728],[72.32311,32.20375],[72.32658,32.21068],[72.32959,32.22606],[72.33632,32.24641],[72.34453,32.25518],[72.3466,32.26084],[72.34944,32.2612],[72.3486,32.26368],[72.35145,32.26735],[72.34862,32.27053],[72.36848,32.28862],[72.38695,32.30252],[72.39501,32.301],[72.40144,32.30214],[72.40636,32.30624],[72.40967,32.30684],[72.42293,32.32189],[72.43995,32.32948],[72.44689,32.33521],[72.4594,32.33612],[72.46694,32.33853],[72.50568,32.372],[72.51548,32.37788],[72.54066,32.38738],[72.5681,32.40713],[72.56645,32.40994],[72.58689,32.41277],[72.58914,32.41142],[72.59016,32.40764],[72.59948,32.40985],[72.60294,32.41231],[72.60917,32.4115],[72.62131,32.41532],[72.62706,32.42015],[72.62652,32.42795],[72.63017,32.43265],[72.64126,32.43177],[72.64507,32.42869],[72.65883,32.43275],[72.66435,32.43101],[72.66445,32.43225],[72.67572,32.43109],[72.67598,32.42929],[72.67936,32.43077],[72.68219,32.4297],[72.69336,32.43121],[72.7019,32.43037],[72.72551,32.43336],[72.73381,32.43195],[72.74089,32.43759],[72.7571,32.44212],[72.75789,32.45103],[72.77192,32.45131],[72.78531,32.44793],[72.80302,32.4489],[72.80909,32.45295],[72.81118,32.45112],[72.82825,32.45885],[72.83101,32.46257],[72.8381,32.46282],[72.84474,32.46935],[72.85891,32.47705],[72.85643,32.4795],[72.86229,32.48843],[72.87296,32.49619],[72.87581,32.50336],[72.87819,32.50536],[72.88777,32.50802],[72.89653,32.51575],[72.90637,32.51577],[72.91266,32.51775],[72.91387,32.5151],[72.91799,32.51522],[72.92046,32.51817],[72.92489,32.51872],[72.92663,32.52186],[72.9401,32.53182],[72.94628,32.53218],[72.9558,32.53822],[72.97581,32.5389],[72.98506,32.54257],[72.99411,32.5429],[72.99509,32.54809],[72.99346,32.55064],[72.99475,32.55084],[72.99484,32.55379],[72.99938,32.55351],[73.00302,32.55857],[73.00886,32.56185],[73.02373,32.55786],[73.02459,32.55538],[73.02893,32.55283],[73.03377,32.55291],[73.03731,32.55479],[73.03912,32.55322],[73.0411,32.55389],[73.05236,32.55089],[73.07552,32.56003],[73.08867,32.55994],[73.10159,32.56913],[73.10716,32.56923],[73.11414,32.56493],[73.1217,32.56327],[73.13569,32.5709],[73.14055,32.57055],[73.15263,32.57901],[73.1576,32.58054],[73.15767,32.58291],[73.16015,32.57745],[73.16585,32.58144],[73.17092,32.58271],[73.17464,32.58238],[73.17503,32.57998],[73.17862,32.57847],[73.18113,32.57973],[73.1791,32.58188],[73.18003,32.58326],[73.18725,32.58563],[73.1932,32.58348],[73.19568,32.58939],[73.19898,32.59013]]]]}},{"type":"Feature","properties":{"name":"Sheikupura"},"geometry":{"type":"MultiPolygon","coordinates":[[[[74.0155,31.35169],[74.01509,31.35162],[74.01509,31.35178],[74.01508,31.35193],[74.01509,31.35194],[74.0155,31.35196],[74.0155,31.35169]]],[[[74.0138,31.3544],[74.01383,31.35395],[74.01331,31.35463],[74.01305,31.35513],[74.01319,31.35501],[74.01342,31.35481],[74.01365,31.35461],[74.0137,31.35455],[74.0138,31.3544]]],[[[74.02468,31.35423],[74.02188,31.35321],[74.02307,31.35536],[74.02468,31.35423]]],[[[74.58397,32.06112],[74.60158,32.05983],[74.60152,32.05522],[74.60317,32.05461],[74.60343,32.05056],[74.60529,32.04989],[74.60603,32.04716],[74.60354,32.04107],[74.60681,32.0289],[74.61061,32.02537],[74.61789,32.02467],[74.62271,32.01759],[74.62764,32.01586],[74.62847,32.01053],[74.63476,32.00817],[74.636,31.98765],[74.63955,31.98373],[74.64282,31.98451],[74.64901,31.98218],[74.65217,31.97371],[74.65372,31.97287],[74.64997,31.96579],[74.65397,31.96576],[74.66675,31.97171],[74.67084,31.97139],[74.66895,31.96125],[74.66989,31.95766],[74.6838,31.95305],[74.68117,31.95011],[74.68334,31.94438],[74.68156,31.94163],[74.69133,31.92608],[74.67168,31.9258],[74.6608,31.91975],[74.65119,31.91014],[74.65072,31.90676],[74.64647,31.90326],[74.65079,31.9023],[74.63644,31.8849],[74.62918,31.88294],[74.61507,31.89034],[74.60778,31.89065],[74.60742,31.88208],[74.60804,31.8786],[74.60984,31.8782],[74.60885,31.87551],[74.60662,31.87662],[74.60513,31.87165],[74.59586,31.88115],[74.59205,31.87963],[74.59186,31.87383],[74.58712,31.87703],[74.58325,31.87306],[74.58314,31.86931],[74.59349,31.86546],[74.5895,31.85779],[74.58788,31.84761],[74.58093,31.8507],[74.5736,31.8428],[74.56823,31.83447],[74.56891,31.82262],[74.56141,31.82259],[74.56084,31.82406],[74.55855,31.82392],[74.55855,31.82568],[74.55308,31.8263],[74.54975,31.8185],[74.54736,31.81914],[74.54525,31.81704],[74.5466,31.81161],[74.55573,31.8077],[74.55571,31.80439],[74.56047,31.80261],[74.56657,31.79606],[74.55496,31.79113],[74.55458,31.78442],[74.54219,31.78717],[74.54341,31.79424],[74.5417,31.79648],[74.53818,31.79237],[74.53959,31.79134],[74.5381,31.78554],[74.54126,31.78109],[74.54753,31.77937],[74.54706,31.77523],[74.54479,31.77199],[74.54675,31.77173],[74.54693,31.76815],[74.55313,31.76749],[74.56091,31.76327],[74.55885,31.75759],[74.54667,31.75194],[74.54686,31.74934],[74.53015,31.74756],[74.51395,31.74025],[74.5088,31.74213],[74.50403,31.74042],[74.50317,31.72851],[74.49261,31.72445],[74.48785,31.71999],[74.48659,31.70584],[74.4842,31.7011],[74.46822,31.69399],[74.45503,31.68252],[74.44733,31.68448],[74.44481,31.69154],[74.44354,31.69175],[74.43504,31.68454],[74.4383,31.68047],[74.4423,31.67953],[74.44148,31.67493],[74.45368,31.66809],[74.4455,31.65977],[74.43461,31.65788],[74.42814,31.65231],[74.41662,31.64832],[74.41333,31.63825],[74.42086,31.63492],[74.42113,31.63266],[74.41796,31.62996],[74.41428,31.62773],[74.40655,31.62856],[74.40536,31.63919],[74.38518,31.6435],[74.3808,31.6555],[74.37094,31.66132],[74.36515,31.65806],[74.36252,31.65216],[74.35622,31.64958],[74.35219,31.65106],[74.35385,31.65542],[74.3506,31.65625],[74.35218,31.65989],[74.3471,31.66015],[74.34353,31.65638],[74.34777,31.65531],[74.34846,31.65143],[74.34186,31.64659],[74.33914,31.63894],[74.34139,31.633],[74.33295,31.62668],[74.3264,31.63307],[74.32164,31.63175],[74.32352,31.63614],[74.32056,31.64548],[74.3205,31.65474],[74.31672,31.65703],[74.31648,31.66026],[74.30219,31.65931],[74.29363,31.64964],[74.28924,31.64797],[74.28841,31.64567],[74.28861,31.64801],[74.28406,31.64788],[74.28462,31.64548],[74.2817,31.64618],[74.27807,31.62819],[74.27639,31.62619],[74.27231,31.6263],[74.26248,31.61736],[74.26076,31.60374],[74.25034,31.6014],[74.24652,31.6022],[74.24314,31.59741],[74.24303,31.59228],[74.2482,31.59001],[74.27567,31.58969],[74.27886,31.58743],[74.27747,31.58487],[74.26661,31.58341],[74.26274,31.57972],[74.26216,31.57657],[74.27264,31.57286],[74.27163,31.56489],[74.26959,31.56182],[74.26575,31.55956],[74.25611,31.56169],[74.25026,31.55765],[74.24382,31.55555],[74.24239,31.55312],[74.24214,31.54544],[74.23603,31.54502],[74.23055,31.54895],[74.22845,31.54367],[74.22191,31.54368],[74.20768,31.53458],[74.21235,31.53254],[74.20725,31.52667],[74.19998,31.5246],[74.1972,31.52018],[74.19,31.52053],[74.18993,31.51827],[74.19518,31.51485],[74.18976,31.50818],[74.19078,31.49788],[74.18931,31.49434],[74.18702,31.49308],[74.17267,31.49511],[74.17586,31.48271],[74.18544,31.4714],[74.17968,31.47142],[74.17841,31.4693],[74.17022,31.47083],[74.15829,31.46654],[74.15781,31.46457],[74.16218,31.45367],[74.16628,31.45255],[74.16627,31.45018],[74.16762,31.45262],[74.17283,31.45339],[74.17238,31.45875],[74.17656,31.4585],[74.18035,31.4603],[74.18443,31.45563],[74.17139,31.4489],[74.17038,31.44303],[74.16327,31.4428],[74.14722,31.43866],[74.14135,31.42985],[74.14142,31.42693],[74.13913,31.42647],[74.13501,31.42159],[74.13506,31.41473],[74.13308,31.41088],[74.11879,31.40722],[74.11304,31.40788],[74.11267,31.41537],[74.11512,31.4156],[74.11531,31.41892],[74.11796,31.41819],[74.11842,31.41409],[74.12212,31.41281],[74.12324,31.41699],[74.11876,31.41961],[74.11792,31.42742],[74.11946,31.4327],[74.11738,31.43112],[74.11281,31.43177],[74.10996,31.42981],[74.10452,31.4296],[74.10268,31.42337],[74.09574,31.42308],[74.08858,31.42603],[74.07846,31.41984],[74.0774,31.41148],[74.07266,31.40961],[74.05763,31.3961],[74.05673,31.38743],[74.07269,31.38657],[74.07555,31.38345],[74.07095,31.37507],[74.06241,31.36887],[74.06545,31.35916],[74.06182,31.35752],[74.06149,31.35421],[74.05953,31.35603],[74.05007,31.35843],[74.03781,31.34886],[74.02992,31.34826],[74.02477,31.35426],[74.02574,31.3588],[74.02342,31.36379],[74.02583,31.36543],[74.02203,31.36999],[74.0219,31.37699],[74.02362,31.3787],[74.02228,31.38088],[74.02535,31.38168],[74.02359,31.38467],[74.02642,31.38624],[74.02185,31.39492],[74.01955,31.39652],[74.01416,31.39659],[74.01314,31.40139],[74.01768,31.40536],[74.02546,31.40898],[74.02512,31.4171],[74.02674,31.41871],[74.02492,31.42093],[74.02789,31.42441],[74.02149,31.4297],[74.02103,31.43128],[74.02405,31.43135],[74.02407,31.43459],[74.0191,31.43458],[74.01628,31.43683],[74.00526,31.45061],[74.00173,31.45921],[73.99342,31.45746],[73.9801,31.45804],[73.97797,31.46063],[73.96976,31.46097],[73.96537,31.46578],[73.95746,31.46786],[73.95407,31.46658],[73.95236,31.46208],[73.94672,31.46044],[73.94713,31.45685],[73.94417,31.45469],[73.94423,31.45733],[73.94214,31.45771],[73.94223,31.45903],[73.94015,31.45701],[73.93746,31.45718],[73.93595,31.46561],[73.93341,31.46561],[73.93185,31.47041],[73.92953,31.47094],[73.93054,31.47507],[73.94095,31.47507],[73.94083,31.47971],[73.9344,31.48667],[73.93863,31.48762],[73.93857,31.48959],[73.94059,31.48971],[73.94214,31.49833],[73.94505,31.49732],[73.95088,31.49833],[73.9554,31.50267],[73.95528,31.50476],[73.96218,31.50731],[73.96367,31.50987],[73.95558,31.5298],[73.9469,31.53492],[73.94059,31.53664],[73.9391,31.54491],[73.94244,31.55205],[73.94214,31.55615],[73.93852,31.56508],[73.93684,31.5671],[73.92405,31.56674],[73.92066,31.56817],[73.92549,31.57478],[73.92532,31.57843],[73.92332,31.57957],[73.92423,31.58431],[73.93068,31.58449],[73.93051,31.58928],[73.9121,31.58442],[73.9103,31.58601],[73.90396,31.58443],[73.90506,31.57458],[73.90231,31.56704],[73.8891,31.55983],[73.8795,31.55906],[73.87675,31.56348],[73.86769,31.56467],[73.85513,31.56296],[73.84497,31.5589],[73.84178,31.56368],[73.8398,31.56342],[73.83161,31.55935],[73.82566,31.55833],[73.80715,31.56435],[73.79498,31.5707],[73.78906,31.57632],[73.78691,31.57496],[73.78291,31.57996],[73.77006,31.58622],[73.75623,31.58307],[73.74602,31.58317],[73.73476,31.57523],[73.71811,31.55903],[73.70516,31.55284],[73.68346,31.5388],[73.68212,31.5403],[73.66422,31.54075],[73.6487,31.54441],[73.63253,31.54582],[73.6268,31.55298],[73.62637,31.55579],[73.63416,31.57549],[73.63435,31.58047],[73.62992,31.59478],[73.62986,31.60334],[73.63905,31.62065],[73.64758,31.63014],[73.63803,31.63649],[73.63849,31.64954],[73.62901,31.64633],[73.61803,31.65372],[73.61075,31.65078],[73.60852,31.64833],[73.60512,31.65453],[73.59666,31.66001],[73.61611,31.67476],[73.6277,31.68934],[73.59996,31.68844],[73.58454,31.69113],[73.58179,31.69286],[73.57729,31.68801],[73.57015,31.68508],[73.56643,31.68096],[73.56442,31.67371],[73.55409,31.66199],[73.55668,31.65597],[73.53979,31.65933],[73.53863,31.65774],[73.5358,31.65996],[73.53995,31.66649],[73.53641,31.6701],[73.55564,31.68359],[73.56059,31.69019],[73.56296,31.71579],[73.50815,31.6915],[73.49692,31.6841],[73.49075,31.69218],[73.48681,31.6926],[73.48943,31.69443],[73.48456,31.70162],[73.47167,31.71428],[73.46533,31.71673],[73.45645,31.72597],[73.46006,31.73023],[73.49463,31.73082],[73.48272,31.74908],[73.48529,31.76208],[73.47286,31.78203],[73.47757,31.78164],[73.48506,31.78495],[73.48033,31.79267],[73.48771,31.7938],[73.47562,31.81351],[73.48421,31.81687],[73.50379,31.80596],[73.51112,31.81263],[73.52219,31.80596],[73.52438,31.81251],[73.53421,31.81943],[73.56005,31.84309],[73.5626,31.85801],[73.5626,31.86857],[73.55896,31.87912],[73.55932,31.88931],[73.56878,31.89186],[73.59281,31.87075],[73.60628,31.86747],[73.62884,31.88203],[73.65796,31.89004],[73.69218,31.88895],[73.71867,31.90927],[73.72021,31.91661],[73.7253,31.92244],[73.73695,31.92098],[73.74314,31.92535],[73.74969,31.93918],[73.75879,31.94682],[73.76571,31.95629],[73.77881,31.96539],[73.8091,31.98088],[73.82365,31.97013],[73.83559,31.95702],[73.85925,31.95083],[73.86981,31.94573],[73.88073,31.94355],[73.88036,31.9319],[73.87236,31.92207],[73.86144,31.91407],[73.85343,31.90351],[73.85925,31.89732],[73.86544,31.89514],[73.87636,31.88749],[73.88037,31.87475],[73.88109,31.85364],[73.88801,31.84709],[73.8982,31.84127],[73.9113,31.84163],[73.92914,31.8369],[73.94516,31.83544],[73.9568,31.84272],[73.96336,31.85146],[73.97755,31.85291],[73.98301,31.83471],[73.99138,31.82707],[74.0216,31.83253],[74.03433,31.83981],[74.04453,31.83835],[74.0711,31.82234],[74.08457,31.82161],[74.10531,31.82307],[74.11623,31.81906],[74.12897,31.81761],[74.14026,31.82125],[74.14863,31.82998],[74.15991,31.83653],[74.16574,31.85],[74.1843,31.85146],[74.1934,31.8551],[74.19886,31.87366],[74.20469,31.88313],[74.21924,31.88859],[74.2349,31.88131],[74.252,31.88167],[74.26584,31.88822],[74.27748,31.88167],[74.30405,31.88131],[74.31024,31.89113],[74.32044,31.89477],[74.32699,31.88859],[74.34737,31.8864],[74.36266,31.88786],[74.38559,31.91079],[74.39979,31.91552],[74.41908,31.93663],[74.43546,31.94974],[74.44783,31.96357],[74.47149,31.96648],[74.47805,31.98104],[74.47623,31.99633],[74.49078,32.00543],[74.51335,32.00543],[74.52464,32.01052],[74.52609,32.02326],[74.58397,32.06112]],[[74.50394,31.89771],[74.50292,31.9004],[74.49866,31.90043],[74.49905,31.89775],[74.50394,31.89771]],[[74.01932,31.7057],[74.01944,31.70561],[74.01945,31.70564],[74.01932,31.7057]],[[74.01256,31.69366],[74.01251,31.69366],[74.01259,31.69366],[74.01256,31.69366]],[[74.21672,31.63269],[74.22622,31.62891],[74.22049,31.63119],[74.21992,31.63142],[74.21672,31.63269]]]]}},{"type":"Feature","properties":{"name":"Sialkot"},"geometry":{"type":"MultiPolygon","coordinates":[[[[74.7058,32.83557],[74.70515,32.83411],[74.70702,32.83375],[74.70619,32.81669],[74.69801,32.80854],[74.69596,32.80226],[74.68503,32.78683],[74.68171,32.77622],[74.67836,32.77106],[74.6776,32.76155],[74.67374,32.75408],[74.668,32.74742],[74.66666,32.74142],[74.66111,32.73505],[74.66063,32.73085],[74.66529,32.72481],[74.65606,32.69668],[74.66635,32.67787],[74.66829,32.67836],[74.66907,32.68279],[74.67132,32.68435],[74.68035,32.6828],[74.68316,32.67436],[74.69182,32.66766],[74.69676,32.666],[74.69538,32.66035],[74.68851,32.65083],[74.68177,32.65147],[74.68044,32.64896],[74.67796,32.64907],[74.67267,32.64515],[74.67027,32.6379],[74.66654,32.637],[74.66406,32.63442],[74.6556,32.63595],[74.65645,32.63271],[74.65391,32.63154],[74.65724,32.63087],[74.65516,32.62427],[74.65506,32.61484],[74.651,32.6136],[74.64162,32.61514],[74.63892,32.61424],[74.64051,32.60868],[74.63943,32.60379],[74.64209,32.60285],[74.64213,32.60029],[74.64961,32.59818],[74.65214,32.59997],[74.65978,32.59707],[74.65636,32.59109],[74.65152,32.58759],[74.65107,32.58348],[74.6556,32.5811],[74.65548,32.57774],[74.65823,32.57427],[74.6576,32.5714],[74.65252,32.56827],[74.65257,32.56561],[74.66207,32.56478],[74.66719,32.56863],[74.67288,32.56914],[74.67521,32.56563],[74.67386,32.55371],[74.67237,32.55213],[74.66235,32.55339],[74.66135,32.54976],[74.66249,32.54599],[74.67581,32.53841],[74.69101,32.53399],[74.69076,32.52279],[74.68335,32.51335],[74.68358,32.51001],[74.68645,32.50793],[74.68637,32.50395],[74.68852,32.5019],[74.6856,32.4937],[74.69394,32.48937],[74.70065,32.49326],[74.71042,32.49328],[74.71513,32.48727],[74.71282,32.48046],[74.71453,32.47783],[74.72671,32.47618],[74.72939,32.48157],[74.75225,32.47882],[74.75484,32.48325],[74.7633,32.48207],[74.76883,32.48339],[74.796,32.47745],[74.79996,32.47987],[74.80082,32.4834],[74.81224,32.48079],[74.81982,32.49981],[74.82913,32.49575],[74.83092,32.49732],[74.83546,32.49743],[74.84119,32.49341],[74.84613,32.49276],[74.84655,32.49088],[74.84921,32.49315],[74.8541,32.49306],[74.85402,32.49538],[74.86206,32.49382],[74.86838,32.49109],[74.86632,32.48852],[74.86923,32.48684],[74.87699,32.49432],[74.88502,32.49056],[74.87826,32.47941],[74.88406,32.47678],[74.88359,32.47523],[74.89601,32.46979],[74.90086,32.46832],[74.90568,32.47349],[74.91943,32.4657],[74.93057,32.47314],[74.9399,32.47142],[74.93741,32.46814],[74.94197,32.46399],[74.94514,32.45097],[74.9419,32.4449],[74.9359,32.44306],[74.93185,32.44468],[74.92873,32.43708],[74.92499,32.43296],[74.93545,32.42566],[74.93621,32.41776],[74.93203,32.4165],[74.93072,32.42008],[74.9247,32.41378],[74.90567,32.40207],[74.89782,32.39502],[74.89541,32.39527],[74.8921,32.39107],[74.87945,32.39113],[74.87408,32.38929],[74.87071,32.38589],[74.87612,32.38256],[74.87598,32.37337],[74.86523,32.36305],[74.86433,32.36013],[74.86811,32.35735],[74.85864,32.34861],[74.86354,32.34793],[74.86218,32.34638],[74.86303,32.34516],[74.86129,32.34537],[74.85859,32.33636],[74.85698,32.33652],[74.85707,32.32925],[74.85983,32.32254],[74.85314,32.32232],[74.8524,32.32919],[74.85033,32.33058],[74.84707,32.32947],[74.84332,32.32424],[74.84295,32.32117],[74.85266,32.31782],[74.8509,32.3124],[74.84819,32.31391],[74.8477,32.31188],[74.85007,32.30932],[74.84685,32.31165],[74.84521,32.31008],[74.83205,32.31117],[74.83087,32.3095],[74.8268,32.31156],[74.82731,32.30657],[74.83177,32.30623],[74.82702,32.29957],[74.82575,32.29972],[74.82639,32.30353],[74.81755,32.30422],[74.81753,32.30273],[74.81343,32.30233],[74.81391,32.29763],[74.80809,32.2955],[74.80708,32.29314],[74.80311,32.29364],[74.79771,32.29688],[74.79185,32.296],[74.77038,32.30072],[74.7668,32.28615],[74.76887,32.27999],[74.77202,32.27852],[74.77064,32.27658],[74.76417,32.27647],[74.76322,32.2704],[74.76641,32.26975],[74.76607,32.26731],[74.76816,32.26686],[74.76773,32.26073],[74.7575,32.26123],[74.75708,32.25747],[74.75308,32.2535],[74.75512,32.25228],[74.75361,32.25023],[74.75523,32.24883],[74.75254,32.24823],[74.75092,32.24334],[74.74971,32.24393],[74.74914,32.24196],[74.74492,32.24039],[74.7477,32.23831],[74.74892,32.23439],[74.7477,32.23235],[74.74278,32.23295],[74.74416,32.22858],[74.73757,32.22698],[74.73958,32.22511],[74.74296,32.22626],[74.74488,32.22504],[74.74578,32.22165],[74.74413,32.21936],[74.74784,32.2187],[74.74986,32.21539],[74.7568,32.21107],[74.75848,32.2023],[74.76082,32.20133],[74.75961,32.19864],[74.76326,32.19546],[74.76258,32.19205],[74.75855,32.18931],[74.76133,32.18596],[74.76021,32.18365],[74.76191,32.18088],[74.75739,32.17605],[74.75912,32.17165],[74.75741,32.16798],[74.7579,32.16192],[74.74404,32.16476],[74.74155,32.1606],[74.74108,32.15606],[74.73057,32.15751],[74.72764,32.15504],[74.72824,32.14655],[74.71833,32.14829],[74.70901,32.14478],[74.70582,32.1466],[74.69618,32.1382],[74.69105,32.14096],[74.68264,32.14198],[74.68082,32.13799],[74.67632,32.13523],[74.67262,32.12922],[74.66397,32.13156],[74.66397,32.12608],[74.66848,32.12601],[74.66718,32.12267],[74.66409,32.12108],[74.66168,32.12197],[74.66184,32.11823],[74.65789,32.11775],[74.65491,32.11467],[74.65484,32.11158],[74.64899,32.10977],[74.64795,32.10535],[74.64637,32.1059],[74.63521,32.09753],[74.63471,32.09569],[74.63722,32.09394],[74.6377,32.08973],[74.64067,32.08716],[74.63801,32.08741],[74.63639,32.08527],[74.63691,32.08208],[74.63344,32.07747],[74.63352,32.07396],[74.62614,32.07551],[74.62407,32.07511],[74.62401,32.07244],[74.62107,32.07385],[74.62077,32.07682],[74.61613,32.07786],[74.61612,32.07673],[74.61279,32.07674],[74.61305,32.06916],[74.6113,32.06508],[74.60919,32.06641],[74.60177,32.06546],[74.60114,32.07165],[74.59716,32.07218],[74.5949,32.06375],[74.60151,32.06267],[74.5999,32.06149],[74.6013,32.06006],[74.57851,32.06221],[74.56722,32.05311],[74.54939,32.05639],[74.53628,32.06076],[74.52755,32.06585],[74.51372,32.07859],[74.50716,32.09206],[74.5108,32.10116],[74.5199,32.10007],[74.50716,32.11135],[74.49224,32.11827],[74.49151,32.12591],[74.48715,32.13101],[74.49042,32.13683],[74.49042,32.14993],[74.45402,32.15576],[74.44893,32.16377],[74.4391,32.1685],[74.43291,32.16122],[74.42413,32.15931],[74.41289,32.16449],[74.39767,32.16482],[74.38026,32.16947],[74.37576,32.18124],[74.35137,32.18961],[74.34227,32.20089],[74.33135,32.20526],[74.32844,32.24421],[74.3157,32.24894],[74.27275,32.25185],[74.2611,32.26095],[74.24654,32.27806],[74.2429,32.28934],[74.24036,32.31082],[74.23417,32.33666],[74.2247,32.34977],[74.22689,32.35705],[74.22689,32.37998],[74.21488,32.3858],[74.2065,32.4],[74.21051,32.40837],[74.20978,32.42075],[74.19922,32.44805],[74.20578,32.47171],[74.20905,32.49282],[74.20214,32.52267],[74.21087,32.54196],[74.21141,32.5497],[74.21923,32.54885],[74.23037,32.55745],[74.23051,32.56348],[74.23183,32.56481],[74.24373,32.57225],[74.24612,32.57157],[74.25353,32.5755],[74.26748,32.57789],[74.27578,32.58598],[74.28857,32.58566],[74.29165,32.58233],[74.30594,32.58118],[74.30657,32.58751],[74.32418,32.58834],[74.33033,32.58703],[74.3321,32.58902],[74.33624,32.58903],[74.33624,32.59016],[74.34667,32.59355],[74.34659,32.59217],[74.34957,32.59221],[74.34765,32.59703],[74.35764,32.60013],[74.36155,32.60379],[74.3708,32.60641],[74.37607,32.61068],[74.37395,32.61282],[74.37999,32.61593],[74.38329,32.61958],[74.39586,32.62349],[74.40804,32.63187],[74.43771,32.65788],[74.4669,32.65366],[74.46809,32.65811],[74.46536,32.66597],[74.46792,32.66712],[74.45686,32.67607],[74.46831,32.68253],[74.46922,32.69513],[74.46519,32.70029],[74.45697,32.7004],[74.45258,32.7134],[74.45977,32.71414],[74.46648,32.71986],[74.46362,32.72385],[74.46362,32.72871],[74.45563,32.73527],[74.45723,32.7395],[74.44965,32.74827],[74.45009,32.75333],[74.44548,32.75362],[74.44179,32.75683],[74.44227,32.76052],[74.44929,32.76778],[74.44259,32.77092],[74.43909,32.77057],[74.43322,32.77396],[74.43043,32.78329],[74.43952,32.78814],[74.43754,32.78808],[74.43954,32.79227],[74.4458,32.78882],[74.44836,32.79119],[74.4548,32.78974],[74.46157,32.78225],[74.46819,32.78283],[74.47019,32.77691],[74.48132,32.76942],[74.48138,32.76441],[74.48315,32.76315],[74.49391,32.76335],[74.50514,32.75871],[74.5047,32.74822],[74.51109,32.74279],[74.51723,32.74347],[74.52028,32.74681],[74.54088,32.74995],[74.54171,32.75161],[74.54617,32.74843],[74.54877,32.75444],[74.5552,32.75871],[74.55684,32.75793],[74.56644,32.76046],[74.56941,32.76044],[74.57521,32.7567],[74.5751,32.75148],[74.57954,32.74989],[74.58212,32.75368],[74.58867,32.75097],[74.59361,32.75627],[74.61272,32.75831],[74.61293,32.75981],[74.61743,32.76169],[74.62145,32.76064],[74.62446,32.75668],[74.63261,32.75229],[74.63729,32.75178],[74.63877,32.75735],[74.63026,32.76714],[74.63168,32.77606],[74.6394,32.7826],[74.65363,32.78099],[74.65829,32.78712],[74.63937,32.79817],[74.63255,32.80912],[74.63645,32.81438],[74.65297,32.82969],[74.65901,32.83038],[74.66118,32.8295],[74.6631,32.82583],[74.6663,32.8252],[74.67991,32.83617],[74.69278,32.84181],[74.7004,32.84287],[74.70621,32.84282],[74.7058,32.83557]]]]}},{"type":"Feature","properties":{"name":"Talagang"},"geometry":{"type":"MultiPolygon","coordinates":[[[[72.23421,33.13412],[72.25197,33.13291],[72.25408,33.13597],[72.27237,33.13968],[72.27517,33.14116],[72.27538,33.14508],[72.2774,33.14518],[72.29167,33.13523],[72.29193,33.13134],[72.29453,33.12874],[72.31626,33.13436],[72.3504,33.13978],[72.36236,33.13731],[72.36665,33.13225],[72.37444,33.1303],[72.40095,33.13757],[72.43045,33.14121],[72.44045,33.14927],[72.45176,33.15148],[72.45605,33.15057],[72.46475,33.14277],[72.47086,33.14316],[72.48698,33.14962],[72.49216,33.14215],[72.49096,33.14067],[72.48311,33.1404],[72.48366,33.13818],[72.488,33.13615],[72.48892,33.13134],[72.488,33.12737],[72.48569,33.12704],[72.48514,33.12238],[72.48819,33.1197],[72.48791,33.11564],[72.49003,33.10963],[72.49539,33.10843],[72.51802,33.09365],[72.51996,33.08682],[72.51599,33.0761],[72.51156,33.07351],[72.50934,33.06917],[72.50195,33.06428],[72.50214,33.06049],[72.4965,33.05587],[72.49244,33.05929],[72.48606,33.05587],[72.48477,33.05162],[72.48745,33.05125],[72.48771,33.04899],[72.48375,33.04257],[72.49022,33.03028],[72.49114,33.024],[72.49484,33.01984],[72.49816,33.01236],[72.50408,33.00876],[72.50666,33.00275],[72.51253,32.99768],[72.51017,32.99333],[72.5062,32.99185],[72.50454,32.98797],[72.49704,32.98097],[72.49545,32.97828],[72.49525,32.97082],[72.49803,32.96415],[72.5055,32.96395],[72.50799,32.96713],[72.51018,32.96723],[72.51695,32.96206],[72.51725,32.95788],[72.50759,32.94971],[72.51032,32.93787],[72.51247,32.93488],[72.51354,32.92328],[72.51675,32.91576],[72.51356,32.91238],[72.50572,32.91447],[72.503,32.9073],[72.49876,32.90405],[72.50107,32.89127],[72.49653,32.88053],[72.49513,32.87051],[72.49637,32.86655],[72.50634,32.85897],[72.50625,32.85624],[72.50444,32.84801],[72.49766,32.84437],[72.49239,32.83662],[72.49332,32.81988],[72.48061,32.80159],[72.47968,32.7833],[72.48092,32.77803],[72.48526,32.77462],[72.50222,32.76902],[72.50389,32.75167],[72.49939,32.7489],[72.49239,32.74827],[72.49112,32.74636],[72.49175,32.73745],[72.51148,32.73491],[72.51784,32.72218],[72.52357,32.69863],[72.52993,32.69482],[72.53758,32.69491],[72.53696,32.69298],[72.52037,32.68261],[72.51663,32.67474],[72.51034,32.66864],[72.51819,32.68261],[72.51652,32.68689],[72.51295,32.68832],[72.47419,32.67603],[72.47293,32.67822],[72.45994,32.67843],[72.45264,32.67282],[72.44993,32.67597],[72.44481,32.6729],[72.43819,32.67275],[72.42929,32.66647],[72.4302,32.66176],[72.42273,32.65676],[72.42525,32.65381],[72.42396,32.65172],[72.4134,32.64748],[72.41288,32.64225],[72.41064,32.63939],[72.41226,32.63325],[72.40612,32.63187],[72.40078,32.62669],[72.39874,32.62669],[72.39326,32.62907],[72.3885,32.63478],[72.38208,32.63716],[72.36899,32.63835],[72.36685,32.64549],[72.36804,32.65024],[72.36571,32.65216],[72.36802,32.66084],[72.36572,32.66263],[72.36565,32.66526],[72.35362,32.66517],[72.35092,32.66149],[72.34918,32.66568],[72.34309,32.67004],[72.34463,32.67676],[72.34071,32.68243],[72.33283,32.6824],[72.33081,32.68681],[72.31795,32.69487],[72.29677,32.69691],[72.2969,32.69549],[72.2689,32.69891],[72.24986,32.70486],[72.21359,32.70636],[72.21031,32.70467],[72.20693,32.70753],[72.1906,32.70731],[72.18907,32.70902],[72.18186,32.70549],[72.1824,32.7101],[72.17972,32.7107],[72.17747,32.70906],[72.17366,32.71138],[72.17173,32.70977],[72.17126,32.70531],[72.16773,32.71138],[72.15813,32.70992],[72.1527,32.71138],[72.15192,32.70735],[72.14906,32.71149],[72.1486,32.71609],[72.15363,32.71774],[72.15423,32.72069],[72.14913,32.72198],[72.1461,32.72027],[72.13914,32.72113],[72.13836,32.72294],[72.14203,32.72309],[72.14255,32.72511],[72.14473,32.7244],[72.14209,32.72848],[72.13712,32.72562],[72.12777,32.72674],[72.12844,32.72318],[72.13266,32.72178],[72.12627,32.72166],[72.12576,32.71982],[72.13168,32.71902],[72.13248,32.71622],[72.13448,32.71747],[72.1359,32.71328],[72.13534,32.70855],[72.13689,32.70718],[72.13451,32.70643],[72.13593,32.70432],[72.13245,32.70284],[72.13242,32.70096],[72.13439,32.69837],[72.13885,32.69805],[72.13834,32.69626],[72.14108,32.69254],[72.13677,32.68996],[72.13745,32.68844],[72.13358,32.68895],[72.13335,32.68787],[72.14495,32.6821],[72.14105,32.68151],[72.14262,32.67951],[72.13297,32.6722],[72.12708,32.66375],[72.11235,32.65323],[72.10487,32.65061],[72.09157,32.64889],[72.08296,32.64376],[72.07449,32.64293],[72.0622,32.63256],[72.0606,32.63353],[72.0583,32.63086],[72.05476,32.63041],[72.0532,32.62791],[72.04711,32.6285],[72.04379,32.62285],[72.03955,32.6222],[72.04102,32.61649],[72.02787,32.61271],[72.02687,32.60863],[72.02301,32.61221],[72.01471,32.61055],[72.01357,32.60534],[72.01079,32.60617],[72.0094,32.60391],[72.00369,32.6053],[72.00088,32.60419],[71.99602,32.60597],[71.9907,32.60499],[71.99142,32.60055],[71.98534,32.60125],[71.98419,32.59754],[71.97689,32.59677],[71.97332,32.59464],[71.9715,32.59088],[71.96936,32.58216],[71.97159,32.57913],[71.97831,32.57627],[71.97784,32.573],[71.97067,32.5691],[71.96537,32.57202],[71.96198,32.56785],[71.95969,32.56934],[71.95371,32.56547],[71.94887,32.56799],[71.94399,32.5665],[71.94408,32.56362],[71.93992,32.56347],[71.94036,32.55693],[71.93694,32.55633],[71.9368,32.55204],[71.92936,32.55425],[71.9243,32.55752],[71.92475,32.56078],[71.92285,32.56292],[71.92261,32.56602],[71.92665,32.57316],[71.92587,32.58194],[71.92325,32.58285],[71.92198,32.58769],[71.91322,32.58814],[71.90886,32.59171],[71.90719,32.59753],[71.90663,32.60043],[71.90907,32.60537],[71.90823,32.60735],[71.91035,32.60875],[71.91071,32.61248],[71.91474,32.61471],[71.91097,32.61898],[71.9134,32.62154],[71.90986,32.62743],[71.90475,32.62539],[71.90375,32.62624],[71.89935,32.63536],[71.89504,32.63866],[71.89227,32.6461],[71.8939,32.65234],[71.89292,32.65442],[71.8798,32.65815],[71.88063,32.66513],[71.87889,32.66519],[71.87919,32.66878],[71.88437,32.67014],[71.88858,32.67426],[71.89615,32.67378],[71.8985,32.67604],[71.89876,32.6797],[71.89876,32.6822],[71.89622,32.68396],[71.90126,32.68831],[71.89796,32.69185],[71.89973,32.69757],[71.89105,32.69689],[71.88938,32.69712],[71.88936,32.70004],[71.88217,32.69966],[71.88146,32.70485],[71.87394,32.70816],[71.87534,32.71281],[71.87425,32.71772],[71.88149,32.71979],[71.88437,32.73026],[71.87751,32.73174],[71.87746,32.74308],[71.8768,32.74653],[71.87411,32.74935],[71.87802,32.75979],[71.87559,32.76079],[71.87604,32.76348],[71.87923,32.76434],[71.88049,32.76795],[71.8843,32.77171],[71.89453,32.7716],[71.89807,32.77363],[71.90398,32.78081],[71.9087,32.78289],[71.91506,32.79313],[71.92023,32.79527],[71.92123,32.79827],[71.92561,32.7972],[71.92879,32.80186],[71.93512,32.80648],[71.95778,32.81378],[71.95359,32.81679],[71.95549,32.82012],[71.95515,32.8301],[71.9589,32.83114],[71.95914,32.83399],[71.95508,32.83541],[71.94767,32.83169],[71.9463,32.83228],[71.9448,32.83883],[71.94869,32.84325],[71.94573,32.84371],[71.94514,32.84643],[71.93998,32.84531],[71.93549,32.84704],[71.93488,32.849],[71.92799,32.85269],[71.9266,32.85682],[71.91931,32.86192],[71.91141,32.86054],[71.90793,32.86214],[71.90315,32.86125],[71.90133,32.8628],[71.89573,32.86287],[71.89493,32.86528],[71.89742,32.86775],[71.89294,32.87597],[71.89456,32.87913],[71.89338,32.8815],[71.89426,32.8842],[71.89015,32.8875],[71.88633,32.89672],[71.88255,32.90027],[71.87562,32.89877],[71.87247,32.90487],[71.87426,32.91644],[71.86981,32.91937],[71.86608,32.92858],[71.86545,32.9418],[71.86358,32.94721],[71.86478,32.95372],[71.86155,32.95949],[71.86294,32.9635],[71.86766,32.96407],[71.86551,32.97062],[71.8585,32.97718],[71.85074,32.98926],[71.84094,32.99705],[71.81909,33.00008],[71.81341,33.00572],[71.81174,33.00589],[71.80895,33.00279],[71.80224,33.00423],[71.8143,33.01368],[71.81492,33.01624],[71.82953,33.02172],[71.83499,33.02528],[71.83638,33.02899],[71.84643,33.03392],[71.84882,33.03698],[71.84825,33.04731],[71.85016,33.04989],[71.85857,33.04893],[71.86402,33.05218],[71.86832,33.05276],[71.90378,33.04473],[71.90971,33.04559],[71.93055,33.06891],[71.93743,33.07369],[71.94604,33.07684],[71.95359,33.08669],[71.96296,33.09281],[71.96468,33.09663],[71.96697,33.09768],[71.98341,33.09778],[72.0183,33.10705],[72.02394,33.10588],[72.02729,33.10132],[72.03016,33.09998],[72.03302,33.10036],[72.04067,33.10371],[72.0466,33.10915],[72.04764,33.11702],[72.05942,33.12214],[72.07124,33.12392],[72.08121,33.12226],[72.09277,33.12318],[72.09429,33.12129],[72.09314,33.11703],[72.09617,33.10807],[72.10217,33.10937],[72.1136,33.11584],[72.1172,33.11237],[72.14075,33.10987],[72.16051,33.10321],[72.17142,33.10325],[72.17633,33.10571],[72.17748,33.11308],[72.18376,33.11882],[72.18299,33.12397],[72.19367,33.12784],[72.19646,33.13167],[72.1937,33.13422],[72.19271,33.1384],[72.18703,33.14166],[72.18725,33.14651],[72.19226,33.15613],[72.18928,33.1623],[72.19042,33.16479],[72.19757,33.16187],[72.20781,33.15416],[72.22746,33.14631],[72.22944,33.13495],[72.23421,33.13412]]]]}},{"type":"Feature","properties":{"name":"Taunsa Sharif"},"geometry":{"type":"MultiPolygon","coordinates":[[[[70.57667,31.33739],[70.58931,31.33464],[70.6047,31.32508],[70.61041,31.32574],[70.61415,31.32343],[70.61624,31.32431],[70.61888,31.3197],[70.62723,31.32069],[70.63426,31.31893],[70.64722,31.31258],[70.6525,31.31434],[70.66207,31.31122],[70.67379,31.31337],[70.68594,31.31256],[70.68544,31.30129],[70.68816,31.29791],[70.69867,31.29491],[70.70186,31.28675],[70.72585,31.29168],[70.73076,31.28637],[70.7385,31.28388],[70.73178,31.28158],[70.73708,31.26719],[70.75441,31.27268],[70.75298,31.28559],[70.75533,31.29224],[70.75136,31.31278],[70.77695,31.306],[70.76271,31.28474],[70.79399,31.2823],[70.78738,31.24888],[70.78919,31.2338],[70.78748,31.20786],[70.78486,31.20613],[70.78738,31.18112],[70.79852,31.16761],[70.79663,31.15479],[70.80207,31.14036],[70.80266,31.09397],[70.79566,31.08157],[70.79826,31.05742],[70.80165,31.05446],[70.8003,31.0113],[70.79351,31.00028],[70.79612,30.99938],[70.79423,30.99578],[70.78658,30.99686],[70.7846,30.98929],[70.77894,30.98309],[70.77984,30.97123],[70.8095,30.97625],[70.81429,30.96817],[70.81372,30.96463],[70.80933,30.95959],[70.8152,30.95442],[70.80638,30.94569],[70.78989,30.94308],[70.78843,30.92599],[70.77773,30.92609],[70.77672,30.92247],[70.77793,30.91222],[70.77968,30.9094],[70.77459,30.88803],[70.79935,30.88776],[70.79523,30.8362],[70.75498,30.82595],[70.75647,30.82344],[70.75342,30.81508],[70.75511,30.81179],[70.75342,30.80716],[70.7539,30.80072],[70.7453,30.78915],[70.74766,30.78606],[70.74984,30.78569],[70.75012,30.78278],[70.74675,30.78197],[70.74546,30.77953],[70.74596,30.77601],[70.74921,30.77487],[70.74998,30.7662],[70.75469,30.76647],[70.75721,30.76395],[70.76225,30.76234],[70.79145,30.76754],[70.7919,30.76093],[70.7952,30.75508],[70.80065,30.7547],[70.80759,30.74997],[70.80809,30.73525],[70.80413,30.72395],[70.80406,30.71317],[70.80779,30.71237],[70.80862,30.70232],[70.81119,30.69757],[70.80675,30.69401],[70.80165,30.6802],[70.80168,30.67315],[70.7987,30.66707],[70.80085,30.65112],[70.79803,30.64026],[70.79844,30.629],[70.79708,30.62576],[70.79872,30.62565],[70.80479,30.6144],[70.80487,30.61082],[70.80259,30.60796],[70.80527,30.60059],[70.81512,30.59581],[70.81197,30.59442],[70.80948,30.59049],[70.79864,30.58566],[70.79696,30.58329],[70.79927,30.57598],[70.79911,30.5648],[70.80085,30.55957],[70.81565,30.55832],[70.81641,30.55665],[70.79562,30.54107],[70.79214,30.53625],[70.79388,30.52539],[70.79629,30.5219],[70.79455,30.50274],[70.79719,30.49578],[70.78244,30.49187],[70.77388,30.46868],[70.76826,30.4669],[70.76751,30.47989],[70.77584,30.49669],[70.76787,30.49291],[70.76589,30.48943],[70.7611,30.49122],[70.74466,30.49107],[70.74274,30.48874],[70.74276,30.48493],[70.73932,30.48492],[70.73786,30.48004],[70.73443,30.48001],[70.73421,30.48266],[70.72968,30.48335],[70.72745,30.48296],[70.72805,30.47918],[70.72524,30.4796],[70.72537,30.48135],[70.71426,30.48202],[70.71157,30.48454],[70.71906,30.48668],[70.71842,30.49025],[70.72208,30.48999],[70.72262,30.49139],[70.72799,30.49123],[70.72772,30.48806],[70.73045,30.48814],[70.7295,30.49544],[70.72799,30.4955],[70.72889,30.50703],[70.72374,30.50712],[70.71982,30.50914],[70.71811,30.50891],[70.71723,30.50337],[70.69662,30.50462],[70.6779,30.50103],[70.66881,30.50081],[70.66634,30.50324],[70.65767,30.50448],[70.65805,30.4991],[70.656,30.49863],[70.65733,30.48866],[70.66398,30.48751],[70.66216,30.47224],[70.65574,30.47117],[70.64824,30.46546],[70.60382,30.46294],[70.59205,30.461],[70.57854,30.45696],[70.57722,30.45279],[70.57297,30.44836],[70.56008,30.44436],[70.56271,30.42897],[70.56023,30.41569],[70.5552,30.40697],[70.55379,30.39504],[70.54654,30.38847],[70.54577,30.37275],[70.54305,30.36628],[70.53937,30.3447],[70.52299,30.2986],[70.52196,30.28878],[70.51824,30.28459],[70.51782,30.26886],[70.51223,30.26802],[70.51172,30.25699],[70.50312,30.2346],[70.49941,30.21366],[70.49013,30.19795],[70.47871,30.17368],[70.46449,30.15122],[70.46029,30.13732],[70.44965,30.12352],[70.43981,30.10517],[70.42921,30.0941],[70.42374,30.08231],[70.4171,30.07441],[70.4179,30.06974],[70.40468,30.05776],[70.40233,30.05022],[70.39555,30.04948],[70.37038,30.02665],[70.3297,29.99565],[70.32454,29.99691],[70.31956,29.99486],[70.3128,29.99523],[70.2983,29.99101],[70.29046,29.98427],[70.28803,29.97849],[70.25276,29.94904],[70.24888,29.94814],[70.24442,29.93952],[70.24145,29.93744],[70.22866,29.91334],[70.22241,29.89639],[70.22241,29.88985],[70.21527,29.87051],[70.21372,29.87039],[70.21409,29.85958],[70.20851,29.85781],[70.17495,29.80358],[70.17304,29.79556],[70.16794,29.78836],[70.1678,29.77923],[70.15106,29.78751],[70.13912,29.80103],[70.13205,29.80443],[70.12305,29.81415],[70.11155,29.82025],[70.10929,29.8241],[70.10816,29.83125],[70.10395,29.83832],[70.09952,29.84213],[70.09771,29.85689],[70.09302,29.86129],[70.08341,29.86661],[70.08052,29.8714],[70.07786,29.87233],[70.07526,29.87754],[70.06291,29.87962],[70.06384,29.88276],[70.05723,29.88534],[70.05016,29.89061],[70.04215,29.89334],[70.03342,29.88844],[70.02047,29.88935],[70.006,29.88536],[70.00013,29.8884],[69.99183,29.90728],[69.98294,29.90709],[69.97063,29.89874],[69.96546,29.90371],[69.96336,29.90817],[69.96398,29.91445],[69.96213,29.91724],[69.96311,29.92162],[69.96115,29.92598],[69.96378,29.93288],[69.95935,29.94736],[69.95084,29.94834],[69.9443,29.9414],[69.93735,29.93859],[69.93077,29.9383],[69.92562,29.9342],[69.91509,29.93858],[69.91605,29.94836],[69.92108,29.95068],[69.91856,29.9551],[69.92027,29.96023],[69.92721,29.97581],[69.9435,29.99964],[69.94219,30.00034],[69.94943,30.00929],[69.95858,30.01452],[69.96913,30.02387],[69.97416,30.03151],[69.97728,30.04588],[69.97768,30.05865],[69.96652,30.07604],[69.97134,30.09263],[69.99437,30.12722],[69.99869,30.14823],[70.0004,30.14803],[70.01186,30.15979],[70.01488,30.16632],[70.02201,30.17075],[70.02795,30.17809],[70.02684,30.18583],[70.03337,30.19337],[70.0378,30.19518],[70.04001,30.19799],[70.04654,30.19548],[70.05197,30.20835],[70.0568,30.21066],[70.05841,30.21669],[70.06645,30.21921],[70.07057,30.23026],[70.07369,30.23127],[70.06806,30.23218],[70.06625,30.22906],[70.06233,30.23459],[70.05519,30.23861],[70.03468,30.24434],[70.02,30.25862],[70.01739,30.25912],[70.01307,30.25178],[69.99658,30.2527],[69.96629,30.21221],[69.95845,30.21213],[69.95853,30.21387],[69.95506,30.21718],[69.96011,30.23219],[69.96599,30.24274],[69.97759,30.25772],[69.97315,30.27031],[69.97088,30.27129],[69.96855,30.26948],[69.96651,30.27189],[69.9565,30.26358],[69.95449,30.25728],[69.95221,30.25714],[69.94899,30.25366],[69.94457,30.25687],[69.94091,30.26354],[69.94295,30.28051],[69.94634,30.28599],[69.94385,30.29385],[69.95002,30.29527],[69.95256,30.29934],[69.95171,30.30403],[69.95279,30.30618],[69.96008,30.30935],[69.96189,30.31336],[69.96065,30.31834],[69.9667,30.32603],[69.97162,30.3279],[69.97139,30.3344],[69.98185,30.34961],[69.9857,30.35866],[69.99254,30.36635],[69.99403,30.37125],[69.9939,30.37272],[69.98706,30.37688],[69.98773,30.38733],[69.98679,30.39283],[69.98478,30.3939],[69.98452,30.40087],[69.97366,30.40985],[69.97393,30.41454],[69.9754,30.41696],[69.98478,30.42071],[69.98836,30.42614],[69.99604,30.42832],[69.99822,30.43133],[69.99832,30.436],[70.00455,30.45708],[70.01057,30.46431],[70.01127,30.47155],[70.02163,30.49179],[70.02677,30.49561],[70.02711,30.50126],[70.03115,30.50647],[70.03559,30.5194],[70.04042,30.52329],[70.04026,30.52781],[70.04213,30.52991],[70.05148,30.53193],[70.04992,30.53668],[70.05693,30.54314],[70.05903,30.55062],[70.06339,30.55537],[70.0651,30.56059],[70.07094,30.56938],[70.07834,30.57585],[70.08301,30.58643],[70.08706,30.59017],[70.08558,30.59368],[70.08955,30.6031],[70.08792,30.62427],[70.08519,30.6256],[70.0813,30.63183],[70.07164,30.65075],[70.07717,30.6734],[70.07943,30.67745],[70.08161,30.71802],[70.09446,30.72028],[70.10761,30.71973],[70.1196,30.71716],[70.13599,30.72078],[70.1382,30.73532],[70.14222,30.74044],[70.13959,30.75373],[70.14429,30.76065],[70.15465,30.76176],[70.15957,30.75758],[70.1635,30.75783],[70.16744,30.75561],[70.16867,30.75783],[70.17261,30.75807],[70.18934,30.75635],[70.19316,30.76406],[70.19534,30.77454],[70.1943,30.77828],[70.19637,30.78689],[70.19502,30.79105],[70.19679,30.80631],[70.20281,30.82541],[70.21309,30.82821],[70.22617,30.82448],[70.2325,30.82448],[70.24122,30.82697],[70.24257,30.83091],[70.25596,30.82821],[70.26043,30.82904],[70.26115,30.83091],[70.26479,30.87451],[70.26084,30.87493],[70.26032,30.87233],[70.25031,30.87166],[70.24721,30.86608],[70.2407,30.86773],[70.23046,30.86597],[70.2409,30.91023],[70.24214,30.93225],[70.24442,30.9399],[70.24214,30.94838],[70.24307,30.9611],[70.23863,30.97051],[70.23773,30.98576],[70.24752,31.00189],[70.24807,31.01113],[70.24338,31.02064],[70.24214,31.03277],[70.24311,31.03746],[70.24035,31.04959],[70.24214,31.0558],[70.2502,31.05314],[70.25431,31.05345],[70.25788,31.06074],[70.26137,31.06066],[70.26292,31.06291],[70.27013,31.06547],[70.26517,31.07268],[70.26827,31.08501],[70.26757,31.09254],[70.27114,31.10595],[70.27106,31.11549],[70.26897,31.12154],[70.26439,31.1265],[70.26354,31.13286],[70.26486,31.14116],[70.25803,31.14697],[70.25827,31.15077],[70.26245,31.15403],[70.25951,31.15667],[70.25966,31.15853],[70.27168,31.15938],[70.29076,31.16605],[70.29456,31.17032],[70.30255,31.17187],[70.30464,31.17931],[70.32263,31.1804],[70.33752,31.18637],[70.34613,31.18536],[70.35125,31.19133],[70.39041,31.19071],[70.40841,31.1943],[70.41039,31.19968],[70.4105,31.21507],[70.40632,31.21913],[70.40489,31.22463],[70.40632,31.25013],[70.40533,31.25639],[70.41006,31.25452],[70.42171,31.24518],[70.42435,31.24474],[70.42336,31.24782],[70.42863,31.2538],[70.43171,31.26738],[70.44622,31.28354],[70.45138,31.29497],[70.47721,31.2998],[70.49326,31.30013],[70.50743,31.30376],[70.52315,31.30541],[70.52854,31.30849],[70.52887,31.31332],[70.53117,31.3175],[70.54118,31.32431],[70.54085,31.32651],[70.54579,31.33333],[70.5581,31.33563],[70.55865,31.33838],[70.56162,31.33838],[70.56162,31.33497],[70.56689,31.33311],[70.57349,31.3386],[70.57667,31.33739]]]]}},{"type":"Feature","properties":{"name":"Toba Tek Singh"},"geometry":{"type":"MultiPolygon","coordinates":[[[[72.75658,31.37301],[72.79511,31.37193],[72.78809,31.33755],[72.79082,31.33817],[72.79172,31.33493],[72.78928,31.32742],[72.79222,31.32898],[72.80229,31.32141],[72.79998,31.31915],[72.80304,31.31679],[72.79923,31.31148],[72.8073,31.30287],[72.81389,31.29813],[72.8217,31.29553],[72.82138,31.29247],[72.83581,31.28208],[72.83663,31.25341],[72.81893,31.25492],[72.82098,31.24236],[72.8192,31.24097],[72.81658,31.24193],[72.81677,31.2389],[72.81439,31.24006],[72.81299,31.23794],[72.80889,31.23798],[72.8089,31.23093],[72.81108,31.23012],[72.80066,31.2166],[72.79521,31.21423],[72.78718,31.20496],[72.80833,31.18885],[72.80974,31.18344],[72.80354,31.1847],[72.7864,31.19302],[72.76226,31.16956],[72.75182,31.16781],[72.75543,31.16385],[72.75491,31.16182],[72.75958,31.15611],[72.76038,31.15252],[72.75819,31.14911],[72.74518,31.14018],[72.75021,31.13282],[72.75141,31.11393],[72.74495,31.09084],[72.74159,31.08701],[72.7286,31.08152],[72.72076,31.08255],[72.71593,31.0863],[72.70777,31.08251],[72.71074,31.07893],[72.72008,31.07546],[72.74409,31.05816],[72.7627,31.07705],[72.76786,31.08014],[72.77034,31.07959],[72.7895,31.05615],[72.78082,31.05089],[72.78686,31.04337],[72.78112,31.03988],[72.79123,31.02746],[72.78259,31.02231],[72.77757,31.02293],[72.769,31.01786],[72.77297,31.01284],[72.76729,31.00935],[72.77132,31.00439],[72.76553,31.00097],[72.76969,30.99602],[72.76088,30.99079],[72.76489,30.98582],[72.76195,30.98393],[72.76408,30.98153],[72.74105,30.96768],[72.74494,30.96275],[72.74219,30.96083],[72.75019,30.95098],[72.73865,30.94416],[72.74262,30.93905],[72.73714,30.93577],[72.73512,30.93817],[72.73218,30.93656],[72.73014,30.93893],[72.72291,30.93461],[72.72148,30.93375],[72.72535,30.92867],[72.71971,30.92531],[72.7157,30.93009],[72.71298,30.92844],[72.71084,30.93089],[72.7051,30.92753],[72.70897,30.92259],[72.70629,30.9208],[72.70842,30.91809],[72.70254,30.91463],[72.70375,30.90805],[72.70576,30.90553],[72.69139,30.8969],[72.68937,30.89921],[72.68569,30.89722],[72.68355,30.89585],[72.68551,30.89342],[72.6685,30.88297],[72.67912,30.86817],[72.68063,30.86812],[72.68994,30.8568],[72.69182,30.85895],[72.69548,30.85494],[72.69836,30.85664],[72.70041,30.85416],[72.70325,30.85584],[72.70527,30.8534],[72.70811,30.85511],[72.71015,30.85268],[72.71307,30.85439],[72.73396,30.82849],[72.73026,30.82789],[72.73831,30.81792],[72.73264,30.81444],[72.74575,30.79819],[72.71038,30.77881],[72.71644,30.77132],[72.70502,30.76448],[72.70878,30.75931],[72.70447,30.75669],[72.70868,30.75182],[72.70755,30.74573],[72.71102,30.73592],[72.7165,30.73797],[72.71982,30.73798],[72.72141,30.7359],[72.7252,30.73738],[72.72963,30.7359],[72.73042,30.73278],[72.73368,30.7309],[72.74473,30.73707],[72.75329,30.73595],[72.75701,30.74428],[72.76136,30.74585],[72.76079,30.74791],[72.76262,30.74877],[72.78527,30.74443],[72.79449,30.74444],[72.79811,30.73882],[72.79759,30.7373],[72.80503,30.73508],[72.8087,30.73054],[72.81072,30.72637],[72.81061,30.72186],[72.8164,30.72168],[72.82051,30.71807],[72.82046,30.71658],[72.81139,30.71565],[72.81197,30.71207],[72.81786,30.70794],[72.819,30.70546],[72.81543,30.7038],[72.80678,30.71019],[72.8,30.7118],[72.80086,30.70942],[72.79691,30.70764],[72.7964,30.70582],[72.79263,30.70509],[72.79244,30.70722],[72.78859,30.70759],[72.7869,30.70357],[72.78662,30.71083],[72.78325,30.71228],[72.78336,30.70882],[72.78243,30.71413],[72.77423,30.71278],[72.77636,30.70792],[72.77092,30.70662],[72.76953,30.71072],[72.76417,30.70828],[72.76539,30.70406],[72.76167,30.70097],[72.76768,30.70201],[72.7692,30.69933],[72.7579,30.69668],[72.75424,30.70001],[72.74892,30.6894],[72.74699,30.68844],[72.75574,30.6827],[72.75826,30.67652],[72.75526,30.67449],[72.75624,30.67057],[72.75217,30.66997],[72.74958,30.67693],[72.74649,30.67803],[72.73322,30.67955],[72.72882,30.67595],[72.72912,30.66804],[72.72492,30.6663],[72.72371,30.66365],[72.72549,30.66128],[72.73043,30.66225],[72.7315,30.66473],[72.73387,30.66284],[72.73129,30.66188],[72.7337,30.65513],[72.75148,30.65341],[72.75639,30.65971],[72.76124,30.66072],[72.76182,30.65825],[72.75846,30.65129],[72.74603,30.64957],[72.74246,30.64629],[72.73918,30.63758],[72.74056,30.63563],[72.75331,30.6432],[72.75779,30.63891],[72.75308,30.63097],[72.75041,30.63116],[72.74575,30.62849],[72.74085,30.62369],[72.74146,30.62241],[72.73334,30.61793],[72.73718,30.6111],[72.73193,30.60019],[72.73364,30.59605],[72.70541,30.59602],[72.70543,30.59473],[72.70956,30.59386],[72.70986,30.59044],[72.71306,30.59033],[72.71421,30.58681],[72.71244,30.58636],[72.71112,30.58309],[72.70553,30.57914],[72.70125,30.58468],[72.69868,30.58474],[72.69348,30.58239],[72.6876,30.57543],[72.65743,30.58174],[72.64953,30.57867],[72.6487,30.57301],[72.64259,30.5729],[72.64255,30.57521],[72.63571,30.5727],[72.63152,30.57482],[72.6319,30.5782],[72.63478,30.58117],[72.63214,30.58696],[72.62881,30.58852],[72.62375,30.57797],[72.61646,30.57272],[72.60848,30.57655],[72.59851,30.57423],[72.58714,30.57665],[72.5751,30.57698],[72.57554,30.57552],[72.56573,30.57454],[72.56282,30.57677],[72.56395,30.57971],[72.55857,30.58379],[72.55806,30.58881],[72.56511,30.58956],[72.57686,30.58429],[72.58177,30.58739],[72.57511,30.5958],[72.57065,30.59792],[72.56479,30.59473],[72.55991,30.59408],[72.56229,30.60339],[72.56083,30.60535],[72.5531,30.60767],[72.54727,30.61743],[72.54138,30.61618],[72.53704,30.61157],[72.53463,30.60702],[72.53659,30.60369],[72.53011,30.59803],[72.52461,30.59789],[72.52254,30.60153],[72.52304,30.60324],[72.52711,30.6051],[72.52566,30.60622],[72.51963,30.60524],[72.5169,30.59882],[72.50504,30.60247],[72.49902,30.59562],[72.49913,30.59311],[72.49699,30.59032],[72.48801,30.58263],[72.47362,30.57872],[72.4645,30.57824],[72.45486,30.58135],[72.45403,30.58351],[72.45234,30.58342],[72.45248,30.58869],[72.45021,30.58912],[72.4493,30.59539],[72.44556,30.59933],[72.43875,30.60119],[72.4361,30.60003],[72.43391,30.59617],[72.41696,30.60031],[72.4084,30.59656],[72.39922,30.60058],[72.39402,30.60515],[72.3911,30.60532],[72.38218,30.60287],[72.38329,30.6004],[72.3827,30.58552],[72.3721,30.57202],[72.3664,30.56918],[72.36654,30.56677],[72.36167,30.56667],[72.36048,30.57141],[72.36161,30.58255],[72.36935,30.58774],[72.36926,30.59048],[72.36709,30.59123],[72.36508,30.58776],[72.36319,30.58837],[72.35912,30.58529],[72.35499,30.58558],[72.34941,30.58189],[72.34414,30.5819],[72.33552,30.5768],[72.33354,30.5792],[72.32924,30.5765],[72.32772,30.58134],[72.32499,30.58301],[72.32234,30.5823],[72.32027,30.5795],[72.31259,30.58081],[72.31116,30.57989],[72.31173,30.57542],[72.31406,30.57361],[72.30848,30.57464],[72.30017,30.56779],[72.30198,30.56635],[72.30174,30.55665],[72.30051,30.55544],[72.30168,30.55489],[72.3018,30.54229],[72.30636,30.53837],[72.30256,30.53873],[72.30249,30.53758],[72.2914,30.53711],[72.28784,30.54096],[72.27147,30.53826],[72.27705,30.54312],[72.2888,30.56563],[72.28593,30.56764],[72.27944,30.5679],[72.27032,30.55919],[72.26622,30.55997],[72.26211,30.56414],[72.25305,30.56556],[72.25051,30.56464],[72.25042,30.55549],[72.24919,30.55697],[72.24722,30.55644],[72.24769,30.55247],[72.24581,30.54816],[72.23855,30.54796],[72.23855,30.55074],[72.23493,30.55076],[72.23493,30.55221],[72.22772,30.55369],[72.22772,30.55513],[72.2241,30.55514],[72.22411,30.55805],[72.22048,30.55806],[72.22049,30.56244],[72.21686,30.56243],[72.21689,30.56826],[72.20699,30.56932],[72.20158,30.56751],[72.1941,30.56866],[72.18193,30.5673],[72.16525,30.56931],[72.13743,30.57617],[72.14467,30.60749],[72.22704,30.76067],[72.23546,30.77383],[72.22482,30.78728],[72.21815,30.79995],[72.22629,30.79675],[72.22809,30.79828],[72.22872,30.80681],[72.25055,30.81976],[72.2517,30.82412],[72.25083,30.82804],[72.25612,30.83378],[72.25612,30.83797],[72.25254,30.83799],[72.25257,30.84385],[72.24895,30.84387],[72.24896,30.84819],[72.24347,30.84822],[72.226,30.84194],[72.22615,30.84637],[72.23001,30.84982],[72.23039,30.85233],[72.2291,30.85318],[72.23242,30.85725],[72.23501,30.86722],[72.24043,30.87351],[72.24074,30.88172],[72.24277,30.88293],[72.24665,30.88179],[72.24715,30.88504],[72.2552,30.89268],[72.27901,30.89598],[72.28753,30.89359],[72.29647,30.89546],[72.29648,30.8993],[72.30013,30.89928],[72.3002,30.91099],[72.30752,30.91099],[72.30752,30.91241],[72.31841,30.91389],[72.31848,30.92414],[72.32572,30.92566],[72.325,30.93051],[72.32926,30.93637],[72.32937,30.94037],[72.32422,30.94318],[72.326,30.94604],[72.32502,30.95002],[72.3206,30.95255],[72.32443,30.9576],[72.32603,30.95705],[72.32704,30.9648],[72.3346,30.96483],[72.33383,30.96903],[72.35091,30.98192],[72.3524,30.9857],[72.3515,30.99553],[72.35745,31.0056],[72.35555,31.01431],[72.35801,31.01943],[72.37164,31.0248],[72.3754,31.02941],[72.38013,31.03109],[72.39286,31.03028],[72.39501,31.03168],[72.3999,31.04153],[72.3804,31.0529],[72.38496,31.05601],[72.39189,31.06805],[72.40837,31.0785],[72.41262,31.07934],[72.42143,31.07719],[72.42192,31.10549],[72.42011,31.1069],[72.43878,31.11091],[72.45078,31.11647],[72.45117,31.11977],[72.4691,31.11828],[72.46915,31.1212],[72.47646,31.1228],[72.47658,31.1329],[72.48012,31.13302],[72.48012,31.14023],[72.47657,31.14023],[72.47192,31.14408],[72.47083,31.14298],[72.4657,31.14898],[72.46208,31.14898],[72.46209,31.15191],[72.48035,31.15193],[72.48031,31.15338],[72.48396,31.15338],[72.48397,31.1563],[72.48762,31.15631],[72.48766,31.1607],[72.4913,31.1607],[72.49145,31.17819],[72.48788,31.17823],[72.48792,31.18258],[72.47697,31.18547],[72.47704,31.19573],[72.4807,31.19574],[72.48073,31.20008],[72.4771,31.20009],[72.4765,31.20912],[72.47369,31.20953],[72.47138,31.21276],[72.4668,31.20819],[72.46167,31.21213],[72.45847,31.21051],[72.45425,31.21369],[72.46368,31.22404],[72.47398,31.23098],[72.49104,31.21822],[72.49342,31.22052],[72.49605,31.21856],[72.52156,31.24358],[72.53757,31.23156],[72.53987,31.2338],[72.53871,31.23476],[72.54054,31.23744],[72.54882,31.23983],[72.55269,31.24422],[72.55527,31.24232],[72.5576,31.24467],[72.57226,31.23356],[72.58618,31.24725],[72.58964,31.24461],[72.59215,31.24934],[72.59161,31.25249],[72.59357,31.25449],[72.58782,31.258],[72.5957,31.26577],[72.59441,31.26684],[72.60972,31.27128],[72.61196,31.27154],[72.61548,31.26339],[72.62354,31.26516],[72.63036,31.26004],[72.63606,31.26019],[72.64645,31.26977],[72.64394,31.27176],[72.6448,31.27268],[72.64262,31.27511],[72.64356,31.27606],[72.64094,31.27806],[72.64313,31.28031],[72.64095,31.28182],[72.64286,31.28491],[72.64091,31.28711],[72.64347,31.28973],[72.6367,31.29316],[72.63826,31.2956],[72.63578,31.29959],[72.63659,31.30137],[72.63364,31.30305],[72.63381,31.30831],[72.63747,31.30995],[72.64595,31.30747],[72.65443,31.30852],[72.65271,31.31435],[72.67396,31.31733],[72.68021,31.32911],[72.67722,31.33717],[72.6805,31.34323],[72.67997,31.34649],[72.67694,31.3498],[72.67678,31.35412],[72.67853,31.35652],[72.68798,31.36085],[72.69323,31.36681],[72.70122,31.363],[72.72111,31.35943],[72.72484,31.35564],[72.73413,31.36472],[72.73943,31.36073],[72.75263,31.37363],[72.75658,31.37301]]]]}},{"type":"Feature","properties":{"name":"Vehari"},"geometry":{"type":"MultiPolygon","coordinates":[[[[72.83242,30.36773],[72.83502,30.36228],[72.83479,30.34121],[72.81111,30.33264],[72.81122,30.32459],[72.88251,30.32982],[72.90368,30.32742],[72.91398,30.32812],[72.91473,30.31238],[72.93794,30.29741],[72.94633,30.2976],[72.94614,30.30004],[72.95329,30.30016],[72.95337,30.30272],[72.96567,30.30315],[72.96577,30.3053],[72.97161,30.30539],[72.97138,30.29304],[72.95447,30.27332],[72.92959,30.27251],[72.92872,30.26844],[72.93143,30.26347],[72.92954,30.25885],[72.92966,30.253],[72.92567,30.24995],[72.92557,30.24816],[72.93137,30.24032],[72.93155,30.23161],[72.92638,30.22586],[72.92739,30.2137],[72.93036,30.21297],[72.93092,30.20588],[72.92961,30.19971],[72.9242,30.19551],[72.92062,30.19581],[72.9204,30.12772],[72.9099,30.12761],[72.89959,30.11211],[72.90089,30.10282],[72.90614,30.10082],[72.9062,30.09497],[72.90977,30.09503],[72.90993,30.08716],[72.91323,30.08697],[72.91301,30.08434],[72.92043,30.08398],[72.91935,30.06982],[72.90639,30.06967],[72.90617,30.04747],[72.91663,30.05241],[72.91704,30.06561],[72.92674,30.06421],[72.92748,30.06852],[72.93227,30.06883],[72.9356,30.06727],[72.93541,30.06522],[72.94905,30.05588],[72.95013,30.05145],[72.94869,30.04971],[72.94576,30.0478],[72.93985,30.04778],[72.94149,30.03943],[72.93799,30.03336],[72.9379,30.01995],[72.93356,30.01479],[72.92687,30.02188],[72.91714,30.0247],[72.91928,30.0286],[72.91856,30.03146],[72.91041,30.03978],[72.89858,30.0388],[72.89345,30.03614],[72.88827,30.02797],[72.88837,30.0231],[72.8931,30.01745],[72.89295,30.01307],[72.88581,30.01203],[72.88527,30.01431],[72.87125,30.00428],[72.87068,29.9999],[72.85904,29.97894],[72.87307,29.97273],[72.88252,29.96171],[72.88566,29.96097],[72.88108,29.95581],[72.87136,29.95279],[72.85687,29.95735],[72.85463,29.98116],[72.84623,29.98573],[72.84169,29.99377],[72.81171,29.99564],[72.80102,29.99159],[72.79452,29.99155],[72.78267,29.9809],[72.78363,29.96731],[72.79487,29.9496],[72.78053,29.9364],[72.79318,29.91835],[72.79331,29.91241],[72.78928,29.90525],[72.78273,29.90378],[72.77721,29.90441],[72.769,29.90792],[72.75555,29.93597],[72.72877,29.93136],[72.73382,29.92629],[72.7309,29.92424],[72.72899,29.92535],[72.71906,29.91921],[72.72427,29.90937],[72.7233,29.90648],[72.72466,29.89985],[72.7195,29.9055],[72.71624,29.91921],[72.70589,29.90875],[72.70935,29.9014],[72.7225,29.89459],[72.72026,29.88217],[72.71068,29.86618],[72.70696,29.86945],[72.70511,29.8744],[72.69919,29.87551],[72.69153,29.88385],[72.68734,29.88513],[72.68268,29.88399],[72.67625,29.87677],[72.67514,29.87222],[72.67177,29.86807],[72.6688,29.8666],[72.65408,29.86994],[72.64509,29.86624],[72.64831,29.86221],[72.6419,29.86195],[72.63477,29.85517],[72.63604,29.85292],[72.63436,29.85047],[72.61005,29.85154],[72.6009,29.84956],[72.59525,29.84628],[72.59238,29.8385],[72.59643,29.82604],[72.59627,29.81848],[72.58102,29.81773],[72.57353,29.81927],[72.5679,29.82265],[72.56576,29.83198],[72.55801,29.84409],[72.55401,29.84477],[72.55005,29.8506],[72.53783,29.85369],[72.53403,29.85272],[72.53015,29.84826],[72.53007,29.82812],[72.52223,29.82339],[72.51502,29.82861],[72.51741,29.84469],[72.48848,29.8297],[72.48401,29.83126],[72.48542,29.84741],[72.4893,29.85883],[72.48473,29.86116],[72.47977,29.85834],[72.47971,29.847],[72.47454,29.85235],[72.46738,29.85571],[72.45718,29.8465],[72.43269,29.86013],[72.43086,29.8646],[72.42405,29.86868],[72.42115,29.87408],[72.4147,29.87288],[72.41565,29.87104],[72.408,29.86795],[72.39924,29.85117],[72.39959,29.84409],[72.37541,29.85478],[72.36577,29.84979],[72.35905,29.85223],[72.35839,29.84935],[72.36006,29.84817],[72.36033,29.84417],[72.35868,29.8407],[72.35323,29.84223],[72.33923,29.82835],[72.33653,29.81269],[72.33369,29.80819],[72.33078,29.81572],[72.32614,29.8172],[72.32599,29.82006],[72.31777,29.82011],[72.31504,29.8149],[72.31137,29.81397],[72.3081,29.80746],[72.30175,29.80833],[72.29747,29.81175],[72.28681,29.81425],[72.27926,29.82025],[72.2716,29.81809],[72.25957,29.79558],[72.2528,29.79708],[72.25204,29.79513],[72.25352,29.79173],[72.25857,29.79011],[72.25804,29.7828],[72.25445,29.78172],[72.25251,29.76887],[72.2415,29.76914],[72.23605,29.76752],[72.23607,29.76072],[72.2584,29.74544],[72.25913,29.73665],[72.26291,29.73021],[72.26754,29.72894],[72.27405,29.72185],[72.27837,29.7228],[72.2737,29.71067],[72.26703,29.70552],[72.26037,29.70617],[72.2517,29.70234],[72.24647,29.7046],[72.23544,29.70308],[72.22545,29.70838],[72.21857,29.70802],[72.21828,29.69198],[72.21388,29.67621],[72.21689,29.66482],[72.20706,29.66468],[72.21233,29.65198],[72.2099,29.64498],[72.19319,29.64169],[72.18821,29.64388],[72.18721,29.63262],[72.1934,29.62537],[72.19173,29.62033],[72.19496,29.61911],[72.19278,29.61512],[72.1879,29.61387],[72.17648,29.60325],[72.1709,29.60062],[72.16298,29.59394],[72.16029,29.58758],[72.15698,29.58579],[72.15409,29.58659],[72.15329,29.58872],[72.15084,29.58853],[72.14806,29.58539],[72.13989,29.58471],[72.13685,29.59582],[72.12935,29.60134],[72.1291,29.60276],[72.13269,29.6057],[72.13269,29.62076],[72.1442,29.62839],[72.14414,29.63139],[72.13417,29.63626],[72.13323,29.64599],[72.13051,29.64502],[72.12956,29.64244],[72.12554,29.64686],[72.11825,29.64216],[72.12207,29.6314],[72.11344,29.62559],[72.11062,29.62622],[72.10744,29.63458],[72.09711,29.62921],[72.08327,29.63995],[72.08341,29.64323],[72.08802,29.64567],[72.09083,29.64589],[72.09299,29.64404],[72.0959,29.64563],[72.10214,29.6529],[72.10208,29.65539],[72.09554,29.65512],[72.09199,29.65876],[72.08031,29.6573],[72.08018,29.65876],[72.07701,29.65876],[72.07709,29.6613],[72.07291,29.66121],[72.06828,29.66921],[72.04802,29.67002],[72.0451,29.6713],[72.04409,29.67014],[72.04347,29.67839],[72.03929,29.68111],[72.0322,29.68129],[72.02738,29.67693],[72.02512,29.68048],[72.0263,29.68502],[72.02884,29.68756],[72.02869,29.69019],[72.0275,29.69702],[72.02449,29.69938],[72.02775,29.70029],[72.02941,29.70381],[72.03202,29.70419],[72.0312,29.70656],[72.02184,29.70983],[72.00827,29.70988],[72.00388,29.71464],[72.00498,29.7203],[72.0003,29.72638],[71.99965,29.72226],[71.9936,29.7228],[71.99064,29.71599],[71.98702,29.71603],[71.98749,29.72527],[71.9847,29.72798],[71.97707,29.72792],[71.97565,29.72552],[71.96783,29.72509],[71.96635,29.73909],[71.97003,29.74059],[71.97193,29.74498],[71.98028,29.74545],[71.98615,29.74781],[71.99148,29.74726],[71.99679,29.74952],[72.00015,29.75271],[71.99741,29.75764],[71.99796,29.76418],[71.99929,29.76751],[72.00412,29.76925],[72.0054,29.77739],[72.00961,29.78106],[72.01862,29.78121],[72.02444,29.78804],[72.01957,29.78959],[72.01942,29.79222],[72.01283,29.7933],[72.0128,29.79223],[72.00931,29.79214],[72.00859,29.7943],[71.99886,29.79479],[71.99737,29.80612],[72.00118,29.80614],[72.00343,29.81055],[72.00619,29.81072],[72.00619,29.81196],[72.00197,29.81181],[71.99528,29.81435],[71.99163,29.81715],[71.9913,29.82019],[71.98384,29.8213],[71.98332,29.8301],[71.97355,29.83034],[71.97345,29.83271],[71.97062,29.83565],[71.95658,29.83586],[71.95628,29.83296],[71.95622,29.85298],[71.95045,29.85104],[71.93886,29.84224],[71.93875,29.84829],[71.94234,29.84836],[71.94225,29.85107],[71.94577,29.85114],[71.94574,29.85376],[71.94779,29.85381],[71.9457,29.85659],[71.9422,29.85654],[71.94213,29.85928],[71.93515,29.85916],[71.93489,29.86092],[71.93529,29.86503],[71.94173,29.86592],[71.94505,29.87043],[71.94523,29.87335],[71.94729,29.87424],[71.94501,29.88308],[71.93608,29.88492],[71.93473,29.88165],[71.93127,29.88103],[71.93061,29.87831],[71.92084,29.87611],[71.92101,29.86735],[71.92451,29.86686],[71.92319,29.86194],[71.9259,29.86117],[71.92402,29.85758],[71.91914,29.85753],[71.91911,29.85915],[71.91348,29.85972],[71.91134,29.85624],[71.90829,29.85696],[71.90952,29.86368],[71.9065,29.8651],[71.90636,29.86961],[71.91345,29.87002],[71.91389,29.86696],[71.91685,29.86697],[71.91734,29.87826],[71.9212,29.87847],[71.92097,29.8835],[71.92392,29.88405],[71.92391,29.88692],[71.92116,29.88692],[71.921,29.89189],[71.91949,29.89351],[71.91339,29.89368],[71.91333,29.89204],[71.90967,29.89199],[71.90984,29.88856],[71.90655,29.88835],[71.90637,29.89192],[71.90321,29.89184],[71.90303,29.89306],[71.9051,29.8933],[71.90326,29.89491],[71.90575,29.89635],[71.90431,29.89941],[71.90657,29.90022],[71.90406,29.90398],[71.90554,29.91457],[71.90951,29.91326],[71.9111,29.91583],[71.91378,29.91624],[71.91359,29.91789],[71.90859,29.91784],[71.89267,29.91146],[71.87557,29.91483],[71.87239,29.914],[71.86145,29.92031],[71.85062,29.9237],[71.85074,29.92066],[71.84729,29.92072],[71.84723,29.9181],[71.84033,29.91793],[71.84039,29.91251],[71.83706,29.91257],[71.83712,29.90966],[71.83004,29.91125],[71.8169,29.89498],[71.81294,29.89586],[71.8128,29.90131],[71.80928,29.90122],[71.80711,29.90666],[71.79874,29.90709],[71.79876,29.90928],[71.79526,29.90923],[71.79522,29.9119],[71.79177,29.91185],[71.79179,29.90919],[71.77787,29.91057],[71.77781,29.91704],[71.77986,29.91721],[71.77986,29.92195],[71.77769,29.92029],[71.77764,29.92246],[71.76376,29.92235],[71.76353,29.93069],[71.76707,29.93063],[71.76679,29.9388],[71.7633,29.93874],[71.76336,29.93606],[71.75993,29.93588],[71.76,29.93425],[71.75162,29.93167],[71.74439,29.93404],[71.74101,29.93703],[71.73899,29.94417],[71.73972,29.94693],[71.73405,29.95534],[71.73498,29.96337],[71.73877,29.96708],[71.7459,29.96385],[71.75013,29.96635],[71.75177,29.97938],[71.76053,29.98683],[71.76299,29.99462],[71.77362,30.00398],[71.77284,30.00818],[71.76818,30.01461],[71.77093,30.02019],[71.77949,30.02224],[71.80773,30.02196],[71.81402,30.01818],[71.81389,30.01474],[71.82625,30.01481],[71.82649,30.00467],[71.82856,30.00486],[71.83755,30.00837],[71.84416,30.0135],[71.84808,30.02573],[71.85652,30.02949],[71.85946,30.03965],[71.86327,30.0433],[71.86768,30.04276],[71.86735,30.03401],[71.87025,30.02623],[71.87294,30.025],[71.87685,30.0262],[71.88692,30.03659],[71.89711,30.05144],[71.92768,30.03768],[71.94136,30.03809],[71.94692,30.04344],[71.95415,30.04527],[71.96009,30.05],[71.96113,30.05497],[71.95741,30.06081],[71.95678,30.0664],[71.96529,30.07851],[71.96927,30.07896],[71.97412,30.07283],[71.97845,30.07254],[71.98546,30.0806],[71.99001,30.0907],[71.99833,30.09085],[72.01064,30.09915],[72.01609,30.10047],[72.05251,30.0838],[72.06899,30.07953],[72.08221,30.08084],[72.08813,30.07566],[72.09742,30.07464],[72.10097,30.06683],[72.10576,30.06643],[72.11183,30.06969],[72.11744,30.07524],[72.12674,30.09371],[72.12939,30.10266],[72.13948,30.1139],[72.14653,30.11796],[72.16442,30.12271],[72.17045,30.12231],[72.18076,30.11568],[72.18538,30.11609],[72.18609,30.1207],[72.17839,30.13055],[72.1739,30.14571],[72.17512,30.15098],[72.18003,30.1568],[72.18604,30.15925],[72.19555,30.15562],[72.20204,30.15509],[72.21712,30.15837],[72.22483,30.16638],[72.2368,30.17115],[72.23758,30.17683],[72.2401,30.17968],[72.25267,30.17914],[72.25951,30.18296],[72.26413,30.18366],[72.27379,30.17884],[72.2819,30.18321],[72.28566,30.18296],[72.2891,30.18555],[72.28604,30.19257],[72.28694,30.19757],[72.28895,30.19975],[72.29948,30.20252],[72.30673,30.20992],[72.31634,30.21081],[72.32243,30.21599],[72.32536,30.21534],[72.33442,30.20702],[72.35336,30.19999],[72.36566,30.20307],[72.38029,30.20929],[72.38896,30.2175],[72.3989,30.218],[72.39934,30.22905],[72.40736,30.22954],[72.41482,30.22276],[72.41294,30.21569],[72.40942,30.21395],[72.40448,30.20824],[72.40388,30.19988],[72.40974,30.19641],[72.41372,30.19649],[72.43908,30.18816],[72.44441,30.18922],[72.44979,30.18801],[72.45467,30.19061],[72.4577,30.18494],[72.4523,30.1815],[72.45318,30.17901],[72.4664,30.17234],[72.47177,30.17197],[72.48158,30.18564],[72.49047,30.18187],[72.49948,30.18384],[72.50107,30.18649],[72.49815,30.19324],[72.49851,30.20833],[72.50004,30.21027],[72.50411,30.20946],[72.51089,30.21328],[72.51112,30.21609],[72.5165,30.21942],[72.51835,30.22261],[72.51795,30.22458],[72.50843,30.22636],[72.50789,30.22856],[72.51461,30.2296],[72.51355,30.23326],[72.5198,30.24406],[72.5173,30.25863],[72.51932,30.26064],[72.52948,30.26095],[72.5352,30.25772],[72.53481,30.26493],[72.54091,30.26558],[72.54186,30.26861],[72.5433,30.26885],[72.54429,30.26797],[72.54302,30.26359],[72.54952,30.25948],[72.55211,30.26036],[72.5554,30.2655],[72.56114,30.26494],[72.56532,30.26246],[72.57212,30.26252],[72.57361,30.25241],[72.57697,30.24442],[72.57285,30.24684],[72.57101,30.24359],[72.57612,30.237],[72.57744,30.23643],[72.58047,30.23893],[72.58221,30.23783],[72.58125,30.22958],[72.5826,30.22781],[72.5876,30.22814],[72.58986,30.23147],[72.58525,30.23723],[72.58512,30.23979],[72.58701,30.24126],[72.59168,30.24117],[72.60101,30.23639],[72.60192,30.23861],[72.59878,30.24333],[72.60507,30.25018],[72.6031,30.25218],[72.60967,30.25319],[72.61961,30.2514],[72.62185,30.25276],[72.62185,30.25556],[72.61669,30.25559],[72.61609,30.25778],[72.62636,30.26215],[72.62684,30.26538],[72.62429,30.26843],[72.62021,30.26663],[72.62515,30.27245],[72.61997,30.27641],[72.61994,30.28053],[72.62265,30.28231],[72.62665,30.27892],[72.62876,30.28265],[72.63604,30.28072],[72.63564,30.28254],[72.63251,30.28392],[72.63252,30.2863],[72.64038,30.29104],[72.63608,30.29836],[72.64209,30.29704],[72.64864,30.30229],[72.64846,30.30413],[72.64449,30.30621],[72.64612,30.30988],[72.6492,30.31035],[72.65834,30.30503],[72.66198,30.30533],[72.666,30.31232],[72.66561,30.32043],[72.66886,30.32252],[72.67319,30.32265],[72.67799,30.32041],[72.68005,30.31729],[72.68393,30.31622],[72.68237,30.30951],[72.68457,30.30054],[72.69569,30.29274],[72.70003,30.29234],[72.70849,30.30108],[72.71258,30.30867],[72.71267,30.31673],[72.70904,30.32484],[72.71901,30.33384],[72.72561,30.33414],[72.73378,30.32288],[72.73726,30.32103],[72.75133,30.32215],[72.76176,30.32044],[72.76669,30.32118],[72.77014,30.32377],[72.76776,30.32848],[72.76931,30.33292],[72.77581,30.33452],[72.77771,30.33265],[72.7783,30.32788],[72.7838,30.32786],[72.78657,30.33029],[72.78724,30.33418],[72.787,30.33853],[72.78425,30.34159],[72.78704,30.34325],[72.79478,30.34141],[72.79998,30.34567],[72.79953,30.3553],[72.79602,30.35864],[72.79369,30.35807],[72.79499,30.35236],[72.79357,30.35102],[72.79021,30.35353],[72.78922,30.35799],[72.79898,30.36442],[72.80449,30.36439],[72.80952,30.3609],[72.8115,30.36487],[72.83242,30.36773]]]]}},{"type":"Feature","properties":{"name":"Wazirabad"},"geometry":{"type":"MultiPolygon","coordinates":[[[[74.20214,32.52267],[74.20905,32.49282],[74.20578,32.47171],[74.19922,32.44805],[74.20978,32.42075],[74.21051,32.40837],[74.2065,32.4],[74.21488,32.3858],[74.22689,32.37998],[74.22689,32.35705],[74.2247,32.34977],[74.23417,32.33666],[74.23586,32.3296],[74.22358,32.32631],[74.21613,32.32631],[74.21054,32.32258],[74.20449,32.31233],[74.19703,32.30674],[74.18958,32.30488],[74.18259,32.2965],[74.16629,32.28532],[74.15977,32.28485],[74.15372,32.28113],[74.12996,32.25644],[74.12111,32.24992],[74.11226,32.23502],[74.09177,32.23781],[74.07733,32.24526],[74.06755,32.2448],[74.05777,32.23548],[74.05498,32.2271],[74.04287,32.22477],[74.02051,32.22523],[74.01632,32.21871],[74.01352,32.20521],[74.01399,32.19589],[74.00467,32.19217],[73.96928,32.18518],[73.96182,32.17866],[73.95903,32.17307],[73.94925,32.1754],[73.92321,32.1754],[73.91532,32.17215],[73.91113,32.16703],[73.89902,32.16097],[73.89063,32.15911],[73.88458,32.15212],[73.87938,32.15118],[73.86641,32.15951],[73.86548,32.15166],[73.86874,32.14374],[73.86541,32.14],[73.86122,32.1414],[73.8547,32.14838],[73.8505,32.14885],[73.84724,32.15211],[73.837,32.15351],[73.82444,32.14234],[73.81844,32.14188],[73.81192,32.13815],[73.79374,32.13974],[73.78755,32.14702],[73.77663,32.16704],[73.7668,32.17469],[73.75515,32.17651],[73.7526,32.19507],[73.74532,32.20089],[73.7304,32.20745],[73.73186,32.22273],[73.72239,32.23584],[73.71366,32.24421],[73.7082,32.26095],[73.70055,32.27697],[73.68854,32.29226],[73.67876,32.34481],[73.68065,32.34549],[73.68283,32.33965],[73.68425,32.3397],[73.68632,32.34535],[73.69126,32.35023],[73.69715,32.3538],[73.70607,32.35547],[73.71315,32.36249],[73.7167,32.36347],[73.71644,32.3591],[73.71908,32.35931],[73.72945,32.36419],[73.72995,32.36009],[73.73303,32.35842],[73.73984,32.36261],[73.74299,32.36131],[73.74766,32.34775],[73.75002,32.34562],[73.75326,32.34678],[73.75192,32.34416],[73.75523,32.34398],[73.75553,32.34233],[73.76231,32.33966],[73.75929,32.33797],[73.7607,32.33684],[73.768,32.33634],[73.76864,32.33718],[73.76144,32.34159],[73.76543,32.34218],[73.76505,32.34547],[73.76743,32.34779],[73.76812,32.35905],[73.76968,32.3606],[73.76733,32.36592],[73.76963,32.36681],[73.77171,32.36555],[73.77291,32.35659],[73.78145,32.35801],[73.78188,32.3626],[73.78294,32.36101],[73.78893,32.36287],[73.78743,32.36994],[73.80318,32.36891],[73.80341,32.36558],[73.81925,32.3712],[73.82114,32.37391],[73.84204,32.38741],[73.85394,32.3859],[73.85411,32.39246],[73.86314,32.39204],[73.86433,32.39411],[73.87837,32.38929],[73.8825,32.39468],[73.88184,32.39723],[73.88753,32.39855],[73.89689,32.3988],[73.93373,32.39466],[73.94115,32.39717],[73.95468,32.40846],[73.96329,32.41272],[73.97057,32.42087],[73.97874,32.42514],[73.99627,32.42464],[74.02136,32.45526],[74.0299,32.43974],[74.03874,32.44169],[74.04692,32.44656],[74.04579,32.45097],[74.05813,32.45477],[74.05694,32.45659],[74.06703,32.46661],[74.07693,32.47119],[74.07993,32.47476],[74.09008,32.48083],[74.11392,32.48374],[74.12179,32.48637],[74.13271,32.49445],[74.13231,32.50527],[74.12975,32.51413],[74.13766,32.51996],[74.14944,32.52276],[74.15734,32.522],[74.16648,32.52429],[74.17362,32.5299],[74.18456,32.55122],[74.19122,32.55398],[74.20131,32.55389],[74.21141,32.5497],[74.21087,32.54196],[74.20214,32.52267]]]]}}]}