{"type":"FeatureCollection","features":[{"type":"Feature","properties":{"name":"Municipal Committee Sukheki"},"geometry":{"type":"MultiPolygon","coordinates":[[[[73.491911,31.897355],[73.492329,31.89732],[73.492453,31.897326],[73.492587,31.897237],[73.492615,31.897096],[73.492628,31.896643],[73.492691,31.895896],[73.492656,31.895461],[73.492779,31.895259],[73.49293,31.895011],[73.492877,31.894875],[73.492806,31.894729],[73.492667,31.894441],[73.49239,31.893931],[73.492228,31.893663],[73.492069,31.893647],[73.491935,31.89342],[73.491814,31.893185],[73.491633,31.89297],[73.491523,31.892777],[73.491466,31.892526],[73.491151,31.892082],[73.490945,31.891731],[73.490847,31.891515],[73.489915,31.890427],[73.489757,31.890213],[73.48959,31.889979],[73.489262,31.88952],[73.489155,31.88937],[73.489085,31.889272],[73.488631,31.888638],[73.488216,31.88805],[73.487816,31.887483],[73.487417,31.886918],[73.487281,31.886725],[73.487737,31.887485],[73.483462,31.881709],[73.481444,31.879266],[73.481166,31.878145],[73.481808,31.877838],[73.481881,31.877803],[73.481553,31.877131],[73.481336,31.876686],[73.48123,31.876255],[73.480973,31.875614],[73.481114,31.875512],[73.48131,31.87537],[73.481448,31.875297],[73.481618,31.875206],[73.481722,31.875152],[73.481733,31.875073],[73.481819,31.874449],[73.481894,31.873908],[73.481922,31.873443],[73.4821,31.873232],[73.482227,31.873081],[73.482237,31.873093],[73.48242,31.873315],[73.482439,31.873305],[73.482918,31.873068],[73.482933,31.87309],[73.483205,31.873471],[73.483093,31.873697],[73.483032,31.87382],[73.483012,31.873859],[73.483052,31.873894],[73.48345,31.874244],[73.483697,31.874462],[73.48479,31.874094],[73.486352,31.873569],[73.486997,31.873294],[73.487402,31.873193],[73.487962,31.874137],[73.488507,31.874042],[73.490047,31.873962],[73.490035,31.873923],[73.489172,31.871079],[73.489171,31.871066],[73.489165,31.870863],[73.489155,31.870698],[73.48914,31.870431],[73.490088,31.870286],[73.490414,31.870213],[73.490453,31.870078],[73.490464,31.870038],[73.49071,31.870008],[73.491704,31.869883],[73.491742,31.870125],[73.491851,31.870958],[73.49395,31.870671],[73.494201,31.871866],[73.503735,31.870552],[73.503838,31.871149],[73.508898,31.870506],[73.509431,31.870438],[73.514035,31.870767],[73.514286,31.870785],[73.517708,31.871108],[73.517685,31.87105],[73.516995,31.869307],[73.514864,31.86821],[73.514323,31.867871],[73.514171,31.867774],[73.513971,31.867188],[73.513738,31.866613],[73.515104,31.86627],[73.514868,31.865691],[73.519513,31.864379],[73.519529,31.864374],[73.519358,31.863894],[73.530898,31.861416],[73.530937,31.861407],[73.530748,31.860451],[73.530477,31.859089],[73.532435,31.858545],[73.533715,31.85819],[73.533701,31.858126],[73.533477,31.857104],[73.533346,31.85651],[73.533337,31.856512],[73.530955,31.857191],[73.530246,31.857345],[73.529855,31.85624],[73.527781,31.856876],[73.526665,31.857155],[73.524582,31.857343],[73.522912,31.857319],[73.522395,31.857374],[73.521983,31.855003],[73.52144,31.855081],[73.521111,31.855186],[73.519911,31.855391],[73.519485,31.855399],[73.519158,31.855405],[73.518802,31.855377],[73.517899,31.855308],[73.517145,31.855249],[73.515383,31.855353],[73.512571,31.85556],[73.512152,31.855578],[73.511057,31.855624],[73.511022,31.855625],[73.510951,31.855633],[73.510299,31.855707],[73.509411,31.855808],[73.508949,31.855861],[73.507805,31.855775],[73.506791,31.855957],[73.505882,31.85612],[73.504611,31.85514],[73.503548,31.854071],[73.502801,31.854158],[73.501834,31.854614],[73.50181,31.854626],[73.50031,31.852745],[73.498834,31.85325],[73.497893,31.853573],[73.496054,31.85385],[73.488626,31.861491],[73.488369,31.861755],[73.488356,31.861752],[73.486071,31.861188],[73.484854,31.860887],[73.48419,31.861034],[73.482729,31.861212],[73.478599,31.861822],[73.478157,31.85948],[73.477781,31.859416],[73.477629,31.858767],[73.477599,31.858637],[73.477524,31.858645],[73.475874,31.858806],[73.475859,31.858808],[73.474853,31.858907],[73.474849,31.858907],[73.47304,31.859084],[73.467257,31.859703],[73.466568,31.859803],[73.465749,31.859861],[73.465713,31.859972],[73.464236,31.86447],[73.464039,31.864882],[73.463826,31.86566],[73.463803,31.865747],[73.463691,31.865945],[73.463565,31.866169],[73.463319,31.866614],[73.463314,31.866738],[73.463293,31.867204],[73.463279,31.867694],[73.463348,31.868158],[73.463212,31.868364],[73.463107,31.868404],[73.463077,31.868415],[73.463032,31.868661],[73.463007,31.868802],[73.462823,31.869197],[73.462585,31.869707],[73.462522,31.869905],[73.462274,31.870693],[73.46164,31.872703],[73.461321,31.873468],[73.461116,31.873962],[73.461046,31.87413],[73.460862,31.874442],[73.460551,31.874973],[73.460349,31.875317],[73.460277,31.875563],[73.459848,31.876216],[73.459494,31.876845],[73.459512,31.876928],[73.459636,31.877481],[73.459648,31.878116],[73.459895,31.878884],[73.460569,31.880365],[73.460843,31.880684],[73.461131,31.881244],[73.461315,31.881704],[73.461766,31.883126],[73.461848,31.883595],[73.462187,31.88456],[73.462988,31.886368],[73.463936,31.88833],[73.467469,31.888541],[73.46997,31.89123],[73.472929,31.894412],[73.475288,31.896882],[73.476099,31.896938],[73.476503,31.896967],[73.477135,31.898322],[73.480132,31.898351],[73.48014,31.898351],[73.480158,31.898249],[73.480351,31.897112],[73.48045,31.896991],[73.481053,31.896252],[73.481148,31.896137],[73.481426,31.896202],[73.483514,31.896693],[73.485815,31.897539],[73.486199,31.897662],[73.486716,31.897826],[73.487336,31.898148],[73.488296,31.898647],[73.489262,31.899216],[73.491642,31.90062],[73.492178,31.899293],[73.492147,31.899004],[73.492137,31.898915],[73.492016,31.897784],[73.491911,31.897355]]]]}},{"type":"Feature","properties":{"name":"District Council Hafizabad"},"geometry":{"type":"MultiPolygon","coordinates":[[[[73.678763,32.344806],[73.678321,32.342067],[73.678519,32.342128],[73.680037,32.335696],[73.680778,32.332554],[73.681893,32.32783],[73.685992,32.310456],[73.686667,32.305632],[73.687497,32.299707],[73.68854,32.292256],[73.693332,32.286158],[73.700552,32.276969],[73.702291,32.273324],[73.702292,32.273323],[73.704121,32.26949],[73.708035,32.261291],[73.708196,32.260953],[73.713656,32.244209],[73.721349,32.236836],[73.722392,32.235837],[73.726646,32.229946],[73.727541,32.228707],[73.731856,32.222733],[73.731232,32.216183],[73.7304,32.207445],[73.733161,32.206233],[73.745323,32.200893],[73.752603,32.19507],[73.753446,32.191696],[73.754787,32.186334],[73.755151,32.176506],[73.762173,32.175409],[73.763211,32.175247],[73.766799,32.174686],[73.776627,32.167042],[73.780267,32.159398],[73.784551,32.152115],[73.787547,32.147022],[73.79122,32.142701],[73.793735,32.139742],[73.80087,32.139346],[73.803804,32.139183],[73.806839,32.139014],[73.806883,32.138136],[73.806956,32.138136],[73.807232,32.132625],[73.807276,32.131749],[73.802908,32.118645],[73.800341,32.113084],[73.800302,32.112999],[73.79978,32.111869],[73.79854,32.109181],[73.800342,32.100826],[73.80035,32.100789],[73.802363,32.091454],[73.802471,32.090955],[73.802539,32.090642],[73.802544,32.090618],[73.802471,32.090391],[73.801305,32.086756],[73.800459,32.084118],[73.798344,32.077525],[73.796356,32.071326],[73.801507,32.067966],[73.80144,32.067948],[73.813021,32.060395],[73.813044,32.060442],[73.8131,32.060406],[73.81777,32.058023],[73.826538,32.053549],[73.828824,32.052383],[73.828821,32.05237],[73.830907,32.051306],[73.824405,32.04384],[73.82108,32.040022],[73.821586,32.038631],[73.821623,32.038604],[73.822564,32.036018],[73.824626,32.016073],[73.82474,32.014973],[73.824747,32.014907],[73.817832,32.003987],[73.811697,31.994784],[73.810552,31.993067],[73.810549,31.993048],[73.810244,31.990526],[73.810177,31.989973],[73.809096,31.981055],[73.809096,31.980877],[73.809023,31.980836],[73.794462,31.972668],[73.791237,31.971168],[73.778811,31.965388],[73.77881,31.965388],[73.778051,31.964861],[73.765706,31.956288],[73.75879,31.946824],[73.756742,31.945104],[73.749691,31.939181],[73.74968,31.93916],[73.746415,31.932629],[73.743139,31.925349],[73.743136,31.925347],[73.74024,31.923303],[73.736951,31.920981],[73.73695,31.920981],[73.734103,31.921337],[73.731231,31.921696],[73.725576,31.922403],[73.725302,31.922437],[73.720207,31.916613],[73.720183,31.916494],[73.720099,31.916398],[73.718675,31.909274],[73.713451,31.905268],[73.713463,31.905261],[73.71294,31.904861],[73.71294,31.90486],[73.712925,31.904865],[73.692179,31.888949],[73.689604,31.889031],[73.673832,31.889535],[73.671429,31.889611],[73.671277,31.889616],[73.657964,31.890041],[73.65015,31.887892],[73.644324,31.88629],[73.641648,31.885554],[73.628844,31.882033],[73.623472,31.878567],[73.606276,31.867473],[73.597057,31.869716],[73.592808,31.870749],[73.581161,31.879849],[73.568785,31.891861],[73.559321,31.889313],[73.558957,31.879121],[73.560644,31.874228],[73.562597,31.868565],[73.562597,31.859085],[73.562597,31.858009],[73.560948,31.84835],[73.560049,31.843086],[73.559401,31.842506],[73.546217,31.83071],[73.534205,31.819426],[73.527336,31.814592],[73.524377,31.81251],[73.522194,31.80596],[73.522193,31.805959],[73.512499,31.811806],[73.511124,31.812635],[73.499262,31.81979],[73.498927,31.820011],[73.493481,31.823593],[73.491606,31.824827],[73.48543,31.82889],[73.482157,31.830569],[73.471235,31.83617],[73.470572,31.836391],[73.462499,31.839082],[73.462498,31.839082],[73.459714,31.828803],[73.457766,31.82161],[73.453229,31.812931],[73.450152,31.807045],[73.449394,31.805594],[73.436274,31.804501],[73.431923,31.804138],[73.426262,31.805339],[73.419911,31.806686],[73.417741,31.809217],[73.411175,31.816878],[73.407525,31.820325],[73.404623,31.823066],[73.399527,31.807414],[73.396251,31.802318],[73.388608,31.798314],[73.388607,31.798314],[73.386505,31.798431],[73.383295,31.798609],[73.375504,31.799042],[73.375503,31.799042],[73.374167,31.798448],[73.359123,31.791762],[73.358033,31.791853],[73.34602,31.792854],[73.345308,31.79288],[73.336192,31.793218],[73.329872,31.785694],[73.328548,31.784118],[73.327042,31.773828],[73.326364,31.769194],[73.324767,31.769194],[73.313989,31.769194],[73.313988,31.769194],[73.30598,31.764826],[73.301001,31.764241],[73.299792,31.764099],[73.296838,31.764571],[73.293428,31.765116],[73.290692,31.765554],[73.290273,31.765606],[73.289152,31.766083],[73.288544,31.766349],[73.287922,31.76662],[73.287434,31.766832],[73.286978,31.767026],[73.285795,31.767359],[73.283868,31.767902],[73.282098,31.768346],[73.281382,31.768525],[73.280449,31.768758],[73.279626,31.76884],[73.2784,31.768962],[73.276849,31.769115],[73.276079,31.769192],[73.275291,31.76916],[73.274509,31.769129],[73.27333,31.769082],[73.271546,31.768613],[73.2709,31.768444],[73.270123,31.76824],[73.269363,31.767952],[73.267334,31.767183],[73.265561,31.766511],[73.264738,31.766194],[73.26271,31.765344],[73.261943,31.765023],[73.259238,31.763845],[73.257692,31.763171],[73.256204,31.762801],[73.255499,31.762627],[73.254971,31.762495],[73.253854,31.762219],[73.253432,31.762114],[73.252878,31.762029],[73.252043,31.761898],[73.251797,31.76186],[73.251292,31.761783],[73.249762,31.761549],[73.2492,31.761607],[73.248452,31.76126],[73.247301,31.760725],[73.246811,31.760548],[73.246481,31.760429],[73.246037,31.760188],[73.245036,31.759645],[73.244896,31.759569],[73.243055,31.758568],[73.24082,31.757354],[73.240482,31.757171],[73.240295,31.757069],[73.240077,31.756951],[73.238818,31.757153],[73.238411,31.757218],[73.237925,31.757296],[73.235695,31.757654],[73.23411,31.757909],[73.23391,31.757941],[73.233818,31.757939],[73.233735,31.757969],[73.233458,31.757988],[73.233295,31.757993],[73.232947,31.758003],[73.232094,31.758049],[73.23157,31.758082],[73.231494,31.758087],[73.231206,31.758115],[73.231019,31.758133],[73.230754,31.758147],[73.229476,31.758281],[73.229208,31.758309],[73.228499,31.758418],[73.228401,31.758436],[73.228123,31.758489],[73.227739,31.758547],[73.227551,31.758588],[73.227384,31.758608],[73.227263,31.758621],[73.227105,31.758639],[73.227028,31.758653],[73.226933,31.758668],[73.226701,31.758705],[73.226432,31.758737],[73.226277,31.758761],[73.225918,31.758801],[73.225626,31.758837],[73.22526,31.758885],[73.22524,31.758888],[73.225007,31.758923],[73.224898,31.758949],[73.224829,31.758979],[73.224761,31.75901],[73.224658,31.759114],[73.224602,31.759172],[73.224494,31.759313],[73.224348,31.759507],[73.224273,31.759606],[73.224243,31.759646],[73.224177,31.759724],[73.223963,31.760045],[73.223667,31.760417],[73.223465,31.760723],[73.223387,31.76083],[73.223255,31.761011],[73.22322,31.761071],[73.223197,31.761124],[73.223128,31.761345],[73.22304,31.761552],[73.222951,31.761787],[73.222892,31.761939],[73.222842,31.762073],[73.22283,31.762105],[73.222799,31.762186],[73.222643,31.762647],[73.222464,31.763172],[73.222449,31.763216],[73.222264,31.763732],[73.222065,31.76441],[73.222052,31.76446],[73.221939,31.764816],[73.221895,31.764935],[73.221797,31.7652],[73.221712,31.765431],[73.221503,31.766017],[73.221489,31.766059],[73.221228,31.766838],[73.221204,31.766909],[73.221121,31.767171],[73.221099,31.767241],[73.220828,31.76784],[73.220777,31.767957],[73.220575,31.768437],[73.22052,31.768547],[73.22032,31.769101],[73.220119,31.76962],[73.220054,31.769788],[73.22001,31.769898],[73.219763,31.770515],[73.219606,31.770935],[73.219526,31.771104],[73.219494,31.771198],[73.219481,31.771235],[73.21938,31.771526],[73.219331,31.771648],[73.219171,31.771956],[73.218964,31.772372],[73.218885,31.77253],[73.218845,31.772611],[73.218548,31.77319],[73.2183,31.773693],[73.218257,31.773782],[73.218032,31.774214],[73.218028,31.774223],[73.217886,31.774505],[73.217789,31.774762],[73.217572,31.775228],[73.217493,31.775396],[73.217358,31.775646],[73.21728,31.775789],[73.217236,31.77587],[73.216959,31.776443],[73.21685,31.776661],[73.216759,31.776847],[73.216595,31.777074],[73.216534,31.777159],[73.216134,31.777711],[73.215803,31.778184],[73.215801,31.778187],[73.21566,31.778384],[73.215333,31.778842],[73.214945,31.779417],[73.214814,31.779597],[73.214768,31.77966],[73.214641,31.779834],[73.214395,31.780165],[73.214351,31.780224],[73.214331,31.780258],[73.214128,31.780551],[73.214084,31.780601],[73.213956,31.780732],[73.213853,31.780912],[73.213795,31.781033],[73.213552,31.781543],[73.213229,31.782181],[73.213099,31.78246],[73.212972,31.782731],[73.212917,31.782823],[73.212856,31.782944],[73.212708,31.783239],[73.212676,31.783224],[73.212632,31.783185],[73.212615,31.78317],[73.212598,31.783114],[73.212611,31.783036],[73.212676,31.782899],[73.212706,31.782781],[73.212699,31.782665],[73.212545,31.782254],[73.21193,31.780556],[73.211817,31.780261],[73.211344,31.77903],[73.210868,31.777769],[73.210717,31.77732],[73.210556,31.776897],[73.210163,31.775877],[73.20986,31.775089],[73.209548,31.774217],[73.209084,31.772956],[73.2087,31.771966],[73.208691,31.771943],[73.208301,31.77091],[73.207687,31.769317],[73.205412,31.769953],[73.20436,31.770257],[73.204321,31.770263],[73.203833,31.769],[73.203431,31.767877],[73.203255,31.767398],[73.20242,31.76763],[73.202398,31.767636],[73.201737,31.767831],[73.201046,31.767991],[73.200278,31.768188],[73.199883,31.768318],[73.199861,31.768325],[73.200047,31.768789],[73.20043,31.769738],[73.200544,31.770023],[73.200563,31.77009],[73.200655,31.770292],[73.200777,31.770612],[73.200995,31.771166],[73.198176,31.771943],[73.197642,31.772089],[73.197591,31.772108],[73.19767,31.772325],[73.197827,31.772817],[73.197989,31.773253],[73.198014,31.77335],[73.198074,31.773467],[73.198334,31.774121],[73.19867,31.774993],[73.198694,31.774984],[73.202001,31.774068],[73.202473,31.775255],[73.202775,31.776085],[73.202787,31.776119],[73.203161,31.777097],[73.203457,31.777891],[73.203501,31.778011],[73.203895,31.779052],[73.204295,31.780145],[73.204654,31.781074],[73.204877,31.781702],[73.205137,31.782334],[73.205322,31.782822],[73.205373,31.782948],[73.205759,31.783899],[73.205809,31.784024],[73.206067,31.784734],[73.206296,31.785343],[73.206635,31.786117],[73.208349,31.785676],[73.209281,31.785437],[73.209525,31.786148],[73.209784,31.786931],[73.209885,31.787236],[73.209819,31.787254],[73.209821,31.78726],[73.20988,31.787512],[73.209928,31.787715],[73.210042,31.788053],[73.209915,31.788349],[73.209888,31.788412],[73.209801,31.788615],[73.209744,31.788747],[73.209742,31.788754],[73.20967,31.788921],[73.209652,31.788962],[73.209628,31.789006],[73.209498,31.789245],[73.209456,31.789323],[73.209364,31.789491],[73.209346,31.789524],[73.20934,31.789535],[73.208995,31.790167],[73.208991,31.790176],[73.208762,31.790012],[73.208748,31.790002],[73.208502,31.789826],[73.205468,31.792324],[73.203828,31.793674],[73.201803,31.795928],[73.199778,31.798182],[73.197097,31.803127],[73.194359,31.808945],[73.194473,31.810399],[73.191164,31.811175],[73.190936,31.811902],[73.191564,31.816119],[73.191735,31.819173],[73.190423,31.82019],[73.188027,31.821499],[73.18546,31.822178],[73.182437,31.822856],[73.180155,31.822905],[73.176162,31.822469],[73.175021,31.822565],[73.171484,31.825134],[73.172226,31.829739],[73.16926,31.834003],[73.160076,31.837735],[73.154828,31.836039],[73.151633,31.837977],[73.148382,31.838898],[73.149637,31.841515],[73.148952,31.841951],[73.145815,31.846021],[73.148838,31.84762],[73.15015,31.848541],[73.151805,31.851012],[73.145986,31.855034],[73.147754,31.858764],[73.148211,31.859443],[73.156311,31.872911],[73.157452,31.874655],[73.158022,31.87882],[73.158022,31.881436],[73.158992,31.882841],[73.159448,31.884488],[73.159867,31.886846],[73.159905,31.887055],[73.160361,31.889573],[73.160706,31.890306],[73.164196,31.893086],[73.165206,31.893891],[73.175566,31.902143],[73.175269,31.906683],[73.172743,31.906305],[73.168044,31.906119],[73.166356,31.906053],[73.162092,31.905807],[73.162875,31.907283],[73.163673,31.909203],[73.163827,31.909573],[73.163983,31.910353],[73.164345,31.911134],[73.164497,31.912135],[73.16552,31.912136],[73.165888,31.913228],[73.169996,31.913174],[73.169599,31.914349],[73.169605,31.914353],[73.169587,31.914498],[73.169561,31.914582],[73.169399,31.915084],[73.169255,31.915533],[73.169102,31.916008],[73.169135,31.916203],[73.169209,31.916651],[73.169251,31.916968],[73.169316,31.917472],[73.169409,31.917614],[73.169588,31.917864],[73.169677,31.918028],[73.169766,31.918193],[73.170066,31.918599],[73.170701,31.919592],[73.17185,31.921226],[73.172328,31.921929],[73.1727,31.922476],[73.173357,31.923204],[73.174144,31.923977],[73.174186,31.92453],[73.174187,31.924539],[73.174244,31.925095],[73.174173,31.925181],[73.174226,31.925669],[73.174235,31.925752],[73.174824,31.926345],[73.175001,31.926523],[73.175111,31.926525],[73.175244,31.926509],[73.175415,31.926537],[73.175481,31.926571],[73.175586,31.926785],[73.175705,31.927047],[73.175886,31.927318],[73.1761,31.927641],[73.176367,31.928151],[73.176619,31.928795],[73.176707,31.92902],[73.176914,31.929607],[73.177214,31.930368],[73.177432,31.930882],[73.177678,31.93146],[73.177711,31.931542],[73.177952,31.932137],[73.178105,31.932512],[73.178246,31.93309],[73.178403,31.933561],[73.178603,31.933959],[73.178611,31.934011],[73.178541,31.934524],[73.178537,31.934908],[73.178164,31.93464],[73.177823,31.934318],[73.177409,31.93468],[73.176834,31.935047],[73.177075,31.935548],[73.177315,31.936048],[73.177359,31.93614],[73.177633,31.936708],[73.177773,31.937001],[73.177327,31.937055],[73.17642,31.937163],[73.175497,31.937274],[73.175475,31.937277],[73.174554,31.937406],[73.173614,31.937539],[73.172661,31.937679],[73.171258,31.937885],[73.171802,31.938849],[73.171983,31.939168],[73.172017,31.939229],[73.172066,31.939317],[73.172076,31.939333],[73.172203,31.939547],[73.172446,31.939955],[73.172469,31.939993],[73.172611,31.940233],[73.173004,31.940893],[73.173362,31.941552],[73.173725,31.94222],[73.173928,31.942594],[73.174069,31.94286],[73.174408,31.943505],[73.175444,31.943382],[73.176357,31.943268],[73.176554,31.943244],[73.177272,31.943154],[73.178086,31.94307],[73.178193,31.943059],[73.17912,31.942962],[73.179617,31.942912],[73.179702,31.942904],[73.179696,31.942933],[73.179642,31.943007],[73.179551,31.94313],[73.179269,31.943514],[73.179205,31.943601],[73.178989,31.943894],[73.179037,31.943978],[73.179116,31.944116],[73.179182,31.945114],[73.1792,31.945391],[73.179249,31.946134],[73.179599,31.946771],[73.179821,31.947225],[73.179924,31.947436],[73.180243,31.948086],[73.180406,31.948406],[73.180663,31.94865],[73.181147,31.949112],[73.181628,31.949569],[73.182114,31.950039],[73.182593,31.950502],[73.182797,31.950688],[73.182995,31.951046],[73.183306,31.951606],[73.183331,31.951686],[73.183414,31.95193],[73.18356,31.952358],[73.183565,31.952449],[73.183627,31.953431],[73.183878,31.954156],[73.184085,31.954976],[73.184196,31.955417],[73.184218,31.955866],[73.184267,31.956882],[73.184662,31.957461],[73.185045,31.958023],[73.185446,31.95859],[73.185692,31.958937],[73.185917,31.95908],[73.186465,31.959427],[73.187036,31.959789],[73.187586,31.960149],[73.188148,31.960516],[73.188693,31.960897],[73.18874,31.960931],[73.189138,31.961224],[73.189249,31.961271],[73.189884,31.961541],[73.190523,31.961813],[73.191335,31.962148],[73.191326,31.962156],[73.191662,31.962505],[73.192122,31.962998],[73.192581,31.963497],[73.192975,31.963921],[73.194043,31.965152],[73.194371,31.965501],[73.194652,31.965854],[73.194872,31.966184],[73.195138,31.966559],[73.195345,31.966835],[73.195426,31.96707],[73.19564,31.967269],[73.196006,31.9675],[73.196953,31.968068],[73.197803,31.96857],[73.198392,31.968836],[73.19928,31.969238],[73.19963,31.969424],[73.200061,31.969526],[73.200427,31.969598],[73.200594,31.969621],[73.200717,31.969657],[73.200934,31.969776],[73.201196,31.969978],[73.201365,31.970145],[73.201461,31.970219],[73.20166,31.97037],[73.201765,31.970423],[73.202016,31.970534],[73.202276,31.970871],[73.202701,31.971421],[73.20277,31.971511],[73.20279,31.971537],[73.203011,31.971725],[73.20323,31.971895],[73.203271,31.971927],[73.203567,31.972233],[73.20362,31.972289],[73.204075,31.972697],[73.204108,31.972727],[73.204279,31.972893],[73.204582,31.973186],[73.204601,31.973215],[73.204758,31.973443],[73.204808,31.973573],[73.204811,31.973577],[73.205186,31.974102],[73.205353,31.974392],[73.205946,31.974773],[73.206001,31.974795],[73.206409,31.975002],[73.206432,31.975016],[73.20685,31.975261],[73.20779,31.975743],[73.20829,31.976008],[73.208864,31.976345],[73.209115,31.976499],[73.209484,31.976767],[73.209519,31.976793],[73.210097,31.977202],[73.210729,31.977642],[73.211224,31.977988],[73.21132,31.978055],[73.211731,31.97834],[73.211811,31.9784],[73.212119,31.978626],[73.212231,31.97871],[73.212325,31.978799],[73.212359,31.978902],[73.212416,31.979142],[73.212456,31.979316],[73.212475,31.979395],[73.212877,31.979665],[73.213071,31.979813],[73.213301,31.979989],[73.213509,31.98012],[73.214234,31.980447],[73.214292,31.980475],[73.214642,31.980634],[73.215102,31.980784],[73.215321,31.980855],[73.21542,31.980861],[73.215523,31.980784],[73.215582,31.98072],[73.216016,31.980984],[73.216555,31.981351],[73.216623,31.981397],[73.217266,31.981809],[73.21738,31.981892],[73.217651,31.982204],[73.217873,31.982494],[73.218178,31.98285],[73.218451,31.983202],[73.218532,31.983307],[73.21882,31.983665],[73.219198,31.984169],[73.219259,31.984263],[73.219448,31.984557],[73.219657,31.984959],[73.219895,31.985418],[73.220119,31.985872],[73.22023,31.986225],[73.220364,31.986695],[73.22055,31.987226],[73.220763,31.987937],[73.220888,31.988281],[73.221159,31.989026],[73.221431,31.989771],[73.221625,31.990131],[73.221737,31.990314],[73.221787,31.990607],[73.221804,31.990807],[73.22178,31.990876],[73.221702,31.990983],[73.221628,31.99109],[73.221525,31.991404],[73.221452,31.991666],[73.221333,31.991873],[73.221176,31.992248],[73.221099,31.992569],[73.221071,31.992697],[73.221037,31.992856],[73.220989,31.993161],[73.220953,31.993464],[73.220904,31.993867],[73.220872,31.994134],[73.220853,31.994334],[73.220833,31.994511],[73.220804,31.99468],[73.220755,31.995038],[73.220705,31.995393],[73.220661,31.995782],[73.220642,31.995954],[73.220617,31.99617],[73.220577,31.996467],[73.220566,31.996617],[73.220589,31.996707],[73.220661,31.996992],[73.220882,31.997688],[73.221008,31.998167],[73.22116,31.998668],[73.221301,31.999159],[73.221341,31.999306],[73.221486,31.999844],[73.221826,32.001589],[73.221858,32.00158],[73.222039,32.001529],[73.222587,32.004303],[73.222731,32.004305],[73.222665,32.004799],[73.222597,32.005304],[73.222584,32.0054],[73.222574,32.00548],[73.222447,32.006139],[73.222361,32.006559],[73.222313,32.006796],[73.22221,32.007465],[73.222106,32.008111],[73.221966,32.008754],[73.221884,32.009203],[73.221848,32.009401],[73.221736,32.010047],[73.221691,32.010303],[73.221626,32.010676],[73.221509,32.011308],[73.221399,32.011829],[73.221373,32.011953],[73.22124,32.012583],[73.22112,32.013238],[73.221003,32.013887],[73.220992,32.013964],[73.220838,32.014006],[73.220862,32.014765],[73.22087,32.014945],[73.220895,32.015514],[73.220898,32.015589],[73.220928,32.016285],[73.220962,32.017066],[73.221009,32.017825],[73.221056,32.018562],[73.220486,32.018685],[73.220137,32.01876],[73.219234,32.018953],[73.219228,32.018954],[73.219176,32.018964],[73.218235,32.019137],[73.218226,32.019138],[73.21732,32.01925],[73.217277,32.019256],[73.216609,32.01935],[73.216466,32.019405],[73.215818,32.019651],[73.21517,32.019898],[73.215119,32.019918],[73.214633,32.020103],[73.214491,32.020157],[73.214485,32.020159],[73.214182,32.020282],[73.214139,32.020299],[73.213839,32.020487],[73.213178,32.020766],[73.212828,32.020913],[73.212504,32.02105],[73.212491,32.021055],[73.211822,32.021338],[73.211803,32.021346],[73.211562,32.021431],[73.211115,32.021589],[73.211102,32.021594],[73.210415,32.021882],[73.209752,32.022161],[73.209729,32.02217],[73.20907,32.022447],[73.209047,32.022456],[73.208339,32.02273],[73.20807,32.022834],[73.209084,32.023413],[73.209097,32.02342],[73.209655,32.023746],[73.210202,32.024066],[73.210212,32.024071],[73.210761,32.024381],[73.210766,32.024384],[73.211337,32.024685],[73.211914,32.024989],[73.21214,32.025109],[73.212169,32.025124],[73.212183,32.025132],[73.2125,32.025317],[73.212611,32.025381],[73.213,32.025608],[73.213109,32.025671],[73.213112,32.025673],[73.213705,32.025988],[73.214178,32.026239],[73.214283,32.026295],[73.214299,32.026303],[73.214869,32.026606],[73.215452,32.026916],[73.215641,32.027016],[73.215845,32.027124],[73.216042,32.027229],[73.216634,32.027543],[73.217213,32.027842],[73.217221,32.027845],[73.217461,32.027971],[73.217807,32.028151],[73.218397,32.028459],[73.218971,32.028758],[73.218986,32.028766],[73.219583,32.029072],[73.220188,32.029381],[73.220206,32.02939],[73.220801,32.029691],[73.221405,32.029997],[73.221409,32.029999],[73.22199,32.030308],[73.222577,32.030619],[73.222587,32.030625],[73.223168,32.030977],[73.223176,32.030982],[73.223763,32.031309],[73.224363,32.031643],[73.224742,32.031854],[73.225075,32.031843],[73.225081,32.031843],[73.225384,32.031841],[73.22596,32.031837],[73.225982,32.031837],[73.226267,32.031827],[73.226723,32.031963],[73.227428,32.032173],[73.228145,32.032387],[73.228152,32.032389],[73.228585,32.032514],[73.228904,32.032546],[73.229718,32.032628],[73.230058,32.032662],[73.230267,32.032683],[73.230533,32.03271],[73.231374,32.032777],[73.231418,32.032781],[73.231954,32.032918],[73.232131,32.032921],[73.232142,32.032921],[73.232983,32.032962],[73.233824,32.033003],[73.233834,32.033003],[73.23467,32.03306],[73.235783,32.033136],[73.23587,32.033142],[73.235885,32.033141],[73.235842,32.033746],[73.235866,32.03449],[73.235974,32.035298],[73.236068,32.03608],[73.236071,32.036146],[73.236108,32.036856],[73.236148,32.03754],[73.236152,32.037617],[73.236101,32.038207],[73.236091,32.038318],[73.236005,32.039],[73.235958,32.039709],[73.235909,32.040432],[73.235983,32.041098],[73.235992,32.041226],[73.236103,32.041456],[73.236265,32.041819],[73.236454,32.042243],[73.236597,32.042465],[73.236968,32.043079],[73.237332,32.043706],[73.237526,32.044058],[73.237729,32.044269],[73.238199,32.044761],[73.238301,32.044865],[73.238783,32.045138],[73.239383,32.045458],[73.239985,32.045776],[73.240586,32.046102],[73.241189,32.046401],[73.24176,32.04668],[73.241808,32.046703],[73.242427,32.047008],[73.243041,32.047309],[73.243646,32.04762],[73.244249,32.047937],[73.244845,32.048263],[73.245183,32.048462],[73.245441,32.048614],[73.246011,32.048972],[73.246328,32.049167],[73.246487,32.049003],[73.246943,32.048514],[73.247075,32.048383],[73.247337,32.048424],[73.247989,32.048537],[73.248997,32.048269],[73.249975,32.048093],[73.250942,32.047942],[73.251711,32.047644],[73.251917,32.047565],[73.252,32.047535],[73.252216,32.047765],[73.252646,32.04827],[73.253067,32.048767],[73.253497,32.049291],[73.253679,32.050041],[73.253847,32.050832],[73.253927,32.051058],[73.254123,32.051611],[73.254348,32.052087],[73.254424,32.052249],[73.254746,32.052915],[73.25487,32.053156],[73.255056,32.053659],[73.25521,32.054074],[73.255564,32.05407],[73.255568,32.054078],[73.255598,32.054078],[73.255608,32.0541],[73.255684,32.054277],[73.255472,32.054234],[73.255184,32.054077],[73.255026,32.054077],[73.254621,32.054132],[73.254613,32.054134],[73.253502,32.054279],[73.253496,32.05428],[73.252339,32.05447],[73.252334,32.054471],[73.251169,32.054663],[73.251164,32.054664],[73.249995,32.054849],[73.249987,32.05485],[73.24922,32.054845],[73.248986,32.054884],[73.248984,32.054884],[73.247783,32.055103],[73.246917,32.055186],[73.246803,32.055197],[73.246312,32.05566],[73.245775,32.056166],[73.245252,32.056665],[73.245244,32.056672],[73.244674,32.057153],[73.244101,32.057637],[73.244091,32.057687],[73.24409,32.057689],[73.244039,32.057763],[73.243577,32.0582],[73.243571,32.058206],[73.243041,32.058693],[73.243029,32.058704],[73.242499,32.059192],[73.241983,32.059666],[73.241951,32.059695],[73.24195,32.059697],[73.241526,32.060265],[73.241523,32.060269],[73.241087,32.060823],[73.241081,32.06083],[73.240719,32.061291],[73.240664,32.061409],[73.240637,32.062279],[73.240452,32.068142],[73.24152,32.068066],[73.242579,32.06799],[73.243589,32.067894],[73.243595,32.067892],[73.24368,32.067872],[73.244658,32.067851],[73.24468,32.06785],[73.244777,32.067848],[73.24567,32.067839],[73.245981,32.067836],[73.246007,32.068007],[73.246004,32.068754],[73.246012,32.069494],[73.24602,32.070238],[73.246102,32.071022],[73.246072,32.071722],[73.24604,32.072421],[73.246004,32.073133],[73.24596,32.07383],[73.245937,32.074534],[73.245916,32.07524],[73.245899,32.075962],[73.245883,32.076678],[73.245869,32.077388],[73.245835,32.078252],[73.245909,32.078344],[73.246349,32.078894],[73.246783,32.079437],[73.247212,32.080007],[73.24761,32.08061],[73.247843,32.080963],[73.247883,32.081023],[73.247994,32.081191],[73.248091,32.081339],[73.248273,32.081615],[73.24834,32.08177],[73.248744,32.082347],[73.249117,32.08295],[73.249513,32.083516],[73.249914,32.084091],[73.250315,32.084634],[73.250728,32.085193],[73.251171,32.085703],[73.251607,32.086217],[73.25203,32.086748],[73.252477,32.087166],[73.253397,32.087415],[73.253957,32.087681],[73.254011,32.087707],[73.254625,32.087999],[73.255242,32.088297],[73.255849,32.088591],[73.256458,32.088885],[73.257067,32.089141],[73.257339,32.089279],[73.257652,32.089438],[73.258261,32.089747],[73.258852,32.090048],[73.259456,32.090355],[73.260066,32.090658],[73.260665,32.090956],[73.261269,32.091256],[73.26181,32.091525],[73.261874,32.091556],[73.262471,32.091853],[73.263082,32.092145],[73.263679,32.09243],[73.264291,32.092722],[73.264815,32.092972],[73.2649,32.093016],[73.265004,32.093069],[73.265504,32.093325],[73.266101,32.09363],[73.266351,32.093758],[73.266761,32.093882],[73.266949,32.093939],[73.267105,32.094259],[73.26719,32.094449],[73.267338,32.094779],[73.267843,32.095901],[73.268126,32.096506],[73.26821,32.096579],[73.268731,32.097032],[73.269261,32.097492],[73.269793,32.097954],[73.270319,32.098412],[73.270847,32.09887],[73.271375,32.099329],[73.271899,32.099784],[73.272413,32.100233],[73.272941,32.100695],[73.273472,32.101158],[73.273987,32.101609],[73.274467,32.102019],[73.274538,32.102038],[73.275268,32.102243],[73.276015,32.102453],[73.27674,32.102657],[73.277476,32.102862],[73.278206,32.103065],[73.278945,32.103283],[73.279643,32.103489],[73.28309,32.104732],[73.284351,32.105207],[73.286492,32.106013],[73.28805,32.107373],[73.289172,32.108353],[73.29057,32.109208],[73.29088,32.109462],[73.291501,32.10998],[73.292117,32.110504],[73.292728,32.111033],[73.293335,32.111567],[73.293482,32.111698],[73.293729,32.111919],[73.293691,32.112129],[73.293623,32.112473],[73.293547,32.112816],[73.293465,32.113157],[73.293376,32.113497],[73.293279,32.113834],[73.293176,32.11417],[73.293066,32.114503],[73.292949,32.114834],[73.29285,32.115099],[73.29282,32.115181],[73.292774,32.115329],[73.292734,32.115479],[73.292702,32.115631],[73.292676,32.115784],[73.292658,32.115938],[73.292647,32.116093],[73.292644,32.116248],[73.292647,32.116404],[73.292658,32.116559],[73.292672,32.116673],[73.292676,32.116713],[73.292702,32.116866],[73.292734,32.117018],[73.292774,32.117168],[73.29282,32.117316],[73.292874,32.117462],[73.292934,32.117605],[73.293001,32.117745],[73.293075,32.117882],[73.293154,32.118016],[73.29324,32.118145],[73.293332,32.11827],[73.29343,32.118391],[73.293533,32.118507],[73.293641,32.118618],[73.293755,32.118724],[73.293874,32.118824],[73.293997,32.118919],[73.294124,32.119008],[73.294255,32.119091],[73.294372,32.119157],[73.294459,32.119225],[73.294664,32.119378],[73.294873,32.119525],[73.295087,32.119667],[73.295304,32.119802],[73.295525,32.119931],[73.295749,32.120053],[73.295977,32.12017],[73.296208,32.12028],[73.296442,32.120383],[73.296679,32.120479],[73.296918,32.120569],[73.297094,32.12063],[73.29716,32.120653],[73.297404,32.120729],[73.297651,32.120798],[73.297899,32.120861],[73.298148,32.120916],[73.2984,32.120964],[73.298652,32.121006],[73.298906,32.12104],[73.29916,32.121067],[73.299354,32.121082],[73.29972,32.120767],[73.30041,32.120799],[73.301394,32.120896],[73.303927,32.12109],[73.304643,32.121161],[73.304716,32.121101],[73.305692,32.121198],[73.306962,32.121322],[73.310157,32.121609],[73.3121,32.121787],[73.314149,32.122005],[73.313929,32.124184],[73.313724,32.126051],[73.313542,32.12766],[73.313824,32.127675],[73.319235,32.127747],[73.319146,32.131771],[73.319146,32.13178],[73.32286,32.13275],[73.324942,32.133396],[73.326987,32.134152],[73.32899,32.135014],[73.331424,32.136239],[73.333283,32.1374],[73.337665,32.140808],[73.337745,32.140878],[73.342704,32.14518],[73.34311,32.145532],[73.345155,32.147139],[73.346977,32.148223],[73.347037,32.148259],[73.347608,32.148542],[73.350774,32.149107],[73.351972,32.14932],[73.353312,32.150139],[73.355517,32.151484],[73.358561,32.153343],[73.36181,32.155326],[73.366981,32.158425],[73.367682,32.158845],[73.370101,32.160333],[73.370103,32.160334],[73.371027,32.161071],[73.372254,32.16205],[73.373799,32.163282],[73.377007,32.166757],[73.378922,32.169461],[73.378754,32.16982],[73.378315,32.170755],[73.379047,32.17104],[73.380576,32.171636],[73.381639,32.172033],[73.385274,32.173393],[73.388268,32.174512],[73.388714,32.174679],[73.392283,32.176014],[73.393078,32.176309],[73.402022,32.179629],[73.402348,32.17975],[73.402896,32.179917],[73.40319,32.180006],[73.403215,32.179807],[73.403285,32.17982],[73.403743,32.179904],[73.406381,32.180391],[73.408978,32.180853],[73.412781,32.181588],[73.41562,32.182116],[73.416102,32.182206],[73.416113,32.182208],[73.41759,32.182501],[73.41933,32.182833],[73.421058,32.183139],[73.42278,32.185757],[73.422917,32.185964],[73.42397,32.187566],[73.425072,32.189268],[73.425781,32.190365],[73.426882,32.192065],[73.428543,32.194625],[73.428877,32.195139],[73.428893,32.195155],[73.429822,32.19607],[73.431961,32.198214],[73.433272,32.199493],[73.433969,32.200173],[73.434149,32.2003],[73.43526,32.2014],[73.435368,32.201505],[73.435434,32.20157],[73.437179,32.203273],[73.43765,32.203729],[73.438483,32.204536],[73.438787,32.204802],[73.439196,32.205159],[73.440299,32.206263],[73.441272,32.207237],[73.441309,32.207274],[73.443115,32.20908],[73.4433,32.209264],[73.443648,32.20961],[73.443946,32.209906],[73.443924,32.209906],[73.443209,32.209896],[73.444768,32.211278],[73.445871,32.212255],[73.448339,32.214365],[73.450596,32.216294],[73.45104,32.216674],[73.453367,32.218663],[73.45342,32.218708],[73.453917,32.219133],[73.454333,32.219677],[73.456765,32.222856],[73.45757,32.223908],[73.457579,32.223921],[73.460047,32.227031],[73.460472,32.227489],[73.46166,32.228741],[73.461665,32.228754],[73.461864,32.228553],[73.462049,32.228476],[73.462158,32.228611],[73.462318,32.228728],[73.462689,32.228983],[73.463227,32.229469],[73.463565,32.229774],[73.464047,32.230198],[73.464727,32.230804],[73.464824,32.230894],[73.465218,32.231259],[73.466017,32.231971],[73.466192,32.232131],[73.466324,32.232256],[73.466442,32.232359],[73.466561,32.232468],[73.467213,32.233079],[73.467862,32.23365],[73.468208,32.233963],[73.468255,32.234006],[73.468494,32.234231],[73.468687,32.234399],[73.469207,32.234873],[73.470193,32.235738],[73.471445,32.236845],[73.471832,32.237184],[73.471968,32.237297],[73.472065,32.237405],[73.472099,32.23739],[73.472106,32.237395],[73.470554,32.238528],[73.46965,32.239232],[73.468727,32.239908],[73.467599,32.24075],[73.468365,32.241502],[73.469517,32.242673],[73.470307,32.243453],[73.471097,32.244243],[73.472001,32.2447],[73.472195,32.244801],[73.473233,32.245343],[73.474361,32.245933],[73.474359,32.247717],[73.474358,32.248766],[73.474357,32.249507],[73.475505,32.248903],[73.476275,32.24854],[73.476461,32.248829],[73.476536,32.249068],[73.476668,32.249223],[73.477356,32.250405],[73.477418,32.250702],[73.477508,32.250732],[73.478349,32.251477],[73.478669,32.251815],[73.478579,32.251842],[73.478578,32.25189],[73.478702,32.251872],[73.479239,32.251984],[73.479711,32.25199],[73.479694,32.252333],[73.48052,32.252368],[73.480637,32.25245],[73.480672,32.252474],[73.481202,32.252844],[73.481887,32.253321],[73.48321,32.251876],[73.485306,32.24952],[73.487588,32.247006],[73.488854,32.245559],[73.491562,32.244416],[73.495196,32.242849],[73.498258,32.241531],[73.500223,32.242535],[73.50259,32.243747],[73.502887,32.243402],[73.50435,32.244298],[73.505546,32.245023],[73.505596,32.245271],[73.50599,32.247206],[73.504028,32.248227],[73.504503,32.249902],[73.504896,32.251488],[73.505562,32.25398],[73.506059,32.256059],[73.506451,32.257669],[73.507052,32.260216],[73.507467,32.262199],[73.507744,32.263428],[73.508224,32.265981],[73.508505,32.267559],[73.508933,32.269889],[73.508948,32.26997],[73.50906,32.270573],[73.508862,32.270925],[73.508007,32.272482],[73.507946,32.272564],[73.509298,32.273204],[73.509575,32.273333],[73.509815,32.273444],[73.509951,32.273508],[73.509914,32.272955],[73.510741,32.27167],[73.512689,32.273678],[73.518229,32.274262],[73.52026,32.275303],[73.521348,32.276149],[73.523438,32.277775],[73.526014,32.278429],[73.527031,32.278446],[73.52723,32.27845],[73.528761,32.278476],[73.530687,32.279032],[73.531251,32.280315],[73.532084,32.282207],[73.532521,32.283135],[73.533612,32.285124],[73.534278,32.285624],[73.53507,32.286218],[73.538132,32.286728],[73.539271,32.286774],[73.54017,32.28681],[73.541183,32.286851],[73.541955,32.286882],[73.543565,32.286947],[73.546931,32.287083],[73.552315,32.287345],[73.552884,32.287625],[73.560499,32.29137],[73.563949,32.29256],[73.569749,32.29601],[73.572545,32.299698],[73.574091,32.301602],[73.577423,32.30303],[73.5812,32.304398],[73.585662,32.306034],[73.588851,32.307518],[73.589004,32.30759],[73.589526,32.307833],[73.589935,32.307943],[73.590618,32.308126],[73.591215,32.308287],[73.591688,32.308414],[73.591918,32.308476],[73.594199,32.309089],[73.596674,32.309765],[73.599862,32.310726],[73.604241,32.311982],[73.606915,32.312715],[73.610047,32.313619],[73.61195,32.314162],[73.614596,32.314923],[73.616024,32.31538],[73.618689,32.316151],[73.620364,32.316684],[73.621154,32.316884],[73.622353,32.317208],[73.623153,32.317398],[73.624038,32.317703],[73.624637,32.317845],[73.625633,32.318102],[73.626113,32.318226],[73.626399,32.318321],[73.627264,32.318607],[73.628016,32.318911],[73.629111,32.319397],[73.630063,32.319797],[73.630795,32.319949],[73.63129,32.320111],[73.631637,32.320232],[73.632594,32.320567],[73.632552,32.320604],[73.632085,32.321266],[73.632012,32.321369],[73.632002,32.321383],[73.632006,32.321384],[73.632743,32.321711],[73.633466,32.322031],[73.633615,32.322097],[73.634473,32.322477],[73.634512,32.322494],[73.634547,32.32251],[73.634729,32.322593],[73.634806,32.322628],[73.634905,32.322671],[73.635175,32.322787],[73.635213,32.322804],[73.635322,32.322851],[73.635727,32.323025],[73.640044,32.324841],[73.642545,32.325927],[73.645515,32.32732],[73.646611,32.327876],[73.647819,32.328488],[73.649375,32.329277],[73.65054,32.329828],[73.650675,32.329892],[73.652053,32.330543],[73.652061,32.330547],[73.652051,32.330572],[73.652011,32.330664],[73.652042,32.330681],[73.652825,32.3311],[73.652459,32.333191],[73.652117,32.336366],[73.652074,32.336639],[73.652048,32.336811],[73.651957,32.336925],[73.652242,32.33688],[73.661547,32.339483],[73.662042,32.339621],[73.664988,32.340523],[73.668164,32.341505],[73.670197,32.342156],[73.673246,32.343127],[73.673306,32.343146],[73.673781,32.343296],[73.67585,32.34395],[73.677346,32.344418],[73.677951,32.344584],[73.678763,32.344806]],[[73.658787,32.125978],[73.658415,32.12514],[73.658404,32.125131],[73.658273,32.125013],[73.65821,32.124859],[73.658093,32.124569],[73.658014,32.124273],[73.657856,32.12368],[73.657701,32.123094],[73.657671,32.122983],[73.657642,32.122823],[73.657639,32.122804],[73.657518,32.122055],[73.657419,32.121347],[73.65732,32.120643],[73.657319,32.120636],[73.657209,32.119906],[73.657208,32.119899],[73.657163,32.119592],[73.657164,32.119222],[73.657165,32.119013],[73.657156,32.118543],[73.657162,32.118179],[73.657523,32.11803],[73.657546,32.118021],[73.658164,32.117777],[73.658238,32.117642],[73.658578,32.117108],[73.658902,32.116604],[73.658897,32.116544],[73.658913,32.116523],[73.659207,32.11615],[73.659373,32.116018],[73.660007,32.11563],[73.660653,32.115223],[73.66132,32.114811],[73.661946,32.114415],[73.662589,32.114001],[73.663095,32.113807],[73.663073,32.113704],[73.663087,32.113698],[73.663026,32.113463],[73.662871,32.11287],[73.662844,32.112763],[73.662719,32.112284],[73.662718,32.112281],[73.662564,32.111697],[73.662407,32.111099],[73.662255,32.110519],[73.662096,32.109915],[73.662036,32.109675],[73.661911,32.109292],[73.661837,32.109066],[73.661741,32.10877],[73.661555,32.108201],[73.661643,32.108118],[73.661372,32.107617],[73.661372,32.107616],[73.661358,32.107572],[73.661182,32.107032],[73.661182,32.107031],[73.661061,32.106444],[73.660935,32.105831],[73.660867,32.105502],[73.660868,32.105457],[73.660869,32.105278],[73.660857,32.105268],[73.660898,32.105166],[73.660772,32.105059],[73.66028,32.104641],[73.659993,32.104643],[73.659966,32.104623],[73.659537,32.104284],[73.659433,32.104202],[73.659409,32.104013],[73.659227,32.103104],[73.659104,32.102495],[73.658983,32.101894],[73.658862,32.10129],[73.658862,32.101288],[73.658758,32.10069],[73.658652,32.100086],[73.658617,32.099885],[73.65889,32.099779],[73.658908,32.099778],[73.659474,32.099736],[73.660199,32.099682],[73.660987,32.099624],[73.661007,32.099621],[73.661782,32.099506],[73.662733,32.099365],[73.662935,32.099335],[73.662918,32.099291],[73.66293,32.09929],[73.662798,32.09896],[73.662564,32.098377],[73.662503,32.098225],[73.66237,32.097892],[73.662333,32.097799],[73.662258,32.097613],[73.661963,32.09726],[73.661531,32.096744],[73.661529,32.096742],[73.661248,32.096489],[73.661241,32.096481],[73.661214,32.096458],[73.661019,32.096283],[73.661017,32.096281],[73.660451,32.095792],[73.660451,32.095791],[73.66009,32.095554],[73.659783,32.095353],[73.659778,32.09535],[73.659233,32.09486],[73.659231,32.094859],[73.658877,32.094584],[73.658508,32.094325],[73.657899,32.093899],[73.657913,32.093868],[73.657958,32.093768],[73.65785,32.093256],[73.65785,32.093255],[73.657849,32.092618],[73.657847,32.091981],[73.657847,32.091917],[73.657845,32.091484],[73.657845,32.091339],[73.657844,32.091058],[73.65776,32.091058],[73.657626,32.090791],[73.657405,32.090349],[73.65724,32.089934],[73.65716,32.089711],[73.656975,32.089095],[73.65689,32.088445],[73.65685,32.087833],[73.656763,32.087216],[73.656733,32.087076],[73.656598,32.086433],[73.656542,32.086284],[73.656427,32.085936],[73.6564,32.085846],[73.656261,32.08554],[73.656166,32.085366],[73.656023,32.084881],[73.65584,32.084296],[73.65573,32.083691],[73.655586,32.083096],[73.655476,32.082491],[73.655349,32.081891],[73.655155,32.08131],[73.655094,32.081144],[73.655075,32.081091],[73.654943,32.080732],[73.654913,32.080592],[73.654816,32.080132],[73.654815,32.079992],[73.654813,32.0798],[73.654724,32.079607],[73.654689,32.079532],[73.654683,32.079436],[73.65465,32.07889],[73.654389,32.078314],[73.654088,32.077791],[73.653775,32.077241],[73.653398,32.076701],[73.653072,32.076176],[73.653133,32.076083],[73.653303,32.075889],[73.653508,32.075654],[73.653542,32.075616],[73.653658,32.075622],[73.653722,32.075611],[73.653788,32.075614],[73.654638,32.075142],[73.654591,32.075018],[73.654447,32.074475],[73.654446,32.074472],[73.654292,32.073881],[73.654292,32.07388],[73.654189,32.073505],[73.654134,32.073305],[73.654134,32.073303],[73.654089,32.072732],[73.654124,32.072597],[73.65434,32.072233],[73.654765,32.07152],[73.65483,32.071409],[73.654933,32.071262],[73.654993,32.071266],[73.655348,32.07078],[73.655353,32.070773],[73.655632,32.070351],[73.655634,32.070349],[73.655747,32.070179],[73.655964,32.069853],[73.656186,32.06952],[73.656189,32.069516],[73.65664,32.068871],[73.656644,32.068866],[73.656724,32.068739],[73.656691,32.068377],[73.656686,32.068313],[73.656675,32.068202],[73.656674,32.068186],[73.656665,32.06809],[73.656652,32.067936],[73.656592,32.067925],[73.656589,32.067882],[73.656632,32.067445],[73.656673,32.067033],[73.656684,32.066917],[73.656771,32.066833],[73.656947,32.066474],[73.657235,32.065938],[73.657273,32.065873],[73.65766,32.065217],[73.658129,32.064578],[73.658324,32.064312],[73.658632,32.063948],[73.659008,32.063513],[73.659117,32.063427],[73.659185,32.063354],[73.659233,32.063307],[73.659278,32.063264],[73.659412,32.063522],[73.659422,32.063536],[73.659687,32.063496],[73.659928,32.063459],[73.659992,32.063436],[73.660084,32.063404],[73.660074,32.063329],[73.659999,32.06285],[73.660054,32.062744],[73.66007,32.062696],[73.660088,32.062681],[73.660114,32.062632],[73.660184,32.0626],[73.660296,32.062504],[73.660906,32.06219],[73.661329,32.061803],[73.661331,32.061773],[73.661292,32.061498],[73.661232,32.061348],[73.661097,32.060962],[73.661206,32.060897],[73.661204,32.060883],[73.661623,32.060548],[73.661953,32.060377],[73.662051,32.060327],[73.662243,32.060228],[73.662862,32.059921],[73.662964,32.059871],[73.663133,32.059787],[73.663162,32.059808],[73.663182,32.059796],[73.662944,32.059422],[73.662794,32.059187],[73.661339,32.057527],[73.661015,32.057163],[73.660979,32.057132],[73.660421,32.056563],[73.659834,32.056004],[73.659813,32.055984],[73.659504,32.05566],[73.659266,32.05541],[73.659004,32.055128],[73.658742,32.054846],[73.658162,32.054273],[73.65815,32.054258],[73.657847,32.054025],[73.656989,32.05291],[73.656973,32.05287],[73.656702,32.052563],[73.656235,32.051978],[73.656232,32.051972],[73.656245,32.051963],[73.657394,32.051211],[73.659874,32.049935],[73.666981,32.0464],[73.667104,32.046339],[73.666611,32.045598],[73.665505,32.044019],[73.664945,32.043219],[73.663279,32.041173],[73.66157,32.039193],[73.660567,32.038032],[73.659282,32.036557],[73.658849,32.035856],[73.658594,32.035444],[73.658532,32.035345],[73.659027,32.035425],[73.659498,32.035563],[73.659774,32.035643],[73.660138,32.035716],[73.660501,32.035789],[73.660637,32.035848],[73.661219,32.035888],[73.661946,32.036039],[73.662659,32.036113],[73.663381,32.036192],[73.664094,32.036302],[73.664799,32.036374],[73.665507,32.036446],[73.666233,32.036563],[73.666958,32.036667],[73.667668,32.036746],[73.667829,32.036769],[73.668373,32.036849],[73.669084,32.036897],[73.669137,32.036899],[73.669867,32.036962],[73.669993,32.036982],[73.67058,32.037094],[73.671318,32.037216],[73.672035,32.037264],[73.672725,32.037302],[73.67274,32.037303],[73.67302,32.037319],[73.673275,32.037344],[73.673961,32.037401],[73.674572,32.037453],[73.674666,32.037461],[73.674823,32.037474],[73.675278,32.037637],[73.675371,32.03767],[73.676017,32.037901],[73.676104,32.037972],[73.676121,32.037996],[73.676527,32.0386],[73.676582,32.03868],[73.676915,32.03917],[73.677137,32.039498],[73.677167,32.039581],[73.677177,32.039619],[73.677224,32.039626],[73.677242,32.039653],[73.677401,32.039686],[73.67763,32.039735],[73.677624,32.039689],[73.677783,32.039722],[73.677784,32.039723],[73.678272,32.039832],[73.678401,32.039861],[73.678529,32.039875],[73.678532,32.039875],[73.679278,32.039993],[73.679284,32.039994],[73.67982,32.040081],[73.680078,32.040134],[73.680105,32.040139],[73.680266,32.040167],[73.680807,32.040259],[73.681533,32.040383],[73.68178,32.040447],[73.681928,32.040434],[73.681929,32.040434],[73.682219,32.040421],[73.682227,32.04042],[73.68293,32.040376],[73.682935,32.040376],[73.683633,32.040328],[73.683637,32.040327],[73.684004,32.040304],[73.684015,32.040303],[73.684338,32.040268],[73.684346,32.040267],[73.68503,32.040169],[73.685342,32.040123],[73.685729,32.040067],[73.685732,32.040067],[73.686207,32.04],[73.686495,32.039981],[73.687534,32.039827],[73.687536,32.039827],[73.687596,32.03982],[73.687667,32.039811],[73.687675,32.03981],[73.687899,32.039783],[73.688617,32.039806],[73.689055,32.039757],[73.689311,32.039738],[73.69002,32.039662],[73.690717,32.039663],[73.691077,32.039674],[73.691119,32.040256],[73.691441,32.041143],[73.691522,32.041265],[73.691481,32.041404],[73.691653,32.041428],[73.691781,32.04151],[73.691811,32.041513],[73.692029,32.041533],[73.692429,32.042127],[73.692519,32.043101],[73.69379,32.044875],[73.695939,32.046508],[73.697532,32.047807],[73.69944,32.04908],[73.701126,32.050197],[73.70256,32.051112],[73.702438,32.051968],[73.702387,32.053355],[73.705252,32.056397],[73.709771,32.061366],[73.713755,32.064539],[73.720785,32.070488],[73.725608,32.073908],[73.725663,32.073953],[73.726059,32.073946],[73.726284,32.074105],[73.726409,32.074195],[73.726513,32.074268],[73.726523,32.074275],[73.726661,32.074363],[73.727151,32.074676],[73.728114,32.07529],[73.728689,32.075646],[73.729003,32.07584],[73.729636,32.076231],[73.730084,32.076509],[73.730883,32.076964],[73.733399,32.078437],[73.734558,32.079108],[73.734672,32.079174],[73.735958,32.07986],[73.736381,32.080069],[73.73758,32.080614],[73.73761,32.080624],[73.737896,32.08072],[73.738248,32.080833],[73.738512,32.080827],[73.739193,32.080711],[73.740168,32.080497],[73.740209,32.080488],[73.74025,32.080479],[73.740324,32.080462],[73.740368,32.080452],[73.740937,32.080323],[73.741692,32.08021],[73.741835,32.080187],[73.741836,32.080187],[73.742435,32.08014],[73.742945,32.080109],[73.743133,32.080079],[73.743482,32.080039],[73.743423,32.080079],[73.742982,32.080379],[73.742773,32.080525],[73.742302,32.080851],[73.741649,32.081469],[73.741478,32.081653],[73.741043,32.082089],[73.740942,32.082076],[73.740485,32.082665],[73.740453,32.082707],[73.740406,32.082767],[73.740378,32.082803],[73.740148,32.0831],[73.740147,32.083101],[73.740113,32.083147],[73.739703,32.083688],[73.739366,32.084132],[73.739245,32.084261],[73.738632,32.084927],[73.738023,32.085568],[73.737876,32.085717],[73.73755,32.086247],[73.737581,32.086291],[73.737347,32.086623],[73.737331,32.086848],[73.737326,32.086925],[73.73729,32.087552],[73.737257,32.088163],[73.737156,32.088792],[73.737092,32.089022],[73.736988,32.089264],[73.736932,32.089424],[73.735991,32.091812],[73.735884,32.092083],[73.735728,32.092012],[73.73559,32.091949],[73.735288,32.091812],[73.734811,32.091595],[73.734746,32.091565],[73.734054,32.091253],[73.733323,32.090927],[73.732558,32.090587],[73.732493,32.09056],[73.73247,32.090592],[73.732375,32.090721],[73.732268,32.090565],[73.732189,32.090448],[73.732124,32.090356],[73.731776,32.090184],[73.731483,32.090037],[73.731397,32.089994],[73.731127,32.089867],[73.730492,32.08952],[73.729862,32.089165],[73.729363,32.088887],[73.72921,32.088835],[73.728897,32.088727],[73.728547,32.088611],[73.728025,32.088436],[73.728024,32.088435],[73.727873,32.088389],[73.727225,32.088069],[73.726814,32.087879],[73.726584,32.08777],[73.725947,32.087401],[73.725328,32.087042],[73.724704,32.086682],[73.724086,32.086322],[73.723447,32.085975],[73.722869,32.085732],[73.722179,32.085327],[73.721731,32.0851],[73.720888,32.084766],[73.72088,32.084764],[73.720236,32.084541],[73.71956,32.084311],[73.718885,32.084086],[73.718188,32.083866],[73.717458,32.083673],[73.716808,32.083505],[73.716822,32.083485],[73.716761,32.083464],[73.716427,32.083369],[73.715883,32.083175],[73.715678,32.083088],[73.715232,32.082933],[73.714289,32.083409],[73.714063,32.083385],[73.713377,32.083903],[73.713377,32.083929],[73.713377,32.083949],[73.713338,32.084096],[73.713238,32.084274],[73.713028,32.084423],[73.712787,32.084498],[73.712741,32.084546],[73.711987,32.085322],[73.711956,32.085353],[73.711175,32.086109],[73.711075,32.086205],[73.710586,32.08668],[73.710628,32.086783],[73.710883,32.087406],[73.711139,32.088035],[73.711123,32.088635],[73.710732,32.089216],[73.710628,32.089816],[73.710384,32.090532],[73.71047,32.091009],[73.710043,32.091031],[73.709853,32.091041],[73.709294,32.09107],[73.70886,32.091141],[73.708856,32.091141],[73.70824,32.091246],[73.708352,32.091721],[73.708148,32.092045],[73.708065,32.092182],[73.708114,32.092377],[73.708146,32.092503],[73.708182,32.092647],[73.708333,32.093245],[73.708406,32.093533],[73.708057,32.093561],[73.707783,32.093583],[73.707347,32.093692],[73.706657,32.093869],[73.705969,32.094044],[73.70546,32.094174],[73.705423,32.094183],[73.705125,32.094251],[73.704336,32.092534],[73.703632,32.091923],[73.703253,32.091794],[73.703252,32.091793],[73.702468,32.091525],[73.702306,32.091394],[73.702249,32.091349],[73.70172,32.090922],[73.701539,32.090726],[73.701425,32.090603],[73.701193,32.090354],[73.701192,32.090353],[73.700893,32.090012],[73.700626,32.090068],[73.700551,32.090098],[73.699879,32.090315],[73.6992,32.090534],[73.69852,32.090756],[73.698516,32.090758],[73.697857,32.090997],[73.697314,32.091194],[73.69723,32.091224],[73.697403,32.091731],[73.69759,32.092324],[73.697781,32.092906],[73.697961,32.093477],[73.698107,32.093962],[73.698011,32.094003],[73.696596,32.094611],[73.696588,32.094614],[73.69649,32.094654],[73.696265,32.094755],[73.695335,32.095171],[73.69488,32.095366],[73.694128,32.095692],[73.693769,32.095848],[73.692921,32.09615],[73.692358,32.096351],[73.692363,32.096378],[73.692366,32.096394],[73.692377,32.096455],[73.69243,32.096731],[73.69249,32.097047],[73.692602,32.097641],[73.692588,32.098276],[73.692577,32.098755],[73.692574,32.098895],[73.692567,32.09921],[73.69262,32.099457],[73.692629,32.099503],[73.692756,32.100098],[73.692829,32.100442],[73.69288,32.100683],[73.693002,32.101269],[73.692979,32.101277],[73.692946,32.101288],[73.692928,32.101385],[73.693071,32.101835],[73.693253,32.102407],[73.69344,32.102993],[73.693626,32.103579],[73.693673,32.103623],[73.693919,32.103852],[73.695235,32.105026],[73.695206,32.105054],[73.695217,32.105112],[73.695168,32.105167],[73.694933,32.105433],[73.694541,32.105871],[73.693895,32.106488],[73.693351,32.107006],[73.692961,32.10738],[73.692787,32.107544],[73.692145,32.108045],[73.692137,32.108153],[73.6921,32.108652],[73.691817,32.108976],[73.691633,32.109187],[73.691632,32.109231],[73.691031,32.109581],[73.691208,32.109801],[73.691745,32.11047],[73.691855,32.110607],[73.691423,32.111035],[73.690872,32.111569],[73.690433,32.111981],[73.690426,32.112111],[73.690711,32.112429],[73.690569,32.112486],[73.690123,32.112668],[73.689322,32.113005],[73.689188,32.113062],[73.687207,32.113872],[73.686447,32.114183],[73.68414,32.114189],[73.684137,32.114282],[73.684127,32.11474],[73.684124,32.114848],[73.684112,32.115362],[73.684102,32.115815],[73.684036,32.115826],[73.683671,32.115886],[73.683622,32.115894],[73.682893,32.116017],[73.682361,32.116125],[73.682135,32.116087],[73.682012,32.116066],[73.681454,32.11589],[73.680793,32.115649],[73.680717,32.115621],[73.6801,32.115489],[73.679679,32.115399],[73.679454,32.115334],[73.679398,32.115331],[73.679309,32.11527],[73.679225,32.115213],[73.67872,32.115249],[73.678096,32.114867],[73.677885,32.114736],[73.677308,32.114292],[73.676901,32.113818],[73.676584,32.113448],[73.676324,32.113145],[73.676283,32.113097],[73.675603,32.113196],[73.675544,32.113231],[73.675493,32.113264],[73.675212,32.113446],[73.674962,32.113495],[73.674959,32.113497],[73.673902,32.113735],[73.673831,32.113751],[73.673817,32.113795],[73.673781,32.113911],[73.673606,32.114478],[73.673597,32.114508],[73.673588,32.114519],[73.673343,32.11486],[73.672838,32.115545],[73.672474,32.11608],[73.67211,32.11659],[73.671749,32.117099],[73.671557,32.117379],[73.671341,32.117614],[73.670872,32.118113],[73.670433,32.118601],[73.670376,32.118665],[73.670367,32.118672],[73.669729,32.119189],[73.66964,32.119257],[73.66948,32.119371],[73.669319,32.119487],[73.668726,32.119901],[73.668312,32.120215],[73.668296,32.120177],[73.667984,32.120295],[73.667987,32.120321],[73.667991,32.120358],[73.667368,32.120723],[73.667355,32.120732],[73.666743,32.121139],[73.666118,32.121557],[73.66601,32.121624],[73.665459,32.121974],[73.665275,32.122117],[73.664619,32.122629],[73.664123,32.123006],[73.663954,32.123135],[73.663882,32.123185],[73.66326,32.12362],[73.663216,32.123651],[73.663073,32.12375],[73.662719,32.124154],[73.662384,32.124543],[73.662271,32.124701],[73.662254,32.124718],[73.661961,32.125025],[73.661821,32.125299],[73.661456,32.1258],[73.661354,32.125945],[73.661271,32.12637],[73.661269,32.126376],[73.661179,32.12683],[73.661046,32.126967],[73.660553,32.127511],[73.660071,32.128039],[73.659853,32.128276],[73.659801,32.128175],[73.659514,32.127614],[73.659504,32.127593],[73.659292,32.127116],[73.659038,32.126544],[73.658787,32.125978]],[[73.391083,32.039273],[73.391275,32.039538],[73.391409,32.039768],[73.391698,32.039935],[73.392117,32.040241],[73.392367,32.039659],[73.392425,32.039532],[73.392473,32.039548],[73.39286,32.039713],[73.392967,32.039757],[73.393147,32.039821],[73.393786,32.040049],[73.393826,32.040064],[73.394508,32.040292],[73.394987,32.040451],[73.395187,32.040535],[73.395373,32.040601],[73.395866,32.040778],[73.395947,32.040818],[73.396526,32.04114],[73.397025,32.041394],[73.397192,32.041473],[73.397392,32.041535],[73.397875,32.041686],[73.398565,32.041854],[73.398859,32.041932],[73.399258,32.042007],[73.399754,32.042125],[73.399949,32.042175],[73.400639,32.042342],[73.401052,32.042449],[73.401327,32.042525],[73.401986,32.042706],[73.402015,32.042708],[73.402063,32.042729],[73.402701,32.042906],[73.403387,32.043104],[73.403572,32.043157],[73.404068,32.043332],[73.404394,32.043428],[73.404559,32.043479],[73.40475,32.043559],[73.405413,32.043907],[73.405799,32.044194],[73.406067,32.044315],[73.406315,32.044447],[73.406732,32.044648],[73.407402,32.04495],[73.407432,32.044984],[73.407866,32.045171],[73.408065,32.045298],[73.408721,32.045691],[73.408785,32.045743],[73.408982,32.045866],[73.409366,32.046158],[73.409855,32.046472],[73.410017,32.046581],[73.410221,32.046718],[73.410667,32.047019],[73.410873,32.047194],[73.411312,32.047486],[73.41197,32.047864],[73.412084,32.047938],[73.412629,32.048242],[73.412758,32.048322],[73.413301,32.04853],[73.413982,32.048757],[73.414294,32.048833],[73.414304,32.048861],[73.41412,32.049382],[73.41394,32.049972],[73.413743,32.050561],[73.413685,32.050707],[73.413564,32.051151],[73.413367,32.051739],[73.413314,32.05187],[73.413223,32.052333],[73.413079,32.052927],[73.412952,32.053522],[73.412915,32.053869],[73.412773,32.054112],[73.412558,32.054699],[73.412291,32.055279],[73.412262,32.055352],[73.412111,32.055754],[73.411953,32.055851],[73.41191,32.055899],[73.411409,32.056249],[73.41121,32.056379],[73.410613,32.056771],[73.410449,32.056905],[73.410006,32.057254],[73.409808,32.057353],[73.409654,32.057427],[73.409031,32.057755],[73.408717,32.057933],[73.408249,32.058187],[73.407763,32.058438],[73.407465,32.058634],[73.407354,32.058606],[73.407284,32.058995],[73.407201,32.059381],[73.407228,32.059598],[73.407287,32.059803],[73.407401,32.060227],[73.407574,32.060856],[73.407729,32.061483],[73.407739,32.06153],[73.407778,32.061733],[73.407901,32.062112],[73.408058,32.062433],[73.408073,32.062523],[73.40809,32.062643],[73.408288,32.06263],[73.409018,32.062541],[73.409747,32.062453],[73.410472,32.062396],[73.411202,32.062309],[73.411926,32.062252],[73.412654,32.06218],[73.413222,32.06209],[73.413371,32.062064],[73.413381,32.062107],[73.413381,32.062108],[73.413391,32.062153],[73.413518,32.062733],[73.413535,32.062896],[73.413568,32.063348],[73.4136,32.063962],[73.413593,32.064038],[73.413491,32.064559],[73.413445,32.064861],[73.413434,32.065163],[73.413436,32.065481],[73.413544,32.065739],[73.413572,32.065788],[73.413587,32.065852],[73.413525,32.065859],[73.412796,32.065946],[73.412173,32.066069],[73.41215,32.065721],[73.412114,32.065719],[73.411937,32.065707],[73.411385,32.066156],[73.411342,32.066223],[73.411678,32.066514],[73.411488,32.066551],[73.411417,32.06677],[73.411273,32.067364],[73.41106,32.06737],[73.410565,32.067384],[73.410389,32.067876],[73.410354,32.068086],[73.410674,32.06807],[73.410429,32.06849],[73.410253,32.068532],[73.409938,32.068575],[73.409871,32.068763],[73.409517,32.068664],[73.409298,32.068551],[73.408833,32.068451],[73.408129,32.068373],[73.407431,32.06825],[73.407397,32.068249],[73.407375,32.068153],[73.407272,32.067532],[73.407162,32.066965],[73.407117,32.066905],[73.40701,32.066313],[73.40698,32.066279],[73.406842,32.065654],[73.407114,32.065104],[73.407127,32.065076],[73.407225,32.064904],[73.407448,32.064502],[73.407733,32.063923],[73.408053,32.063349],[73.408152,32.063078],[73.407493,32.06315],[73.406772,32.063177],[73.406662,32.063195],[73.406045,32.063249],[73.405673,32.063266],[73.4053,32.063441],[73.40488,32.063608],[73.404536,32.063753],[73.40377,32.06408],[73.40375,32.064093],[73.403004,32.064407],[73.402585,32.064574],[73.402238,32.064734],[73.401472,32.065061],[73.40113,32.065187],[73.400745,32.065133],[73.400043,32.06504],[73.39999,32.065034],[73.399796,32.065012],[73.399375,32.064955],[73.399341,32.064947],[73.398652,32.064764],[73.398391,32.06472],[73.39808,32.064609],[73.397957,32.064626],[73.397774,32.064652],[73.397239,32.064638],[73.396647,32.064739],[73.396505,32.064755],[73.396068,32.064821],[73.395762,32.064932],[73.395593,32.064978],[73.395429,32.065002],[73.395088,32.065094],[73.395019,32.065109],[73.394278,32.065271],[73.393911,32.065444],[73.393754,32.065512],[73.393722,32.065526],[73.393473,32.065853],[73.393362,32.065993],[73.393172,32.066173],[73.393165,32.066581],[73.393175,32.066689],[73.393109,32.067185],[73.393063,32.067485],[73.393017,32.067785],[73.392971,32.06806],[73.392996,32.068392],[73.393007,32.068528],[73.393045,32.068657],[73.393239,32.069029],[73.393338,32.069335],[73.393112,32.069625],[73.393023,32.06979],[73.392851,32.069931],[73.392492,32.070166],[73.392106,32.070408],[73.392057,32.070438],[73.391644,32.070682],[73.391305,32.070675],[73.391058,32.070704],[73.390622,32.070569],[73.390607,32.070552],[73.389926,32.070324],[73.389909,32.07032],[73.389534,32.069839],[73.389324,32.069572],[73.389175,32.069323],[73.388583,32.069734],[73.387823,32.070259],[73.387783,32.070285],[73.387044,32.070783],[73.386992,32.070777],[73.386985,32.070822],[73.386927,32.070865],[73.386207,32.071224],[73.386147,32.071256],[73.38609,32.071287],[73.385416,32.071716],[73.385349,32.071786],[73.385365,32.071817],[73.385395,32.071851],[73.385823,32.072371],[73.38559,32.072452],[73.385285,32.07257],[73.384517,32.072912],[73.384477,32.072938],[73.384446,32.072953],[73.383726,32.073404],[73.383646,32.073456],[73.382997,32.073906],[73.382927,32.073946],[73.382866,32.07398],[73.382745,32.074048],[73.382129,32.074478],[73.382107,32.074506],[73.381364,32.075033],[73.381324,32.075059],[73.380845,32.075372],[73.380551,32.075431],[73.380392,32.075535],[73.379836,32.075733],[73.379782,32.075773],[73.379391,32.076035],[73.378966,32.07643],[73.378915,32.076469],[73.378847,32.076518],[73.378764,32.076575],[73.378706,32.076623],[73.378161,32.077011],[73.378057,32.077107],[73.377602,32.077468],[73.377557,32.077514],[73.377491,32.077537],[73.377358,32.077578],[73.377261,32.077628],[73.377218,32.077649],[73.377222,32.077652],[73.377228,32.077657],[73.376973,32.077772],[73.376956,32.077779],[73.377137,32.078257],[73.377377,32.078893],[73.377543,32.079331],[73.377616,32.079524],[73.37785,32.080153],[73.37785,32.080176],[73.377855,32.08043],[73.377855,32.080443],[73.377272,32.080745],[73.376849,32.080963],[73.376094,32.081354],[73.37596,32.081421],[73.375303,32.081926],[73.374927,32.082156],[73.373553,32.08302],[73.372341,32.083174],[73.370755,32.083303],[73.370886,32.084415],[73.370819,32.084411],[73.370002,32.08436],[73.369975,32.084358],[73.369897,32.083416],[73.369882,32.083416],[73.369245,32.083417],[73.369013,32.083425],[73.36901,32.083425],[73.368116,32.083454],[73.368108,32.083455],[73.367133,32.0836],[73.367121,32.083594],[73.36651,32.083305],[73.366126,32.083125],[73.365877,32.083112],[73.365828,32.083059],[73.365358,32.082558],[73.364909,32.082078],[73.364901,32.082072],[73.364366,32.081653],[73.364296,32.081598],[73.363759,32.081333],[73.363574,32.081241],[73.363221,32.080902],[73.362737,32.080434],[73.362639,32.08034],[73.36247,32.079702],[73.362425,32.079531],[73.361937,32.079281],[73.361888,32.079256],[73.361553,32.079084],[73.36157,32.07904],[73.361668,32.078976],[73.362252,32.078598],[73.362483,32.078504],[73.362981,32.078325],[73.363245,32.07823],[73.363081,32.077866],[73.363097,32.077829],[73.363206,32.077572],[73.363273,32.077472],[73.3633,32.077432],[73.363319,32.077403],[73.363476,32.077144],[73.363494,32.077113],[73.363507,32.077092],[73.363522,32.077068],[73.363606,32.076928],[73.363759,32.076416],[73.363808,32.076252],[73.363905,32.076211],[73.364162,32.076103],[73.364281,32.076051],[73.364537,32.07594],[73.364509,32.075763],[73.364482,32.075606],[73.364455,32.07544],[73.364375,32.074958],[73.364324,32.074906],[73.363845,32.074412],[73.363842,32.074409],[73.363626,32.074198],[73.363478,32.073899],[73.363475,32.073892],[73.363251,32.073772],[73.363236,32.073764],[73.362863,32.073574],[73.362823,32.073375],[73.362787,32.073198],[73.362757,32.073046],[73.362737,32.072955],[73.362775,32.072809],[73.36282,32.072632],[73.362827,32.07263],[73.363146,32.072548],[73.363354,32.072495],[73.363357,32.072494],[73.363295,32.072384],[73.363273,32.072345],[73.362969,32.071809],[73.362926,32.071733],[73.362461,32.071385],[73.362416,32.071351],[73.362185,32.071182],[73.362341,32.070615],[73.362447,32.070177],[73.362378,32.070133],[73.36218,32.070259],[73.362173,32.070231],[73.362123,32.070292],[73.36199,32.069822],[73.361798,32.069077],[73.361778,32.069],[73.361236,32.069093],[73.361164,32.069105],[73.360364,32.068599],[73.360242,32.068526],[73.359913,32.06833],[73.359875,32.068348],[73.359842,32.068363],[73.359745,32.068369],[73.359729,32.06837],[73.359649,32.06839],[73.358941,32.068565],[73.358927,32.068569],[73.358705,32.068626],[73.358652,32.06864],[73.358639,32.068644],[73.358025,32.068759],[73.358006,32.068761],[73.357708,32.068796],[73.357663,32.068777],[73.357635,32.068765],[73.357522,32.068718],[73.357421,32.068676],[73.357037,32.068485],[73.35701,32.068471],[73.356434,32.068164],[73.356403,32.068155],[73.356333,32.068134],[73.356002,32.068189],[73.35596,32.068202],[73.355886,32.068225],[73.355801,32.068277],[73.355325,32.068572],[73.355275,32.0686],[73.35526,32.068609],[73.35515,32.068673],[73.354666,32.068921],[73.354636,32.068958],[73.354624,32.068969],[73.354157,32.069411],[73.354149,32.069425],[73.354055,32.069587],[73.353561,32.069794],[73.353545,32.069804],[73.353186,32.070014],[73.352936,32.07016],[73.352919,32.07017],[73.352297,32.070518],[73.352279,32.070528],[73.351643,32.070867],[73.351623,32.070876],[73.351608,32.070883],[73.351004,32.071225],[73.350985,32.071235],[73.350364,32.071582],[73.350345,32.071593],[73.35001,32.071777],[73.349984,32.071794],[73.349769,32.071966],[73.349753,32.071979],[73.349412,32.072271],[73.34926,32.072401],[73.348723,32.072819],[73.348593,32.072938],[73.348556,32.072972],[73.348178,32.072956],[73.348151,32.072956],[73.348059,32.072953],[73.34769,32.072944],[73.347351,32.072908],[73.34726,32.072903],[73.346793,32.072876],[73.346657,32.072698],[73.346642,32.07268],[73.346637,32.072673],[73.346396,32.072737],[73.346192,32.072791],[73.345834,32.07291],[73.345688,32.072824],[73.345086,32.072502],[73.344806,32.072342],[73.344797,32.072353],[73.344727,32.072438],[73.344725,32.072441],[73.344371,32.072317],[73.343848,32.072136],[73.343656,32.072133],[73.342789,32.072134],[73.342641,32.072156],[73.342356,32.072163],[73.342245,32.072174],[73.341861,32.072209],[73.341579,32.072263],[73.341103,32.072313],[73.340893,32.072334],[73.340663,32.072352],[73.340285,32.072231],[73.340148,32.072187],[73.339726,32.072028],[73.339453,32.071977],[73.338739,32.071792],[73.33816,32.071652],[73.338159,32.071651],[73.338719,32.071343],[73.338756,32.071323],[73.338882,32.071241],[73.339351,32.070939],[73.339462,32.07086],[73.339562,32.070788],[73.339689,32.070705],[73.339932,32.070547],[73.340528,32.070164],[73.3411,32.069778],[73.341106,32.069774],[73.341109,32.069771],[73.341557,32.06941],[73.341617,32.069382],[73.341661,32.069362],[73.342219,32.069003],[73.342257,32.068978],[73.342841,32.068636],[73.342882,32.068612],[73.343383,32.068222],[73.343419,32.068194],[73.343934,32.067813],[73.343971,32.067785],[73.344472,32.067395],[73.344509,32.067366],[73.345022,32.066986],[73.345061,32.066957],[73.34556,32.066569],[73.345598,32.066539],[73.345989,32.066086],[73.346019,32.066052],[73.346356,32.065567],[73.346382,32.06553],[73.346686,32.064973],[73.346799,32.064743],[73.346803,32.064736],[73.34708,32.064783],[73.347825,32.064931],[73.347908,32.064961],[73.34855,32.065103],[73.349295,32.065251],[73.349843,32.065374],[73.35003,32.065411],[73.350655,32.065521],[73.350744,32.065595],[73.351428,32.065817],[73.352102,32.066052],[73.35242,32.066167],[73.352507,32.066179],[73.352949,32.066075],[73.353292,32.065947],[73.353928,32.065808],[73.354049,32.065789],[73.354222,32.065763],[73.354855,32.065611],[73.354991,32.065535],[73.355037,32.065509],[73.355097,32.065521],[73.35513,32.065527],[73.355925,32.065613],[73.356154,32.065638],[73.356229,32.065538],[73.356258,32.065497],[73.35635,32.065081],[73.356427,32.064994],[73.356504,32.064906],[73.356882,32.064393],[73.356926,32.064332],[73.356929,32.064329],[73.356966,32.064343],[73.357439,32.06452],[73.357546,32.06456],[73.357561,32.064551],[73.357676,32.064483],[73.357713,32.064455],[73.357716,32.064452],[73.357757,32.064421],[73.357788,32.064396],[73.357943,32.064286],[73.3583,32.064021],[73.358495,32.063876],[73.358857,32.06365],[73.358967,32.063581],[73.358916,32.063389],[73.358841,32.06311],[73.358796,32.062942],[73.35879,32.062917],[73.359064,32.062839],[73.359177,32.062806],[73.359196,32.0628],[73.359377,32.062744],[73.359373,32.062736],[73.359291,32.062561],[73.359117,32.06228],[73.35907,32.062234],[73.358861,32.062029],[73.358667,32.061915],[73.358369,32.061789],[73.358238,32.061733],[73.358079,32.061668],[73.357828,32.061567],[73.357725,32.061525],[73.357696,32.061337],[73.357695,32.061336],[73.357559,32.061108],[73.357415,32.060796],[73.35742,32.060776],[73.357483,32.06054],[73.357528,32.060353],[73.357438,32.060136],[73.357272,32.05974],[73.3572,32.059566],[73.357119,32.059372],[73.35711,32.059175],[73.357099,32.058959],[73.357096,32.058898],[73.357103,32.058625],[73.357055,32.058337],[73.357045,32.058281],[73.357509,32.058129],[73.35759,32.058105],[73.357796,32.058043],[73.358213,32.057919],[73.358259,32.057901],[73.358323,32.057875],[73.358891,32.057598],[73.35894,32.057575],[73.358962,32.057518],[73.358985,32.057506],[73.359192,32.057396],[73.35933,32.05731],[73.359492,32.05721],[73.359587,32.057151],[73.360094,32.056933],[73.360117,32.056889],[73.360183,32.056768],[73.360346,32.05657],[73.36059,32.056609],[73.36068,32.0564],[73.360705,32.056341],[73.360782,32.05609],[73.360852,32.056132],[73.360855,32.056127],[73.360864,32.056131],[73.36143,32.056386],[73.361545,32.056477],[73.362152,32.056953],[73.362168,32.056965],[73.362753,32.057437],[73.363056,32.057681],[73.363235,32.057825],[73.363492,32.057804],[73.363603,32.057795],[73.36364,32.057833],[73.364123,32.058333],[73.364824,32.05877],[73.365144,32.05897],[73.365271,32.059123],[73.365359,32.059229],[73.365365,32.05928],[73.365453,32.060046],[73.366281,32.059926],[73.366573,32.059884],[73.366573,32.059883],[73.366738,32.058896],[73.36693,32.058205],[73.367107,32.057567],[73.367121,32.057518],[73.367267,32.056834],[73.367277,32.056784],[73.367264,32.056205],[73.367259,32.055963],[73.367025,32.055613],[73.366982,32.055548],[73.366932,32.055474],[73.36675,32.055059],[73.366708,32.054962],[73.366435,32.054364],[73.366004,32.053357],[73.365469,32.052235],[73.365197,32.051666],[73.364342,32.049826],[73.363293,32.047416],[73.363184,32.047192],[73.363032,32.046777],[73.362811,32.046234],[73.36279,32.04614],[73.362593,32.045622],[73.362905,32.045619],[73.363515,32.045611],[73.363623,32.045607],[73.364013,32.045595],[73.364348,32.04555],[73.364822,32.045492],[73.365077,32.045464],[73.365244,32.045445],[73.365386,32.045436],[73.365669,32.045417],[73.365722,32.045414],[73.365804,32.045392],[73.36654,32.04526],[73.367274,32.045143],[73.368008,32.045026],[73.368605,32.044955],[73.368737,32.044939],[73.36905,32.044885],[73.369464,32.044868],[73.370191,32.044796],[73.370921,32.044709],[73.371077,32.04468],[73.371332,32.044648],[73.371652,32.044607],[73.371994,32.044525],[73.372384,32.044505],[73.373106,32.044463],[73.373339,32.044388],[73.373836,32.044376],[73.374033,32.044337],[73.374574,32.044229],[73.374637,32.0442],[73.375345,32.043872],[73.375525,32.043595],[73.376048,32.04334],[73.37615,32.043291],[73.376163,32.043201],[73.376469,32.04304],[73.376787,32.042813],[73.376795,32.042807],[73.376967,32.04263],[73.377029,32.042564],[73.377149,32.042469],[73.377348,32.042265],[73.377546,32.042062],[73.377564,32.041938],[73.377624,32.041686],[73.377721,32.041086],[73.377848,32.040491],[73.377992,32.039897],[73.378137,32.039303],[73.378264,32.038707],[73.378293,32.038634],[73.378478,32.038121],[73.378574,32.037845],[73.378746,32.037541],[73.378908,32.036949],[73.379123,32.036363],[73.379338,32.035776],[73.379401,32.035572],[73.379494,32.035458],[73.37964,32.0352],[73.379961,32.034626],[73.380316,32.034055],[73.380465,32.033782],[73.380654,32.033483],[73.380992,32.03291],[73.38133,32.032338],[73.381426,32.032181],[73.381668,32.031765],[73.381898,32.031363],[73.382251,32.031464],[73.382935,32.031677],[73.38362,32.031875],[73.384311,32.032043],[73.384379,32.032066],[73.38465,32.032165],[73.385001,32.032211],[73.385705,32.032289],[73.385884,32.03233],[73.386395,32.032457],[73.387083,32.03264],[73.387412,32.032731],[73.387774,32.032807],[73.387935,32.032855],[73.388462,32.03299],[73.388679,32.033097],[73.38915,32.033173],[73.389849,32.033281],[73.390342,32.033336],[73.390409,32.033953],[73.390416,32.034259],[73.390458,32.034568],[73.390525,32.035186],[73.39061,32.035805],[73.390677,32.036422],[73.390734,32.036871],[73.390761,32.037041],[73.390754,32.037145],[73.390811,32.037657],[73.390895,32.038276],[73.390917,32.038595],[73.390932,32.03873],[73.390962,32.038893],[73.391,32.039149],[73.391083,32.039273]],[[73.256741,31.927705],[73.256344,31.927075],[73.256342,31.927072],[73.256178,31.926775],[73.255979,31.926442],[73.255614,31.925809],[73.255567,31.925745],[73.255214,31.925174],[73.254957,31.924715],[73.254869,31.924545],[73.254867,31.924542],[73.254839,31.924498],[73.25447,31.923911],[73.254467,31.923907],[73.254345,31.923701],[73.254349,31.923655],[73.254123,31.923281],[73.25412,31.923275],[73.25376,31.922678],[73.253742,31.922649],[73.253737,31.922641],[73.253642,31.92246],[73.253565,31.922315],[73.253526,31.922242],[73.253497,31.922025],[73.253496,31.922017],[73.253415,31.921413],[73.253414,31.921404],[73.25335,31.921263],[73.253401,31.920806],[73.253402,31.920796],[73.253408,31.920763],[73.253455,31.920512],[73.253384,31.920232],[73.253376,31.920197],[73.253373,31.920187],[73.253362,31.91959],[73.253362,31.919579],[73.253359,31.919534],[73.253385,31.918974],[73.253392,31.918911],[73.253392,31.91891],[73.253394,31.918884],[73.253444,31.918372],[73.253494,31.91787],[73.253503,31.917779],[73.253504,31.917769],[73.253562,31.917176],[73.253563,31.917166],[73.253582,31.916967],[73.253597,31.91682],[73.253592,31.916801],[73.253534,31.916557],[73.253381,31.91594],[73.253246,31.915323],[73.253093,31.914705],[73.252746,31.914074],[73.252731,31.914042],[73.252491,31.913585],[73.252434,31.913444],[73.252183,31.912879],[73.252352,31.912832],[73.252578,31.912696],[73.253276,31.912291],[73.253332,31.912264],[73.253369,31.912252],[73.253786,31.912014],[73.254095,31.911742],[73.254325,31.911554],[73.254649,31.911175],[73.254698,31.911131],[73.254878,31.911009],[73.254933,31.910614],[73.255549,31.904377],[73.250532,31.905779],[73.250406,31.905835],[73.249947,31.905984],[73.249673,31.906056],[73.24894,31.906276],[73.248315,31.906474],[73.248207,31.906497],[73.24747,31.906748],[73.246773,31.906971],[73.246736,31.906984],[73.246001,31.907219],[73.245301,31.907473],[73.245264,31.907485],[73.244525,31.907766],[73.243934,31.907982],[73.243786,31.908047],[73.243048,31.908313],[73.242568,31.908491],[73.242309,31.908594],[73.241571,31.90886],[73.241096,31.908993],[73.240838,31.909081],[73.240105,31.909301],[73.239482,31.909485],[73.23937,31.909537],[73.238639,31.909743],[73.237904,31.909979],[73.237166,31.910244],[73.236433,31.910465],[73.236397,31.910478],[73.235699,31.910701],[73.235369,31.910821],[73.235241,31.910867],[73.235226,31.910873],[73.235216,31.910853],[73.235158,31.910739],[73.235078,31.910581],[73.235014,31.910424],[73.234983,31.910377],[73.234637,31.909745],[73.234406,31.909379],[73.234254,31.909111],[73.23389,31.908478],[73.233798,31.908319],[73.233525,31.907845],[73.23319,31.907274],[73.23316,31.907212],[73.232796,31.906579],[73.232584,31.906199],[73.232449,31.905947],[73.232102,31.905315],[73.231981,31.905094],[73.231772,31.904685],[73.231426,31.904053],[73.231378,31.903989],[73.231283,31.903827],[73.231405,31.903718],[73.231661,31.903463],[73.232189,31.902985],[73.232286,31.902901],[73.232963,31.902342],[73.233425,31.901904],[73.233358,31.901764],[73.233258,31.90115],[73.233159,31.900536],[73.233153,31.900414],[73.233059,31.899922],[73.232959,31.899308],[73.23286,31.898694],[73.23276,31.89808],[73.232701,31.897772],[73.232653,31.897482],[73.232625,31.897463],[73.232069,31.896968],[73.231854,31.896801],[73.231413,31.896405],[73.231119,31.896141],[73.230755,31.895858],[73.230313,31.895477],[73.230099,31.895295],[73.229524,31.894814],[73.229442,31.894747],[73.228786,31.894184],[73.228789,31.894154],[73.228808,31.893958],[73.229215,31.893877],[73.229534,31.893813],[73.229711,31.893785],[73.230256,31.893698],[73.230371,31.893686],[73.230526,31.893671],[73.230978,31.893598],[73.231124,31.893574],[73.231133,31.893573],[73.2317,31.893482],[73.231841,31.89346],[73.232423,31.893367],[73.23255,31.89335],[73.233144,31.893267],[73.23327,31.893263],[73.233287,31.893262],[73.233632,31.893193],[73.233862,31.893197],[73.234001,31.893201],[73.234572,31.893218],[73.234769,31.893223],[73.235281,31.893238],[73.235538,31.893245],[73.23599,31.893258],[73.236306,31.893267],[73.2367,31.893279],[73.237071,31.893282],[73.237411,31.893284],[73.23782,31.893261],[73.238126,31.893244],[73.238564,31.893229],[73.23884,31.893219],[73.239035,31.893217],[73.239319,31.893221],[73.23955,31.893225],[73.240086,31.89324],[73.24026,31.893245],[73.240855,31.893262],[73.240969,31.893265],[73.241623,31.893284],[73.241678,31.893286],[73.242388,31.893306],[73.242391,31.893306],[73.243094,31.893357],[73.243175,31.893362],[73.243801,31.893407],[73.243933,31.893362],[73.243983,31.893345],[73.244537,31.893156],[73.244592,31.893139],[73.245261,31.892938],[73.24527,31.892936],[73.245343,31.892911],[73.245925,31.892725],[73.246004,31.8927],[73.246602,31.892544],[73.246734,31.892509],[73.247073,31.892429],[73.24708,31.892428],[73.247464,31.892319],[73.248196,31.892113],[73.248834,31.891946],[73.248926,31.891922],[73.249442,31.891777],[73.249657,31.891717],[73.24974,31.891695],[73.250387,31.891526],[73.250642,31.891468],[73.251116,31.891351],[73.251847,31.891145],[73.252232,31.89103],[73.252568,31.891045],[73.253103,31.891037],[73.253281,31.891035],[73.253816,31.891034],[73.253993,31.891025],[73.254367,31.89102],[73.254705,31.891015],[73.255017,31.891004],[73.255419,31.89099],[73.255777,31.891008],[73.256127,31.891026],[73.256545,31.891029],[73.256838,31.891031],[73.257238,31.891034],[73.257431,31.891035],[73.257549,31.891036],[73.257548,31.891041],[73.257547,31.89105],[73.258255,31.89109],[73.258254,31.891101],[73.258359,31.891096],[73.258714,31.891076],[73.258766,31.891073],[73.258871,31.891067],[73.258874,31.891067],[73.258969,31.891061],[73.258991,31.89099],[73.259009,31.890852],[73.259015,31.890809],[73.259331,31.890268],[73.259344,31.890264],[73.25977,31.890148],[73.260476,31.889935],[73.260503,31.889927],[73.260572,31.889914],[73.260687,31.889892],[73.261,31.889831],[73.261191,31.889794],[73.261228,31.889781],[73.261399,31.889751],[73.261952,31.889651],[73.262111,31.889634],[73.262288,31.889616],[73.26255,31.889588],[73.262654,31.889747],[73.262765,31.889818],[73.262795,31.889838],[73.263097,31.88975],[73.263383,31.889571],[73.263628,31.889468],[73.263846,31.889376],[73.264125,31.88926],[73.264221,31.889222],[73.269951,31.888598],[73.269886,31.888533],[73.269568,31.887964],[73.269276,31.887503],[73.269186,31.88733],[73.268821,31.886697],[73.268665,31.886473],[73.268421,31.886061],[73.268248,31.885787],[73.268244,31.885782],[73.268748,31.885629],[73.268852,31.885601],[73.269186,31.885509],[73.26929,31.885474],[73.269481,31.885409],[73.269696,31.885349],[73.269993,31.885266],[73.270125,31.88519],[73.270213,31.885179],[73.270164,31.884972],[73.270117,31.884361],[73.270092,31.884227],[73.269823,31.883734],[73.269667,31.88351],[73.269609,31.8834],[73.269687,31.883299],[73.269882,31.883131],[73.270006,31.882984],[73.270448,31.882792],[73.270524,31.882752],[73.27069,31.882665],[73.270767,31.882703],[73.270777,31.882707],[73.270782,31.88271],[73.271018,31.882605],[73.271187,31.882511],[73.271247,31.882478],[73.271483,31.882347],[73.271939,31.882094],[73.271977,31.882066],[73.272159,31.881972],[73.2722,31.881963],[73.272673,31.881858],[73.273233,31.881701],[73.273405,31.881652],[73.273378,31.881559],[73.273367,31.880952],[73.273302,31.88034],[73.273149,31.879722],[73.273109,31.87934],[73.273084,31.879111],[73.273083,31.879013],[73.273073,31.878503],[73.273074,31.878408],[73.273074,31.878404],[73.273079,31.877897],[73.273061,31.877896],[73.27312,31.877293],[73.273179,31.87669],[73.273238,31.876087],[73.273268,31.875786],[73.273297,31.875485],[73.273356,31.874882],[73.273415,31.874279],[73.273422,31.874211],[73.273425,31.874179],[73.273474,31.873677],[73.273484,31.873575],[73.273492,31.873496],[73.273674,31.873084],[73.273705,31.872974],[73.273839,31.872489],[73.273886,31.872372],[73.273959,31.872187],[73.274075,31.871899],[73.274275,31.871306],[73.274475,31.870714],[73.274605,31.870116],[73.274681,31.869515],[73.274706,31.86919],[73.274709,31.869149],[73.274741,31.869037],[73.274775,31.868914],[73.274814,31.86871],[73.274887,31.868315],[73.274909,31.868229],[73.275035,31.867719],[73.275155,31.867163],[73.275164,31.867121],[73.275174,31.867088],[73.275329,31.866526],[73.275406,31.865925],[73.275535,31.865327],[73.275647,31.864728],[73.275759,31.864129],[73.275871,31.86353],[73.275918,31.86323],[73.275983,31.862932],[73.276045,31.862526],[73.276077,31.862331],[73.276189,31.861732],[73.276283,31.861132],[73.27636,31.860531],[73.276369,31.86035],[73.276542,31.859937],[73.27676,31.859346],[73.276996,31.858755],[73.277094,31.858474],[73.277249,31.858167],[73.277431,31.857573],[73.277631,31.85698],[73.277849,31.856389],[73.278067,31.855797],[73.278232,31.855287],[73.278267,31.855205],[73.278432,31.85461],[73.278615,31.854016],[73.278744,31.853418],[73.278772,31.853034],[73.278777,31.852965],[73.278805,31.852935],[73.278909,31.852823],[73.279127,31.852231],[73.279309,31.851638],[73.279545,31.851047],[73.279635,31.850743],[73.279586,31.850444],[73.279468,31.849828],[73.279392,31.849519],[73.279315,31.849211],[73.279215,31.848596],[73.279045,31.847977],[73.278892,31.84736],[73.278704,31.846739],[73.27848,31.846117],[73.278348,31.845652],[73.27831,31.845498],[73.278192,31.844882],[73.278092,31.844268],[73.278151,31.843666],[73.278227,31.843064],[73.278238,31.842822],[73.277986,31.84244],[73.277957,31.842377],[73.277793,31.842138],[73.277775,31.842111],[73.277645,31.841915],[73.277586,31.841805],[73.277535,31.841692],[73.277563,31.841343],[73.277567,31.84129],[73.277575,31.841197],[73.277587,31.841076],[73.277598,31.840592],[73.277456,31.840233],[73.277339,31.839966],[73.277028,31.839337],[73.276863,31.839022],[73.276879,31.838857],[73.276881,31.838841],[73.27728,31.838913],[73.277498,31.838952],[73.277579,31.838967],[73.278269,31.839091],[73.278278,31.839093],[73.278346,31.839111],[73.278422,31.839437],[73.278422,31.839438],[73.278459,31.839692],[73.278557,31.840053],[73.278665,31.840488],[73.27871,31.840671],[73.278819,31.84083],[73.278897,31.84093],[73.27896,31.84101],[73.279198,31.841313],[73.279385,31.841614],[73.279444,31.841709],[73.279573,31.841908],[73.279598,31.841948],[73.279763,31.842191],[73.280082,31.842453],[73.280118,31.842488],[73.28015,31.842521],[73.280228,31.8426],[73.280324,31.842684],[73.280482,31.842823],[73.280735,31.843046],[73.280981,31.84326],[73.281173,31.843427],[73.281254,31.843498],[73.281388,31.843638],[73.281716,31.843919],[73.28184,31.844032],[73.282043,31.844216],[73.282452,31.844579],[73.282517,31.844636],[73.282697,31.844793],[73.283046,31.845228],[73.283058,31.84524],[73.283337,31.845522],[73.283612,31.845845],[73.28364,31.845877],[73.283974,31.84628],[73.284141,31.846449],[73.284217,31.846525],[73.284624,31.846903],[73.284808,31.847053],[73.28497,31.847186],[73.28528,31.847466],[73.285442,31.847566],[73.285691,31.847657],[73.285963,31.847757],[73.286376,31.847892],[73.286651,31.847988],[73.287209,31.848175],[73.28734,31.848219],[73.287918,31.848413],[73.288028,31.84845],[73.288332,31.848532],[73.288627,31.848599],[73.288722,31.848621],[73.288948,31.848682],[73.289192,31.848746],[73.28926,31.848764],[73.289286,31.848771],[73.289214,31.848843],[73.289182,31.848876],[73.288894,31.849165],[73.288783,31.849277],[73.28865,31.849359],[73.288532,31.849485],[73.288421,31.849602],[73.288194,31.849842],[73.287939,31.850132],[73.287855,31.850228],[73.28776,31.850334],[73.287712,31.850415],[73.287553,31.850648],[73.287318,31.850994],[73.287186,31.851172],[73.287031,31.851383],[73.286923,31.851573],[73.28683,31.8517],[73.286669,31.851919],[73.286582,31.852155],[73.286543,31.852252],[73.286355,31.852716],[73.286347,31.852745],[73.286326,31.852831],[73.286199,31.853342],[73.286169,31.853432],[73.286099,31.853638],[73.285964,31.853932],[73.285952,31.85401],[73.28587,31.854532],[73.285857,31.854634],[73.285793,31.855134],[73.285773,31.855262],[73.285766,31.855308],[73.285699,31.855734],[73.285676,31.855884],[73.285605,31.856334],[73.285588,31.85651],[73.285546,31.856937],[73.285497,31.857135],[73.285399,31.857533],[73.285378,31.85775],[73.28534,31.858136],[73.285316,31.858385],[73.285281,31.858738],[73.285254,31.859021],[73.285222,31.859341],[73.285183,31.859653],[73.285146,31.859943],[73.285112,31.860285],[73.285087,31.860545],[73.28505,31.860921],[73.285028,31.861148],[73.285,31.861561],[73.284987,31.861752],[73.284982,31.862212],[73.284981,31.862358],[73.285022,31.862885],[73.285028,31.862969],[73.285056,31.863556],[73.285057,31.863578],[73.285103,31.863839],[73.28514,31.86419],[73.285143,31.864246],[73.28517,31.864663],[73.285169,31.864771],[73.285169,31.864799],[73.285188,31.864942],[73.285252,31.865412],[73.285199,31.865583],[73.285069,31.866006],[73.285044,31.866079],[73.28504,31.866154],[73.28558,31.86624],[73.285696,31.866271],[73.286273,31.866425],[73.286377,31.866451],[73.286967,31.866596],[73.287082,31.866582],[73.287125,31.866577],[73.287682,31.866556],[73.287822,31.866545],[73.287874,31.866541],[73.288399,31.866501],[73.288674,31.866485],[73.289114,31.866461],[73.28941,31.866469],[73.289453,31.86647],[73.289823,31.866481],[73.290089,31.86649],[73.29021,31.866497],[73.29053,31.866516],[73.290875,31.866555],[73.290948,31.866564],[73.291234,31.866596],[73.291682,31.866638],[73.291938,31.866661],[73.292403,31.866738],[73.292426,31.866742],[73.292639,31.866772],[73.292877,31.866798],[73.293114,31.866857],[73.293336,31.866913],[73.293805,31.867017],[73.294032,31.867068],[73.294248,31.867106],[73.294504,31.867161],[73.29473,31.867209],[73.295198,31.867314],[73.295321,31.867342],[73.295424,31.86738],[73.295894,31.867464],[73.296123,31.867505],[73.29657,31.8676],[73.296595,31.867603],[73.296822,31.867631],[73.297231,31.867872],[73.297494,31.868027],[73.29761,31.868112],[73.297825,31.868226],[73.297897,31.868265],[73.298168,31.868409],[73.298434,31.868547],[73.298845,31.868761],[73.298982,31.868816],[73.299053,31.868851],[73.299196,31.868922],[73.299171,31.868946],[73.299168,31.868949],[73.299009,31.869099],[73.298989,31.869118],[73.298792,31.869303],[73.298711,31.869403],[73.298449,31.869648],[73.298105,31.869967],[73.298032,31.870079],[73.298003,31.870097],[73.297989,31.870105],[73.29759,31.870338],[73.297462,31.870412],[73.297411,31.870525],[73.297228,31.871119],[73.297169,31.871357],[73.297046,31.871713],[73.296883,31.872032],[73.296952,31.872313],[73.296836,31.872833],[73.296875,31.872914],[73.296981,31.873286],[73.296993,31.873322],[73.297064,31.873535],[73.297076,31.873569],[73.297225,31.873967],[73.297153,31.873996],[73.296902,31.8741],[73.296863,31.874127],[73.296156,31.874456],[73.296008,31.874508],[73.29595,31.874596],[73.295904,31.874666],[73.295862,31.874694],[73.295855,31.87481],[73.295846,31.874963],[73.295828,31.875267],[73.295746,31.875562],[73.295663,31.875863],[73.295625,31.876158],[73.295587,31.876449],[73.295586,31.876464],[73.295603,31.876566],[73.295641,31.876793],[73.295638,31.876904],[73.295634,31.877074],[73.295658,31.877386],[73.295681,31.877684],[73.295678,31.878001],[73.295675,31.878291],[73.2957,31.878616],[73.295722,31.878901],[73.295738,31.879233],[73.295751,31.87951],[73.295742,31.879812],[73.296336,31.879901],[73.296388,31.879911],[73.296474,31.879927],[73.296808,31.879964],[73.297046,31.879906],[73.29711,31.879887],[73.297198,31.879862],[73.297586,31.879888],[73.297761,31.879865],[73.297833,31.879857],[73.298393,31.879791],[73.298471,31.879885],[73.29853,31.87997],[73.298721,31.880244],[73.298783,31.880332],[73.298999,31.880654],[73.299093,31.880794],[73.299095,31.880797],[73.299194,31.88092],[73.299236,31.880971],[73.299606,31.881485],[73.299664,31.881594],[73.299672,31.881609],[73.299716,31.881703],[73.300019,31.882241],[73.300025,31.882255],[73.300287,31.882829],[73.300313,31.882869],[73.300333,31.882908],[73.300625,31.883498],[73.300647,31.883562],[73.300831,31.884119],[73.300862,31.884203],[73.300887,31.884275],[73.301091,31.884744],[73.301135,31.884852],[73.301336,31.885338],[73.30135,31.88537],[73.301362,31.885384],[73.301424,31.885717],[73.301573,31.885928],[73.301736,31.886247],[73.301895,31.886583],[73.301963,31.886825],[73.302138,31.887411],[73.302261,31.888007],[73.302306,31.888169],[73.302419,31.888597],[73.30249,31.888924],[73.302577,31.889187],[73.302634,31.889452],[73.302655,31.889494],[73.303177,31.890425],[73.303921,31.890513],[73.304669,31.890615],[73.304864,31.890599],[73.304899,31.890596],[73.30502,31.890617],[73.305034,31.890619],[73.305333,31.890671],[73.305402,31.890659],[73.305519,31.890661],[73.306129,31.890672],[73.306203,31.890694],[73.306215,31.890697],[73.306275,31.890714],[73.306587,31.890803],[73.306904,31.890893],[73.306934,31.890904],[73.307265,31.891015],[73.307546,31.89111],[73.30769,31.891159],[73.307781,31.89118],[73.307946,31.891218],[73.30798,31.891226],[73.308264,31.891291],[73.308455,31.891336],[73.308633,31.891383],[73.30878,31.891422],[73.309227,31.891542],[73.309715,31.891658],[73.309913,31.891706],[73.309996,31.891733],[73.310764,31.891924],[73.311168,31.892025],[73.311397,31.892105],[73.311481,31.892279],[73.311603,31.892413],[73.311696,31.892514],[73.311725,31.892546],[73.311866,31.89273],[73.311953,31.892842],[73.312144,31.893091],[73.312528,31.893616],[73.312545,31.893638],[73.312641,31.893742],[73.312785,31.893895],[73.312788,31.893897],[73.312894,31.893972],[73.312876,31.894198],[73.312877,31.89422],[73.312882,31.894378],[73.312885,31.89449],[73.312895,31.894812],[73.312916,31.894995],[73.312966,31.895417],[73.31294,31.89561],[73.312927,31.895705],[73.31288,31.896049],[73.312891,31.896093],[73.313021,31.896641],[73.313055,31.896836],[73.313088,31.897019],[73.313127,31.89724],[73.313161,31.897476],[73.313215,31.897842],[73.313262,31.898019],[73.313239,31.898098],[73.31313,31.898474],[73.313073,31.898618],[73.313047,31.898685],[73.31287,31.899135],[73.312838,31.899269],[73.312835,31.899284],[73.312775,31.899532],[73.312716,31.899779],[73.312688,31.899861],[73.312662,31.899936],[73.312492,31.900435],[73.312488,31.900447],[73.312289,31.901032],[73.312269,31.90109],[73.312236,31.901188],[73.312113,31.901575],[73.312099,31.901619],[73.31206,31.901743],[73.312083,31.901807],[73.312107,31.902232],[73.312113,31.902351],[73.312152,31.90279],[73.312167,31.902959],[73.312238,31.903564],[73.312257,31.903695],[73.312316,31.904097],[73.312326,31.904165],[73.312326,31.904178],[73.312306,31.904539],[73.312293,31.904788],[73.312242,31.905414],[73.312244,31.905837],[73.312297,31.90587],[73.313004,31.90592],[73.31371,31.90597],[73.314415,31.906036],[73.315122,31.906086],[73.315669,31.906125],[73.315722,31.906128],[73.315828,31.906136],[73.316535,31.906186],[73.317244,31.906206],[73.317954,31.906226],[73.318665,31.906231],[73.318787,31.906248],[73.319174,31.906661],[73.319321,31.906793],[73.319751,31.907309],[73.319962,31.907521],[73.32029,31.907934],[73.320382,31.907961],[73.320623,31.908038],[73.321308,31.908314],[73.321992,31.90859],[73.322284,31.908702],[73.322677,31.908867],[73.322796,31.908909],[73.323002,31.90936],[73.323279,31.909986],[73.323503,31.910609],[73.323798,31.911237],[73.323852,31.911408],[73.324039,31.911861],[73.324299,31.912486],[73.324422,31.912859],[73.32454,31.91311],[73.324782,31.913734],[73.324988,31.914356],[73.325079,31.91463],[73.325195,31.914977],[73.32495,31.914747],[73.324811,31.914641],[73.324374,31.914554],[73.32426,31.914532],[73.32365,31.914422],[73.32356,31.914406],[73.322925,31.914292],[73.322861,31.914281],[73.322317,31.914196],[73.322204,31.914199],[73.322157,31.914201],[73.321494,31.91421],[73.321445,31.914211],[73.320784,31.914234],[73.320731,31.914236],[73.320077,31.914273],[73.320015,31.914276],[73.319422,31.91431],[73.319369,31.914313],[73.3193,31.914317],[73.31866,31.914339],[73.318586,31.914342],[73.318147,31.914367],[73.317952,31.914378],[73.317871,31.914382],[73.317243,31.914405],[73.317157,31.914408],[73.316529,31.914377],[73.316449,31.914373],[73.315814,31.914341],[73.315741,31.914338],[73.315098,31.914292],[73.315034,31.914287],[73.314382,31.914255],[73.314326,31.914252],[73.313666,31.914206],[73.313619,31.914202],[73.313566,31.914201],[73.313362,31.914195],[73.313309,31.914194],[73.312952,31.914184],[73.31291,31.914182],[73.312671,31.91415],[73.312231,31.91409],[73.312208,31.914087],[73.311857,31.914032],[73.311508,31.913962],[73.311507,31.913961],[73.311379,31.913941],[73.310808,31.913851],[73.310784,31.913848],[73.310105,31.913756],[73.310063,31.913749],[73.309986,31.913737],[73.309405,31.913645],[73.309352,31.913638],[73.309341,31.913646],[73.309116,31.9138],[73.309066,31.913834],[73.308673,31.914091],[73.308648,31.914108],[73.30823,31.914381],[73.308101,31.91448],[73.308007,31.914551],[73.307884,31.914645],[73.307447,31.914933],[73.307341,31.915005],[73.307123,31.915152],[73.306674,31.915452],[73.306629,31.915481],[73.306358,31.915705],[73.306246,31.915782],[73.306173,31.915833],[73.306011,31.915945],[73.305881,31.916035],[73.305594,31.916242],[73.305347,31.916421],[73.305116,31.916588],[73.304827,31.91681],[73.304684,31.916913],[73.304368,31.917142],[73.304062,31.917363],[73.30402,31.917397],[73.303813,31.917573],[73.303532,31.917689],[73.303344,31.917753],[73.303311,31.917765],[73.302661,31.918037],[73.302569,31.918076],[73.302325,31.91821],[73.301983,31.918381],[73.301953,31.918396],[73.301817,31.918493],[73.30155,31.918676],[73.301435,31.918754],[73.301317,31.918844],[73.301051,31.919045],[73.300738,31.91926],[73.30067,31.919307],[73.300653,31.919319],[73.300509,31.919428],[73.300286,31.919598],[73.29994,31.919862],[73.299798,31.919935],[73.299528,31.920075],[73.299511,31.920084],[73.299408,31.92014],[73.299363,31.920164],[73.299318,31.920189],[73.299316,31.920193],[73.299227,31.920418],[73.299154,31.920588],[73.298974,31.921007],[73.298885,31.921215],[73.29874,31.921552],[73.298721,31.921596],[73.298697,31.921657],[73.29865,31.921773],[73.298547,31.922094],[73.29838,31.922178],[73.29811,31.922375],[73.297988,31.922463],[73.297889,31.922486],[73.297869,31.922491],[73.297327,31.922623],[73.297349,31.922712],[73.297398,31.923133],[73.297386,31.923144],[73.297202,31.923308],[73.297053,31.923556],[73.296904,31.923785],[73.296865,31.923846],[73.29686,31.923891],[73.29684,31.923925],[73.296588,31.924349],[73.296315,31.924459],[73.296251,31.924485],[73.296186,31.924503],[73.295519,31.924691],[73.295493,31.924698],[73.294939,31.924842],[73.294911,31.924803],[73.294798,31.924863],[73.29479,31.924867],[73.29464,31.924947],[73.294117,31.925177],[73.294045,31.925208],[73.293539,31.925476],[73.293438,31.925505],[73.293382,31.925521],[73.293301,31.92555],[73.292751,31.925748],[73.292563,31.925816],[73.292353,31.925889],[73.292247,31.925942],[73.292162,31.925985],[73.292067,31.926032],[73.291818,31.926157],[73.291387,31.926347],[73.291074,31.926484],[73.291046,31.926497],[73.291019,31.92651],[73.290781,31.926632],[73.290706,31.926658],[73.290436,31.926754],[73.290347,31.926777],[73.290334,31.92678],[73.290018,31.926895],[73.289819,31.926967],[73.289762,31.926988],[73.289742,31.926995],[73.28967,31.927021],[73.289596,31.927046],[73.289308,31.927156],[73.288857,31.927328],[73.288747,31.927376],[73.28863,31.927344],[73.288408,31.927285],[73.288142,31.927368],[73.287932,31.927454],[73.287827,31.927497],[73.2874,31.927679],[73.287274,31.927727],[73.287189,31.92776],[73.287044,31.927648],[73.28669,31.927659],[73.286535,31.927664],[73.285976,31.927684],[73.285813,31.927676],[73.285268,31.927649],[73.28508,31.927644],[73.284558,31.927629],[73.284351,31.927623],[73.283849,31.927609],[73.283621,31.927602],[73.283139,31.927588],[73.282891,31.927576],[73.282431,31.927553],[73.282377,31.927553],[73.282183,31.92755],[73.282013,31.927609],[73.281948,31.927631],[73.281854,31.927663],[73.281712,31.927631],[73.28158,31.9276],[73.28138,31.927552],[73.281071,31.927478],[73.281056,31.927446],[73.281019,31.927438],[73.280664,31.927358],[73.280323,31.927282],[73.2799,31.927197],[73.279625,31.927141],[73.279132,31.92702],[73.27893,31.92697],[73.278392,31.926826],[73.278357,31.926817],[73.278236,31.926784],[73.27759,31.92664],[73.27754,31.926629],[73.276844,31.926473],[73.276823,31.926468],[73.276149,31.926302],[73.276051,31.926276],[73.275455,31.926116],[73.275277,31.92607],[73.275067,31.926016],[73.274953,31.925974],[73.274765,31.9259],[73.274484,31.925793],[73.274247,31.925703],[73.274239,31.9257],[73.274182,31.925678],[73.274156,31.925668],[73.274079,31.925639],[73.273775,31.925523],[73.273687,31.925496],[73.27339,31.925408],[73.272905,31.925261],[73.272733,31.925209],[73.2727,31.925192],[73.272139,31.925091],[73.272,31.925066],[73.271648,31.925003],[73.271449,31.92501],[73.271395,31.925012],[73.271294,31.925015],[73.27068,31.92505],[73.270578,31.925056],[73.269968,31.925102],[73.269861,31.925111],[73.269254,31.925145],[73.269146,31.925151],[73.26854,31.925185],[73.26843,31.925191],[73.267952,31.925214],[73.267816,31.925188],[73.267721,31.925171],[73.267111,31.925048],[73.267054,31.925036],[73.267023,31.92503],[73.266324,31.924904],[73.266296,31.9249],[73.266108,31.924872],[73.265624,31.924778],[73.265538,31.924763],[73.265455,31.924748],[73.264925,31.924653],[73.264793,31.924679],[73.264199,31.924798],[73.264103,31.924819],[73.263472,31.924959],[73.263416,31.92497],[73.262777,31.925098],[73.262746,31.925104],[73.262727,31.925114],[73.262086,31.925457],[73.261995,31.925506],[73.261786,31.925643],[73.261611,31.925724],[73.261553,31.925753],[73.261244,31.925907],[73.260791,31.926178],[73.26049,31.926339],[73.260431,31.926372],[73.260085,31.926608],[73.259919,31.926723],[73.259727,31.926861],[73.259171,31.927277],[73.259083,31.927351],[73.258965,31.927383],[73.258246,31.9276],[73.258231,31.927607],[73.258169,31.927638],[73.257943,31.927676],[73.257663,31.927776],[73.257498,31.927825],[73.256929,31.928035],[73.256912,31.928041],[73.25679,31.92779],[73.256744,31.92771],[73.256741,31.927705]],[[73.488296,31.898647],[73.487336,31.898148],[73.486716,31.897826],[73.486199,31.897662],[73.485815,31.897539],[73.483514,31.896693],[73.481426,31.896202],[73.481148,31.896137],[73.481053,31.896252],[73.48045,31.896991],[73.480351,31.897112],[73.480158,31.898249],[73.48014,31.898351],[73.480132,31.898351],[73.477135,31.898322],[73.476503,31.896967],[73.476099,31.896938],[73.475288,31.896882],[73.472929,31.894412],[73.46997,31.89123],[73.467469,31.888541],[73.463936,31.88833],[73.462988,31.886368],[73.462187,31.88456],[73.461848,31.883595],[73.461766,31.883126],[73.461315,31.881704],[73.461131,31.881244],[73.460843,31.880684],[73.460569,31.880365],[73.459895,31.878884],[73.459648,31.878116],[73.459636,31.877481],[73.459512,31.876928],[73.459494,31.876845],[73.459848,31.876216],[73.460277,31.875563],[73.460349,31.875317],[73.460551,31.874973],[73.460862,31.874442],[73.461046,31.87413],[73.461116,31.873962],[73.461321,31.873468],[73.46164,31.872703],[73.462274,31.870693],[73.462522,31.869905],[73.462585,31.869707],[73.462823,31.869197],[73.463007,31.868802],[73.463032,31.868661],[73.463077,31.868415],[73.463107,31.868404],[73.463212,31.868364],[73.463348,31.868158],[73.463279,31.867694],[73.463293,31.867204],[73.463314,31.866738],[73.463319,31.866614],[73.463565,31.866169],[73.463691,31.865945],[73.463803,31.865747],[73.463826,31.86566],[73.464039,31.864882],[73.464236,31.86447],[73.465713,31.859972],[73.465749,31.859861],[73.466568,31.859803],[73.467257,31.859703],[73.47304,31.859084],[73.474849,31.858907],[73.474853,31.858907],[73.475859,31.858808],[73.475874,31.858806],[73.477524,31.858645],[73.477599,31.858637],[73.477629,31.858767],[73.477781,31.859416],[73.478157,31.85948],[73.478599,31.861822],[73.482729,31.861212],[73.48419,31.861034],[73.484854,31.860887],[73.486071,31.861188],[73.488356,31.861752],[73.488369,31.861755],[73.488626,31.861491],[73.496054,31.85385],[73.497893,31.853573],[73.498834,31.85325],[73.50031,31.852745],[73.50181,31.854626],[73.501834,31.854614],[73.502801,31.854158],[73.503548,31.854071],[73.504611,31.85514],[73.505882,31.85612],[73.506791,31.855957],[73.507805,31.855775],[73.508949,31.855861],[73.509411,31.855808],[73.510299,31.855707],[73.510951,31.855633],[73.511022,31.855625],[73.511057,31.855624],[73.512152,31.855578],[73.512571,31.85556],[73.515383,31.855353],[73.517145,31.855249],[73.517899,31.855308],[73.518802,31.855377],[73.519158,31.855405],[73.519485,31.855399],[73.519911,31.855391],[73.521111,31.855186],[73.52144,31.855081],[73.521983,31.855003],[73.522395,31.857374],[73.522912,31.857319],[73.524582,31.857343],[73.526665,31.857155],[73.527781,31.856876],[73.529855,31.85624],[73.530246,31.857345],[73.530955,31.857191],[73.533337,31.856512],[73.533346,31.85651],[73.533477,31.857104],[73.533701,31.858126],[73.533715,31.85819],[73.532435,31.858545],[73.530477,31.859089],[73.530748,31.860451],[73.530937,31.861407],[73.530898,31.861416],[73.519358,31.863894],[73.519529,31.864374],[73.519513,31.864379],[73.514868,31.865691],[73.515104,31.86627],[73.513738,31.866613],[73.513971,31.867188],[73.514171,31.867774],[73.514323,31.867871],[73.514864,31.86821],[73.516995,31.869307],[73.517685,31.87105],[73.517708,31.871108],[73.514286,31.870785],[73.514035,31.870767],[73.509431,31.870438],[73.508898,31.870506],[73.503838,31.871149],[73.503735,31.870552],[73.494201,31.871866],[73.49395,31.870671],[73.491851,31.870958],[73.491742,31.870125],[73.491704,31.869883],[73.49071,31.870008],[73.490464,31.870038],[73.490453,31.870078],[73.490414,31.870213],[73.490088,31.870286],[73.48914,31.870431],[73.489155,31.870698],[73.489165,31.870863],[73.489171,31.871066],[73.489172,31.871079],[73.490035,31.873923],[73.490047,31.873962],[73.488507,31.874042],[73.487962,31.874137],[73.487402,31.873193],[73.486997,31.873294],[73.486352,31.873569],[73.48479,31.874094],[73.483697,31.874462],[73.48345,31.874244],[73.483052,31.873894],[73.483012,31.873859],[73.483032,31.87382],[73.483093,31.873697],[73.483205,31.873471],[73.482933,31.87309],[73.482918,31.873068],[73.482439,31.873305],[73.48242,31.873315],[73.482237,31.873093],[73.482227,31.873081],[73.4821,31.873232],[73.481922,31.873443],[73.481894,31.873908],[73.481819,31.874449],[73.481733,31.875073],[73.481722,31.875152],[73.481618,31.875206],[73.481448,31.875297],[73.48131,31.87537],[73.481114,31.875512],[73.480973,31.875614],[73.48123,31.876255],[73.481336,31.876686],[73.481553,31.877131],[73.481881,31.877803],[73.481808,31.877838],[73.481166,31.878145],[73.481444,31.879266],[73.483462,31.881709],[73.487737,31.887485],[73.487281,31.886725],[73.487417,31.886918],[73.487816,31.887483],[73.488216,31.88805],[73.488631,31.888638],[73.489085,31.889272],[73.489155,31.88937],[73.489262,31.88952],[73.48959,31.889979],[73.489757,31.890213],[73.489915,31.890427],[73.490847,31.891515],[73.490945,31.891731],[73.491151,31.892082],[73.491466,31.892526],[73.491523,31.892777],[73.491633,31.89297],[73.491814,31.893185],[73.491935,31.89342],[73.492069,31.893647],[73.492228,31.893663],[73.49239,31.893931],[73.492667,31.894441],[73.492806,31.894729],[73.492877,31.894875],[73.49293,31.895011],[73.492779,31.895259],[73.492656,31.895461],[73.492691,31.895896],[73.492628,31.896643],[73.492615,31.897096],[73.492587,31.897237],[73.492453,31.897326],[73.492329,31.89732],[73.491911,31.897355],[73.492016,31.897784],[73.492137,31.898915],[73.492147,31.899004],[73.492178,31.899293],[73.491642,31.90062],[73.489262,31.899216],[73.488296,31.898647]]]]}},{"type":"Feature","properties":{"name":"Municipal Committee Jalalpur Bhattian"},"geometry":{"type":"MultiPolygon","coordinates":[[[[73.370886,32.084415],[73.370755,32.083303],[73.372341,32.083174],[73.373553,32.08302],[73.374927,32.082156],[73.375303,32.081926],[73.37596,32.081421],[73.376094,32.081354],[73.376849,32.080963],[73.377272,32.080745],[73.377855,32.080443],[73.377855,32.08043],[73.37785,32.080176],[73.37785,32.080153],[73.377616,32.079524],[73.377543,32.079331],[73.377377,32.078893],[73.377137,32.078257],[73.376956,32.077779],[73.376973,32.077772],[73.377228,32.077657],[73.377222,32.077652],[73.377218,32.077649],[73.377261,32.077628],[73.377358,32.077578],[73.377491,32.077537],[73.377557,32.077514],[73.377602,32.077468],[73.378057,32.077107],[73.378161,32.077011],[73.378706,32.076623],[73.378764,32.076575],[73.378847,32.076518],[73.378915,32.076469],[73.378966,32.07643],[73.379391,32.076035],[73.379782,32.075773],[73.379836,32.075733],[73.380392,32.075535],[73.380551,32.075431],[73.380845,32.075372],[73.381324,32.075059],[73.381364,32.075033],[73.382107,32.074506],[73.382129,32.074478],[73.382745,32.074048],[73.382866,32.07398],[73.382927,32.073946],[73.382997,32.073906],[73.383646,32.073456],[73.383726,32.073404],[73.384446,32.072953],[73.384477,32.072938],[73.384517,32.072912],[73.385285,32.07257],[73.38559,32.072452],[73.385823,32.072371],[73.385395,32.071851],[73.385365,32.071817],[73.385349,32.071786],[73.385416,32.071716],[73.38609,32.071287],[73.386147,32.071256],[73.386207,32.071224],[73.386927,32.070865],[73.386985,32.070822],[73.386992,32.070777],[73.387044,32.070783],[73.387783,32.070285],[73.387823,32.070259],[73.388583,32.069734],[73.389175,32.069323],[73.389324,32.069572],[73.389534,32.069839],[73.389909,32.07032],[73.389926,32.070324],[73.390607,32.070552],[73.390622,32.070569],[73.391058,32.070704],[73.391305,32.070675],[73.391644,32.070682],[73.392057,32.070438],[73.392106,32.070408],[73.392492,32.070166],[73.392851,32.069931],[73.393023,32.06979],[73.393112,32.069625],[73.393338,32.069335],[73.393239,32.069029],[73.393045,32.068657],[73.393007,32.068528],[73.392996,32.068392],[73.392971,32.06806],[73.393017,32.067785],[73.393063,32.067485],[73.393109,32.067185],[73.393175,32.066689],[73.393165,32.066581],[73.393172,32.066173],[73.393362,32.065993],[73.393473,32.065853],[73.393722,32.065526],[73.393754,32.065512],[73.393911,32.065444],[73.394278,32.065271],[73.395019,32.065109],[73.395088,32.065094],[73.395429,32.065002],[73.395593,32.064978],[73.395762,32.064932],[73.396068,32.064821],[73.396505,32.064755],[73.396647,32.064739],[73.397239,32.064638],[73.397774,32.064652],[73.397957,32.064626],[73.39808,32.064609],[73.398391,32.06472],[73.398652,32.064764],[73.399341,32.064947],[73.399375,32.064955],[73.399796,32.065012],[73.39999,32.065034],[73.400043,32.06504],[73.400745,32.065133],[73.40113,32.065187],[73.401472,32.065061],[73.402238,32.064734],[73.402585,32.064574],[73.403004,32.064407],[73.40375,32.064093],[73.40377,32.06408],[73.404536,32.063753],[73.40488,32.063608],[73.4053,32.063441],[73.405673,32.063266],[73.406045,32.063249],[73.406662,32.063195],[73.406772,32.063177],[73.407493,32.06315],[73.408152,32.063078],[73.408053,32.063349],[73.407733,32.063923],[73.407448,32.064502],[73.407225,32.064904],[73.407127,32.065076],[73.407114,32.065104],[73.406842,32.065654],[73.40698,32.066279],[73.40701,32.066313],[73.407117,32.066905],[73.407162,32.066965],[73.407272,32.067532],[73.407375,32.068153],[73.407397,32.068249],[73.407431,32.06825],[73.408129,32.068373],[73.408833,32.068451],[73.409298,32.068551],[73.409517,32.068664],[73.409871,32.068763],[73.409938,32.068575],[73.410253,32.068532],[73.410429,32.06849],[73.410674,32.06807],[73.410354,32.068086],[73.410389,32.067876],[73.410565,32.067384],[73.41106,32.06737],[73.411273,32.067364],[73.411417,32.06677],[73.411488,32.066551],[73.411678,32.066514],[73.411342,32.066223],[73.411385,32.066156],[73.411937,32.065707],[73.412114,32.065719],[73.41215,32.065721],[73.412173,32.066069],[73.412796,32.065946],[73.413525,32.065859],[73.413587,32.065852],[73.413572,32.065788],[73.413544,32.065739],[73.413436,32.065481],[73.413434,32.065163],[73.413445,32.064861],[73.413491,32.064559],[73.413593,32.064038],[73.4136,32.063962],[73.413568,32.063348],[73.413535,32.062896],[73.413518,32.062733],[73.413391,32.062153],[73.413381,32.062108],[73.413381,32.062107],[73.413371,32.062064],[73.413222,32.06209],[73.412654,32.06218],[73.411926,32.062252],[73.411202,32.062309],[73.410472,32.062396],[73.409747,32.062453],[73.409018,32.062541],[73.408288,32.06263],[73.40809,32.062643],[73.408073,32.062523],[73.408058,32.062433],[73.407901,32.062112],[73.407778,32.061733],[73.407739,32.06153],[73.407729,32.061483],[73.407574,32.060856],[73.407401,32.060227],[73.407287,32.059803],[73.407228,32.059598],[73.407201,32.059381],[73.407284,32.058995],[73.407354,32.058606],[73.407465,32.058634],[73.407763,32.058438],[73.408249,32.058187],[73.408717,32.057933],[73.409031,32.057755],[73.409654,32.057427],[73.409808,32.057353],[73.410006,32.057254],[73.410449,32.056905],[73.410613,32.056771],[73.41121,32.056379],[73.411409,32.056249],[73.41191,32.055899],[73.411953,32.055851],[73.412111,32.055754],[73.412262,32.055352],[73.412291,32.055279],[73.412558,32.054699],[73.412773,32.054112],[73.412915,32.053869],[73.412952,32.053522],[73.413079,32.052927],[73.413223,32.052333],[73.413314,32.05187],[73.413367,32.051739],[73.413564,32.051151],[73.413685,32.050707],[73.413743,32.050561],[73.41394,32.049972],[73.41412,32.049382],[73.414304,32.048861],[73.414294,32.048833],[73.413982,32.048757],[73.413301,32.04853],[73.412758,32.048322],[73.412629,32.048242],[73.412084,32.047938],[73.41197,32.047864],[73.411312,32.047486],[73.410873,32.047194],[73.410667,32.047019],[73.410221,32.046718],[73.410017,32.046581],[73.409855,32.046472],[73.409366,32.046158],[73.408982,32.045866],[73.408785,32.045743],[73.408721,32.045691],[73.408065,32.045298],[73.407866,32.045171],[73.407432,32.044984],[73.407402,32.04495],[73.406732,32.044648],[73.406315,32.044447],[73.406067,32.044315],[73.405799,32.044194],[73.405413,32.043907],[73.40475,32.043559],[73.404559,32.043479],[73.404394,32.043428],[73.404068,32.043332],[73.403572,32.043157],[73.403387,32.043104],[73.402701,32.042906],[73.402063,32.042729],[73.402015,32.042708],[73.401986,32.042706],[73.401327,32.042525],[73.401052,32.042449],[73.400639,32.042342],[73.399949,32.042175],[73.399754,32.042125],[73.399258,32.042007],[73.398859,32.041932],[73.398565,32.041854],[73.397875,32.041686],[73.397392,32.041535],[73.397192,32.041473],[73.397025,32.041394],[73.396526,32.04114],[73.395947,32.040818],[73.395866,32.040778],[73.395373,32.040601],[73.395187,32.040535],[73.394987,32.040451],[73.394508,32.040292],[73.393826,32.040064],[73.393786,32.040049],[73.393147,32.039821],[73.392967,32.039757],[73.39286,32.039713],[73.392473,32.039548],[73.392425,32.039532],[73.392367,32.039659],[73.392117,32.040241],[73.391698,32.039935],[73.391409,32.039768],[73.391275,32.039538],[73.391083,32.039273],[73.391,32.039149],[73.390962,32.038893],[73.390932,32.03873],[73.390917,32.038595],[73.390895,32.038276],[73.390811,32.037657],[73.390754,32.037145],[73.390761,32.037041],[73.390734,32.036871],[73.390677,32.036422],[73.39061,32.035805],[73.390525,32.035186],[73.390458,32.034568],[73.390416,32.034259],[73.390409,32.033953],[73.390342,32.033336],[73.389849,32.033281],[73.38915,32.033173],[73.388679,32.033097],[73.388462,32.03299],[73.387935,32.032855],[73.387774,32.032807],[73.387412,32.032731],[73.387083,32.03264],[73.386395,32.032457],[73.385884,32.03233],[73.385705,32.032289],[73.385001,32.032211],[73.38465,32.032165],[73.384379,32.032066],[73.384311,32.032043],[73.38362,32.031875],[73.382935,32.031677],[73.382251,32.031464],[73.381898,32.031363],[73.381668,32.031765],[73.381426,32.032181],[73.38133,32.032338],[73.380992,32.03291],[73.380654,32.033483],[73.380465,32.033782],[73.380316,32.034055],[73.379961,32.034626],[73.37964,32.0352],[73.379494,32.035458],[73.379401,32.035572],[73.379338,32.035776],[73.379123,32.036363],[73.378908,32.036949],[73.378746,32.037541],[73.378574,32.037845],[73.378478,32.038121],[73.378293,32.038634],[73.378264,32.038707],[73.378137,32.039303],[73.377992,32.039897],[73.377848,32.040491],[73.377721,32.041086],[73.377624,32.041686],[73.377564,32.041938],[73.377546,32.042062],[73.377348,32.042265],[73.377149,32.042469],[73.377029,32.042564],[73.376967,32.04263],[73.376795,32.042807],[73.376787,32.042813],[73.376469,32.04304],[73.376163,32.043201],[73.37615,32.043291],[73.376048,32.04334],[73.375525,32.043595],[73.375345,32.043872],[73.374637,32.0442],[73.374574,32.044229],[73.374033,32.044337],[73.373836,32.044376],[73.373339,32.044388],[73.373106,32.044463],[73.372384,32.044505],[73.371994,32.044525],[73.371652,32.044607],[73.371332,32.044648],[73.371077,32.04468],[73.370921,32.044709],[73.370191,32.044796],[73.369464,32.044868],[73.36905,32.044885],[73.368737,32.044939],[73.368605,32.044955],[73.368008,32.045026],[73.367274,32.045143],[73.36654,32.04526],[73.365804,32.045392],[73.365722,32.045414],[73.365669,32.045417],[73.365386,32.045436],[73.365244,32.045445],[73.365077,32.045464],[73.364822,32.045492],[73.364348,32.04555],[73.364013,32.045595],[73.363623,32.045607],[73.363515,32.045611],[73.362905,32.045619],[73.362593,32.045622],[73.36279,32.04614],[73.362811,32.046234],[73.363032,32.046777],[73.363184,32.047192],[73.363293,32.047416],[73.364342,32.049826],[73.365197,32.051666],[73.365469,32.052235],[73.366004,32.053357],[73.366435,32.054364],[73.366708,32.054962],[73.36675,32.055059],[73.366932,32.055474],[73.366982,32.055548],[73.367025,32.055613],[73.367259,32.055963],[73.367264,32.056205],[73.367277,32.056784],[73.367267,32.056834],[73.367121,32.057518],[73.367107,32.057567],[73.36693,32.058205],[73.366738,32.058896],[73.366573,32.059883],[73.366573,32.059884],[73.366281,32.059926],[73.365453,32.060046],[73.365365,32.05928],[73.365359,32.059229],[73.365271,32.059123],[73.365144,32.05897],[73.364824,32.05877],[73.364123,32.058333],[73.36364,32.057833],[73.363603,32.057795],[73.363492,32.057804],[73.363235,32.057825],[73.363056,32.057681],[73.362753,32.057437],[73.362168,32.056965],[73.362152,32.056953],[73.361545,32.056477],[73.36143,32.056386],[73.360864,32.056131],[73.360855,32.056127],[73.360852,32.056132],[73.360782,32.05609],[73.360705,32.056341],[73.36068,32.0564],[73.36059,32.056609],[73.360346,32.05657],[73.360183,32.056768],[73.360117,32.056889],[73.360094,32.056933],[73.359587,32.057151],[73.359492,32.05721],[73.35933,32.05731],[73.359192,32.057396],[73.358985,32.057506],[73.358962,32.057518],[73.35894,32.057575],[73.358891,32.057598],[73.358323,32.057875],[73.358259,32.057901],[73.358213,32.057919],[73.357796,32.058043],[73.35759,32.058105],[73.357509,32.058129],[73.357045,32.058281],[73.357055,32.058337],[73.357103,32.058625],[73.357096,32.058898],[73.357099,32.058959],[73.35711,32.059175],[73.357119,32.059372],[73.3572,32.059566],[73.357272,32.05974],[73.357438,32.060136],[73.357528,32.060353],[73.357483,32.06054],[73.35742,32.060776],[73.357415,32.060796],[73.357559,32.061108],[73.357695,32.061336],[73.357696,32.061337],[73.357725,32.061525],[73.357828,32.061567],[73.358079,32.061668],[73.358238,32.061733],[73.358369,32.061789],[73.358667,32.061915],[73.358861,32.062029],[73.35907,32.062234],[73.359117,32.06228],[73.359291,32.062561],[73.359373,32.062736],[73.359377,32.062744],[73.359196,32.0628],[73.359177,32.062806],[73.359064,32.062839],[73.35879,32.062917],[73.358796,32.062942],[73.358841,32.06311],[73.358916,32.063389],[73.358967,32.063581],[73.358857,32.06365],[73.358495,32.063876],[73.3583,32.064021],[73.357943,32.064286],[73.357788,32.064396],[73.357757,32.064421],[73.357716,32.064452],[73.357713,32.064455],[73.357676,32.064483],[73.357561,32.064551],[73.357546,32.06456],[73.357439,32.06452],[73.356966,32.064343],[73.356929,32.064329],[73.356926,32.064332],[73.356882,32.064393],[73.356504,32.064906],[73.356427,32.064994],[73.35635,32.065081],[73.356258,32.065497],[73.356229,32.065538],[73.356154,32.065638],[73.355925,32.065613],[73.35513,32.065527],[73.355097,32.065521],[73.355037,32.065509],[73.354991,32.065535],[73.354855,32.065611],[73.354222,32.065763],[73.354049,32.065789],[73.353928,32.065808],[73.353292,32.065947],[73.352949,32.066075],[73.352507,32.066179],[73.35242,32.066167],[73.352102,32.066052],[73.351428,32.065817],[73.350744,32.065595],[73.350655,32.065521],[73.35003,32.065411],[73.349843,32.065374],[73.349295,32.065251],[73.34855,32.065103],[73.347908,32.064961],[73.347825,32.064931],[73.34708,32.064783],[73.346803,32.064736],[73.346799,32.064743],[73.346686,32.064973],[73.346382,32.06553],[73.346356,32.065567],[73.346019,32.066052],[73.345989,32.066086],[73.345598,32.066539],[73.34556,32.066569],[73.345061,32.066957],[73.345022,32.066986],[73.344509,32.067366],[73.344472,32.067395],[73.343971,32.067785],[73.343934,32.067813],[73.343419,32.068194],[73.343383,32.068222],[73.342882,32.068612],[73.342841,32.068636],[73.342257,32.068978],[73.342219,32.069003],[73.341661,32.069362],[73.341617,32.069382],[73.341557,32.06941],[73.341109,32.069771],[73.341106,32.069774],[73.3411,32.069778],[73.340528,32.070164],[73.339932,32.070547],[73.339689,32.070705],[73.339562,32.070788],[73.339462,32.07086],[73.339351,32.070939],[73.338882,32.071241],[73.338756,32.071323],[73.338719,32.071343],[73.338159,32.071651],[73.33816,32.071652],[73.338739,32.071792],[73.339453,32.071977],[73.339726,32.072028],[73.340148,32.072187],[73.340285,32.072231],[73.340663,32.072352],[73.340893,32.072334],[73.341103,32.072313],[73.341579,32.072263],[73.341861,32.072209],[73.342245,32.072174],[73.342356,32.072163],[73.342641,32.072156],[73.342789,32.072134],[73.343656,32.072133],[73.343848,32.072136],[73.344371,32.072317],[73.344725,32.072441],[73.344727,32.072438],[73.344797,32.072353],[73.344806,32.072342],[73.345086,32.072502],[73.345688,32.072824],[73.345834,32.07291],[73.346192,32.072791],[73.346396,32.072737],[73.346637,32.072673],[73.346642,32.07268],[73.346657,32.072698],[73.346793,32.072876],[73.34726,32.072903],[73.347351,32.072908],[73.34769,32.072944],[73.348059,32.072953],[73.348151,32.072956],[73.348178,32.072956],[73.348556,32.072972],[73.348593,32.072938],[73.348723,32.072819],[73.34926,32.072401],[73.349412,32.072271],[73.349753,32.071979],[73.349769,32.071966],[73.349984,32.071794],[73.35001,32.071777],[73.350345,32.071593],[73.350364,32.071582],[73.350985,32.071235],[73.351004,32.071225],[73.351608,32.070883],[73.351623,32.070876],[73.351643,32.070867],[73.352279,32.070528],[73.352297,32.070518],[73.352919,32.07017],[73.352936,32.07016],[73.353186,32.070014],[73.353545,32.069804],[73.353561,32.069794],[73.354055,32.069587],[73.354149,32.069425],[73.354157,32.069411],[73.354624,32.068969],[73.354636,32.068958],[73.354666,32.068921],[73.35515,32.068673],[73.35526,32.068609],[73.355275,32.0686],[73.355325,32.068572],[73.355801,32.068277],[73.355886,32.068225],[73.35596,32.068202],[73.356002,32.068189],[73.356333,32.068134],[73.356403,32.068155],[73.356434,32.068164],[73.35701,32.068471],[73.357037,32.068485],[73.357421,32.068676],[73.357522,32.068718],[73.357635,32.068765],[73.357663,32.068777],[73.357708,32.068796],[73.358006,32.068761],[73.358025,32.068759],[73.358639,32.068644],[73.358652,32.06864],[73.358705,32.068626],[73.358927,32.068569],[73.358941,32.068565],[73.359649,32.06839],[73.359729,32.06837],[73.359745,32.068369],[73.359842,32.068363],[73.359875,32.068348],[73.359913,32.06833],[73.360242,32.068526],[73.360364,32.068599],[73.361164,32.069105],[73.361236,32.069093],[73.361778,32.069],[73.361798,32.069077],[73.36199,32.069822],[73.362123,32.070292],[73.362173,32.070231],[73.36218,32.070259],[73.362378,32.070133],[73.362447,32.070177],[73.362341,32.070615],[73.362185,32.071182],[73.362416,32.071351],[73.362461,32.071385],[73.362926,32.071733],[73.362969,32.071809],[73.363273,32.072345],[73.363295,32.072384],[73.363357,32.072494],[73.363354,32.072495],[73.363146,32.072548],[73.362827,32.07263],[73.36282,32.072632],[73.362775,32.072809],[73.362737,32.072955],[73.362757,32.073046],[73.362787,32.073198],[73.362823,32.073375],[73.362863,32.073574],[73.363236,32.073764],[73.363251,32.073772],[73.363475,32.073892],[73.363478,32.073899],[73.363626,32.074198],[73.363842,32.074409],[73.363845,32.074412],[73.364324,32.074906],[73.364375,32.074958],[73.364455,32.07544],[73.364482,32.075606],[73.364509,32.075763],[73.364537,32.07594],[73.364281,32.076051],[73.364162,32.076103],[73.363905,32.076211],[73.363808,32.076252],[73.363759,32.076416],[73.363606,32.076928],[73.363522,32.077068],[73.363507,32.077092],[73.363494,32.077113],[73.363476,32.077144],[73.363319,32.077403],[73.3633,32.077432],[73.363273,32.077472],[73.363206,32.077572],[73.363097,32.077829],[73.363081,32.077866],[73.363245,32.07823],[73.362981,32.078325],[73.362483,32.078504],[73.362252,32.078598],[73.361668,32.078976],[73.36157,32.07904],[73.361553,32.079084],[73.361888,32.079256],[73.361937,32.079281],[73.362425,32.079531],[73.36247,32.079702],[73.362639,32.08034],[73.362737,32.080434],[73.363221,32.080902],[73.363574,32.081241],[73.363759,32.081333],[73.364296,32.081598],[73.364366,32.081653],[73.364901,32.082072],[73.364909,32.082078],[73.365358,32.082558],[73.365828,32.083059],[73.365877,32.083112],[73.366126,32.083125],[73.36651,32.083305],[73.367121,32.083594],[73.367133,32.0836],[73.368108,32.083455],[73.368116,32.083454],[73.36901,32.083425],[73.369013,32.083425],[73.369245,32.083417],[73.369882,32.083416],[73.369897,32.083416],[73.369975,32.084358],[73.370002,32.08436],[73.370819,32.084411],[73.370886,32.084415]]]]}},{"type":"Feature","properties":{"name":"Municipal Committee Pindi Bhattian"},"geometry":{"type":"MultiPolygon","coordinates":[[[[73.264793,31.924679],[73.264925,31.924653],[73.265455,31.924748],[73.265538,31.924763],[73.265624,31.924778],[73.266108,31.924872],[73.266296,31.9249],[73.266324,31.924904],[73.267023,31.92503],[73.267054,31.925036],[73.267111,31.925048],[73.267721,31.925171],[73.267816,31.925188],[73.267952,31.925214],[73.26843,31.925191],[73.26854,31.925185],[73.269146,31.925151],[73.269254,31.925145],[73.269861,31.925111],[73.269968,31.925102],[73.270578,31.925056],[73.27068,31.92505],[73.271294,31.925015],[73.271395,31.925012],[73.271449,31.92501],[73.271648,31.925003],[73.272,31.925066],[73.272139,31.925091],[73.2727,31.925192],[73.272733,31.925209],[73.272905,31.925261],[73.27339,31.925408],[73.273687,31.925496],[73.273775,31.925523],[73.274079,31.925639],[73.274156,31.925668],[73.274182,31.925678],[73.274239,31.9257],[73.274247,31.925703],[73.274484,31.925793],[73.274765,31.9259],[73.274953,31.925974],[73.275067,31.926016],[73.275277,31.92607],[73.275455,31.926116],[73.276051,31.926276],[73.276149,31.926302],[73.276823,31.926468],[73.276844,31.926473],[73.27754,31.926629],[73.27759,31.92664],[73.278236,31.926784],[73.278357,31.926817],[73.278392,31.926826],[73.27893,31.92697],[73.279132,31.92702],[73.279625,31.927141],[73.2799,31.927197],[73.280323,31.927282],[73.280664,31.927358],[73.281019,31.927438],[73.281056,31.927446],[73.281071,31.927478],[73.28138,31.927552],[73.28158,31.9276],[73.281712,31.927631],[73.281854,31.927663],[73.281948,31.927631],[73.282013,31.927609],[73.282183,31.92755],[73.282377,31.927553],[73.282431,31.927553],[73.282891,31.927576],[73.283139,31.927588],[73.283621,31.927602],[73.283849,31.927609],[73.284351,31.927623],[73.284558,31.927629],[73.28508,31.927644],[73.285268,31.927649],[73.285813,31.927676],[73.285976,31.927684],[73.286535,31.927664],[73.28669,31.927659],[73.287044,31.927648],[73.287189,31.92776],[73.287274,31.927727],[73.2874,31.927679],[73.287827,31.927497],[73.287932,31.927454],[73.288142,31.927368],[73.288408,31.927285],[73.28863,31.927344],[73.288747,31.927376],[73.288857,31.927328],[73.289308,31.927156],[73.289596,31.927046],[73.28967,31.927021],[73.289742,31.926995],[73.289762,31.926988],[73.289819,31.926967],[73.290018,31.926895],[73.290334,31.92678],[73.290347,31.926777],[73.290436,31.926754],[73.290706,31.926658],[73.290781,31.926632],[73.291019,31.92651],[73.291046,31.926497],[73.291074,31.926484],[73.291387,31.926347],[73.291818,31.926157],[73.292067,31.926032],[73.292162,31.925985],[73.292247,31.925942],[73.292353,31.925889],[73.292563,31.925816],[73.292751,31.925748],[73.293301,31.92555],[73.293382,31.925521],[73.293438,31.925505],[73.293539,31.925476],[73.294045,31.925208],[73.294117,31.925177],[73.29464,31.924947],[73.29479,31.924867],[73.294798,31.924863],[73.294911,31.924803],[73.294939,31.924842],[73.295493,31.924698],[73.295519,31.924691],[73.296186,31.924503],[73.296251,31.924485],[73.296315,31.924459],[73.296588,31.924349],[73.29684,31.923925],[73.29686,31.923891],[73.296865,31.923846],[73.296904,31.923785],[73.297053,31.923556],[73.297202,31.923308],[73.297386,31.923144],[73.297398,31.923133],[73.297349,31.922712],[73.297327,31.922623],[73.297869,31.922491],[73.297889,31.922486],[73.297988,31.922463],[73.29811,31.922375],[73.29838,31.922178],[73.298547,31.922094],[73.29865,31.921773],[73.298697,31.921657],[73.298721,31.921596],[73.29874,31.921552],[73.298885,31.921215],[73.298974,31.921007],[73.299154,31.920588],[73.299227,31.920418],[73.299316,31.920193],[73.299318,31.920189],[73.299363,31.920164],[73.299408,31.92014],[73.299511,31.920084],[73.299528,31.920075],[73.299798,31.919935],[73.29994,31.919862],[73.300286,31.919598],[73.300509,31.919428],[73.300653,31.919319],[73.30067,31.919307],[73.300738,31.91926],[73.301051,31.919045],[73.301317,31.918844],[73.301435,31.918754],[73.30155,31.918676],[73.301817,31.918493],[73.301953,31.918396],[73.301983,31.918381],[73.302325,31.91821],[73.302569,31.918076],[73.302661,31.918037],[73.303311,31.917765],[73.303344,31.917753],[73.303532,31.917689],[73.303813,31.917573],[73.30402,31.917397],[73.304062,31.917363],[73.304368,31.917142],[73.304684,31.916913],[73.304827,31.91681],[73.305116,31.916588],[73.305347,31.916421],[73.305594,31.916242],[73.305881,31.916035],[73.306011,31.915945],[73.306173,31.915833],[73.306246,31.915782],[73.306358,31.915705],[73.306629,31.915481],[73.306674,31.915452],[73.307123,31.915152],[73.307341,31.915005],[73.307447,31.914933],[73.307884,31.914645],[73.308007,31.914551],[73.308101,31.91448],[73.30823,31.914381],[73.308648,31.914108],[73.308673,31.914091],[73.309066,31.913834],[73.309116,31.9138],[73.309341,31.913646],[73.309352,31.913638],[73.309405,31.913645],[73.309986,31.913737],[73.310063,31.913749],[73.310105,31.913756],[73.310784,31.913848],[73.310808,31.913851],[73.311379,31.913941],[73.311507,31.913961],[73.311508,31.913962],[73.311857,31.914032],[73.312208,31.914087],[73.312231,31.91409],[73.312671,31.91415],[73.31291,31.914182],[73.312952,31.914184],[73.313309,31.914194],[73.313362,31.914195],[73.313566,31.914201],[73.313619,31.914202],[73.313666,31.914206],[73.314326,31.914252],[73.314382,31.914255],[73.315034,31.914287],[73.315098,31.914292],[73.315741,31.914338],[73.315814,31.914341],[73.316449,31.914373],[73.316529,31.914377],[73.317157,31.914408],[73.317243,31.914405],[73.317871,31.914382],[73.317952,31.914378],[73.318147,31.914367],[73.318586,31.914342],[73.31866,31.914339],[73.3193,31.914317],[73.319369,31.914313],[73.319422,31.91431],[73.320015,31.914276],[73.320077,31.914273],[73.320731,31.914236],[73.320784,31.914234],[73.321445,31.914211],[73.321494,31.91421],[73.322157,31.914201],[73.322204,31.914199],[73.322317,31.914196],[73.322861,31.914281],[73.322925,31.914292],[73.32356,31.914406],[73.32365,31.914422],[73.32426,31.914532],[73.324374,31.914554],[73.324811,31.914641],[73.32495,31.914747],[73.325195,31.914977],[73.325079,31.91463],[73.324988,31.914356],[73.324782,31.913734],[73.32454,31.91311],[73.324422,31.912859],[73.324299,31.912486],[73.324039,31.911861],[73.323852,31.911408],[73.323798,31.911237],[73.323503,31.910609],[73.323279,31.909986],[73.323002,31.90936],[73.322796,31.908909],[73.322677,31.908867],[73.322284,31.908702],[73.321992,31.90859],[73.321308,31.908314],[73.320623,31.908038],[73.320382,31.907961],[73.32029,31.907934],[73.319962,31.907521],[73.319751,31.907309],[73.319321,31.906793],[73.319174,31.906661],[73.318787,31.906248],[73.318665,31.906231],[73.317954,31.906226],[73.317244,31.906206],[73.316535,31.906186],[73.315828,31.906136],[73.315722,31.906128],[73.315669,31.906125],[73.315122,31.906086],[73.314415,31.906036],[73.31371,31.90597],[73.313004,31.90592],[73.312297,31.90587],[73.312244,31.905837],[73.312242,31.905414],[73.312293,31.904788],[73.312306,31.904539],[73.312326,31.904178],[73.312326,31.904165],[73.312316,31.904097],[73.312257,31.903695],[73.312238,31.903564],[73.312167,31.902959],[73.312152,31.90279],[73.312113,31.902351],[73.312107,31.902232],[73.312083,31.901807],[73.31206,31.901743],[73.312099,31.901619],[73.312113,31.901575],[73.312236,31.901188],[73.312269,31.90109],[73.312289,31.901032],[73.312488,31.900447],[73.312492,31.900435],[73.312662,31.899936],[73.312688,31.899861],[73.312716,31.899779],[73.312775,31.899532],[73.312835,31.899284],[73.312838,31.899269],[73.31287,31.899135],[73.313047,31.898685],[73.313073,31.898618],[73.31313,31.898474],[73.313239,31.898098],[73.313262,31.898019],[73.313215,31.897842],[73.313161,31.897476],[73.313127,31.89724],[73.313088,31.897019],[73.313055,31.896836],[73.313021,31.896641],[73.312891,31.896093],[73.31288,31.896049],[73.312927,31.895705],[73.31294,31.89561],[73.312966,31.895417],[73.312916,31.894995],[73.312895,31.894812],[73.312885,31.89449],[73.312882,31.894378],[73.312877,31.89422],[73.312876,31.894198],[73.312894,31.893972],[73.312788,31.893897],[73.312785,31.893895],[73.312641,31.893742],[73.312545,31.893638],[73.312528,31.893616],[73.312144,31.893091],[73.311953,31.892842],[73.311866,31.89273],[73.311725,31.892546],[73.311696,31.892514],[73.311603,31.892413],[73.311481,31.892279],[73.311397,31.892105],[73.311168,31.892025],[73.310764,31.891924],[73.309996,31.891733],[73.309913,31.891706],[73.309715,31.891658],[73.309227,31.891542],[73.30878,31.891422],[73.308633,31.891383],[73.308455,31.891336],[73.308264,31.891291],[73.30798,31.891226],[73.307946,31.891218],[73.307781,31.89118],[73.30769,31.891159],[73.307546,31.89111],[73.307265,31.891015],[73.306934,31.890904],[73.306904,31.890893],[73.306587,31.890803],[73.306275,31.890714],[73.306215,31.890697],[73.306203,31.890694],[73.306129,31.890672],[73.305519,31.890661],[73.305402,31.890659],[73.305333,31.890671],[73.305034,31.890619],[73.30502,31.890617],[73.304899,31.890596],[73.304864,31.890599],[73.304669,31.890615],[73.303921,31.890513],[73.303177,31.890425],[73.302655,31.889494],[73.302634,31.889452],[73.302577,31.889187],[73.30249,31.888924],[73.302419,31.888597],[73.302306,31.888169],[73.302261,31.888007],[73.302138,31.887411],[73.301963,31.886825],[73.301895,31.886583],[73.301736,31.886247],[73.301573,31.885928],[73.301424,31.885717],[73.301362,31.885384],[73.30135,31.88537],[73.301336,31.885338],[73.301135,31.884852],[73.301091,31.884744],[73.300887,31.884275],[73.300862,31.884203],[73.300831,31.884119],[73.300647,31.883562],[73.300625,31.883498],[73.300333,31.882908],[73.300313,31.882869],[73.300287,31.882829],[73.300025,31.882255],[73.300019,31.882241],[73.299716,31.881703],[73.299672,31.881609],[73.299664,31.881594],[73.299606,31.881485],[73.299236,31.880971],[73.299194,31.88092],[73.299095,31.880797],[73.299093,31.880794],[73.298999,31.880654],[73.298783,31.880332],[73.298721,31.880244],[73.29853,31.87997],[73.298471,31.879885],[73.298393,31.879791],[73.297833,31.879857],[73.297761,31.879865],[73.297586,31.879888],[73.297198,31.879862],[73.29711,31.879887],[73.297046,31.879906],[73.296808,31.879964],[73.296474,31.879927],[73.296388,31.879911],[73.296336,31.879901],[73.295742,31.879812],[73.295751,31.87951],[73.295738,31.879233],[73.295722,31.878901],[73.2957,31.878616],[73.295675,31.878291],[73.295678,31.878001],[73.295681,31.877684],[73.295658,31.877386],[73.295634,31.877074],[73.295638,31.876904],[73.295641,31.876793],[73.295603,31.876566],[73.295586,31.876464],[73.295587,31.876449],[73.295625,31.876158],[73.295663,31.875863],[73.295746,31.875562],[73.295828,31.875267],[73.295846,31.874963],[73.295855,31.87481],[73.295862,31.874694],[73.295904,31.874666],[73.29595,31.874596],[73.296008,31.874508],[73.296156,31.874456],[73.296863,31.874127],[73.296902,31.8741],[73.297153,31.873996],[73.297225,31.873967],[73.297076,31.873569],[73.297064,31.873535],[73.296993,31.873322],[73.296981,31.873286],[73.296875,31.872914],[73.296836,31.872833],[73.296952,31.872313],[73.296883,31.872032],[73.297046,31.871713],[73.297169,31.871357],[73.297228,31.871119],[73.297411,31.870525],[73.297462,31.870412],[73.29759,31.870338],[73.297989,31.870105],[73.298003,31.870097],[73.298032,31.870079],[73.298105,31.869967],[73.298449,31.869648],[73.298711,31.869403],[73.298792,31.869303],[73.298989,31.869118],[73.299009,31.869099],[73.299168,31.868949],[73.299171,31.868946],[73.299196,31.868922],[73.299053,31.868851],[73.298982,31.868816],[73.298845,31.868761],[73.298434,31.868547],[73.298168,31.868409],[73.297897,31.868265],[73.297825,31.868226],[73.29761,31.868112],[73.297494,31.868027],[73.297231,31.867872],[73.296822,31.867631],[73.296595,31.867603],[73.29657,31.8676],[73.296123,31.867505],[73.295894,31.867464],[73.295424,31.86738],[73.295321,31.867342],[73.295198,31.867314],[73.29473,31.867209],[73.294504,31.867161],[73.294248,31.867106],[73.294032,31.867068],[73.293805,31.867017],[73.293336,31.866913],[73.293114,31.866857],[73.292877,31.866798],[73.292639,31.866772],[73.292426,31.866742],[73.292403,31.866738],[73.291938,31.866661],[73.291682,31.866638],[73.291234,31.866596],[73.290948,31.866564],[73.290875,31.866555],[73.29053,31.866516],[73.29021,31.866497],[73.290089,31.86649],[73.289823,31.866481],[73.289453,31.86647],[73.28941,31.866469],[73.289114,31.866461],[73.288674,31.866485],[73.288399,31.866501],[73.287874,31.866541],[73.287822,31.866545],[73.287682,31.866556],[73.287125,31.866577],[73.287082,31.866582],[73.286967,31.866596],[73.286377,31.866451],[73.286273,31.866425],[73.285696,31.866271],[73.28558,31.86624],[73.28504,31.866154],[73.285044,31.866079],[73.285069,31.866006],[73.285199,31.865583],[73.285252,31.865412],[73.285188,31.864942],[73.285169,31.864799],[73.285169,31.864771],[73.28517,31.864663],[73.285143,31.864246],[73.28514,31.86419],[73.285103,31.863839],[73.285057,31.863578],[73.285056,31.863556],[73.285028,31.862969],[73.285022,31.862885],[73.284981,31.862358],[73.284982,31.862212],[73.284987,31.861752],[73.285,31.861561],[73.285028,31.861148],[73.28505,31.860921],[73.285087,31.860545],[73.285112,31.860285],[73.285146,31.859943],[73.285183,31.859653],[73.285222,31.859341],[73.285254,31.859021],[73.285281,31.858738],[73.285316,31.858385],[73.28534,31.858136],[73.285378,31.85775],[73.285399,31.857533],[73.285497,31.857135],[73.285546,31.856937],[73.285588,31.85651],[73.285605,31.856334],[73.285676,31.855884],[73.285699,31.855734],[73.285766,31.855308],[73.285773,31.855262],[73.285793,31.855134],[73.285857,31.854634],[73.28587,31.854532],[73.285952,31.85401],[73.285964,31.853932],[73.286099,31.853638],[73.286169,31.853432],[73.286199,31.853342],[73.286326,31.852831],[73.286347,31.852745],[73.286355,31.852716],[73.286543,31.852252],[73.286582,31.852155],[73.286669,31.851919],[73.28683,31.8517],[73.286923,31.851573],[73.287031,31.851383],[73.287186,31.851172],[73.287318,31.850994],[73.287553,31.850648],[73.287712,31.850415],[73.28776,31.850334],[73.287855,31.850228],[73.287939,31.850132],[73.288194,31.849842],[73.288421,31.849602],[73.288532,31.849485],[73.28865,31.849359],[73.288783,31.849277],[73.288894,31.849165],[73.289182,31.848876],[73.289214,31.848843],[73.289286,31.848771],[73.28926,31.848764],[73.289192,31.848746],[73.288948,31.848682],[73.288722,31.848621],[73.288627,31.848599],[73.288332,31.848532],[73.288028,31.84845],[73.287918,31.848413],[73.28734,31.848219],[73.287209,31.848175],[73.286651,31.847988],[73.286376,31.847892],[73.285963,31.847757],[73.285691,31.847657],[73.285442,31.847566],[73.28528,31.847466],[73.28497,31.847186],[73.284808,31.847053],[73.284624,31.846903],[73.284217,31.846525],[73.284141,31.846449],[73.283974,31.84628],[73.28364,31.845877],[73.283612,31.845845],[73.283337,31.845522],[73.283058,31.84524],[73.283046,31.845228],[73.282697,31.844793],[73.282517,31.844636],[73.282452,31.844579],[73.282043,31.844216],[73.28184,31.844032],[73.281716,31.843919],[73.281388,31.843638],[73.281254,31.843498],[73.281173,31.843427],[73.280981,31.84326],[73.280735,31.843046],[73.280482,31.842823],[73.280324,31.842684],[73.280228,31.8426],[73.28015,31.842521],[73.280118,31.842488],[73.280082,31.842453],[73.279763,31.842191],[73.279598,31.841948],[73.279573,31.841908],[73.279444,31.841709],[73.279385,31.841614],[73.279198,31.841313],[73.27896,31.84101],[73.278897,31.84093],[73.278819,31.84083],[73.27871,31.840671],[73.278665,31.840488],[73.278557,31.840053],[73.278459,31.839692],[73.278422,31.839438],[73.278422,31.839437],[73.278346,31.839111],[73.278278,31.839093],[73.278269,31.839091],[73.277579,31.838967],[73.277498,31.838952],[73.27728,31.838913],[73.276881,31.838841],[73.276879,31.838857],[73.276863,31.839022],[73.277028,31.839337],[73.277339,31.839966],[73.277456,31.840233],[73.277598,31.840592],[73.277587,31.841076],[73.277575,31.841197],[73.277567,31.84129],[73.277563,31.841343],[73.277535,31.841692],[73.277586,31.841805],[73.277645,31.841915],[73.277775,31.842111],[73.277793,31.842138],[73.277957,31.842377],[73.277986,31.84244],[73.278238,31.842822],[73.278227,31.843064],[73.278151,31.843666],[73.278092,31.844268],[73.278192,31.844882],[73.27831,31.845498],[73.278348,31.845652],[73.27848,31.846117],[73.278704,31.846739],[73.278892,31.84736],[73.279045,31.847977],[73.279215,31.848596],[73.279315,31.849211],[73.279392,31.849519],[73.279468,31.849828],[73.279586,31.850444],[73.279635,31.850743],[73.279545,31.851047],[73.279309,31.851638],[73.279127,31.852231],[73.278909,31.852823],[73.278805,31.852935],[73.278777,31.852965],[73.278772,31.853034],[73.278744,31.853418],[73.278615,31.854016],[73.278432,31.85461],[73.278267,31.855205],[73.278232,31.855287],[73.278067,31.855797],[73.277849,31.856389],[73.277631,31.85698],[73.277431,31.857573],[73.277249,31.858167],[73.277094,31.858474],[73.276996,31.858755],[73.27676,31.859346],[73.276542,31.859937],[73.276369,31.86035],[73.27636,31.860531],[73.276283,31.861132],[73.276189,31.861732],[73.276077,31.862331],[73.276045,31.862526],[73.275983,31.862932],[73.275918,31.86323],[73.275871,31.86353],[73.275759,31.864129],[73.275647,31.864728],[73.275535,31.865327],[73.275406,31.865925],[73.275329,31.866526],[73.275174,31.867088],[73.275164,31.867121],[73.275155,31.867163],[73.275035,31.867719],[73.274909,31.868229],[73.274887,31.868315],[73.274814,31.86871],[73.274775,31.868914],[73.274741,31.869037],[73.274709,31.869149],[73.274706,31.86919],[73.274681,31.869515],[73.274605,31.870116],[73.274475,31.870714],[73.274275,31.871306],[73.274075,31.871899],[73.273959,31.872187],[73.273886,31.872372],[73.273839,31.872489],[73.273705,31.872974],[73.273674,31.873084],[73.273492,31.873496],[73.273484,31.873575],[73.273474,31.873677],[73.273425,31.874179],[73.273422,31.874211],[73.273415,31.874279],[73.273356,31.874882],[73.273297,31.875485],[73.273268,31.875786],[73.273238,31.876087],[73.273179,31.87669],[73.27312,31.877293],[73.273061,31.877896],[73.273079,31.877897],[73.273074,31.878404],[73.273074,31.878408],[73.273073,31.878503],[73.273083,31.879013],[73.273084,31.879111],[73.273109,31.87934],[73.273149,31.879722],[73.273302,31.88034],[73.273367,31.880952],[73.273378,31.881559],[73.273405,31.881652],[73.273233,31.881701],[73.272673,31.881858],[73.2722,31.881963],[73.272159,31.881972],[73.271977,31.882066],[73.271939,31.882094],[73.271483,31.882347],[73.271247,31.882478],[73.271187,31.882511],[73.271018,31.882605],[73.270782,31.88271],[73.270777,31.882707],[73.270767,31.882703],[73.27069,31.882665],[73.270524,31.882752],[73.270448,31.882792],[73.270006,31.882984],[73.269882,31.883131],[73.269687,31.883299],[73.269609,31.8834],[73.269667,31.88351],[73.269823,31.883734],[73.270092,31.884227],[73.270117,31.884361],[73.270164,31.884972],[73.270213,31.885179],[73.270125,31.88519],[73.269993,31.885266],[73.269696,31.885349],[73.269481,31.885409],[73.26929,31.885474],[73.269186,31.885509],[73.268852,31.885601],[73.268748,31.885629],[73.268244,31.885782],[73.268248,31.885787],[73.268421,31.886061],[73.268665,31.886473],[73.268821,31.886697],[73.269186,31.88733],[73.269276,31.887503],[73.269568,31.887964],[73.269886,31.888533],[73.269951,31.888598],[73.264221,31.889222],[73.264125,31.88926],[73.263846,31.889376],[73.263628,31.889468],[73.263383,31.889571],[73.263097,31.88975],[73.262795,31.889838],[73.262765,31.889818],[73.262654,31.889747],[73.26255,31.889588],[73.262288,31.889616],[73.262111,31.889634],[73.261952,31.889651],[73.261399,31.889751],[73.261228,31.889781],[73.261191,31.889794],[73.261,31.889831],[73.260687,31.889892],[73.260572,31.889914],[73.260503,31.889927],[73.260476,31.889935],[73.25977,31.890148],[73.259344,31.890264],[73.259331,31.890268],[73.259015,31.890809],[73.259009,31.890852],[73.258991,31.89099],[73.258969,31.891061],[73.258874,31.891067],[73.258871,31.891067],[73.258766,31.891073],[73.258714,31.891076],[73.258359,31.891096],[73.258254,31.891101],[73.258255,31.89109],[73.257547,31.89105],[73.257548,31.891041],[73.257549,31.891036],[73.257431,31.891035],[73.257238,31.891034],[73.256838,31.891031],[73.256545,31.891029],[73.256127,31.891026],[73.255777,31.891008],[73.255419,31.89099],[73.255017,31.891004],[73.254705,31.891015],[73.254367,31.89102],[73.253993,31.891025],[73.253816,31.891034],[73.253281,31.891035],[73.253103,31.891037],[73.252568,31.891045],[73.252232,31.89103],[73.251847,31.891145],[73.251116,31.891351],[73.250642,31.891468],[73.250387,31.891526],[73.24974,31.891695],[73.249657,31.891717],[73.249442,31.891777],[73.248926,31.891922],[73.248834,31.891946],[73.248196,31.892113],[73.247464,31.892319],[73.24708,31.892428],[73.247073,31.892429],[73.246734,31.892509],[73.246602,31.892544],[73.246004,31.8927],[73.245925,31.892725],[73.245343,31.892911],[73.24527,31.892936],[73.245261,31.892938],[73.244592,31.893139],[73.244537,31.893156],[73.243983,31.893345],[73.243933,31.893362],[73.243801,31.893407],[73.243175,31.893362],[73.243094,31.893357],[73.242391,31.893306],[73.242388,31.893306],[73.241678,31.893286],[73.241623,31.893284],[73.240969,31.893265],[73.240855,31.893262],[73.24026,31.893245],[73.240086,31.89324],[73.23955,31.893225],[73.239319,31.893221],[73.239035,31.893217],[73.23884,31.893219],[73.238564,31.893229],[73.238126,31.893244],[73.23782,31.893261],[73.237411,31.893284],[73.237071,31.893282],[73.2367,31.893279],[73.236306,31.893267],[73.23599,31.893258],[73.235538,31.893245],[73.235281,31.893238],[73.234769,31.893223],[73.234572,31.893218],[73.234001,31.893201],[73.233862,31.893197],[73.233632,31.893193],[73.233287,31.893262],[73.23327,31.893263],[73.233144,31.893267],[73.23255,31.89335],[73.232423,31.893367],[73.231841,31.89346],[73.2317,31.893482],[73.231133,31.893573],[73.231124,31.893574],[73.230978,31.893598],[73.230526,31.893671],[73.230371,31.893686],[73.230256,31.893698],[73.229711,31.893785],[73.229534,31.893813],[73.229215,31.893877],[73.228808,31.893958],[73.228789,31.894154],[73.228786,31.894184],[73.229442,31.894747],[73.229524,31.894814],[73.230099,31.895295],[73.230313,31.895477],[73.230755,31.895858],[73.231119,31.896141],[73.231413,31.896405],[73.231854,31.896801],[73.232069,31.896968],[73.232625,31.897463],[73.232653,31.897482],[73.232701,31.897772],[73.23276,31.89808],[73.23286,31.898694],[73.232959,31.899308],[73.233059,31.899922],[73.233153,31.900414],[73.233159,31.900536],[73.233258,31.90115],[73.233358,31.901764],[73.233425,31.901904],[73.232963,31.902342],[73.232286,31.902901],[73.232189,31.902985],[73.231661,31.903463],[73.231405,31.903718],[73.231283,31.903827],[73.231378,31.903989],[73.231426,31.904053],[73.231772,31.904685],[73.231981,31.905094],[73.232102,31.905315],[73.232449,31.905947],[73.232584,31.906199],[73.232796,31.906579],[73.23316,31.907212],[73.23319,31.907274],[73.233525,31.907845],[73.233798,31.908319],[73.23389,31.908478],[73.234254,31.909111],[73.234406,31.909379],[73.234637,31.909745],[73.234983,31.910377],[73.235014,31.910424],[73.235078,31.910581],[73.235158,31.910739],[73.235216,31.910853],[73.235226,31.910873],[73.235241,31.910867],[73.235369,31.910821],[73.235699,31.910701],[73.236397,31.910478],[73.236433,31.910465],[73.237166,31.910244],[73.237904,31.909979],[73.238639,31.909743],[73.23937,31.909537],[73.239482,31.909485],[73.240105,31.909301],[73.240838,31.909081],[73.241096,31.908993],[73.241571,31.90886],[73.242309,31.908594],[73.242568,31.908491],[73.243048,31.908313],[73.243786,31.908047],[73.243934,31.907982],[73.244525,31.907766],[73.245264,31.907485],[73.245301,31.907473],[73.246001,31.907219],[73.246736,31.906984],[73.246773,31.906971],[73.24747,31.906748],[73.248207,31.906497],[73.248315,31.906474],[73.24894,31.906276],[73.249673,31.906056],[73.249947,31.905984],[73.250406,31.905835],[73.250532,31.905779],[73.255549,31.904377],[73.254933,31.910614],[73.254878,31.911009],[73.254698,31.911131],[73.254649,31.911175],[73.254325,31.911554],[73.254095,31.911742],[73.253786,31.912014],[73.253369,31.912252],[73.253332,31.912264],[73.253276,31.912291],[73.252578,31.912696],[73.252352,31.912832],[73.252183,31.912879],[73.252434,31.913444],[73.252491,31.913585],[73.252731,31.914042],[73.252746,31.914074],[73.253093,31.914705],[73.253246,31.915323],[73.253381,31.91594],[73.253534,31.916557],[73.253592,31.916801],[73.253597,31.91682],[73.253582,31.916967],[73.253563,31.917166],[73.253562,31.917176],[73.253504,31.917769],[73.253503,31.917779],[73.253494,31.91787],[73.253444,31.918372],[73.253394,31.918884],[73.253392,31.91891],[73.253392,31.918911],[73.253385,31.918974],[73.253359,31.919534],[73.253362,31.919579],[73.253362,31.91959],[73.253373,31.920187],[73.253376,31.920197],[73.253384,31.920232],[73.253455,31.920512],[73.253408,31.920763],[73.253402,31.920796],[73.253401,31.920806],[73.25335,31.921263],[73.253414,31.921404],[73.253415,31.921413],[73.253496,31.922017],[73.253497,31.922025],[73.253526,31.922242],[73.253565,31.922315],[73.253642,31.92246],[73.253737,31.922641],[73.253742,31.922649],[73.25376,31.922678],[73.25412,31.923275],[73.254123,31.923281],[73.254349,31.923655],[73.254345,31.923701],[73.254467,31.923907],[73.25447,31.923911],[73.254839,31.924498],[73.254867,31.924542],[73.254869,31.924545],[73.254957,31.924715],[73.255214,31.925174],[73.255567,31.925745],[73.255614,31.925809],[73.255979,31.926442],[73.256178,31.926775],[73.256342,31.927072],[73.256344,31.927075],[73.256741,31.927705],[73.256744,31.92771],[73.25679,31.92779],[73.256912,31.928041],[73.256929,31.928035],[73.257498,31.927825],[73.257663,31.927776],[73.257943,31.927676],[73.258169,31.927638],[73.258231,31.927607],[73.258246,31.9276],[73.258965,31.927383],[73.259083,31.927351],[73.259171,31.927277],[73.259727,31.926861],[73.259919,31.926723],[73.260085,31.926608],[73.260431,31.926372],[73.26049,31.926339],[73.260791,31.926178],[73.261244,31.925907],[73.261553,31.925753],[73.261611,31.925724],[73.261786,31.925643],[73.261995,31.925506],[73.262086,31.925457],[73.262727,31.925114],[73.262746,31.925104],[73.262777,31.925098],[73.263416,31.92497],[73.263472,31.924959],[73.264103,31.924819],[73.264199,31.924798],[73.264793,31.924679]],[[73.301256,31.885481],[73.301199,31.885411],[73.301245,31.885403],[73.301256,31.885481]]]]}},{"type":"Feature","properties":{"name":"Municipal Committee Hafizabad"},"geometry":{"type":"MultiPolygon","coordinates":[[[[73.667984,32.120295],[73.668296,32.120177],[73.668312,32.120215],[73.668726,32.119901],[73.669319,32.119487],[73.66948,32.119371],[73.66964,32.119257],[73.669729,32.119189],[73.670367,32.118672],[73.670376,32.118665],[73.670433,32.118601],[73.670872,32.118113],[73.671341,32.117614],[73.671557,32.117379],[73.671749,32.117099],[73.67211,32.11659],[73.672474,32.11608],[73.672838,32.115545],[73.673343,32.11486],[73.673588,32.114519],[73.673597,32.114508],[73.673606,32.114478],[73.673781,32.113911],[73.673817,32.113795],[73.673831,32.113751],[73.673902,32.113735],[73.674959,32.113497],[73.674962,32.113495],[73.675212,32.113446],[73.675493,32.113264],[73.675544,32.113231],[73.675603,32.113196],[73.676283,32.113097],[73.676324,32.113145],[73.676584,32.113448],[73.676901,32.113818],[73.677308,32.114292],[73.677885,32.114736],[73.678096,32.114867],[73.67872,32.115249],[73.679225,32.115213],[73.679309,32.11527],[73.679398,32.115331],[73.679454,32.115334],[73.679679,32.115399],[73.6801,32.115489],[73.680717,32.115621],[73.680793,32.115649],[73.681454,32.11589],[73.682012,32.116066],[73.682135,32.116087],[73.682361,32.116125],[73.682893,32.116017],[73.683622,32.115894],[73.683671,32.115886],[73.684036,32.115826],[73.684102,32.115815],[73.684112,32.115362],[73.684124,32.114848],[73.684127,32.11474],[73.684137,32.114282],[73.68414,32.114189],[73.686447,32.114183],[73.687207,32.113872],[73.689188,32.113062],[73.689322,32.113005],[73.690123,32.112668],[73.690569,32.112486],[73.690711,32.112429],[73.690426,32.112111],[73.690433,32.111981],[73.690872,32.111569],[73.691423,32.111035],[73.691855,32.110607],[73.691745,32.11047],[73.691208,32.109801],[73.691031,32.109581],[73.691632,32.109231],[73.691633,32.109187],[73.691817,32.108976],[73.6921,32.108652],[73.692137,32.108153],[73.692145,32.108045],[73.692787,32.107544],[73.692961,32.10738],[73.693351,32.107006],[73.693895,32.106488],[73.694541,32.105871],[73.694933,32.105433],[73.695168,32.105167],[73.695217,32.105112],[73.695206,32.105054],[73.695235,32.105026],[73.693919,32.103852],[73.693673,32.103623],[73.693626,32.103579],[73.69344,32.102993],[73.693253,32.102407],[73.693071,32.101835],[73.692928,32.101385],[73.692946,32.101288],[73.692979,32.101277],[73.693002,32.101269],[73.69288,32.100683],[73.692829,32.100442],[73.692756,32.100098],[73.692629,32.099503],[73.69262,32.099457],[73.692567,32.09921],[73.692574,32.098895],[73.692577,32.098755],[73.692588,32.098276],[73.692602,32.097641],[73.69249,32.097047],[73.69243,32.096731],[73.692377,32.096455],[73.692366,32.096394],[73.692363,32.096378],[73.692358,32.096351],[73.692921,32.09615],[73.693769,32.095848],[73.694128,32.095692],[73.69488,32.095366],[73.695335,32.095171],[73.696265,32.094755],[73.69649,32.094654],[73.696588,32.094614],[73.696596,32.094611],[73.698011,32.094003],[73.698107,32.093962],[73.697961,32.093477],[73.697781,32.092906],[73.69759,32.092324],[73.697403,32.091731],[73.69723,32.091224],[73.697314,32.091194],[73.697857,32.090997],[73.698516,32.090758],[73.69852,32.090756],[73.6992,32.090534],[73.699879,32.090315],[73.700551,32.090098],[73.700626,32.090068],[73.700893,32.090012],[73.701192,32.090353],[73.701193,32.090354],[73.701425,32.090603],[73.701539,32.090726],[73.70172,32.090922],[73.702249,32.091349],[73.702306,32.091394],[73.702468,32.091525],[73.703252,32.091793],[73.703253,32.091794],[73.703632,32.091923],[73.704336,32.092534],[73.705125,32.094251],[73.705423,32.094183],[73.70546,32.094174],[73.705969,32.094044],[73.706657,32.093869],[73.707347,32.093692],[73.707783,32.093583],[73.708057,32.093561],[73.708406,32.093533],[73.708333,32.093245],[73.708182,32.092647],[73.708146,32.092503],[73.708114,32.092377],[73.708065,32.092182],[73.708148,32.092045],[73.708352,32.091721],[73.70824,32.091246],[73.708856,32.091141],[73.70886,32.091141],[73.709294,32.09107],[73.709853,32.091041],[73.710043,32.091031],[73.71047,32.091009],[73.710384,32.090532],[73.710628,32.089816],[73.710732,32.089216],[73.711123,32.088635],[73.711139,32.088035],[73.710883,32.087406],[73.710628,32.086783],[73.710586,32.08668],[73.711075,32.086205],[73.711175,32.086109],[73.711956,32.085353],[73.711987,32.085322],[73.712741,32.084546],[73.712787,32.084498],[73.713028,32.084423],[73.713238,32.084274],[73.713338,32.084096],[73.713377,32.083949],[73.713377,32.083929],[73.713377,32.083903],[73.714063,32.083385],[73.714289,32.083409],[73.715232,32.082933],[73.715678,32.083088],[73.715883,32.083175],[73.716427,32.083369],[73.716761,32.083464],[73.716822,32.083485],[73.716808,32.083505],[73.717458,32.083673],[73.718188,32.083866],[73.718885,32.084086],[73.71956,32.084311],[73.720236,32.084541],[73.72088,32.084764],[73.720888,32.084766],[73.721731,32.0851],[73.722179,32.085327],[73.722869,32.085732],[73.723447,32.085975],[73.724086,32.086322],[73.724704,32.086682],[73.725328,32.087042],[73.725947,32.087401],[73.726584,32.08777],[73.726814,32.087879],[73.727225,32.088069],[73.727873,32.088389],[73.728024,32.088435],[73.728025,32.088436],[73.728547,32.088611],[73.728897,32.088727],[73.72921,32.088835],[73.729363,32.088887],[73.729862,32.089165],[73.730492,32.08952],[73.731127,32.089867],[73.731397,32.089994],[73.731483,32.090037],[73.731776,32.090184],[73.732124,32.090356],[73.732189,32.090448],[73.732268,32.090565],[73.732375,32.090721],[73.73247,32.090592],[73.732493,32.09056],[73.732558,32.090587],[73.733323,32.090927],[73.734054,32.091253],[73.734746,32.091565],[73.734811,32.091595],[73.735288,32.091812],[73.73559,32.091949],[73.735728,32.092012],[73.735884,32.092083],[73.735991,32.091812],[73.736932,32.089424],[73.736988,32.089264],[73.737092,32.089022],[73.737156,32.088792],[73.737257,32.088163],[73.73729,32.087552],[73.737326,32.086925],[73.737331,32.086848],[73.737347,32.086623],[73.737581,32.086291],[73.73755,32.086247],[73.737876,32.085717],[73.738023,32.085568],[73.738632,32.084927],[73.739245,32.084261],[73.739366,32.084132],[73.739703,32.083688],[73.740113,32.083147],[73.740147,32.083101],[73.740148,32.0831],[73.740378,32.082803],[73.740406,32.082767],[73.740453,32.082707],[73.740485,32.082665],[73.740942,32.082076],[73.741043,32.082089],[73.741478,32.081653],[73.741649,32.081469],[73.742302,32.080851],[73.742773,32.080525],[73.742982,32.080379],[73.743423,32.080079],[73.743482,32.080039],[73.743133,32.080079],[73.742945,32.080109],[73.742435,32.08014],[73.741836,32.080187],[73.741835,32.080187],[73.741692,32.08021],[73.740937,32.080323],[73.740368,32.080452],[73.740324,32.080462],[73.74025,32.080479],[73.740209,32.080488],[73.740168,32.080497],[73.739193,32.080711],[73.738512,32.080827],[73.738248,32.080833],[73.737896,32.08072],[73.73761,32.080624],[73.73758,32.080614],[73.736381,32.080069],[73.735958,32.07986],[73.734672,32.079174],[73.734558,32.079108],[73.733399,32.078437],[73.730883,32.076964],[73.730084,32.076509],[73.729636,32.076231],[73.729003,32.07584],[73.728689,32.075646],[73.728114,32.07529],[73.727151,32.074676],[73.726661,32.074363],[73.726523,32.074275],[73.726513,32.074268],[73.726409,32.074195],[73.726284,32.074105],[73.726059,32.073946],[73.725663,32.073953],[73.725608,32.073908],[73.720785,32.070488],[73.713755,32.064539],[73.709771,32.061366],[73.705252,32.056397],[73.702387,32.053355],[73.702438,32.051968],[73.70256,32.051112],[73.701126,32.050197],[73.69944,32.04908],[73.697532,32.047807],[73.695939,32.046508],[73.69379,32.044875],[73.692519,32.043101],[73.692429,32.042127],[73.692029,32.041533],[73.691811,32.041513],[73.691781,32.04151],[73.691653,32.041428],[73.691481,32.041404],[73.691522,32.041265],[73.691441,32.041143],[73.691119,32.040256],[73.691077,32.039674],[73.690717,32.039663],[73.69002,32.039662],[73.689311,32.039738],[73.689055,32.039757],[73.688617,32.039806],[73.687899,32.039783],[73.687675,32.03981],[73.687667,32.039811],[73.687596,32.03982],[73.687536,32.039827],[73.687534,32.039827],[73.686495,32.039981],[73.686207,32.04],[73.685732,32.040067],[73.685729,32.040067],[73.685342,32.040123],[73.68503,32.040169],[73.684346,32.040267],[73.684338,32.040268],[73.684015,32.040303],[73.684004,32.040304],[73.683637,32.040327],[73.683633,32.040328],[73.682935,32.040376],[73.68293,32.040376],[73.682227,32.04042],[73.682219,32.040421],[73.681929,32.040434],[73.681928,32.040434],[73.68178,32.040447],[73.681533,32.040383],[73.680807,32.040259],[73.680266,32.040167],[73.680105,32.040139],[73.680078,32.040134],[73.67982,32.040081],[73.679284,32.039994],[73.679278,32.039993],[73.678532,32.039875],[73.678529,32.039875],[73.678401,32.039861],[73.678272,32.039832],[73.677784,32.039723],[73.677783,32.039722],[73.677624,32.039689],[73.67763,32.039735],[73.677401,32.039686],[73.677242,32.039653],[73.677224,32.039626],[73.677177,32.039619],[73.677167,32.039581],[73.677137,32.039498],[73.676915,32.03917],[73.676582,32.03868],[73.676527,32.0386],[73.676121,32.037996],[73.676104,32.037972],[73.676017,32.037901],[73.675371,32.03767],[73.675278,32.037637],[73.674823,32.037474],[73.674666,32.037461],[73.674572,32.037453],[73.673961,32.037401],[73.673275,32.037344],[73.67302,32.037319],[73.67274,32.037303],[73.672725,32.037302],[73.672035,32.037264],[73.671318,32.037216],[73.67058,32.037094],[73.669993,32.036982],[73.669867,32.036962],[73.669137,32.036899],[73.669084,32.036897],[73.668373,32.036849],[73.667829,32.036769],[73.667668,32.036746],[73.666958,32.036667],[73.666233,32.036563],[73.665507,32.036446],[73.664799,32.036374],[73.664094,32.036302],[73.663381,32.036192],[73.662659,32.036113],[73.661946,32.036039],[73.661219,32.035888],[73.660637,32.035848],[73.660501,32.035789],[73.660138,32.035716],[73.659774,32.035643],[73.659498,32.035563],[73.659027,32.035425],[73.658532,32.035345],[73.658594,32.035444],[73.658849,32.035856],[73.659282,32.036557],[73.660567,32.038032],[73.66157,32.039193],[73.663279,32.041173],[73.664945,32.043219],[73.665505,32.044019],[73.666611,32.045598],[73.667104,32.046339],[73.666981,32.0464],[73.659874,32.049935],[73.657394,32.051211],[73.656245,32.051963],[73.656232,32.051972],[73.656235,32.051978],[73.656702,32.052563],[73.656973,32.05287],[73.656989,32.05291],[73.657847,32.054025],[73.65815,32.054258],[73.658162,32.054273],[73.658742,32.054846],[73.659004,32.055128],[73.659266,32.05541],[73.659504,32.05566],[73.659813,32.055984],[73.659834,32.056004],[73.660421,32.056563],[73.660979,32.057132],[73.661015,32.057163],[73.661339,32.057527],[73.662794,32.059187],[73.662944,32.059422],[73.663182,32.059796],[73.663162,32.059808],[73.663133,32.059787],[73.662964,32.059871],[73.662862,32.059921],[73.662243,32.060228],[73.662051,32.060327],[73.661953,32.060377],[73.661623,32.060548],[73.661204,32.060883],[73.661206,32.060897],[73.661097,32.060962],[73.661232,32.061348],[73.661292,32.061498],[73.661331,32.061773],[73.661329,32.061803],[73.660906,32.06219],[73.660296,32.062504],[73.660184,32.0626],[73.660114,32.062632],[73.660088,32.062681],[73.66007,32.062696],[73.660054,32.062744],[73.659999,32.06285],[73.660074,32.063329],[73.660084,32.063404],[73.659992,32.063436],[73.659928,32.063459],[73.659687,32.063496],[73.659422,32.063536],[73.659412,32.063522],[73.659278,32.063264],[73.659233,32.063307],[73.659185,32.063354],[73.659117,32.063427],[73.659008,32.063513],[73.658632,32.063948],[73.658324,32.064312],[73.658129,32.064578],[73.65766,32.065217],[73.657273,32.065873],[73.657235,32.065938],[73.656947,32.066474],[73.656771,32.066833],[73.656684,32.066917],[73.656673,32.067033],[73.656632,32.067445],[73.656589,32.067882],[73.656592,32.067925],[73.656652,32.067936],[73.656665,32.06809],[73.656674,32.068186],[73.656675,32.068202],[73.656686,32.068313],[73.656691,32.068377],[73.656724,32.068739],[73.656644,32.068866],[73.65664,32.068871],[73.656189,32.069516],[73.656186,32.06952],[73.655964,32.069853],[73.655747,32.070179],[73.655634,32.070349],[73.655632,32.070351],[73.655353,32.070773],[73.655348,32.07078],[73.654993,32.071266],[73.654933,32.071262],[73.65483,32.071409],[73.654765,32.07152],[73.65434,32.072233],[73.654124,32.072597],[73.654089,32.072732],[73.654134,32.073303],[73.654134,32.073305],[73.654189,32.073505],[73.654292,32.07388],[73.654292,32.073881],[73.654446,32.074472],[73.654447,32.074475],[73.654591,32.075018],[73.654638,32.075142],[73.653788,32.075614],[73.653722,32.075611],[73.653658,32.075622],[73.653542,32.075616],[73.653508,32.075654],[73.653303,32.075889],[73.653133,32.076083],[73.653072,32.076176],[73.653398,32.076701],[73.653775,32.077241],[73.654088,32.077791],[73.654389,32.078314],[73.65465,32.07889],[73.654683,32.079436],[73.654689,32.079532],[73.654724,32.079607],[73.654813,32.0798],[73.654815,32.079992],[73.654816,32.080132],[73.654913,32.080592],[73.654943,32.080732],[73.655075,32.081091],[73.655094,32.081144],[73.655155,32.08131],[73.655349,32.081891],[73.655476,32.082491],[73.655586,32.083096],[73.65573,32.083691],[73.65584,32.084296],[73.656023,32.084881],[73.656166,32.085366],[73.656261,32.08554],[73.6564,32.085846],[73.656427,32.085936],[73.656542,32.086284],[73.656598,32.086433],[73.656733,32.087076],[73.656763,32.087216],[73.65685,32.087833],[73.65689,32.088445],[73.656975,32.089095],[73.65716,32.089711],[73.65724,32.089934],[73.657405,32.090349],[73.657626,32.090791],[73.65776,32.091058],[73.657844,32.091058],[73.657845,32.091339],[73.657845,32.091484],[73.657847,32.091917],[73.657847,32.091981],[73.657849,32.092618],[73.65785,32.093255],[73.65785,32.093256],[73.657958,32.093768],[73.657913,32.093868],[73.657899,32.093899],[73.658508,32.094325],[73.658877,32.094584],[73.659231,32.094859],[73.659233,32.09486],[73.659778,32.09535],[73.659783,32.095353],[73.66009,32.095554],[73.660451,32.095791],[73.660451,32.095792],[73.661017,32.096281],[73.661019,32.096283],[73.661214,32.096458],[73.661241,32.096481],[73.661248,32.096489],[73.661529,32.096742],[73.661531,32.096744],[73.661963,32.09726],[73.662258,32.097613],[73.662333,32.097799],[73.66237,32.097892],[73.662503,32.098225],[73.662564,32.098377],[73.662798,32.09896],[73.66293,32.09929],[73.662918,32.099291],[73.662935,32.099335],[73.662733,32.099365],[73.661782,32.099506],[73.661007,32.099621],[73.660987,32.099624],[73.660199,32.099682],[73.659474,32.099736],[73.658908,32.099778],[73.65889,32.099779],[73.658617,32.099885],[73.658652,32.100086],[73.658758,32.10069],[73.658862,32.101288],[73.658862,32.10129],[73.658983,32.101894],[73.659104,32.102495],[73.659227,32.103104],[73.659409,32.104013],[73.659433,32.104202],[73.659537,32.104284],[73.659966,32.104623],[73.659993,32.104643],[73.66028,32.104641],[73.660772,32.105059],[73.660898,32.105166],[73.660857,32.105268],[73.660869,32.105278],[73.660868,32.105457],[73.660867,32.105502],[73.660935,32.105831],[73.661061,32.106444],[73.661182,32.107031],[73.661182,32.107032],[73.661358,32.107572],[73.661372,32.107616],[73.661372,32.107617],[73.661643,32.108118],[73.661555,32.108201],[73.661741,32.10877],[73.661837,32.109066],[73.661911,32.109292],[73.662036,32.109675],[73.662096,32.109915],[73.662255,32.110519],[73.662407,32.111099],[73.662564,32.111697],[73.662718,32.112281],[73.662719,32.112284],[73.662844,32.112763],[73.662871,32.11287],[73.663026,32.113463],[73.663087,32.113698],[73.663073,32.113704],[73.663095,32.113807],[73.662589,32.114001],[73.661946,32.114415],[73.66132,32.114811],[73.660653,32.115223],[73.660007,32.11563],[73.659373,32.116018],[73.659207,32.11615],[73.658913,32.116523],[73.658897,32.116544],[73.658902,32.116604],[73.658578,32.117108],[73.658238,32.117642],[73.658164,32.117777],[73.657546,32.118021],[73.657523,32.11803],[73.657162,32.118179],[73.657156,32.118543],[73.657165,32.119013],[73.657164,32.119222],[73.657163,32.119592],[73.657208,32.119899],[73.657209,32.119906],[73.657319,32.120636],[73.65732,32.120643],[73.657419,32.121347],[73.657518,32.122055],[73.657639,32.122804],[73.657642,32.122823],[73.657671,32.122983],[73.657701,32.123094],[73.657856,32.12368],[73.658014,32.124273],[73.658093,32.124569],[73.65821,32.124859],[73.658273,32.125013],[73.658404,32.125131],[73.658415,32.12514],[73.658787,32.125978],[73.659038,32.126544],[73.659292,32.127116],[73.659504,32.127593],[73.659514,32.127614],[73.659801,32.128175],[73.659853,32.128276],[73.660071,32.128039],[73.660553,32.127511],[73.661046,32.126967],[73.661179,32.12683],[73.661269,32.126376],[73.661271,32.12637],[73.661354,32.125945],[73.661456,32.1258],[73.661821,32.125299],[73.661961,32.125025],[73.662254,32.124718],[73.662271,32.124701],[73.662384,32.124543],[73.662719,32.124154],[73.663073,32.12375],[73.663216,32.123651],[73.66326,32.12362],[73.663882,32.123185],[73.663954,32.123135],[73.664123,32.123006],[73.664619,32.122629],[73.665275,32.122117],[73.665459,32.121974],[73.66601,32.121624],[73.666118,32.121557],[73.666743,32.121139],[73.667355,32.120732],[73.667368,32.120723],[73.667991,32.120358],[73.667987,32.120321],[73.667984,32.120295]]]]}}]}