{"type":"FeatureCollection","features":[{"type":"Feature","properties":{"name":"Municipal Committee Pakpattan","district":"Pakpattan"},"geometry":{"type":"MultiPolygon","coordinates":[[[[73.39285,30.36657],[73.41596,30.36847],[73.41195,30.36022],[73.40261,30.35718],[73.40186,30.34097],[73.40414,30.34216],[73.4053,30.34069],[73.40519,30.33866],[73.40252,30.33791],[73.40251,30.33253],[73.3861,30.32989],[73.3795,30.32721],[73.37768,30.33557],[73.37378,30.33576],[73.37389,30.34907],[73.37101,30.34813],[73.371,30.35094],[73.36415,30.35102],[73.36257,30.36344],[73.35256,30.36322],[73.35275,30.36474],[73.35552,30.366],[73.35524,30.36807],[73.36053,30.3696],[73.36565,30.36406],[73.39285,30.36657]]]]}},{"type":"Feature","properties":{"name":"Municipal Committee Arifwala","district":"Pakpattan"},"geometry":{"type":"MultiPolygon","coordinates":[[[[73.05498,30.30487],[73.06105,30.30421],[73.06101,30.30292],[73.08387,30.30296],[73.0838,30.29416],[73.07017,30.27569],[73.05072,30.27557],[73.05068,30.28376],[73.03665,30.28374],[73.04022,30.285],[73.04015,30.30555],[73.05498,30.30487]]]]}},{"type":"Feature","properties":{"name":"District Council Pakpattan","district":"Pakpattan"},"geometry":{"type":"MultiPolygon","coordinates":[[[[73.43563,30.64022],[73.44382,30.61852],[73.43848,30.61728],[73.4362,30.60272],[73.43723,30.59764],[73.44306,30.59758],[73.43792,30.58526],[73.43412,30.58507],[73.43373,30.57854],[73.43697,30.57912],[73.43716,30.57531],[73.44382,30.57474],[73.44517,30.5774],[73.45034,30.57961],[73.45067,30.57226],[73.45962,30.57512],[73.45426,30.56741],[73.46239,30.56142],[73.47301,30.55911],[73.47161,30.55627],[73.47424,30.54952],[73.47805,30.54921],[73.4804,30.54723],[73.48405,30.54104],[73.50359,30.53876],[73.52834,30.53895],[73.52986,30.5439],[73.53348,30.54371],[73.54109,30.53933],[73.5607,30.53785],[73.5685,30.54028],[73.57022,30.52924],[73.56622,30.52163],[73.56755,30.51896],[73.58735,30.5182],[73.59458,30.5201],[73.59591,30.52239],[73.60315,30.51782],[73.60315,30.51592],[73.59379,30.51242],[73.59129,30.5078],[73.59268,30.50491],[73.5977,30.50078],[73.61395,30.50203],[73.61419,30.49802],[73.61104,30.49329],[73.6022,30.48679],[73.60467,30.47613],[73.61,30.47613],[73.61,30.47137],[73.60467,30.47175],[73.60105,30.46509],[73.59706,30.46395],[73.59154,30.45786],[73.57726,30.45748],[73.57783,30.44815],[73.56146,30.42778],[73.5607,30.42302],[73.5586,30.42264],[73.55937,30.42017],[73.56241,30.41903],[73.56926,30.41922],[73.58316,30.42226],[73.58316,30.42816],[73.58506,30.43026],[73.58868,30.43026],[73.59192,30.42778],[73.59382,30.42778],[73.59401,30.43026],[73.60715,30.43026],[73.61114,30.42835],[73.60734,30.4196],[73.60746,30.41405],[73.61977,30.40812],[73.62025,30.40551],[73.62953,30.40503],[73.63143,30.40027],[73.62786,30.3967],[73.6262,30.39218],[73.63905,30.3848],[73.64143,30.37862],[73.64024,30.36886],[73.63,30.36862],[73.62715,30.36696],[73.62548,30.35982],[73.62739,30.34221],[73.62636,30.31829],[73.61592,30.31591],[73.60329,30.31586],[73.59645,30.31811],[73.58127,30.31893],[73.58044,30.30937],[73.56609,30.30325],[73.56275,30.31429],[73.55858,30.31209],[73.55226,30.31427],[73.5505,30.30718],[73.55263,30.29619],[73.54898,30.2945],[73.54582,30.29523],[73.54283,30.29219],[73.53497,30.29337],[73.53427,30.29735],[73.52757,30.30092],[73.5292,30.30406],[73.51998,30.30428],[73.517,30.30052],[73.51461,30.30118],[73.51371,30.3065],[73.51138,30.30487],[73.50519,30.29345],[73.49572,30.28805],[73.49066,30.27845],[73.48496,30.27502],[73.47818,30.26133],[73.47723,30.26084],[73.47097,30.27059],[73.4643,30.27501],[73.46019,30.27396],[73.46599,30.26132],[73.46879,30.26017],[73.4669,30.25709],[73.46809,30.252],[73.45932,30.24982],[73.45797,30.25167],[73.45302,30.24655],[73.42934,30.24769],[73.42921,30.24226],[73.42744,30.24203],[73.42507,30.23811],[73.42134,30.23704],[73.41951,30.23162],[73.41276,30.22822],[73.41443,30.22621],[73.41264,30.21688],[73.40917,30.21285],[73.40091,30.21861],[73.3947,30.21958],[73.39577,30.21287],[73.3928,30.20534],[73.38856,30.20248],[73.38088,30.20397],[73.37784,30.20727],[73.36283,30.20534],[73.36186,30.18353],[73.35552,30.17669],[73.35527,30.1746],[73.3588,30.17004],[73.35563,30.16533],[73.36764,30.14529],[73.36951,30.13802],[73.36849,30.13221],[73.36206,30.12336],[73.34302,30.15666],[73.3364,30.15425],[73.31411,30.15749],[73.31486,30.15878],[73.31291,30.1598],[73.30041,30.15478],[73.29944,30.15601],[73.29076,30.1551],[73.28995,30.15072],[73.28721,30.14926],[73.28004,30.15641],[73.27598,30.15594],[73.27187,30.1531],[73.27061,30.14616],[73.26691,30.14289],[73.26513,30.14616],[73.26632,30.14845],[73.26471,30.1603],[73.24942,30.16044],[73.25621,30.14609],[73.23202,30.13543],[73.23141,30.12764],[73.22633,30.1225],[73.22463,30.12619],[73.2248,30.13346],[73.21761,30.13524],[73.21042,30.1338],[73.2096,30.12095],[73.21344,30.10664],[73.19786,30.10935],[73.19107,30.11427],[73.18459,30.11546],[73.17927,30.11938],[73.18104,30.10862],[73.17282,30.11044],[73.16956,30.11269],[73.16079,30.1121],[73.15671,30.13092],[73.15354,30.12565],[73.15186,30.11002],[73.13793,30.10685],[73.13482,30.10189],[73.12127,30.10244],[73.12002,30.09213],[73.11523,30.08898],[73.11838,30.08646],[73.10781,30.07469],[73.09281,30.06822],[73.07996,30.06489],[73.07284,30.05852],[73.06711,30.05906],[73.06509,30.05748],[73.05281,30.06567],[73.05039,30.06423],[73.04326,30.06999],[73.032,30.07469],[73.02107,30.07312],[73.01632,30.07439],[73.01357,30.07251],[73.01093,30.06994],[73.01065,30.06196],[73.02754,30.0387],[73.02927,30.02778],[73.01079,30.02634],[73.00294,30.02085],[73.01382,30.0085],[73.02539,30.01153],[73.02684,30.00507],[73.01943,30.00249],[73.02266,29.9993],[73.01929,29.9958],[73.00015,30.01676],[72.99086,29.99844],[72.97375,29.99638],[72.97409,30.00153],[72.97267,30.00403],[72.96744,30.00482],[72.95623,30.00063],[72.94892,30.00211],[72.94765,29.99826],[72.94005,29.9974],[72.93559,30.00423],[72.93287,30.01552],[72.93356,30.01479],[72.9379,30.01995],[72.93799,30.03336],[72.94149,30.03943],[72.93985,30.04778],[72.94576,30.0478],[72.94869,30.04971],[72.95013,30.05145],[72.94905,30.05588],[72.93541,30.06522],[72.9356,30.06727],[72.93227,30.06883],[72.92748,30.06852],[72.92674,30.06421],[72.91704,30.06561],[72.91663,30.05241],[72.90617,30.04747],[72.90639,30.06967],[72.91935,30.06982],[72.92043,30.08398],[72.91301,30.08434],[72.91323,30.08697],[72.90993,30.08716],[72.90977,30.09503],[72.9062,30.09497],[72.90614,30.10082],[72.90089,30.10282],[72.89959,30.11211],[72.9099,30.12761],[72.9204,30.12772],[72.92062,30.19581],[72.9242,30.19551],[72.92961,30.19971],[72.93092,30.20588],[72.93036,30.21297],[72.92739,30.2137],[72.92638,30.22586],[72.93155,30.23161],[72.93137,30.24032],[72.92557,30.24816],[72.92567,30.24995],[72.92966,30.253],[72.92954,30.25885],[72.93143,30.26347],[72.92872,30.26844],[72.92959,30.27251],[72.95447,30.27332],[72.97138,30.29304],[72.97161,30.30539],[72.96577,30.3053],[72.96567,30.30315],[72.95337,30.30272],[72.95329,30.30016],[72.94614,30.30004],[72.94633,30.2976],[72.93794,30.29741],[72.91473,30.31238],[72.91398,30.32812],[72.90368,30.32742],[72.88251,30.32982],[72.81122,30.32459],[72.81111,30.33264],[72.83479,30.34121],[72.83507,30.36013],[72.83242,30.36773],[72.83083,30.36739],[72.832,30.37432],[72.83081,30.37706],[72.82587,30.37789],[72.82313,30.37504],[72.81992,30.37634],[72.81861,30.38604],[72.81254,30.38872],[72.8107,30.39133],[72.81147,30.39425],[72.81927,30.39568],[72.82771,30.39128],[72.83343,30.39893],[72.83843,30.4022],[72.84069,30.4016],[72.8467,30.39238],[72.85306,30.39304],[72.85646,30.39589],[72.86133,30.3925],[72.86068,30.38977],[72.86318,30.38727],[72.86585,30.3887],[72.86776,30.39238],[72.87549,30.39482],[72.87359,30.38899],[72.87579,30.38762],[72.87971,30.3881],[72.88209,30.39119],[72.88215,30.39554],[72.86895,30.39911],[72.86508,30.40244],[72.86562,30.40601],[72.86318,30.40815],[72.87014,30.40749],[72.87026,30.40214],[72.87924,30.40029],[72.88209,30.4025],[72.88251,30.40476],[72.87787,30.41695],[72.88694,30.42014],[72.88922,30.41859],[72.88888,30.4142],[72.89556,30.41642],[72.89882,30.41488],[72.90093,30.41797],[72.90796,30.42037],[72.9103,30.41688],[72.91241,30.417],[72.91504,30.42682],[72.90984,30.42511],[72.9099,30.42345],[72.90636,30.42796],[72.92023,30.43379],[72.922,30.43327],[72.92246,30.43087],[72.92018,30.42208],[72.92269,30.41968],[72.91966,30.41403],[72.92383,30.41237],[72.92851,30.41408],[72.92943,30.41568],[72.92526,30.41968],[72.92577,30.42259],[72.93154,30.42625],[72.93805,30.42773],[72.93999,30.4311],[72.94679,30.4335],[72.94068,30.43658],[72.93628,30.43493],[72.93274,30.43607],[72.93068,30.44241],[72.93994,30.44886],[72.94388,30.44372],[72.95844,30.43173],[72.95992,30.4263],[72.96483,30.42156],[72.96946,30.41888],[72.98014,30.41774],[72.97923,30.41557],[72.97409,30.41403],[72.97671,30.40564],[72.97885,30.40338],[72.98735,30.40392],[72.98944,30.40172],[72.9933,30.40184],[72.99402,30.40481],[72.98914,30.41082],[72.98973,30.4157],[72.98837,30.41754],[72.99063,30.41933],[73.00477,30.41183],[73.01359,30.41015],[73.01541,30.4119],[73.01093,30.42018],[73.00968,30.42592],[73.01143,30.42842],[73.01507,30.4282],[73.01894,30.42562],[73.02577,30.41536],[73.03436,30.4145],[73.03398,30.41176],[73.03638,30.4102],[73.03868,30.4118],[73.03908,30.41456],[73.0367,30.41996],[73.0398,30.42076],[73.04334,30.41899],[73.05509,30.4283],[73.05138,30.43093],[73.05062,30.43643],[73.05366,30.44267],[73.05768,30.44584],[73.0551,30.44792],[73.04795,30.44733],[73.04786,30.45324],[73.04967,30.45329],[73.04957,30.45838],[73.051,30.46019],[73.05861,30.46299],[73.05966,30.46142],[73.05638,30.45781],[73.05823,30.45429],[73.06689,30.45448],[73.06732,30.45062],[73.07156,30.44724],[73.07427,30.44729],[73.07779,30.45005],[73.07546,30.45857],[73.08222,30.45971],[73.08184,30.46204],[73.07836,30.46433],[73.07179,30.46361],[73.0648,30.4658],[73.06061,30.46542],[73.05885,30.46685],[73.05942,30.46904],[73.06613,30.47108],[73.07808,30.47028],[73.09511,30.47998],[73.10358,30.47632],[73.10896,30.47708],[73.1141,30.48032],[73.11267,30.48417],[73.10263,30.48113],[73.09883,30.48251],[73.10116,30.48603],[73.10896,30.49002],[73.11477,30.48403],[73.12324,30.48565],[73.12481,30.48945],[73.12172,30.49183],[73.12243,30.49464],[73.13138,30.50359],[73.13856,30.50759],[73.1407,30.51163],[73.15655,30.5151],[73.16126,30.51406],[73.16869,30.52072],[73.16797,30.52362],[73.16464,30.52619],[73.16107,30.52576],[73.15784,30.5212],[73.14832,30.52386],[73.14975,30.53195],[73.14884,30.53509],[73.14351,30.53828],[73.14013,30.53799],[73.14099,30.54085],[73.14603,30.54313],[73.15436,30.53895],[73.15969,30.53904],[73.16897,30.54513],[73.17135,30.5439],[73.17121,30.54009],[73.17254,30.53918],[73.18087,30.54047],[73.18268,30.54237],[73.18173,30.54485],[73.17235,30.5478],[73.17226,30.55141],[73.17549,30.55427],[73.17973,30.55494],[73.18415,30.55003],[73.19067,30.55094],[73.19101,30.54708],[73.19367,30.5467],[73.19562,30.54827],[73.19595,30.55118],[73.19024,30.55532],[73.18901,30.55931],[73.1961,30.56212],[73.2064,30.55122],[73.20833,30.55122],[73.21025,30.55382],[73.22397,30.55401],[73.22751,30.55266],[73.23475,30.56076],[73.23814,30.5594],[73.24501,30.55396],[73.24444,30.55025],[73.24059,30.54818],[73.24073,30.54632],[73.24939,30.53975],[73.25334,30.53895],[73.25572,30.54049],[73.25468,30.546],[73.25733,30.55132],[73.25566,30.55394],[73.2589,30.55944],[73.25819,30.5623],[73.26262,30.56384],[73.26741,30.56313],[73.2763,30.56738],[73.2828,30.56657],[73.27507,30.56398],[73.27269,30.56065],[73.26531,30.55946],[73.2665,30.55494],[73.27055,30.55185],[73.27316,30.54637],[73.28006,30.54733],[73.29101,30.54209],[73.28677,30.52753],[73.28792,30.52296],[73.2921,30.52201],[73.29629,30.52277],[73.29591,30.52905],[73.30124,30.52886],[73.30581,30.53076],[73.30676,30.54295],[73.31495,30.54314],[73.32047,30.54542],[73.32922,30.53971],[73.33341,30.54028],[73.33684,30.54409],[73.33893,30.54257],[73.33874,30.53838],[73.34255,30.53533],[73.34731,30.538],[73.35987,30.53343],[73.36158,30.53743],[73.35302,30.54047],[73.35378,30.55418],[73.35759,30.5557],[73.36044,30.55228],[73.36349,30.55247],[73.37148,30.55551],[73.37244,30.55837],[73.36996,30.56065],[73.36977,30.56979],[73.38138,30.57036],[73.38157,30.57302],[73.37605,30.5795],[73.37815,30.58787],[73.377,30.59377],[73.37948,30.5972],[73.39509,30.60177],[73.39337,30.61014],[73.38728,30.60767],[73.38519,30.60843],[73.38462,30.61167],[73.38671,30.61338],[73.38759,30.62024],[73.39242,30.6267],[73.3949,30.62766],[73.39718,30.62651],[73.39661,30.62423],[73.39166,30.62157],[73.39223,30.61833],[73.39623,30.61528],[73.39985,30.61414],[73.39851,30.62214],[73.40023,30.62404],[73.4048,30.62385],[73.40975,30.61985],[73.41641,30.62042],[73.41546,30.62556],[73.4166,30.63051],[73.40384,30.63127],[73.40213,30.63527],[73.4067,30.64384],[73.41279,30.64555],[73.41793,30.64936],[73.41907,30.65412],[73.42478,30.65393],[73.42554,30.65221],[73.42288,30.64898],[73.42459,30.64269],[73.43563,30.64022]],[[73.3592,30.36862],[73.35524,30.36807],[73.35552,30.366],[73.35256,30.36322],[73.36257,30.36344],[73.36415,30.35102],[73.371,30.35094],[73.37101,30.34813],[73.37389,30.34907],[73.37378,30.33576],[73.37768,30.33557],[73.3795,30.32721],[73.3861,30.32989],[73.40251,30.33253],[73.40252,30.33791],[73.40519,30.33866],[73.4053,30.34069],[73.40414,30.34216],[73.40186,30.34097],[73.40261,30.35718],[73.41195,30.36022],[73.41596,30.36847],[73.36565,30.36406],[73.36053,30.3696],[73.3592,30.36862]],[[73.05416,30.3056],[73.04969,30.30447],[73.04015,30.30555],[73.04022,30.285],[73.03665,30.28374],[73.05068,30.28376],[73.05072,30.27557],[73.07017,30.27569],[73.0838,30.29416],[73.08387,30.30296],[73.06101,30.30292],[73.06105,30.30421],[73.05736,30.30384],[73.05416,30.3056]]]]}},{"type":"Feature","properties":{"name":"Municipal Committee Fazilpur","district":"Rajanpur"},"geometry":{"type":"MultiPolygon","coordinates":[[[[70.45859,29.37851],[70.47053,29.37743],[70.48507,29.36937],[70.49577,29.36735],[70.501,29.37408],[70.50328,29.3723],[70.50817,29.3732],[70.50811,29.37067],[70.5111,29.36839],[70.50848,29.36421],[70.50967,29.36031],[70.50831,29.35833],[70.51022,29.35557],[70.51157,29.35584],[70.51093,29.35299],[70.51677,29.34359],[70.51268,29.33437],[70.50526,29.32929],[70.50242,29.33209],[70.50278,29.34713],[70.50712,29.34691],[70.5074,29.33858],[70.5107,29.33884],[70.51028,29.34657],[70.50894,29.34794],[70.51077,29.35075],[70.50589,29.3517],[70.50609,29.35863],[70.50439,29.36266],[70.501,29.36441],[70.5004,29.35486],[70.49083,29.3561],[70.4913,29.3495],[70.49423,29.34841],[70.4949,29.34277],[70.49846,29.34304],[70.49539,29.32776],[70.49832,29.32489],[70.50137,29.32506],[70.50285,29.32035],[70.50109,29.31404],[70.49265,29.31487],[70.49101,29.31742],[70.48959,29.31685],[70.48925,29.31126],[70.49063,29.31064],[70.4894,29.30971],[70.49054,29.30885],[70.49259,29.31041],[70.49043,29.30743],[70.48906,29.30783],[70.48932,29.30569],[70.49265,29.30714],[70.49279,29.30982],[70.49913,29.31041],[70.49919,29.30706],[70.50109,29.30646],[70.50146,29.30364],[70.50307,29.30384],[70.50338,29.30638],[70.50797,29.30431],[70.51427,29.31352],[70.52148,29.31763],[70.52351,29.30795],[70.52275,29.30027],[70.52633,29.29786],[70.52664,29.29459],[70.52211,29.28961],[70.519,29.28102],[70.51424,29.27364],[70.5114,29.27243],[70.50922,29.26812],[70.50397,29.2698],[70.50153,29.27314],[70.49939,29.26965],[70.49667,29.26993],[70.49381,29.26336],[70.48554,29.25854],[70.47934,29.26071],[70.47585,29.2591],[70.4737,29.25583],[70.47236,29.25742],[70.46814,29.25691],[70.47164,29.25249],[70.46676,29.24979],[70.4626,29.25367],[70.46293,29.25576],[70.45669,29.2586],[70.45112,29.25998],[70.44799,29.25593],[70.44404,29.25706],[70.44483,29.26028],[70.44762,29.26246],[70.44764,29.26945],[70.445,29.27546],[70.44564,29.27824],[70.43795,29.2814],[70.43939,29.28524],[70.43662,29.28641],[70.43595,29.29777],[70.42066,29.30379],[70.42596,29.30658],[70.43079,29.31262],[70.43262,29.31149],[70.44317,29.32056],[70.44311,29.33142],[70.43962,29.33145],[70.43964,29.33688],[70.43624,29.33691],[70.43623,29.341],[70.45695,29.35041],[70.45015,29.35048],[70.44988,29.3777],[70.45859,29.37851]]]]}},{"type":"Feature","properties":{"name":"Municipal Committee Jampur","district":"Rajanpur"},"geometry":{"type":"MultiPolygon","coordinates":[[[[70.60134,29.65635],[70.60221,29.65125],[70.60823,29.65214],[70.61363,29.64939],[70.60041,29.63882],[70.59655,29.63887],[70.59586,29.6345],[70.59224,29.63502],[70.58987,29.63177],[70.58581,29.63164],[70.58536,29.62908],[70.5874,29.62876],[70.58538,29.6271],[70.58083,29.6284],[70.58134,29.62492],[70.57471,29.62211],[70.57196,29.6307],[70.58429,29.64827],[70.59118,29.64764],[70.59431,29.6521],[70.59486,29.65022],[70.59925,29.65601],[70.60134,29.65635]]]]}},{"type":"Feature","properties":{"name":"Municipal Committee Rojhan","district":"Rajanpur"},"geometry":{"type":"MultiPolygon","coordinates":[[[[69.95704,28.68263],[69.95354,28.68297],[69.92831,28.69633],[69.93431,28.70393],[69.95062,28.71044],[69.98222,28.71212],[69.97941,28.70232],[69.96404,28.68615],[69.95704,28.68263]]]]}},{"type":"Feature","properties":{"name":"Municipal Committee Rajanpur","district":"Rajanpur"},"geometry":{"type":"MultiPolygon","coordinates":[[[[70.3377,29.13111],[70.34926,29.12823],[70.34601,29.11893],[70.3495,29.11774],[70.34979,29.08847],[70.33922,29.08905],[70.33927,29.08324],[70.31477,29.08387],[70.31462,29.13194],[70.3377,29.13111]]]]}},{"type":"Feature","properties":{"name":"Municipal Committee Kot Mithan","district":"Rajanpur"},"geometry":{"type":"MultiPolygon","coordinates":[[[[70.38177,28.99418],[70.3905,28.98987],[70.3983,28.98761],[70.39996,28.98841],[70.40553,28.98302],[70.41399,28.97914],[70.41287,28.96623],[70.41035,28.96205],[70.40713,28.96016],[70.42082,28.95661],[70.41984,28.95397],[70.42175,28.95277],[70.44001,28.94529],[70.44453,28.93101],[70.39807,28.95844],[70.38872,28.95387],[70.38141,28.94708],[70.37323,28.94851],[70.37042,28.94506],[70.37225,28.94379],[70.36965,28.94332],[70.36861,28.94002],[70.36743,28.94194],[70.35846,28.94457],[70.36046,28.95302],[70.35668,28.95261],[70.35667,28.97058],[70.35487,28.97251],[70.36242,28.97876],[70.3625,28.98619],[70.3692,28.9837],[70.37822,28.99391],[70.38177,28.99418]]]]}},{"type":"Feature","properties":{"name":"District Council Rajanpur","district":"Rajanpur"},"geometry":{"type":"MultiPolygon","coordinates":[[[[69.96126,29.93946],[69.96378,29.93288],[69.96115,29.92598],[69.96311,29.92162],[69.96213,29.91724],[69.96398,29.91445],[69.96336,29.90817],[69.96546,29.90371],[69.97037,29.89894],[69.98294,29.90709],[69.99183,29.90728],[70.00013,29.8884],[70.006,29.88536],[70.02047,29.88935],[70.03342,29.88844],[70.04215,29.89334],[70.05016,29.89061],[70.05723,29.88534],[70.06384,29.88276],[70.06291,29.87962],[70.07544,29.87742],[70.07786,29.87233],[70.08052,29.8714],[70.08341,29.86661],[70.09302,29.86129],[70.09771,29.85689],[70.09952,29.84213],[70.10395,29.83832],[70.10816,29.83125],[70.10929,29.8241],[70.11174,29.82006],[70.12305,29.81415],[70.13205,29.80443],[70.13912,29.80103],[70.15155,29.78718],[70.16166,29.78129],[70.18091,29.77516],[70.18279,29.76667],[70.19825,29.75437],[70.2014,29.74702],[70.20498,29.74398],[70.20916,29.74303],[70.20991,29.73915],[70.23444,29.72417],[70.24926,29.71841],[70.25273,29.71915],[70.25837,29.72609],[70.2622,29.7279],[70.28269,29.72323],[70.28431,29.72757],[70.29545,29.73794],[70.29959,29.74936],[70.31349,29.74907],[70.3336,29.73732],[70.33871,29.73741],[70.3695,29.70785],[70.3608,29.69752],[70.354,29.69857],[70.36796,29.67332],[70.38123,29.66133],[70.39281,29.65584],[70.3961,29.65167],[70.38093,29.6291],[70.38466,29.62728],[70.38627,29.62281],[70.39011,29.62153],[70.39193,29.617],[70.41124,29.6105],[70.41426,29.60809],[70.41674,29.59378],[70.4236,29.59182],[70.41799,29.57539],[70.42082,29.57057],[70.53422,29.61633],[70.53467,29.62576],[70.54023,29.627],[70.54355,29.6312],[70.55341,29.6335],[70.55669,29.63839],[70.55737,29.64685],[70.55572,29.64814],[70.55618,29.65341],[70.55335,29.65386],[70.55393,29.66099],[70.56014,29.66237],[70.55776,29.66557],[70.55799,29.66935],[70.55986,29.67184],[70.56222,29.67209],[70.56314,29.67624],[70.56545,29.67755],[70.56473,29.68458],[70.56952,29.69457],[70.5771,29.7],[70.57695,29.70471],[70.57818,29.70515],[70.57784,29.70837],[70.57616,29.70962],[70.57564,29.71816],[70.56996,29.72063],[70.57015,29.72361],[70.57103,29.72512],[70.57455,29.72522],[70.57999,29.73133],[70.58611,29.73078],[70.58898,29.73206],[70.59214,29.73794],[70.59028,29.74513],[70.58464,29.74736],[70.58424,29.7566],[70.59617,29.7585],[70.59611,29.76426],[70.59762,29.76523],[70.60132,29.76443],[70.60464,29.76631],[70.61059,29.76653],[70.61155,29.77229],[70.61754,29.77144],[70.61737,29.76761],[70.62212,29.76372],[70.63,29.76381],[70.63128,29.76155],[70.6357,29.7607],[70.63739,29.75759],[70.64168,29.76206],[70.64352,29.76213],[70.64463,29.75935],[70.65507,29.76164],[70.66323,29.75804],[70.66572,29.75326],[70.66777,29.75269],[70.66988,29.75391],[70.67071,29.75791],[70.67715,29.7579],[70.67554,29.75023],[70.67307,29.74806],[70.67307,29.74333],[70.68039,29.74439],[70.68082,29.74182],[70.68231,29.74183],[70.68179,29.73696],[70.686,29.73772],[70.68739,29.73504],[70.68104,29.732],[70.69151,29.73205],[70.69377,29.73092],[70.69397,29.72731],[70.68956,29.72088],[70.68946,29.7178],[70.67979,29.71368],[70.67911,29.70808],[70.67295,29.7048],[70.67,29.69951],[70.66788,29.69814],[70.66615,29.69898],[70.66518,29.69704],[70.66809,29.6925],[70.66582,29.68619],[70.67244,29.68662],[70.67327,29.68204],[70.68041,29.68258],[70.68039,29.68603],[70.68703,29.68866],[70.69172,29.68668],[70.69237,29.68398],[70.69495,29.68412],[70.69475,29.68143],[70.69075,29.6761],[70.69234,29.67104],[70.69585,29.67059],[70.70381,29.67524],[70.70489,29.67138],[70.70834,29.67087],[70.70969,29.66717],[70.70607,29.66509],[70.70939,29.66387],[70.70726,29.66035],[70.70942,29.65096],[70.71363,29.65063],[70.71434,29.64367],[70.72206,29.64266],[70.72269,29.63715],[70.72608,29.63683],[70.72474,29.63446],[70.72765,29.63103],[70.72723,29.62955],[70.71468,29.62959],[70.71208,29.62761],[70.7035,29.62664],[70.7057,29.62252],[70.70266,29.61692],[70.70332,29.61558],[70.70855,29.61465],[70.70869,29.61004],[70.70438,29.60735],[70.70434,29.60496],[70.71088,29.60416],[70.71847,29.60036],[70.71949,29.59653],[70.72625,29.59214],[70.71291,29.57083],[70.70686,29.56816],[70.70655,29.5659],[70.70871,29.5648],[70.70809,29.56015],[70.71079,29.55808],[70.7048,29.55136],[70.70556,29.54753],[70.70428,29.54456],[70.69708,29.53856],[70.69615,29.53189],[70.68565,29.52427],[70.6837,29.51355],[70.69395,29.49838],[70.7149,29.47817],[70.70928,29.47645],[70.70788,29.47444],[70.70693,29.46658],[70.69407,29.46447],[70.69417,29.46232],[70.70205,29.45208],[70.69976,29.44542],[70.70139,29.44287],[70.67646,29.44103],[70.66746,29.44162],[70.6526,29.4453],[70.64273,29.4363],[70.6363,29.4337],[70.63594,29.43227],[70.64032,29.42964],[70.63629,29.42339],[70.6359,29.41924],[70.63732,29.41096],[70.63422,29.39577],[70.63747,29.39501],[70.63807,29.39142],[70.6354,29.3777],[70.63375,29.37672],[70.62633,29.385],[70.62359,29.38573],[70.62176,29.38432],[70.62187,29.38088],[70.62477,29.37044],[70.61306,29.37139],[70.61196,29.37426],[70.61303,29.38012],[70.60756,29.38563],[70.60538,29.3828],[70.60646,29.3782],[70.60083,29.36365],[70.60095,29.3605],[70.61903,29.35599],[70.61798,29.34167],[70.61118,29.33517],[70.60964,29.33074],[70.60282,29.32338],[70.60378,29.32193],[70.60949,29.32115],[70.60749,29.30871],[70.61124,29.30766],[70.61217,29.30479],[70.60887,29.30268],[70.60638,29.28996],[70.61188,29.27571],[70.62129,29.27187],[70.61148,29.2611],[70.61092,29.25609],[70.60806,29.25126],[70.60541,29.24886],[70.59476,29.24669],[70.59307,29.24299],[70.59078,29.24258],[70.58674,29.23518],[70.58894,29.22914],[70.56829,29.22466],[70.56392,29.20594],[70.56601,29.19302],[70.5415,29.19173],[70.53386,29.18294],[70.53367,29.18079],[70.53757,29.1796],[70.54639,29.18007],[70.55593,29.16291],[70.55568,29.15776],[70.56127,29.14924],[70.55473,29.13743],[70.54738,29.13751],[70.55068,29.12859],[70.54773,29.10599],[70.5509,29.0998],[70.55368,29.07871],[70.54349,29.07352],[70.53798,29.07602],[70.52063,29.03094],[70.52692,29.02342],[70.51842,28.99988],[70.49977,28.96689],[70.48237,28.95808],[70.4771,28.95383],[70.479,28.94768],[70.49211,28.93297],[70.48647,28.91869],[70.48076,28.92059],[70.47051,28.91788],[70.46385,28.91803],[70.46083,28.90926],[70.45415,28.91148],[70.43535,28.91292],[70.38898,28.92002],[70.3558,28.92675],[70.34406,28.9177],[70.34251,28.91361],[70.33085,28.91238],[70.3257,28.9094],[70.32271,28.90591],[70.32349,28.89681],[70.3293,28.895],[70.33886,28.89737],[70.33909,28.89528],[70.38235,28.87894],[70.39692,28.875],[70.398,28.85879],[70.38921,28.83784],[70.38626,28.82553],[70.36578,28.79758],[70.35457,28.79605],[70.35082,28.7978],[70.34257,28.81604],[70.34033,28.8264],[70.33383,28.82516],[70.32296,28.81916],[70.28073,28.82379],[70.27614,28.82692],[70.26608,28.82591],[70.26663,28.82212],[70.31551,28.76987],[70.30729,28.76364],[70.30729,28.75793],[70.29051,28.74326],[70.28609,28.74045],[70.276,28.74975],[70.27241,28.75003],[70.26752,28.75377],[70.26514,28.75782],[70.25198,28.7683],[70.2457,28.76127],[70.2421,28.75943],[70.23068,28.76075],[70.23068,28.76569],[70.21282,28.76009],[70.21219,28.75734],[70.23027,28.75145],[70.23061,28.7503],[70.22375,28.7455],[70.20241,28.75747],[70.20122,28.76241],[70.185,28.7671],[70.18176,28.76674],[70.18222,28.76127],[70.23033,28.71588],[70.22385,28.70617],[70.22078,28.68811],[70.21544,28.68094],[70.21455,28.66787],[70.20408,28.66206],[70.17172,28.66119],[70.15996,28.66336],[70.15222,28.66875],[70.11452,28.6689],[70.10728,28.65921],[70.09638,28.64849],[70.08054,28.63578],[70.06933,28.62913],[70.1019,28.61857],[70.12838,28.61402],[70.12899,28.61247],[70.1227,28.60596],[70.11877,28.59895],[70.10473,28.58807],[70.0897,28.5871],[70.08845,28.57897],[70.08361,28.57824],[70.07369,28.56291],[70.06878,28.5521],[70.0572,28.54149],[70.0472,28.5386],[70.04351,28.53906],[70.03887,28.54373],[70.03723,28.55034],[70.03302,28.5537],[70.0097,28.56224],[69.98728,28.55209],[69.98777,28.54837],[69.9852,28.54377],[69.9849,28.53601],[69.98096,28.52669],[69.96785,28.52371],[69.96042,28.50855],[69.96232,28.50013],[69.96626,28.49732],[69.96892,28.4825],[69.96877,28.47019],[69.96621,28.46677],[69.96044,28.46614],[69.95611,28.45315],[69.95158,28.4506],[69.94731,28.44463],[69.93618,28.43515],[69.93135,28.43168],[69.9033,28.42568],[69.88937,28.42732],[69.87345,28.43376],[69.86051,28.44675],[69.82599,28.46416],[69.82588,28.45925],[69.83003,28.45633],[69.83094,28.45365],[69.83894,28.45163],[69.85199,28.44494],[69.85375,28.4357],[69.84716,28.43334],[69.83166,28.43584],[69.8266,28.43292],[69.81072,28.43207],[69.81041,28.42959],[69.80251,28.4216],[69.79815,28.41394],[69.79061,28.40832],[69.78554,28.40721],[69.77728,28.40791],[69.77566,28.40947],[69.77111,28.41667],[69.77095,28.42437],[69.76747,28.43143],[69.75986,28.43339],[69.75664,28.43103],[69.74983,28.41869],[69.75428,28.40484],[69.75077,28.40512],[69.72531,28.42704],[69.70062,28.42762],[69.65526,28.43314],[69.62217,28.43314],[69.59704,28.44785],[69.61665,28.46991],[69.60194,28.47481],[69.54188,28.48033],[69.51124,28.48523],[69.47631,28.48768],[69.4377,28.47665],[69.42421,28.46868],[69.4187,28.45336],[69.39112,28.44785],[69.3617,28.44968],[69.35496,28.46194],[69.33841,28.5122],[69.33228,28.52629],[69.32186,28.53549],[69.3188,28.55203],[69.32615,28.55816],[69.34944,28.57042],[69.37702,28.579],[69.41625,28.59739],[69.4806,28.6979],[69.51798,28.75121],[69.52963,28.77205],[69.53882,28.79289],[69.53392,28.81373],[69.52288,28.83211],[69.50205,28.83824],[69.48121,28.8505],[69.49347,28.89953],[69.54066,28.93201],[69.55537,28.95469],[69.56456,28.9553],[69.57743,28.95898],[69.59091,28.99514],[69.60133,29.00739],[69.61424,29.02762],[69.63079,29.04171],[69.63998,29.05826],[69.65285,29.07113],[69.69759,29.08829],[69.70801,29.09871],[69.70862,29.11036],[69.71536,29.12752],[69.72639,29.14713],[69.74539,29.17287],[69.74907,29.18758],[69.74294,29.198],[69.73865,29.22435],[69.74417,29.24457],[69.76255,29.27889],[69.76448,29.2953],[69.75888,29.30034],[69.74601,29.29789],[69.72639,29.28441],[69.70004,29.25989],[69.68411,29.25806],[69.6792,29.26909],[69.68043,29.28809],[69.67614,29.29851],[69.66327,29.30831],[69.65408,29.30831],[69.6363,29.31199],[69.63691,29.32547],[69.64917,29.33528],[69.66511,29.35244],[69.67001,29.36531],[69.65714,29.38798],[69.63872,29.40392],[69.62952,29.41618],[69.61236,29.42292],[69.6044,29.41924],[69.59459,29.41066],[69.58172,29.40331],[69.56701,29.4076],[69.56395,29.45172],[69.57375,29.47808],[69.59336,29.49585],[69.60072,29.52588],[69.60194,29.56326],[69.60623,29.60004],[69.59888,29.61168],[69.59275,29.62761],[69.6044,29.63558],[69.62278,29.63926],[69.62768,29.6601],[69.64178,29.67848],[69.66203,29.69135],[69.68284,29.69626],[69.70491,29.70913],[69.738,29.72016],[69.75087,29.73854],[69.77171,29.7557],[69.78948,29.76551],[69.79622,29.77777],[69.80358,29.78573],[69.81093,29.80473],[69.833,29.85131],[69.84587,29.86663],[69.92962,29.93776],[69.94327,29.94086],[69.95084,29.94834],[69.95935,29.94736],[69.96126,29.93946]],[[70.45015,29.35048],[70.45695,29.35041],[70.43623,29.341],[70.43624,29.33691],[70.43964,29.33688],[70.43962,29.33145],[70.44311,29.33142],[70.44317,29.32056],[70.43262,29.31149],[70.43079,29.31262],[70.42596,29.30658],[70.42066,29.30379],[70.43595,29.29777],[70.43662,29.28641],[70.43939,29.28524],[70.43795,29.2814],[70.44564,29.27824],[70.445,29.27546],[70.44764,29.26945],[70.44762,29.26246],[70.44483,29.26028],[70.44404,29.25706],[70.44799,29.25593],[70.45112,29.25998],[70.45669,29.2586],[70.46293,29.25576],[70.4626,29.25367],[70.46676,29.24979],[70.47164,29.25249],[70.46814,29.25691],[70.47236,29.25742],[70.4737,29.25583],[70.47585,29.2591],[70.47934,29.26071],[70.48554,29.25854],[70.49381,29.26336],[70.49667,29.26993],[70.49939,29.26965],[70.50153,29.27314],[70.50397,29.2698],[70.50922,29.26812],[70.519,29.28102],[70.5199,29.28574],[70.52664,29.29459],[70.52633,29.29786],[70.52275,29.30027],[70.52351,29.30795],[70.52148,29.31763],[70.51427,29.31352],[70.50797,29.30431],[70.50338,29.30638],[70.50307,29.30384],[70.50146,29.30364],[70.50109,29.30646],[70.49919,29.30706],[70.49913,29.31041],[70.49279,29.30982],[70.49265,29.30714],[70.48932,29.30569],[70.48906,29.30783],[70.49043,29.30743],[70.49259,29.31041],[70.49054,29.30885],[70.4894,29.30971],[70.49063,29.31064],[70.48925,29.31126],[70.48959,29.31685],[70.49101,29.31742],[70.49265,29.31487],[70.50109,29.31404],[70.50285,29.32035],[70.50137,29.32506],[70.49832,29.32489],[70.49539,29.32776],[70.49846,29.34304],[70.4949,29.34277],[70.49423,29.34841],[70.4913,29.3495],[70.49083,29.3561],[70.5004,29.35486],[70.501,29.36441],[70.50439,29.36266],[70.50609,29.35863],[70.50589,29.3517],[70.51077,29.35075],[70.50894,29.34794],[70.51028,29.34657],[70.5107,29.33884],[70.5074,29.33858],[70.50712,29.34691],[70.50278,29.34713],[70.50242,29.33209],[70.50526,29.32929],[70.51268,29.33437],[70.51677,29.34359],[70.51093,29.35299],[70.51157,29.35584],[70.51022,29.35557],[70.50831,29.35833],[70.50967,29.36031],[70.50848,29.36421],[70.5111,29.36839],[70.50811,29.37067],[70.50817,29.3732],[70.50328,29.3723],[70.501,29.37408],[70.49577,29.36735],[70.48507,29.36937],[70.47484,29.37602],[70.46864,29.37789],[70.45686,29.37912],[70.44988,29.3777],[70.45015,29.35048]],[[70.3385,29.08326],[70.33922,29.08905],[70.34979,29.08847],[70.3495,29.11774],[70.34601,29.11893],[70.34926,29.12823],[70.34045,29.13107],[70.31462,29.13194],[70.31477,29.08387],[70.3385,29.08326]],[[70.37822,28.99391],[70.3692,28.9837],[70.3625,28.98619],[70.36242,28.97876],[70.35487,28.97251],[70.35667,28.97058],[70.35668,28.95261],[70.36046,28.95302],[70.35846,28.94457],[70.36743,28.94194],[70.36861,28.94002],[70.36965,28.94332],[70.37225,28.94379],[70.37042,28.94506],[70.37323,28.94851],[70.38141,28.94708],[70.38872,28.95387],[70.39807,28.95844],[70.44453,28.93101],[70.44001,28.94529],[70.42175,28.95277],[70.41984,28.95397],[70.42082,28.95661],[70.40713,28.96016],[70.41035,28.96205],[70.41287,28.96623],[70.41399,28.97914],[70.40553,28.98302],[70.39996,28.98841],[70.3983,28.98761],[70.3905,28.98987],[70.38313,28.99393],[70.37822,28.99391]],[[69.95566,28.68268],[69.96404,28.68615],[69.976,28.69852],[69.97941,28.70232],[69.98222,28.71212],[69.95062,28.71044],[69.93431,28.70393],[69.92831,28.69633],[69.95566,28.68268]],[[70.57901,29.62308],[70.58134,29.62492],[70.58083,29.6284],[70.58538,29.6271],[70.5874,29.62876],[70.58536,29.62908],[70.58581,29.63164],[70.58987,29.63177],[70.59224,29.63502],[70.59586,29.6345],[70.59655,29.63887],[70.60041,29.63882],[70.61363,29.64939],[70.61308,29.65044],[70.60823,29.65214],[70.6029,29.65086],[70.6006,29.65644],[70.59486,29.65022],[70.59431,29.6521],[70.59118,29.64764],[70.58429,29.64827],[70.57196,29.6307],[70.57471,29.62211],[70.57901,29.62308]]]]}},{"type":"Feature","properties":{"name":"Municipal Committee Layyah","district":"Layyah"},"geometry":{"type":"MultiPolygon","coordinates":[[[[70.98417,30.99153],[70.98434,30.9718],[70.98016,30.97177],[70.9802,30.96907],[70.98437,30.96906],[70.98442,30.95425],[70.97386,30.95377],[70.97246,30.9632],[70.96674,30.96315],[70.9668,30.95772],[70.9627,30.9574],[70.96278,30.95512],[70.96069,30.95459],[70.95965,30.94592],[70.94719,30.94563],[70.94754,30.93414],[70.93152,30.93465],[70.93151,30.94468],[70.93427,30.9456],[70.93423,30.94794],[70.93312,30.94806],[70.9338,30.95656],[70.92808,30.96719],[70.93033,30.98695],[70.93207,30.98746],[70.93352,30.98582],[70.93376,30.9898],[70.94409,30.99035],[70.945,30.98879],[70.97301,30.98984],[70.97299,30.99241],[70.98417,30.99153]]]]}},{"type":"Feature","properties":{"name":"Municipal Committee Chowk Azam","district":"Layyah"},"geometry":{"type":"MultiPolygon","coordinates":[[[[71.22031,30.97858],[71.22834,30.9786],[71.22737,30.96646],[71.23014,30.9665],[71.23016,30.96103],[71.23153,30.96104],[71.23153,30.95863],[71.2302,30.95894],[71.23021,30.95232],[71.21572,30.95193],[71.19746,30.95484],[71.19151,30.96243],[71.18812,30.96363],[71.18242,30.97686],[71.21184,30.977],[71.21188,30.97968],[71.22031,30.97968],[71.22031,30.97858]]]]}},{"type":"Feature","properties":{"name":"Municipal Committee Choubara","district":"Layyah"},"geometry":{"type":"MultiPolygon","coordinates":[[[[71.51212,30.99129],[71.59396,30.98952],[71.59424,30.90114],[71.5738,30.90249],[71.56729,30.88184],[71.57103,30.8624],[71.60015,30.82742],[71.60198,30.81266],[71.60169,30.78588],[71.55594,30.75477],[71.53138,30.76349],[71.51637,30.77065],[71.51214,30.77754],[71.49257,30.77615],[71.47417,30.7784],[71.45227,30.80305],[71.41639,30.79759],[71.41566,30.80077],[71.4036,30.80672],[71.39574,30.83559],[71.40164,30.83568],[71.38473,30.85097],[71.35459,30.8872],[71.35152,30.89267],[71.34742,30.89541],[71.36626,30.89817],[71.36693,30.90512],[71.33536,30.93645],[71.33823,30.93586],[71.33827,30.97984],[71.36842,30.97986],[71.37314,30.98537],[71.37158,31.01409],[71.37541,31.01933],[71.38543,31.02495],[71.41019,31.02569],[71.45765,31.01447],[71.51212,30.99129]]]]}},{"type":"Feature","properties":{"name":"Municipal Committee Karor Lal Essan","district":"Layyah"},"geometry":{"type":"MultiPolygon","coordinates":[[[[70.96042,31.23229],[70.98012,31.232],[70.98018,31.2266],[70.98361,31.2263],[70.97927,31.20484],[70.97183,31.20752],[70.9602,31.20477],[70.95947,31.20637],[70.95308,31.20829],[70.94841,31.21556],[70.94349,31.21743],[70.94335,31.2205],[70.94506,31.22218],[70.9424,31.22973],[70.94294,31.23578],[70.94957,31.23955],[70.95595,31.23935],[70.95851,31.23808],[70.95531,31.23487],[70.96042,31.23229]]]]}},{"type":"Feature","properties":{"name":"Municipal Committee Fatehpur","district":"Layyah"},"geometry":{"type":"MultiPolygon","coordinates":[[[[71.19695,31.19132],[71.21128,31.18641],[71.23506,31.18653],[71.23507,31.18378],[71.25338,31.18383],[71.25618,31.17299],[71.24055,31.17289],[71.25209,31.15662],[71.24649,31.15659],[71.24655,31.15115],[71.21713,31.15103],[71.16445,31.17809],[71.17735,31.17813],[71.17721,31.20806],[71.18994,31.20808],[71.19015,31.19396],[71.19695,31.19132]]]]}},{"type":"Feature","properties":{"name":"Municipal Committee Minchinabad","district":"Bahawalnagar"},"geometry":{"type":"MultiPolygon","coordinates":[[[[73.58968,30.15014],[73.60021,30.15401],[73.59292,30.14375],[73.58182,30.13477],[73.58127,30.13796],[73.57345,30.14381],[73.56112,30.1381],[73.55706,30.14491],[73.54464,30.13927],[73.53618,30.15048],[73.53231,30.16557],[73.53732,30.16801],[73.55029,30.16893],[73.55051,30.16998],[73.55012,30.17705],[73.54661,30.18343],[73.55168,30.18938],[73.55443,30.19596],[73.54504,30.20119],[73.56073,30.21617],[73.57416,30.20671],[73.58444,30.20814],[73.59481,30.20241],[73.60257,30.19299],[73.59542,30.1836],[73.59619,30.18235],[73.60206,30.17561],[73.60866,30.17486],[73.61457,30.17219],[73.6099,30.16704],[73.60326,30.16318],[73.59733,30.164],[73.59194,30.16694],[73.58077,30.16085],[73.58098,30.15793],[73.59008,30.15794],[73.58968,30.15014]]]]}},{"type":"Feature","properties":{"name":"Municipal Committee Bahawalnagar","district":"Bahawalnagar"},"geometry":{"type":"MultiPolygon","coordinates":[[[[73.26739,30.01955],[73.26919,30.01349],[73.27152,30.01342],[73.27128,30.0004],[73.26846,29.99583],[73.27547,29.98903],[73.27249,29.98903],[73.27245,29.98593],[73.26758,29.98593],[73.26755,29.98264],[73.2724,29.98263],[73.27256,29.97113],[73.26293,29.97134],[73.2627,29.96749],[73.24642,29.96698],[73.24657,29.97357],[73.23882,29.97358],[73.23898,29.97967],[73.24466,29.98135],[73.24471,29.986],[73.24349,29.98615],[73.24344,29.99156],[73.24053,29.99164],[73.24071,29.99535],[73.23953,29.99588],[73.24268,29.99756],[73.24208,29.99978],[73.2379,29.99987],[73.23798,30.01145],[73.25054,30.01708],[73.25556,30.01749],[73.25547,30.01472],[73.26109,30.01483],[73.26096,30.0197],[73.26739,30.01955]]]]}},{"type":"Feature","properties":{"name":"Municipal Committee Fortabbas","district":"Bahawalnagar"},"geometry":{"type":"MultiPolygon","coordinates":[[[[72.85943,29.21695],[72.90302,29.21928],[72.90273,29.18739],[72.89933,29.18754],[72.8989,29.16304],[72.89229,29.16316],[72.86458,29.17676],[72.85649,29.17243],[72.85111,29.17223],[72.82689,29.20103],[72.82704,29.20692],[72.83751,29.2176],[72.84599,29.22239],[72.85943,29.21695]]]]}},{"type":"Feature","properties":{"name":"Municipal Committee Haroonabad","district":"Bahawalnagar"},"geometry":{"type":"MultiPolygon","coordinates":[[[[73.15941,29.63917],[73.15939,29.63736],[73.17349,29.6374],[73.19249,29.61991],[73.18001,29.61599],[73.1796,29.58934],[73.17188,29.58822],[73.17191,29.58562],[73.1692,29.58545],[73.16909,29.58068],[73.16571,29.5803],[73.16579,29.58562],[73.16246,29.58582],[73.14299,29.58593],[73.14168,29.57877],[73.13181,29.58156],[73.13171,29.58588],[73.13457,29.58584],[73.13469,29.59669],[73.13817,29.59674],[73.13825,29.59945],[73.13468,29.5995],[73.13464,29.60211],[73.11695,29.6024],[73.1086,29.59563],[73.08497,29.59583],[73.08674,29.60157],[73.10534,29.61596],[73.11071,29.61615],[73.11074,29.61876],[73.10389,29.61871],[73.10381,29.62155],[73.09697,29.62165],[73.09703,29.63249],[73.10744,29.63238],[73.10741,29.62966],[73.12673,29.6285],[73.12686,29.63762],[73.14829,29.63911],[73.14855,29.64846],[73.15615,29.64859],[73.15572,29.64278],[73.15957,29.64278],[73.15941,29.63917]]]]}},{"type":"Feature","properties":{"name":"Municipal Committee Chishtian","district":"Bahawalnagar"},"geometry":{"type":"MultiPolygon","coordinates":[[[[72.87876,29.82291],[72.88035,29.82265],[72.88116,29.81439],[72.88435,29.81642],[72.88409,29.81092],[72.89084,29.81086],[72.89137,29.79814],[72.88795,29.79646],[72.88186,29.78934],[72.88018,29.7783],[72.87763,29.77849],[72.87744,29.77566],[72.85943,29.77685],[72.85939,29.77445],[72.85243,29.77458],[72.85228,29.7649],[72.84916,29.76492],[72.84914,29.76322],[72.82318,29.76232],[72.82416,29.77203],[72.8271,29.7787],[72.83265,29.7824],[72.83089,29.79399],[72.8373,29.80326],[72.84587,29.80701],[72.84578,29.80905],[72.84232,29.80909],[72.84237,29.81801],[72.85008,29.82224],[72.87876,29.82291]]]]}},{"type":"Feature","properties":{"name":"Municipal Committee Dunga Bunga","district":"Bahawalnagar"},"geometry":{"type":"MultiPolygon","coordinates":[[[[73.24084,29.73188],[73.24081,29.72926],[73.24368,29.7293],[73.24376,29.72374],[73.23529,29.72377],[73.23529,29.71869],[73.22243,29.71739],[73.20893,29.71876],[73.20952,29.73268],[73.21179,29.73273],[73.21185,29.73691],[73.20948,29.73691],[73.20938,29.76665],[73.23403,29.76674],[73.23378,29.77551],[73.23727,29.77552],[73.23741,29.78695],[73.25284,29.78689],[73.2553,29.76215],[73.26822,29.76224],[73.26818,29.74787],[73.26111,29.74806],[73.26106,29.73818],[73.24485,29.7377],[73.24534,29.7346],[73.2409,29.73406],[73.24084,29.73188]],[[73.25657,29.76174],[73.25658,29.76174],[73.25655,29.76175],[73.25657,29.76174]]]]}},{"type":"Feature","properties":{"name":"District Council Layyah","district":"Layyah"},"geometry":{"type":"MultiPolygon","coordinates":[[[[70.89151,31.39448],[70.9062,31.39077],[70.91684,31.39265],[70.91888,31.39102],[70.92342,31.39094],[70.92464,31.38929],[70.93197,31.38994],[70.93564,31.38844],[70.93743,31.38435],[70.95646,31.37472],[70.96241,31.37684],[70.96288,31.37938],[70.97168,31.3796],[70.97437,31.3762],[70.98515,31.37805],[70.9975,31.38204],[71.0001,31.38496],[71.00107,31.37921],[71.00657,31.37823],[71.01047,31.37937],[71.07681,31.3793],[71.07581,31.37387],[71.08798,31.37393],[71.08792,31.38164],[71.10478,31.38325],[71.11472,31.37348],[71.11615,31.3702],[71.11824,31.37014],[71.11825,31.36856],[71.12179,31.36861],[71.12249,31.36549],[71.12891,31.37123],[71.13107,31.3698],[71.15217,31.36743],[71.15419,31.36535],[71.1938,31.36771],[71.19236,31.35513],[71.18953,31.35517],[71.1895,31.35242],[71.19096,31.35241],[71.19096,31.34977],[71.19587,31.34968],[71.19587,31.34704],[71.18466,31.34706],[71.18857,31.3438],[71.21783,31.32903],[71.21927,31.30897],[71.21784,31.3008],[71.22209,31.30086],[71.22484,31.29804],[71.23544,31.29811],[71.23551,31.29482],[71.23847,31.29429],[71.2377,31.29271],[71.24185,31.29268],[71.24189,31.28724],[71.24675,31.2872],[71.2468,31.27638],[71.24876,31.27636],[71.24875,31.27252],[71.25244,31.26869],[71.25243,31.26549],[71.28842,31.26554],[71.28841,31.26012],[71.30251,31.26017],[71.30249,31.25743],[71.30106,31.25744],[71.3011,31.24656],[71.29826,31.24655],[71.29647,31.2234],[71.29904,31.22208],[71.29911,31.21118],[71.30104,31.2112],[71.30155,31.19753],[71.30341,31.19751],[71.30438,31.1621],[71.31253,31.16215],[71.3125,31.1703],[71.33573,31.17146],[71.33781,31.17309],[71.41072,31.17619],[71.41358,31.17279],[71.42805,31.17145],[71.45881,31.18854],[71.48121,31.21505],[71.48561,31.227],[71.49656,31.24092],[71.50442,31.24878],[71.53,31.26365],[71.55128,31.26264],[71.56947,31.25706],[71.58564,31.25461],[71.58992,31.25565],[71.60422,31.24449],[71.62523,31.23367],[71.66359,31.20107],[71.67894,31.1925],[71.73498,31.19571],[71.75639,31.18251],[71.76282,31.16109],[71.76474,31.14778],[71.78077,31.11051],[71.78578,31.10194],[71.80695,31.08265],[71.80895,31.0784],[71.8121,31.03656],[71.78668,31.00952],[71.76972,30.98632],[71.82758,30.94661],[71.8258,30.9455],[71.82616,30.94006],[71.82231,30.93767],[71.82087,30.93427],[71.81575,30.92933],[71.81027,30.9278],[71.80927,30.92552],[71.81054,30.92112],[71.80671,30.91746],[71.80639,30.9143],[71.79729,30.90826],[71.80036,30.89924],[71.80852,30.88923],[71.82919,30.89183],[71.83297,30.88661],[71.83072,30.88225],[71.82176,30.8706],[71.81237,30.86318],[71.81065,30.85959],[71.80263,30.85572],[71.79725,30.85072],[71.78709,30.85437],[71.77893,30.8533],[71.77671,30.83515],[71.77897,30.82843],[71.77701,30.81913],[71.77431,30.81569],[71.775,30.8092],[71.7627,30.80353],[71.74727,30.80929],[71.73265,30.80705],[71.73022,30.80287],[71.72658,30.80307],[71.72296,30.8007],[71.7203,30.79469],[71.71787,30.78309],[71.72028,30.78024],[71.72035,30.77567],[71.71897,30.7756],[71.71784,30.77144],[71.70334,30.76401],[71.69997,30.76002],[71.68813,30.76001],[71.68341,30.75628],[71.6816,30.7397],[71.67865,30.73199],[71.67929,30.72862],[71.68192,30.72644],[71.68649,30.71126],[71.66676,30.70544],[71.66087,30.70511],[71.65043,30.69928],[71.65063,30.69656],[71.65748,30.68553],[71.65532,30.67275],[71.65804,30.66578],[71.65501,30.65041],[71.64307,30.64418],[71.63187,30.64636],[71.6179,30.64353],[71.61815,30.64216],[71.61298,30.6379],[71.61003,30.63094],[71.61212,30.61867],[71.61513,30.6138],[71.61106,30.61124],[71.60924,30.60769],[71.59713,30.6063],[71.59248,30.6036],[71.59153,30.6004],[71.58532,30.60325],[71.57929,30.60352],[71.55613,30.59458],[71.55173,30.59138],[71.46913,30.63131],[71.45436,30.64054],[71.4446,30.65057],[71.43714,30.65548],[71.42307,30.6726],[71.40609,30.68351],[71.40568,30.68814],[71.40335,30.69146],[71.39449,30.69625],[71.36831,30.74058],[71.35394,30.75337],[71.34674,30.74858],[71.34437,30.74325],[71.32862,30.75637],[71.30047,30.75627],[71.28065,30.77273],[71.23953,30.77225],[71.23927,30.77599],[71.22891,30.77617],[71.21556,30.77416],[71.17635,30.77438],[71.17316,30.771],[71.17508,30.7634],[71.18068,30.75193],[71.18034,30.73702],[71.17396,30.73712],[71.16642,30.73264],[71.15273,30.7182],[71.15037,30.70932],[71.16934,30.68529],[71.12468,30.6556],[71.04772,30.65534],[71.04783,30.66056],[71.05364,30.66614],[71.01463,30.66585],[70.98221,30.66143],[70.96238,30.66664],[70.96139,30.6681],[70.96315,30.67061],[70.96825,30.67312],[70.96237,30.67698],[70.9558,30.67785],[70.92708,30.67323],[70.90749,30.66717],[70.86214,30.66917],[70.8552,30.66689],[70.84901,30.6597],[70.8402,30.65665],[70.80534,30.65381],[70.80082,30.65098],[70.7987,30.66707],[70.80168,30.67315],[70.80165,30.6802],[70.80675,30.69401],[70.81119,30.69757],[70.80862,30.70232],[70.80779,30.71237],[70.80406,30.71317],[70.80413,30.72395],[70.80809,30.73525],[70.80759,30.74997],[70.80065,30.7547],[70.7952,30.75508],[70.7919,30.76093],[70.79145,30.76754],[70.76225,30.76234],[70.75721,30.76395],[70.75469,30.76647],[70.74998,30.7662],[70.74921,30.77487],[70.74596,30.77601],[70.74546,30.77953],[70.74675,30.78197],[70.75012,30.78278],[70.74984,30.78569],[70.74766,30.78606],[70.7453,30.78915],[70.7539,30.80072],[70.75342,30.80716],[70.75511,30.81179],[70.75342,30.81508],[70.75647,30.82344],[70.75498,30.82595],[70.79523,30.8362],[70.79935,30.88776],[70.77459,30.88803],[70.77968,30.9094],[70.77793,30.91222],[70.77672,30.92247],[70.77773,30.92609],[70.78843,30.92599],[70.78989,30.94308],[70.80638,30.94569],[70.8152,30.95442],[70.80933,30.95959],[70.81372,30.96463],[70.81429,30.96817],[70.8095,30.97625],[70.7903,30.97243],[70.77978,30.97196],[70.77894,30.98309],[70.7846,30.98929],[70.78658,30.99686],[70.79423,30.99578],[70.79612,30.99938],[70.79351,31.00028],[70.8003,31.0113],[70.80165,31.05446],[70.79826,31.05742],[70.79566,31.08157],[70.80204,31.0925],[70.80207,31.14036],[70.79663,31.15479],[70.79852,31.16761],[70.78738,31.18112],[70.78486,31.20613],[70.78748,31.20786],[70.78919,31.2338],[70.78738,31.24888],[70.79399,31.2823],[70.76271,31.28474],[70.77739,31.30819],[70.78369,31.31003],[70.78568,31.32063],[70.78634,31.3478],[70.80275,31.35312],[70.81152,31.36702],[70.81948,31.37563],[70.82807,31.37617],[70.8278,31.37386],[70.82981,31.37343],[70.83353,31.37543],[70.83914,31.37525],[70.84267,31.37808],[70.85291,31.37893],[70.85375,31.38146],[70.86463,31.38225],[70.86839,31.38495],[70.87155,31.38491],[70.87155,31.3875],[70.8754,31.38747],[70.87616,31.39039],[70.87949,31.38849],[70.8837,31.39188],[70.88631,31.39164],[70.88677,31.39441],[70.89151,31.39448]],[[70.957,31.20651],[70.96168,31.20476],[70.97183,31.20752],[70.97927,31.20484],[70.98361,31.2263],[70.98018,31.2266],[70.98012,31.232],[70.96047,31.23179],[70.95531,31.23487],[70.95851,31.23808],[70.95595,31.23935],[70.94957,31.23955],[70.94294,31.23578],[70.9424,31.22973],[70.94506,31.22218],[70.94335,31.2205],[70.94349,31.21743],[70.94841,31.21556],[70.95308,31.20829],[70.957,31.20651]],[[71.18836,31.2081],[71.17721,31.20806],[71.17735,31.17813],[71.16445,31.17809],[71.21713,31.15103],[71.24655,31.15115],[71.24649,31.15659],[71.25209,31.15662],[71.24055,31.17289],[71.25618,31.17299],[71.25338,31.18383],[71.23507,31.18378],[71.23506,31.18653],[71.21128,31.18641],[71.191,31.19319],[71.18994,31.20808],[71.18836,31.2081]],[[71.37167,31.00686],[71.37314,30.98537],[71.36842,30.97986],[71.33827,30.97984],[71.33823,30.93586],[71.33536,30.93645],[71.36693,30.90512],[71.36626,30.89817],[71.34742,30.89541],[71.35152,30.89267],[71.35459,30.8872],[71.38473,30.85097],[71.40164,30.83568],[71.39574,30.83559],[71.4036,30.80672],[71.41566,30.80077],[71.41639,30.79759],[71.45227,30.80305],[71.47417,30.7784],[71.49257,30.77615],[71.51214,30.77754],[71.51637,30.77065],[71.53138,30.76349],[71.55594,30.75477],[71.60169,30.78588],[71.60198,30.81266],[71.60015,30.82742],[71.57103,30.8624],[71.56729,30.88184],[71.5738,30.90249],[71.59424,30.90114],[71.59396,30.98952],[71.51212,30.99129],[71.45765,31.01447],[71.41019,31.02569],[71.38543,31.02495],[71.37541,31.01933],[71.37158,31.01409],[71.37167,31.00686]],[[70.94796,30.93449],[70.94719,30.94563],[70.95965,30.94592],[70.96069,30.95459],[70.96278,30.95512],[70.9627,30.9574],[70.9668,30.95772],[70.96674,30.96315],[70.97246,30.9632],[70.97386,30.95377],[70.98442,30.95425],[70.98437,30.96906],[70.9802,30.96907],[70.98016,30.97177],[70.98434,30.9718],[70.98423,30.99252],[70.97299,30.99241],[70.97301,30.98984],[70.945,30.98879],[70.94409,30.99035],[70.93376,30.9898],[70.93352,30.98582],[70.93207,30.98746],[70.93033,30.98695],[70.92808,30.96719],[70.9338,30.95656],[70.93312,30.94806],[70.93423,30.94794],[70.93427,30.9456],[70.93151,30.94468],[70.93152,30.93465],[70.94796,30.93449]],[[71.21188,30.97965],[71.21184,30.977],[71.18242,30.97686],[71.18812,30.96363],[71.19151,30.96243],[71.19746,30.95484],[71.21572,30.95193],[71.23021,30.95232],[71.2302,30.95894],[71.23153,30.95863],[71.23153,30.96104],[71.23016,30.96103],[71.23014,30.9665],[71.22737,30.96646],[71.22834,30.9786],[71.21188,30.97965]]]]}},{"type":"Feature","properties":{"name":"Municipal Committee Noorpur Thal","district":"Khushab"},"geometry":{"type":"MultiPolygon","coordinates":[[[[71.90929,31.88857],[71.91222,31.88807],[71.91225,31.87795],[71.91073,31.87755],[71.91087,31.87522],[71.90643,31.87555],[71.90639,31.87279],[71.89898,31.87208],[71.89746,31.86958],[71.89527,31.86974],[71.89467,31.87829],[71.89264,31.87795],[71.89302,31.88784],[71.89501,31.88767],[71.89316,31.89133],[71.90358,31.89145],[71.90335,31.88946],[71.90929,31.88857]]]]}},{"type":"Feature","properties":{"name":"Municipal Committee Hadali","district":"Khushab"},"geometry":{"type":"MultiPolygon","coordinates":[[[[72.24904,32.39138],[72.26167,32.37289],[72.27315,32.36198],[72.27212,32.31201],[72.27377,32.31059],[72.27323,32.30836],[72.25444,32.30786],[72.25421,32.28689],[72.26259,32.28109],[72.26309,32.27538],[72.26624,32.27244],[72.25768,32.24851],[72.19798,32.24876],[72.17067,32.25962],[72.17078,32.26092],[72.1685,32.26108],[72.16738,32.29917],[72.16179,32.29861],[72.16174,32.30355],[72.15899,32.30355],[72.15843,32.31777],[72.16173,32.31779],[72.162,32.32095],[72.16402,32.32091],[72.16392,32.32318],[72.16542,32.32321],[72.16517,32.3253],[72.16922,32.32534],[72.16778,32.33055],[72.17053,32.33059],[72.17042,32.33398],[72.17271,32.33398],[72.17266,32.33624],[72.17618,32.33611],[72.17632,32.33877],[72.19844,32.34732],[72.19792,32.37467],[72.21144,32.37996],[72.24052,32.38482],[72.24904,32.39138]]]]}},{"type":"Feature","properties":{"name":"Municipal Committee Khushab","district":"Khushab"},"geometry":{"type":"MultiPolygon","coordinates":[[[[72.36157,32.31952],[72.36381,32.31561],[72.36636,32.31823],[72.37269,32.31308],[72.37085,32.31232],[72.37201,32.30806],[72.36048,32.29544],[72.35686,32.28532],[72.35334,32.28079],[72.34111,32.27659],[72.33974,32.27466],[72.33595,32.27715],[72.33362,32.2769],[72.33726,32.27947],[72.31832,32.29271],[72.31848,32.30536],[72.32198,32.3054],[72.32331,32.30778],[72.32623,32.30636],[72.32781,32.30891],[72.32422,32.31043],[72.32428,32.31226],[72.32559,32.31178],[72.3256,32.31352],[72.33176,32.31343],[72.32915,32.31633],[72.33325,32.31625],[72.33287,32.31887],[72.33991,32.31881],[72.34312,32.31324],[72.3521,32.31329],[72.35056,32.31876],[72.36157,32.31952]]]]}},{"type":"Feature","properties":{"name":"Municipal Committee Jauharabad","district":"Khushab"},"geometry":{"type":"MultiPolygon","coordinates":[[[[72.27321,32.30835],[72.29004,32.30822],[72.28998,32.30559],[72.29278,32.30549],[72.29278,32.29466],[72.29698,32.29449],[72.29701,32.29028],[72.30708,32.29144],[72.3069,32.27764],[72.31125,32.27845],[72.30745,32.27276],[72.30385,32.27118],[72.30044,32.26423],[72.29469,32.26739],[72.2889,32.2674],[72.28609,32.2696],[72.28109,32.27019],[72.2811,32.27128],[72.2683,32.27032],[72.26309,32.27538],[72.26259,32.28109],[72.25427,32.28675],[72.25444,32.30786],[72.27321,32.30835]]]]}},{"type":"Feature","properties":{"name":"Municipal Committee Dunyapur","district":"Lodhran"},"geometry":{"type":"MultiPolygon","coordinates":[[[[71.72656,29.81399],[71.73069,29.81285],[71.73243,29.80913],[71.74005,29.81062],[71.76382,29.81074],[71.76394,29.80256],[71.75768,29.80257],[71.75676,29.80115],[71.75674,29.78796],[71.74277,29.78858],[71.74299,29.78185],[71.7361,29.7817],[71.73613,29.78062],[71.71127,29.78015],[71.72441,29.8155],[71.72656,29.81399]]]]}},{"type":"Feature","properties":{"name":"Municipal Committee Kahror Pacca","district":"Lodhran"},"geometry":{"type":"MultiPolygon","coordinates":[[[[71.90059,29.64328],[71.90316,29.63832],[71.90735,29.63765],[71.90844,29.63378],[71.9134,29.63807],[71.91272,29.64029],[71.91426,29.6411],[71.91428,29.63781],[71.91643,29.63686],[71.92485,29.63832],[71.92064,29.62819],[71.92235,29.62607],[71.92478,29.62601],[71.92467,29.6244],[71.92719,29.62494],[71.92835,29.62006],[71.92068,29.61952],[71.92091,29.61509],[71.91386,29.61337],[71.91109,29.61359],[71.91104,29.61708],[71.90694,29.61418],[71.90518,29.61714],[71.90136,29.61732],[71.90055,29.62191],[71.89673,29.62187],[71.89587,29.62703],[71.89363,29.62587],[71.89357,29.63064],[71.89703,29.63238],[71.89701,29.63555],[71.89486,29.63555],[71.89423,29.63987],[71.89628,29.64165],[71.89633,29.64485],[71.90036,29.6448],[71.90059,29.64328]]]]}},{"type":"Feature","properties":{"name":"Municipal Committee Lodhran","district":"Lodhran"},"geometry":{"type":"MultiPolygon","coordinates":[[[[71.62638,29.56107],[71.63046,29.56015],[71.63051,29.55428],[71.654,29.55452],[71.65413,29.54945],[71.65623,29.54996],[71.65474,29.52858],[71.64924,29.52863],[71.64929,29.52431],[71.64633,29.52318],[71.64664,29.50946],[71.64795,29.50876],[71.64622,29.49614],[71.63651,29.49506],[71.63113,29.51223],[71.61752,29.51405],[71.61722,29.52354],[71.60207,29.52446],[71.60187,29.53266],[71.60873,29.53445],[71.6079,29.54238],[71.61132,29.54241],[71.61142,29.54444],[71.61411,29.54452],[71.61476,29.54932],[71.61794,29.55008],[71.61723,29.5617],[71.62638,29.56107]]]]}},{"type":"Feature","properties":{"name":"Municipal Committee Bhowana","district":"Chiniot"},"geometry":{"type":"MultiPolygon","coordinates":[[[[72.68215,31.56264],[72.66427,31.55741],[72.64202,31.5429],[72.63851,31.54542],[72.63428,31.55182],[72.63717,31.55832],[72.63333,31.56446],[72.62643,31.57027],[72.62567,31.57512],[72.63233,31.5841],[72.64153,31.59042],[72.65354,31.58374],[72.65924,31.5833],[72.66062,31.58092],[72.67678,31.5872],[72.67929,31.58529],[72.67713,31.58077],[72.67844,31.5791],[72.68849,31.57824],[72.6943,31.56771],[72.68736,31.56365],[72.68215,31.56264]]]]}},{"type":"Feature","properties":{"name":"Municipal Committee Chenab Nagar","district":"Chiniot"},"geometry":{"type":"MultiPolygon","coordinates":[[[[72.88284,31.75874],[72.89142,31.76348],[72.88673,31.76659],[72.89026,31.77054],[72.88649,31.77308],[72.89056,31.78063],[72.90385,31.76915],[72.90633,31.77091],[72.91434,31.76598],[72.92194,31.76578],[72.93264,31.75848],[72.93716,31.7582],[72.93973,31.75565],[72.94665,31.75343],[72.94702,31.75147],[72.94448,31.74493],[72.92752,31.73667],[72.91822,31.73584],[72.91461,31.73559],[72.91253,31.74052],[72.90801,31.74178],[72.89193,31.7414],[72.88829,31.74505],[72.89041,31.7466],[72.88889,31.74887],[72.88328,31.74857],[72.88373,31.7458],[72.8691,31.74454],[72.8677,31.74625],[72.88057,31.76014],[72.88284,31.75874]]]]}},{"type":"Feature","properties":{"name":"Municipal Committee Chiniot","district":"Chiniot"},"geometry":{"type":"MultiPolygon","coordinates":[[[[73.00171,31.70484],[73.01269,31.69633],[73.00574,31.69011],[73.01597,31.68202],[73.01929,31.67526],[72.99595,31.67449],[72.99229,31.67842],[72.98089,31.67954],[72.97846,31.67033],[72.97379,31.6741],[72.96538,31.67649],[72.95956,31.67583],[72.94887,31.67801],[72.95037,31.68493],[72.9493,31.68745],[72.94213,31.68945],[72.94705,31.70116],[72.94381,31.70462],[72.93283,31.71059],[72.93214,31.71287],[72.91857,31.71355],[72.92085,31.71952],[72.92997,31.72364],[72.94481,31.74045],[72.94938,31.74805],[72.94864,31.75538],[72.9526,31.75827],[72.96091,31.75224],[72.96303,31.74769],[72.96741,31.74411],[72.96835,31.74987],[72.97006,31.7508],[72.97914,31.74922],[72.98009,31.74276],[72.97721,31.73939],[73.00106,31.74447],[73.00601,31.73954],[73.01104,31.72991],[73.02055,31.72461],[73.02388,31.71578],[73.0142,31.71578],[73.01397,31.71218],[73.01037,31.70746],[73.00604,31.70924],[73.00171,31.70484]]]]}},{"type":"Feature","properties":{"name":"Municipal Committee Lalian","district":"Chiniot"},"geometry":{"type":"MultiPolygon","coordinates":[[[[72.78912,31.82402],[72.78988,31.825],[72.78835,31.82606],[72.7992,31.83799],[72.81312,31.82942],[72.80917,31.82632],[72.81439,31.82288],[72.80883,31.81795],[72.80543,31.82018],[72.80332,31.81773],[72.80155,31.81891],[72.79856,31.81631],[72.78902,31.82179],[72.79024,31.82327],[72.78912,31.82402]]]]}},{"type":"Feature","properties":{"name":"District Council Chiniot","district":"Chiniot"},"geometry":{"type":"MultiPolygon","coordinates":[[[[72.94709,31.99217],[72.94858,31.99273],[72.95193,31.98971],[72.9539,31.98564],[72.955,31.97605],[72.96922,31.96696],[72.9834,31.96807],[72.98863,31.97356],[72.99274,31.97517],[72.99988,31.97053],[73.02284,31.96408],[73.02315,31.95977],[73.02732,31.95904],[73.03088,31.95609],[73.03181,31.95185],[73.04086,31.94631],[73.03965,31.94482],[73.04045,31.94283],[73.04237,31.94614],[73.04703,31.94502],[73.05391,31.94754],[73.06552,31.93896],[73.08889,31.93647],[73.093,31.94051],[73.10166,31.94301],[73.10513,31.93311],[73.11063,31.93236],[73.11426,31.93397],[73.1195,31.92993],[73.12762,31.92949],[73.13205,31.9254],[73.14123,31.92489],[73.147,31.92046],[73.1464,31.90856],[73.14762,31.90561],[73.15148,31.90446],[73.17527,31.90668],[73.17557,31.90214],[73.16071,31.89031],[73.15745,31.87465],[73.14599,31.85503],[73.1518,31.85101],[73.14581,31.84602],[73.14964,31.84151],[73.14838,31.8389],[73.15483,31.83604],[73.16008,31.83773],[73.16926,31.834],[73.17223,31.82974],[73.17148,31.82513],[73.17502,31.82257],[73.18244,31.82286],[73.19173,31.81917],[73.19116,31.81117],[73.19447,31.8104],[73.19978,31.79818],[73.2085,31.78983],[73.19395,31.77853],[73.1165,31.70599],[73.05756,31.60123],[73.05061,31.59162],[73.04184,31.58592],[73.01038,31.57148],[72.94717,31.55129],[72.85896,31.49147],[72.85231,31.4685],[72.82356,31.41702],[72.82453,31.41679],[72.80157,31.3929],[72.7989,31.38808],[72.79806,31.38874],[72.79511,31.37193],[72.76428,31.37206],[72.75263,31.37363],[72.73943,31.36073],[72.73413,31.36472],[72.72484,31.35564],[72.72197,31.35887],[72.71546,31.36125],[72.70154,31.36291],[72.69402,31.36674],[72.69035,31.36607],[72.68913,31.37042],[72.6866,31.36933],[72.68459,31.37166],[72.68117,31.37011],[72.67593,31.37128],[72.67314,31.37259],[72.67647,31.37387],[72.6753,31.37608],[72.66852,31.37526],[72.66637,31.37657],[72.66141,31.38672],[72.65629,31.38543],[72.65465,31.38964],[72.65298,31.38951],[72.65709,31.39532],[72.6318,31.4086],[72.62932,31.41476],[72.62184,31.41515],[72.61802,31.41857],[72.61807,31.42017],[72.61241,31.42031],[72.61265,31.427],[72.60961,31.4281],[72.62062,31.4396],[72.6134,31.44493],[72.61365,31.4506],[72.61008,31.45071],[72.61201,31.45321],[72.61135,31.45617],[72.60788,31.4556],[72.60721,31.45854],[72.59332,31.45629],[72.59201,31.46238],[72.56717,31.4582],[72.56497,31.45569],[72.5588,31.45812],[72.55868,31.46317],[72.54291,31.47951],[72.54365,31.48102],[72.53712,31.48187],[72.5326,31.4912],[72.5294,31.49316],[72.52912,31.50313],[72.52532,31.50465],[72.52232,31.51226],[72.51382,31.51208],[72.49353,31.52519],[72.48026,31.53022],[72.4754,31.53465],[72.4765,31.53655],[72.47379,31.54378],[72.45958,31.5468],[72.45744,31.54985],[72.45426,31.55048],[72.45395,31.55956],[72.4491,31.55959],[72.44809,31.56938],[72.4453,31.56935],[72.44797,31.57664],[72.44623,31.57777],[72.45056,31.58256],[72.43288,31.59556],[72.4374,31.6002],[72.42525,31.60813],[72.42806,31.61233],[72.42326,31.61551],[72.4226,31.6182],[72.42414,31.62091],[72.42175,31.6271],[72.42231,31.62976],[72.42061,31.6309],[72.42251,31.63297],[72.42666,31.64805],[72.42363,31.65608],[72.42658,31.66736],[72.4253,31.67613],[72.42321,31.67955],[72.43187,31.68048],[72.44331,31.6787],[72.45193,31.68139],[72.4628,31.69099],[72.4605,31.69537],[72.46586,31.70161],[72.47651,31.70239],[72.48387,31.69987],[72.48985,31.70666],[72.48736,31.70864],[72.48905,31.71101],[72.48371,31.71468],[72.48469,31.71601],[72.48907,31.7208],[72.49521,31.71681],[72.50321,31.72284],[72.50281,31.73123],[72.49983,31.73733],[72.50115,31.74388],[72.51162,31.74984],[72.51518,31.75389],[72.53327,31.74442],[72.536,31.74908],[72.54389,31.75428],[72.54169,31.75732],[72.54249,31.75819],[72.53897,31.76145],[72.53849,31.76624],[72.54723,31.7802],[72.56434,31.78156],[72.57412,31.77726],[72.57641,31.78276],[72.57801,31.78242],[72.58526,31.78771],[72.59476,31.78886],[72.60008,31.78719],[72.60464,31.79005],[72.60769,31.78762],[72.61972,31.79196],[72.62078,31.79414],[72.62605,31.79277],[72.64358,31.79722],[72.65461,31.79705],[72.66168,31.79222],[72.68048,31.80414],[72.69261,31.82011],[72.69467,31.81872],[72.70803,31.8239],[72.72084,31.81293],[72.72057,31.81849],[72.72505,31.82325],[72.72846,31.82403],[72.73221,31.82822],[72.73512,31.82639],[72.74154,31.83367],[72.7449,31.83146],[72.75009,31.83725],[72.75236,31.8358],[72.76007,31.84452],[72.76317,31.84244],[72.76873,31.84741],[72.77094,31.84644],[72.77234,31.84799],[72.77515,31.84627],[72.77733,31.84855],[72.78017,31.84679],[72.78226,31.84913],[72.78512,31.84724],[72.78935,31.85211],[72.79226,31.85023],[72.79436,31.85263],[72.79721,31.85076],[72.80147,31.85556],[72.80431,31.85373],[72.80641,31.85612],[72.82771,31.84227],[72.82546,31.83465],[72.83948,31.84206],[72.83605,31.84433],[72.83861,31.8473],[72.83585,31.84923],[72.84402,31.85822],[72.84126,31.86006],[72.85629,31.87679],[72.85914,31.87504],[72.86337,31.87969],[72.86625,31.87797],[72.87042,31.88265],[72.87336,31.88094],[72.87775,31.88552],[72.88056,31.88377],[72.88282,31.88618],[72.88556,31.88444],[72.88208,31.88049],[72.88682,31.87587],[72.88475,31.8735],[72.89276,31.86812],[72.89089,31.86559],[72.89757,31.86126],[72.89607,31.85452],[72.90224,31.84984],[72.9199,31.85873],[72.93563,31.85974],[72.94349,31.86181],[72.94762,31.85899],[72.94766,31.8561],[72.94493,31.85307],[72.94773,31.85127],[72.94531,31.84883],[72.94627,31.84193],[72.94891,31.8444],[72.95108,31.84295],[72.95666,31.84923],[72.95953,31.84734],[72.96167,31.84979],[72.96329,31.84872],[72.96543,31.85033],[72.96454,31.85092],[72.96714,31.8538],[72.96691,31.85557],[72.96073,31.86359],[72.96754,31.87106],[72.9705,31.86894],[72.9735,31.87247],[72.97524,31.87237],[72.97682,31.87412],[72.97465,31.87547],[72.97664,31.87794],[72.97232,31.88034],[72.97722,31.8816],[72.96805,31.88877],[72.96042,31.89246],[72.95583,31.88791],[72.93237,31.90407],[72.92276,31.89703],[72.88475,31.92313],[72.89119,31.93024],[72.89405,31.92841],[72.89619,31.93078],[72.89339,31.93266],[72.89987,31.93988],[72.90555,31.93618],[72.90773,31.93856],[72.91052,31.93674],[72.91211,31.93842],[72.91485,31.93695],[72.91742,31.93977],[72.92305,31.93599],[72.92484,31.93796],[72.92772,31.94288],[72.92912,31.95116],[72.93097,31.94992],[72.93213,31.9508],[72.94381,31.9636],[72.93594,31.96879],[72.93947,31.97277],[72.93743,31.97631],[72.93979,31.97925],[72.93672,31.9813],[72.93914,31.98428],[72.93742,31.98539],[72.93959,31.98779],[72.93685,31.98961],[72.9453,31.99321],[72.94709,31.99217]],[[72.80285,31.83555],[72.7992,31.83799],[72.78835,31.82606],[72.79024,31.82327],[72.78902,31.82179],[72.79856,31.81631],[72.80155,31.81891],[72.80332,31.81773],[72.80543,31.82018],[72.80883,31.81795],[72.81439,31.82288],[72.80917,31.82632],[72.81312,31.82942],[72.80285,31.83555]],[[72.88984,31.77799],[72.88649,31.77308],[72.89026,31.77054],[72.88673,31.76659],[72.89142,31.76348],[72.88284,31.75874],[72.88057,31.76014],[72.8677,31.74625],[72.8691,31.74454],[72.88373,31.7458],[72.88328,31.74857],[72.88889,31.74887],[72.89041,31.7466],[72.88829,31.74505],[72.89193,31.7414],[72.90801,31.74178],[72.91253,31.74052],[72.91461,31.73559],[72.92752,31.73667],[72.94518,31.7454],[72.94665,31.75343],[72.93973,31.75565],[72.93716,31.7582],[72.93264,31.75848],[72.92194,31.76578],[72.91434,31.76598],[72.90633,31.77091],[72.90385,31.76915],[72.89056,31.78063],[72.88879,31.77881],[72.88984,31.77799]],[[72.9526,31.75827],[72.94864,31.75538],[72.94938,31.74805],[72.94481,31.74045],[72.92997,31.72364],[72.92085,31.71952],[72.91857,31.71355],[72.93214,31.71287],[72.93283,31.71059],[72.94381,31.70462],[72.94705,31.70116],[72.94213,31.68945],[72.9493,31.68745],[72.95037,31.68493],[72.94887,31.67801],[72.95956,31.67583],[72.96538,31.67649],[72.97379,31.6741],[72.97846,31.67033],[72.98089,31.67954],[72.99229,31.67842],[72.99595,31.67449],[73.01929,31.67526],[73.01597,31.68202],[73.00574,31.69011],[73.01269,31.69633],[73.00155,31.70497],[73.00604,31.70924],[73.01037,31.70746],[73.01397,31.71218],[73.0142,31.71578],[73.02388,31.71578],[73.02179,31.72315],[73.01104,31.72991],[73.00601,31.73954],[73.00106,31.74447],[72.97721,31.73939],[72.98009,31.74276],[72.97914,31.74922],[72.97006,31.7508],[72.96835,31.74987],[72.96741,31.74411],[72.96303,31.74769],[72.96091,31.75224],[72.9526,31.75827]],[[72.63233,31.5841],[72.62567,31.57512],[72.62643,31.57027],[72.6353,31.56213],[72.63717,31.55832],[72.63428,31.55182],[72.63851,31.54542],[72.64202,31.5429],[72.66427,31.55741],[72.67332,31.56099],[72.68736,31.56365],[72.6943,31.56771],[72.68849,31.57824],[72.67844,31.5791],[72.67713,31.58077],[72.67929,31.58529],[72.67678,31.5872],[72.66062,31.58092],[72.65924,31.5833],[72.65354,31.58374],[72.64153,31.59042],[72.63233,31.5841]]]]}},{"type":"Feature","properties":{"name":"District Council Lodhran","district":"Lodhran"},"geometry":{"type":"MultiPolygon","coordinates":[[[[71.54656,29.85948],[71.53773,29.86912],[71.54266,29.87031],[71.54252,29.87624],[71.55107,29.87741],[71.55237,29.88019],[71.54322,29.89475],[71.54463,29.90843],[71.55441,29.90859],[71.55675,29.91018],[71.5595,29.91996],[71.56786,29.92748],[71.57971,29.92733],[71.58048,29.92347],[71.58484,29.92223],[71.59544,29.92438],[71.59546,29.93087],[71.59363,29.93084],[71.59352,29.93531],[71.60138,29.93542],[71.60447,29.93804],[71.60747,29.93503],[71.60956,29.935],[71.61545,29.94425],[71.6263,29.94241],[71.63023,29.93717],[71.62794,29.93185],[71.62476,29.93164],[71.6249,29.92421],[71.61899,29.91725],[71.61658,29.90642],[71.61774,29.9005],[71.63186,29.88917],[71.64587,29.88393],[71.64635,29.87986],[71.64992,29.87721],[71.66086,29.87906],[71.66405,29.87891],[71.66663,29.87683],[71.67199,29.87891],[71.67913,29.87742],[71.68258,29.87906],[71.68326,29.87683],[71.68106,29.87201],[71.68481,29.86778],[71.6936,29.8738],[71.69518,29.88349],[71.69819,29.88337],[71.70162,29.89513],[71.70141,29.90522],[71.69552,29.90627],[71.69217,29.90338],[71.6868,29.9032],[71.68807,29.9075],[71.70136,29.92328],[71.70434,29.91756],[71.71215,29.92172],[71.71947,29.9218],[71.72145,29.92792],[71.71794,29.92973],[71.71848,29.93094],[71.72287,29.92857],[71.72513,29.92346],[71.73035,29.92318],[71.73311,29.92658],[71.73704,29.9277],[71.74968,29.92661],[71.75262,29.93108],[71.75682,29.93128],[71.75694,29.93404],[71.76336,29.93606],[71.7633,29.93874],[71.76679,29.9388],[71.76707,29.93063],[71.76353,29.93069],[71.76376,29.92235],[71.77764,29.92246],[71.77769,29.92029],[71.77986,29.92195],[71.77986,29.91721],[71.77781,29.91704],[71.77787,29.91057],[71.79179,29.90919],[71.79177,29.91185],[71.79522,29.9119],[71.79526,29.90923],[71.79876,29.90928],[71.79874,29.90709],[71.80711,29.90666],[71.80928,29.90122],[71.8128,29.90131],[71.81294,29.89586],[71.8169,29.89498],[71.83004,29.91125],[71.83712,29.90966],[71.83706,29.91257],[71.84039,29.91251],[71.84033,29.91793],[71.84723,29.9181],[71.84729,29.92072],[71.85074,29.92066],[71.85062,29.9237],[71.86145,29.92031],[71.87239,29.914],[71.87557,29.91483],[71.89267,29.91146],[71.90859,29.91784],[71.91359,29.91789],[71.91378,29.91624],[71.9111,29.91583],[71.90951,29.91326],[71.90554,29.91457],[71.90406,29.90398],[71.90657,29.90022],[71.90431,29.89941],[71.90575,29.89635],[71.90326,29.89491],[71.9051,29.8933],[71.90303,29.89306],[71.90321,29.89184],[71.90637,29.89192],[71.90655,29.88835],[71.90984,29.88856],[71.90967,29.89199],[71.91333,29.89204],[71.91339,29.89368],[71.91949,29.89351],[71.921,29.89189],[71.92116,29.88692],[71.92391,29.88692],[71.92392,29.88405],[71.92097,29.8835],[71.9212,29.87847],[71.91734,29.87826],[71.91685,29.86697],[71.91389,29.86696],[71.91345,29.87002],[71.90636,29.86961],[71.9065,29.8651],[71.90952,29.86368],[71.90829,29.85696],[71.91134,29.85624],[71.91348,29.85972],[71.91911,29.85915],[71.91914,29.85753],[71.92402,29.85758],[71.9259,29.86117],[71.92319,29.86194],[71.92451,29.86686],[71.92101,29.86735],[71.92084,29.87611],[71.93061,29.87831],[71.93127,29.88103],[71.93473,29.88165],[71.93608,29.88492],[71.94501,29.88308],[71.94729,29.87424],[71.94523,29.87335],[71.94505,29.87043],[71.94173,29.86592],[71.93529,29.86503],[71.93489,29.86092],[71.93515,29.85916],[71.94213,29.85928],[71.9422,29.85654],[71.9457,29.85659],[71.94779,29.85381],[71.94574,29.85376],[71.94577,29.85114],[71.94225,29.85107],[71.94234,29.84836],[71.93875,29.84829],[71.93886,29.84224],[71.95045,29.85104],[71.95622,29.85298],[71.95628,29.83296],[71.95658,29.83586],[71.97062,29.83565],[71.97345,29.83271],[71.97355,29.83034],[71.98332,29.8301],[71.98384,29.8213],[71.9913,29.82019],[71.99163,29.81715],[71.99528,29.81435],[72.00197,29.81181],[72.00619,29.81196],[72.00619,29.81072],[72.00343,29.81055],[72.00118,29.80614],[71.99737,29.80612],[71.99886,29.79479],[72.00859,29.7943],[72.00931,29.79214],[72.0128,29.79223],[72.01283,29.7933],[72.01942,29.79222],[72.01957,29.78959],[72.02444,29.78804],[72.01862,29.78121],[72.00961,29.78106],[72.0054,29.77739],[72.00412,29.76925],[71.99929,29.76751],[71.99796,29.76418],[71.99741,29.75764],[72.00015,29.75271],[71.99679,29.74952],[71.99148,29.74726],[71.98615,29.74781],[71.98028,29.74545],[71.97193,29.74498],[71.97003,29.74059],[71.96635,29.73909],[71.96783,29.72509],[71.97565,29.72552],[71.97707,29.72792],[71.9847,29.72798],[71.98749,29.72527],[71.98702,29.71603],[71.99064,29.71599],[71.9936,29.7228],[71.99965,29.72226],[72.0003,29.72638],[72.00498,29.7203],[72.00388,29.71464],[72.00827,29.70988],[72.02184,29.70983],[72.0312,29.70656],[72.03202,29.70419],[72.02941,29.70381],[72.02775,29.70029],[72.02449,29.69938],[72.0275,29.69702],[72.02869,29.69019],[72.02884,29.68756],[72.0263,29.68502],[72.02512,29.68048],[72.02738,29.67693],[72.0322,29.68129],[72.03929,29.68111],[72.04347,29.67839],[72.04409,29.67014],[72.0451,29.6713],[72.04802,29.67002],[72.06828,29.66921],[72.07291,29.66121],[72.07709,29.6613],[72.07701,29.65876],[72.08018,29.65876],[72.08031,29.6573],[72.09199,29.65876],[72.09554,29.65512],[72.10208,29.65539],[72.10214,29.6529],[72.0959,29.64563],[72.09299,29.64404],[72.09083,29.64589],[72.08802,29.64567],[72.08341,29.64323],[72.08327,29.63995],[72.09711,29.62921],[72.10744,29.63458],[72.11062,29.62622],[72.11344,29.62559],[72.12207,29.6314],[72.11825,29.64216],[72.12554,29.64686],[72.12956,29.64244],[72.13051,29.64502],[72.13323,29.64599],[72.13417,29.63626],[72.14414,29.63139],[72.1442,29.62839],[72.13269,29.62076],[72.13269,29.6057],[72.1291,29.60276],[72.13685,29.59582],[72.14013,29.58505],[72.133,29.5834],[72.13289,29.57984],[72.12775,29.58081],[72.11688,29.57796],[72.10273,29.56749],[72.10675,29.55355],[72.10769,29.53908],[72.10569,29.53451],[72.10177,29.54246],[72.10182,29.53147],[72.09932,29.52798],[72.09749,29.52984],[72.09451,29.52623],[72.09081,29.52528],[72.08628,29.52531],[72.08247,29.52757],[72.08311,29.52435],[72.07767,29.52419],[72.06641,29.53191],[72.06636,29.53559],[72.06028,29.53616],[72.05597,29.53945],[72.05301,29.53946],[72.05428,29.55442],[72.04178,29.54571],[72.04167,29.5507],[72.03527,29.55067],[72.03679,29.54364],[72.03408,29.54082],[72.03087,29.52745],[72.02624,29.52327],[72.02175,29.53004],[72.01577,29.53008],[72.01595,29.52088],[72.01219,29.52005],[72.00516,29.52083],[72.00058,29.52306],[72.00101,29.52649],[71.9982,29.52651],[71.9957,29.53474],[71.99236,29.53778],[71.99221,29.54546],[71.98091,29.54412],[71.97677,29.54018],[71.97032,29.53861],[71.96962,29.53668],[71.96743,29.54516],[71.96525,29.54653],[71.96086,29.54749],[71.95523,29.54355],[71.94752,29.54665],[71.94311,29.54654],[71.93898,29.54231],[71.94199,29.53239],[71.94178,29.52301],[71.96973,29.50299],[71.97254,29.49986],[71.97303,29.4944],[71.96132,29.49148],[71.94105,29.51581],[71.9349,29.50205],[71.93387,29.47902],[71.92808,29.47568],[71.92499,29.47733],[71.92388,29.51431],[71.91895,29.52534],[71.91091,29.5301],[71.90862,29.52833],[71.89849,29.52787],[71.89303,29.50483],[71.89403,29.50176],[71.89694,29.50038],[71.89299,29.49578],[71.88188,29.4973],[71.87849,29.49987],[71.8826,29.51933],[71.87962,29.52371],[71.87446,29.52487],[71.86075,29.51967],[71.84646,29.51653],[71.83874,29.50905],[71.83203,29.49251],[71.8274,29.48704],[71.82081,29.48302],[71.79939,29.47558],[71.79361,29.47604],[71.78769,29.48134],[71.78113,29.48804],[71.7737,29.50049],[71.76956,29.50442],[71.76185,29.50716],[71.75113,29.50644],[71.74317,29.50036],[71.74285,29.48351],[71.72139,29.4555],[71.71773,29.45409],[71.71644,29.45717],[71.71701,29.46197],[71.71113,29.46375],[71.70521,29.46168],[71.69753,29.45591],[71.69231,29.4464],[71.6769,29.45586],[71.65518,29.45417],[71.64249,29.45158],[71.63409,29.44379],[71.62901,29.43571],[71.62626,29.42702],[71.62641,29.4151],[71.62527,29.41361],[71.61435,29.41648],[71.60262,29.42601],[71.59825,29.42665],[71.59496,29.42409],[71.59102,29.41412],[71.58303,29.40777],[71.57207,29.40538],[71.56307,29.39656],[71.55203,29.39544],[71.55707,29.41167],[71.53221,29.42275],[71.52466,29.42272],[71.5213,29.39264],[71.51175,29.38175],[71.49984,29.37847],[71.48926,29.37008],[71.48785,29.36748],[71.49139,29.36188],[71.49083,29.35655],[71.48755,29.35364],[71.48318,29.35206],[71.47331,29.35882],[71.46499,29.36629],[71.46427,29.37079],[71.46903,29.3747],[71.46784,29.37737],[71.45856,29.38553],[71.44287,29.39308],[71.4313,29.39167],[71.42152,29.38817],[71.39952,29.38525],[71.39837,29.37378],[71.3961,29.37005],[71.38276,29.36463],[71.37941,29.37012],[71.38138,29.37841],[71.37857,29.37922],[71.37504,29.37501],[71.36619,29.37609],[71.36224,29.38308],[71.36838,29.38386],[71.36936,29.38715],[71.37238,29.38717],[71.3736,29.38933],[71.37232,29.3954],[71.38397,29.39873],[71.3824,29.40799],[71.3858,29.40911],[71.38576,29.41085],[71.38475,29.41666],[71.38223,29.41623],[71.38281,29.41942],[71.39806,29.41961],[71.39994,29.42011],[71.3994,29.42185],[71.40282,29.42192],[71.40306,29.44475],[71.39203,29.44526],[71.39174,29.45553],[71.38622,29.45541],[71.38603,29.46475],[71.38468,29.46464],[71.38508,29.46794],[71.39222,29.46801],[71.39584,29.469],[71.39585,29.47019],[71.39942,29.47011],[71.39825,29.47737],[71.39482,29.47733],[71.3935,29.48218],[71.37878,29.48252],[71.37807,29.4836],[71.37795,29.49826],[71.38122,29.49728],[71.38192,29.49894],[71.3817,29.50923],[71.38437,29.51474],[71.38414,29.52514],[71.38827,29.52516],[71.38819,29.5284],[71.39647,29.52804],[71.39675,29.55159],[71.41014,29.55183],[71.41007,29.55426],[71.41385,29.55449],[71.41399,29.55824],[71.41731,29.55827],[71.41717,29.56912],[71.4241,29.56928],[71.42381,29.58011],[71.4273,29.58015],[71.42713,29.59275],[71.42564,29.59271],[71.42404,29.60361],[71.42198,29.60358],[71.42258,29.60735],[71.41987,29.60732],[71.41974,29.61281],[71.42457,29.61289],[71.42449,29.61504],[71.4322,29.61378],[71.43207,29.61789],[71.43831,29.61855],[71.43827,29.62185],[71.43965,29.62183],[71.43954,29.62452],[71.44085,29.62458],[71.44359,29.63226],[71.44358,29.63329],[71.43799,29.63319],[71.43856,29.64026],[71.4399,29.64298],[71.4434,29.64316],[71.44334,29.64581],[71.45022,29.64593],[71.45004,29.6568],[71.43958,29.65638],[71.43952,29.65941],[71.43466,29.65987],[71.43606,29.67415],[71.43942,29.67417],[71.43964,29.67793],[71.44326,29.67797],[71.44325,29.68041],[71.44647,29.68045],[71.44682,29.68294],[71.45759,29.68418],[71.45757,29.68666],[71.46116,29.68668],[71.46119,29.68879],[71.4542,29.68685],[71.44944,29.68787],[71.4493,29.68948],[71.45142,29.6895],[71.4512,29.69227],[71.45511,29.69337],[71.4547,29.69713],[71.45271,29.6977],[71.45171,29.71016],[71.4433,29.70794],[71.44207,29.71055],[71.43625,29.71051],[71.43813,29.71363],[71.43501,29.71376],[71.43499,29.7154],[71.43281,29.71643],[71.43315,29.71865],[71.43006,29.71858],[71.43001,29.72281],[71.43204,29.7228],[71.43173,29.73128],[71.43367,29.73127],[71.43368,29.73605],[71.43102,29.73634],[71.43103,29.73819],[71.43319,29.73824],[71.43322,29.74326],[71.43679,29.74331],[71.4368,29.74829],[71.43987,29.74828],[71.44041,29.7533],[71.44327,29.75419],[71.44384,29.75919],[71.44759,29.75978],[71.44758,29.76132],[71.43751,29.76716],[71.43697,29.76925],[71.44338,29.77489],[71.44262,29.78229],[71.44425,29.78461],[71.45233,29.78353],[71.45641,29.78427],[71.45557,29.78652],[71.46812,29.78615],[71.47239,29.78283],[71.47183,29.77498],[71.47549,29.77143],[71.47772,29.77344],[71.48729,29.77335],[71.48833,29.77902],[71.49618,29.77344],[71.49875,29.77349],[71.50382,29.77734],[71.50637,29.7771],[71.50669,29.76432],[71.50995,29.76169],[71.51365,29.76227],[71.51495,29.76661],[71.51419,29.77046],[71.51694,29.77211],[71.51679,29.78126],[71.52019,29.78028],[71.50564,29.79107],[71.50205,29.791],[71.50076,29.78608],[71.49595,29.78598],[71.49597,29.78326],[71.49107,29.78323],[71.49103,29.78449],[71.48892,29.78426],[71.48951,29.79253],[71.48318,29.7969],[71.4888,29.79917],[71.49879,29.8074],[71.50819,29.80923],[71.50705,29.81123],[71.49746,29.81446],[71.49245,29.82171],[71.49659,29.8235],[71.50607,29.83176],[71.50973,29.83179],[71.50982,29.83508],[71.51642,29.83502],[71.52324,29.8386],[71.52325,29.84122],[71.52599,29.8419],[71.52582,29.84809],[71.5273,29.84815],[71.53148,29.84248],[71.53966,29.84345],[71.54722,29.84186],[71.55065,29.84335],[71.5522,29.84763],[71.55003,29.85799],[71.54656,29.85948]],[[71.72441,29.8155],[71.71127,29.78015],[71.73613,29.78062],[71.7361,29.7817],[71.74299,29.78185],[71.74277,29.78858],[71.75674,29.78796],[71.75676,29.80115],[71.75768,29.80257],[71.76394,29.80256],[71.76382,29.81074],[71.74005,29.81062],[71.73243,29.80913],[71.73069,29.81285],[71.72441,29.8155]],[[71.89628,29.64165],[71.89423,29.63987],[71.89486,29.63555],[71.89701,29.63555],[71.89703,29.63238],[71.89357,29.63064],[71.89363,29.62587],[71.89587,29.62703],[71.89673,29.62187],[71.90055,29.62191],[71.90136,29.61732],[71.90518,29.61714],[71.90694,29.61418],[71.91104,29.61708],[71.91109,29.61359],[71.91386,29.61337],[71.92091,29.61509],[71.92068,29.61952],[71.92835,29.62006],[71.92719,29.62494],[71.92467,29.6244],[71.92478,29.62601],[71.92235,29.62607],[71.92064,29.62819],[71.92485,29.63832],[71.91643,29.63686],[71.91428,29.63781],[71.91426,29.6411],[71.91272,29.64029],[71.9134,29.63807],[71.90844,29.63378],[71.90735,29.63765],[71.90316,29.63832],[71.90036,29.6448],[71.89633,29.64485],[71.89628,29.64165]],[[71.61723,29.5617],[71.61794,29.55008],[71.61476,29.54932],[71.61411,29.54452],[71.61142,29.54444],[71.61132,29.54241],[71.6079,29.54238],[71.60873,29.53445],[71.60187,29.53266],[71.60207,29.52446],[71.61722,29.52354],[71.61752,29.51405],[71.63113,29.51223],[71.63651,29.49506],[71.64622,29.49614],[71.64795,29.50876],[71.64664,29.50946],[71.64633,29.52318],[71.64929,29.52431],[71.64924,29.52863],[71.65474,29.52858],[71.65623,29.54996],[71.65413,29.54945],[71.654,29.55452],[71.63051,29.55428],[71.63046,29.56015],[71.62599,29.56203],[71.61723,29.5617]]]]}},{"type":"Feature","properties":{"name":"District Council Bahawalnagar","district":"Bahawalnagar"},"geometry":{"type":"MultiPolygon","coordinates":[[[[73.25655,29.76175],[73.25658,29.76174],[73.25657,29.76174],[73.25655,29.76175]]],[[[73.85796,30.35554],[73.87318,30.35506],[73.87342,30.35958],[73.88032,30.35839],[73.88556,30.36601],[73.89508,30.36601],[73.90384,30.3577],[73.90169,30.35056],[73.93109,30.31894],[73.93697,30.30586],[73.95809,30.27256],[73.96196,30.2638],[73.97253,30.19831],[73.9374,30.17118],[73.82299,30.08865],[73.80658,30.06811],[73.59878,30.02017],[73.39776,29.94643],[73.38321,29.90263],[73.34109,29.75582],[73.28378,29.5819],[73.28145,29.57026],[73.08449,29.23591],[73.00635,29.15499],[72.94705,29.02656],[72.84307,28.98938],[72.71612,28.93891],[72.55504,28.85268],[72.49991,28.93208],[72.47711,28.9697],[72.46228,29.00008],[72.43494,29.07174],[72.40148,29.11236],[72.38269,29.11385],[72.38275,29.1175],[72.37774,29.11721],[72.37703,29.12381],[72.3712,29.1254],[72.3722,29.13229],[72.37468,29.13229],[72.37462,29.13542],[72.37126,29.13559],[72.37114,29.13883],[72.35549,29.13913],[72.35541,29.13058],[72.36553,29.13023],[72.36589,29.10553],[72.35936,29.10554],[72.35907,29.10279],[72.34521,29.10277],[72.34469,29.10044],[72.34128,29.10044],[72.34086,29.08689],[72.3314,29.08638],[72.33102,29.07589],[72.32846,29.07345],[72.3181,29.07338],[72.31634,29.07906],[72.31373,29.08014],[72.30626,29.0759],[72.30184,29.07566],[72.30031,29.07378],[72.30019,29.06906],[72.293,29.06794],[72.29501,29.0769],[72.29648,29.07708],[72.2966,29.08327],[72.29978,29.08356],[72.30025,29.08816],[72.30656,29.09393],[72.30921,29.09423],[72.30992,29.09688],[72.31711,29.09823],[72.31728,29.11202],[72.32147,29.11408],[72.32759,29.11349],[72.32972,29.1221],[72.29135,29.12233],[72.29524,29.12829],[72.30019,29.12787],[72.30049,29.13318],[72.30355,29.13329],[72.30391,29.136],[72.30726,29.13606],[72.30732,29.13854],[72.30031,29.1386],[72.30043,29.1442],[72.3111,29.14455],[72.3111,29.14926],[72.30355,29.14985],[72.30367,29.15233],[72.30055,29.15298],[72.30008,29.15498],[72.29342,29.15521],[72.29348,29.15763],[72.30037,29.16411],[72.30084,29.18256],[72.29006,29.18244],[72.29012,29.18768],[72.2923,29.18792],[72.29212,29.19581],[72.28764,29.19587],[72.2877,29.20401],[72.29365,29.20412],[72.29654,29.20135],[72.29949,29.20118],[72.29972,29.20672],[72.30302,29.20701],[72.30338,29.2122],[72.29678,29.21267],[72.29672,29.21532],[72.28976,29.21532],[72.28982,29.22339],[72.30102,29.22893],[72.30544,29.22893],[72.30726,29.233],[72.31404,29.23565],[72.31434,29.23948],[72.31752,29.2396],[72.31793,29.24331],[72.31115,29.24402],[72.31093,29.25027],[72.33793,29.25001],[72.33785,29.25575],[72.34143,29.25593],[72.34138,29.25279],[72.34509,29.25284],[72.34814,29.25544],[72.35862,29.25589],[72.35857,29.25818],[72.3656,29.25849],[72.36556,29.26097],[72.37258,29.26097],[72.37289,29.26353],[72.37616,29.26353],[72.37603,29.26618],[72.3793,29.26627],[72.37952,29.26362],[72.38655,29.26371],[72.38633,29.25262],[72.38284,29.25014],[72.38413,29.24866],[72.38731,29.24866],[72.38743,29.24536],[72.39061,29.24518],[72.3912,29.24241],[72.39367,29.24241],[72.39414,29.23982],[72.40051,29.23982],[72.40051,29.23664],[72.40705,29.23682],[72.40746,29.23128],[72.4144,29.23105],[72.41419,29.23943],[72.41786,29.23954],[72.41807,29.24205],[72.42802,29.24226],[72.42823,29.23912],[72.43138,29.23922],[72.43179,29.23629],[72.45914,29.23639],[72.46259,29.23336],[72.46626,29.23639],[72.47317,29.23639],[72.47674,29.23859],[72.48019,29.23859],[72.48365,29.23608],[72.49109,29.23587],[72.49339,29.23859],[72.5001,29.2388],[72.50879,29.23828],[72.51036,29.23629],[72.5221,29.23838],[72.53205,29.24687],[72.53226,29.24959],[72.53455,29.25119],[72.53082,29.2541],[72.53027,29.2571],[72.54109,29.25719],[72.54164,29.26119],[72.55455,29.26119],[72.55973,29.26528],[72.56582,29.26574],[72.56609,29.26774],[72.57891,29.26747],[72.58328,29.27056],[72.58618,29.27047],[72.58618,29.26765],[72.60018,29.26783],[72.60355,29.26483],[72.60673,29.26774],[72.62119,29.26783],[72.621,29.27056],[72.62437,29.27047],[72.62419,29.27583],[72.66555,29.27592],[72.66546,29.27065],[72.67291,29.27037],[72.67319,29.26756],[72.68037,29.25992],[72.68237,29.25356],[72.68955,29.25265],[72.68937,29.25383],[72.69137,29.25383],[72.69219,29.25101],[72.6961,29.2511],[72.69782,29.24737],[72.70073,29.24556],[72.70246,29.24628],[72.71028,29.24092],[72.71737,29.24119],[72.72019,29.24819],[72.72564,29.24856],[72.72592,29.24301],[72.73137,29.2431],[72.73164,29.24001],[72.73673,29.23992],[72.73792,29.23746],[72.7411,29.23728],[72.7451,29.23992],[72.74492,29.24574],[72.75264,29.24601],[72.75537,29.24319],[72.7591,29.24246],[72.76283,29.24546],[72.77573,29.2411],[72.7811,29.24174],[72.78383,29.24783],[72.78655,29.24819],[72.78664,29.25101],[72.79028,29.25092],[72.79119,29.24565],[72.80792,29.24801],[72.80801,29.25101],[72.81464,29.25083],[72.81483,29.24792],[72.8241,29.24792],[72.82401,29.25883],[72.82001,29.25892],[72.82019,29.25619],[72.80646,29.25628],[72.80628,29.25356],[72.80028,29.25356],[72.8001,29.2511],[72.79292,29.25119],[72.79273,29.2591],[72.79655,29.2591],[72.79655,29.27547],[72.79383,29.27547],[72.79346,29.28601],[72.79019,29.28601],[72.78983,29.28065],[72.7761,29.28092],[72.77583,29.27537],[72.76219,29.27537],[72.76255,29.28337],[72.75901,29.28901],[72.75264,29.28938],[72.75219,29.28074],[72.73837,29.28083],[72.73873,29.28865],[72.74855,29.28865],[72.74846,29.29165],[72.75246,29.29165],[72.75264,29.29983],[72.74528,29.29974],[72.74555,29.31319],[72.75928,29.31419],[72.75919,29.32238],[72.76519,29.32238],[72.76501,29.3271],[72.77928,29.32747],[72.77955,29.3221],[72.78646,29.32228],[72.78664,29.32474],[72.80737,29.32456],[72.80728,29.31983],[72.82464,29.31928],[72.82837,29.3231],[72.82846,29.33038],[72.83146,29.33038],[72.83183,29.33201],[72.84628,29.3321],[72.84628,29.33029],[72.85265,29.33001],[72.85337,29.34365],[72.84628,29.34347],[72.8461,29.35147],[72.83246,29.35174],[72.83183,29.34083],[72.82555,29.3411],[72.82564,29.34374],[72.81974,29.34392],[72.81937,29.34065],[72.80746,29.34092],[72.80764,29.34674],[72.79446,29.34692],[72.79428,29.34429],[72.78992,29.34438],[72.78992,29.34238],[72.78646,29.34156],[72.78592,29.33583],[72.77392,29.33619],[72.77401,29.34347],[72.77219,29.34356],[72.77192,29.3471],[72.77373,29.34719],[72.77392,29.36019],[72.76373,29.36638],[72.76364,29.37138],[72.77001,29.37156],[72.76992,29.37701],[72.76719,29.37701],[72.76701,29.37883],[72.76146,29.37392],[72.74573,29.3732],[72.74273,29.37056],[72.74464,29.37038],[72.74392,29.3652],[72.73582,29.3652],[72.73564,29.35938],[72.73092,29.35656],[72.73064,29.35492],[72.72246,29.35474],[72.72228,29.35674],[72.72573,29.35674],[72.72537,29.36501],[72.71546,29.3652],[72.71555,29.36683],[72.71119,29.3712],[72.70055,29.37792],[72.69828,29.38047],[72.6921,29.40083],[72.69164,29.44202],[72.69819,29.4422],[72.69819,29.44738],[72.70191,29.44765],[72.70173,29.45002],[72.70398,29.45008],[72.70499,29.45463],[72.70182,29.45556],[72.70182,29.45829],[72.69837,29.45847],[72.69846,29.46074],[72.69482,29.46092],[72.69455,29.46647],[72.6981,29.46656],[72.6981,29.46338],[72.71264,29.46356],[72.71301,29.47156],[72.71973,29.47438],[72.71991,29.48238],[72.72655,29.48256],[72.72628,29.4852],[72.72892,29.48574],[72.72919,29.48802],[72.73273,29.48802],[72.73246,29.49365],[72.75082,29.49365],[72.75097,29.51268],[72.75924,29.51826],[72.77464,29.51864],[72.77512,29.52028],[72.77811,29.52037],[72.77811,29.53702],[72.78119,29.53702],[72.78138,29.54443],[72.7783,29.54434],[72.7782,29.56445],[72.77156,29.56474],[72.77156,29.58572],[72.7579,29.58601],[72.76021,29.5913],[72.74404,29.59072],[72.74423,29.60208],[72.75466,29.6018],[72.7548,29.60454],[72.75134,29.60483],[72.75156,29.6101],[72.75769,29.61118],[72.75813,29.61299],[72.76477,29.61313],[72.76498,29.61818],[72.75495,29.61826],[72.75473,29.62865],[72.7447,29.62901],[72.74463,29.63211],[72.74095,29.63233],[72.74056,29.6346],[72.73769,29.63484],[72.73751,29.64273],[72.72755,29.64304],[72.7273,29.64051],[72.71716,29.64061],[72.717,29.63749],[72.71358,29.63746],[72.7138,29.64591],[72.71013,29.64588],[72.7101,29.64277],[72.70677,29.6428],[72.70652,29.64868],[72.7101,29.64853],[72.71,29.65161],[72.71367,29.65186],[72.71386,29.66262],[72.71056,29.66265],[72.71059,29.67603],[72.7174,29.67594],[72.71759,29.67875],[72.7208,29.67871],[72.72086,29.68648],[72.71056,29.68692],[72.71031,29.68402],[72.70689,29.68411],[72.70729,29.69182],[72.70251,29.69179],[72.69558,29.69755],[72.68759,29.69647],[72.67954,29.69049],[72.67899,29.70594],[72.68278,29.70603],[72.68287,29.71633],[72.67603,29.71651],[72.67575,29.72012],[72.6784,29.72012],[72.6784,29.72394],[72.66844,29.72484],[72.66854,29.72845],[72.66212,29.72999],[72.65155,29.72897],[72.65167,29.74149],[72.63737,29.74016],[72.63734,29.73834],[72.63108,29.73844],[72.63003,29.74204],[72.62466,29.74503],[72.62056,29.74531],[72.61964,29.74821],[72.61582,29.74849],[72.61458,29.75246],[72.61212,29.75256],[72.61156,29.75619],[72.60626,29.76079],[72.60639,29.76829],[72.60515,29.769],[72.60139,29.76564],[72.6013,29.76326],[72.59855,29.76385],[72.59159,29.78003],[72.59527,29.78382],[72.59323,29.78726],[72.58906,29.78755],[72.58219,29.80385],[72.58084,29.81828],[72.58832,29.81727],[72.59627,29.81848],[72.59643,29.82604],[72.59238,29.8385],[72.59525,29.84628],[72.6009,29.84956],[72.61005,29.85154],[72.63436,29.85047],[72.63604,29.85292],[72.63477,29.85517],[72.6419,29.86195],[72.64831,29.86221],[72.64509,29.86624],[72.65408,29.86994],[72.6688,29.8666],[72.67514,29.87222],[72.67625,29.87677],[72.6803,29.88198],[72.68734,29.88513],[72.69153,29.88385],[72.69919,29.87551],[72.70511,29.8744],[72.70696,29.86945],[72.71068,29.86618],[72.72026,29.88217],[72.7225,29.89459],[72.70935,29.9014],[72.70589,29.90875],[72.71624,29.91921],[72.7195,29.9055],[72.72466,29.89985],[72.7233,29.90648],[72.72427,29.90937],[72.71906,29.91921],[72.72899,29.92535],[72.7309,29.92424],[72.73382,29.92629],[72.72877,29.93136],[72.75555,29.93597],[72.769,29.90792],[72.77721,29.90441],[72.78273,29.90378],[72.78928,29.90525],[72.79331,29.91241],[72.79318,29.91835],[72.78053,29.9364],[72.79487,29.9496],[72.78363,29.96731],[72.78267,29.9809],[72.79452,29.99155],[72.80102,29.99159],[72.81171,29.99564],[72.84169,29.99377],[72.84623,29.98573],[72.85463,29.98116],[72.85687,29.95735],[72.87136,29.95279],[72.88108,29.95581],[72.88566,29.96097],[72.88252,29.96171],[72.87307,29.97273],[72.85904,29.97894],[72.87068,29.9999],[72.87125,30.00428],[72.88527,30.01431],[72.88581,30.01203],[72.89295,30.01307],[72.8931,30.01745],[72.88837,30.0231],[72.88827,30.02797],[72.89345,30.03614],[72.89858,30.0388],[72.91041,30.03978],[72.91375,30.03732],[72.919,30.03017],[72.91714,30.0247],[72.92687,30.02188],[72.93287,30.01552],[72.93559,30.00423],[72.94005,29.9974],[72.94765,29.99826],[72.94892,30.00211],[72.95623,30.00063],[72.96744,30.00482],[72.97267,30.00403],[72.97409,30.00153],[72.97375,29.99638],[72.99086,29.99844],[73.00015,30.01676],[73.01929,29.9958],[73.02266,29.9993],[73.01943,30.00249],[73.02684,30.00507],[73.02539,30.01153],[73.01382,30.0085],[73.00294,30.02085],[73.01079,30.02634],[73.02927,30.02778],[73.02754,30.0387],[73.01065,30.06196],[73.01187,30.07101],[73.01632,30.07439],[73.02107,30.07312],[73.032,30.07469],[73.04326,30.06999],[73.05039,30.06423],[73.05281,30.06567],[73.06509,30.05748],[73.06711,30.05906],[73.07284,30.05852],[73.07996,30.06489],[73.09281,30.06822],[73.10781,30.07469],[73.11838,30.08646],[73.11523,30.08898],[73.12002,30.09213],[73.12127,30.10244],[73.13482,30.10189],[73.13793,30.10685],[73.15186,30.11002],[73.15354,30.12565],[73.15671,30.13092],[73.16079,30.1121],[73.16956,30.11269],[73.17282,30.11044],[73.18104,30.10862],[73.17927,30.11938],[73.18459,30.11546],[73.19107,30.11427],[73.19786,30.10935],[73.21344,30.10664],[73.2096,30.12095],[73.21042,30.1338],[73.21761,30.13524],[73.2248,30.13346],[73.22463,30.12619],[73.22633,30.1225],[73.23141,30.12764],[73.23202,30.13543],[73.25621,30.14609],[73.24942,30.16044],[73.26471,30.1603],[73.26632,30.14845],[73.26513,30.14616],[73.26691,30.14289],[73.27061,30.14616],[73.27187,30.1531],[73.27598,30.15594],[73.28004,30.15641],[73.28721,30.14926],[73.28995,30.15072],[73.29076,30.1551],[73.29944,30.15601],[73.30041,30.15478],[73.31291,30.1598],[73.31486,30.15878],[73.31411,30.15749],[73.3364,30.15425],[73.34302,30.15666],[73.36206,30.12336],[73.36849,30.13221],[73.36951,30.13802],[73.36764,30.14529],[73.35563,30.16533],[73.3588,30.17004],[73.35527,30.1746],[73.35552,30.17669],[73.36186,30.18353],[73.36283,30.20534],[73.37784,30.20727],[73.38088,30.20397],[73.38856,30.20248],[73.3928,30.20534],[73.39577,30.21287],[73.3947,30.21958],[73.40091,30.21861],[73.40917,30.21285],[73.41264,30.21688],[73.41443,30.22621],[73.41276,30.22822],[73.41951,30.23162],[73.42134,30.23704],[73.42507,30.23811],[73.42744,30.24203],[73.42921,30.24226],[73.42934,30.24769],[73.45302,30.24655],[73.45797,30.25167],[73.45932,30.24982],[73.46809,30.252],[73.4669,30.25709],[73.46879,30.26017],[73.46599,30.26132],[73.46019,30.27396],[73.4643,30.27501],[73.47097,30.27059],[73.47723,30.26084],[73.47818,30.26133],[73.48496,30.27502],[73.49066,30.27845],[73.49572,30.28805],[73.50519,30.29345],[73.51138,30.30487],[73.51371,30.3065],[73.51461,30.30118],[73.517,30.30052],[73.51998,30.30428],[73.5292,30.30406],[73.52757,30.30092],[73.53359,30.29795],[73.53497,30.29337],[73.53892,30.29199],[73.54283,30.29219],[73.54582,30.29523],[73.54898,30.2945],[73.55263,30.29619],[73.5505,30.30718],[73.55226,30.31427],[73.55858,30.31209],[73.56275,30.31429],[73.56609,30.30325],[73.58044,30.30937],[73.58127,30.31893],[73.58254,30.31912],[73.59645,30.31811],[73.60329,30.31586],[73.61592,30.31591],[73.62636,30.31829],[73.6262,30.31461],[73.63365,30.31102],[73.64285,30.31128],[73.64262,30.30509],[73.6626,30.30771],[73.66308,30.31318],[73.67188,30.31342],[73.67331,30.30676],[73.6764,30.30676],[73.67593,30.31175],[73.6971,30.31413],[73.71709,30.3277],[73.7259,30.32817],[73.72661,30.32127],[73.7297,30.32484],[73.73446,30.31842],[73.74208,30.33365],[73.7366,30.33793],[73.73589,30.34507],[73.73851,30.35125],[73.74422,30.35173],[73.7435,30.35577],[73.75064,30.35768],[73.75278,30.36101],[73.76635,30.35482],[73.77444,30.35815],[73.78253,30.35744],[73.78491,30.35577],[73.78776,30.34864],[73.80418,30.34626],[73.80918,30.34911],[73.81223,30.35616],[73.81394,30.3516],[73.8187,30.35173],[73.81947,30.35867],[73.82574,30.35872],[73.82702,30.36315],[73.8413,30.36505],[73.85915,30.37767],[73.85796,30.35554]],[[73.557,30.21327],[73.54504,30.20119],[73.55443,30.19596],[73.55168,30.18938],[73.54661,30.18343],[73.55022,30.1767],[73.55029,30.16893],[73.53732,30.16801],[73.53231,30.16557],[73.53519,30.15314],[73.5387,30.14585],[73.54464,30.13927],[73.55706,30.14491],[73.56112,30.1381],[73.57345,30.14381],[73.58127,30.13796],[73.58182,30.13477],[73.59292,30.14375],[73.60021,30.15401],[73.58968,30.15014],[73.59008,30.15794],[73.58098,30.15793],[73.58077,30.16085],[73.59194,30.16694],[73.59733,30.164],[73.60326,30.16318],[73.6099,30.16704],[73.61457,30.17219],[73.60866,30.17486],[73.60206,30.17561],[73.59673,30.18154],[73.59542,30.1836],[73.60257,30.19299],[73.5928,30.20395],[73.58346,30.20831],[73.57416,30.20671],[73.56073,30.21617],[73.557,30.21327]],[[73.26096,30.0197],[73.26109,30.01483],[73.25547,30.01472],[73.25556,30.01749],[73.25054,30.01708],[73.23798,30.01145],[73.2379,29.99987],[73.24208,29.99978],[73.24268,29.99756],[73.23953,29.99588],[73.24071,29.99535],[73.24053,29.99164],[73.24344,29.99156],[73.24349,29.98615],[73.24471,29.986],[73.24466,29.98135],[73.23898,29.97967],[73.23882,29.97358],[73.24657,29.97357],[73.24642,29.96698],[73.2627,29.96749],[73.26293,29.97134],[73.27256,29.97113],[73.2724,29.98263],[73.26755,29.98264],[73.26758,29.98593],[73.27245,29.98593],[73.27249,29.98903],[73.27547,29.98903],[73.26846,29.99583],[73.27128,30.0004],[73.27152,30.01342],[73.26919,30.01349],[73.26739,30.01955],[73.26096,30.0197]],[[72.87645,29.82272],[72.85008,29.82224],[72.84237,29.81801],[72.84232,29.80909],[72.84578,29.80905],[72.84587,29.80701],[72.8373,29.80326],[72.83089,29.79399],[72.83265,29.7824],[72.8271,29.7787],[72.82416,29.77203],[72.82318,29.76232],[72.84914,29.76322],[72.84916,29.76492],[72.85228,29.7649],[72.85243,29.77458],[72.85939,29.77445],[72.85943,29.77685],[72.87744,29.77566],[72.87763,29.77849],[72.88018,29.7783],[72.88186,29.78934],[72.88795,29.79646],[72.89137,29.79814],[72.89084,29.81086],[72.88409,29.81092],[72.88435,29.81642],[72.88116,29.81439],[72.88035,29.82265],[72.87645,29.82272]],[[73.23729,29.78356],[73.23727,29.77552],[73.23378,29.77551],[73.23403,29.76674],[73.20938,29.76665],[73.20948,29.73691],[73.21185,29.73691],[73.21179,29.73273],[73.20952,29.73268],[73.20893,29.71876],[73.22243,29.71739],[73.23529,29.71869],[73.23529,29.72377],[73.24376,29.72374],[73.24368,29.7293],[73.24081,29.72926],[73.2409,29.73406],[73.24534,29.7346],[73.24485,29.7377],[73.26106,29.73818],[73.26111,29.74806],[73.26818,29.74787],[73.26822,29.76224],[73.2553,29.76215],[73.25284,29.78689],[73.23741,29.78695],[73.23729,29.78356]],[[73.15615,29.64859],[73.14855,29.64846],[73.14829,29.63911],[73.12686,29.63762],[73.12673,29.6285],[73.10741,29.62966],[73.10744,29.63238],[73.09703,29.63249],[73.09697,29.62165],[73.10381,29.62155],[73.10389,29.61871],[73.11074,29.61876],[73.11071,29.61615],[73.10534,29.61596],[73.08674,29.60157],[73.08497,29.59583],[73.1086,29.59563],[73.11695,29.6024],[73.13464,29.60211],[73.13468,29.5995],[73.13825,29.59945],[73.13817,29.59674],[73.13469,29.59669],[73.13457,29.58584],[73.13171,29.58588],[73.13181,29.58156],[73.14168,29.57877],[73.14299,29.58593],[73.16246,29.58582],[73.16579,29.58562],[73.16571,29.5803],[73.16909,29.58068],[73.1692,29.58545],[73.17191,29.58562],[73.17188,29.58822],[73.1796,29.58934],[73.18001,29.61599],[73.19249,29.61991],[73.17349,29.6374],[73.15939,29.63736],[73.15957,29.64278],[73.15572,29.64278],[73.15615,29.64859]],[[72.83751,29.2176],[72.82704,29.20692],[72.82689,29.20103],[72.85111,29.17223],[72.85649,29.17243],[72.86458,29.17676],[72.89229,29.16316],[72.8989,29.16304],[72.89933,29.18754],[72.90273,29.18739],[72.90302,29.21928],[72.86098,29.21685],[72.84599,29.22239],[72.83751,29.2176]]]]}},{"type":"Feature","properties":{"name":"Municipal Committee Sukheki","district":"Hafizabad"},"geometry":{"type":"MultiPolygon","coordinates":[[[[73.49191,31.89736],[73.49239,31.89393],[73.48144,31.87927],[73.48223,31.87308],[73.4837,31.87446],[73.49005,31.87396],[73.48914,31.87043],[73.4917,31.86988],[73.4942,31.87187],[73.50374,31.87055],[73.51771,31.87111],[73.51374,31.86661],[73.53094,31.86141],[73.53048,31.85909],[73.53371,31.85819],[73.53335,31.85651],[73.52239,31.85737],[73.52198,31.855],[73.50588,31.85612],[73.50031,31.85274],[73.49605,31.85385],[73.48837,31.86175],[73.4786,31.86182],[73.4776,31.85864],[73.46575,31.85986],[73.45949,31.87684],[73.46394,31.88833],[73.46747,31.88854],[73.47714,31.89832],[73.48014,31.89835],[73.48115,31.89614],[73.49164,31.90062],[73.49191,31.89736]]]]}},{"type":"Feature","properties":{"name":"Municipal Committee Zafarwal","district":"Narowal"},"geometry":{"type":"MultiPolygon","coordinates":[[[[74.89828,32.35277],[74.9109,32.35068],[74.91817,32.34782],[74.91743,32.34184],[74.91428,32.34234],[74.91491,32.34007],[74.90565,32.33427],[74.90197,32.33375],[74.9008,32.32989],[74.89159,32.32981],[74.88709,32.3352],[74.87753,32.33506],[74.88036,32.33752],[74.88482,32.33837],[74.88367,32.34082],[74.88705,32.34345],[74.88706,32.34729],[74.88867,32.34893],[74.89603,32.35442],[74.89828,32.35277]]]]}},{"type":"Feature","properties":{"name":"Municipal Committee Shakargarh","district":"Narowal"},"geometry":{"type":"MultiPolygon","coordinates":[[[[75.16927,32.26996],[75.17147,32.26864],[75.18309,32.2727],[75.19187,32.26452],[75.18713,32.25883],[75.19286,32.2556],[75.19472,32.24924],[75.20537,32.24711],[75.21512,32.25113],[75.21893,32.24828],[75.21564,32.24083],[75.20997,32.24127],[75.20606,32.23897],[75.19869,32.24131],[75.19853,32.2427],[75.19438,32.24447],[75.1873,32.24156],[75.16137,32.24022],[75.16515,32.24606],[75.16432,32.24692],[75.1414,32.25444],[75.14091,32.26096],[75.14347,32.26899],[75.1562,32.27462],[75.15775,32.28194],[75.16138,32.28093],[75.15989,32.27589],[75.16593,32.27357],[75.16495,32.2718],[75.16927,32.26996]]]]}},{"type":"Feature","properties":{"name":"Municipal Committee Narowal","district":"Narowal"},"geometry":{"type":"MultiPolygon","coordinates":[[[[74.8753,32.11491],[74.88685,32.11411],[74.89112,32.11679],[74.8929,32.11009],[74.89621,32.11028],[74.8909,32.09794],[74.89075,32.09175],[74.87442,32.09128],[74.87424,32.08675],[74.85427,32.0877],[74.8585,32.09112],[74.85787,32.09266],[74.85249,32.09247],[74.85212,32.10422],[74.85788,32.10409],[74.8581,32.11179],[74.84994,32.11393],[74.8528,32.12066],[74.85977,32.11658],[74.8753,32.11491]]]]}},{"type":"Feature","properties":{"name":"Municipal Committee Mitha Tiwana","district":"Khushab"},"geometry":{"type":"MultiPolygon","coordinates":[[[[72.10002,32.23711],[72.0864,32.23955],[72.06882,32.28205],[72.07621,32.28116],[72.07623,32.29839],[72.11442,32.295],[72.11793,32.27916],[72.1301,32.27912],[72.13031,32.27104],[72.13231,32.26824],[72.13212,32.24387],[72.126,32.23],[72.12227,32.23148],[72.11949,32.22077],[72.11057,32.22841],[72.10579,32.22982],[72.10541,32.23627],[72.10002,32.23711]]]]}},{"type":"Feature","properties":{"name":"Municipal Committee Quaidabad","district":"Khushab"},"geometry":{"type":"MultiPolygon","coordinates":[[[[71.90854,32.34813],[71.91074,32.3434],[71.91056,32.33971],[71.90491,32.33599],[71.90078,32.33653],[71.90074,32.3339],[71.89778,32.33524],[71.89768,32.33347],[71.88198,32.33296],[71.88185,32.33086],[71.86775,32.33788],[71.86785,32.34945],[71.89029,32.34033],[71.89033,32.3498],[71.8936,32.34983],[71.89348,32.34828],[71.90854,32.34813]]]]}},{"type":"Feature","properties":{"name":"Municipal Committee Naushera","district":"Khushab"},"geometry":{"type":"MultiPolygon","coordinates":[[[[72.14037,32.56348],[72.14183,32.56436],[72.14045,32.5669],[72.14619,32.56918],[72.14213,32.57483],[72.14726,32.57295],[72.1466,32.57415],[72.15042,32.57579],[72.15003,32.57783],[72.15567,32.57949],[72.15879,32.57449],[72.16139,32.57676],[72.16548,32.58652],[72.16859,32.58603],[72.16768,32.58246],[72.16961,32.58211],[72.17369,32.57467],[72.17898,32.57058],[72.17753,32.56866],[72.17325,32.56908],[72.17406,32.56648],[72.16901,32.56538],[72.17045,32.56305],[72.16757,32.55918],[72.14573,32.55762],[72.14302,32.5627],[72.14037,32.56348]]]]}},{"type":"Feature","properties":{"name":"Municipal Committee Darya Khan","district":"Bhakkar"},"geometry":{"type":"MultiPolygon","coordinates":[[[[71.10577,31.80902],[71.10904,31.80835],[71.10907,31.80371],[71.1131,31.80144],[71.11331,31.79803],[71.11923,31.80063],[71.1197,31.79321],[71.12448,31.79337],[71.12424,31.78848],[71.11906,31.78725],[71.11804,31.78278],[71.1124,31.78303],[71.11225,31.78171],[71.11512,31.78136],[71.1151,31.77569],[71.10768,31.77687],[71.10699,31.77027],[71.10556,31.77074],[71.10488,31.76729],[71.09646,31.76843],[71.09428,31.76347],[71.09136,31.76342],[71.09306,31.78655],[71.09893,31.79363],[71.10128,31.80903],[71.10577,31.80902]]]]}},{"type":"Feature","properties":{"name":"Municipal Committee Bhakkar","district":"Bhakkar"},"geometry":{"type":"MultiPolygon","coordinates":[[[[71.09474,31.64609],[71.09513,31.59706],[71.08845,31.5971],[71.08832,31.59983],[71.08404,31.59987],[71.08528,31.605],[71.07843,31.60526],[71.07694,31.60253],[71.06313,31.60245],[71.06338,31.6046],[71.06012,31.60439],[71.05995,31.60115],[71.05338,31.60018],[71.05371,31.60807],[71.05209,31.60803],[71.05162,31.61183],[71.05531,31.62045],[71.04804,31.62203],[71.0546,31.63182],[71.05574,31.63149],[71.05935,31.63957],[71.06611,31.64389],[71.06778,31.64701],[71.09474,31.64609]]]]}},{"type":"Feature","properties":{"name":"Municipal Committee Kallur Kot","district":"Bhakkar"},"geometry":{"type":"MultiPolygon","coordinates":[[[[71.27094,32.16192],[71.27198,32.16081],[71.27326,32.16344],[71.27602,32.16348],[71.27476,32.15817],[71.28487,32.1586],[71.27299,32.14706],[71.27201,32.14831],[71.26655,32.14829],[71.25941,32.14115],[71.2478,32.14204],[71.24776,32.1449],[71.2525,32.14947],[71.2537,32.15514],[71.26405,32.16259],[71.27094,32.16192]]]]}},{"type":"Feature","properties":{"name":"Municipal Committee Mankera","district":"Bhakkar"},"geometry":{"type":"MultiPolygon","coordinates":[[[[71.45195,31.40178],[71.45898,31.40178],[71.4561,31.38061],[71.45111,31.38129],[71.45101,31.37401],[71.42858,31.37707],[71.42205,31.37215],[71.42511,31.39084],[71.42805,31.39089],[71.43033,31.39835],[71.44122,31.39856],[71.44172,31.4018],[71.45195,31.40178]]]]}},{"type":"Feature","properties":{"name":"Municipal Committee Dulle Wala","district":"Bhakkar"},"geometry":{"type":"MultiPolygon","coordinates":[[[[71.48426,31.8578],[71.50334,31.85792],[71.52528,31.86059],[71.52438,31.85351],[71.52206,31.85197],[71.52083,31.8484],[71.51171,31.84793],[71.50629,31.84572],[71.49904,31.83936],[71.49097,31.83739],[71.45046,31.83514],[71.44672,31.83132],[71.45,31.82961],[71.44986,31.82647],[71.44479,31.82518],[71.44229,31.82637],[71.44057,31.82464],[71.43417,31.82583],[71.43465,31.83113],[71.43073,31.83201],[71.42885,31.82875],[71.41822,31.828],[71.41551,31.82271],[71.40789,31.82266],[71.40813,31.83232],[71.41523,31.83029],[71.42233,31.84791],[71.42708,31.85512],[71.42958,31.85298],[71.4369,31.85294],[71.43719,31.85605],[71.45361,31.85719],[71.47162,31.86069],[71.48426,31.8578]]]]}},{"type":"Feature","properties":{"name":"Municipal Committee Jandanwala","district":"Bhakkar"},"geometry":{"type":"MultiPolygon","coordinates":[[[[71.59736,32.08503],[71.61323,32.08483],[71.61311,32.07173],[71.60945,32.06625],[71.60007,32.06796],[71.59614,32.06695],[71.59611,32.06866],[71.59175,32.06866],[71.59234,32.0791],[71.59744,32.07927],[71.59736,32.08503]]]]}},{"type":"Feature","properties":{"name":"Municipal Committee Talagang","district":"Talagang"},"geometry":{"type":"MultiPolygon","coordinates":[[[[72.44282,32.9501],[72.44934,32.94846],[72.44884,32.94339],[72.45123,32.94172],[72.45137,32.93962],[72.45373,32.93886],[72.45194,32.9351],[72.46145,32.9334],[72.46159,32.93595],[72.46345,32.93658],[72.46366,32.93364],[72.46544,32.93298],[72.46541,32.93147],[72.46317,32.93171],[72.46657,32.92196],[72.44548,32.92389],[72.44454,32.92142],[72.44844,32.92079],[72.44854,32.91899],[72.4452,32.91674],[72.44593,32.91134],[72.4493,32.90979],[72.4501,32.90665],[72.45593,32.90333],[72.4573,32.89209],[72.45573,32.88729],[72.45061,32.8892],[72.44111,32.88982],[72.44055,32.89288],[72.43561,32.89748],[72.42874,32.89609],[72.42677,32.88917],[72.41036,32.89044],[72.39243,32.886],[72.39467,32.89346],[72.39417,32.89929],[72.40156,32.90783],[72.40166,32.90964],[72.39999,32.91013],[72.40543,32.91517],[72.40028,32.9171],[72.39903,32.92085],[72.39799,32.91911],[72.39251,32.92066],[72.39198,32.92479],[72.38169,32.92708],[72.38422,32.93289],[72.39162,32.93196],[72.39271,32.93504],[72.40094,32.94007],[72.40997,32.93905],[72.41107,32.94146],[72.41651,32.94235],[72.42211,32.94066],[72.42666,32.94986],[72.44282,32.9501]]]]}},{"type":"Feature","properties":{"name":"Municipal Committee Lawa","district":"Talagang"},"geometry":{"type":"MultiPolygon","coordinates":[[[[72.00126,32.70952],[71.98726,32.70457],[71.98716,32.701],[71.98146,32.69798],[71.97661,32.69174],[71.97298,32.69279],[71.97039,32.69575],[71.95901,32.698],[71.95415,32.69671],[71.95306,32.69196],[71.94126,32.68844],[71.94178,32.69304],[71.93879,32.69175],[71.93352,32.69331],[71.93239,32.68938],[71.9211,32.69145],[71.91942,32.69012],[71.92117,32.68879],[71.92038,32.68774],[71.91574,32.68703],[71.91693,32.69784],[71.92051,32.69712],[71.92054,32.69971],[71.92814,32.70331],[71.92798,32.70704],[71.93163,32.71025],[71.9321,32.7086],[71.93705,32.70625],[71.949,32.70392],[71.96686,32.71425],[71.97179,32.71862],[71.97459,32.71651],[71.9823,32.71736],[71.99651,32.7145],[72.00045,32.71188],[72.00126,32.70952]]]]}},{"type":"Feature","properties":{"name":"Municipal Committee Kallar Kahar","district":"Chakwal"},"geometry":{"type":"MultiPolygon","coordinates":[[[[72.72978,32.88168],[72.72778,32.87502],[72.71456,32.86929],[72.70547,32.86303],[72.7025,32.85545],[72.69657,32.85636],[72.69011,32.85465],[72.69029,32.85161],[72.69382,32.84627],[72.69812,32.84345],[72.6978,32.8338],[72.69094,32.83344],[72.68857,32.82877],[72.68703,32.829],[72.68762,32.82733],[72.68596,32.82792],[72.68317,32.82342],[72.68163,32.82332],[72.6834,32.82061],[72.6814,32.81939],[72.6822,32.81787],[72.67966,32.81711],[72.68029,32.81442],[72.67739,32.81284],[72.68064,32.80373],[72.69923,32.80252],[72.70719,32.79834],[72.72387,32.79945],[72.72601,32.79433],[72.73342,32.79497],[72.73845,32.79358],[72.74521,32.79531],[72.74854,32.78299],[72.74809,32.7809],[72.74442,32.7798],[72.74519,32.77667],[72.72971,32.76856],[72.72333,32.7688],[72.72114,32.76495],[72.71766,32.76269],[72.70546,32.76321],[72.69745,32.76176],[72.69449,32.7598],[72.69474,32.74981],[72.69232,32.74526],[72.6844,32.74631],[72.68133,32.74888],[72.67298,32.74629],[72.66688,32.75667],[72.66039,32.76147],[72.65685,32.76206],[72.65359,32.75904],[72.6487,32.75809],[72.64628,32.75927],[72.64333,32.75624],[72.64111,32.7562],[72.63763,32.7599],[72.63638,32.75947],[72.63651,32.75651],[72.62787,32.75712],[72.62756,32.76625],[72.61804,32.76318],[72.61624,32.76907],[72.60762,32.77333],[72.6053,32.77628],[72.60683,32.77757],[72.60481,32.78086],[72.60306,32.78011],[72.59628,32.78664],[72.59484,32.79234],[72.58655,32.79125],[72.59398,32.79586],[72.59414,32.79799],[72.59899,32.79867],[72.59939,32.80255],[72.59647,32.80343],[72.59468,32.80681],[72.59717,32.8103],[72.59476,32.81243],[72.59047,32.80963],[72.58121,32.81026],[72.58058,32.80858],[72.57518,32.81512],[72.57363,32.82126],[72.57965,32.82467],[72.58021,32.82795],[72.58257,32.82843],[72.58489,32.83701],[72.59002,32.83885],[72.59176,32.84136],[72.58731,32.84456],[72.58809,32.84931],[72.58979,32.84911],[72.59904,32.85738],[72.59896,32.86204],[72.60523,32.87113],[72.60726,32.87119],[72.61102,32.867],[72.6172,32.86687],[72.62121,32.86821],[72.62323,32.87109],[72.62322,32.8742],[72.62796,32.87545],[72.63316,32.86958],[72.63433,32.8647],[72.63869,32.85957],[72.63918,32.85584],[72.64201,32.85228],[72.64524,32.85148],[72.6514,32.84526],[72.65942,32.8434],[72.66314,32.85189],[72.66203,32.85432],[72.66264,32.86652],[72.66507,32.86663],[72.6632,32.86734],[72.66159,32.87298],[72.65614,32.87729],[72.66951,32.88351],[72.67647,32.89349],[72.68406,32.89296],[72.69273,32.89629],[72.70928,32.89517],[72.71585,32.89197],[72.71652,32.88956],[72.72475,32.89022],[72.72574,32.88362],[72.72978,32.88168]]]]}},{"type":"Feature","properties":{"name":"Municipal Committee Chakwal","district":"Chakwal"},"geometry":{"type":"MultiPolygon","coordinates":[[[[72.851,33.00079],[72.85303,32.99583],[72.8518,32.99192],[72.85334,32.98714],[72.86012,32.99033],[72.86908,32.98349],[72.86873,32.97928],[72.87533,32.97611],[72.88911,32.97897],[72.88684,32.96708],[72.88377,32.96336],[72.88454,32.96134],[72.88988,32.95819],[72.88858,32.95373],[72.89002,32.9529],[72.88831,32.95249],[72.88802,32.95035],[72.88948,32.94408],[72.8959,32.94402],[72.90335,32.94968],[72.90714,32.94666],[72.90865,32.9412],[72.91029,32.94035],[72.91465,32.94706],[72.92357,32.94768],[72.92331,32.94534],[72.92713,32.94411],[72.92719,32.94152],[72.93186,32.93461],[72.93102,32.93178],[72.92468,32.92788],[72.91498,32.92965],[72.91257,32.92545],[72.91392,32.92447],[72.91297,32.92274],[72.90384,32.92145],[72.90125,32.91907],[72.89932,32.91485],[72.90129,32.90891],[72.89042,32.90124],[72.89542,32.89211],[72.88939,32.88958],[72.87549,32.89102],[72.87324,32.89555],[72.87539,32.89863],[72.87568,32.90652],[72.86774,32.90825],[72.86258,32.90686],[72.86346,32.90478],[72.86087,32.89931],[72.85753,32.89905],[72.85909,32.89305],[72.85388,32.89257],[72.84601,32.89478],[72.84154,32.89372],[72.84155,32.89551],[72.83335,32.90116],[72.82089,32.89822],[72.80982,32.89076],[72.78496,32.89277],[72.79086,32.91437],[72.7845,32.9298],[72.78557,32.93466],[72.77916,32.94107],[72.77866,32.9436],[72.78082,32.94473],[72.79459,32.94279],[72.80558,32.94859],[72.80617,32.95499],[72.80777,32.95534],[72.80832,32.9603],[72.81004,32.96177],[72.80801,32.96458],[72.80984,32.96778],[72.81498,32.95862],[72.81665,32.95938],[72.83025,32.9557],[72.83228,32.95724],[72.83438,32.95988],[72.83317,32.96264],[72.83673,32.96484],[72.84055,32.97128],[72.83076,32.97101],[72.83006,32.97465],[72.82299,32.97659],[72.82365,32.97942],[72.82943,32.97843],[72.83065,32.98132],[72.8337,32.98278],[72.8357,32.98595],[72.83494,32.98711],[72.8376,32.98913],[72.8348,32.9916],[72.84101,33.00027],[72.851,33.00079]]]]}},{"type":"Feature","properties":{"name":"Municipal Committee Bhoun","district":"Chakwal"},"geometry":{"type":"MultiPolygon","coordinates":[[[[72.78504,32.89273],[72.80982,32.89076],[72.80619,32.87232],[72.80111,32.86318],[72.79777,32.86257],[72.79386,32.85915],[72.7872,32.85954],[72.786,32.85714],[72.77965,32.85949],[72.77695,32.85637],[72.77164,32.85699],[72.76913,32.85417],[72.76697,32.85459],[72.76639,32.85115],[72.76229,32.84659],[72.75681,32.84366],[72.75027,32.8322],[72.75149,32.83064],[72.7511,32.8258],[72.74785,32.81871],[72.74934,32.81529],[72.75271,32.81341],[72.75311,32.80564],[72.74961,32.80497],[72.74942,32.80235],[72.74466,32.80185],[72.74497,32.79525],[72.73845,32.79358],[72.73342,32.79497],[72.72601,32.79433],[72.72387,32.79945],[72.70719,32.79834],[72.69923,32.80252],[72.67973,32.80427],[72.67739,32.81284],[72.68029,32.81442],[72.67966,32.81711],[72.6822,32.81787],[72.6814,32.81939],[72.6834,32.82061],[72.68163,32.82332],[72.68317,32.82342],[72.68596,32.82792],[72.68762,32.82733],[72.68703,32.829],[72.68857,32.82877],[72.69094,32.83344],[72.69776,32.8337],[72.69888,32.83819],[72.69812,32.84345],[72.69284,32.8477],[72.6897,32.85322],[72.69041,32.85497],[72.69657,32.85636],[72.7025,32.85545],[72.70547,32.86303],[72.71456,32.86929],[72.72778,32.87502],[72.73135,32.88485],[72.73825,32.88265],[72.7441,32.88588],[72.75622,32.88579],[72.75712,32.88802],[72.76001,32.88797],[72.7614,32.89471],[72.76802,32.89444],[72.77361,32.89965],[72.77921,32.89706],[72.77871,32.89424],[72.78504,32.89273]]]]}},{"type":"Feature","properties":{"name":"District Council Hafizabad","district":"Hafizabad"},"geometry":{"type":"MultiPolygon","coordinates":[[[[73.67876,32.34481],[73.68854,32.29226],[73.70055,32.27697],[73.7082,32.26095],[73.71366,32.24421],[73.72239,32.23584],[73.73186,32.22273],[73.7304,32.20745],[73.74532,32.20089],[73.7526,32.19507],[73.75515,32.17651],[73.7668,32.17469],[73.77663,32.16704],[73.78755,32.14702],[73.79374,32.13974],[73.80684,32.13901],[73.80728,32.13175],[73.79854,32.10918],[73.80254,32.09062],[73.79636,32.07133],[73.81302,32.06039],[73.83091,32.05131],[73.82108,32.04002],[73.82475,32.01491],[73.81055,31.99307],[73.8091,31.98088],[73.77881,31.96539],[73.76571,31.95629],[73.75879,31.94682],[73.74969,31.93918],[73.74314,31.92535],[73.73695,31.92098],[73.7253,31.92244],[73.72021,31.91661],[73.71867,31.90927],[73.69218,31.88895],[73.65796,31.89004],[73.62884,31.88203],[73.60628,31.86747],[73.59281,31.87075],[73.56879,31.89186],[73.55932,31.88931],[73.55896,31.87912],[73.5626,31.86857],[73.5626,31.85801],[73.56005,31.84309],[73.53421,31.81943],[73.52438,31.81251],[73.52219,31.80596],[73.48543,31.82889],[73.4625,31.83908],[73.45777,31.82161],[73.44939,31.80559],[73.43192,31.80414],[73.41991,31.80669],[73.40462,31.82307],[73.39953,31.80741],[73.39625,31.80232],[73.38861,31.79831],[73.3755,31.79904],[73.35912,31.79176],[73.33619,31.79322],[73.32855,31.78412],[73.32636,31.76919],[73.31399,31.76919],[73.30598,31.76483],[73.29979,31.7641],[73.27333,31.76908],[73.25769,31.76317],[73.2492,31.76161],[73.24008,31.75695],[73.22476,31.75901],[73.21271,31.78324],[73.20769,31.76932],[73.20432,31.77026],[73.20325,31.7674],[73.19986,31.76833],[73.20099,31.77117],[73.19759,31.77211],[73.19867,31.77499],[73.202,31.77407],[73.20664,31.78612],[73.20928,31.78544],[73.21004,31.78805],[73.19978,31.79818],[73.19447,31.8104],[73.19116,31.81117],[73.19173,31.81917],[73.18244,31.82286],[73.17502,31.82257],[73.17148,31.82513],[73.17223,31.82974],[73.16926,31.834],[73.16008,31.83773],[73.15483,31.83604],[73.14838,31.8389],[73.14964,31.84151],[73.14581,31.84602],[73.1518,31.85101],[73.14599,31.85503],[73.15745,31.87465],[73.16071,31.89031],[73.17557,31.90214],[73.17527,31.90668],[73.16209,31.90581],[73.1645,31.91214],[73.17,31.91317],[73.16932,31.91747],[73.17414,31.92398],[73.1786,31.93396],[73.17683,31.93505],[73.17777,31.937],[73.17126,31.93789],[73.17441,31.94351],[73.1797,31.9429],[73.17925,31.94613],[73.18331,31.95161],[73.18569,31.95894],[73.21738,31.98189],[73.22012,31.98587],[73.2218,31.99081],[73.22057,31.99662],[73.22273,32.0043],[73.22106,32.01856],[73.20807,32.02283],[73.22474,32.03185],[73.23589,32.03314],[73.23599,32.04123],[73.2383,32.04487],[73.24633,32.04917],[73.252,32.04754],[73.2535,32.04929],[73.25568,32.05428],[73.2468,32.0552],[73.24066,32.06141],[73.24045,32.06814],[73.24598,32.06784],[73.24584,32.07825],[73.25073,32.08519],[73.26695,32.09394],[73.27447,32.10202],[73.28649,32.10601],[73.29373,32.11192],[73.29273,32.11702],[73.29552,32.11993],[73.31415,32.12201],[73.31354,32.12766],[73.31923,32.12775],[73.31915,32.13178],[73.33142,32.13624],[73.34516,32.14714],[73.35197,32.14932],[73.3701,32.16033],[73.37701,32.16676],[73.37832,32.17076],[73.40319,32.18001],[73.42106,32.18314],[73.42888,32.19514],[73.45392,32.21913],[73.46167,32.22875],[73.47211,32.2374],[73.4676,32.24075],[73.47436,32.24593],[73.47436,32.24951],[73.47627,32.24854],[73.47858,32.25189],[73.48189,32.25332],[73.48885,32.24556],[73.49826,32.24153],[73.50555,32.24502],[73.50599,32.24721],[73.50403,32.24823],[73.50906,32.27057],[73.50795,32.27256],[73.50995,32.27351],[73.51074,32.27167],[73.52344,32.27777],[73.53069,32.27903],[73.53507,32.28622],[73.55231,32.28734],[73.56975,32.29601],[73.57409,32.3016],[73.58953,32.30783],[73.63259,32.32057],[73.632,32.32138],[73.65282,32.3311],[73.65196,32.33693],[73.67876,32.34481]],[[73.65879,32.12598],[73.65716,32.11818],[73.6631,32.11381],[73.65862,32.09988],[73.66294,32.09933],[73.6579,32.0939],[73.65307,32.07618],[73.65464,32.07514],[73.65412,32.0726],[73.65766,32.06522],[73.66318,32.0598],[73.65623,32.05197],[73.6671,32.04634],[73.65853,32.03534],[73.67482,32.03747],[73.67724,32.03965],[73.68178,32.04045],[73.69108,32.03967],[73.69379,32.04487],[73.70256,32.05111],[73.70239,32.05335],[73.70977,32.06137],[73.72078,32.07049],[73.73758,32.08061],[73.74348,32.08004],[73.73788,32.08572],[73.73588,32.09208],[73.71523,32.08293],[73.71059,32.08668],[73.71047,32.09101],[73.70824,32.09125],[73.70841,32.09353],[73.70513,32.09425],[73.70089,32.09001],[73.69723,32.09122],[73.69811,32.09396],[73.69236,32.09635],[73.69363,32.10358],[73.69524,32.10503],[73.69103,32.10958],[73.69071,32.11243],[73.68414,32.11419],[73.6841,32.11581],[73.68236,32.11612],[73.67628,32.1131],[73.67383,32.11375],[73.65985,32.12828],[73.65879,32.12598]],[[73.39108,32.03927],[73.40456,32.04348],[73.41429,32.04883],[73.41211,32.05575],[73.4072,32.05938],[73.40809,32.06264],[73.41337,32.06206],[73.41359,32.06585],[73.41139,32.06616],[73.41043,32.06849],[73.4074,32.06825],[73.40815,32.06308],[73.39428,32.06527],[73.39285,32.06993],[73.39106,32.0707],[73.38918,32.06932],[73.38542,32.07172],[73.37696,32.07778],[73.37786,32.08044],[73.37076,32.0833],[73.37089,32.08442],[73.36588,32.08311],[73.36155,32.07908],[73.36454,32.07594],[73.36178,32.069],[73.356,32.06819],[73.34856,32.07297],[73.33816,32.07165],[73.3468,32.06474],[73.35615,32.06564],[73.35938,32.06274],[73.35705,32.05828],[73.36078,32.05609],[73.36657,32.05988],[73.36726,32.05596],[73.36259,32.04562],[73.37615,32.04329],[73.3819,32.03136],[73.39034,32.03334],[73.39108,32.03927]],[[73.25674,31.92771],[73.25353,31.92224],[73.25218,31.91288],[73.25488,31.91101],[73.25555,31.90438],[73.23523,31.91087],[73.23128,31.90383],[73.23343,31.9019],[73.23265,31.89748],[73.22881,31.89396],[73.2438,31.89341],[73.26995,31.8886],[73.26824,31.88578],[73.27021,31.88518],[73.27001,31.88298],[73.2734,31.88165],[73.27349,31.8735],[73.27964,31.85074],[73.27688,31.83884],[73.27828,31.83909],[73.28462,31.8469],[73.28929,31.84877],[73.28596,31.85393],[73.28504,31.86615],[73.2992,31.86892],[73.29586,31.87469],[73.29574,31.87981],[73.29839,31.87979],[73.29961,31.88149],[73.30318,31.89043],[73.3114,31.89211],[73.31326,31.89802],[73.31224,31.90584],[73.31879,31.90625],[73.3228,31.90891],[73.32519,31.91498],[73.30935,31.91364],[73.29932,31.92019],[73.29659,31.92435],[73.28719,31.92776],[73.26493,31.92465],[73.25674,31.92771]],[[73.4883,31.89865],[73.48115,31.89614],[73.48014,31.89835],[73.47714,31.89832],[73.46747,31.88854],[73.46394,31.88833],[73.45949,31.87684],[73.46575,31.85986],[73.4776,31.85864],[73.4786,31.86182],[73.48837,31.86175],[73.49605,31.85385],[73.50031,31.85274],[73.50588,31.85612],[73.52198,31.855],[73.52239,31.85737],[73.53335,31.85651],[73.53371,31.85819],[73.53048,31.85909],[73.53094,31.86141],[73.51374,31.86661],[73.51771,31.87111],[73.50374,31.87055],[73.4942,31.87187],[73.4917,31.86988],[73.48914,31.87043],[73.49005,31.87396],[73.4837,31.87446],[73.48223,31.87308],[73.48144,31.87927],[73.49293,31.89501],[73.49164,31.90062],[73.4883,31.89865]]]]}},{"type":"Feature","properties":{"name":"Municipal Committee Malakwal","district":"Mandi Bahauddin"},"geometry":{"type":"MultiPolygon","coordinates":[[[[73.21606,32.5953],[73.22709,32.58037],[73.22487,32.5793],[73.22569,32.57535],[73.22871,32.57279],[73.22897,32.56236],[73.2233,32.56041],[73.22596,32.5578],[73.22568,32.55113],[73.22942,32.54924],[73.22482,32.54399],[73.20755,32.54292],[73.20387,32.54073],[73.20314,32.53638],[73.19993,32.53877],[73.19469,32.56505],[73.19893,32.59172],[73.21606,32.5953]]]]}},{"type":"Feature","properties":{"name":"Municipal Committee Mandi Bahauddin","district":"Mandi Bahauddin"},"geometry":{"type":"MultiPolygon","coordinates":[[[[73.51053,32.60321],[73.50717,32.59764],[73.5085,32.59374],[73.51201,32.59196],[73.512,32.59061],[73.50991,32.59049],[73.5093,32.58133],[73.5012,32.581],[73.5013,32.57532],[73.49067,32.57818],[73.47809,32.56985],[73.47192,32.57168],[73.46691,32.58491],[73.47577,32.58835],[73.48038,32.58794],[73.48342,32.58936],[73.48417,32.59484],[73.48957,32.59503],[73.49345,32.60193],[73.50167,32.60099],[73.50474,32.60559],[73.51053,32.60321]]]]}},{"type":"Feature","properties":{"name":"Municipal Committee Phalia","district":"Mandi Bahauddin"},"geometry":{"type":"MultiPolygon","coordinates":[[[[73.56278,32.42353],[73.56184,32.42111],[73.55488,32.41878],[73.54793,32.41949],[73.54623,32.4266],[73.5286,32.44088],[73.53013,32.44561],[73.53312,32.44471],[73.53896,32.44755],[73.55109,32.44504],[73.56015,32.44527],[73.5624,32.46208],[73.5765,32.46248],[73.57298,32.44863],[73.57858,32.4426],[73.58651,32.44067],[73.59014,32.44277],[73.59122,32.44163],[73.59592,32.43253],[73.59484,32.42516],[73.59706,32.41804],[73.59421,32.41535],[73.60369,32.40837],[73.59821,32.40674],[73.59633,32.40378],[73.58017,32.40839],[73.57693,32.40997],[73.57735,32.41362],[73.57373,32.41368],[73.57351,32.41937],[73.5708,32.41947],[73.56893,32.424],[73.56501,32.42493],[73.56278,32.42353]]]]}},{"type":"Feature","properties":{"name":"Municipal Committee Ahmad Pur Sial","district":"Jhang"},"geometry":{"type":"MultiPolygon","coordinates":[[[[71.74606,30.69952],[71.76621,30.69954],[71.76647,30.69675],[71.77512,30.69682],[71.77431,30.69516],[71.77961,30.69515],[71.78033,30.68586],[71.81618,30.68599],[71.81886,30.6876],[71.81475,30.67982],[71.81515,30.67194],[71.8082,30.6718],[71.80481,30.67301],[71.80466,30.67522],[71.80135,30.67514],[71.80129,30.67675],[71.78793,30.67656],[71.78804,30.67449],[71.79135,30.67457],[71.79159,30.67229],[71.80046,30.67076],[71.8005,30.66424],[71.7984,30.66412],[71.79845,30.6624],[71.78741,30.6622],[71.78654,30.66583],[71.7776,30.66572],[71.77749,30.668],[71.76391,30.66674],[71.75857,30.65315],[71.75323,30.65316],[71.75409,30.65576],[71.71895,30.65584],[71.72044,30.66679],[71.73444,30.66668],[71.73407,30.69959],[71.74606,30.69952]]]]}},{"type":"Feature","properties":{"name":"Municipal Committee Shorkot","district":"Jhang"},"geometry":{"type":"MultiPolygon","coordinates":[[[[72.08777,30.84596],[72.08984,30.84511],[72.08422,30.83087],[72.09479,30.83102],[72.09487,30.83305],[72.11124,30.82536],[72.11433,30.82937],[72.12653,30.82368],[72.12797,30.82159],[72.1243,30.82187],[72.12323,30.81838],[72.07078,30.81828],[72.07036,30.8263],[72.06347,30.8279],[72.06354,30.83005],[72.06088,30.83017],[72.06131,30.83292],[72.05772,30.83287],[72.05648,30.8383],[72.05451,30.83828],[72.05452,30.84037],[72.07354,30.84316],[72.07505,30.84495],[72.08777,30.84596]]]]}},{"type":"Feature","properties":{"name":"Municipal Committee Garh Mahraja","district":"Jhang"},"geometry":{"type":"MultiPolygon","coordinates":[[[[71.89207,30.8539],[71.91825,30.8527],[71.91801,30.84943],[71.92093,30.84891],[71.92551,30.84504],[71.92364,30.84266],[71.92312,30.83272],[71.91265,30.83395],[71.91257,30.82379],[71.90918,30.82387],[71.90892,30.8161],[71.89566,30.8188],[71.89555,30.82129],[71.88865,30.82066],[71.88857,30.82419],[71.87486,30.81912],[71.87492,30.82483],[71.86324,30.82517],[71.86352,30.8356],[71.84036,30.83738],[71.84095,30.83842],[71.83785,30.8385],[71.83787,30.83966],[71.83075,30.83928],[71.83016,30.84408],[71.83705,30.84658],[71.83717,30.85023],[71.84745,30.8636],[71.87838,30.8617],[71.87899,30.85987],[71.88505,30.85967],[71.88523,30.85755],[71.89189,30.85714],[71.89207,30.8539]]]]}},{"type":"Feature","properties":{"name":"Municipal Committee 18 Hazari","district":"Jhang"},"geometry":{"type":"MultiPolygon","coordinates":[[[[72.11136,31.21558],[72.12057,31.21383],[72.12638,31.20924],[72.12774,31.20449],[72.12758,31.20234],[72.11707,31.2013],[72.11782,31.19292],[72.12516,31.1906],[72.12702,31.18811],[72.12617,31.18499],[72.12013,31.17722],[72.11848,31.17852],[72.11328,31.17812],[72.11043,31.17672],[72.10994,31.17442],[72.10941,31.1657],[72.11367,31.16353],[72.11398,31.1556],[72.12647,31.15436],[72.11934,31.13783],[72.10152,31.14011],[72.09073,31.14378],[72.08171,31.14927],[72.06777,31.14977],[72.06668,31.15139],[72.0589,31.15297],[72.05895,31.15602],[72.03807,31.15703],[72.03512,31.15502],[72.0298,31.15526],[72.02348,31.16224],[72.02549,31.16694],[72.0361,31.17151],[72.03831,31.18402],[72.04391,31.1891],[72.05797,31.18743],[72.0608,31.1857],[72.06545,31.17546],[72.07497,31.1707],[72.08778,31.17808],[72.10089,31.18163],[72.09352,31.18794],[72.0925,31.19176],[72.09998,31.19202],[72.0998,31.19923],[72.09537,31.19991],[72.09472,31.20317],[72.08518,31.20511],[72.08328,31.19823],[72.08029,31.19721],[72.07898,31.19927],[72.07947,31.20602],[72.07743,31.21003],[72.07557,31.22204],[72.08038,31.22238],[72.08215,31.22671],[72.09656,31.22379],[72.11136,31.21558]]]]}},{"type":"Feature","properties":{"name":"District Council Jhang","district":"Jhang"},"geometry":{"type":"MultiPolygon","coordinates":[[[[72.29812,31.7728],[72.31117,31.76286],[72.31942,31.75901],[72.317,31.756],[72.31929,31.75426],[72.3336,31.74783],[72.33288,31.74352],[72.33578,31.73958],[72.34573,31.73431],[72.34122,31.72955],[72.34247,31.72874],[72.34037,31.72648],[72.34211,31.72532],[72.33613,31.71845],[72.32942,31.71101],[72.32448,31.71054],[72.31565,31.70066],[72.32235,31.69626],[72.3138,31.68666],[72.28902,31.70272],[72.2852,31.69841],[72.28584,31.69724],[72.28172,31.69245],[72.28626,31.68943],[72.28367,31.68597],[72.29803,31.67601],[72.2822,31.65789],[72.27845,31.65932],[72.26748,31.65214],[72.26285,31.65124],[72.25602,31.64444],[72.25367,31.64589],[72.23657,31.62656],[72.23834,31.62549],[72.2236,31.60932],[72.22414,31.60657],[72.22015,31.60308],[72.22634,31.60013],[72.22457,31.598],[72.22729,31.59619],[72.22669,31.5944],[72.23419,31.58891],[72.23017,31.58139],[72.22846,31.58244],[72.22541,31.57914],[72.22262,31.5809],[72.22135,31.57947],[72.22003,31.57275],[72.22275,31.57098],[72.22702,31.5758],[72.22987,31.57396],[72.23632,31.58118],[72.2391,31.58099],[72.24603,31.5763],[72.24859,31.57723],[72.25923,31.57123],[72.25837,31.5895],[72.26501,31.58531],[72.26898,31.59041],[72.26482,31.59326],[72.27105,31.60046],[72.27722,31.59647],[72.28108,31.60165],[72.2912,31.60943],[72.30646,31.61279],[72.30773,31.61663],[72.31906,31.62922],[72.32778,31.62439],[72.33838,31.63629],[72.34288,31.63472],[72.34882,31.63512],[72.3608,31.64286],[72.35866,31.64909],[72.34979,31.65755],[72.36958,31.67655],[72.37666,31.67429],[72.38704,31.67421],[72.39423,31.67034],[72.42321,31.67955],[72.4253,31.67613],[72.42658,31.66736],[72.42363,31.65608],[72.42666,31.64805],[72.42251,31.63297],[72.42061,31.6309],[72.42231,31.62976],[72.42175,31.6271],[72.42414,31.62091],[72.4226,31.6182],[72.42326,31.61551],[72.42806,31.61233],[72.42525,31.60813],[72.4374,31.6002],[72.43288,31.59556],[72.45056,31.58256],[72.44623,31.57777],[72.44797,31.57664],[72.4453,31.56935],[72.44809,31.56938],[72.4491,31.55959],[72.45395,31.55956],[72.45426,31.55048],[72.45744,31.54985],[72.45958,31.5468],[72.47379,31.54378],[72.4765,31.53655],[72.4754,31.53465],[72.48026,31.53022],[72.49353,31.52519],[72.51382,31.51208],[72.52232,31.51226],[72.52532,31.50465],[72.52912,31.50313],[72.5294,31.49316],[72.5326,31.4912],[72.53712,31.48187],[72.54365,31.48102],[72.54291,31.47951],[72.55868,31.46317],[72.5588,31.45812],[72.56497,31.45569],[72.56717,31.4582],[72.59201,31.46238],[72.59332,31.45629],[72.60721,31.45854],[72.60788,31.4556],[72.61135,31.45617],[72.61201,31.45321],[72.61008,31.45071],[72.61365,31.4506],[72.6134,31.44493],[72.62062,31.4396],[72.60961,31.4281],[72.61265,31.427],[72.61241,31.42031],[72.61807,31.42017],[72.61802,31.41857],[72.62184,31.41515],[72.62932,31.41476],[72.6318,31.4086],[72.65709,31.39532],[72.65298,31.38951],[72.65465,31.38964],[72.65629,31.38543],[72.66141,31.38672],[72.66637,31.37657],[72.6698,31.37461],[72.6753,31.37608],[72.67647,31.37387],[72.67314,31.37259],[72.67682,31.37103],[72.68117,31.37011],[72.68459,31.37166],[72.6866,31.36933],[72.68927,31.37017],[72.69148,31.36606],[72.68989,31.36257],[72.6791,31.35703],[72.67678,31.35412],[72.67703,31.34953],[72.68037,31.34496],[72.67722,31.33754],[72.68021,31.32911],[72.67396,31.31733],[72.65271,31.31435],[72.65443,31.30852],[72.64595,31.30747],[72.63747,31.30995],[72.63381,31.30831],[72.63364,31.30305],[72.63659,31.30137],[72.63578,31.29959],[72.63826,31.2956],[72.6367,31.29316],[72.64347,31.28973],[72.64091,31.28711],[72.64286,31.28491],[72.64095,31.28182],[72.64313,31.28031],[72.64094,31.27806],[72.64356,31.27606],[72.64262,31.27511],[72.6448,31.27268],[72.64394,31.27176],[72.64645,31.26977],[72.64188,31.26471],[72.63414,31.25967],[72.63036,31.26004],[72.62354,31.26516],[72.61548,31.26339],[72.61196,31.27154],[72.59441,31.26684],[72.5957,31.26577],[72.58782,31.258],[72.59357,31.25449],[72.59161,31.25249],[72.59215,31.24934],[72.58964,31.24461],[72.58618,31.24725],[72.57226,31.23356],[72.5576,31.24467],[72.55527,31.24232],[72.55269,31.24422],[72.54882,31.23983],[72.54054,31.23744],[72.53871,31.23476],[72.53987,31.2338],[72.53757,31.23156],[72.52156,31.24358],[72.49605,31.21856],[72.49342,31.22052],[72.49104,31.21822],[72.47398,31.23098],[72.46368,31.22404],[72.45425,31.21369],[72.45847,31.21051],[72.46167,31.21213],[72.4668,31.20819],[72.47138,31.21276],[72.47369,31.20953],[72.4765,31.20912],[72.4771,31.20009],[72.48073,31.20008],[72.4807,31.19574],[72.47704,31.19573],[72.47697,31.18547],[72.48792,31.18258],[72.48788,31.17823],[72.49145,31.17819],[72.4913,31.1607],[72.48766,31.1607],[72.48762,31.15631],[72.48397,31.1563],[72.48396,31.15338],[72.48031,31.15338],[72.48035,31.15193],[72.46209,31.15191],[72.46208,31.14898],[72.4657,31.14898],[72.47083,31.14298],[72.47192,31.14408],[72.47657,31.14023],[72.48012,31.14023],[72.48012,31.13302],[72.47658,31.1329],[72.47646,31.1228],[72.46915,31.1212],[72.4691,31.11828],[72.45117,31.11977],[72.45078,31.11647],[72.43878,31.11091],[72.42011,31.1069],[72.42192,31.10549],[72.42143,31.07719],[72.41262,31.07934],[72.40837,31.0785],[72.39189,31.06805],[72.38496,31.05601],[72.3804,31.0529],[72.3999,31.04153],[72.39501,31.03168],[72.39286,31.03028],[72.38013,31.03109],[72.3754,31.02941],[72.37164,31.0248],[72.35801,31.01943],[72.35555,31.01431],[72.35745,31.0056],[72.3515,30.99553],[72.3524,30.9857],[72.35091,30.98192],[72.33383,30.96903],[72.3346,30.96483],[72.32704,30.9648],[72.32603,30.95705],[72.32443,30.9576],[72.3206,30.95255],[72.32502,30.95002],[72.326,30.94604],[72.32422,30.94318],[72.32937,30.94037],[72.32926,30.93637],[72.325,30.93051],[72.32572,30.92566],[72.31848,30.92414],[72.31841,30.91389],[72.30752,30.91241],[72.30752,30.91099],[72.3002,30.91099],[72.30013,30.89928],[72.29648,30.8993],[72.29647,30.89546],[72.28753,30.89359],[72.27901,30.89598],[72.2552,30.89268],[72.24715,30.88504],[72.24665,30.88179],[72.24277,30.88293],[72.24074,30.88172],[72.24043,30.87351],[72.23501,30.86722],[72.23242,30.85725],[72.2291,30.85318],[72.23039,30.85233],[72.23001,30.84982],[72.22615,30.84637],[72.226,30.84194],[72.24347,30.84822],[72.24896,30.84819],[72.24895,30.84387],[72.25257,30.84385],[72.25254,30.83799],[72.25612,30.83797],[72.25612,30.83378],[72.25083,30.82804],[72.2517,30.82412],[72.25055,30.81976],[72.22872,30.80681],[72.22809,30.79828],[72.22629,30.79675],[72.21815,30.79995],[72.22482,30.78728],[72.23546,30.77383],[72.21216,30.73306],[72.19803,30.73193],[72.19799,30.73015],[72.18762,30.73007],[72.18759,30.72838],[72.18463,30.72833],[72.18503,30.7299],[72.17775,30.72976],[72.17428,30.72704],[72.17428,30.72445],[72.16153,30.72446],[72.16146,30.7293],[72.15793,30.72927],[72.15608,30.73038],[72.15602,30.73242],[72.15252,30.73242],[72.15252,30.73459],[72.13394,30.73657],[72.12092,30.74025],[72.10342,30.74013],[72.10344,30.73741],[72.08943,30.73719],[72.08916,30.73454],[72.06421,30.73539],[72.06073,30.73647],[72.06067,30.73918],[72.04673,30.73955],[72.04676,30.73547],[72.04396,30.73459],[72.04524,30.72989],[72.0439,30.72377],[72.03776,30.72035],[72.03342,30.72014],[72.02958,30.71486],[72.02334,30.71476],[72.02335,30.71044],[72.01427,30.71033],[72.0136,30.70708],[72.00005,30.70308],[71.9998,30.69992],[71.99416,30.70031],[71.99406,30.70415],[71.98848,30.70407],[71.98843,30.70773],[71.98375,30.70659],[71.98781,30.70077],[71.98866,30.69596],[71.99201,30.69598],[71.99224,30.68875],[71.99356,30.68847],[71.99366,30.68179],[71.99579,30.68186],[71.99591,30.6764],[71.98941,30.6763],[71.98727,30.67492],[71.9896,30.67371],[71.97284,30.67427],[71.96359,30.67174],[71.96107,30.67213],[71.96091,30.68253],[71.94909,30.6826],[71.94967,30.68082],[71.94821,30.68073],[71.94592,30.68205],[71.93088,30.68112],[71.9311,30.67007],[71.92903,30.67005],[71.92903,30.66854],[71.92097,30.6685],[71.92058,30.67005],[71.90951,30.67293],[71.9085,30.67698],[71.90566,30.67726],[71.90448,30.68059],[71.891,30.68114],[71.88187,30.67661],[71.87761,30.67954],[71.87754,30.6829],[71.87432,30.68416],[71.8718,30.68234],[71.87365,30.67916],[71.8722,30.67785],[71.86358,30.67795],[71.85865,30.67563],[71.85464,30.67031],[71.84753,30.66741],[71.84623,30.669],[71.83738,30.66247],[71.83723,30.65986],[71.82287,30.65101],[71.81692,30.65565],[71.80605,30.6484],[71.80478,30.64495],[71.79861,30.64221],[71.78673,30.62519],[71.78253,30.62407],[71.7824,30.61547],[71.78375,30.61544],[71.78502,30.61217],[71.7762,30.60904],[71.77615,30.60469],[71.77377,30.60428],[71.77018,30.60045],[71.75499,30.6021],[71.7485,30.60032],[71.74278,30.60106],[71.73059,30.59657],[71.72584,30.5963],[71.72062,30.59831],[71.71817,30.60711],[71.71204,30.60804],[71.71211,30.61714],[71.69048,30.62333],[71.67929,30.63485],[71.67451,30.63671],[71.66973,30.63151],[71.66535,30.63161],[71.65909,30.62435],[71.65352,30.62445],[71.65349,30.62883],[71.65,30.6288],[71.65004,30.6315],[71.64333,30.63157],[71.64228,30.63502],[71.63991,30.63403],[71.6319,30.63753],[71.62612,30.63791],[71.62411,30.64124],[71.61842,30.64131],[71.61829,30.6438],[71.62923,30.6462],[71.64307,30.64418],[71.65587,30.6514],[71.65806,30.66609],[71.65532,30.67275],[71.65748,30.68553],[71.65063,30.69656],[71.65043,30.69928],[71.66087,30.70511],[71.66676,30.70544],[71.68649,30.71126],[71.68192,30.72644],[71.67929,30.72862],[71.67865,30.73199],[71.6816,30.7397],[71.68372,30.75664],[71.68813,30.76001],[71.69997,30.76002],[71.70334,30.76401],[71.71784,30.77144],[71.71897,30.7756],[71.72035,30.77567],[71.72028,30.78024],[71.71787,30.78309],[71.7203,30.79469],[71.72296,30.8007],[71.72658,30.80307],[71.73022,30.80287],[71.73265,30.80705],[71.74727,30.80929],[71.7627,30.80353],[71.775,30.8092],[71.77431,30.81569],[71.77701,30.81913],[71.77897,30.82843],[71.77671,30.83515],[71.77893,30.8533],[71.78709,30.85437],[71.79725,30.85072],[71.80263,30.85572],[71.81065,30.85959],[71.81237,30.86318],[71.82176,30.8706],[71.83297,30.88661],[71.82919,30.89183],[71.80852,30.88923],[71.80036,30.89924],[71.79729,30.90826],[71.80639,30.9143],[71.80671,30.91746],[71.81054,30.92112],[71.80927,30.92552],[71.81027,30.9278],[71.81575,30.92933],[71.82087,30.93427],[71.82231,30.93767],[71.82616,30.94006],[71.8258,30.9455],[71.82758,30.94661],[71.76972,30.98632],[71.78668,31.00952],[71.8121,31.03656],[71.80895,31.0784],[71.80695,31.08265],[71.78578,31.10194],[71.78077,31.11051],[71.76474,31.14778],[71.76282,31.16109],[71.75639,31.18251],[71.75411,31.19724],[71.76159,31.22116],[71.77167,31.23921],[71.84007,31.26088],[71.84042,31.2671],[71.91491,31.27032],[71.94239,31.25876],[71.96895,31.25791],[71.96899,31.26571],[71.97758,31.26577],[71.97981,31.31979],[71.98227,31.31983],[71.98229,31.3315],[71.98594,31.33151],[71.98594,31.33443],[71.9823,31.33441],[71.98266,31.38697],[71.97871,31.38688],[71.9789,31.39568],[71.97523,31.39578],[71.97501,31.46834],[71.95979,31.47226],[71.9606,31.4781],[71.95467,31.48583],[71.95552,31.48891],[71.96309,31.49614],[71.99118,31.53474],[71.98971,31.53478],[71.99487,31.54187],[72.00601,31.5528],[72.00828,31.5577],[72.03155,31.5575],[72.03125,31.60812],[72.02018,31.61088],[72.05682,31.65431],[72.09346,31.69333],[72.10774,31.71594],[72.13618,31.7542],[72.1681,31.73639],[72.17381,31.73473],[72.17439,31.73974],[72.17605,31.74005],[72.17852,31.73896],[72.17875,31.73485],[72.19347,31.73853],[72.20241,31.73609],[72.20489,31.74297],[72.19998,31.74637],[72.20013,31.74795],[72.20165,31.75218],[72.20552,31.75632],[72.20575,31.75973],[72.21332,31.76823],[72.2111,31.77326],[72.21615,31.77567],[72.22375,31.77045],[72.22478,31.77246],[72.23325,31.77263],[72.241,31.7846],[72.24738,31.79117],[72.25699,31.78907],[72.26629,31.7836],[72.29318,31.77917],[72.29156,31.77715],[72.29812,31.7728]],[[72.2993,31.26673],[72.30016,31.26258],[72.30937,31.25426],[72.32389,31.25144],[72.33096,31.2349],[72.34617,31.24884],[72.36842,31.26104],[72.36618,31.26199],[72.36999,31.26475],[72.36447,31.26594],[72.36437,31.26913],[72.36119,31.26918],[72.3626,31.27294],[72.34186,31.26691],[72.32933,31.26944],[72.34078,31.30997],[72.32745,31.31091],[72.31552,31.30866],[72.30722,31.30102],[72.30388,31.29532],[72.30555,31.28461],[72.29382,31.27202],[72.2993,31.26673]],[[72.07898,31.19927],[72.08029,31.19721],[72.08328,31.19823],[72.08518,31.20511],[72.09472,31.20317],[72.09537,31.19991],[72.0998,31.19923],[72.09998,31.19202],[72.0925,31.19176],[72.09352,31.18794],[72.10089,31.18163],[72.08778,31.17808],[72.07497,31.1707],[72.06545,31.17546],[72.0608,31.1857],[72.05797,31.18743],[72.04391,31.1891],[72.03831,31.18402],[72.0361,31.17151],[72.02549,31.16694],[72.02348,31.16224],[72.0298,31.15526],[72.03512,31.15502],[72.03807,31.15703],[72.05895,31.15602],[72.0589,31.15297],[72.06668,31.15139],[72.06777,31.14977],[72.08171,31.14927],[72.09073,31.14378],[72.10152,31.14011],[72.11934,31.13783],[72.12647,31.15436],[72.11398,31.1556],[72.11367,31.16353],[72.10941,31.1657],[72.10994,31.17442],[72.11043,31.17672],[72.11328,31.17812],[72.11848,31.17852],[72.12013,31.17722],[72.12617,31.18499],[72.12702,31.18811],[72.12516,31.1906],[72.11782,31.19292],[72.11707,31.2013],[72.12758,31.20234],[72.12638,31.20924],[72.12057,31.21383],[72.11239,31.21455],[72.09656,31.22379],[72.08215,31.22671],[72.08038,31.22238],[72.07557,31.22204],[72.07743,31.21003],[72.07947,31.20602],[72.07898,31.19927]],[[71.84597,30.86317],[71.842,30.85541],[71.83717,30.85023],[71.83705,30.84658],[71.83016,30.84408],[71.83075,30.83928],[71.83787,30.83966],[71.83785,30.8385],[71.84095,30.83842],[71.84036,30.83738],[71.86352,30.8356],[71.86324,30.82517],[71.87492,30.82483],[71.87486,30.81912],[71.88857,30.82419],[71.88865,30.82066],[71.89555,30.82129],[71.89566,30.8188],[71.90892,30.8161],[71.90918,30.82387],[71.91257,30.82379],[71.91265,30.83395],[71.92312,30.83272],[71.92364,30.84266],[71.92551,30.84504],[71.92093,30.84891],[71.91801,30.84943],[71.91825,30.8527],[71.89207,30.8539],[71.89189,30.85714],[71.88523,30.85755],[71.88505,30.85967],[71.87899,30.85987],[71.87838,30.8617],[71.84597,30.86317]],[[72.08552,30.84605],[72.05452,30.84037],[72.05451,30.83828],[72.05648,30.8383],[72.05772,30.83287],[72.06131,30.83292],[72.06088,30.83017],[72.06354,30.83005],[72.06347,30.8279],[72.07036,30.8263],[72.07078,30.81828],[72.12323,30.81838],[72.1243,30.82187],[72.12837,30.82226],[72.11433,30.82937],[72.11124,30.82536],[72.09487,30.83305],[72.09479,30.83102],[72.08422,30.83087],[72.08984,30.84511],[72.08552,30.84605]],[[71.74463,30.69959],[71.73407,30.69959],[71.73444,30.66668],[71.72044,30.66679],[71.71895,30.65584],[71.75409,30.65576],[71.75323,30.65316],[71.75857,30.65315],[71.76391,30.66674],[71.77749,30.668],[71.7776,30.66572],[71.78654,30.66583],[71.78741,30.6622],[71.79845,30.6624],[71.7984,30.66412],[71.8005,30.66424],[71.80046,30.67076],[71.79159,30.67229],[71.79135,30.67457],[71.78804,30.67449],[71.78793,30.67656],[71.80129,30.67675],[71.80135,30.67514],[71.80466,30.67522],[71.80481,30.67301],[71.8082,30.6718],[71.81515,30.67194],[71.81475,30.67982],[71.81886,30.6876],[71.81618,30.68599],[71.78033,30.68586],[71.77961,30.69515],[71.77431,30.69516],[71.77512,30.69682],[71.76647,30.69675],[71.76621,30.69954],[71.74463,30.69959]]]]}},{"type":"Feature","properties":{"name":"Municipal Committee Toba Tek Singh","district":"Toba Tek Singh"},"geometry":{"type":"MultiPolygon","coordinates":[[[[72.48714,30.9628],[72.47768,30.95907],[72.46334,30.96985],[72.46876,30.976],[72.47178,30.98615],[72.47782,30.98873],[72.48132,30.98586],[72.47909,30.98466],[72.49638,30.97156],[72.48714,30.9628]]]]}},{"type":"Feature","properties":{"name":"Municipal Committee Pir Mahal","district":"Toba Tek Singh"},"geometry":{"type":"MultiPolygon","coordinates":[[[[72.43113,30.75347],[72.42877,30.757],[72.42559,30.75446],[72.42253,30.75884],[72.42398,30.75966],[72.42269,30.76272],[72.41368,30.76485],[72.41413,30.76593],[72.43628,30.77933],[72.44027,30.77455],[72.44847,30.78018],[72.45082,30.77721],[72.45085,30.7585],[72.44832,30.75658],[72.43958,30.75865],[72.43113,30.75347]]]]}},{"type":"Feature","properties":{"name":"Municipal Committee Kamalia","district":"Toba Tek Singh"},"geometry":{"type":"MultiPolygon","coordinates":[[[[72.65684,30.70055],[72.65899,30.69618],[72.64872,30.6964],[72.64732,30.69814],[72.64927,30.69939],[72.64769,30.7014],[72.65022,30.70298],[72.64874,30.70493],[72.65128,30.70641],[72.64882,30.71023],[72.64987,30.7121],[72.64536,30.71154],[72.64315,30.71414],[72.63944,30.71352],[72.63543,30.71843],[72.63708,30.71943],[72.63604,30.72067],[72.6349,30.72005],[72.63195,30.72375],[72.62963,30.72235],[72.62765,30.72481],[72.63196,30.72672],[72.63039,30.72768],[72.62793,30.72906],[72.61822,30.72387],[72.62064,30.72055],[72.6178,30.71884],[72.61176,30.72632],[72.62707,30.7356],[72.62584,30.73625],[72.63219,30.73816],[72.64387,30.73813],[72.66278,30.73014],[72.6596,30.72634],[72.66354,30.72442],[72.65861,30.72139],[72.66058,30.71892],[72.65639,30.71785],[72.65834,30.71311],[72.65265,30.70959],[72.65674,30.70543],[72.65684,30.70055]]]]}},{"type":"Feature","properties":{"name":"Municipal Committee Gojra","district":"Toba Tek Singh"},"geometry":{"type":"MultiPolygon","coordinates":[[[[72.70929,31.1338],[72.69896,31.14199],[72.69083,31.13421],[72.68819,31.13605],[72.68003,31.12815],[72.67587,31.13128],[72.67492,31.12972],[72.67339,31.13119],[72.67228,31.13806],[72.66208,31.14762],[72.65835,31.15532],[72.65206,31.15996],[72.65783,31.16516],[72.66527,31.1595],[72.66751,31.16167],[72.67007,31.15975],[72.67245,31.16206],[72.67587,31.15945],[72.67691,31.16138],[72.67505,31.16459],[72.6951,31.18419],[72.69922,31.17638],[72.69954,31.15875],[72.70212,31.15997],[72.70579,31.15717],[72.70199,31.15605],[72.72138,31.14118],[72.71896,31.13836],[72.71501,31.13958],[72.70929,31.1338]]]]}},{"type":"Feature","properties":{"name":"District Council Toba Tek Singh","district":"Toba Tek Singh"},"geometry":{"type":"MultiPolygon","coordinates":[[[[72.75658,31.37301],[72.79511,31.37193],[72.78809,31.33755],[72.79082,31.33817],[72.79172,31.33493],[72.78928,31.32742],[72.79222,31.32898],[72.80229,31.32141],[72.79998,31.31915],[72.80304,31.31679],[72.79923,31.31148],[72.8073,31.30287],[72.81389,31.29813],[72.8217,31.29553],[72.82138,31.29247],[72.83581,31.28208],[72.83663,31.25341],[72.81893,31.25492],[72.82098,31.24236],[72.8192,31.24097],[72.81658,31.24193],[72.81677,31.2389],[72.81439,31.24006],[72.81299,31.23794],[72.80889,31.23798],[72.8089,31.23093],[72.81108,31.23012],[72.80066,31.2166],[72.79521,31.21423],[72.78718,31.20496],[72.80833,31.18885],[72.80974,31.18344],[72.80354,31.1847],[72.7864,31.19302],[72.76226,31.16956],[72.75182,31.16781],[72.75543,31.16385],[72.75491,31.16182],[72.75958,31.15611],[72.76038,31.15252],[72.75819,31.14911],[72.74518,31.14018],[72.75021,31.13282],[72.75141,31.11393],[72.74495,31.09084],[72.74159,31.08701],[72.7286,31.08152],[72.72076,31.08255],[72.71593,31.0863],[72.70777,31.08251],[72.71074,31.07893],[72.72008,31.07546],[72.74409,31.05816],[72.7627,31.07705],[72.76786,31.08014],[72.77034,31.07959],[72.7895,31.05615],[72.78082,31.05089],[72.78686,31.04337],[72.78112,31.03988],[72.79123,31.02746],[72.78259,31.02231],[72.77757,31.02293],[72.769,31.01786],[72.77297,31.01284],[72.76729,31.00935],[72.77132,31.00439],[72.76553,31.00097],[72.76969,30.99602],[72.76088,30.99079],[72.76489,30.98582],[72.76195,30.98393],[72.76408,30.98153],[72.74105,30.96768],[72.74494,30.96275],[72.74219,30.96083],[72.75019,30.95098],[72.73865,30.94416],[72.74262,30.93905],[72.73714,30.93577],[72.73512,30.93817],[72.73218,30.93656],[72.73014,30.93893],[72.72291,30.93461],[72.72148,30.93375],[72.72535,30.92867],[72.71971,30.92531],[72.7157,30.93009],[72.71298,30.92844],[72.71084,30.93089],[72.7051,30.92753],[72.70897,30.92259],[72.70629,30.9208],[72.70842,30.91809],[72.70254,30.91463],[72.70375,30.90805],[72.70576,30.90553],[72.69139,30.8969],[72.68937,30.89921],[72.68569,30.89722],[72.68355,30.89585],[72.68551,30.89342],[72.6685,30.88297],[72.67912,30.86817],[72.68063,30.86812],[72.68994,30.8568],[72.69182,30.85895],[72.69548,30.85494],[72.69836,30.85664],[72.70041,30.85416],[72.70325,30.85584],[72.70527,30.8534],[72.70811,30.85511],[72.71015,30.85268],[72.71307,30.85439],[72.73396,30.82849],[72.73026,30.82789],[72.73831,30.81792],[72.73264,30.81444],[72.74575,30.79819],[72.71038,30.77881],[72.71644,30.77132],[72.70502,30.76448],[72.70878,30.75931],[72.70447,30.75669],[72.70868,30.75182],[72.70755,30.74573],[72.71102,30.73592],[72.7165,30.73797],[72.71982,30.73798],[72.72141,30.7359],[72.7252,30.73738],[72.72963,30.7359],[72.73042,30.73278],[72.73368,30.7309],[72.74473,30.73707],[72.75329,30.73595],[72.75701,30.74428],[72.76136,30.74585],[72.76079,30.74791],[72.76262,30.74877],[72.78527,30.74443],[72.79449,30.74444],[72.79811,30.73882],[72.79759,30.7373],[72.80503,30.73508],[72.8087,30.73054],[72.81072,30.72637],[72.81061,30.72186],[72.8164,30.72168],[72.82051,30.71807],[72.82046,30.71658],[72.81139,30.71565],[72.81197,30.71207],[72.81786,30.70794],[72.819,30.70546],[72.81543,30.7038],[72.80678,30.71019],[72.8,30.7118],[72.80086,30.70942],[72.79691,30.70764],[72.7964,30.70582],[72.79263,30.70509],[72.79244,30.70722],[72.78859,30.70759],[72.7869,30.70357],[72.78662,30.71083],[72.78325,30.71228],[72.78336,30.70882],[72.78243,30.71413],[72.77423,30.71278],[72.77636,30.70792],[72.77092,30.70662],[72.76953,30.71072],[72.76417,30.70828],[72.76539,30.70406],[72.76167,30.70097],[72.76768,30.70201],[72.7692,30.69933],[72.7579,30.69668],[72.75424,30.70001],[72.74892,30.6894],[72.74699,30.68844],[72.75574,30.6827],[72.75826,30.67652],[72.75526,30.67449],[72.75624,30.67057],[72.75217,30.66997],[72.74958,30.67693],[72.74649,30.67803],[72.73322,30.67955],[72.72882,30.67595],[72.72912,30.66804],[72.72492,30.6663],[72.72371,30.66365],[72.72549,30.66128],[72.73043,30.66225],[72.7315,30.66473],[72.73387,30.66284],[72.73129,30.66188],[72.7337,30.65513],[72.75148,30.65341],[72.75639,30.65971],[72.76124,30.66072],[72.76182,30.65825],[72.75846,30.65129],[72.74603,30.64957],[72.74246,30.64629],[72.73918,30.63758],[72.74056,30.63563],[72.75331,30.6432],[72.75779,30.63891],[72.75308,30.63097],[72.75041,30.63116],[72.74575,30.62849],[72.74085,30.62369],[72.74146,30.62241],[72.73334,30.61793],[72.73718,30.6111],[72.73193,30.60019],[72.73364,30.59605],[72.70541,30.59602],[72.70543,30.59473],[72.70956,30.59386],[72.70986,30.59044],[72.71306,30.59033],[72.71421,30.58681],[72.71244,30.58636],[72.71112,30.58309],[72.70553,30.57914],[72.70125,30.58468],[72.69868,30.58474],[72.69348,30.58239],[72.6876,30.57543],[72.65743,30.58174],[72.64953,30.57867],[72.6487,30.57301],[72.64259,30.5729],[72.64255,30.57521],[72.63571,30.5727],[72.63152,30.57482],[72.6319,30.5782],[72.63478,30.58117],[72.63214,30.58696],[72.62881,30.58852],[72.62375,30.57797],[72.61646,30.57272],[72.60848,30.57655],[72.59851,30.57423],[72.58714,30.57665],[72.5751,30.57698],[72.57554,30.57552],[72.56573,30.57454],[72.56282,30.57677],[72.56395,30.57971],[72.55857,30.58379],[72.55806,30.58881],[72.56511,30.58956],[72.57686,30.58429],[72.58177,30.58739],[72.57511,30.5958],[72.57065,30.59792],[72.56479,30.59473],[72.55991,30.59408],[72.56229,30.60339],[72.56083,30.60535],[72.5531,30.60767],[72.54727,30.61743],[72.54138,30.61618],[72.53704,30.61157],[72.53463,30.60702],[72.53659,30.60369],[72.53011,30.59803],[72.52461,30.59789],[72.52254,30.60153],[72.52304,30.60324],[72.52711,30.6051],[72.52566,30.60622],[72.51963,30.60524],[72.5169,30.59882],[72.50504,30.60247],[72.49902,30.59562],[72.49913,30.59311],[72.49699,30.59032],[72.48801,30.58263],[72.47362,30.57872],[72.4645,30.57824],[72.45486,30.58135],[72.45403,30.58351],[72.45234,30.58342],[72.45248,30.58869],[72.45021,30.58912],[72.4493,30.59539],[72.44556,30.59933],[72.43875,30.60119],[72.4361,30.60003],[72.43391,30.59617],[72.41696,30.60031],[72.4084,30.59656],[72.39922,30.60058],[72.39402,30.60515],[72.3911,30.60532],[72.38218,30.60287],[72.38329,30.6004],[72.3827,30.58552],[72.3721,30.57202],[72.3664,30.56918],[72.36654,30.56677],[72.36167,30.56667],[72.36048,30.57141],[72.36161,30.58255],[72.36935,30.58774],[72.36926,30.59048],[72.36709,30.59123],[72.36508,30.58776],[72.36319,30.58837],[72.35912,30.58529],[72.35499,30.58558],[72.34941,30.58189],[72.34414,30.5819],[72.33552,30.5768],[72.33354,30.5792],[72.32924,30.5765],[72.32772,30.58134],[72.32499,30.58301],[72.32234,30.5823],[72.32027,30.5795],[72.31259,30.58081],[72.31116,30.57989],[72.31173,30.57542],[72.31406,30.57361],[72.30848,30.57464],[72.30017,30.56779],[72.30198,30.56635],[72.30174,30.55665],[72.30051,30.55544],[72.30168,30.55489],[72.3018,30.54229],[72.30636,30.53837],[72.30256,30.53873],[72.30249,30.53758],[72.2914,30.53711],[72.28784,30.54096],[72.27147,30.53826],[72.27705,30.54312],[72.2888,30.56563],[72.28593,30.56764],[72.27944,30.5679],[72.27032,30.55919],[72.26622,30.55997],[72.26211,30.56414],[72.25305,30.56556],[72.25051,30.56464],[72.25042,30.55549],[72.24919,30.55697],[72.24722,30.55644],[72.24769,30.55247],[72.24581,30.54816],[72.23855,30.54796],[72.23855,30.55074],[72.23493,30.55076],[72.23493,30.55221],[72.22772,30.55369],[72.22772,30.55513],[72.2241,30.55514],[72.22411,30.55805],[72.22048,30.55806],[72.22049,30.56244],[72.21686,30.56243],[72.21689,30.56826],[72.20699,30.56932],[72.20158,30.56751],[72.1941,30.56866],[72.18193,30.5673],[72.16525,30.56931],[72.13743,30.57617],[72.14467,30.60749],[72.22704,30.76067],[72.23546,30.77383],[72.22482,30.78728],[72.21815,30.79995],[72.22629,30.79675],[72.22809,30.79828],[72.22872,30.80681],[72.25055,30.81976],[72.2517,30.82412],[72.25083,30.82804],[72.25612,30.83378],[72.25612,30.83797],[72.25254,30.83799],[72.25257,30.84385],[72.24895,30.84387],[72.24896,30.84819],[72.24347,30.84822],[72.226,30.84194],[72.22615,30.84637],[72.23001,30.84982],[72.23039,30.85233],[72.2291,30.85318],[72.23242,30.85725],[72.23501,30.86722],[72.24043,30.87351],[72.24074,30.88172],[72.24277,30.88293],[72.24665,30.88179],[72.24715,30.88504],[72.2552,30.89268],[72.27901,30.89598],[72.28753,30.89359],[72.29647,30.89546],[72.29648,30.8993],[72.30013,30.89928],[72.3002,30.91099],[72.30752,30.91099],[72.30752,30.91241],[72.31841,30.91389],[72.31848,30.92414],[72.32572,30.92566],[72.325,30.93051],[72.32926,30.93637],[72.32937,30.94037],[72.32422,30.94318],[72.326,30.94604],[72.32502,30.95002],[72.3206,30.95255],[72.32443,30.9576],[72.32603,30.95705],[72.32704,30.9648],[72.3346,30.96483],[72.33383,30.96903],[72.35091,30.98192],[72.3524,30.9857],[72.3515,30.99553],[72.35745,31.0056],[72.35555,31.01431],[72.35801,31.01943],[72.37164,31.0248],[72.3754,31.02941],[72.38013,31.03109],[72.39286,31.03028],[72.39501,31.03168],[72.3999,31.04153],[72.3804,31.0529],[72.38496,31.05601],[72.39189,31.06805],[72.40837,31.0785],[72.41262,31.07934],[72.42143,31.07719],[72.42192,31.10549],[72.42011,31.1069],[72.43878,31.11091],[72.45078,31.11647],[72.45117,31.11977],[72.4691,31.11828],[72.46915,31.1212],[72.47646,31.1228],[72.47658,31.1329],[72.48012,31.13302],[72.48012,31.14023],[72.47657,31.14023],[72.47192,31.14408],[72.47083,31.14298],[72.4657,31.14898],[72.46208,31.14898],[72.46209,31.15191],[72.48035,31.15193],[72.48031,31.15338],[72.48396,31.15338],[72.48397,31.1563],[72.48762,31.15631],[72.48766,31.1607],[72.4913,31.1607],[72.49145,31.17819],[72.48788,31.17823],[72.48792,31.18258],[72.47697,31.18547],[72.47704,31.19573],[72.4807,31.19574],[72.48073,31.20008],[72.4771,31.20009],[72.4765,31.20912],[72.47369,31.20953],[72.47138,31.21276],[72.4668,31.20819],[72.46167,31.21213],[72.45847,31.21051],[72.45425,31.21369],[72.46368,31.22404],[72.47398,31.23098],[72.49104,31.21822],[72.49342,31.22052],[72.49605,31.21856],[72.52156,31.24358],[72.53757,31.23156],[72.53987,31.2338],[72.53871,31.23476],[72.54054,31.23744],[72.54882,31.23983],[72.55269,31.24422],[72.55527,31.24232],[72.5576,31.24467],[72.57226,31.23356],[72.58618,31.24725],[72.58964,31.24461],[72.59215,31.24934],[72.59161,31.25249],[72.59357,31.25449],[72.58782,31.258],[72.5957,31.26577],[72.59441,31.26684],[72.60972,31.27128],[72.61196,31.27154],[72.61548,31.26339],[72.62354,31.26516],[72.63036,31.26004],[72.63606,31.26019],[72.64645,31.26977],[72.64394,31.27176],[72.6448,31.27268],[72.64262,31.27511],[72.64356,31.27606],[72.64094,31.27806],[72.64313,31.28031],[72.64095,31.28182],[72.64286,31.28491],[72.64091,31.28711],[72.64347,31.28973],[72.6367,31.29316],[72.63826,31.2956],[72.63578,31.29959],[72.63659,31.30137],[72.63364,31.30305],[72.63381,31.30831],[72.63747,31.30995],[72.64595,31.30747],[72.65443,31.30852],[72.65271,31.31435],[72.67396,31.31733],[72.68021,31.32911],[72.67722,31.33717],[72.6805,31.34323],[72.67997,31.34649],[72.67694,31.3498],[72.67678,31.35412],[72.67853,31.35652],[72.68798,31.36085],[72.69323,31.36681],[72.70122,31.363],[72.72111,31.35943],[72.72484,31.35564],[72.73413,31.36472],[72.73943,31.36073],[72.75263,31.37363],[72.75658,31.37301]],[[72.69502,31.18412],[72.67505,31.16459],[72.67691,31.16138],[72.67587,31.15945],[72.67245,31.16206],[72.67007,31.15975],[72.66751,31.16167],[72.66527,31.1595],[72.65783,31.16516],[72.65206,31.15996],[72.65835,31.15532],[72.66208,31.14762],[72.67228,31.13806],[72.67339,31.13119],[72.67492,31.12972],[72.67587,31.13128],[72.68003,31.12815],[72.68819,31.13605],[72.69083,31.13421],[72.69896,31.14199],[72.70929,31.1338],[72.71501,31.13958],[72.71896,31.13836],[72.72138,31.14118],[72.70199,31.15605],[72.70579,31.15717],[72.70212,31.15997],[72.69954,31.15875],[72.69922,31.17638],[72.69502,31.18412]],[[72.4692,30.96542],[72.47768,30.95907],[72.48714,30.9628],[72.49638,30.97156],[72.47909,30.98466],[72.48132,30.98586],[72.47782,30.98873],[72.47048,30.98492],[72.46876,30.976],[72.46334,30.96985],[72.4692,30.96542]],[[72.44847,30.78018],[72.44027,30.77455],[72.43628,30.77933],[72.41368,30.76485],[72.42269,30.76272],[72.42398,30.75966],[72.42253,30.75884],[72.42559,30.75446],[72.42877,30.757],[72.43113,30.75347],[72.43958,30.75865],[72.44832,30.75658],[72.45131,30.76043],[72.45082,30.77721],[72.44847,30.78018]],[[72.61727,30.71945],[72.62064,30.72055],[72.61822,30.72387],[72.62793,30.72906],[72.63196,30.72672],[72.62765,30.72481],[72.62963,30.72235],[72.63195,30.72375],[72.6349,30.72005],[72.63604,30.72067],[72.63708,30.71943],[72.63543,30.71843],[72.63944,30.71352],[72.64315,30.71414],[72.64536,30.71154],[72.64987,30.7121],[72.64882,30.71023],[72.65128,30.70641],[72.64874,30.70493],[72.65022,30.70298],[72.64769,30.7014],[72.64927,30.69939],[72.64732,30.69814],[72.64851,30.69662],[72.65899,30.69618],[72.65688,30.69899],[72.65674,30.70543],[72.65265,30.70959],[72.65834,30.71311],[72.65639,30.71785],[72.66058,30.71892],[72.65861,30.72139],[72.66354,30.72442],[72.6596,30.72634],[72.66278,30.73014],[72.64387,30.73813],[72.63159,30.73808],[72.62584,30.73625],[72.62707,30.7356],[72.61176,30.72632],[72.61727,30.71945]]]]}},{"type":"Feature","properties":{"name":"District Council Khushab","district":"Khushab"},"geometry":{"type":"MultiPolygon","coordinates":[[[[72.26944,32.30781],[72.26943,32.30779],[72.26938,32.30779],[72.26944,32.30781]]],[[[72.14241,32.72819],[72.14473,32.7244],[72.14255,32.72511],[72.14203,32.72309],[72.13836,32.72294],[72.13914,32.72113],[72.1461,32.72027],[72.14913,32.72198],[72.15437,32.7204],[72.15306,32.71731],[72.1486,32.71609],[72.14906,32.71149],[72.15192,32.70735],[72.1527,32.71138],[72.15813,32.70992],[72.16773,32.71138],[72.17126,32.70531],[72.17173,32.70977],[72.17366,32.71138],[72.17747,32.70906],[72.17972,32.7107],[72.1824,32.7101],[72.18186,32.70549],[72.18907,32.70902],[72.1906,32.70731],[72.20693,32.70753],[72.21031,32.70467],[72.21359,32.70636],[72.24986,32.70486],[72.2689,32.69891],[72.2969,32.69549],[72.29677,32.69691],[72.31795,32.69487],[72.33081,32.68681],[72.33283,32.6824],[72.34071,32.68243],[72.34463,32.67676],[72.34309,32.67004],[72.34918,32.66568],[72.35092,32.66149],[72.35362,32.66517],[72.36565,32.66526],[72.36572,32.66263],[72.36802,32.66084],[72.36571,32.65216],[72.36804,32.65024],[72.36685,32.64549],[72.36899,32.63835],[72.38208,32.63716],[72.3885,32.63478],[72.39636,32.62693],[72.40078,32.62669],[72.40612,32.63187],[72.41226,32.63325],[72.41064,32.63939],[72.41288,32.64225],[72.4134,32.64748],[72.42396,32.65172],[72.42525,32.65381],[72.42273,32.65676],[72.4302,32.66176],[72.42929,32.66647],[72.43819,32.67275],[72.44481,32.6729],[72.44993,32.67597],[72.45264,32.67282],[72.45994,32.67843],[72.47293,32.67822],[72.47419,32.67603],[72.51088,32.68846],[72.51652,32.68689],[72.51819,32.68261],[72.50786,32.66544],[72.50983,32.66457],[72.50686,32.66278],[72.50189,32.65272],[72.50439,32.65372],[72.51017,32.6507],[72.51302,32.65128],[72.51405,32.65485],[72.51842,32.65882],[72.52843,32.65478],[72.53362,32.65445],[72.54192,32.66044],[72.54338,32.65726],[72.53212,32.64557],[72.53321,32.64446],[72.53155,32.64302],[72.53068,32.63434],[72.53114,32.63114],[72.53944,32.62625],[72.53762,32.62396],[72.55066,32.61801],[72.54364,32.60809],[72.55151,32.60371],[72.55489,32.59874],[72.56073,32.59747],[72.56072,32.59619],[72.56562,32.59641],[72.56929,32.59448],[72.57452,32.59572],[72.58003,32.5935],[72.5859,32.59386],[72.59201,32.59195],[72.59646,32.58619],[72.60129,32.58623],[72.60128,32.58119],[72.60496,32.58117],[72.60492,32.57804],[72.61527,32.57976],[72.61367,32.57761],[72.61542,32.57045],[72.61326,32.55336],[72.61485,32.55091],[72.61302,32.54519],[72.60618,32.5421],[72.60547,32.53798],[72.60673,32.53744],[72.60404,32.53004],[72.60764,32.53009],[72.6101,32.5183],[72.61544,32.51342],[72.61487,32.50514],[72.6161,32.50128],[72.6223,32.49475],[72.62469,32.48962],[72.62587,32.4797],[72.63236,32.47087],[72.63231,32.46764],[72.61901,32.46096],[72.62106,32.45554],[72.62385,32.45577],[72.62647,32.44635],[72.62574,32.44458],[72.63033,32.44159],[72.6271,32.44016],[72.62716,32.43597],[72.63049,32.43288],[72.62652,32.42795],[72.62789,32.42194],[72.62623,32.41855],[72.62131,32.41532],[72.60917,32.4115],[72.60294,32.41231],[72.59948,32.40985],[72.59016,32.40764],[72.58914,32.41142],[72.58689,32.41277],[72.56645,32.40994],[72.5681,32.40713],[72.54066,32.38738],[72.51548,32.37788],[72.50568,32.372],[72.46694,32.33853],[72.4594,32.33612],[72.44689,32.33521],[72.43995,32.32948],[72.42293,32.32189],[72.40967,32.30684],[72.40636,32.30624],[72.40144,32.30214],[72.39501,32.301],[72.38695,32.30252],[72.36848,32.28862],[72.34862,32.27053],[72.35145,32.26735],[72.3486,32.26368],[72.34944,32.2612],[72.3466,32.26084],[72.34453,32.25518],[72.33632,32.24641],[72.32959,32.22606],[72.32658,32.21068],[72.32311,32.20375],[72.31686,32.19728],[72.31414,32.18987],[72.31648,32.17676],[72.32029,32.1664],[72.31848,32.12708],[72.32288,32.1037],[72.31952,32.09387],[72.31152,32.08929],[72.2972,32.07626],[72.29455,32.06062],[72.28576,32.06065],[72.28357,32.05576],[72.27948,32.0528],[72.28247,32.04369],[72.27588,32.03491],[72.27209,32.02588],[72.2669,32.02289],[72.26274,32.02385],[72.26029,32.02243],[72.25545,32.01833],[72.25409,32.01465],[72.25064,32.01619],[72.24704,32.0088],[72.2468,31.9994],[72.25037,31.98623],[72.25301,31.98152],[72.26228,31.98104],[72.25383,31.9726],[72.25071,31.96695],[72.24744,31.94732],[72.24253,31.94286],[72.23182,31.94018],[72.2324,31.9321],[72.22648,31.9271],[72.22798,31.92289],[72.22694,31.91967],[72.24772,31.91682],[72.24713,31.92068],[72.24968,31.91988],[72.25784,31.91396],[72.26206,31.90872],[72.26355,31.89932],[72.25991,31.89032],[72.2598,31.88516],[72.2559,31.88463],[72.2487,31.8776],[72.23863,31.85727],[72.24192,31.84803],[72.23889,31.84279],[72.24145,31.83688],[72.22507,31.83285],[72.22527,31.82015],[72.22196,31.81676],[72.21472,31.81452],[72.21589,31.80757],[72.20269,31.79102],[72.20239,31.78496],[72.20385,31.78226],[72.202,31.77544],[72.19581,31.76977],[72.2027,31.76758],[72.20897,31.7684],[72.21256,31.76655],[72.20575,31.75973],[72.20552,31.75632],[72.20165,31.75218],[72.20013,31.74795],[72.19998,31.74637],[72.20474,31.74354],[72.20371,31.7378],[72.20241,31.73609],[72.19347,31.73853],[72.17875,31.73485],[72.17852,31.73896],[72.17605,31.74005],[72.17439,31.73974],[72.17381,31.73473],[72.1681,31.73639],[72.13618,31.7542],[72.10774,31.71594],[72.09346,31.69333],[72.05682,31.65431],[72.02018,31.61088],[72.03125,31.60812],[72.03155,31.5575],[72.00828,31.5577],[72.00601,31.5528],[71.99487,31.54187],[71.98715,31.52933],[71.97684,31.53376],[71.95565,31.53834],[71.85958,31.60854],[71.76879,31.68076],[71.7526,31.67588],[71.74404,31.68682],[71.72914,31.77285],[71.72499,31.77283],[71.72444,31.78911],[71.71809,31.79894],[71.71025,31.8077],[71.66811,31.828],[71.67023,31.83193],[71.65035,31.83847],[71.63756,31.84769],[71.6306,31.84154],[71.60984,31.85529],[71.69636,31.94695],[71.69947,31.94698],[71.69946,31.95024],[71.70343,31.95444],[71.70813,31.95463],[71.70898,31.9736],[71.70758,31.98613],[71.70546,31.98957],[71.70549,32.00034],[71.69843,32.00983],[71.6984,32.01405],[71.71264,32.01384],[71.71247,32.01937],[71.71953,32.0192],[71.7196,32.02473],[71.72681,32.0248],[71.72758,32.03233],[71.73393,32.03304],[71.73385,32.04735],[71.74879,32.04358],[71.74881,32.04924],[71.75234,32.04912],[71.75223,32.05787],[71.75589,32.06154],[71.76307,32.06369],[71.76297,32.06746],[71.75954,32.07519],[71.75962,32.08822],[71.75277,32.08809],[71.75253,32.12677],[71.75872,32.12658],[71.7591,32.15875],[71.73521,32.19739],[71.73174,32.19949],[71.71599,32.19931],[71.71641,32.22891],[71.71437,32.2289],[71.71458,32.24784],[71.71054,32.24796],[71.71051,32.25857],[71.71302,32.25864],[71.71332,32.26125],[71.71313,32.26924],[71.71065,32.26919],[71.7106,32.28319],[71.72188,32.28333],[71.72193,32.29179],[71.78505,32.3547],[71.78523,32.35846],[71.78743,32.35937],[71.78888,32.36369],[71.79484,32.36373],[71.79485,32.367],[71.79846,32.36694],[71.79886,32.37798],[71.80229,32.37656],[71.81319,32.38307],[71.81312,32.38822],[71.81956,32.38822],[71.82746,32.39792],[71.82884,32.40424],[71.82743,32.40522],[71.82741,32.41441],[71.83283,32.41429],[71.83527,32.42263],[71.83275,32.42414],[71.83179,32.43153],[71.83314,32.43218],[71.82872,32.43612],[71.82489,32.43658],[71.8236,32.43492],[71.82084,32.43614],[71.81612,32.4449],[71.81908,32.44773],[71.81469,32.45062],[71.81399,32.4533],[71.80716,32.45486],[71.80507,32.45403],[71.80193,32.45723],[71.80102,32.45489],[71.79422,32.45489],[71.7896,32.46464],[71.77957,32.46558],[71.77793,32.46857],[71.78545,32.47472],[71.78173,32.4784],[71.78224,32.48638],[71.78734,32.48672],[71.78623,32.4881],[71.78942,32.49011],[71.7923,32.48984],[71.79272,32.4875],[71.79956,32.48962],[71.80897,32.49887],[71.82158,32.50163],[71.82007,32.51386],[71.82629,32.51608],[71.82566,32.52497],[71.83771,32.53776],[71.84612,32.54266],[71.86158,32.55051],[71.88292,32.55618],[71.90348,32.55261],[71.91315,32.55826],[71.91895,32.55871],[71.9368,32.55202],[71.93694,32.55633],[71.94036,32.55693],[71.93992,32.56347],[71.94408,32.56362],[71.94399,32.5665],[71.94887,32.56799],[71.95371,32.56547],[71.95969,32.56934],[71.96198,32.56785],[71.96537,32.57202],[71.97067,32.5691],[71.97784,32.573],[71.97831,32.57627],[71.97159,32.57913],[71.96936,32.58216],[71.9715,32.59088],[71.97332,32.59464],[71.97689,32.59677],[71.98419,32.59754],[71.98534,32.60125],[71.99142,32.60055],[71.9907,32.60499],[71.99602,32.60597],[72.00088,32.60419],[72.00369,32.6053],[72.0094,32.60391],[72.01079,32.60617],[72.01357,32.60534],[72.01471,32.61055],[72.02301,32.61221],[72.02687,32.60863],[72.02787,32.61271],[72.04102,32.61649],[72.03955,32.6222],[72.04379,32.62285],[72.04589,32.6277],[72.0532,32.62791],[72.05476,32.63041],[72.0583,32.63086],[72.0606,32.63353],[72.0622,32.63256],[72.07284,32.64227],[72.08296,32.64376],[72.09345,32.64946],[72.10841,32.65158],[72.12029,32.65829],[72.12708,32.66375],[72.13526,32.67442],[72.14262,32.67951],[72.14105,32.68151],[72.14495,32.6821],[72.13335,32.68787],[72.13358,32.68895],[72.13745,32.68844],[72.13677,32.68996],[72.14108,32.69254],[72.13834,32.69626],[72.13885,32.69805],[72.13439,32.69837],[72.13228,32.7015],[72.13593,32.70432],[72.13451,32.70643],[72.13689,32.70718],[72.13534,32.70855],[72.13474,32.71717],[72.13248,32.71622],[72.13168,32.71902],[72.12659,32.71925],[72.12558,32.72059],[72.12731,32.7219],[72.13266,32.72178],[72.12844,32.72318],[72.12777,32.72674],[72.13712,32.72562],[72.14241,32.72819]],[[72.16246,32.57954],[72.15879,32.57449],[72.15567,32.57949],[72.15003,32.57783],[72.15042,32.57579],[72.1466,32.57415],[72.14726,32.57295],[72.14213,32.57483],[72.14619,32.56918],[72.14045,32.5669],[72.14183,32.56436],[72.14037,32.56348],[72.14302,32.5627],[72.14573,32.55762],[72.16757,32.55918],[72.17045,32.56305],[72.16901,32.56538],[72.17406,32.56648],[72.17325,32.56908],[72.17753,32.56866],[72.17898,32.57058],[72.17369,32.57467],[72.16961,32.58211],[72.16768,32.58246],[72.16859,32.58603],[72.16548,32.58652],[72.16246,32.57954]],[[72.24814,32.39163],[72.24687,32.39067],[72.24776,32.38935],[72.24052,32.38482],[72.21144,32.37996],[72.19792,32.37467],[72.19844,32.34732],[72.17632,32.33877],[72.17618,32.33611],[72.17266,32.33624],[72.17271,32.33398],[72.17042,32.33398],[72.17053,32.33059],[72.16778,32.33055],[72.16922,32.32534],[72.16517,32.3253],[72.16542,32.32321],[72.16392,32.32318],[72.16402,32.32091],[72.162,32.32095],[72.16173,32.31779],[72.15843,32.31777],[72.15899,32.30355],[72.16174,32.30355],[72.16179,32.29861],[72.16738,32.29917],[72.1685,32.26108],[72.17078,32.26092],[72.17067,32.25962],[72.19798,32.24876],[72.25768,32.24851],[72.26624,32.27244],[72.2683,32.27032],[72.2811,32.27128],[72.2889,32.2674],[72.29469,32.26739],[72.30024,32.26412],[72.30385,32.27118],[72.30889,32.27439],[72.30889,32.27659],[72.31125,32.27845],[72.3069,32.27764],[72.30708,32.29144],[72.29701,32.29028],[72.29698,32.29449],[72.29278,32.29466],[72.29278,32.30549],[72.28998,32.30559],[72.29004,32.30822],[72.27321,32.30835],[72.27377,32.31059],[72.27212,32.31201],[72.27315,32.36198],[72.26167,32.37289],[72.24814,32.39163]],[[72.36157,32.31952],[72.35056,32.31876],[72.3521,32.31329],[72.34312,32.31324],[72.33991,32.31881],[72.33287,32.31887],[72.33325,32.31625],[72.32915,32.31633],[72.33176,32.31343],[72.3256,32.31352],[72.32559,32.31178],[72.32428,32.31226],[72.32422,32.31043],[72.32781,32.30891],[72.32623,32.30636],[72.32331,32.30778],[72.32198,32.3054],[72.31848,32.30536],[72.31832,32.29271],[72.33726,32.27947],[72.33362,32.2769],[72.33595,32.27715],[72.33974,32.27466],[72.34111,32.27659],[72.35334,32.28079],[72.35686,32.28532],[72.36048,32.29544],[72.37201,32.30806],[72.37085,32.31232],[72.37269,32.31308],[72.36636,32.31823],[72.36381,32.31561],[72.36157,32.31952]],[[72.12959,32.27912],[72.11793,32.27916],[72.11442,32.295],[72.07623,32.29839],[72.07621,32.28116],[72.06882,32.28205],[72.0864,32.23955],[72.10541,32.23627],[72.10579,32.22982],[72.11057,32.22841],[72.11949,32.22077],[72.12227,32.23148],[72.126,32.23],[72.13212,32.24387],[72.13231,32.26824],[72.13031,32.27104],[72.12959,32.27912]],[[71.88194,32.33262],[71.89768,32.33347],[71.89778,32.33524],[71.90074,32.3339],[71.90078,32.33653],[71.90491,32.33599],[71.90892,32.33775],[71.91102,32.34144],[71.90854,32.34813],[71.89348,32.34828],[71.8936,32.34983],[71.89033,32.3498],[71.89029,32.34033],[71.86785,32.34945],[71.86788,32.33764],[71.88185,32.33086],[71.88194,32.33262]],[[71.89491,31.88786],[71.89302,31.88784],[71.89264,31.87795],[71.89467,31.87829],[71.89527,31.86974],[71.89746,31.86958],[71.89898,31.87208],[71.90639,31.87279],[71.90643,31.87555],[71.91087,31.87522],[71.91073,31.87755],[71.91225,31.87795],[71.91222,31.88807],[71.90335,31.88946],[71.90358,31.89145],[71.89316,31.89133],[71.89491,31.88786]]]]}},{"type":"Feature","properties":{"name":"District Council Bhakkar","district":"Bhakkar"},"geometry":{"type":"MultiPolygon","coordinates":[[[[71.21248,32.20694],[71.22614,32.20146],[71.24498,32.19908],[71.25805,32.19525],[71.30933,32.17492],[71.3103,32.17583],[71.32549,32.16618],[71.34896,32.20662],[71.35763,32.20014],[71.41285,32.19911],[71.40976,32.19343],[71.42859,32.18825],[71.44308,32.18871],[71.44726,32.18659],[71.45147,32.18153],[71.45553,32.18153],[71.45553,32.18296],[71.4631,32.18267],[71.4631,32.18388],[71.46674,32.18388],[71.46674,32.18517],[71.47024,32.18517],[71.47031,32.1866],[71.47738,32.1866],[71.47738,32.18767],[71.48123,32.1876],[71.48138,32.18895],[71.48495,32.18888],[71.48502,32.19288],[71.48851,32.19288],[71.48873,32.19681],[71.49201,32.19688],[71.49208,32.20037],[71.49587,32.20037],[71.49587,32.20402],[71.49972,32.20437],[71.49972,32.20708],[71.50258,32.20687],[71.50265,32.21137],[71.556,32.2113],[71.5565,32.21274],[71.56503,32.21275],[71.56441,32.21071],[71.56635,32.21059],[71.56628,32.2079],[71.56159,32.20781],[71.56107,32.20294],[71.56441,32.20296],[71.56442,32.20071],[71.57215,32.1959],[71.57217,32.19376],[71.57432,32.19455],[71.58078,32.19069],[71.58497,32.19074],[71.58502,32.18789],[71.59723,32.18029],[71.63611,32.17995],[71.63609,32.18212],[71.69888,32.18729],[71.69515,32.19072],[71.69853,32.19178],[71.73687,32.1947],[71.7591,32.15875],[71.75872,32.12658],[71.75253,32.12677],[71.75277,32.08809],[71.75962,32.08822],[71.75954,32.07519],[71.76297,32.06746],[71.76307,32.06369],[71.75589,32.06154],[71.75223,32.05787],[71.75234,32.04912],[71.74881,32.04924],[71.74879,32.04358],[71.73385,32.04735],[71.73393,32.03304],[71.72758,32.03233],[71.72681,32.0248],[71.7196,32.02473],[71.71953,32.0192],[71.71247,32.01937],[71.71264,32.01384],[71.6984,32.01405],[71.69843,32.00983],[71.70549,32.00034],[71.70546,31.98957],[71.70758,31.98613],[71.70898,31.9736],[71.70813,31.95463],[71.70343,31.95444],[71.69946,31.95024],[71.69947,31.94698],[71.69636,31.94695],[71.60984,31.85529],[71.6306,31.84154],[71.63756,31.84769],[71.65035,31.83847],[71.67023,31.83193],[71.66811,31.828],[71.71025,31.8077],[71.71809,31.79894],[71.72444,31.78911],[71.72499,31.77283],[71.72914,31.77285],[71.74404,31.68682],[71.7526,31.67588],[71.76879,31.68076],[71.85958,31.60854],[71.95565,31.53834],[71.97684,31.53376],[71.98715,31.52933],[71.96309,31.49614],[71.95552,31.48891],[71.95467,31.48583],[71.9606,31.4781],[71.95979,31.47226],[71.97501,31.46834],[71.97523,31.39578],[71.9789,31.39568],[71.97871,31.38688],[71.98266,31.38697],[71.9823,31.33441],[71.98594,31.33443],[71.98594,31.33151],[71.98229,31.3315],[71.98227,31.31983],[71.97981,31.31979],[71.97758,31.26577],[71.96899,31.26571],[71.96895,31.25791],[71.94239,31.25876],[71.91491,31.27032],[71.84042,31.2671],[71.84007,31.26088],[71.77167,31.23921],[71.76159,31.22116],[71.75411,31.19724],[71.75639,31.18251],[71.73498,31.19571],[71.67894,31.1925],[71.66359,31.20107],[71.62523,31.23367],[71.60422,31.24449],[71.58992,31.25565],[71.58564,31.25461],[71.56947,31.25706],[71.55128,31.26264],[71.53,31.26365],[71.50442,31.24878],[71.49656,31.24092],[71.48561,31.227],[71.48121,31.21505],[71.45881,31.18854],[71.42805,31.17145],[71.41358,31.17279],[71.41072,31.17619],[71.33781,31.17309],[71.33573,31.17146],[71.3125,31.1703],[71.31253,31.16215],[71.30438,31.1621],[71.30341,31.19751],[71.30155,31.19753],[71.30104,31.2112],[71.29911,31.21118],[71.29904,31.22208],[71.29647,31.2234],[71.29826,31.24655],[71.3011,31.24656],[71.30106,31.25744],[71.30249,31.25743],[71.30251,31.26017],[71.28841,31.26012],[71.28842,31.26554],[71.25243,31.26549],[71.25244,31.26869],[71.24875,31.27252],[71.24876,31.27636],[71.2468,31.27638],[71.24675,31.2872],[71.24189,31.28724],[71.24185,31.29268],[71.2377,31.29271],[71.23847,31.29429],[71.23551,31.29482],[71.23544,31.29811],[71.22484,31.29804],[71.22209,31.30086],[71.21784,31.3008],[71.21927,31.30897],[71.21783,31.32903],[71.18857,31.3438],[71.18466,31.34706],[71.19587,31.34704],[71.19587,31.34968],[71.19096,31.34977],[71.19096,31.35241],[71.1895,31.35242],[71.18953,31.35517],[71.19236,31.35513],[71.1938,31.36771],[71.15419,31.36535],[71.15217,31.36743],[71.13107,31.3698],[71.12891,31.37123],[71.12249,31.36549],[71.12179,31.36861],[71.11825,31.36856],[71.11824,31.37014],[71.11615,31.3702],[71.11472,31.37348],[71.10478,31.38325],[71.08792,31.38164],[71.08798,31.37393],[71.07581,31.37387],[71.07681,31.3793],[71.01047,31.37937],[71.00657,31.37823],[71.00107,31.37921],[71.0001,31.38496],[70.9975,31.38204],[70.98515,31.37805],[70.97437,31.3762],[70.97168,31.3796],[70.96288,31.37938],[70.96241,31.37684],[70.95646,31.37472],[70.93743,31.38435],[70.93564,31.38844],[70.93197,31.38994],[70.92464,31.38929],[70.92342,31.39094],[70.91888,31.39102],[70.91684,31.39265],[70.9062,31.39077],[70.89996,31.39289],[70.89571,31.39251],[70.89008,31.39517],[70.88677,31.39441],[70.88631,31.39164],[70.8837,31.39188],[70.88122,31.38907],[70.87849,31.38827],[70.87616,31.39039],[70.8754,31.38747],[70.87155,31.3875],[70.87155,31.38491],[70.86839,31.38495],[70.86367,31.38192],[70.85375,31.38146],[70.85291,31.37893],[70.84267,31.37808],[70.83914,31.37525],[70.8278,31.37386],[70.82853,31.38519],[70.83082,31.38854],[70.82894,31.41327],[70.83224,31.41823],[70.82932,31.41922],[70.83017,31.42224],[70.82848,31.42634],[70.83269,31.429],[70.83781,31.42606],[70.84009,31.42861],[70.85632,31.42774],[70.85773,31.42982],[70.86285,31.42961],[70.86451,31.43169],[70.87266,31.4306],[70.87394,31.43344],[70.87258,31.43378],[70.87739,31.44513],[70.8776,31.45743],[70.8749,31.46508],[70.88038,31.48744],[70.85825,31.49916],[70.86016,31.5041],[70.87312,31.51731],[70.88353,31.51719],[70.88407,31.52195],[70.87673,31.52406],[70.87266,31.539],[70.85932,31.54336],[70.86259,31.56886],[70.87986,31.5827],[70.88049,31.59228],[70.87911,31.59966],[70.87132,31.61587],[70.86994,31.62752],[70.87216,31.64322],[70.87097,31.65026],[70.87948,31.66622],[70.8822,31.67549],[70.88348,31.67728],[70.88811,31.67603],[70.88767,31.67851],[70.89431,31.68801],[70.90009,31.69072],[70.90951,31.69001],[70.91673,31.69934],[70.91413,31.70078],[70.96298,31.74964],[70.96657,31.74832],[70.97354,31.76617],[70.97346,31.77239],[70.97921,31.77218],[70.98143,31.77645],[70.97961,31.77716],[70.98428,31.78415],[70.9864,31.78323],[70.98764,31.78522],[70.99423,31.78453],[70.99419,31.79014],[70.99705,31.79017],[70.99907,31.79491],[70.98697,31.79579],[70.99181,31.80701],[70.99144,31.81338],[70.9962,31.81342],[70.99787,31.81632],[70.99601,31.81833],[70.99602,31.81947],[70.99817,31.81899],[70.99851,31.82243],[70.99619,31.82393],[70.99802,31.82873],[71.00744,31.84508],[71.02279,31.8787],[71.04399,31.88013],[71.04503,31.90808],[71.04813,31.90825],[71.0488,31.90977],[71.04856,31.93473],[71.05149,31.93479],[71.04948,31.93687],[71.04908,31.94149],[71.05078,31.94127],[71.05216,31.94385],[71.05802,31.95652],[71.0578,31.95962],[71.06001,31.9614],[71.06332,31.96141],[71.06334,31.96439],[71.06697,31.96443],[71.06861,31.97701],[71.0679,32.01349],[71.0816,32.03497],[71.09053,32.04264],[71.10025,32.04799],[71.11024,32.07597],[71.11417,32.10672],[71.11908,32.1092],[71.11659,32.11444],[71.11619,32.12151],[71.10927,32.12225],[71.11146,32.13026],[71.1075,32.13074],[71.10747,32.1474],[71.12126,32.16108],[71.15373,32.15575],[71.16091,32.17102],[71.17806,32.19675],[71.17932,32.2034],[71.18889,32.2132],[71.189,32.21685],[71.20353,32.21104],[71.20345,32.20829],[71.21248,32.20694]],[[71.27326,32.16344],[71.27198,32.16081],[71.26405,32.16259],[71.2537,32.15514],[71.2525,32.14947],[71.24776,32.1449],[71.2478,32.14204],[71.25941,32.14115],[71.26655,32.14829],[71.27201,32.14831],[71.27299,32.14706],[71.28487,32.1586],[71.27476,32.15817],[71.27602,32.16348],[71.27326,32.16344]],[[71.59609,32.06804],[71.59614,32.06695],[71.60007,32.06796],[71.60945,32.06625],[71.61311,32.07173],[71.61323,32.08483],[71.59736,32.08503],[71.59744,32.07927],[71.59234,32.0791],[71.59154,32.0745],[71.59175,32.06866],[71.59609,32.06804]],[[71.4479,31.85655],[71.43719,31.85605],[71.4369,31.85294],[71.42958,31.85298],[71.42708,31.85512],[71.42233,31.84791],[71.41523,31.83029],[71.40813,31.83232],[71.40789,31.82266],[71.41551,31.82271],[71.41822,31.828],[71.42885,31.82875],[71.43073,31.83201],[71.43465,31.83113],[71.43417,31.82583],[71.44057,31.82464],[71.44229,31.82637],[71.44479,31.82518],[71.44986,31.82647],[71.45,31.82961],[71.44672,31.83132],[71.45046,31.83514],[71.49097,31.83739],[71.49904,31.83936],[71.50629,31.84572],[71.51171,31.84793],[71.52083,31.8484],[71.52206,31.85197],[71.52438,31.85351],[71.52528,31.86059],[71.48586,31.85741],[71.47162,31.86069],[71.4479,31.85655]],[[71.10366,31.80918],[71.10128,31.80903],[71.09893,31.79363],[71.09306,31.78655],[71.09136,31.76342],[71.09428,31.76347],[71.09646,31.76843],[71.10488,31.76729],[71.10556,31.77074],[71.10699,31.77027],[71.10768,31.77687],[71.1151,31.77569],[71.11512,31.78136],[71.11225,31.78171],[71.1124,31.78303],[71.11804,31.78278],[71.11906,31.78725],[71.12424,31.78848],[71.12448,31.79337],[71.1197,31.79321],[71.11923,31.80063],[71.11331,31.79803],[71.1131,31.80144],[71.10907,31.80371],[71.10904,31.80835],[71.10366,31.80918]],[[71.08403,31.60505],[71.08528,31.605],[71.08536,31.60264],[71.084,31.60257],[71.08404,31.59987],[71.08832,31.59983],[71.08845,31.5971],[71.09513,31.59706],[71.09474,31.64609],[71.06778,31.64701],[71.06611,31.64389],[71.05935,31.63957],[71.05574,31.63149],[71.0546,31.63182],[71.04804,31.62203],[71.05531,31.62045],[71.05162,31.61183],[71.05209,31.60803],[71.05371,31.60807],[71.05338,31.60018],[71.05995,31.60115],[71.06012,31.60439],[71.06338,31.6046],[71.06313,31.60245],[71.07694,31.60253],[71.07843,31.60526],[71.08403,31.60505]],[[71.44171,31.40179],[71.44122,31.39856],[71.43033,31.39835],[71.42805,31.39089],[71.42511,31.39084],[71.42205,31.37215],[71.42858,31.37707],[71.45101,31.37401],[71.45111,31.38129],[71.4561,31.38061],[71.45898,31.40178],[71.44171,31.40179]]]]}},{"type":"Feature","properties":{"name":"Municipal Committee Shujabad","district":"Multan"},"geometry":{"type":"MultiPolygon","coordinates":[[[[71.30765,29.88378],[71.31265,29.8808],[71.3187,29.8806],[71.31882,29.88209],[71.32092,29.88212],[71.32087,29.8842],[71.32261,29.8843],[71.32271,29.88664],[71.3267,29.88684],[71.32259,29.88062],[71.32015,29.87995],[71.32484,29.87855],[71.32425,29.87649],[71.31365,29.87695],[71.31378,29.87485],[71.30764,29.87546],[71.30765,29.87747],[71.30345,29.87805],[71.30319,29.87595],[71.30019,29.87636],[71.29859,29.86946],[71.29315,29.86936],[71.29345,29.87069],[71.28583,29.87207],[71.28707,29.87689],[71.28513,29.87785],[71.28599,29.88083],[71.28405,29.88178],[71.28634,29.88259],[71.28859,29.88933],[71.30012,29.89099],[71.30105,29.88557],[71.30765,29.88378]]]]}},{"type":"Feature","properties":{"name":"Municipal Committee Jalalpur Pir Wala","district":"Multan"},"geometry":{"type":"MultiPolygon","coordinates":[[[[71.24159,29.50103],[71.24164,29.49586],[71.21137,29.4959],[71.21116,29.50092],[71.20835,29.50081],[71.20824,29.50349],[71.21108,29.50359],[71.21089,29.5113],[71.21485,29.51137],[71.21463,29.51624],[71.21816,29.51624],[71.21806,29.51876],[71.22142,29.51876],[71.2212,29.53649],[71.22787,29.53669],[71.22815,29.51618],[71.23153,29.51617],[71.23155,29.51378],[71.23839,29.51376],[71.2387,29.50107],[71.24159,29.50103]]]]}},{"type":"Feature","properties":{"name":"District Council Narowal","district":"Narowal"},"geometry":{"type":"MultiPolygon","coordinates":[[[[75.04219,32.48683],[75.0484,32.48645],[75.05584,32.4813],[75.06878,32.47751],[75.07042,32.47996],[75.08499,32.4721],[75.08506,32.46927],[75.08698,32.47148],[75.09199,32.4694],[75.09954,32.47812],[75.10884,32.474],[75.10973,32.46787],[75.11121,32.46751],[75.10895,32.46018],[75.12074,32.45519],[75.11902,32.44178],[75.1146,32.43342],[75.12237,32.43101],[75.12457,32.4364],[75.12609,32.43642],[75.1301,32.43408],[75.12974,32.43211],[75.13454,32.4283],[75.13343,32.42611],[75.12866,32.42595],[75.12765,32.42407],[75.12799,32.41774],[75.13269,32.41553],[75.13173,32.41149],[75.1331,32.40909],[75.15206,32.41872],[75.15358,32.42089],[75.16009,32.41883],[75.16823,32.42282],[75.17814,32.4211],[75.17764,32.42301],[75.18017,32.42524],[75.18703,32.42679],[75.19153,32.42604],[75.19316,32.42409],[75.19252,32.42231],[75.20061,32.4208],[75.19955,32.41675],[75.20147,32.4151],[75.19857,32.41106],[75.19218,32.41133],[75.19264,32.40114],[75.20936,32.39456],[75.21338,32.40273],[75.22418,32.39819],[75.22325,32.3953],[75.22813,32.39219],[75.24525,32.38467],[75.24802,32.38854],[75.25312,32.39074],[75.25708,32.38922],[75.25516,32.38378],[75.25664,32.38087],[75.25489,32.37845],[75.25849,32.37447],[75.25829,32.37231],[75.26968,32.37331],[75.27275,32.37627],[75.29033,32.37046],[75.28742,32.36159],[75.28974,32.35636],[75.29976,32.35362],[75.30095,32.3518],[75.2994,32.34708],[75.30173,32.34608],[75.30699,32.34442],[75.31153,32.34549],[75.31622,32.34379],[75.32209,32.34397],[75.32558,32.33872],[75.32691,32.32802],[75.33257,32.3263],[75.33762,32.32174],[75.33507,32.31081],[75.32374,32.30199],[75.32083,32.29738],[75.32514,32.296],[75.33006,32.29743],[75.3392,32.29313],[75.35063,32.29037],[75.34415,32.27916],[75.34543,32.27839],[75.34368,32.27301],[75.33961,32.26901],[75.34911,32.26543],[75.3514,32.26353],[75.35083,32.26236],[75.35335,32.26165],[75.35518,32.2643],[75.35643,32.26375],[75.35524,32.26206],[75.36199,32.25807],[75.36021,32.25443],[75.35231,32.25449],[75.35875,32.24882],[75.36071,32.24402],[75.35877,32.24443],[75.3563,32.23875],[75.36389,32.23606],[75.36546,32.23092],[75.36129,32.22555],[75.36356,32.22485],[75.36548,32.21973],[75.34222,32.21703],[75.33711,32.21935],[75.33748,32.22343],[75.33555,32.22256],[75.33338,32.22701],[75.32736,32.23081],[75.3252,32.22837],[75.32009,32.22882],[75.31684,32.22665],[75.315,32.22225],[75.31011,32.21743],[75.30837,32.20935],[75.30923,32.20113],[75.30445,32.19805],[75.30335,32.19307],[75.29189,32.19492],[75.29105,32.19815],[75.28717,32.19589],[75.28073,32.18785],[75.27805,32.17755],[75.28895,32.17774],[75.29695,32.17386],[75.29161,32.17033],[75.29238,32.155],[75.29761,32.15063],[75.2959,32.14568],[75.29038,32.14244],[75.26601,32.14035],[75.26316,32.13682],[75.26049,32.12778],[75.2579,32.10234],[75.23775,32.10048],[75.2304,32.10499],[75.2263,32.11179],[75.22154,32.11521],[75.21064,32.11402],[75.20719,32.11515],[75.20248,32.11989],[75.20653,32.10334],[75.2045,32.09615],[75.19803,32.08608],[75.19879,32.08223],[75.18989,32.0822],[75.17922,32.07541],[75.15951,32.08241],[75.14257,32.08024],[75.11841,32.08095],[75.10955,32.08578],[75.09725,32.08597],[75.09923,32.0818],[75.09797,32.07479],[75.1011,32.07045],[75.09913,32.06518],[75.09041,32.06499],[75.08422,32.06018],[75.07524,32.059],[75.07001,32.06256],[75.05872,32.0528],[75.05371,32.0544],[75.05066,32.05279],[75.05175,32.05113],[75.04074,32.04262],[75.03687,32.04438],[75.03398,32.05069],[75.02377,32.04768],[75.02166,32.04857],[75.01878,32.04688],[75.01798,32.0421],[75.0167,32.04296],[75.01231,32.03579],[75.00355,32.04159],[75.00299,32.04362],[75.00131,32.0411],[74.98575,32.04245],[74.99783,32.05219],[74.99844,32.05961],[74.99716,32.06059],[74.98563,32.06267],[74.97825,32.04845],[74.97392,32.05344],[74.95289,32.06019],[74.95202,32.05826],[74.94826,32.05932],[74.94955,32.06226],[74.94813,32.06304],[74.92747,32.06641],[74.92875,32.07019],[74.9227,32.07073],[74.9226,32.07718],[74.91965,32.07712],[74.9122,32.06703],[74.91213,32.0649],[74.9177,32.05802],[74.91287,32.05651],[74.91257,32.05378],[74.90482,32.05033],[74.89143,32.05511],[74.88969,32.05519],[74.88851,32.05274],[74.87937,32.05383],[74.87527,32.05074],[74.8725,32.04403],[74.86926,32.04209],[74.86903,32.04015],[74.87221,32.04121],[74.87636,32.03413],[74.87998,32.0319],[74.87263,32.0201],[74.87184,32.01938],[74.87124,32.02466],[74.86685,32.02603],[74.86318,32.02206],[74.84846,32.02043],[74.85344,32.01274],[74.8459,32.00731],[74.83844,32.0085],[74.8297,31.999],[74.82801,31.9945],[74.82999,31.97936],[74.82158,31.96443],[74.81531,31.96195],[74.80593,31.96313],[74.80227,31.95791],[74.79471,31.95827],[74.78175,31.95577],[74.76848,31.94796],[74.75995,31.95439],[74.75518,31.95577],[74.75575,31.94392],[74.74701,31.94183],[74.74407,31.93962],[74.73366,31.94596],[74.73063,31.94262],[74.72767,31.94419],[74.72586,31.94186],[74.72204,31.94284],[74.7154,31.93644],[74.71398,31.93228],[74.71899,31.92377],[74.70775,31.92316],[74.70647,31.92123],[74.70109,31.92346],[74.70292,31.93365],[74.70056,31.93656],[74.69303,31.93571],[74.69342,31.9341],[74.68406,31.93578],[74.68156,31.94163],[74.68334,31.94438],[74.68117,31.95011],[74.6838,31.95305],[74.66998,31.95749],[74.66895,31.96125],[74.67084,31.97139],[74.66675,31.97171],[74.65397,31.96576],[74.64997,31.96579],[74.65372,31.97287],[74.65217,31.97371],[74.64901,31.98218],[74.64282,31.98451],[74.63955,31.98373],[74.636,31.98765],[74.63476,32.00817],[74.62847,32.01053],[74.62764,32.01586],[74.62271,32.01759],[74.61789,32.02467],[74.61061,32.02537],[74.60681,32.0289],[74.60354,32.04107],[74.60603,32.04716],[74.60529,32.04989],[74.60343,32.05056],[74.60317,32.05461],[74.60152,32.05522],[74.60175,32.05924],[74.5999,32.06143],[74.60151,32.06267],[74.5949,32.06375],[74.59716,32.07218],[74.60114,32.07165],[74.60177,32.06546],[74.60919,32.06641],[74.6113,32.06508],[74.61305,32.06916],[74.61279,32.07674],[74.61799,32.07793],[74.62077,32.07682],[74.62107,32.07385],[74.62401,32.07244],[74.62407,32.07511],[74.62614,32.07551],[74.63352,32.07396],[74.63344,32.07747],[74.63691,32.08208],[74.63639,32.08527],[74.63801,32.08741],[74.64067,32.08716],[74.6377,32.08973],[74.63722,32.09394],[74.63471,32.09569],[74.63521,32.09753],[74.64637,32.1059],[74.64795,32.10535],[74.64899,32.10977],[74.65484,32.11158],[74.65491,32.11467],[74.65789,32.11775],[74.66184,32.11823],[74.66168,32.12197],[74.66409,32.12108],[74.66718,32.12267],[74.66848,32.12601],[74.66397,32.12608],[74.66397,32.13156],[74.67262,32.12922],[74.67632,32.13523],[74.68082,32.13799],[74.68264,32.14198],[74.69105,32.14096],[74.69618,32.1382],[74.70582,32.1466],[74.70901,32.14478],[74.71833,32.14829],[74.72824,32.14655],[74.72764,32.15504],[74.73057,32.15751],[74.74108,32.15606],[74.74155,32.1606],[74.74404,32.16476],[74.7579,32.16192],[74.75741,32.16798],[74.75912,32.17165],[74.75739,32.17605],[74.76191,32.18088],[74.76021,32.18365],[74.76133,32.18596],[74.75855,32.18931],[74.76258,32.19205],[74.76326,32.19546],[74.75961,32.19864],[74.76082,32.20133],[74.75848,32.2023],[74.7568,32.21107],[74.74986,32.21539],[74.74784,32.2187],[74.74413,32.21936],[74.74578,32.22165],[74.74488,32.22504],[74.74296,32.22626],[74.73958,32.22511],[74.73757,32.22698],[74.74416,32.22858],[74.74278,32.23295],[74.7477,32.23235],[74.74892,32.23439],[74.7477,32.23831],[74.74492,32.24039],[74.74914,32.24196],[74.74971,32.24393],[74.75092,32.24334],[74.75254,32.24823],[74.75523,32.24883],[74.75361,32.25023],[74.75512,32.25228],[74.75308,32.2535],[74.75708,32.25747],[74.7575,32.26123],[74.76773,32.26073],[74.76816,32.26686],[74.76607,32.26731],[74.76641,32.26975],[74.76322,32.2704],[74.76417,32.27647],[74.77064,32.27658],[74.77202,32.27852],[74.76887,32.27999],[74.7668,32.28615],[74.77038,32.30072],[74.79185,32.296],[74.79771,32.29688],[74.80311,32.29364],[74.80708,32.29314],[74.80809,32.2955],[74.81391,32.29763],[74.81343,32.30233],[74.81753,32.30273],[74.81755,32.30422],[74.82639,32.30353],[74.82575,32.29972],[74.82702,32.29957],[74.83177,32.30623],[74.82731,32.30657],[74.8268,32.31156],[74.83087,32.3095],[74.83205,32.31117],[74.84521,32.31008],[74.84685,32.31165],[74.8499,32.30918],[74.8477,32.31188],[74.84819,32.31391],[74.8509,32.3124],[74.85266,32.31782],[74.84295,32.32117],[74.84332,32.32424],[74.84707,32.32947],[74.85033,32.33058],[74.8524,32.32919],[74.85314,32.32232],[74.85983,32.32254],[74.85707,32.32925],[74.85698,32.33652],[74.85859,32.33636],[74.86129,32.34537],[74.86303,32.34516],[74.86218,32.34638],[74.86354,32.34793],[74.85864,32.34861],[74.86811,32.35735],[74.86433,32.36013],[74.86523,32.36305],[74.87598,32.37337],[74.87612,32.38256],[74.87071,32.38589],[74.87408,32.38929],[74.87945,32.39113],[74.8921,32.39107],[74.89541,32.39527],[74.89782,32.39502],[74.90567,32.40207],[74.9247,32.41378],[74.93072,32.42008],[74.93203,32.4165],[74.93621,32.41776],[74.93545,32.42566],[74.92499,32.43296],[74.92873,32.43708],[74.93137,32.44425],[74.9359,32.44306],[74.94805,32.44728],[74.95182,32.44614],[74.95598,32.45299],[74.97009,32.46014],[74.98507,32.4499],[75.00236,32.45558],[75.00568,32.45755],[75.00888,32.46264],[75.0138,32.46539],[75.01553,32.46431],[75.01987,32.46822],[75.0151,32.47136],[75.01715,32.47973],[75.02352,32.49133],[75.02976,32.49741],[75.04219,32.48683]],[[74.89411,32.35263],[74.88706,32.34729],[74.88705,32.34345],[74.88367,32.34082],[74.88482,32.33837],[74.88036,32.33752],[74.87753,32.33506],[74.88709,32.3352],[74.89159,32.32981],[74.9008,32.32989],[74.90197,32.33375],[74.90565,32.33427],[74.91491,32.34007],[74.91428,32.34234],[74.91743,32.34184],[74.91831,32.34763],[74.91619,32.34885],[74.89828,32.35277],[74.89637,32.35442],[74.89411,32.35263]],[[75.15775,32.28194],[75.1562,32.27462],[75.14347,32.26899],[75.14091,32.26096],[75.14171,32.25414],[75.16432,32.24692],[75.16515,32.24606],[75.16137,32.24022],[75.1873,32.24156],[75.19438,32.24447],[75.19853,32.2427],[75.19869,32.24131],[75.20606,32.23897],[75.20997,32.24127],[75.21564,32.24083],[75.21893,32.24828],[75.21512,32.25113],[75.20537,32.24711],[75.19472,32.24924],[75.19286,32.2556],[75.18713,32.25883],[75.19187,32.26409],[75.18752,32.269],[75.18309,32.2727],[75.17147,32.26864],[75.16495,32.2718],[75.16593,32.27357],[75.15989,32.27589],[75.16138,32.28093],[75.15775,32.28194]],[[74.8514,32.11833],[74.84994,32.11393],[74.8581,32.11179],[74.85788,32.10409],[74.85212,32.10422],[74.85249,32.09247],[74.85787,32.09266],[74.8585,32.09112],[74.85427,32.0877],[74.87424,32.08675],[74.87442,32.09128],[74.89075,32.09175],[74.8909,32.09794],[74.89621,32.11028],[74.8929,32.11009],[74.89112,32.11679],[74.88685,32.11411],[74.8765,32.11417],[74.8737,32.11581],[74.85977,32.11658],[74.8528,32.12066],[74.8514,32.11833]]]]}},{"type":"Feature","properties":{"name":"Municipal Committee Dina","district":"Jhelum"},"geometry":{"type":"MultiPolygon","coordinates":[[[[73.59982,33.01626],[73.59809,33.01568],[73.59023,33.01886],[73.58842,33.03418],[73.59347,33.04006],[73.60768,33.05105],[73.61559,33.04652],[73.61897,33.03582],[73.61638,33.03079],[73.60571,33.01909],[73.59982,33.01626]]]]}},{"type":"Feature","properties":{"name":"Municipal Committee Sohawa","district":"Jhelum"},"geometry":{"type":"MultiPolygon","coordinates":[[[[73.44533,33.15139],[73.44692,33.15004],[73.4586,33.14877],[73.44887,33.13331],[73.44594,33.1303],[73.44433,33.13049],[73.4448,33.13227],[73.43936,33.12284],[73.44053,33.12183],[73.42946,33.10664],[73.42751,33.10866],[73.42836,33.11037],[73.42152,33.11556],[73.41827,33.10907],[73.41505,33.10832],[73.41178,33.11057],[73.41075,33.10972],[73.41183,33.10534],[73.40613,33.09974],[73.40307,33.10389],[73.40096,33.10433],[73.39809,33.10286],[73.39687,33.10434],[73.39342,33.10219],[73.39101,33.10314],[73.38757,33.10094],[73.38594,33.10405],[73.37887,33.10826],[73.38728,33.11615],[73.38895,33.12023],[73.39555,33.12379],[73.39381,33.12464],[73.39499,33.12622],[73.38949,33.13099],[73.39339,33.13538],[73.39296,33.13781],[73.39873,33.13938],[73.40124,33.1353],[73.40881,33.13976],[73.41424,33.14018],[73.41772,33.14384],[73.41585,33.14782],[73.4169,33.15108],[73.41914,33.15308],[73.42446,33.15063],[73.43243,33.15873],[73.43873,33.15658],[73.44108,33.1546],[73.44098,33.15252],[73.44533,33.15139]]]]}},{"type":"Feature","properties":{"name":"Municipal Committee Khwera","district":"Jhelum"},"geometry":{"type":"MultiPolygon","coordinates":[[[[73.01632,32.66601],[73.01907,32.66796],[73.02767,32.66918],[73.02841,32.66602],[73.03549,32.6598],[73.03574,32.6471],[73.03777,32.64277],[73.03456,32.63806],[73.03612,32.63794],[73.03507,32.63628],[73.0361,32.63501],[73.03702,32.63598],[73.03754,32.63412],[73.03668,32.62302],[73.02622,32.62247],[73.02571,32.62397],[73.01736,32.62146],[73.01382,32.62312],[73.00378,32.62157],[72.98153,32.62523],[72.97991,32.63032],[72.97912,32.64566],[72.97728,32.64507],[72.97771,32.63979],[72.97514,32.63976],[72.97573,32.64671],[72.98323,32.65371],[72.99347,32.67094],[73.00535,32.67107],[73.01632,32.66601]]]]}},{"type":"Feature","properties":{"name":"Municipal Committee P.D Khan","district":"Jhelum"},"geometry":{"type":"MultiPolygon","coordinates":[[[[73.03116,32.61563],[73.03626,32.61067],[73.0358,32.6057],[73.05722,32.60487],[73.06318,32.60795],[73.07165,32.6041],[73.07325,32.58465],[73.06527,32.57817],[73.03492,32.55932],[73.02418,32.55967],[73.02296,32.55799],[73.00734,32.56136],[73.01248,32.57273],[73.00395,32.57661],[72.9973,32.58961],[72.99743,32.60408],[73.00968,32.60691],[73.01486,32.60963],[73.02286,32.60965],[73.0202,32.61386],[73.03116,32.61563]]]]}},{"type":"Feature","properties":{"name":"Municipal Committee Jhelum","district":"Jhelum"},"geometry":{"type":"MultiPolygon","coordinates":[[[[73.70955,32.98542],[73.71257,32.966],[73.71483,32.96375],[73.72244,32.96017],[73.72409,32.96536],[73.73616,32.96463],[73.75383,32.95638],[73.74718,32.94928],[73.74173,32.93396],[73.7239,32.91469],[73.72367,32.9198],[73.72888,32.92226],[73.72905,32.92531],[73.72022,32.93274],[73.72168,32.93364],[73.72633,32.92927],[73.72656,32.9321],[73.72209,32.93906],[73.71739,32.94375],[73.71347,32.94121],[73.71465,32.93959],[73.71252,32.93898],[73.71339,32.93579],[73.71574,32.93513],[73.70932,32.93238],[73.70136,32.95502],[73.67534,32.98164],[73.66835,32.98206],[73.66764,32.98419],[73.65736,32.98714],[73.64166,32.99741],[73.65726,33.0093],[73.68539,33.00093],[73.70955,32.98542]]]]}},{"type":"Feature","properties":{"name":"District Council Talagang","district":"Talagang"},"geometry":{"type":"MultiPolygon","coordinates":[[[[72.48698,33.14962],[72.49207,33.14151],[72.48311,33.13975],[72.488,33.13615],[72.48892,33.13134],[72.488,33.12737],[72.48569,33.12704],[72.48514,33.12238],[72.48819,33.1197],[72.48791,33.11564],[72.49003,33.10963],[72.49539,33.10843],[72.51932,33.09254],[72.51996,33.08682],[72.51599,33.0761],[72.51156,33.07351],[72.50934,33.06917],[72.50195,33.06428],[72.50214,33.06049],[72.49853,33.05855],[72.49789,33.05661],[72.49493,33.05642],[72.49244,33.05929],[72.48606,33.05587],[72.48477,33.05162],[72.48745,33.05125],[72.48771,33.04899],[72.48375,33.04257],[72.49022,33.03028],[72.49114,33.024],[72.49484,33.01984],[72.49816,33.01236],[72.50408,33.00876],[72.50666,33.00275],[72.51253,32.99768],[72.51017,32.99333],[72.5062,32.99185],[72.50454,32.98797],[72.49545,32.97828],[72.49604,32.96674],[72.49803,32.96415],[72.50261,32.96365],[72.51018,32.96723],[72.51506,32.96395],[72.51765,32.96007],[72.51476,32.95469],[72.51058,32.9532],[72.50759,32.94971],[72.51032,32.93787],[72.51247,32.93488],[72.51354,32.92328],[72.51675,32.91576],[72.51356,32.91238],[72.50572,32.91447],[72.503,32.9073],[72.49876,32.90405],[72.50107,32.89127],[72.49505,32.87529],[72.49637,32.86655],[72.50634,32.85897],[72.50543,32.85147],[72.50444,32.84801],[72.49766,32.84437],[72.49239,32.83662],[72.49332,32.81988],[72.48061,32.80159],[72.47968,32.7833],[72.48092,32.77803],[72.48526,32.77462],[72.50222,32.76902],[72.50389,32.75167],[72.49939,32.7489],[72.49239,32.74827],[72.49112,32.74636],[72.49175,32.73745],[72.51148,32.73491],[72.51784,32.72218],[72.52357,32.69863],[72.52993,32.69482],[72.53758,32.69491],[72.53696,32.69298],[72.52037,32.68261],[72.51663,32.67474],[72.51034,32.66864],[72.51819,32.68261],[72.51652,32.68689],[72.51295,32.68832],[72.47419,32.67603],[72.47293,32.67822],[72.45994,32.67843],[72.45264,32.67282],[72.44993,32.67597],[72.44481,32.6729],[72.43819,32.67275],[72.42929,32.66647],[72.4302,32.66176],[72.42273,32.65676],[72.42525,32.65381],[72.42396,32.65172],[72.4134,32.64748],[72.41288,32.64225],[72.41064,32.63939],[72.41226,32.63325],[72.40612,32.63187],[72.40078,32.62669],[72.39874,32.62669],[72.39326,32.62907],[72.3885,32.63478],[72.38208,32.63716],[72.36899,32.63835],[72.36685,32.64549],[72.36804,32.65024],[72.36571,32.65216],[72.36802,32.66084],[72.36572,32.66263],[72.36565,32.66526],[72.35362,32.66517],[72.35092,32.66149],[72.34918,32.66568],[72.34309,32.67004],[72.34463,32.67676],[72.34071,32.68243],[72.33283,32.6824],[72.33081,32.68681],[72.31795,32.69487],[72.29677,32.69691],[72.2969,32.69549],[72.2689,32.69891],[72.24986,32.70486],[72.21359,32.70636],[72.21031,32.70467],[72.20693,32.70753],[72.1906,32.70731],[72.18907,32.70902],[72.18186,32.70549],[72.1824,32.7101],[72.17972,32.7107],[72.17747,32.70906],[72.17366,32.71138],[72.17173,32.70977],[72.17126,32.70531],[72.16773,32.71138],[72.15813,32.70992],[72.1527,32.71138],[72.15192,32.70735],[72.14906,32.71149],[72.1486,32.71609],[72.15363,32.71774],[72.15423,32.72069],[72.14913,32.72198],[72.1461,32.72027],[72.13914,32.72113],[72.13836,32.72294],[72.14203,32.72309],[72.14255,32.72511],[72.14473,32.7244],[72.14209,32.72848],[72.13712,32.72562],[72.12777,32.72674],[72.12844,32.72318],[72.13266,32.72178],[72.12627,32.72166],[72.12576,32.71982],[72.13168,32.71902],[72.13248,32.71622],[72.13448,32.71747],[72.1359,32.71328],[72.13534,32.70855],[72.13689,32.70718],[72.13451,32.70643],[72.13593,32.70432],[72.13245,32.70284],[72.13242,32.70096],[72.13439,32.69837],[72.13885,32.69805],[72.13834,32.69626],[72.14108,32.69254],[72.13677,32.68996],[72.13745,32.68844],[72.13358,32.68895],[72.13335,32.68787],[72.14495,32.6821],[72.14105,32.68151],[72.14262,32.67951],[72.13297,32.6722],[72.12251,32.65986],[72.10841,32.65158],[72.09345,32.64946],[72.08296,32.64376],[72.07284,32.64227],[72.0622,32.63256],[72.0606,32.63353],[72.0583,32.63086],[72.05476,32.63041],[72.0532,32.62791],[72.04711,32.6285],[72.04379,32.62285],[72.03955,32.6222],[72.04102,32.61649],[72.02787,32.61271],[72.02687,32.60863],[72.02301,32.61221],[72.01471,32.61055],[72.01357,32.60534],[72.01079,32.60617],[72.0094,32.60391],[72.00369,32.6053],[72.00088,32.60419],[71.99602,32.60597],[71.9907,32.60499],[71.99142,32.60055],[71.98615,32.60163],[71.984,32.59742],[71.97749,32.59697],[71.97292,32.59412],[71.96936,32.58216],[71.97159,32.57913],[71.97831,32.57627],[71.97784,32.573],[71.97592,32.57151],[71.97067,32.5691],[71.96537,32.57202],[71.96198,32.56785],[71.95969,32.56934],[71.95371,32.56547],[71.94887,32.56799],[71.94399,32.5665],[71.94408,32.56362],[71.93992,32.56347],[71.94036,32.55693],[71.93694,32.55633],[71.9368,32.55204],[71.9243,32.55752],[71.92475,32.56078],[71.92261,32.56602],[71.92665,32.57316],[71.92587,32.58194],[71.92325,32.58285],[71.92198,32.58769],[71.91322,32.58814],[71.90886,32.59171],[71.90664,32.60002],[71.91059,32.6123],[71.91474,32.61471],[71.91097,32.61898],[71.9134,32.62154],[71.90986,32.62743],[71.90475,32.62539],[71.90375,32.62624],[71.89935,32.63536],[71.89504,32.63866],[71.89227,32.6461],[71.8939,32.65234],[71.89292,32.65442],[71.87977,32.65826],[71.88063,32.66513],[71.87889,32.66519],[71.87919,32.66878],[71.88437,32.67014],[71.88858,32.67426],[71.89615,32.67378],[71.8985,32.67604],[71.89876,32.6797],[71.89876,32.6822],[71.89622,32.68396],[71.90126,32.68831],[71.89796,32.69185],[71.89973,32.69757],[71.89105,32.69689],[71.88938,32.69712],[71.88936,32.70004],[71.88217,32.69966],[71.88146,32.70485],[71.87394,32.70816],[71.87534,32.71281],[71.87425,32.71772],[71.88149,32.71979],[71.88437,32.73026],[71.87751,32.73174],[71.87746,32.74308],[71.8768,32.74653],[71.87411,32.74935],[71.87802,32.75979],[71.87559,32.76079],[71.87604,32.76348],[71.87923,32.76434],[71.88049,32.76795],[71.8843,32.77171],[71.89453,32.7716],[71.89807,32.77363],[71.90398,32.78081],[71.9087,32.78289],[71.91506,32.79313],[71.92023,32.79527],[71.92123,32.79827],[71.92561,32.7972],[71.92879,32.80186],[71.93512,32.80648],[71.95778,32.81378],[71.95359,32.81679],[71.95549,32.82012],[71.95515,32.8301],[71.9589,32.83114],[71.95914,32.83399],[71.95508,32.83541],[71.94767,32.83169],[71.9463,32.83228],[71.9448,32.83883],[71.94869,32.84325],[71.94573,32.84371],[71.94514,32.84643],[71.93998,32.84531],[71.93549,32.84704],[71.93488,32.849],[71.92799,32.85269],[71.9266,32.85682],[71.91931,32.86192],[71.91141,32.86054],[71.90793,32.86214],[71.90315,32.86125],[71.90133,32.8628],[71.89573,32.86287],[71.89493,32.86528],[71.89742,32.86775],[71.89294,32.87597],[71.89456,32.87913],[71.89338,32.8815],[71.89426,32.8842],[71.89015,32.8875],[71.88633,32.89672],[71.88255,32.90027],[71.87562,32.89877],[71.87247,32.90487],[71.87426,32.91644],[71.86981,32.91937],[71.86608,32.92858],[71.86545,32.9418],[71.86358,32.94721],[71.86478,32.95372],[71.86155,32.95949],[71.86294,32.9635],[71.86766,32.96407],[71.86551,32.97062],[71.8585,32.97718],[71.85074,32.98926],[71.84094,32.99705],[71.81909,33.00008],[71.81341,33.00572],[71.81174,33.00589],[71.80895,33.00279],[71.8024,33.00443],[71.8143,33.01368],[71.81492,33.01624],[71.82953,33.02172],[71.83499,33.02528],[71.83638,33.02899],[71.84643,33.03392],[71.84882,33.03698],[71.84825,33.04731],[71.85016,33.04989],[71.85857,33.04893],[71.86402,33.05218],[71.86832,33.05276],[71.90378,33.04473],[71.90971,33.04559],[71.93055,33.06891],[71.93743,33.07369],[71.94604,33.07684],[71.95359,33.08669],[71.96296,33.09281],[71.96468,33.09663],[71.96697,33.09768],[71.98341,33.09778],[72.0183,33.10705],[72.02394,33.10588],[72.02729,33.10132],[72.03016,33.09998],[72.03302,33.10036],[72.04067,33.10371],[72.0466,33.10915],[72.04764,33.11702],[72.05942,33.12214],[72.07124,33.12392],[72.08121,33.12226],[72.09277,33.12318],[72.09429,33.12129],[72.09314,33.11703],[72.09617,33.10807],[72.10217,33.10937],[72.1136,33.11584],[72.1172,33.11237],[72.14075,33.10987],[72.16051,33.10321],[72.17405,33.10419],[72.17702,33.10696],[72.17748,33.11308],[72.18376,33.11882],[72.18299,33.12397],[72.19367,33.12784],[72.19646,33.13167],[72.1937,33.13422],[72.19271,33.1384],[72.18703,33.14166],[72.18725,33.14651],[72.19226,33.15613],[72.18928,33.1623],[72.19042,33.16479],[72.19757,33.16187],[72.20781,33.15416],[72.22746,33.14631],[72.22805,33.1385],[72.2304,33.13451],[72.25197,33.13291],[72.25408,33.13597],[72.27237,33.13968],[72.27517,33.14116],[72.27538,33.14508],[72.2774,33.14518],[72.29167,33.13523],[72.29193,33.13134],[72.29453,33.12874],[72.31626,33.13436],[72.3504,33.13978],[72.36236,33.13731],[72.36665,33.13225],[72.37444,33.1303],[72.40095,33.13757],[72.43045,33.14121],[72.43734,33.14732],[72.44396,33.15057],[72.45605,33.15057],[72.46475,33.14277],[72.47086,33.14316],[72.48698,33.14962]],[[72.43482,32.95092],[72.42666,32.94986],[72.42211,32.94066],[72.41651,32.94235],[72.41107,32.94146],[72.40997,32.93905],[72.40094,32.94007],[72.39271,32.93504],[72.39162,32.93196],[72.38422,32.93289],[72.38169,32.92708],[72.39198,32.92479],[72.39251,32.92066],[72.39799,32.91911],[72.39903,32.92085],[72.40028,32.9171],[72.40543,32.91517],[72.39999,32.91013],[72.40166,32.90964],[72.40156,32.90783],[72.39417,32.89929],[72.39467,32.89346],[72.39243,32.886],[72.41036,32.89044],[72.42677,32.88917],[72.42874,32.89609],[72.43561,32.89748],[72.44055,32.89288],[72.44111,32.88982],[72.45061,32.8892],[72.45573,32.88729],[72.4573,32.89209],[72.45593,32.90333],[72.4501,32.90665],[72.4493,32.90979],[72.44593,32.91134],[72.4452,32.91674],[72.44854,32.91899],[72.44844,32.92079],[72.44454,32.92142],[72.44548,32.92389],[72.46657,32.92196],[72.46317,32.93171],[72.46541,32.93147],[72.46544,32.93298],[72.46366,32.93364],[72.46345,32.93658],[72.46159,32.93595],[72.46145,32.9334],[72.45194,32.9351],[72.45373,32.93886],[72.45137,32.93962],[72.45123,32.94172],[72.44884,32.94339],[72.44934,32.94846],[72.43482,32.95092]],[[71.97459,32.71651],[71.97347,32.71817],[71.96985,32.71816],[71.96686,32.71425],[71.949,32.70392],[71.93705,32.70625],[71.9321,32.7086],[71.93163,32.71025],[71.92966,32.70972],[71.92798,32.70704],[71.92814,32.70331],[71.92054,32.69971],[71.92051,32.69712],[71.91693,32.69784],[71.91574,32.68703],[71.92038,32.68774],[71.92117,32.68879],[71.91942,32.69012],[71.9211,32.69145],[71.93239,32.68938],[71.93352,32.69331],[71.93879,32.69175],[71.94178,32.69304],[71.94126,32.68844],[71.95306,32.69196],[71.95415,32.69671],[71.95901,32.698],[71.97039,32.69575],[71.97298,32.69279],[71.97661,32.69174],[71.98146,32.69798],[71.98716,32.701],[71.98726,32.70457],[72.00126,32.70952],[71.99699,32.71433],[71.98886,32.71667],[71.97977,32.71757],[71.97459,32.71651]]]]}},{"type":"Feature","properties":{"name":"District Council Multan","district":"Multan"},"geometry":{"type":"MultiPolygon","coordinates":[[[[71.52423,30.43983],[71.53001,30.43994],[71.53043,30.43813],[71.53885,30.4388],[71.54056,30.43732],[71.53953,30.43564],[71.54181,30.43381],[71.54639,30.43398],[71.54765,30.43597],[71.56449,30.43686],[71.56649,30.44032],[71.57093,30.43915],[71.57566,30.43261],[71.57925,30.43091],[71.57796,30.42782],[71.58075,30.42785],[71.58201,30.42296],[71.58649,30.42246],[71.58648,30.42031],[71.59245,30.41957],[71.59485,30.4248],[71.59717,30.42483],[71.60314,30.42326],[71.6046,30.42055],[71.60862,30.42005],[71.60816,30.41786],[71.61578,30.41853],[71.61596,30.41257],[71.61179,30.40728],[71.61261,30.40274],[71.62171,30.40281],[71.62115,30.3985],[71.62885,30.39589],[71.6303,30.39046],[71.63378,30.39076],[71.63394,30.38615],[71.62762,30.38445],[71.63052,30.37674],[71.63007,30.3713],[71.63279,30.37108],[71.63414,30.36809],[71.65171,30.3651],[71.65174,30.36237],[71.65346,30.36239],[71.65469,30.35967],[71.66187,30.35976],[71.65331,30.34499],[71.65519,30.34501],[71.65364,30.33789],[71.6557,30.33793],[71.65723,30.3298],[71.66147,30.32851],[71.66147,30.32715],[71.66636,30.32663],[71.66711,30.32448],[71.67058,30.32448],[71.67203,30.32238],[71.67888,30.32296],[71.67697,30.32142],[71.67701,30.31917],[71.69158,30.31879],[71.69164,30.32098],[71.69501,30.32097],[71.6951,30.31941],[71.69924,30.31939],[71.69928,30.31783],[71.70413,30.31786],[71.70429,30.31535],[71.70832,30.31711],[71.70845,30.31084],[71.70999,30.31084],[71.71238,30.3136],[71.71607,30.31363],[71.71607,30.31477],[71.72668,30.316],[71.73061,30.31605],[71.73406,30.31168],[71.76094,30.3121],[71.7609,30.31373],[71.77462,30.31284],[71.77299,30.32001],[71.78275,30.32152],[71.78844,30.32026],[71.77932,30.30895],[71.77076,30.28715],[71.76933,30.28698],[71.76585,30.2724],[71.78183,30.27201],[71.78361,30.2715],[71.7844,30.26715],[71.78719,30.26647],[71.81364,30.27456],[71.83821,30.24987],[71.8314,30.2444],[71.82801,30.24432],[71.82794,30.23895],[71.82451,30.23884],[71.82456,30.23618],[71.82114,30.23345],[71.8143,30.23331],[71.81413,30.22442],[71.81051,30.21632],[71.80043,30.21116],[71.79895,30.20728],[71.80049,30.20307],[71.79727,30.19757],[71.79734,30.19014],[71.79369,30.18186],[71.79503,30.17323],[71.79242,30.17315],[71.79235,30.17],[71.78739,30.1643],[71.7874,30.16218],[71.78043,30.16208],[71.77981,30.15936],[71.77351,30.15928],[71.76512,30.14824],[71.76529,30.14019],[71.76874,30.1375],[71.76884,30.13479],[71.77066,30.13479],[71.77085,30.12928],[71.76028,30.12922],[71.75276,30.12367],[71.75283,30.12097],[71.75171,30.1209],[71.75353,30.11806],[71.75357,30.11251],[71.75717,30.10981],[71.75732,30.10194],[71.75382,30.10193],[71.74878,30.09094],[71.74178,30.08544],[71.74019,30.08005],[71.74195,30.07718],[71.73688,30.0718],[71.73689,30.06908],[71.73343,30.06902],[71.73354,30.06085],[71.72807,30.0607],[71.727,30.05869],[71.72709,30.03619],[71.71656,30.03606],[71.71323,30.03333],[71.70284,30.03317],[71.703,30.02506],[71.69605,30.02495],[71.6961,30.02218],[71.68224,30.0219],[71.68222,30.01837],[71.67181,30.01631],[71.67192,30.01368],[71.66509,30.00813],[71.66524,30.00054],[71.66175,30.00048],[71.66014,29.99448],[71.65506,29.99174],[71.63059,29.99136],[71.6237,29.98865],[71.62009,29.98173],[71.60836,29.97482],[71.60693,29.95833],[71.59653,29.95555],[71.5948,29.96071],[71.57221,29.95989],[71.57227,29.95417],[71.57505,29.95284],[71.57507,29.94966],[71.57234,29.94957],[71.5724,29.94655],[71.57904,29.94087],[71.58986,29.94172],[71.59007,29.93623],[71.59352,29.93627],[71.59363,29.93084],[71.59546,29.93087],[71.59544,29.92438],[71.58484,29.92223],[71.58048,29.92347],[71.57971,29.92733],[71.56786,29.92748],[71.5595,29.91996],[71.55675,29.91018],[71.55441,29.90859],[71.54463,29.90843],[71.54322,29.89475],[71.55237,29.88019],[71.55107,29.87741],[71.54252,29.87624],[71.54266,29.87031],[71.53773,29.86912],[71.54692,29.85909],[71.54997,29.85817],[71.55199,29.85004],[71.55156,29.84478],[71.54803,29.84195],[71.53966,29.84345],[71.53148,29.84248],[71.5273,29.84815],[71.52582,29.84809],[71.52599,29.8419],[71.52325,29.84122],[71.52324,29.8386],[71.51642,29.83502],[71.50982,29.83508],[71.50973,29.83179],[71.50607,29.83176],[71.49659,29.8235],[71.49245,29.82171],[71.49746,29.81446],[71.50705,29.81123],[71.50819,29.80923],[71.49879,29.8074],[71.4888,29.79917],[71.48318,29.7969],[71.48951,29.79253],[71.48892,29.78426],[71.49103,29.78449],[71.49107,29.78323],[71.49597,29.78326],[71.49595,29.78598],[71.50076,29.78608],[71.50205,29.791],[71.50564,29.79107],[71.52019,29.78028],[71.51679,29.78126],[71.51694,29.77211],[71.51419,29.77046],[71.51495,29.76661],[71.51365,29.76227],[71.50995,29.76169],[71.50669,29.76432],[71.50637,29.7771],[71.50382,29.77734],[71.49875,29.77349],[71.49618,29.77344],[71.48833,29.77902],[71.48729,29.77335],[71.47772,29.77344],[71.47549,29.77143],[71.47183,29.77498],[71.47239,29.78283],[71.46812,29.78615],[71.45557,29.78652],[71.45641,29.78427],[71.44425,29.78461],[71.44275,29.78272],[71.44338,29.77489],[71.43787,29.77077],[71.43691,29.7679],[71.44758,29.76132],[71.44759,29.75978],[71.44384,29.75919],[71.44327,29.75419],[71.44041,29.7533],[71.43987,29.74828],[71.4368,29.74829],[71.43679,29.74331],[71.43322,29.74326],[71.43319,29.73824],[71.43103,29.73819],[71.43102,29.73634],[71.43368,29.73605],[71.43367,29.73127],[71.43173,29.73128],[71.43204,29.7228],[71.43001,29.72281],[71.43006,29.71858],[71.43315,29.71865],[71.43281,29.71643],[71.43499,29.7154],[71.43501,29.71376],[71.43813,29.71363],[71.43625,29.71051],[71.44207,29.71055],[71.4433,29.70794],[71.45171,29.71016],[71.45271,29.6977],[71.4547,29.69713],[71.45511,29.69337],[71.4512,29.69227],[71.45142,29.6895],[71.4493,29.68948],[71.44944,29.68787],[71.4542,29.68685],[71.46119,29.68879],[71.46116,29.68668],[71.45757,29.68666],[71.45759,29.68418],[71.44682,29.68294],[71.44647,29.68045],[71.44325,29.68041],[71.44326,29.67797],[71.43964,29.67793],[71.43942,29.67417],[71.43606,29.67415],[71.43466,29.65987],[71.43952,29.65941],[71.43958,29.65638],[71.45004,29.6568],[71.45022,29.64593],[71.44334,29.64581],[71.4434,29.64316],[71.4399,29.64298],[71.43856,29.64026],[71.43799,29.63319],[71.44358,29.63329],[71.44359,29.63226],[71.44085,29.62458],[71.43954,29.62452],[71.43965,29.62183],[71.43827,29.62185],[71.43831,29.61855],[71.43207,29.61789],[71.4322,29.61378],[71.42449,29.61504],[71.42457,29.61289],[71.41974,29.61281],[71.41987,29.60732],[71.42258,29.60735],[71.42198,29.60358],[71.42404,29.60361],[71.42564,29.59271],[71.42713,29.59275],[71.4273,29.58015],[71.42381,29.58011],[71.4241,29.56928],[71.41717,29.56912],[71.41731,29.55827],[71.41399,29.55824],[71.41385,29.55449],[71.41007,29.55426],[71.41014,29.55183],[71.39675,29.55159],[71.39647,29.52804],[71.38819,29.5284],[71.38827,29.52516],[71.38414,29.52514],[71.38437,29.51474],[71.3817,29.50923],[71.38192,29.49894],[71.38122,29.49728],[71.37795,29.49826],[71.37807,29.4836],[71.37878,29.48252],[71.3935,29.48218],[71.39482,29.47733],[71.39825,29.47737],[71.39942,29.47011],[71.39585,29.47019],[71.39584,29.469],[71.39222,29.46801],[71.38508,29.46794],[71.38468,29.46464],[71.38603,29.46475],[71.38622,29.45541],[71.39174,29.45553],[71.39203,29.44526],[71.40306,29.44475],[71.40321,29.43263],[71.40282,29.42192],[71.3994,29.42185],[71.39994,29.42011],[71.39806,29.41961],[71.38281,29.41942],[71.38223,29.41623],[71.38475,29.41666],[71.38576,29.41085],[71.3858,29.40911],[71.3824,29.40799],[71.38397,29.39873],[71.37232,29.3954],[71.3736,29.38933],[71.37238,29.38717],[71.36936,29.38715],[71.36838,29.38386],[71.36093,29.38251],[71.36091,29.38507],[71.3586,29.38659],[71.35212,29.38717],[71.35006,29.3954],[71.35351,29.39656],[71.35339,29.40091],[71.35136,29.40091],[71.35159,29.40453],[71.34692,29.40808],[71.34735,29.41119],[71.34905,29.41172],[71.34754,29.41338],[71.34783,29.41767],[71.34571,29.41773],[71.34563,29.42038],[71.34414,29.4204],[71.34195,29.4202],[71.34195,29.4127],[71.33835,29.4127],[71.33836,29.4102],[71.33479,29.41021],[71.33476,29.40645],[71.33118,29.40645],[71.33119,29.40394],[71.32403,29.40269],[71.32403,29.39895],[71.32057,29.39895],[71.31827,29.39518],[71.30613,29.39899],[71.30465,29.40076],[71.30198,29.39963],[71.30092,29.40108],[71.2945,29.40098],[71.2945,29.39835],[71.27564,29.39957],[71.26098,29.39703],[71.26088,29.39846],[71.25912,29.39788],[71.25672,29.39992],[71.25471,29.40426],[71.25125,29.43389],[71.24381,29.43616],[71.2328,29.43695],[71.21857,29.43223],[71.21684,29.43209],[71.21646,29.43355],[71.21042,29.43192],[71.19331,29.42575],[71.18985,29.42187],[71.18392,29.42141],[71.17456,29.41795],[71.1689,29.41419],[71.16279,29.40573],[71.15087,29.4058],[71.14715,29.42584],[71.1403,29.42574],[71.14058,29.41857],[71.13356,29.41856],[71.13375,29.41295],[71.13022,29.41301],[71.1302,29.40819],[71.12679,29.40865],[71.12569,29.40377],[71.12334,29.40371],[71.12186,29.39925],[71.12275,29.39432],[71.12088,29.39038],[71.12242,29.38812],[71.11941,29.38772],[71.11677,29.38265],[71.11324,29.38106],[71.1134,29.37913],[71.10791,29.37767],[71.10164,29.37861],[71.09892,29.38167],[71.09794,29.38909],[71.09188,29.38992],[71.09169,29.39136],[71.08892,29.39094],[71.08796,29.39296],[71.08596,29.39317],[71.08649,29.392],[71.08237,29.39179],[71.08067,29.3889],[71.07658,29.38946],[71.07541,29.38713],[71.06789,29.38386],[71.05769,29.38373],[71.05852,29.38988],[71.05249,29.39898],[71.05028,29.40004],[71.05272,29.40966],[71.04476,29.4126],[71.04901,29.42607],[71.04337,29.43632],[71.04216,29.45356],[71.03904,29.45705],[71.03561,29.47104],[71.03226,29.47138],[71.02687,29.48705],[71.0245,29.49002],[71.01992,29.49164],[71.02461,29.50139],[71.03941,29.49875],[71.0408,29.50025],[71.04465,29.5196],[71.03952,29.52142],[71.03439,29.52099],[71.0331,29.52302],[71.03557,29.52438],[71.04021,29.5326],[71.04687,29.54008],[71.05017,29.54168],[71.05139,29.54477],[71.04917,29.54757],[71.06537,29.55403],[71.07432,29.56027],[71.07327,29.56418],[71.06623,29.57022],[71.06377,29.57012],[71.05915,29.57751],[71.05185,29.58494],[71.05574,29.59389],[71.06076,29.59958],[71.0588,29.6031],[71.05411,29.60466],[71.05524,29.61073],[71.05859,29.61167],[71.0664,29.60905],[71.07794,29.60802],[71.07995,29.61084],[71.07477,29.61132],[71.0733,29.61316],[71.07509,29.61405],[71.08077,29.61254],[71.08238,29.61468],[71.0786,29.61887],[71.07864,29.62232],[71.07364,29.62395],[71.07451,29.62818],[71.08545,29.63061],[71.09511,29.62567],[71.09751,29.62585],[71.09757,29.62415],[71.10946,29.62172],[71.11164,29.62249],[71.11238,29.62516],[71.12561,29.62294],[71.13075,29.62429],[71.13893,29.63379],[71.14079,29.6387],[71.13739,29.64037],[71.13858,29.64451],[71.14301,29.64445],[71.14339,29.64287],[71.15136,29.63985],[71.15144,29.63863],[71.15912,29.63879],[71.1782,29.64589],[71.18354,29.64558],[71.19237,29.65175],[71.19404,29.65587],[71.19727,29.65705],[71.19926,29.66275],[71.19003,29.66529],[71.19037,29.66708],[71.18522,29.66868],[71.18224,29.67448],[71.17033,29.68202],[71.16655,29.68768],[71.16909,29.69082],[71.17278,29.69004],[71.17373,29.69603],[71.18689,29.70431],[71.18961,29.70955],[71.18977,29.7129],[71.18665,29.71248],[71.18568,29.72242],[71.18787,29.7248],[71.18323,29.73039],[71.18206,29.73972],[71.17205,29.74371],[71.17704,29.75006],[71.17557,29.75528],[71.17681,29.76],[71.17487,29.76194],[71.1803,29.76205],[71.18024,29.7597],[71.18836,29.76009],[71.19163,29.76972],[71.19003,29.77044],[71.18702,29.79019],[71.1899,29.79887],[71.19424,29.80035],[71.19418,29.80248],[71.20345,29.80444],[71.19759,29.81347],[71.19743,29.81868],[71.19949,29.82277],[71.19839,29.82399],[71.20335,29.83012],[71.20552,29.83646],[71.20474,29.84569],[71.19616,29.84754],[71.18064,29.84465],[71.17753,29.86382],[71.17876,29.86526],[71.18481,29.86587],[71.19394,29.87408],[71.19548,29.87962],[71.19209,29.88376],[71.19596,29.89583],[71.19749,29.89565],[71.19859,29.90581],[71.20291,29.91913],[71.20488,29.92043],[71.21121,29.93356],[71.21178,29.93684],[71.2088,29.93716],[71.21886,29.95161],[71.22304,29.95462],[71.22185,29.95665],[71.22441,29.95815],[71.23458,29.95497],[71.24058,29.95089],[71.2478,29.95125],[71.24832,29.95279],[71.25297,29.95437],[71.25693,29.96218],[71.26022,29.96532],[71.27072,29.96343],[71.27495,29.96632],[71.28157,29.96708],[71.28153,29.98336],[71.27305,29.98524],[71.27029,29.98867],[71.27083,29.99268],[71.26338,29.9934],[71.26218,30.00262],[71.26427,30.00263],[71.26488,30.01023],[71.26906,30.01035],[71.26803,30.01099],[71.27247,30.0298],[71.27025,30.03359],[71.27161,30.04579],[71.28598,30.04354],[71.28995,30.05391],[71.29134,30.06282],[71.30245,30.06444],[71.30237,30.06831],[71.30487,30.06835],[71.30097,30.07667],[71.299,30.08762],[71.29648,30.08662],[71.29184,30.08986],[71.29133,30.09346],[71.29246,30.10207],[71.29574,30.10185],[71.29801,30.1143],[71.29711,30.12623],[71.29532,30.13087],[71.30378,30.16086],[71.31371,30.17085],[71.31707,30.18185],[71.32375,30.182],[71.32146,30.19022],[71.32563,30.19442],[71.32958,30.19335],[71.33579,30.19493],[71.34742,30.19435],[71.35069,30.19537],[71.35064,30.19726],[71.35599,30.19865],[71.35747,30.20841],[71.34705,30.21909],[71.34383,30.21913],[71.34661,30.22551],[71.35725,30.2262],[71.36338,30.23385],[71.37476,30.24168],[71.38022,30.23851],[71.38037,30.25068],[71.38359,30.25224],[71.39086,30.25018],[71.39099,30.25677],[71.38938,30.25554],[71.38895,30.25743],[71.38525,30.25752],[71.38535,30.25936],[71.37876,30.26057],[71.37808,30.26326],[71.37584,30.2635],[71.37621,30.26712],[71.37393,30.26867],[71.37513,30.27075],[71.37995,30.26893],[71.38362,30.2738],[71.39321,30.26848],[71.39303,30.26579],[71.3945,30.26509],[71.4,30.27109],[71.4046,30.27161],[71.40487,30.27504],[71.39837,30.27931],[71.4021,30.28987],[71.40564,30.29107],[71.40934,30.2952],[71.41027,30.30455],[71.42234,30.31294],[71.41795,30.32881],[71.41676,30.34309],[71.42057,30.34727],[71.4254,30.34858],[71.43928,30.35928],[71.44068,30.36449],[71.45314,30.36245],[71.45327,30.367],[71.45184,30.36861],[71.45488,30.36982],[71.46566,30.36985],[71.47143,30.36775],[71.47217,30.37181],[71.47664,30.37619],[71.47471,30.38418],[71.47462,30.39436],[71.48455,30.39274],[71.48863,30.40313],[71.49528,30.40774],[71.49618,30.41569],[71.49912,30.42331],[71.49829,30.43209],[71.50073,30.43795],[71.50785,30.44592],[71.51664,30.44513],[71.52423,30.43983]],[[71.44746,30.21817],[71.44277,30.21327],[71.43541,30.21087],[71.43541,30.20827],[71.43244,30.20949],[71.43147,30.20643],[71.42847,30.20777],[71.42763,30.2044],[71.42449,30.20444],[71.42504,30.20586],[71.42251,30.20652],[71.42473,30.21929],[71.42293,30.21953],[71.42317,30.22372],[71.41716,30.22371],[71.41708,30.2202],[71.41453,30.21725],[71.41569,30.21728],[71.41564,30.21536],[71.41765,30.21534],[71.41763,30.20436],[71.414,30.20216],[71.41227,30.19474],[71.40808,30.19236],[71.40794,30.1839],[71.40347,30.17301],[71.40446,30.16722],[71.40198,30.16844],[71.40131,30.16595],[71.39652,30.16548],[71.39764,30.16486],[71.39668,30.15777],[71.40056,30.157],[71.40379,30.15841],[71.40576,30.14692],[71.41691,30.14668],[71.42332,30.1536],[71.4346,30.15382],[71.4345,30.13563],[71.44116,30.13579],[71.44289,30.13498],[71.44302,30.13283],[71.44722,30.13232],[71.44965,30.13366],[71.45119,30.13834],[71.47186,30.11785],[71.47164,30.12999],[71.48451,30.13073],[71.48448,30.13247],[71.47291,30.13278],[71.47344,30.15247],[71.48864,30.15897],[71.48848,30.12315],[71.49329,30.12302],[71.5003,30.12835],[71.50274,30.13373],[71.50374,30.16117],[71.50487,30.1605],[71.51122,30.16754],[71.51405,30.16762],[71.51577,30.16387],[71.51849,30.16389],[71.51856,30.16169],[71.52979,30.161],[71.52811,30.15779],[71.5257,30.15921],[71.52566,30.15783],[71.52372,30.15778],[71.52379,30.15412],[71.52057,30.15305],[71.52074,30.14314],[71.5069,30.14342],[71.50768,30.13817],[71.52716,30.13783],[71.52716,30.1389],[71.53199,30.13905],[71.53397,30.15841],[71.52988,30.16095],[71.53492,30.17121],[71.52654,30.17104],[71.5271,30.17793],[71.52816,30.17772],[71.52749,30.18474],[71.53012,30.18478],[71.52971,30.18794],[71.565,30.19871],[71.56594,30.20273],[71.55143,30.19985],[71.54696,30.20036],[71.53839,30.20452],[71.53833,30.20719],[71.54463,30.20728],[71.54346,30.20906],[71.54921,30.21373],[71.54778,30.21546],[71.54388,30.21336],[71.53925,30.22001],[71.54319,30.2221],[71.55476,30.22187],[71.55534,30.22902],[71.55947,30.23142],[71.55943,30.23258],[71.55525,30.23253],[71.55588,30.23682],[71.55241,30.23686],[71.54822,30.23457],[71.53916,30.23446],[71.53769,30.22791],[71.53311,30.22566],[71.53221,30.21964],[71.51516,30.21833],[71.51451,30.21486],[71.50249,30.21418],[71.50193,30.21736],[71.50426,30.21732],[71.50602,30.22333],[71.50363,30.22418],[71.50141,30.22349],[71.50085,30.22161],[71.49927,30.22232],[71.5009,30.22535],[71.49539,30.22813],[71.49725,30.2306],[71.49433,30.22946],[71.49384,30.23728],[71.49123,30.23197],[71.48942,30.2347],[71.48996,30.23977],[71.49749,30.23989],[71.4977,30.2439],[71.49995,30.24295],[71.4995,30.24799],[71.50553,30.24808],[71.50539,30.25306],[71.48709,30.25226],[71.48769,30.25404],[71.4849,30.25754],[71.48184,30.25541],[71.48178,30.25209],[71.47474,30.25166],[71.47204,30.24861],[71.46932,30.24866],[71.46707,30.24554],[71.46018,30.24408],[71.46175,30.23943],[71.46125,30.23184],[71.46237,30.23145],[71.44746,30.21817]],[[71.28695,29.88509],[71.28634,29.88259],[71.28405,29.88178],[71.28599,29.88083],[71.28513,29.87785],[71.28707,29.87689],[71.28583,29.87207],[71.29345,29.87069],[71.29315,29.86936],[71.29859,29.86946],[71.30019,29.87636],[71.30319,29.87595],[71.30345,29.87805],[71.30765,29.87747],[71.30764,29.87546],[71.31378,29.87485],[71.31365,29.87695],[71.32425,29.87649],[71.32484,29.87855],[71.32015,29.87995],[71.32259,29.88062],[71.3267,29.88684],[71.32271,29.88664],[71.32261,29.8843],[71.32087,29.8842],[71.32092,29.88212],[71.31882,29.88209],[71.3187,29.8806],[71.31265,29.8808],[71.3063,29.88463],[71.30105,29.88557],[71.30012,29.89099],[71.28859,29.88933],[71.28695,29.88509]],[[71.22122,29.53535],[71.22142,29.51876],[71.21806,29.51876],[71.21816,29.51624],[71.21463,29.51624],[71.21485,29.51137],[71.21089,29.5113],[71.21108,29.50359],[71.20824,29.50349],[71.20835,29.50081],[71.21116,29.50092],[71.21137,29.4959],[71.2412,29.49587],[71.24159,29.50103],[71.2387,29.50107],[71.23839,29.51376],[71.23155,29.51378],[71.23153,29.51617],[71.22815,29.51618],[71.22787,29.53669],[71.2212,29.53649],[71.22122,29.53535]]]]}},{"type":"Feature","properties":{"name":"District Council Bahawalpur","district":"Bahawalpur"},"geometry":{"type":"MultiPolygon","coordinates":[[[[72.4559,29.84727],[72.45718,29.8465],[72.46016,29.84849],[72.46738,29.85571],[72.47454,29.85235],[72.47971,29.847],[72.47977,29.85834],[72.48473,29.86116],[72.4893,29.85883],[72.48542,29.84741],[72.48401,29.83126],[72.48848,29.8297],[72.51741,29.84469],[72.51502,29.82861],[72.52223,29.82339],[72.53007,29.82812],[72.53015,29.84826],[72.53403,29.85272],[72.53783,29.85369],[72.55005,29.8506],[72.55401,29.84477],[72.55801,29.84409],[72.56576,29.83198],[72.5679,29.82265],[72.57353,29.81927],[72.58084,29.81826],[72.58219,29.80385],[72.58906,29.78755],[72.59323,29.78726],[72.59527,29.78382],[72.59159,29.78003],[72.59933,29.76301],[72.6013,29.76326],[72.60139,29.76564],[72.60515,29.769],[72.60639,29.76829],[72.60626,29.76079],[72.61156,29.75619],[72.61212,29.75256],[72.61458,29.75246],[72.61582,29.74849],[72.61964,29.74821],[72.62056,29.74531],[72.62466,29.74503],[72.63003,29.74204],[72.63108,29.73844],[72.63734,29.73834],[72.63737,29.74016],[72.65167,29.74149],[72.65155,29.72897],[72.66212,29.72999],[72.66854,29.72845],[72.66844,29.72484],[72.6784,29.72394],[72.6784,29.72012],[72.67575,29.72012],[72.67603,29.71651],[72.68287,29.71633],[72.68278,29.70603],[72.67899,29.70594],[72.67954,29.69049],[72.68759,29.69647],[72.69558,29.69755],[72.70251,29.69179],[72.70729,29.69182],[72.70689,29.68411],[72.71031,29.68402],[72.71056,29.68692],[72.72086,29.68648],[72.7208,29.67871],[72.71759,29.67875],[72.7174,29.67594],[72.71059,29.67603],[72.71056,29.66265],[72.71386,29.66262],[72.71367,29.65186],[72.71,29.65161],[72.7101,29.64853],[72.70652,29.64868],[72.70677,29.6428],[72.7101,29.64277],[72.71013,29.64588],[72.7138,29.64591],[72.71358,29.63746],[72.717,29.63749],[72.71716,29.64061],[72.7273,29.64051],[72.72755,29.64304],[72.73751,29.64273],[72.73769,29.63484],[72.74056,29.6346],[72.74095,29.63233],[72.74463,29.63211],[72.7447,29.62901],[72.75473,29.62865],[72.75495,29.61826],[72.76498,29.61818],[72.76477,29.61313],[72.75813,29.61299],[72.75769,29.61118],[72.75156,29.6101],[72.75134,29.60483],[72.7548,29.60454],[72.75466,29.6018],[72.74423,29.60208],[72.74404,29.59072],[72.76021,29.5913],[72.7579,29.58601],[72.77156,29.58572],[72.77156,29.56474],[72.7782,29.56445],[72.7783,29.54434],[72.78138,29.54443],[72.78119,29.53702],[72.77811,29.53702],[72.77811,29.52037],[72.77512,29.52028],[72.77464,29.51864],[72.75924,29.51826],[72.75097,29.51268],[72.75082,29.49365],[72.73246,29.49365],[72.73273,29.48802],[72.72919,29.48802],[72.72892,29.48574],[72.72628,29.4852],[72.72655,29.48256],[72.71991,29.48238],[72.71973,29.47438],[72.71301,29.47156],[72.71264,29.46356],[72.6981,29.46338],[72.6981,29.46656],[72.69455,29.46647],[72.69482,29.46092],[72.69846,29.46074],[72.69837,29.45847],[72.70182,29.45829],[72.70182,29.45556],[72.70499,29.45463],[72.70398,29.45008],[72.70173,29.45002],[72.70191,29.44765],[72.69819,29.44738],[72.69819,29.4422],[72.69164,29.44202],[72.6921,29.40083],[72.69828,29.38047],[72.70055,29.37792],[72.71119,29.3712],[72.71555,29.36683],[72.71546,29.3652],[72.72537,29.36501],[72.72573,29.35674],[72.72228,29.35674],[72.72246,29.35474],[72.73064,29.35492],[72.73092,29.35656],[72.73564,29.35938],[72.73582,29.3652],[72.74392,29.3652],[72.74464,29.37038],[72.74273,29.37056],[72.74573,29.3732],[72.76146,29.37392],[72.76701,29.37883],[72.76719,29.37701],[72.76992,29.37701],[72.77001,29.37156],[72.76364,29.37138],[72.76373,29.36638],[72.77392,29.36019],[72.77373,29.34719],[72.77192,29.3471],[72.77219,29.34356],[72.77401,29.34347],[72.77392,29.33619],[72.78592,29.33583],[72.78646,29.34156],[72.78992,29.34238],[72.78992,29.34438],[72.79428,29.34429],[72.79446,29.34692],[72.80764,29.34674],[72.80746,29.34092],[72.81937,29.34065],[72.81974,29.34392],[72.82564,29.34374],[72.82555,29.3411],[72.83183,29.34083],[72.83246,29.35174],[72.8461,29.35147],[72.84628,29.34347],[72.85337,29.34365],[72.85265,29.33001],[72.84628,29.33029],[72.84628,29.3321],[72.83183,29.33201],[72.83146,29.33038],[72.82846,29.33038],[72.82837,29.3231],[72.82464,29.31928],[72.80728,29.31983],[72.80737,29.32456],[72.78664,29.32474],[72.78646,29.32228],[72.77955,29.3221],[72.77928,29.32747],[72.76501,29.3271],[72.76519,29.32238],[72.75919,29.32238],[72.75928,29.31419],[72.74555,29.31319],[72.74528,29.29974],[72.75264,29.29983],[72.75246,29.29165],[72.74846,29.29165],[72.74855,29.28865],[72.73873,29.28865],[72.73837,29.28083],[72.75219,29.28074],[72.75264,29.28938],[72.75901,29.28901],[72.76255,29.28337],[72.76219,29.27537],[72.77583,29.27537],[72.7761,29.28092],[72.78983,29.28065],[72.79019,29.28601],[72.79346,29.28601],[72.79383,29.27547],[72.79655,29.27547],[72.79655,29.2591],[72.79273,29.2591],[72.79292,29.25119],[72.8001,29.2511],[72.80028,29.25356],[72.80628,29.25356],[72.80646,29.25628],[72.82019,29.25619],[72.82001,29.25892],[72.82401,29.25883],[72.8241,29.24792],[72.81483,29.24792],[72.81464,29.25083],[72.80801,29.25101],[72.80792,29.24801],[72.79119,29.24565],[72.79028,29.25092],[72.78664,29.25101],[72.78655,29.24819],[72.78383,29.24783],[72.7811,29.24174],[72.77573,29.2411],[72.76283,29.24546],[72.7591,29.24246],[72.75537,29.24319],[72.75264,29.24601],[72.74492,29.24574],[72.7451,29.23992],[72.7411,29.23728],[72.73792,29.23746],[72.73673,29.23992],[72.73164,29.24001],[72.73137,29.2431],[72.72592,29.24301],[72.72564,29.24856],[72.72019,29.24819],[72.71737,29.24119],[72.71028,29.24092],[72.70246,29.24628],[72.70073,29.24556],[72.69782,29.24737],[72.6961,29.2511],[72.69219,29.25101],[72.69137,29.25383],[72.68937,29.25383],[72.68955,29.25265],[72.68237,29.25356],[72.68037,29.25992],[72.67319,29.26756],[72.67291,29.27037],[72.66546,29.27065],[72.66555,29.27592],[72.62419,29.27583],[72.62437,29.27047],[72.621,29.27056],[72.62119,29.26783],[72.60673,29.26774],[72.60355,29.26483],[72.60018,29.26783],[72.58618,29.26765],[72.58618,29.27047],[72.58328,29.27056],[72.57891,29.26747],[72.56609,29.26774],[72.56582,29.26574],[72.55973,29.26528],[72.55455,29.26119],[72.54164,29.26119],[72.54109,29.25719],[72.53027,29.2571],[72.53082,29.2541],[72.53446,29.24992],[72.53226,29.24959],[72.53205,29.24687],[72.52471,29.24037],[72.5221,29.23838],[72.51843,29.23849],[72.51832,29.23692],[72.51036,29.23629],[72.50879,29.23828],[72.5001,29.2388],[72.49339,29.23859],[72.49109,29.23587],[72.48365,29.23608],[72.48019,29.23859],[72.47674,29.23859],[72.47317,29.23639],[72.46532,29.23613],[72.46191,29.23396],[72.45914,29.23639],[72.43179,29.23629],[72.43138,29.23922],[72.42823,29.23912],[72.42802,29.24226],[72.41807,29.24205],[72.41786,29.23954],[72.41419,29.23943],[72.4144,29.23105],[72.40746,29.23128],[72.40705,29.23682],[72.40051,29.23664],[72.40051,29.23982],[72.39414,29.23982],[72.39367,29.24241],[72.3912,29.24241],[72.39061,29.24518],[72.38743,29.24536],[72.38731,29.24866],[72.38413,29.24866],[72.38284,29.25014],[72.38633,29.25262],[72.38655,29.26371],[72.37952,29.26362],[72.3793,29.26627],[72.37603,29.26618],[72.37616,29.26353],[72.37289,29.26353],[72.37258,29.26097],[72.36556,29.26097],[72.3656,29.25849],[72.35857,29.25818],[72.35862,29.25589],[72.34814,29.25544],[72.34509,29.25284],[72.34138,29.25279],[72.34143,29.25593],[72.33785,29.25575],[72.33793,29.25001],[72.31093,29.25027],[72.31115,29.24402],[72.31793,29.24331],[72.31752,29.2396],[72.31434,29.23948],[72.31404,29.23565],[72.30726,29.233],[72.30544,29.22893],[72.30102,29.22893],[72.28982,29.22339],[72.28976,29.21532],[72.29672,29.21532],[72.29678,29.21267],[72.30338,29.2122],[72.30302,29.20701],[72.29972,29.20672],[72.29949,29.20118],[72.29654,29.20135],[72.29365,29.20412],[72.2877,29.20401],[72.28764,29.19587],[72.29212,29.19581],[72.2923,29.18792],[72.29012,29.18768],[72.29006,29.18244],[72.30084,29.18256],[72.30037,29.16411],[72.29348,29.15763],[72.29342,29.15521],[72.30008,29.15498],[72.30055,29.15298],[72.30367,29.15233],[72.30355,29.14985],[72.3111,29.14926],[72.3111,29.14455],[72.30043,29.1442],[72.30031,29.1386],[72.30732,29.13854],[72.30726,29.13606],[72.30391,29.136],[72.30355,29.13329],[72.30049,29.13318],[72.30019,29.12787],[72.29524,29.12829],[72.29135,29.12233],[72.32972,29.1221],[72.32759,29.11349],[72.32147,29.11408],[72.31728,29.11202],[72.31711,29.09823],[72.30992,29.09688],[72.30921,29.09423],[72.30656,29.09393],[72.30025,29.08816],[72.29978,29.08356],[72.2966,29.08327],[72.29648,29.07708],[72.29501,29.0769],[72.293,29.06794],[72.30019,29.06906],[72.30031,29.07378],[72.30184,29.07566],[72.30626,29.0759],[72.31373,29.08014],[72.31634,29.07906],[72.3181,29.07338],[72.32846,29.07345],[72.33102,29.07589],[72.3314,29.08638],[72.34086,29.08689],[72.34128,29.10044],[72.34469,29.10044],[72.34521,29.10277],[72.35907,29.10279],[72.35936,29.10554],[72.36589,29.10553],[72.36553,29.13023],[72.35541,29.13058],[72.35549,29.13913],[72.37114,29.13883],[72.37126,29.13559],[72.37462,29.13542],[72.37468,29.13229],[72.3722,29.13229],[72.3712,29.1254],[72.37703,29.12381],[72.37774,29.11721],[72.38275,29.1175],[72.38269,29.11385],[72.40148,29.11236],[72.43494,29.07174],[72.46228,29.00008],[72.47711,28.9697],[72.49991,28.93208],[72.55506,28.85258],[72.47905,28.81219],[72.40333,28.78297],[72.33783,28.71449],[72.2993,28.67037],[72.27731,28.59972],[72.20592,28.39485],[72.13311,28.31436],[72.00418,28.21905],[71.9269,28.12202],[71.89797,27.96223],[71.8843,27.95887],[71.66792,27.87868],[71.38209,27.87285],[71.2058,27.83612],[71.11957,27.80034],[71.1173,27.88548],[71.11348,27.89421],[71.09979,27.90816],[71.09415,27.91815],[71.08649,27.95025],[71.0697,27.99996],[71.0566,28.0739],[71.05144,28.08757],[71.03809,28.11218],[71.03744,28.13518],[71.01505,28.16501],[71.00005,28.18829],[70.99109,28.19855],[70.98188,28.22045],[70.98006,28.24994],[70.97541,28.28661],[70.97665,28.33389],[70.96471,28.42768],[70.96618,28.44638],[70.96151,28.46819],[70.95322,28.48868],[70.95309,28.49924],[70.95022,28.50483],[70.94883,28.51976],[70.95025,28.55276],[70.95439,28.56756],[70.96869,28.6481],[70.98376,28.70103],[70.99192,28.72441],[71.00457,28.75019],[71.01564,28.78014],[71.03035,28.79917],[71.05904,28.8943],[71.05957,28.89773],[71.04086,28.94181],[71.05803,28.94295],[71.05889,28.97439],[71.05501,28.97539],[71.05476,28.9852],[71.05767,28.98528],[71.05805,28.99579],[71.06047,28.99597],[71.06167,29.00135],[71.0645,29.00177],[71.06367,29.0187],[71.05054,29.01866],[71.05036,29.0106],[71.04378,29.01074],[71.04356,29.03217],[71.05005,29.03236],[71.05011,29.04284],[71.05342,29.04284],[71.05342,29.04845],[71.05644,29.04845],[71.05688,29.05407],[71.06019,29.05421],[71.06004,29.04629],[71.0671,29.04629],[71.06738,29.05637],[71.0567,29.05722],[71.05684,29.06256],[71.06019,29.0627],[71.06033,29.06801],[71.0635,29.06817],[71.06342,29.07329],[71.05812,29.07347],[71.05824,29.0786],[71.06004,29.07911],[71.06004,29.08127],[71.07072,29.08409],[71.07775,29.08818],[71.07804,29.09091],[71.0848,29.09207],[71.08659,29.1038],[71.02879,29.08601],[71.02505,29.08148],[71.00304,29.03694],[70.99959,29.03723],[70.99175,29.03228],[70.9812,29.03233],[70.97985,29.03508],[70.98043,29.04001],[70.97401,29.04482],[70.97685,29.04736],[70.96879,29.05795],[70.96595,29.06035],[70.96058,29.05839],[70.95479,29.06197],[70.95212,29.06577],[70.95223,29.06846],[70.95008,29.07019],[70.95592,29.07642],[70.95626,29.07882],[70.94503,29.09075],[70.9416,29.09654],[70.93727,29.1197],[70.93286,29.1239],[70.92925,29.13183],[70.92676,29.13338],[70.92251,29.13164],[70.92244,29.12649],[70.92028,29.12992],[70.92172,29.13434],[70.92884,29.13912],[70.93108,29.14288],[70.93025,29.14536],[70.91855,29.14057],[70.91136,29.13338],[70.91211,29.1314],[70.91011,29.12952],[70.90661,29.13352],[70.89999,29.13339],[70.89898,29.13625],[70.89261,29.1419],[70.89279,29.14525],[70.9007,29.14937],[70.90505,29.16084],[70.91133,29.16131],[70.91126,29.16367],[70.91396,29.16609],[70.91355,29.16836],[70.918,29.17646],[70.92393,29.17597],[70.9317,29.18555],[70.92906,29.19066],[70.92131,29.19688],[70.91855,29.20506],[70.91409,29.21096],[70.90459,29.217],[70.90272,29.23255],[70.91049,29.23197],[70.93136,29.21887],[70.94475,29.21456],[70.95367,29.22794],[70.95123,29.23687],[70.94763,29.23989],[70.94619,29.24464],[70.93942,29.24939],[70.93678,29.25484],[70.90867,29.26585],[70.9265,29.29359],[70.93755,29.29807],[70.95622,29.29568],[70.96657,29.3036],[70.97316,29.31271],[70.97819,29.31106],[70.97927,29.30777],[70.98584,29.30569],[70.99449,29.30954],[71.00987,29.31128],[71.02742,29.31733],[71.03551,29.32172],[71.03964,29.32769],[71.04319,29.32915],[71.04187,29.35583],[71.04246,29.35981],[71.04698,29.36193],[71.04068,29.36263],[71.0431,29.3836],[71.05229,29.40557],[71.05028,29.40004],[71.05249,29.39898],[71.05852,29.38988],[71.05769,29.38373],[71.06789,29.38386],[71.07541,29.38713],[71.07658,29.38946],[71.08067,29.3889],[71.08237,29.39179],[71.08796,29.39296],[71.08892,29.39094],[71.09794,29.38909],[71.09761,29.38557],[71.1005,29.37931],[71.10791,29.37767],[71.1134,29.37913],[71.11324,29.38106],[71.11677,29.38265],[71.11941,29.38772],[71.12242,29.38812],[71.12088,29.39038],[71.12275,29.39432],[71.12186,29.39925],[71.12334,29.40371],[71.12569,29.40377],[71.12679,29.40865],[71.1302,29.40819],[71.13022,29.41301],[71.13375,29.41295],[71.13356,29.41856],[71.14058,29.41857],[71.1403,29.42574],[71.14715,29.42584],[71.15087,29.4058],[71.16279,29.40573],[71.1689,29.41419],[71.17456,29.41795],[71.18392,29.42141],[71.18985,29.42187],[71.19331,29.42575],[71.21042,29.43192],[71.21646,29.43355],[71.21684,29.43209],[71.21857,29.43223],[71.2316,29.43687],[71.24381,29.43616],[71.25125,29.43389],[71.25471,29.40426],[71.25672,29.39992],[71.25912,29.39788],[71.26088,29.39846],[71.26098,29.39703],[71.27564,29.39957],[71.2945,29.39835],[71.2945,29.40098],[71.30092,29.40108],[71.30198,29.39963],[71.30465,29.40076],[71.30613,29.39899],[71.31827,29.39518],[71.32057,29.39895],[71.32403,29.39895],[71.32403,29.40269],[71.33119,29.40394],[71.33118,29.40645],[71.33476,29.40645],[71.33479,29.41021],[71.33836,29.4102],[71.33835,29.4127],[71.34195,29.4127],[71.34195,29.4202],[71.34563,29.42038],[71.34566,29.41776],[71.34783,29.41767],[71.34754,29.41338],[71.34905,29.41172],[71.34735,29.41119],[71.34692,29.40808],[71.35159,29.40453],[71.35136,29.40091],[71.35339,29.40091],[71.35351,29.39656],[71.35006,29.3954],[71.35212,29.38717],[71.36061,29.38548],[71.36075,29.38266],[71.36224,29.38308],[71.36619,29.37609],[71.37504,29.37501],[71.37857,29.37922],[71.38138,29.37841],[71.37941,29.37012],[71.38276,29.36463],[71.3961,29.37005],[71.39837,29.37378],[71.39952,29.38525],[71.42152,29.38817],[71.4313,29.39167],[71.44287,29.39308],[71.45856,29.38553],[71.46784,29.37737],[71.46903,29.3747],[71.46427,29.37079],[71.46499,29.36629],[71.48318,29.35206],[71.49083,29.35655],[71.49139,29.36188],[71.48785,29.36748],[71.48926,29.37008],[71.49984,29.37847],[71.51175,29.38175],[71.51855,29.38907],[71.52455,29.38272],[71.53569,29.37601],[71.55741,29.36837],[71.55911,29.35914],[71.57037,29.34547],[71.56756,29.32657],[71.55682,29.31635],[71.57215,29.32075],[71.573,29.319],[71.57121,29.31602],[71.60148,29.31964],[71.64914,29.3176],[71.65248,29.32016],[71.64888,29.33064],[71.65034,29.33457],[71.66613,29.34051],[71.68831,29.34479],[71.71559,29.35272],[71.78103,29.37418],[71.78103,29.36332],[71.77813,29.36272],[71.77917,29.3598],[71.79441,29.35973],[71.79469,29.38351],[71.7843,29.38333],[71.78466,29.39012],[71.78086,29.38986],[71.78031,29.39347],[71.77676,29.39318],[71.77713,29.39777],[71.76982,29.39822],[71.76986,29.40001],[71.76437,29.40078],[71.76513,29.4101],[71.77716,29.41134],[71.77674,29.41472],[71.7792,29.41509],[71.77884,29.42452],[71.77598,29.42455],[71.77657,29.42752],[71.79733,29.43371],[71.78656,29.43394],[71.78692,29.43712],[71.78992,29.43721],[71.79016,29.442],[71.80809,29.44237],[71.81079,29.44381],[71.81506,29.43476],[71.82992,29.43439],[71.84568,29.44226],[71.84867,29.44933],[71.85626,29.45006],[71.85616,29.45489],[71.86239,29.45577],[71.86655,29.45942],[71.87915,29.45773],[71.88223,29.45866],[71.88406,29.46152],[71.88259,29.47348],[71.88784,29.47089],[71.90621,29.47094],[71.89841,29.48895],[71.89299,29.49578],[71.89694,29.50038],[71.89403,29.50176],[71.89303,29.50483],[71.89849,29.52787],[71.90862,29.52833],[71.91091,29.5301],[71.91966,29.52438],[71.92407,29.51269],[71.92499,29.47733],[71.92808,29.47568],[71.93387,29.47902],[71.9349,29.50205],[71.94105,29.51581],[71.96132,29.49148],[71.97303,29.4944],[71.97254,29.49986],[71.96973,29.50299],[71.94178,29.52301],[71.94199,29.53239],[71.93898,29.54231],[71.94311,29.54654],[71.94752,29.54665],[71.95523,29.54355],[71.96086,29.54749],[71.96525,29.54653],[71.96743,29.54516],[71.96962,29.53668],[71.97032,29.53861],[71.97677,29.54018],[71.98091,29.54412],[71.99221,29.54546],[71.99236,29.53778],[71.9957,29.53474],[71.9982,29.52651],[72.00101,29.52649],[72.00058,29.52306],[72.00516,29.52083],[72.01219,29.52005],[72.01595,29.52088],[72.01577,29.53008],[72.02175,29.53004],[72.02624,29.52327],[72.03087,29.52745],[72.03408,29.54082],[72.03679,29.54364],[72.03527,29.55067],[72.04167,29.5507],[72.04178,29.54571],[72.05428,29.55442],[72.05301,29.53946],[72.05597,29.53945],[72.06028,29.53616],[72.06636,29.53559],[72.06641,29.53191],[72.07767,29.52419],[72.08311,29.52435],[72.08247,29.52757],[72.08628,29.52531],[72.09451,29.52623],[72.09749,29.52984],[72.09932,29.52798],[72.10182,29.53147],[72.10177,29.54246],[72.10569,29.53451],[72.10769,29.53908],[72.10675,29.55355],[72.10273,29.56749],[72.11688,29.57796],[72.12775,29.58081],[72.13289,29.57984],[72.133,29.5834],[72.14806,29.58539],[72.15084,29.58853],[72.15329,29.58872],[72.15534,29.58569],[72.15981,29.587],[72.16298,29.59394],[72.1709,29.60062],[72.17648,29.60325],[72.1879,29.61387],[72.19278,29.61512],[72.19496,29.61911],[72.19173,29.62033],[72.1934,29.62537],[72.18721,29.63262],[72.18821,29.64388],[72.19319,29.64169],[72.2099,29.64498],[72.21233,29.65198],[72.20706,29.66468],[72.21689,29.66482],[72.21388,29.67621],[72.21828,29.69198],[72.21857,29.70802],[72.22545,29.70838],[72.23544,29.70308],[72.24647,29.7046],[72.2517,29.70234],[72.26037,29.70617],[72.26703,29.70552],[72.2737,29.71067],[72.27837,29.7228],[72.27405,29.72185],[72.26754,29.72894],[72.26291,29.73021],[72.25913,29.73665],[72.2584,29.74544],[72.23607,29.76072],[72.23605,29.76752],[72.2415,29.76914],[72.25251,29.76887],[72.25445,29.78172],[72.25804,29.7828],[72.25857,29.79011],[72.25352,29.79173],[72.25204,29.79513],[72.2528,29.79708],[72.25957,29.79558],[72.2716,29.81809],[72.27926,29.82025],[72.28681,29.81425],[72.29747,29.81175],[72.30175,29.80833],[72.3081,29.80746],[72.31137,29.81397],[72.31504,29.8149],[72.31777,29.82011],[72.32599,29.82006],[72.32614,29.8172],[72.33078,29.81572],[72.33369,29.80819],[72.33653,29.81269],[72.33923,29.82835],[72.35323,29.84223],[72.35868,29.8407],[72.36033,29.84417],[72.36006,29.84817],[72.35839,29.84935],[72.35905,29.85223],[72.36577,29.84979],[72.37541,29.85478],[72.39959,29.84409],[72.39924,29.85117],[72.408,29.86795],[72.41565,29.87104],[72.4147,29.87288],[72.42115,29.87408],[72.42405,29.86868],[72.43086,29.8646],[72.43269,29.86013],[72.4559,29.84727]],[[72.5586,29.72628],[72.54411,29.72611],[72.54507,29.71756],[72.53732,29.71789],[72.53718,29.71604],[72.53346,29.71604],[72.53346,29.7129],[72.52804,29.7129],[72.52804,29.71061],[72.52618,29.70947],[72.52633,29.70219],[72.52333,29.70176],[72.52318,29.69619],[72.52607,29.69391],[72.52609,29.6912],[72.51916,29.68768],[72.52575,29.67777],[72.56075,29.6796],[72.56607,29.67926],[72.56572,29.67654],[72.58417,29.6766],[72.59871,29.68506],[72.59871,29.69619],[72.59029,29.69619],[72.5816,29.70099],[72.58141,29.70514],[72.57644,29.70476],[72.57858,29.70861],[72.57815,29.71075],[72.57501,29.71104],[72.56445,29.70669],[72.56162,29.72028],[72.55729,29.72032],[72.5586,29.72628]],[[72.24222,29.58957],[72.24446,29.59155],[72.24288,29.59241],[72.23755,29.5869],[72.23732,29.58792],[72.23366,29.58658],[72.23353,29.58835],[72.22774,29.58791],[72.22633,29.58734],[72.227,29.58458],[72.21931,29.58225],[72.21921,29.57992],[72.23045,29.58362],[72.23029,29.58147],[72.22683,29.57999],[72.22625,29.57652],[72.22222,29.57487],[72.22027,29.55386],[72.2475,29.56594],[72.24558,29.56691],[72.24545,29.57462],[72.25192,29.57881],[72.25195,29.58301],[72.25528,29.58286],[72.25545,29.58652],[72.24609,29.58523],[72.24611,29.58394],[72.24354,29.58313],[72.24222,29.58957]],[[71.06599,29.25485],[71.06374,29.25409],[71.06464,29.25233],[71.06219,29.25101],[71.06294,29.24912],[71.05686,29.24847],[71.05682,29.24738],[71.05307,29.24824],[71.0541,29.24554],[71.05201,29.24539],[71.05238,29.24209],[71.05055,29.23959],[71.05395,29.23957],[71.05344,29.234],[71.05697,29.23298],[71.05573,29.22901],[71.06145,29.2324],[71.07186,29.23161],[71.07188,29.23026],[71.07564,29.23066],[71.07892,29.22824],[71.07868,29.23573],[71.07169,29.23602],[71.06541,29.25126],[71.06767,29.25281],[71.06773,29.25469],[71.06599,29.25485]],[[71.25296,29.16216],[71.24966,29.15772],[71.24376,29.15508],[71.23731,29.14903],[71.22909,29.14835],[71.21797,29.14472],[71.21807,29.13995],[71.22216,29.13995],[71.22217,29.1368],[71.22428,29.13682],[71.22443,29.13102],[71.22917,29.13112],[71.22921,29.12353],[71.23748,29.12368],[71.2372,29.13624],[71.23829,29.13695],[71.26702,29.13133],[71.28154,29.14815],[71.27708,29.14873],[71.27653,29.15044],[71.27891,29.15293],[71.27716,29.1547],[71.26807,29.15472],[71.26626,29.16028],[71.265,29.15938],[71.26501,29.16081],[71.2626,29.16078],[71.26107,29.16966],[71.25296,29.16216]],[[71.74849,29.14614],[71.73303,29.14599],[71.73545,29.12067],[71.73816,29.1177],[71.74286,29.11692],[71.74231,29.11078],[71.74957,29.11089],[71.74916,29.10684],[71.74541,29.10355],[71.75223,29.10332],[71.75279,29.10201],[71.78687,29.11156],[71.78813,29.12714],[71.78221,29.13808],[71.77114,29.13388],[71.77059,29.145],[71.74849,29.14614]],[[71.28244,29.10614],[71.2788,29.11599],[71.27186,29.11745],[71.27189,29.121],[71.26622,29.11934],[71.26822,29.10636],[71.26688,29.10222],[71.2597,29.09383],[71.28651,29.09435],[71.28244,29.10614]]]]}},{"type":"Feature","properties":{"name":"District Council Rahim Yar Khan","district":"Rahim Yar Khan"},"geometry":{"type":"MultiPolygon","coordinates":[[[[69.52758,28.23901],[69.53033,28.23616],[69.53287,28.21805],[69.54619,28.21682],[69.55235,28.2143],[69.59089,28.21071],[69.55625,28.18088],[69.56177,28.17285],[69.56378,28.16483],[69.56045,28.15279],[69.56108,28.14392],[69.55762,28.13682],[69.54586,28.14145],[69.53706,28.14164],[69.53714,28.14594],[69.532,28.14574],[69.5315,28.16252],[69.53347,28.17053],[69.52947,28.1774],[69.52908,28.18513],[69.52059,28.17915],[69.51616,28.19456],[69.50052,28.19891],[69.48903,28.20725],[69.47209,28.21375],[69.46923,28.2176],[69.47039,28.21825],[69.4684,28.22044],[69.47053,28.22204],[69.47245,28.23451],[69.47581,28.23556],[69.47737,28.23834],[69.47737,28.24499],[69.47548,28.24855],[69.47747,28.25562],[69.47632,28.26137],[69.47164,28.27029],[69.47089,28.27784],[69.46832,28.28136],[69.48158,28.27428],[69.5115,28.25197],[69.5269,28.25138],[69.52534,28.24458],[69.52758,28.23901]]],[[[69.58457,28.36008],[69.59414,28.36052],[69.61109,28.35759],[69.63478,28.36772],[69.6523,28.35298],[69.66382,28.35677],[69.69974,28.30353],[69.71229,28.29858],[69.72093,28.29933],[69.73072,28.31291],[69.74426,28.32248],[69.74987,28.32914],[69.77023,28.32965],[69.77011,28.32399],[69.76277,28.31444],[69.76821,28.28723],[69.76433,28.28264],[69.76538,28.27522],[69.76367,28.2683],[69.75161,28.25876],[69.70703,28.24857],[69.6836,28.27085],[69.66008,28.25863],[69.67149,28.23973],[69.6606,28.23083],[69.65321,28.23008],[69.64521,28.23154],[69.63117,28.24016],[69.62292,28.23789],[69.61381,28.23242],[69.60713,28.2332],[69.60125,28.25339],[69.60642,28.25924],[69.59874,28.267],[69.60193,28.28446],[69.60077,28.29289],[69.60203,28.30332],[69.59748,28.30314],[69.5935,28.3087],[69.58648,28.31339],[69.53469,28.39921],[69.54991,28.40486],[69.56123,28.40099],[69.57294,28.39399],[69.57614,28.3912],[69.58457,28.36008]]],[[[70.90259,29.20714],[70.90808,29.20907],[70.90496,29.2161],[70.91409,29.21096],[70.91855,29.20506],[70.92131,29.19688],[70.92906,29.19066],[70.9317,29.18555],[70.92393,29.17597],[70.918,29.17646],[70.91355,29.16836],[70.91396,29.16609],[70.91126,29.16367],[70.91133,29.16131],[70.90505,29.16084],[70.9007,29.14937],[70.89279,29.14525],[70.89261,29.1419],[70.89898,29.13625],[70.89999,29.13339],[70.90661,29.13352],[70.91011,29.12952],[70.91211,29.1314],[70.91136,29.13338],[70.91855,29.14057],[70.93025,29.14536],[70.93108,29.14288],[70.92884,29.13912],[70.92066,29.13274],[70.92158,29.12661],[70.92251,29.13164],[70.92676,29.13338],[70.92925,29.13183],[70.93286,29.1239],[70.93727,29.1197],[70.9416,29.09654],[70.94503,29.09075],[70.95626,29.07882],[70.95592,29.07642],[70.95008,29.07019],[70.95223,29.06846],[70.95212,29.06577],[70.95871,29.05896],[70.96346,29.05882],[70.96595,29.06035],[70.96879,29.05795],[70.97685,29.04736],[70.97401,29.04482],[70.98043,29.04001],[70.97985,29.03508],[70.9812,29.03233],[70.99175,29.03228],[70.99959,29.03723],[71.00304,29.03694],[71.02505,29.08148],[71.02923,29.08632],[71.08659,29.1038],[71.0848,29.09207],[71.07804,29.09091],[71.07775,29.08818],[71.07072,29.08409],[71.06004,29.08127],[71.06004,29.07911],[71.05824,29.0786],[71.05812,29.07347],[71.06342,29.07329],[71.0635,29.06817],[71.06033,29.06801],[71.06019,29.0627],[71.05684,29.06256],[71.0567,29.05722],[71.06738,29.05637],[71.0671,29.04629],[71.06004,29.04629],[71.06019,29.05421],[71.05688,29.05407],[71.05644,29.04845],[71.05342,29.04845],[71.05342,29.04284],[71.05011,29.04284],[71.05005,29.03236],[71.04356,29.03217],[71.04378,29.01074],[71.05036,29.0106],[71.05054,29.01866],[71.06367,29.0187],[71.0645,29.00177],[71.06167,29.00135],[71.06047,28.99597],[71.05805,28.99579],[71.05767,28.98528],[71.05476,28.9852],[71.05501,28.97539],[71.05889,28.97439],[71.05803,28.94295],[71.04086,28.94181],[71.05957,28.89773],[71.05904,28.8943],[71.03035,28.79917],[71.01564,28.78014],[71.00457,28.75019],[70.99192,28.72441],[70.98376,28.70103],[70.96869,28.6481],[70.95439,28.56756],[70.95025,28.55276],[70.94883,28.51976],[70.95022,28.50483],[70.95309,28.49924],[70.95322,28.48868],[70.96151,28.46819],[70.96618,28.44638],[70.96471,28.42768],[70.97665,28.33389],[70.97541,28.28661],[70.98006,28.24994],[70.98188,28.22045],[70.99109,28.19855],[71.00005,28.18829],[71.01505,28.16501],[71.03744,28.13518],[71.03809,28.11218],[71.05144,28.08757],[71.0566,28.0739],[71.0697,27.99996],[71.08649,27.95025],[71.09415,27.91815],[71.09979,27.90816],[71.11348,27.89421],[71.1173,27.88548],[71.11959,27.79971],[71.05822,27.77287],[70.9835,27.74318],[70.96292,27.72964],[70.94987,27.72875],[70.90639,27.70988],[70.87211,27.70575],[70.76023,27.72099],[70.75053,27.73473],[70.74053,27.74172],[70.73123,27.76398],[70.70516,27.80268],[70.68509,27.82794],[70.67926,27.87224],[70.67997,27.88364],[70.67787,27.92132],[70.59536,27.99552],[70.59523,28.00017],[70.59045,28.01022],[70.55454,28.02645],[70.52198,28.03256],[70.50733,28.03691],[70.48724,28.03415],[70.44053,28.02025],[70.37073,28.0118],[70.29688,27.93661],[70.22605,27.90142],[70.19736,27.86736],[70.17192,27.86946],[70.12912,27.89001],[70.0933,27.89714],[70.07883,27.90288],[70.07159,27.90404],[70.04984,27.92164],[70.04424,27.92968],[70.03676,27.9361],[70.01315,27.94313],[69.9968,27.95031],[69.9904,27.95622],[69.97782,27.97258],[69.96852,27.98985],[69.95617,28.00193],[69.94749,28.01311],[69.924,28.03411],[69.90048,28.06224],[69.88024,28.08814],[69.87228,28.10546],[69.84659,28.14096],[69.8468,28.14636],[69.84962,28.15276],[69.84863,28.16178],[69.84401,28.17157],[69.84511,28.17739],[69.84305,28.17772],[69.84024,28.17387],[69.83918,28.17743],[69.8439,28.18792],[69.8484,28.19001],[69.85875,28.20424],[69.853,28.21145],[69.8529,28.21391],[69.84604,28.22101],[69.84373,28.23417],[69.83697,28.2397],[69.83303,28.24705],[69.83348,28.25567],[69.83753,28.26076],[69.83218,28.26756],[69.83786,28.27562],[69.8232,28.27716],[69.81981,28.27887],[69.81644,28.28387],[69.811,28.31067],[69.81351,28.31483],[69.81355,28.31911],[69.81894,28.32747],[69.81598,28.33004],[69.82197,28.34336],[69.82179,28.34769],[69.81722,28.35486],[69.81732,28.3641],[69.814,28.36851],[69.80592,28.36828],[69.79842,28.37102],[69.79263,28.38198],[69.79476,28.38642],[69.78489,28.38623],[69.76223,28.39135],[69.76026,28.39659],[69.7524,28.40777],[69.74966,28.417],[69.75675,28.4312],[69.76107,28.43359],[69.76712,28.43196],[69.77077,28.42494],[69.77111,28.41667],[69.77419,28.41103],[69.77728,28.40791],[69.78662,28.40724],[69.79105,28.40857],[69.79829,28.41409],[69.80251,28.4216],[69.81041,28.42959],[69.81072,28.43207],[69.8266,28.43292],[69.83166,28.43584],[69.84716,28.43334],[69.85375,28.4357],[69.85199,28.44494],[69.83894,28.45163],[69.83094,28.45365],[69.83003,28.45633],[69.82588,28.45925],[69.82599,28.46416],[69.85972,28.44724],[69.87287,28.43412],[69.88818,28.42766],[69.90246,28.42557],[69.93135,28.43168],[69.94731,28.44463],[69.95158,28.4506],[69.956,28.45302],[69.96044,28.46614],[69.96621,28.46677],[69.96877,28.47019],[69.96892,28.4825],[69.96626,28.49732],[69.96232,28.50013],[69.96042,28.50855],[69.96785,28.52371],[69.98096,28.52669],[69.9849,28.53601],[69.98736,28.55217],[70.0097,28.56224],[70.03336,28.55346],[70.0372,28.55037],[70.03866,28.54398],[70.04366,28.53894],[70.04785,28.53868],[70.05723,28.54148],[70.06881,28.55205],[70.07369,28.56291],[70.0836,28.5782],[70.08845,28.57897],[70.0897,28.5871],[70.10473,28.58807],[70.11864,28.59874],[70.12291,28.60624],[70.12903,28.61243],[70.12838,28.61405],[70.1019,28.61857],[70.06933,28.62913],[70.08054,28.63578],[70.09638,28.64849],[70.10728,28.65921],[70.11452,28.6689],[70.15222,28.66875],[70.15996,28.66336],[70.17172,28.66119],[70.20408,28.66206],[70.21455,28.66787],[70.21544,28.68094],[70.22078,28.68811],[70.22385,28.70617],[70.23033,28.71588],[70.18222,28.76127],[70.18176,28.76674],[70.185,28.7671],[70.20122,28.76241],[70.20241,28.75747],[70.22375,28.7455],[70.23061,28.7503],[70.23027,28.75145],[70.21219,28.75734],[70.21282,28.76009],[70.23068,28.76569],[70.23068,28.76075],[70.2421,28.75943],[70.2457,28.76127],[70.25198,28.7683],[70.26514,28.75782],[70.26752,28.75377],[70.27241,28.75003],[70.276,28.74975],[70.28609,28.74045],[70.29051,28.74326],[70.30729,28.75793],[70.30729,28.76364],[70.31551,28.76987],[70.26663,28.82212],[70.26608,28.82591],[70.27614,28.82692],[70.28073,28.82379],[70.32296,28.81916],[70.33383,28.82516],[70.34033,28.8264],[70.34257,28.81604],[70.35082,28.7978],[70.35457,28.79605],[70.36578,28.79758],[70.38626,28.82553],[70.38921,28.83784],[70.398,28.85879],[70.39692,28.875],[70.38235,28.87894],[70.33909,28.89528],[70.33886,28.89737],[70.3293,28.895],[70.32349,28.89681],[70.32271,28.90591],[70.32653,28.91009],[70.33187,28.91262],[70.34251,28.91361],[70.34406,28.9177],[70.3558,28.92675],[70.38898,28.92002],[70.43535,28.91292],[70.45415,28.91148],[70.46083,28.90926],[70.46385,28.91803],[70.47051,28.91788],[70.48076,28.92059],[70.48647,28.91869],[70.49211,28.93297],[70.4771,28.95054],[70.4771,28.95383],[70.48237,28.95808],[70.49977,28.96689],[70.5084,28.9643],[70.51006,28.96679],[70.5319,28.96083],[70.5398,28.97362],[70.55218,28.97045],[70.55081,28.97415],[70.54139,28.97942],[70.55197,28.99073],[70.56256,28.99583],[70.58118,29.01126],[70.5848,29.01323],[70.59081,29.00919],[70.59759,29.0073],[70.60682,29.0106],[70.6118,29.01419],[70.6139,29.01847],[70.61354,29.02145],[70.60611,29.03253],[70.61206,29.0395],[70.6131,29.04522],[70.61038,29.06201],[70.63411,29.06417],[70.65179,29.07048],[70.65543,29.06904],[70.6609,29.06047],[70.6786,29.06143],[70.69593,29.07063],[70.69945,29.07531],[70.70162,29.08132],[70.7007,29.08915],[70.70365,29.0934],[70.70794,29.09519],[70.7045,29.11686],[70.7102,29.13099],[70.72295,29.11933],[70.73441,29.12284],[70.7354,29.12599],[70.73769,29.12614],[70.74056,29.13476],[70.7482,29.13224],[70.74421,29.12713],[70.75735,29.13013],[70.7604,29.1334],[70.76799,29.15246],[70.77188,29.15741],[70.77632,29.16754],[70.77715,29.18485],[70.78823,29.19308],[70.78511,29.19997],[70.78285,29.2001],[70.78125,29.2066],[70.79333,29.21765],[70.80732,29.21477],[70.84342,29.19302],[70.85804,29.20983],[70.86005,29.22807],[70.89056,29.21526],[70.90259,29.20714]],[[70.95137,28.94418],[70.94982,28.94194],[70.94646,28.94246],[70.94645,28.94408],[70.93853,28.94352],[70.93701,28.93771],[70.93315,28.93258],[70.94298,28.93256],[70.93937,28.92771],[70.96174,28.92799],[70.96198,28.94156],[70.95335,28.94132],[70.95408,28.94414],[70.95137,28.94418]],[[70.51262,28.82217],[70.5112,28.82086],[70.50561,28.82202],[70.49566,28.81526],[70.49515,28.81168],[70.49687,28.80787],[70.49218,28.80619],[70.4917,28.80414],[70.48953,28.80461],[70.49068,28.79835],[70.4838,28.78528],[70.48556,28.78517],[70.48557,28.78244],[70.49392,28.78315],[70.49394,28.78423],[70.50355,28.78382],[70.50563,28.78115],[70.50904,28.78065],[70.51183,28.78442],[70.51522,28.78556],[70.51592,28.78829],[70.51861,28.78832],[70.51929,28.79105],[70.53332,28.79232],[70.53249,28.79417],[70.54099,28.78948],[70.5528,28.79793],[70.5541,28.80993],[70.55617,28.81111],[70.55279,28.81214],[70.53892,28.81036],[70.5258,28.81613],[70.52084,28.8237],[70.51262,28.82217]],[[70.62271,28.68918],[70.62301,28.67961],[70.61954,28.68194],[70.6177,28.6807],[70.62098,28.67871],[70.62074,28.67539],[70.60764,28.66873],[70.61149,28.66576],[70.61165,28.66748],[70.61443,28.6667],[70.61671,28.65871],[70.6215,28.65722],[70.6205,28.65551],[70.6177,28.65543],[70.6184,28.65032],[70.62187,28.6473],[70.62132,28.64582],[70.6151,28.64239],[70.61656,28.64043],[70.62141,28.63905],[70.6207,28.64301],[70.62318,28.64402],[70.62733,28.63537],[70.62607,28.63367],[70.60397,28.63221],[70.60226,28.63097],[70.60268,28.62896],[70.61718,28.62546],[70.61129,28.61871],[70.60564,28.61867],[70.60774,28.61114],[70.61035,28.60807],[70.63184,28.62861],[70.64087,28.62867],[70.64092,28.62386],[70.68191,28.62387],[70.6818,28.64559],[70.68991,28.64905],[70.69246,28.64586],[70.69213,28.64208],[70.6899,28.64039],[70.68793,28.63492],[70.68828,28.63273],[70.69159,28.63241],[70.69493,28.63804],[70.6958,28.6476],[70.70012,28.64594],[70.70432,28.64894],[70.70725,28.6565],[70.70385,28.65707],[70.70763,28.65988],[70.70503,28.66278],[70.70868,28.66746],[70.70557,28.66588],[70.70271,28.66658],[70.70609,28.67132],[70.70583,28.67547],[70.69327,28.67554],[70.69248,28.67373],[70.69663,28.67258],[70.69406,28.66784],[70.69189,28.66743],[70.68692,28.66143],[70.68132,28.66007],[70.68126,28.67292],[70.66252,28.67276],[70.65383,28.68078],[70.65379,28.67814],[70.64047,28.67825],[70.64028,28.67458],[70.63672,28.67944],[70.63424,28.6789],[70.63053,28.68238],[70.63091,28.69017],[70.62729,28.68746],[70.62597,28.69023],[70.62271,28.68918]],[[70.43791,28.58209],[70.43734,28.58054],[70.43941,28.58057],[70.43872,28.57892],[70.44691,28.57768],[70.44764,28.57198],[70.44697,28.56856],[70.44294,28.56807],[70.43824,28.56258],[70.43826,28.56073],[70.43441,28.5622],[70.43166,28.56675],[70.42335,28.57266],[70.42231,28.57759],[70.40379,28.5774],[70.40383,28.57307],[70.40109,28.57304],[70.40105,28.57625],[70.39762,28.5762],[70.39841,28.56864],[70.40734,28.56497],[70.40944,28.5655],[70.4095,28.56387],[70.41355,28.56229],[70.41362,28.5601],[70.41639,28.55851],[70.43152,28.55431],[70.43292,28.55215],[70.44114,28.55281],[70.44115,28.55119],[70.44316,28.55121],[70.44185,28.54638],[70.43984,28.54627],[70.43982,28.54404],[70.43844,28.54401],[70.44052,28.54136],[70.44256,28.54134],[70.44068,28.53433],[70.44402,28.53432],[70.44958,28.53727],[70.45026,28.53549],[70.45234,28.53549],[70.45234,28.53389],[70.46266,28.5323],[70.46542,28.52921],[70.4731,28.52918],[70.47301,28.52591],[70.47628,28.52594],[70.47796,28.53565],[70.48105,28.53619],[70.48242,28.53327],[70.48364,28.53641],[70.47433,28.54889],[70.4754,28.54938],[70.47458,28.55232],[70.47123,28.55482],[70.47037,28.56403],[70.46765,28.56402],[70.46833,28.57008],[70.45457,28.57209],[70.45463,28.56986],[70.44905,28.56981],[70.44902,28.57473],[70.45046,28.57477],[70.45045,28.5769],[70.45242,28.57699],[70.45247,28.57969],[70.44487,28.58064],[70.44486,28.58341],[70.43791,28.58209]],[[70.38756,28.51613],[70.38554,28.51122],[70.3829,28.50955],[70.38293,28.50575],[70.38025,28.50517],[70.37956,28.49975],[70.36943,28.49143],[70.36948,28.48929],[70.36738,28.48925],[70.36749,28.48652],[70.36465,28.48545],[70.36472,28.48372],[70.36271,28.4837],[70.36278,28.48097],[70.35943,28.48082],[70.35952,28.46966],[70.36299,28.46256],[70.36249,28.45825],[70.3664,28.45553],[70.37011,28.44318],[70.37448,28.44487],[70.37355,28.44874],[70.37093,28.44874],[70.36705,28.4544],[70.38215,28.45326],[70.38356,28.45378],[70.38347,28.45698],[70.40795,28.4573],[70.38914,28.44354],[70.3907,28.44353],[70.39074,28.44209],[70.39423,28.44215],[70.39414,28.44424],[70.39749,28.4468],[70.40704,28.4464],[70.41058,28.44481],[70.41598,28.44605],[70.41728,28.44711],[70.4166,28.45086],[70.41449,28.4531],[70.41444,28.45736],[70.41109,28.45738],[70.41101,28.46277],[70.41641,28.46284],[70.41695,28.47318],[70.42107,28.4754],[70.42097,28.48192],[70.41616,28.48074],[70.41268,28.48773],[70.4099,28.48821],[70.41058,28.49097],[70.40645,28.49409],[70.40375,28.49189],[70.39818,28.49128],[70.39392,28.50265],[70.39495,28.51951],[70.39233,28.51947],[70.38756,28.51613]],[[70.25738,28.43944],[70.25787,28.39535],[70.347,28.39539],[70.34627,28.4406],[70.25738,28.43944]],[[70.11561,28.31653],[70.11241,28.31503],[70.11245,28.30901],[70.09396,28.30878],[70.09358,28.29515],[70.09561,28.29519],[70.0957,28.28979],[70.11164,28.28999],[70.10906,28.28816],[70.11229,28.28285],[70.11251,28.27314],[70.11648,28.27317],[70.1165,28.27102],[70.13211,28.2713],[70.13433,28.26917],[70.14457,28.26707],[70.148,28.26876],[70.15206,28.26826],[70.15368,28.27048],[70.15332,28.2748],[70.15681,28.27489],[70.15661,28.27969],[70.15388,28.27966],[70.15374,28.28892],[70.15786,28.28902],[70.15769,28.30691],[70.15493,28.30692],[70.15383,28.30961],[70.15596,28.30966],[70.15588,28.3202],[70.15779,28.32272],[70.14771,28.32782],[70.14484,28.32781],[70.14353,28.32304],[70.11358,28.32269],[70.11561,28.31653]]]]}},{"type":"Feature","properties":{"name":"Municipal Committee Zahir Pir","district":"Rahim Yar Khan"},"geometry":{"type":"MultiPolygon","coordinates":[[[[70.48409,28.78631],[70.4872,28.78964],[70.49068,28.79835],[70.48953,28.80461],[70.4917,28.80414],[70.49218,28.80619],[70.49687,28.80787],[70.49515,28.81168],[70.49566,28.81526],[70.50561,28.82202],[70.5112,28.82086],[70.52084,28.8237],[70.52367,28.82106],[70.52513,28.81673],[70.53204,28.81246],[70.53892,28.81036],[70.55279,28.81214],[70.55617,28.81111],[70.5541,28.80993],[70.5528,28.79793],[70.54099,28.78948],[70.53249,28.79417],[70.53332,28.79232],[70.51929,28.79105],[70.51861,28.78832],[70.51592,28.78829],[70.51522,28.78556],[70.51183,28.78442],[70.50904,28.78065],[70.50563,28.78115],[70.50355,28.78382],[70.49394,28.78423],[70.49392,28.78315],[70.48557,28.78244],[70.48641,28.78372],[70.48409,28.78631]]]]}},{"type":"Feature","properties":{"name":"Municipal Committee Khanpur","district":"Rahim Yar Khan"},"geometry":{"type":"MultiPolygon","coordinates":[[[[70.62658,28.68764],[70.63091,28.69017],[70.63053,28.68238],[70.63424,28.6789],[70.63672,28.67944],[70.64028,28.67458],[70.64047,28.67825],[70.65379,28.67814],[70.65383,28.68078],[70.66252,28.67276],[70.68126,28.67292],[70.68132,28.66007],[70.68692,28.66143],[70.69189,28.66743],[70.69406,28.66784],[70.69663,28.67258],[70.69248,28.67373],[70.69327,28.67554],[70.70583,28.67547],[70.70609,28.67132],[70.70271,28.66658],[70.70557,28.66588],[70.70868,28.66746],[70.70503,28.66278],[70.70763,28.65988],[70.70385,28.65707],[70.70725,28.6565],[70.70432,28.64894],[70.70012,28.64594],[70.6958,28.6476],[70.69493,28.63804],[70.69159,28.63241],[70.68828,28.63273],[70.68793,28.63492],[70.6899,28.64039],[70.69213,28.64208],[70.69246,28.64586],[70.68991,28.64905],[70.6818,28.64559],[70.68191,28.62387],[70.64092,28.62386],[70.64087,28.62867],[70.63184,28.62861],[70.61035,28.60807],[70.60774,28.61114],[70.60564,28.61867],[70.61129,28.61871],[70.61718,28.62546],[70.60268,28.62896],[70.60226,28.63097],[70.60397,28.63221],[70.62607,28.63367],[70.62742,28.63663],[70.62318,28.64402],[70.6207,28.64301],[70.62141,28.63905],[70.61656,28.64043],[70.6151,28.64239],[70.62132,28.64582],[70.62187,28.6473],[70.6184,28.65032],[70.6177,28.65543],[70.6205,28.65551],[70.6215,28.65722],[70.61671,28.65871],[70.61443,28.6667],[70.61165,28.66748],[70.61149,28.66576],[70.60764,28.66873],[70.62074,28.67539],[70.62098,28.67871],[70.6177,28.6807],[70.61954,28.68194],[70.62301,28.67961],[70.62298,28.69009],[70.62597,28.69023],[70.62658,28.68764]]]]}},{"type":"Feature","properties":{"name":"Municipal Committee Rahimyar Khan","district":"Rahim Yar Khan"},"geometry":{"type":"MultiPolygon","coordinates":[[[[70.25738,28.43944],[70.34627,28.4406],[70.347,28.39539],[70.25787,28.39535],[70.25738,28.43944]]]]}},{"type":"Feature","properties":{"name":"Municipal Committee Sadiqabad","district":"Rahim Yar Khan"},"geometry":{"type":"MultiPolygon","coordinates":[[[[70.14942,28.26822],[70.14457,28.26707],[70.13433,28.26917],[70.13211,28.2713],[70.1165,28.27102],[70.11648,28.27317],[70.11251,28.27314],[70.11229,28.28285],[70.10906,28.28816],[70.11164,28.28999],[70.0957,28.28979],[70.09561,28.29519],[70.09358,28.29515],[70.09396,28.30878],[70.11245,28.30901],[70.11241,28.31503],[70.11561,28.31653],[70.11358,28.32269],[70.14353,28.32304],[70.14484,28.32781],[70.14771,28.32782],[70.15744,28.32314],[70.15588,28.3202],[70.15596,28.30966],[70.15383,28.30961],[70.15493,28.30692],[70.15769,28.30691],[70.15786,28.28902],[70.15374,28.28892],[70.15388,28.27966],[70.15661,28.27969],[70.15681,28.27489],[70.15332,28.2748],[70.15368,28.27048],[70.15206,28.26826],[70.14942,28.26822]]]]}},{"type":"Feature","properties":{"name":"Municipal Committee Liaqatpur","district":"Rahim Yar Khan"},"geometry":{"type":"MultiPolygon","coordinates":[[[[70.96174,28.92799],[70.93937,28.92771],[70.94298,28.93256],[70.93315,28.93258],[70.93701,28.93771],[70.93853,28.94352],[70.94645,28.94408],[70.94646,28.94246],[70.94982,28.94194],[70.95057,28.94415],[70.95408,28.94414],[70.95335,28.94132],[70.96198,28.94156],[70.96174,28.92799]]]]}},{"type":"Feature","properties":{"name":"Municipal Committee Kot Samaba","district":"Rahim Yar Khan"},"geometry":{"type":"MultiPolygon","coordinates":[[[[70.4777,28.54522],[70.48364,28.53641],[70.48242,28.53327],[70.48105,28.53619],[70.47796,28.53565],[70.47628,28.52594],[70.47301,28.52591],[70.4731,28.52918],[70.46542,28.52921],[70.46266,28.5323],[70.45234,28.53389],[70.45234,28.53549],[70.45026,28.53549],[70.44958,28.53727],[70.44402,28.53432],[70.44068,28.53433],[70.44256,28.54134],[70.44052,28.54136],[70.43844,28.54401],[70.43982,28.54404],[70.43984,28.54627],[70.44185,28.54638],[70.44316,28.55121],[70.44115,28.55119],[70.44114,28.55281],[70.43292,28.55215],[70.43152,28.55431],[70.41639,28.55851],[70.41362,28.5601],[70.41355,28.56229],[70.4095,28.56387],[70.40944,28.5655],[70.40047,28.56703],[70.40046,28.5686],[70.39841,28.56864],[70.39762,28.5762],[70.40105,28.57625],[70.40109,28.57304],[70.40383,28.57307],[70.40379,28.5774],[70.42231,28.57759],[70.42335,28.57266],[70.43166,28.56675],[70.43441,28.5622],[70.43826,28.56073],[70.43824,28.56258],[70.44294,28.56807],[70.44697,28.56856],[70.44764,28.57198],[70.44691,28.57768],[70.43872,28.57892],[70.43941,28.58057],[70.43734,28.58054],[70.43791,28.58209],[70.44486,28.58341],[70.44487,28.58064],[70.45247,28.57969],[70.45242,28.57699],[70.45045,28.5769],[70.45046,28.57477],[70.44902,28.57473],[70.44905,28.56981],[70.45463,28.56986],[70.45457,28.57209],[70.46833,28.57008],[70.46765,28.56402],[70.47037,28.56403],[70.47054,28.55644],[70.47458,28.55232],[70.4754,28.54938],[70.47433,28.54889],[70.4777,28.54522]]]]}},{"type":"Feature","properties":{"name":"Municipal Committee Taranda Sawai Khan","district":"Rahim Yar Khan"},"geometry":{"type":"MultiPolygon","coordinates":[[[[70.39443,28.51133],[70.39392,28.50265],[70.39818,28.49128],[70.40375,28.49189],[70.40645,28.49409],[70.41058,28.49097],[70.4099,28.48821],[70.41268,28.48773],[70.41616,28.48074],[70.42097,28.48192],[70.42107,28.4754],[70.41695,28.47318],[70.41641,28.46284],[70.41101,28.46277],[70.41109,28.45738],[70.41444,28.45736],[70.41449,28.4531],[70.41728,28.44711],[70.41128,28.44481],[70.39749,28.4468],[70.39414,28.44424],[70.39423,28.44215],[70.39074,28.44209],[70.3907,28.44353],[70.38914,28.44354],[70.40795,28.4573],[70.38347,28.45698],[70.38356,28.45378],[70.38215,28.45326],[70.36705,28.4544],[70.37093,28.44874],[70.37355,28.44874],[70.37448,28.44487],[70.37011,28.44318],[70.3664,28.45553],[70.36249,28.45825],[70.36299,28.46256],[70.35952,28.46966],[70.35943,28.48082],[70.36278,28.48097],[70.36271,28.4837],[70.36472,28.48372],[70.36465,28.48545],[70.36749,28.48652],[70.36738,28.48925],[70.36948,28.48929],[70.36943,28.49143],[70.37956,28.49975],[70.38025,28.50517],[70.38293,28.50575],[70.3829,28.50955],[70.38554,28.51122],[70.38632,28.51504],[70.39233,28.51947],[70.39495,28.51951],[70.39443,28.51133]]]]}},{"type":"Feature","properties":{"name":"Municipal Committee Uch Sharif","district":"Bahawalpur"},"geometry":{"type":"MultiPolygon","coordinates":[[[[71.05201,29.24539],[71.0541,29.24554],[71.05307,29.24824],[71.05682,29.24738],[71.05686,29.24847],[71.06294,29.24912],[71.06219,29.25101],[71.06464,29.25233],[71.06374,29.25409],[71.06767,29.25486],[71.06767,29.25281],[71.06541,29.25126],[71.07169,29.23602],[71.07868,29.23573],[71.07892,29.22824],[71.07564,29.23066],[71.07188,29.23026],[71.07186,29.23161],[71.06145,29.2324],[71.05573,29.22901],[71.05697,29.23298],[71.05344,29.234],[71.05395,29.23957],[71.05055,29.23959],[71.05238,29.24209],[71.05201,29.24539]]]]}},{"type":"Feature","properties":{"name":"Municipal Committee Ahmadpur East","district":"Bahawalpur"},"geometry":{"type":"MultiPolygon","coordinates":[[[[71.27189,29.121],[71.27186,29.11745],[71.2788,29.11599],[71.28651,29.09435],[71.2597,29.09383],[71.26688,29.10222],[71.26822,29.10636],[71.26622,29.11934],[71.27189,29.121]]],[[[71.26501,29.16081],[71.265,29.15938],[71.26626,29.16028],[71.26807,29.15763],[71.26807,29.15472],[71.27716,29.1547],[71.27891,29.15293],[71.27653,29.15044],[71.27708,29.14873],[71.28154,29.14815],[71.26995,29.13326],[71.26702,29.13133],[71.23829,29.13695],[71.2372,29.13624],[71.23748,29.12368],[71.22921,29.12353],[71.22917,29.13112],[71.22443,29.13102],[71.22428,29.13682],[71.22217,29.1368],[71.22216,29.13995],[71.21807,29.13995],[71.21797,29.14472],[71.23821,29.14952],[71.24376,29.15508],[71.24966,29.15772],[71.26107,29.16966],[71.2626,29.16078],[71.26501,29.16081]]]]}},{"type":"Feature","properties":{"name":"Municipal Committee Yazman","district":"Bahawalpur"},"geometry":{"type":"MultiPolygon","coordinates":[[[[71.73303,29.14599],[71.77059,29.145],[71.77114,29.13388],[71.78162,29.13858],[71.78795,29.12805],[71.78716,29.11201],[71.75279,29.10201],[71.75223,29.10332],[71.74541,29.10355],[71.74916,29.10684],[71.74957,29.11089],[71.74231,29.11078],[71.74286,29.11692],[71.73816,29.1177],[71.73545,29.12067],[71.73303,29.14599]]]]}},{"type":"Feature","properties":{"name":"Municipal Corporation Bahawalpur","district":"Bahawalpur"},"geometry":{"type":"MultiPolygon","coordinates":[[[[71.88917,29.49638],[71.89247,29.49649],[71.89841,29.48895],[71.90621,29.47094],[71.88784,29.47089],[71.88259,29.47348],[71.88406,29.46152],[71.88223,29.45866],[71.87915,29.45773],[71.86655,29.45942],[71.86239,29.45577],[71.85616,29.45489],[71.85626,29.45006],[71.84867,29.44933],[71.84568,29.44226],[71.82992,29.43439],[71.81506,29.43476],[71.81079,29.44381],[71.80809,29.44237],[71.79016,29.442],[71.78992,29.43721],[71.78692,29.43712],[71.78656,29.43394],[71.79733,29.43371],[71.77657,29.42752],[71.77598,29.42455],[71.77884,29.42452],[71.7792,29.41509],[71.77674,29.41472],[71.77716,29.41134],[71.76513,29.4101],[71.76437,29.40078],[71.76986,29.40001],[71.76982,29.39822],[71.77713,29.39777],[71.77676,29.39318],[71.78031,29.39347],[71.78086,29.38986],[71.78466,29.39012],[71.7843,29.38333],[71.79469,29.38351],[71.79441,29.35973],[71.77917,29.3598],[71.77813,29.36272],[71.78103,29.36332],[71.78103,29.37418],[71.71559,29.35272],[71.68831,29.34479],[71.66613,29.34051],[71.65034,29.33457],[71.64888,29.33064],[71.65248,29.32016],[71.64914,29.3176],[71.60148,29.31964],[71.57121,29.31602],[71.573,29.319],[71.57215,29.32075],[71.55682,29.31635],[71.56756,29.32657],[71.57037,29.34547],[71.55911,29.35914],[71.55741,29.36837],[71.53569,29.37601],[71.52455,29.38272],[71.51844,29.38918],[71.52188,29.39389],[71.52466,29.42272],[71.53221,29.42275],[71.55707,29.41167],[71.55203,29.39544],[71.55483,29.39519],[71.56368,29.39682],[71.57024,29.40423],[71.58148,29.40696],[71.58816,29.41143],[71.59266,29.41657],[71.59516,29.42443],[71.59825,29.42665],[71.60262,29.42601],[71.61435,29.41648],[71.62557,29.41376],[71.62626,29.42702],[71.62901,29.43571],[71.63409,29.44379],[71.64249,29.45158],[71.65518,29.45417],[71.6769,29.45586],[71.69231,29.4464],[71.69775,29.45611],[71.70521,29.46168],[71.71138,29.46376],[71.7169,29.46211],[71.7169,29.45518],[71.72003,29.45477],[71.72572,29.46017],[71.74285,29.48351],[71.74317,29.50036],[71.74941,29.50596],[71.76114,29.50723],[71.76925,29.50461],[71.78769,29.48134],[71.79361,29.47604],[71.79939,29.47558],[71.82081,29.48302],[71.8274,29.48704],[71.83203,29.49251],[71.83874,29.50905],[71.84771,29.51697],[71.87603,29.52494],[71.88034,29.52316],[71.8826,29.51933],[71.87809,29.5006],[71.88149,29.49743],[71.88917,29.49638]]]]}},{"type":"Feature","properties":{"name":"Municipal Committee Khairpur Tamewali","district":"Bahawalpur"},"geometry":{"type":"MultiPolygon","coordinates":[[[[72.22201,29.58356],[72.227,29.58458],[72.22633,29.58734],[72.22774,29.58791],[72.23353,29.58835],[72.23366,29.58658],[72.23732,29.58792],[72.23755,29.5869],[72.24288,29.59241],[72.24446,29.59155],[72.24222,29.58957],[72.24354,29.58313],[72.24611,29.58394],[72.24609,29.58523],[72.25545,29.58652],[72.25528,29.58286],[72.25195,29.58301],[72.25192,29.57881],[72.24545,29.57462],[72.24558,29.56691],[72.2475,29.56594],[72.22027,29.55386],[72.22222,29.57487],[72.22625,29.57652],[72.22683,29.57999],[72.23029,29.58147],[72.23049,29.58303],[72.21921,29.57992],[72.21931,29.58225],[72.22201,29.58356]]]]}},{"type":"Feature","properties":{"name":"District Council Vehari","district":"Vehari"},"geometry":{"type":"MultiPolygon","coordinates":[[[[72.83242,30.36773],[72.83502,30.36228],[72.83479,30.34121],[72.81111,30.33264],[72.81122,30.32459],[72.88251,30.32982],[72.90368,30.32742],[72.91398,30.32812],[72.91473,30.31238],[72.93794,30.29741],[72.94633,30.2976],[72.94614,30.30004],[72.95329,30.30016],[72.95337,30.30272],[72.96567,30.30315],[72.96577,30.3053],[72.97161,30.30539],[72.97138,30.29304],[72.95447,30.27332],[72.92959,30.27251],[72.92872,30.26844],[72.93143,30.26347],[72.92954,30.25885],[72.92966,30.253],[72.92567,30.24995],[72.92557,30.24816],[72.93137,30.24032],[72.93155,30.23161],[72.92638,30.22586],[72.92739,30.2137],[72.93036,30.21297],[72.93092,30.20588],[72.92961,30.19971],[72.9242,30.19551],[72.92062,30.19581],[72.9204,30.12772],[72.9099,30.12761],[72.89959,30.11211],[72.90089,30.10282],[72.90614,30.10082],[72.9062,30.09497],[72.90977,30.09503],[72.90993,30.08716],[72.91323,30.08697],[72.91301,30.08434],[72.92043,30.08398],[72.91935,30.06982],[72.90639,30.06967],[72.90617,30.04747],[72.91663,30.05241],[72.91704,30.06561],[72.92674,30.06421],[72.92748,30.06852],[72.93227,30.06883],[72.9356,30.06727],[72.93541,30.06522],[72.94905,30.05588],[72.95013,30.05145],[72.94869,30.04971],[72.94576,30.0478],[72.93985,30.04778],[72.94149,30.03943],[72.93799,30.03336],[72.9379,30.01995],[72.93356,30.01479],[72.92687,30.02188],[72.91714,30.0247],[72.91928,30.0286],[72.91856,30.03146],[72.91041,30.03978],[72.89858,30.0388],[72.89345,30.03614],[72.88827,30.02797],[72.88837,30.0231],[72.8931,30.01745],[72.89295,30.01307],[72.88581,30.01203],[72.88527,30.01431],[72.87125,30.00428],[72.87068,29.9999],[72.85904,29.97894],[72.87307,29.97273],[72.88252,29.96171],[72.88566,29.96097],[72.88108,29.95581],[72.87136,29.95279],[72.85687,29.95735],[72.85463,29.98116],[72.84623,29.98573],[72.84169,29.99377],[72.81171,29.99564],[72.80102,29.99159],[72.79452,29.99155],[72.78267,29.9809],[72.78363,29.96731],[72.79487,29.9496],[72.78053,29.9364],[72.79318,29.91835],[72.79331,29.91241],[72.78928,29.90525],[72.78273,29.90378],[72.77721,29.90441],[72.769,29.90792],[72.75555,29.93597],[72.72877,29.93136],[72.73382,29.92629],[72.7309,29.92424],[72.72899,29.92535],[72.71906,29.91921],[72.72427,29.90937],[72.7233,29.90648],[72.72466,29.89985],[72.7195,29.9055],[72.71624,29.91921],[72.70589,29.90875],[72.70935,29.9014],[72.7225,29.89459],[72.72026,29.88217],[72.71068,29.86618],[72.70696,29.86945],[72.70511,29.8744],[72.69919,29.87551],[72.69153,29.88385],[72.68734,29.88513],[72.68268,29.88399],[72.67625,29.87677],[72.67514,29.87222],[72.67177,29.86807],[72.6688,29.8666],[72.65408,29.86994],[72.64509,29.86624],[72.64831,29.86221],[72.6419,29.86195],[72.63477,29.85517],[72.63604,29.85292],[72.63436,29.85047],[72.61005,29.85154],[72.6009,29.84956],[72.59525,29.84628],[72.59238,29.8385],[72.59643,29.82604],[72.59627,29.81848],[72.58102,29.81773],[72.57353,29.81927],[72.5679,29.82265],[72.56576,29.83198],[72.55801,29.84409],[72.55401,29.84477],[72.55005,29.8506],[72.53783,29.85369],[72.53403,29.85272],[72.53015,29.84826],[72.53007,29.82812],[72.52223,29.82339],[72.51502,29.82861],[72.51741,29.84469],[72.48848,29.8297],[72.48401,29.83126],[72.48542,29.84741],[72.4893,29.85883],[72.48473,29.86116],[72.47977,29.85834],[72.47971,29.847],[72.47454,29.85235],[72.46738,29.85571],[72.45718,29.8465],[72.43269,29.86013],[72.43086,29.8646],[72.42405,29.86868],[72.42115,29.87408],[72.4147,29.87288],[72.41565,29.87104],[72.408,29.86795],[72.39924,29.85117],[72.39959,29.84409],[72.37541,29.85478],[72.36577,29.84979],[72.35905,29.85223],[72.35839,29.84935],[72.36006,29.84817],[72.36033,29.84417],[72.35868,29.8407],[72.35323,29.84223],[72.33923,29.82835],[72.33653,29.81269],[72.33369,29.80819],[72.33078,29.81572],[72.32614,29.8172],[72.32599,29.82006],[72.31777,29.82011],[72.31504,29.8149],[72.31137,29.81397],[72.3081,29.80746],[72.30175,29.80833],[72.29747,29.81175],[72.28681,29.81425],[72.27926,29.82025],[72.2716,29.81809],[72.25957,29.79558],[72.2528,29.79708],[72.25204,29.79513],[72.25352,29.79173],[72.25857,29.79011],[72.25804,29.7828],[72.25445,29.78172],[72.25251,29.76887],[72.2415,29.76914],[72.23605,29.76752],[72.23607,29.76072],[72.2584,29.74544],[72.25913,29.73665],[72.26291,29.73021],[72.26754,29.72894],[72.27405,29.72185],[72.27837,29.7228],[72.2737,29.71067],[72.26703,29.70552],[72.26037,29.70617],[72.2517,29.70234],[72.24647,29.7046],[72.23544,29.70308],[72.22545,29.70838],[72.21857,29.70802],[72.21828,29.69198],[72.21388,29.67621],[72.21689,29.66482],[72.20706,29.66468],[72.21233,29.65198],[72.2099,29.64498],[72.19319,29.64169],[72.18821,29.64388],[72.18721,29.63262],[72.1934,29.62537],[72.19173,29.62033],[72.19496,29.61911],[72.19278,29.61512],[72.1879,29.61387],[72.17648,29.60325],[72.1709,29.60062],[72.16298,29.59394],[72.16029,29.58758],[72.15698,29.58579],[72.15409,29.58659],[72.15329,29.58872],[72.15084,29.58853],[72.14806,29.58539],[72.13989,29.58471],[72.13685,29.59582],[72.12935,29.60134],[72.1291,29.60276],[72.13269,29.6057],[72.13269,29.62076],[72.1442,29.62839],[72.14414,29.63139],[72.13417,29.63626],[72.13323,29.64599],[72.13051,29.64502],[72.12956,29.64244],[72.12554,29.64686],[72.11825,29.64216],[72.12207,29.6314],[72.11344,29.62559],[72.11062,29.62622],[72.10744,29.63458],[72.09711,29.62921],[72.08327,29.63995],[72.08341,29.64323],[72.08802,29.64567],[72.09083,29.64589],[72.09299,29.64404],[72.0959,29.64563],[72.10214,29.6529],[72.10208,29.65539],[72.09554,29.65512],[72.09199,29.65876],[72.08031,29.6573],[72.08018,29.65876],[72.07701,29.65876],[72.07709,29.6613],[72.07291,29.66121],[72.06828,29.66921],[72.04802,29.67002],[72.0451,29.6713],[72.04409,29.67014],[72.04347,29.67839],[72.03929,29.68111],[72.0322,29.68129],[72.02738,29.67693],[72.02512,29.68048],[72.0263,29.68502],[72.02884,29.68756],[72.02869,29.69019],[72.0275,29.69702],[72.02449,29.69938],[72.02775,29.70029],[72.02941,29.70381],[72.03202,29.70419],[72.0312,29.70656],[72.02184,29.70983],[72.00827,29.70988],[72.00388,29.71464],[72.00498,29.7203],[72.0003,29.72638],[71.99965,29.72226],[71.9936,29.7228],[71.99064,29.71599],[71.98702,29.71603],[71.98749,29.72527],[71.9847,29.72798],[71.97707,29.72792],[71.97565,29.72552],[71.96783,29.72509],[71.96635,29.73909],[71.97003,29.74059],[71.97193,29.74498],[71.98028,29.74545],[71.98615,29.74781],[71.99148,29.74726],[71.99679,29.74952],[72.00015,29.75271],[71.99741,29.75764],[71.99796,29.76418],[71.99929,29.76751],[72.00412,29.76925],[72.0054,29.77739],[72.00961,29.78106],[72.01862,29.78121],[72.02444,29.78804],[72.01957,29.78959],[72.01942,29.79222],[72.01283,29.7933],[72.0128,29.79223],[72.00931,29.79214],[72.00859,29.7943],[71.99886,29.79479],[71.99737,29.80612],[72.00118,29.80614],[72.00343,29.81055],[72.00619,29.81072],[72.00619,29.81196],[72.00197,29.81181],[71.99528,29.81435],[71.99163,29.81715],[71.9913,29.82019],[71.98384,29.8213],[71.98332,29.8301],[71.97355,29.83034],[71.97345,29.83271],[71.97062,29.83565],[71.95658,29.83586],[71.95628,29.83296],[71.95622,29.85298],[71.95045,29.85104],[71.93886,29.84224],[71.93875,29.84829],[71.94234,29.84836],[71.94225,29.85107],[71.94577,29.85114],[71.94574,29.85376],[71.94779,29.85381],[71.9457,29.85659],[71.9422,29.85654],[71.94213,29.85928],[71.93515,29.85916],[71.93489,29.86092],[71.93529,29.86503],[71.94173,29.86592],[71.94505,29.87043],[71.94523,29.87335],[71.94729,29.87424],[71.94501,29.88308],[71.93608,29.88492],[71.93473,29.88165],[71.93127,29.88103],[71.93061,29.87831],[71.92084,29.87611],[71.92101,29.86735],[71.92451,29.86686],[71.92319,29.86194],[71.9259,29.86117],[71.92402,29.85758],[71.91914,29.85753],[71.91911,29.85915],[71.91348,29.85972],[71.91134,29.85624],[71.90829,29.85696],[71.90952,29.86368],[71.9065,29.8651],[71.90636,29.86961],[71.91345,29.87002],[71.91389,29.86696],[71.91685,29.86697],[71.91734,29.87826],[71.9212,29.87847],[71.92097,29.8835],[71.92392,29.88405],[71.92391,29.88692],[71.92116,29.88692],[71.921,29.89189],[71.91949,29.89351],[71.91339,29.89368],[71.91333,29.89204],[71.90967,29.89199],[71.90984,29.88856],[71.90655,29.88835],[71.90637,29.89192],[71.90321,29.89184],[71.90303,29.89306],[71.9051,29.8933],[71.90326,29.89491],[71.90575,29.89635],[71.90431,29.89941],[71.90657,29.90022],[71.90406,29.90398],[71.90554,29.91457],[71.90951,29.91326],[71.9111,29.91583],[71.91378,29.91624],[71.91359,29.91789],[71.90859,29.91784],[71.89267,29.91146],[71.87557,29.91483],[71.87239,29.914],[71.86145,29.92031],[71.85062,29.9237],[71.85074,29.92066],[71.84729,29.92072],[71.84723,29.9181],[71.84033,29.91793],[71.84039,29.91251],[71.83706,29.91257],[71.83712,29.90966],[71.83004,29.91125],[71.8169,29.89498],[71.81294,29.89586],[71.8128,29.90131],[71.80928,29.90122],[71.80711,29.90666],[71.79874,29.90709],[71.79876,29.90928],[71.79526,29.90923],[71.79522,29.9119],[71.79177,29.91185],[71.79179,29.90919],[71.77787,29.91057],[71.77781,29.91704],[71.77986,29.91721],[71.77986,29.92195],[71.77769,29.92029],[71.77764,29.92246],[71.76376,29.92235],[71.76353,29.93069],[71.76707,29.93063],[71.76679,29.9388],[71.7633,29.93874],[71.76336,29.93606],[71.75993,29.93588],[71.76,29.93425],[71.75163,29.93167],[71.74439,29.93404],[71.74101,29.93703],[71.73899,29.94417],[71.73972,29.94693],[71.73405,29.95534],[71.73498,29.96337],[71.73877,29.96708],[71.7459,29.96385],[71.75013,29.96635],[71.75177,29.97938],[71.76053,29.98683],[71.76299,29.99462],[71.77362,30.00398],[71.77284,30.00818],[71.76818,30.01461],[71.77093,30.02019],[71.77949,30.02224],[71.80773,30.02196],[71.81402,30.01818],[71.81389,30.01474],[71.82625,30.01481],[71.82649,30.00467],[71.82856,30.00486],[71.83755,30.00837],[71.84416,30.0135],[71.84808,30.02573],[71.85652,30.02949],[71.85946,30.03965],[71.86327,30.0433],[71.86768,30.04276],[71.86735,30.03401],[71.87025,30.02623],[71.87294,30.025],[71.87685,30.0262],[71.88692,30.03659],[71.89711,30.05144],[71.92768,30.03768],[71.94136,30.03809],[71.94692,30.04344],[71.95415,30.04527],[71.96009,30.05],[71.96113,30.05497],[71.95741,30.06081],[71.95678,30.0664],[71.96529,30.07851],[71.96927,30.07896],[71.97412,30.07283],[71.97845,30.07254],[71.98546,30.0806],[71.99001,30.0907],[71.99833,30.09085],[72.01064,30.09915],[72.01609,30.10047],[72.05251,30.0838],[72.06899,30.07953],[72.08221,30.08084],[72.08813,30.07566],[72.09742,30.07464],[72.10097,30.06683],[72.10576,30.06643],[72.11183,30.06969],[72.11744,30.07524],[72.12674,30.09371],[72.12939,30.10266],[72.13948,30.1139],[72.14653,30.11796],[72.16442,30.12271],[72.17045,30.12231],[72.18076,30.11568],[72.18538,30.11609],[72.18609,30.1207],[72.17839,30.13055],[72.1739,30.14571],[72.17512,30.15098],[72.18003,30.1568],[72.18604,30.15925],[72.19555,30.15562],[72.20204,30.15509],[72.21712,30.15837],[72.22483,30.16638],[72.2368,30.17115],[72.23758,30.17683],[72.2401,30.17968],[72.25267,30.17914],[72.25951,30.18296],[72.26413,30.18366],[72.27379,30.17884],[72.2819,30.18321],[72.28566,30.18296],[72.2891,30.18555],[72.28604,30.19257],[72.28694,30.19757],[72.28895,30.19975],[72.29948,30.20252],[72.30673,30.20992],[72.31634,30.21081],[72.32243,30.21599],[72.32536,30.21534],[72.33442,30.20702],[72.35336,30.19999],[72.36566,30.20307],[72.38029,30.20929],[72.38896,30.2175],[72.3989,30.218],[72.39934,30.22905],[72.40736,30.22954],[72.41482,30.22276],[72.41294,30.21569],[72.40942,30.21395],[72.40448,30.20824],[72.40388,30.19988],[72.40974,30.19641],[72.41372,30.19649],[72.43908,30.18816],[72.44441,30.18922],[72.44979,30.18801],[72.45467,30.19061],[72.4577,30.18494],[72.4523,30.1815],[72.45318,30.17901],[72.4664,30.17234],[72.47177,30.17197],[72.48158,30.18564],[72.49047,30.18187],[72.49948,30.18384],[72.50107,30.18649],[72.49815,30.19324],[72.49851,30.20833],[72.50004,30.21027],[72.50411,30.20946],[72.51089,30.21328],[72.51112,30.21609],[72.5165,30.21942],[72.51835,30.22261],[72.51795,30.22458],[72.50843,30.22636],[72.50789,30.22856],[72.51461,30.2296],[72.51355,30.23326],[72.5198,30.24406],[72.5173,30.25863],[72.51932,30.26064],[72.52948,30.26095],[72.5352,30.25772],[72.53481,30.26493],[72.54091,30.26558],[72.54186,30.26861],[72.5433,30.26885],[72.54429,30.26797],[72.54302,30.26359],[72.54952,30.25948],[72.55211,30.26036],[72.5554,30.2655],[72.56114,30.26494],[72.56532,30.26246],[72.57212,30.26252],[72.57361,30.25241],[72.57697,30.24442],[72.57285,30.24684],[72.57101,30.24359],[72.57612,30.237],[72.57744,30.23643],[72.58047,30.23893],[72.58221,30.23783],[72.58125,30.22958],[72.5826,30.22781],[72.5876,30.22814],[72.58986,30.23147],[72.58525,30.23723],[72.58512,30.23979],[72.58701,30.24126],[72.59168,30.24117],[72.60101,30.23639],[72.60192,30.23861],[72.59878,30.24333],[72.60507,30.25018],[72.6031,30.25218],[72.60967,30.25319],[72.61961,30.2514],[72.62185,30.25276],[72.62185,30.25556],[72.61669,30.25559],[72.61609,30.25778],[72.62636,30.26215],[72.62684,30.26538],[72.62429,30.26843],[72.62021,30.26663],[72.62515,30.27245],[72.61997,30.27641],[72.61994,30.28053],[72.62265,30.28231],[72.62665,30.27892],[72.62876,30.28265],[72.63604,30.28072],[72.63564,30.28254],[72.63251,30.28392],[72.63252,30.2863],[72.64038,30.29104],[72.63608,30.29836],[72.64209,30.29704],[72.64864,30.30229],[72.64846,30.30413],[72.64449,30.30621],[72.64612,30.30988],[72.6492,30.31035],[72.65834,30.30503],[72.66198,30.30533],[72.666,30.31232],[72.66561,30.32043],[72.66886,30.32252],[72.67319,30.32265],[72.67799,30.32041],[72.68005,30.31729],[72.68393,30.31622],[72.68237,30.30951],[72.68457,30.30054],[72.69569,30.29274],[72.70003,30.29234],[72.70849,30.30108],[72.71258,30.30867],[72.71267,30.31673],[72.70904,30.32484],[72.71901,30.33384],[72.72561,30.33414],[72.73378,30.32288],[72.73726,30.32103],[72.75133,30.32215],[72.76176,30.32044],[72.76669,30.32118],[72.77014,30.32377],[72.76776,30.32848],[72.76931,30.33292],[72.77581,30.33452],[72.77771,30.33265],[72.7783,30.32788],[72.7838,30.32786],[72.78657,30.33029],[72.78724,30.33418],[72.787,30.33853],[72.78425,30.34159],[72.78704,30.34325],[72.79478,30.34141],[72.79998,30.34567],[72.79953,30.3553],[72.79602,30.35864],[72.79369,30.35807],[72.79499,30.35236],[72.79357,30.35102],[72.79021,30.35353],[72.78922,30.35799],[72.79898,30.36442],[72.80449,30.36439],[72.80952,30.3609],[72.8115,30.36487],[72.83242,30.36773]],[[72.66339,30.18533],[72.66187,30.18055],[72.66976,30.17082],[72.66965,30.166],[72.66488,30.16376],[72.65702,30.16486],[72.65316,30.15963],[72.65274,30.15419],[72.64398,30.15428],[72.6441,30.14901],[72.64691,30.14253],[72.65035,30.14035],[72.66852,30.14041],[72.66843,30.14311],[72.67542,30.14319],[72.67721,30.13781],[72.68357,30.13779],[72.68367,30.12962],[72.69273,30.12973],[72.6927,30.13702],[72.69991,30.13709],[72.69992,30.13515],[72.71669,30.13507],[72.71843,30.13667],[72.71877,30.14582],[72.70741,30.15916],[72.70514,30.16598],[72.70506,30.17467],[72.69204,30.17461],[72.69129,30.17533],[72.69436,30.17888],[72.6926,30.17899],[72.69235,30.18409],[72.68912,30.18409],[72.68913,30.18577],[72.68555,30.1857],[72.68564,30.17456],[72.68213,30.17316],[72.68218,30.17588],[72.67379,30.17582],[72.67374,30.1829],[72.67609,30.18312],[72.67718,30.18533],[72.67403,30.19376],[72.66804,30.19405],[72.66825,30.18914],[72.66339,30.18533]],[[72.33181,30.05777],[72.33194,30.04279],[72.31457,30.04258],[72.31458,30.03983],[72.30784,30.03973],[72.30859,30.02725],[72.32393,30.0355],[72.39051,30.03491],[72.39042,30.03938],[72.3834,30.04038],[72.38321,30.05593],[72.39117,30.05878],[72.39088,30.06011],[72.38396,30.06211],[72.33523,30.06172],[72.33503,30.06659],[72.32752,30.06654],[72.32761,30.0617],[72.33186,30.06164],[72.33181,30.05777]],[[72.18275,29.81484],[72.17811,29.81489],[72.17447,29.8176],[72.16061,29.8166],[72.1461,29.82567],[72.14218,29.82615],[72.13886,29.8246],[72.1407,29.8201],[72.15162,29.81523],[72.15173,29.81242],[72.15706,29.80857],[72.16756,29.80414],[72.1676,29.80262],[72.17141,29.80229],[72.15735,29.78643],[72.16677,29.78901],[72.17293,29.7925],[72.18042,29.79218],[72.18341,29.79646],[72.19001,29.79931],[72.18905,29.80898],[72.18713,29.80906],[72.18275,29.81484]]]]}},{"type":"Feature","properties":{"name":"Municipal Committee Mailsi","district":"Vehari"},"geometry":{"type":"MultiPolygon","coordinates":[[[[72.18273,29.81487],[72.18277,29.81484],[72.18275,29.81484],[72.18273,29.81487]]],[[[72.18275,29.81484],[72.18713,29.80906],[72.18905,29.80898],[72.19001,29.79931],[72.18341,29.79646],[72.18042,29.79218],[72.17293,29.7925],[72.16677,29.78901],[72.15735,29.78643],[72.17141,29.80229],[72.1676,29.80262],[72.16756,29.80414],[72.15706,29.80857],[72.15173,29.81242],[72.15162,29.81523],[72.1407,29.8201],[72.13886,29.8246],[72.14218,29.82615],[72.1461,29.82567],[72.16061,29.8166],[72.17447,29.8176],[72.17811,29.81489],[72.18275,29.81484]]]]}},{"type":"Feature","properties":{"name":"Municipal Committee Vehari","district":"Vehari"},"geometry":{"type":"MultiPolygon","coordinates":[[[[72.32761,30.0617],[72.32752,30.06654],[72.33503,30.06659],[72.33523,30.06172],[72.38396,30.06211],[72.39088,30.06011],[72.39117,30.05878],[72.38321,30.05593],[72.3834,30.04038],[72.39042,30.03938],[72.39051,30.03491],[72.32393,30.0355],[72.30859,30.02725],[72.30784,30.03973],[72.31458,30.03983],[72.31457,30.04258],[72.33194,30.04279],[72.33186,30.06164],[72.32761,30.0617]]]]}},{"type":"Feature","properties":{"name":"Municipal Committee Tulamba","district":"Khanewal"},"geometry":{"type":"MultiPolygon","coordinates":[[[[72.25306,30.52361],[72.25655,30.52205],[72.25521,30.51973],[72.25315,30.51976],[72.25242,30.51438],[72.23854,30.51425],[72.23855,30.51586],[72.23508,30.51584],[72.23503,30.51798],[72.23044,30.518],[72.23221,30.51528],[72.22796,30.51531],[72.22784,30.51789],[72.22192,30.52163],[72.21819,30.52164],[72.21809,30.52602],[72.22447,30.52616],[72.22439,30.53158],[72.23208,30.5316],[72.23201,30.53547],[72.23336,30.53599],[72.25132,30.53613],[72.25131,30.5345],[72.25311,30.53452],[72.25306,30.52361]]]]}},{"type":"Feature","properties":{"name":"Municipal Committee Main Channu","district":"Khanewal"},"geometry":{"type":"MultiPolygon","coordinates":[[[[72.36542,30.44565],[72.36628,30.43172],[72.34147,30.4316],[72.34121,30.45091],[72.3653,30.45102],[72.36542,30.44565]]]]}},{"type":"Feature","properties":{"name":"Municipal Committee Khanewal","district":"Khanewal"},"geometry":{"type":"MultiPolygon","coordinates":[[[[71.88909,30.328],[71.87489,30.32421],[71.87409,30.3673],[71.88527,30.36755],[71.90234,30.34475],[71.90899,30.34495],[71.92233,30.32712],[71.92767,30.3272],[71.92772,30.32178],[71.93819,30.32192],[71.94495,30.32741],[71.95583,30.32758],[71.94912,30.32016],[71.94963,30.31573],[71.9485,30.31529],[71.95198,30.31526],[71.99397,30.32802],[71.9941,30.31977],[71.96244,30.31064],[71.95924,30.31228],[71.95964,30.28677],[71.94771,30.28664],[71.95091,30.28137],[71.95624,30.27849],[71.95626,30.27582],[71.97031,30.2759],[71.97058,30.26054],[71.96769,30.26405],[71.96087,30.26801],[71.95454,30.26948],[71.93345,30.26705],[71.93117,30.26791],[71.90781,30.25972],[71.89465,30.25719],[71.89807,30.26952],[71.89584,30.28821],[71.90131,30.29371],[71.90126,30.29748],[71.89675,30.29742],[71.89671,30.29947],[71.90021,30.30061],[71.89988,30.32047],[71.89643,30.32087],[71.89626,30.3295],[71.88909,30.328]]]]}},{"type":"Feature","properties":{"name":"Municipal Committee Kabir Wala","district":"Khanewal"},"geometry":{"type":"MultiPolygon","coordinates":[[[[71.86467,30.41888],[71.86424,30.41628],[71.87357,30.41636],[71.87658,30.42072],[71.87995,30.42052],[71.87999,30.41806],[71.87823,30.41804],[71.87816,30.39908],[71.87033,30.39456],[71.86779,30.3945],[71.86744,30.39726],[71.86452,30.39721],[71.86505,30.39455],[71.85942,30.39454],[71.85938,30.39713],[71.85738,30.39712],[71.85678,30.40034],[71.85332,30.39881],[71.85318,30.40202],[71.8461,30.3998],[71.84611,30.39704],[71.8416,30.39694],[71.84159,30.3983],[71.82808,30.39479],[71.83,30.41865],[71.8502,30.41889],[71.85366,30.42203],[71.86584,30.42617],[71.86467,30.41888]]]]}},{"type":"Feature","properties":{"name":"Municipal Committee Abdul Hakim","district":"Khanewal"},"geometry":{"type":"MultiPolygon","coordinates":[[[[72.1193,30.53522],[72.11117,30.53777],[72.10442,30.54459],[72.10306,30.54922],[72.10456,30.56091],[72.11425,30.56421],[72.12851,30.56469],[72.135,30.56463],[72.14711,30.56114],[72.14962,30.56297],[72.154,30.56077],[72.1576,30.5414],[72.15585,30.53972],[72.14112,30.5354],[72.1193,30.53522]]]]}},{"type":"Feature","properties":{"name":"Municipal Committee Jahanian","district":"Khanewal"},"geometry":{"type":"MultiPolygon","coordinates":[[[[71.8205,30.06117],[71.82106,30.0622],[71.82223,30.05902],[71.82417,30.05906],[71.82442,30.04584],[71.83463,30.04559],[71.83475,30.0347],[71.82369,30.0346],[71.82438,30.02629],[71.79662,30.02607],[71.79658,30.02909],[71.80793,30.03003],[71.8205,30.06117]]]]}},{"type":"Feature","properties":{"name":"District Council Khanewal","district":"Khanewal"},"geometry":{"type":"MultiPolygon","coordinates":[[[[72.39934,30.22905],[72.3989,30.218],[72.38896,30.2175],[72.38029,30.20929],[72.36566,30.20307],[72.35336,30.19999],[72.35011,30.20051],[72.33442,30.20702],[72.32536,30.21534],[72.32243,30.21599],[72.31634,30.21081],[72.30673,30.20992],[72.29948,30.20252],[72.28895,30.19975],[72.28694,30.19757],[72.28604,30.19257],[72.2891,30.18555],[72.28566,30.18296],[72.2819,30.18321],[72.27379,30.17884],[72.26413,30.18366],[72.25951,30.18296],[72.25267,30.17914],[72.2401,30.17968],[72.2383,30.17845],[72.23751,30.17264],[72.23564,30.1702],[72.22483,30.16638],[72.2189,30.15906],[72.20442,30.15523],[72.19555,30.15562],[72.18699,30.15911],[72.183,30.15884],[72.17617,30.15274],[72.1739,30.14571],[72.17839,30.13055],[72.18609,30.1207],[72.18538,30.11609],[72.18076,30.11568],[72.17045,30.12231],[72.16442,30.12271],[72.14653,30.11796],[72.13948,30.1139],[72.12939,30.10266],[72.12674,30.09371],[72.11744,30.07524],[72.11183,30.06969],[72.10576,30.06643],[72.10097,30.06683],[72.09742,30.07464],[72.08813,30.07566],[72.08221,30.08084],[72.06899,30.07953],[72.05251,30.0838],[72.01609,30.10047],[72.01064,30.09915],[71.99833,30.09085],[71.99001,30.0907],[71.98546,30.0806],[71.97845,30.07254],[71.97412,30.07283],[71.96927,30.07896],[71.96529,30.07851],[71.95678,30.0664],[71.95741,30.06081],[71.96113,30.05497],[71.96009,30.05],[71.95415,30.04527],[71.94692,30.04344],[71.94136,30.03809],[71.92768,30.03768],[71.89711,30.05144],[71.88692,30.03659],[71.87685,30.0262],[71.87294,30.025],[71.87025,30.02623],[71.86735,30.03401],[71.86768,30.04276],[71.86327,30.0433],[71.85946,30.03965],[71.85652,30.02949],[71.84808,30.02573],[71.84416,30.0135],[71.83755,30.00837],[71.82856,30.00486],[71.82649,30.00467],[71.82625,30.01481],[71.81389,30.01474],[71.81402,30.01818],[71.80773,30.02196],[71.77949,30.02224],[71.77093,30.02019],[71.76818,30.01461],[71.77284,30.00818],[71.77311,30.00285],[71.76299,29.99462],[71.76053,29.98683],[71.75177,29.97938],[71.75095,29.96788],[71.74856,29.96451],[71.74468,29.96413],[71.73877,29.96708],[71.73498,29.96337],[71.73366,29.95958],[71.73405,29.95534],[71.73972,29.94693],[71.73899,29.94417],[71.74101,29.93703],[71.74744,29.93281],[71.75163,29.93167],[71.7569,29.93298],[71.75682,29.93128],[71.75262,29.93108],[71.74968,29.92661],[71.73704,29.9277],[71.73311,29.92658],[71.73035,29.92318],[71.72513,29.92346],[71.72287,29.92857],[71.71848,29.93094],[71.71794,29.92973],[71.72145,29.92792],[71.71947,29.9218],[71.71215,29.92172],[71.7053,29.91751],[71.70349,29.91825],[71.70136,29.92328],[71.68938,29.90974],[71.68719,29.90513],[71.6868,29.9032],[71.68885,29.90308],[71.69217,29.90338],[71.69552,29.90627],[71.70141,29.90522],[71.70162,29.89513],[71.69819,29.88337],[71.69518,29.88349],[71.6936,29.8738],[71.68481,29.86778],[71.68106,29.87201],[71.68326,29.87683],[71.68258,29.87906],[71.67913,29.87742],[71.67199,29.87891],[71.66663,29.87683],[71.66405,29.87891],[71.66086,29.87906],[71.64992,29.87721],[71.64635,29.87986],[71.64587,29.88393],[71.63186,29.88917],[71.61774,29.9005],[71.61658,29.90642],[71.6175,29.91237],[71.61955,29.9182],[71.6249,29.92421],[71.62476,29.93164],[71.62794,29.93185],[71.63011,29.93468],[71.62859,29.94062],[71.62437,29.94327],[71.61723,29.94452],[71.6133,29.94244],[71.60956,29.935],[71.60747,29.93503],[71.60515,29.93801],[71.60138,29.93542],[71.59007,29.93623],[71.58986,29.94172],[71.57904,29.94087],[71.5724,29.94655],[71.57234,29.94957],[71.57507,29.94966],[71.57505,29.95284],[71.57227,29.95417],[71.57221,29.95989],[71.5948,29.96071],[71.59653,29.95555],[71.60693,29.95833],[71.60836,29.97482],[71.62009,29.98173],[71.6237,29.98865],[71.63059,29.99136],[71.65506,29.99174],[71.66014,29.99448],[71.66175,30.00048],[71.66524,30.00054],[71.66509,30.00813],[71.67192,30.01368],[71.67181,30.01631],[71.68222,30.01837],[71.68224,30.0219],[71.6961,30.02218],[71.69605,30.02495],[71.703,30.02506],[71.70284,30.03317],[71.71323,30.03333],[71.71656,30.03606],[71.72709,30.03619],[71.727,30.05869],[71.72807,30.0607],[71.73354,30.06085],[71.73343,30.06902],[71.73689,30.06908],[71.73688,30.0718],[71.74195,30.07718],[71.74019,30.08005],[71.74178,30.08544],[71.74878,30.09094],[71.75382,30.10193],[71.75732,30.10194],[71.75717,30.10981],[71.75357,30.11251],[71.75353,30.11806],[71.75171,30.1209],[71.75283,30.12097],[71.75276,30.12367],[71.76028,30.12922],[71.77085,30.12928],[71.77066,30.13479],[71.76884,30.13479],[71.76874,30.1375],[71.76529,30.14019],[71.76512,30.14824],[71.77351,30.15928],[71.77981,30.15936],[71.78043,30.16208],[71.7874,30.16218],[71.78739,30.1643],[71.79235,30.17],[71.79242,30.17315],[71.79503,30.17323],[71.79369,30.18186],[71.79734,30.19014],[71.79727,30.19757],[71.80049,30.20307],[71.79895,30.20728],[71.80043,30.21116],[71.81051,30.21632],[71.81413,30.22442],[71.8143,30.23331],[71.82114,30.23345],[71.82456,30.23618],[71.82451,30.23884],[71.82794,30.23895],[71.82801,30.24432],[71.8314,30.2444],[71.83821,30.24987],[71.81364,30.27456],[71.78719,30.26647],[71.7844,30.26715],[71.78361,30.2715],[71.78183,30.27201],[71.76585,30.2724],[71.76933,30.28698],[71.77076,30.28715],[71.77932,30.30895],[71.78844,30.32026],[71.78275,30.32152],[71.77299,30.32001],[71.77462,30.31284],[71.7609,30.31373],[71.76094,30.3121],[71.73406,30.31168],[71.73061,30.31605],[71.72668,30.316],[71.71607,30.31477],[71.71607,30.31363],[71.71238,30.3136],[71.70999,30.31084],[71.70845,30.31084],[71.70832,30.31711],[71.70429,30.31535],[71.70413,30.31786],[71.69928,30.31783],[71.69924,30.31939],[71.6951,30.31941],[71.69501,30.32097],[71.69164,30.32098],[71.69158,30.31879],[71.67701,30.31917],[71.67697,30.32142],[71.67888,30.32296],[71.67203,30.32238],[71.67058,30.32448],[71.66711,30.32448],[71.66636,30.32663],[71.66147,30.32715],[71.66147,30.32851],[71.65723,30.3298],[71.6557,30.33793],[71.65364,30.33789],[71.65519,30.34501],[71.65331,30.34499],[71.66187,30.35976],[71.65469,30.35967],[71.65346,30.36239],[71.65174,30.36237],[71.65171,30.3651],[71.63414,30.36809],[71.63279,30.37108],[71.63007,30.3713],[71.63052,30.37674],[71.62762,30.38445],[71.63394,30.38615],[71.63378,30.39076],[71.6303,30.39046],[71.62885,30.39589],[71.62115,30.3985],[71.62171,30.40281],[71.61261,30.40274],[71.61179,30.40728],[71.61596,30.41257],[71.61578,30.41853],[71.60816,30.41786],[71.60862,30.42005],[71.6046,30.42055],[71.60314,30.42326],[71.59717,30.42483],[71.59485,30.4248],[71.59245,30.41957],[71.58648,30.42031],[71.58649,30.42246],[71.58201,30.42296],[71.58075,30.42785],[71.57796,30.42782],[71.57925,30.43091],[71.57566,30.43261],[71.57093,30.43915],[71.56649,30.44032],[71.56449,30.43686],[71.54765,30.43597],[71.54639,30.43398],[71.54181,30.43381],[71.53953,30.43564],[71.54056,30.43732],[71.53885,30.4388],[71.53043,30.43813],[71.53087,30.43963],[71.52776,30.44037],[71.52543,30.44353],[71.52421,30.45231],[71.52557,30.455],[71.53131,30.45439],[71.53847,30.45802],[71.5556,30.44785],[71.5638,30.44956],[71.57882,30.46606],[71.59082,30.4706],[71.59228,30.48066],[71.60427,30.4869],[71.60591,30.49921],[71.60787,30.5023],[71.61558,30.506],[71.64258,30.51297],[71.65588,30.51804],[71.66378,30.52215],[71.67242,30.53317],[71.68611,30.53459],[71.69962,30.54055],[71.71349,30.5564],[71.72524,30.5765],[71.73486,30.5881],[71.75694,30.59525],[71.75883,30.59924],[71.76471,30.60118],[71.7703,30.60049],[71.77377,30.60428],[71.77615,30.60469],[71.7762,30.60904],[71.78502,30.61217],[71.78375,30.61544],[71.7824,30.61547],[71.78253,30.62407],[71.78673,30.62519],[71.79861,30.64221],[71.80478,30.64495],[71.80605,30.6484],[71.81692,30.65565],[71.82287,30.65101],[71.83723,30.65986],[71.83738,30.66247],[71.84623,30.669],[71.84753,30.66741],[71.85464,30.67031],[71.85865,30.67563],[71.86358,30.67795],[71.8722,30.67785],[71.87365,30.67916],[71.8718,30.68234],[71.87432,30.68416],[71.87754,30.6829],[71.87761,30.67954],[71.88187,30.67661],[71.891,30.68114],[71.90448,30.68059],[71.90566,30.67726],[71.9085,30.67698],[71.90951,30.67293],[71.92058,30.67005],[71.92097,30.6685],[71.92903,30.66854],[71.92903,30.67005],[71.9311,30.67007],[71.93088,30.68112],[71.94592,30.68205],[71.94967,30.68082],[71.94909,30.6826],[71.95042,30.68272],[71.96091,30.68253],[71.96107,30.67213],[71.97486,30.67441],[71.9896,30.67371],[71.98727,30.67492],[71.98941,30.6763],[71.99591,30.6764],[71.99579,30.68186],[71.99366,30.68179],[71.99201,30.69598],[71.98866,30.69596],[71.98781,30.70077],[71.98375,30.70659],[71.98843,30.70773],[71.98848,30.70407],[71.99406,30.70415],[71.99416,30.70031],[71.9998,30.69992],[72.00005,30.70308],[72.0136,30.70708],[72.01427,30.71033],[72.02335,30.71044],[72.02334,30.71476],[72.02958,30.71486],[72.03342,30.72014],[72.03776,30.72035],[72.0439,30.72377],[72.04524,30.72989],[72.04396,30.73459],[72.04676,30.73547],[72.04673,30.73955],[72.06067,30.73918],[72.06073,30.73647],[72.06421,30.73539],[72.08916,30.73454],[72.08943,30.73719],[72.10344,30.73741],[72.10342,30.74013],[72.12092,30.74025],[72.13394,30.73657],[72.15252,30.73459],[72.15252,30.73242],[72.15602,30.73242],[72.15608,30.73038],[72.15793,30.72927],[72.16146,30.7293],[72.16153,30.72446],[72.17428,30.72445],[72.17428,30.72704],[72.17775,30.72976],[72.18503,30.7299],[72.18463,30.72833],[72.18759,30.72838],[72.18762,30.73007],[72.19799,30.73015],[72.19803,30.73193],[72.21293,30.73303],[72.14467,30.60749],[72.13743,30.57617],[72.16525,30.56931],[72.18193,30.5673],[72.1941,30.56866],[72.20158,30.56751],[72.20699,30.56932],[72.21689,30.56826],[72.21686,30.56243],[72.22049,30.56244],[72.22048,30.55806],[72.22411,30.55805],[72.2241,30.55514],[72.22772,30.55513],[72.22772,30.55369],[72.23493,30.55221],[72.23493,30.55076],[72.23855,30.55074],[72.23855,30.54796],[72.24581,30.54816],[72.24769,30.55247],[72.24722,30.55644],[72.24919,30.55697],[72.25042,30.55549],[72.25051,30.56464],[72.25305,30.56556],[72.26211,30.56414],[72.26622,30.55997],[72.27032,30.55919],[72.27944,30.5679],[72.28593,30.56764],[72.2888,30.56563],[72.27705,30.54312],[72.27147,30.53826],[72.28784,30.54096],[72.29202,30.53706],[72.30636,30.53837],[72.3018,30.54229],[72.30168,30.55489],[72.30051,30.55544],[72.30174,30.55665],[72.30198,30.56635],[72.30017,30.56779],[72.30848,30.57464],[72.31406,30.57361],[72.31173,30.57542],[72.31116,30.57989],[72.32027,30.5795],[72.32234,30.5823],[72.32499,30.58301],[72.32772,30.58134],[72.32924,30.5765],[72.33354,30.5792],[72.33552,30.5768],[72.34414,30.5819],[72.34941,30.58189],[72.35499,30.58558],[72.35912,30.58529],[72.36319,30.58837],[72.36508,30.58776],[72.36709,30.59123],[72.36926,30.59048],[72.36935,30.58774],[72.36161,30.58255],[72.36048,30.57141],[72.36167,30.56667],[72.36654,30.56677],[72.3664,30.56918],[72.3721,30.57202],[72.3827,30.58552],[72.38329,30.6004],[72.38218,30.60287],[72.3911,30.60532],[72.39402,30.60515],[72.39922,30.60058],[72.4084,30.59656],[72.41696,30.60031],[72.43391,30.59617],[72.4361,30.60003],[72.43875,30.60119],[72.44556,30.59933],[72.44933,30.59531],[72.45021,30.58912],[72.45248,30.58869],[72.45234,30.58342],[72.45889,30.58052],[72.45788,30.5794],[72.46719,30.57794],[72.47983,30.58061],[72.49721,30.57809],[72.49454,30.56275],[72.50107,30.55401],[72.50106,30.54959],[72.49302,30.54461],[72.47947,30.54153],[72.47669,30.53719],[72.4793,30.5285],[72.47878,30.51816],[72.48158,30.51415],[72.48308,30.50096],[72.46881,30.47707],[72.45122,30.45899],[72.4412,30.4461],[72.43816,30.43876],[72.43768,30.42009],[72.44047,30.40947],[72.43811,30.38898],[72.43885,30.37511],[72.42432,30.35165],[72.4228,30.34246],[72.41969,30.33525],[72.41469,30.33017],[72.40312,30.32361],[72.40278,30.30602],[72.39394,30.29627],[72.3938,30.2876],[72.40208,30.27897],[72.40245,30.26259],[72.40065,30.24884],[72.39773,30.24071],[72.39934,30.22905]],[[71.90105,30.3466],[71.88527,30.36755],[71.87409,30.3673],[71.87489,30.32421],[71.89626,30.3295],[71.89643,30.32087],[71.89988,30.32047],[71.90021,30.30061],[71.89671,30.29947],[71.89675,30.29742],[71.90126,30.29748],[71.90131,30.29371],[71.89584,30.28821],[71.89807,30.26952],[71.89465,30.25719],[71.90781,30.25972],[71.93117,30.26791],[71.93345,30.26705],[71.95454,30.26948],[71.96087,30.26801],[71.96769,30.26405],[71.97057,30.26052],[71.97031,30.2759],[71.95626,30.27582],[71.95624,30.27849],[71.95091,30.28137],[71.94771,30.28664],[71.95964,30.28677],[71.95924,30.31228],[71.96244,30.31064],[71.9941,30.31977],[71.99397,30.32802],[71.9485,30.31529],[71.94963,30.31573],[71.94912,30.32016],[71.95583,30.32758],[71.94495,30.32741],[71.93819,30.32192],[71.92772,30.32178],[71.92767,30.3272],[71.92233,30.32712],[71.90899,30.34495],[71.90234,30.34475],[71.90105,30.3466]],[[71.86467,30.41888],[71.86584,30.42617],[71.85366,30.42203],[71.8502,30.41889],[71.83,30.41865],[71.82808,30.39479],[71.84159,30.3983],[71.8416,30.39694],[71.84611,30.39704],[71.8461,30.3998],[71.85318,30.40202],[71.85332,30.39881],[71.85678,30.40034],[71.85738,30.39712],[71.85938,30.39713],[71.85942,30.39454],[71.86505,30.39455],[71.86452,30.39721],[71.86744,30.39726],[71.86779,30.3945],[71.87033,30.39456],[71.87816,30.39908],[71.87823,30.41804],[71.87999,30.41806],[71.87995,30.42052],[71.87658,30.42072],[71.87357,30.41636],[71.86424,30.41628],[71.86467,30.41888]],[[72.3653,30.45102],[72.34121,30.45091],[72.34147,30.4316],[72.36628,30.43172],[72.3653,30.45102]],[[72.25132,30.53613],[72.23201,30.53547],[72.23208,30.5316],[72.22439,30.53158],[72.22447,30.52616],[72.21809,30.52602],[72.21819,30.52164],[72.22192,30.52163],[72.22784,30.51789],[72.22796,30.51531],[72.23221,30.51528],[72.23044,30.518],[72.23503,30.51798],[72.23508,30.51584],[72.23855,30.51586],[72.23854,30.51425],[72.25242,30.51438],[72.25315,30.51976],[72.25521,30.51973],[72.25656,30.52286],[72.25306,30.52361],[72.25311,30.53452],[72.25131,30.5345],[72.25132,30.53613]],[[72.14646,30.56139],[72.135,30.56463],[72.10943,30.56305],[72.10456,30.56091],[72.10327,30.54696],[72.10841,30.53985],[72.11721,30.53546],[72.1381,30.53517],[72.15189,30.53785],[72.1576,30.5414],[72.154,30.56077],[72.14962,30.56297],[72.14646,30.56139]],[[71.82152,30.06124],[71.82027,30.0612],[71.80793,30.03003],[71.79658,30.02909],[71.79662,30.02607],[71.82438,30.02629],[71.82369,30.0346],[71.83475,30.0347],[71.83463,30.04559],[71.82442,30.04584],[71.82417,30.05906],[71.82223,30.05902],[71.82152,30.06124]]]]}},{"type":"Feature","properties":{"name":"District Council Sahiwal","district":"Sahiwal"},"geometry":{"type":"MultiPolygon","coordinates":[[[[73.21792,30.93554],[73.22396,30.93209],[73.22408,30.91706],[73.22561,30.91491],[73.23044,30.91415],[73.23255,30.91219],[73.2324,30.90284],[73.23577,30.90219],[73.23178,30.8936],[73.23684,30.88519],[73.23798,30.88008],[73.24295,30.884],[73.24536,30.88415],[73.23737,30.87465],[73.25275,30.87525],[73.25471,30.87917],[73.25441,30.8846],[73.26376,30.88325],[73.2636,30.87582],[73.25848,30.8745],[73.25908,30.87043],[73.24454,30.8595],[73.2461,30.85646],[73.24864,30.85549],[73.26647,30.86199],[73.26918,30.85912],[73.26787,30.84848],[73.26444,30.84829],[73.26444,30.84563],[73.25682,30.84372],[73.25435,30.8462],[73.25054,30.84582],[73.24217,30.84258],[73.23722,30.84334],[73.23531,30.84144],[73.23779,30.83249],[73.24562,30.82788],[73.25568,30.82773],[73.25548,30.82415],[73.25795,30.82103],[73.25657,30.81927],[73.24274,30.81765],[73.24141,30.81155],[73.25549,30.79442],[73.25568,30.78852],[73.25778,30.78624],[73.27564,30.78573],[73.289,30.79613],[73.30099,30.79709],[73.3067,30.79138],[73.31336,30.79119],[73.31507,30.78852],[73.32821,30.78814],[73.32897,30.78262],[73.33221,30.77957],[73.33164,30.76168],[73.32859,30.75825],[73.32878,30.75292],[73.33811,30.75445],[73.33925,30.74493],[73.33525,30.74303],[73.33601,30.73693],[73.33297,30.73617],[73.33202,30.73351],[73.31507,30.73065],[73.30841,30.72361],[73.30479,30.72323],[73.30118,30.71523],[73.30137,30.71181],[73.31127,30.68877],[73.30917,30.68497],[73.31127,30.68135],[73.32059,30.6745],[73.32288,30.66993],[73.32973,30.66403],[73.33164,30.6566],[73.33563,30.65432],[73.33392,30.64785],[73.33887,30.64442],[73.33563,30.63338],[73.33202,30.62862],[73.32497,30.62729],[73.31488,30.61967],[73.31393,30.60959],[73.31907,30.60445],[73.3324,30.60426],[73.33487,30.59912],[73.33449,30.59493],[73.32745,30.58579],[73.306,30.58635],[73.30053,30.58278],[73.29506,30.57088],[73.28911,30.57017],[73.28506,30.56708],[73.2763,30.56738],[73.26741,30.56313],[73.26262,30.56384],[73.25819,30.5623],[73.2589,30.55944],[73.25566,30.55394],[73.25733,30.55132],[73.25468,30.546],[73.25572,30.54049],[73.25334,30.53895],[73.24939,30.53975],[73.24073,30.54632],[73.24059,30.54818],[73.24444,30.55025],[73.24501,30.55396],[73.23814,30.5594],[73.23475,30.56076],[73.22751,30.55266],[73.22397,30.55401],[73.21025,30.55382],[73.20833,30.55122],[73.2064,30.55122],[73.1961,30.56212],[73.18901,30.55931],[73.19024,30.55532],[73.19595,30.55118],[73.19562,30.54827],[73.19367,30.5467],[73.19101,30.54708],[73.19067,30.55094],[73.18415,30.55003],[73.17973,30.55494],[73.17549,30.55427],[73.17226,30.55141],[73.17235,30.5478],[73.18173,30.54485],[73.18268,30.54237],[73.18087,30.54047],[73.17254,30.53918],[73.17121,30.54009],[73.17135,30.5439],[73.16897,30.54513],[73.15826,30.53885],[73.15436,30.53895],[73.14832,30.54271],[73.1427,30.54242],[73.14013,30.53799],[73.14351,30.53828],[73.14884,30.53509],[73.14975,30.53195],[73.14832,30.52386],[73.15688,30.5212],[73.16107,30.52576],[73.16464,30.52619],[73.16797,30.52362],[73.16869,30.52072],[73.16417,30.51596],[73.16126,30.51406],[73.15655,30.5151],[73.1407,30.51163],[73.13856,30.50759],[73.13138,30.50359],[73.12243,30.49464],[73.12172,30.49183],[73.12481,30.48945],[73.12324,30.48565],[73.11477,30.48403],[73.10896,30.49002],[73.09897,30.48374],[73.09992,30.48132],[73.10263,30.48113],[73.11267,30.48417],[73.1141,30.48032],[73.10896,30.47708],[73.10358,30.47632],[73.09511,30.47998],[73.07808,30.47028],[73.06071,30.47013],[73.0588,30.46804],[73.06061,30.46542],[73.0648,30.4658],[73.07179,30.46361],[73.07836,30.46433],[73.0826,30.46085],[73.08146,30.45866],[73.07546,30.45857],[73.07508,30.45624],[73.07808,30.45138],[73.07427,30.44729],[73.06951,30.44796],[73.06732,30.45062],[73.06689,30.45448],[73.05823,30.45429],[73.05638,30.45781],[73.05966,30.46142],[73.05861,30.46299],[73.05338,30.46185],[73.04957,30.45838],[73.04795,30.44733],[73.04317,30.44736],[73.0432,30.44997],[73.03612,30.45],[73.03603,30.45545],[73.03115,30.45539],[73.03143,30.45185],[73.02305,30.44422],[73.02201,30.43563],[73.01848,30.43329],[73.01536,30.43325],[73.01538,30.4306],[73.01178,30.4306],[73.00968,30.42592],[73.01093,30.42018],[73.01541,30.4119],[73.01359,30.41015],[73.00477,30.41183],[72.99187,30.41944],[72.98837,30.41754],[72.98973,30.4157],[72.98985,30.40886],[72.99402,30.40481],[72.9933,30.40184],[72.98944,30.40172],[72.98735,30.40392],[72.9776,30.40428],[72.97409,30.41403],[72.97923,30.41557],[72.98014,30.41774],[72.96946,30.41888],[72.96483,30.42156],[72.95992,30.4263],[72.95844,30.43173],[72.94388,30.44372],[72.93994,30.44886],[72.93068,30.44241],[72.93274,30.43607],[72.93628,30.43493],[72.94068,30.43658],[72.94679,30.4335],[72.93999,30.4311],[72.93805,30.42773],[72.93154,30.42625],[72.92577,30.42259],[72.92526,30.41968],[72.92943,30.41568],[72.92851,30.41408],[72.92383,30.41237],[72.91966,30.41403],[72.92269,30.41968],[72.92018,30.42208],[72.92246,30.43087],[72.922,30.43327],[72.92023,30.43379],[72.90636,30.42796],[72.9099,30.42345],[72.90984,30.42511],[72.91504,30.42682],[72.91241,30.417],[72.9103,30.41688],[72.90796,30.42037],[72.90093,30.41797],[72.89882,30.41488],[72.89556,30.41642],[72.88888,30.4142],[72.88922,30.41859],[72.88694,30.42014],[72.87787,30.41695],[72.88251,30.40476],[72.88209,30.4025],[72.87924,30.40029],[72.87026,30.40214],[72.87014,30.40749],[72.86318,30.40815],[72.86562,30.40601],[72.86508,30.40244],[72.86895,30.39911],[72.88215,30.39554],[72.88209,30.39119],[72.87971,30.3881],[72.87579,30.38762],[72.87359,30.38899],[72.87549,30.39482],[72.86776,30.39238],[72.86585,30.3887],[72.86318,30.38727],[72.86068,30.38977],[72.86133,30.3925],[72.85646,30.39589],[72.85306,30.39304],[72.8467,30.39238],[72.84069,30.4016],[72.83843,30.4022],[72.83343,30.39893],[72.82771,30.39128],[72.81927,30.39568],[72.81397,30.3955],[72.81147,30.39425],[72.8107,30.39133],[72.81391,30.38735],[72.81802,30.38711],[72.81992,30.37634],[72.82313,30.37504],[72.82587,30.37789],[72.82986,30.37801],[72.832,30.37432],[72.83158,30.36814],[72.82078,30.36526],[72.8115,30.36487],[72.80952,30.3609],[72.80449,30.36439],[72.79898,30.36442],[72.78922,30.35799],[72.79021,30.35353],[72.79357,30.35102],[72.79499,30.35236],[72.79369,30.35807],[72.79602,30.35864],[72.79953,30.3553],[72.79998,30.34567],[72.79478,30.34141],[72.78704,30.34325],[72.78425,30.34159],[72.78718,30.33698],[72.78703,30.33143],[72.78482,30.32841],[72.7783,30.32788],[72.77728,30.33336],[72.77333,30.33466],[72.76791,30.33129],[72.77014,30.32377],[72.76669,30.32118],[72.76176,30.32044],[72.75133,30.32215],[72.73995,30.32066],[72.73378,30.32288],[72.72561,30.33414],[72.71901,30.33384],[72.70904,30.32484],[72.71329,30.3134],[72.71167,30.30627],[72.70849,30.30108],[72.69901,30.29202],[72.69569,30.29274],[72.68457,30.30054],[72.68237,30.30951],[72.68393,30.31622],[72.68005,30.31729],[72.67799,30.32041],[72.67319,30.32265],[72.66886,30.32252],[72.66561,30.32043],[72.666,30.31232],[72.66198,30.30533],[72.65834,30.30503],[72.64796,30.31045],[72.64404,30.30757],[72.64846,30.30413],[72.64864,30.30229],[72.64209,30.29704],[72.63648,30.2989],[72.63591,30.29704],[72.64038,30.29104],[72.63252,30.2863],[72.63251,30.28392],[72.63564,30.28254],[72.63604,30.28072],[72.62876,30.28265],[72.62665,30.27892],[72.62341,30.2819],[72.62107,30.28204],[72.61997,30.27641],[72.62515,30.27245],[72.62021,30.26663],[72.62574,30.26804],[72.62636,30.26215],[72.61703,30.25869],[72.61612,30.25641],[72.62108,30.25614],[72.62185,30.25276],[72.61961,30.2514],[72.60967,30.25319],[72.6031,30.25218],[72.60507,30.25018],[72.59878,30.24333],[72.60192,30.23861],[72.60101,30.23639],[72.59168,30.24117],[72.58701,30.24126],[72.58495,30.23842],[72.58932,30.23372],[72.58976,30.22991],[72.58849,30.22846],[72.5826,30.22781],[72.58125,30.22958],[72.58221,30.23783],[72.58047,30.23893],[72.57744,30.23643],[72.57612,30.237],[72.57101,30.24359],[72.57285,30.24684],[72.57697,30.24442],[72.57361,30.25241],[72.57212,30.26252],[72.56532,30.26246],[72.56114,30.26494],[72.5554,30.2655],[72.55211,30.26036],[72.54952,30.25948],[72.54302,30.26359],[72.54429,30.26797],[72.5433,30.26885],[72.54186,30.26861],[72.54091,30.26558],[72.53481,30.26493],[72.5352,30.25772],[72.52948,30.26095],[72.51932,30.26064],[72.5173,30.25863],[72.5198,30.24406],[72.51355,30.23326],[72.51461,30.2296],[72.50789,30.22856],[72.50843,30.22636],[72.51795,30.22458],[72.51835,30.22261],[72.5165,30.21942],[72.51112,30.21609],[72.51089,30.21328],[72.50411,30.20946],[72.50004,30.21027],[72.49851,30.20833],[72.49815,30.19324],[72.50107,30.18649],[72.49948,30.18384],[72.49047,30.18187],[72.48158,30.18564],[72.47177,30.17197],[72.4664,30.17234],[72.45318,30.17901],[72.4523,30.1815],[72.4577,30.18494],[72.45467,30.19061],[72.44979,30.18801],[72.44441,30.18922],[72.43908,30.18816],[72.41372,30.19649],[72.40974,30.19641],[72.40388,30.19988],[72.40448,30.20824],[72.40942,30.21395],[72.41294,30.21569],[72.41482,30.22276],[72.40736,30.22954],[72.39934,30.22905],[72.39773,30.24071],[72.40065,30.24884],[72.40245,30.26259],[72.40208,30.27897],[72.3938,30.2876],[72.39394,30.29627],[72.40278,30.30602],[72.40312,30.32361],[72.41469,30.33017],[72.41969,30.33525],[72.4228,30.34246],[72.42432,30.35165],[72.43885,30.37511],[72.43811,30.38898],[72.44047,30.40947],[72.43743,30.42346],[72.43929,30.44266],[72.45122,30.45899],[72.46881,30.47707],[72.48308,30.50096],[72.48158,30.51415],[72.47878,30.51816],[72.47958,30.52561],[72.4769,30.53518],[72.47728,30.53903],[72.47947,30.54153],[72.49302,30.54461],[72.50106,30.54959],[72.50107,30.55401],[72.49454,30.56275],[72.49721,30.57809],[72.47979,30.58063],[72.48765,30.5824],[72.49699,30.59032],[72.49913,30.59311],[72.49902,30.59562],[72.50504,30.60247],[72.5169,30.59882],[72.51963,30.60524],[72.52566,30.60622],[72.52711,30.6051],[72.52304,30.60324],[72.52254,30.60153],[72.52461,30.59789],[72.53011,30.59803],[72.53659,30.60369],[72.53463,30.60702],[72.53704,30.61157],[72.54138,30.61618],[72.54727,30.61743],[72.5531,30.60767],[72.56083,30.60535],[72.56229,30.60339],[72.55991,30.59408],[72.56479,30.59473],[72.57065,30.59792],[72.57511,30.5958],[72.58177,30.58739],[72.57686,30.58429],[72.56511,30.58956],[72.55806,30.58881],[72.55857,30.58379],[72.56395,30.57971],[72.56282,30.57677],[72.56573,30.57454],[72.57554,30.57552],[72.5751,30.57698],[72.58714,30.57665],[72.59851,30.57423],[72.60848,30.57655],[72.61646,30.57272],[72.62375,30.57797],[72.62881,30.58852],[72.63214,30.58696],[72.63478,30.58117],[72.6319,30.5782],[72.63152,30.57482],[72.63571,30.5727],[72.64255,30.57521],[72.64259,30.5729],[72.6487,30.57301],[72.64953,30.57867],[72.65743,30.58174],[72.6876,30.57543],[72.69348,30.58239],[72.70125,30.58468],[72.70553,30.57914],[72.71421,30.58681],[72.71306,30.59033],[72.70986,30.59044],[72.70956,30.59386],[72.70543,30.59473],[72.70541,30.59602],[72.73364,30.59605],[72.73193,30.60019],[72.73718,30.6111],[72.73334,30.61793],[72.74146,30.62241],[72.74085,30.62369],[72.74575,30.62849],[72.75041,30.63116],[72.75308,30.63097],[72.75779,30.63891],[72.75331,30.6432],[72.74056,30.63563],[72.73918,30.63758],[72.74246,30.64629],[72.74603,30.64957],[72.75846,30.65129],[72.76182,30.65825],[72.76124,30.66072],[72.75639,30.65971],[72.75148,30.65341],[72.7337,30.65513],[72.73129,30.66188],[72.73387,30.66284],[72.7315,30.66473],[72.73043,30.66225],[72.72549,30.66128],[72.72374,30.66428],[72.72912,30.66804],[72.72882,30.67595],[72.73322,30.67955],[72.74958,30.67693],[72.75217,30.66997],[72.75624,30.67057],[72.75526,30.67449],[72.75826,30.67652],[72.75574,30.6827],[72.74699,30.68844],[72.74892,30.6894],[72.75424,30.70001],[72.7579,30.69668],[72.7692,30.69933],[72.76768,30.70201],[72.76167,30.70097],[72.76539,30.70406],[72.76417,30.70828],[72.76953,30.71072],[72.77092,30.70662],[72.77598,30.70778],[72.77423,30.71278],[72.78243,30.71413],[72.78336,30.70882],[72.78325,30.71228],[72.78662,30.71083],[72.7869,30.70357],[72.78859,30.70759],[72.79244,30.70722],[72.79263,30.70509],[72.7964,30.70582],[72.79691,30.70764],[72.80086,30.70942],[72.8,30.7118],[72.80678,30.71019],[72.8165,30.70362],[72.81923,30.70628],[72.81197,30.71207],[72.81139,30.71565],[72.82046,30.71658],[72.82057,30.72023],[72.82323,30.72064],[72.82392,30.71644],[72.82207,30.71388],[72.82888,30.712],[72.83545,30.71445],[72.8423,30.71321],[72.84158,30.71024],[72.85889,30.70712],[72.85714,30.70037],[72.85369,30.69768],[72.85422,30.69415],[72.85628,30.69211],[72.87629,30.69176],[72.87832,30.70039],[72.87661,30.71617],[72.88604,30.71414],[72.89302,30.7147],[72.89586,30.71869],[72.89645,30.72364],[72.89473,30.72586],[72.89789,30.72799],[72.89875,30.73126],[72.90385,30.73382],[72.89818,30.73748],[72.8861,30.74057],[72.88645,30.74548],[72.88959,30.74839],[72.89726,30.7441],[72.89864,30.74699],[72.90609,30.74528],[72.90901,30.75528],[72.90742,30.75869],[72.92732,30.75983],[72.92896,30.76462],[72.93599,30.76749],[72.93272,30.77202],[72.93288,30.77388],[72.93548,30.77552],[72.93907,30.77417],[72.93727,30.76999],[72.94447,30.76715],[72.94777,30.77751],[72.94669,30.78093],[72.95162,30.7827],[72.95633,30.77984],[72.95316,30.76836],[72.95309,30.7632],[72.95477,30.76048],[72.97362,30.7645],[72.97355,30.7687],[72.97141,30.77064],[72.9728,30.7809],[72.97813,30.78899],[72.97474,30.79383],[72.96555,30.79637],[72.96844,30.79886],[72.97444,30.79971],[72.98375,30.79708],[72.98191,30.78885],[72.97895,30.78523],[72.97579,30.76871],[72.9808,30.76874],[72.98014,30.77057],[72.98994,30.77277],[72.99499,30.78019],[72.99837,30.77913],[72.99979,30.77526],[72.99744,30.77134],[73.00243,30.77029],[73.00167,30.77161],[73.00967,30.77706],[73.00936,30.77877],[73.00012,30.78326],[73.00719,30.79438],[73.00311,30.79465],[73.00279,30.79634],[73.0091,30.79934],[73.01104,30.80498],[73.01437,30.80828],[73.02607,30.81319],[73.02943,30.80733],[73.03013,30.81035],[73.03358,30.81116],[73.03652,30.80156],[73.04713,30.80098],[73.06057,30.8058],[73.06241,30.80994],[73.06128,30.81502],[73.06543,30.81583],[73.06681,30.80986],[73.07469,30.81146],[73.07388,30.81455],[73.0781,30.81659],[73.07881,30.81401],[73.08232,30.81366],[73.08668,30.82058],[73.09278,30.82081],[73.09502,30.82321],[73.09752,30.8318],[73.10639,30.82969],[73.10813,30.83187],[73.10728,30.83628],[73.10327,30.84032],[73.10361,30.84825],[73.10075,30.85182],[73.09419,30.85527],[73.09293,30.83855],[73.08937,30.83984],[73.09335,30.86263],[73.09862,30.86734],[73.09873,30.86599],[73.10133,30.86637],[73.10232,30.86338],[73.12274,30.86597],[73.12734,30.84391],[73.1317,30.84494],[73.13543,30.84005],[73.14365,30.84114],[73.14301,30.84237],[73.14748,30.84776],[73.14592,30.85709],[73.1422,30.85863],[73.15381,30.86011],[73.15664,30.86325],[73.1561,30.86505],[73.15121,30.86516],[73.14181,30.8616],[73.14029,30.8724],[73.15171,30.87344],[73.15358,30.87668],[73.14644,30.88114],[73.13486,30.88074],[73.13197,30.88737],[73.13233,30.89121],[73.13459,30.89585],[73.13985,30.89865],[73.14562,30.89832],[73.15076,30.89347],[73.16261,30.89668],[73.15877,30.90993],[73.15565,30.91162],[73.15179,30.91032],[73.14809,30.91405],[73.15784,30.92112],[73.16125,30.92095],[73.16966,30.91466],[73.17101,30.90276],[73.17733,30.901],[73.1806,30.9065],[73.18372,30.90786],[73.18963,30.90412],[73.19271,30.90557],[73.19918,30.92456],[73.20536,30.92459],[73.21362,30.92811],[73.21288,30.93026],[73.21462,30.93126],[73.21253,30.9345],[73.21755,30.93772],[73.21792,30.93554]],[[73.08647,30.6935],[73.09031,30.68389],[73.07722,30.68392],[73.07719,30.68119],[73.04559,30.68124],[73.04571,30.67563],[73.07367,30.66759],[73.07378,30.66175],[73.05595,30.66194],[73.05619,30.64193],[73.08383,30.64918],[73.08567,30.6436],[73.09129,30.64536],[73.09116,30.63783],[73.09469,30.63753],[73.09452,30.6321],[73.09823,30.63219],[73.09832,30.6457],[73.11902,30.64594],[73.11867,30.65345],[73.12258,30.65464],[73.12261,30.66037],[73.14379,30.66637],[73.14551,30.67533],[73.1359,30.68996],[73.13751,30.69577],[73.13539,30.70244],[73.12792,30.70852],[73.12566,30.7086],[73.12227,30.70591],[73.12225,30.70312],[73.10675,30.7029],[73.08647,30.6935]],[[72.69657,30.54344],[72.69655,30.54073],[72.69128,30.54069],[72.69137,30.53726],[72.68651,30.53471],[72.66367,30.52806],[72.67085,30.52649],[72.68281,30.51949],[72.68281,30.52372],[72.68696,30.52464],[72.68814,30.52157],[72.68972,30.52161],[72.68782,30.51843],[72.69685,30.51988],[72.70845,30.52513],[72.70827,30.53099],[72.70208,30.5309],[72.70001,30.53421],[72.7001,30.54347],[72.69657,30.54344]]]]}},{"type":"Feature","properties":{"name":"Municipal Corporation Sahiwal","district":"Sahiwal"},"geometry":{"type":"MultiPolygon","coordinates":[[[[73.04911,30.68118],[73.07719,30.68119],[73.07722,30.68392],[73.09031,30.68389],[73.08647,30.6935],[73.10675,30.7029],[73.12225,30.70312],[73.12227,30.70591],[73.12566,30.7086],[73.12792,30.70852],[73.13539,30.70244],[73.13751,30.69577],[73.1359,30.68996],[73.14557,30.67474],[73.14364,30.67078],[73.14379,30.66637],[73.12261,30.66037],[73.12258,30.65464],[73.11867,30.65345],[73.11902,30.64594],[73.09832,30.6457],[73.09823,30.63219],[73.09452,30.6321],[73.09469,30.63753],[73.09116,30.63783],[73.09129,30.64536],[73.08567,30.6436],[73.08383,30.64918],[73.05619,30.64193],[73.05595,30.66194],[73.07378,30.66175],[73.07367,30.66759],[73.04571,30.67563],[73.04559,30.68124],[73.04911,30.68118]]]]}},{"type":"Feature","properties":{"name":"Municipal Committee Chichawatni","district":"Sahiwal"},"geometry":{"type":"MultiPolygon","coordinates":[[[[72.6642,30.52821],[72.68651,30.53471],[72.69137,30.53726],[72.69128,30.54069],[72.69655,30.54073],[72.69657,30.54344],[72.7001,30.54347],[72.70001,30.53421],[72.70208,30.5309],[72.70827,30.53099],[72.70845,30.52513],[72.69685,30.51988],[72.68782,30.51843],[72.68972,30.52161],[72.68814,30.52157],[72.68696,30.52464],[72.68281,30.52372],[72.68281,30.51949],[72.67085,30.52649],[72.6642,30.52821]]]]}},{"type":"Feature","properties":{"name":"Municipal Committee Kameer","district":"Sahiwal"},"geometry":{"type":"MultiPolygon","coordinates":[[[[73.03115,30.45539],[73.03603,30.45545],[73.03612,30.45],[73.0432,30.44997],[73.04317,30.44736],[73.0551,30.44792],[73.05768,30.44584],[73.05366,30.44267],[73.05062,30.43643],[73.05138,30.43093],[73.05509,30.4283],[73.04334,30.41899],[73.0398,30.42076],[73.0367,30.41996],[73.03908,30.41456],[73.03868,30.4118],[73.03638,30.4102],[73.03398,30.41176],[73.03436,30.4145],[73.02577,30.41536],[73.01866,30.42606],[73.01565,30.42809],[73.01175,30.42783],[73.01178,30.4306],[73.01538,30.4306],[73.01536,30.43325],[73.01848,30.43329],[73.02201,30.43563],[73.02305,30.44422],[73.03143,30.45185],[73.03115,30.45539]]]]}},{"type":"Feature","properties":{"name":"District Council Okara","district":"Okara"},"geometry":{"type":"MultiPolygon","coordinates":[[[[73.62996,31.1392],[73.63081,31.13721],[73.63867,31.13763],[73.63867,31.13992],[73.64109,31.14063],[73.64352,31.13906],[73.64409,31.13421],[73.65261,31.12458],[73.65332,31.11958],[73.65737,31.11625],[73.65768,31.10538],[73.66189,31.10435],[73.66284,31.10031],[73.65784,31.0965],[73.6488,31.09293],[73.64309,31.08793],[73.64143,31.07747],[73.64618,31.0777],[73.64523,31.07223],[73.6419,31.06937],[73.64238,31.06485],[73.65128,31.06159],[73.6538,31.06283],[73.69853,31.04439],[73.69758,31.03916],[73.70044,31.01679],[73.70757,31.00608],[73.71447,30.99752],[73.72375,30.99204],[73.7397,30.99204],[73.7397,30.97182],[73.72542,30.94326],[73.74493,30.92732],[73.75588,30.92423],[73.76206,30.91923],[73.76577,30.92274],[73.78633,30.93137],[73.79395,30.93137],[73.79908,30.92729],[73.80323,30.91281],[73.81513,30.89996],[73.82317,30.87909],[73.82536,30.85832],[73.83702,30.85308],[73.84859,30.85516],[73.86414,30.8538],[73.8639,30.85023],[73.89079,30.84785],[73.89412,30.85403],[73.90871,30.85358],[73.92222,30.84271],[73.91935,30.83595],[73.93791,30.82453],[73.95076,30.82738],[73.95052,30.82072],[73.96241,30.8112],[73.96313,30.79835],[73.96551,30.80288],[73.96813,30.80288],[73.96908,30.80906],[73.98026,30.80978],[73.98097,30.81977],[73.98978,30.81501],[73.99025,30.80549],[73.9855,30.80525],[73.98621,30.8005],[73.9896,30.79931],[73.99121,30.79193],[74.00025,30.79241],[74.00215,30.78693],[74.00667,30.78408],[74.00762,30.78051],[74.0131,30.78075],[74.02214,30.77742],[74.03094,30.77694],[74.03832,30.78194],[74.04808,30.77218],[74.05164,30.76147],[74.05569,30.75743],[74.04879,30.73911],[74.06711,30.72935],[74.06949,30.72388],[74.07377,30.72055],[74.07425,30.71721],[74.08163,30.71246],[74.08662,30.70579],[74.08567,30.70199],[74.09091,30.7008],[74.09091,30.69033],[74.08876,30.68676],[74.08948,30.67653],[74.10161,30.66772],[74.10828,30.67105],[74.11494,30.67082],[74.11518,30.66035],[74.11137,30.65392],[74.11184,30.64892],[74.12208,30.64512],[74.13255,30.63726],[74.1285,30.63132],[74.12779,30.62418],[74.12136,30.62227],[74.11815,30.60827],[74.1059,30.61966],[74.0959,30.61014],[74.10233,30.61014],[74.1028,30.60419],[74.09614,30.60086],[74.09947,30.58944],[74.09614,30.5873],[74.10209,30.57849],[74.07398,30.55425],[74.08186,30.5478],[74.09019,30.54851],[74.08972,30.54542],[74.07496,30.52567],[74.06164,30.51758],[74.05434,30.52245],[74.04742,30.53923],[74.04403,30.54161],[74.03951,30.54161],[74.03856,30.53304],[74.03427,30.52805],[74.03071,30.52638],[74.02309,30.52662],[74.01197,30.53396],[74.01119,30.52139],[74.01918,30.51416],[73.99378,30.5139],[73.98021,30.50099],[73.97717,30.49545],[73.98634,30.46557],[73.98645,30.45428],[73.98335,30.45],[73.97709,30.44945],[73.97407,30.44691],[73.97304,30.41791],[73.94759,30.41692],[73.93814,30.40217],[73.92339,30.3986],[73.92006,30.3948],[73.91911,30.38814],[73.91149,30.37909],[73.89579,30.37576],[73.89912,30.37148],[73.89508,30.36601],[73.89174,30.36791],[73.88556,30.36601],[73.88032,30.35839],[73.87342,30.35958],[73.87318,30.35506],[73.85796,30.35554],[73.85915,30.37767],[73.8413,30.36505],[73.82702,30.36315],[73.82574,30.35872],[73.81947,30.35867],[73.8187,30.35173],[73.81394,30.3516],[73.81223,30.35616],[73.80918,30.34911],[73.80418,30.34626],[73.78776,30.34864],[73.78491,30.35577],[73.78253,30.35744],[73.77444,30.35815],[73.76635,30.35482],[73.75278,30.36101],[73.75064,30.35768],[73.7435,30.35577],[73.74422,30.35173],[73.73851,30.35125],[73.73589,30.34507],[73.7366,30.33793],[73.74208,30.33365],[73.73446,30.31842],[73.7297,30.32484],[73.72661,30.32127],[73.7259,30.32817],[73.71709,30.3277],[73.6971,30.31413],[73.67593,30.31175],[73.6764,30.30676],[73.67331,30.30676],[73.67188,30.31342],[73.66308,30.31318],[73.6626,30.30771],[73.64262,30.30509],[73.64285,30.31128],[73.63365,30.31102],[73.6262,30.31461],[73.62739,30.34221],[73.62548,30.35982],[73.62715,30.36696],[73.63,30.36862],[73.64024,30.36886],[73.64143,30.37862],[73.63905,30.3848],[73.6262,30.39218],[73.62786,30.3967],[73.63143,30.40027],[73.62953,30.40503],[73.62025,30.40551],[73.61977,30.40812],[73.60746,30.41405],[73.60734,30.4196],[73.61114,30.42835],[73.60715,30.43026],[73.59401,30.43026],[73.59382,30.42778],[73.58506,30.43026],[73.58316,30.42816],[73.58316,30.42226],[73.56926,30.41922],[73.56241,30.41903],[73.55937,30.42017],[73.5586,30.42264],[73.5607,30.42302],[73.56146,30.42778],[73.57783,30.44815],[73.57726,30.45748],[73.59154,30.45786],[73.59706,30.46395],[73.60105,30.46509],[73.60467,30.47175],[73.61,30.47137],[73.61,30.47613],[73.60467,30.47613],[73.6022,30.48679],[73.61104,30.49329],[73.61419,30.49802],[73.61395,30.50203],[73.5977,30.50078],[73.59268,30.50491],[73.59129,30.5078],[73.59379,30.51242],[73.60315,30.51592],[73.60315,30.51782],[73.59591,30.52239],[73.59458,30.5201],[73.58735,30.5182],[73.56755,30.51896],[73.56622,30.52163],[73.57022,30.52924],[73.5685,30.54028],[73.5607,30.53785],[73.54109,30.53933],[73.53348,30.54371],[73.52986,30.5439],[73.52834,30.53895],[73.50359,30.53876],[73.48405,30.54104],[73.4804,30.54723],[73.47805,30.54921],[73.47424,30.54952],[73.47161,30.55627],[73.47301,30.55911],[73.46239,30.56142],[73.45426,30.56741],[73.45962,30.57512],[73.45067,30.57226],[73.45034,30.57961],[73.44517,30.5774],[73.44382,30.57474],[73.43716,30.57531],[73.43697,30.57912],[73.43373,30.57854],[73.43412,30.58507],[73.43792,30.58526],[73.44306,30.59758],[73.43723,30.59764],[73.4362,30.60272],[73.43848,30.61728],[73.44382,30.61852],[73.43563,30.64022],[73.42459,30.64269],[73.42326,30.64441],[73.42288,30.64898],[73.42554,30.65221],[73.42478,30.65393],[73.41907,30.65412],[73.41793,30.64936],[73.41279,30.64555],[73.4067,30.64384],[73.40213,30.63527],[73.40384,30.63127],[73.4166,30.63051],[73.41546,30.62556],[73.41641,30.62042],[73.40975,30.61985],[73.4048,30.62385],[73.40023,30.62404],[73.39851,30.62214],[73.39985,30.61414],[73.39623,30.61528],[73.39223,30.61833],[73.39166,30.62157],[73.39661,30.62423],[73.39718,30.62651],[73.3949,30.62766],[73.39242,30.6267],[73.38759,30.62024],[73.38671,30.61338],[73.38462,30.61167],[73.38519,30.60843],[73.38728,30.60767],[73.39337,30.61014],[73.39509,30.60177],[73.37948,30.5972],[73.377,30.59377],[73.37815,30.58787],[73.37605,30.5795],[73.38157,30.57302],[73.38138,30.57036],[73.36977,30.56979],[73.36996,30.56065],[73.37244,30.55837],[73.37148,30.55551],[73.36349,30.55247],[73.36044,30.55228],[73.35759,30.5557],[73.35378,30.55418],[73.35302,30.54047],[73.36158,30.53743],[73.3612,30.53457],[73.35606,30.53381],[73.34731,30.538],[73.34255,30.53533],[73.33874,30.53838],[73.33893,30.54257],[73.33684,30.54409],[73.33341,30.54028],[73.32922,30.53971],[73.32047,30.54542],[73.31495,30.54314],[73.30676,30.54295],[73.30581,30.53076],[73.30124,30.52886],[73.29591,30.52905],[73.29629,30.52277],[73.28792,30.52296],[73.28677,30.52753],[73.28792,30.53476],[73.29101,30.54209],[73.28006,30.54733],[73.27316,30.54637],[73.27055,30.55185],[73.2665,30.55494],[73.26531,30.55946],[73.27269,30.56065],[73.27507,30.56398],[73.28506,30.56708],[73.28911,30.57017],[73.29506,30.57088],[73.30053,30.58278],[73.306,30.58635],[73.32745,30.58579],[73.33449,30.59493],[73.33487,30.59912],[73.3324,30.60426],[73.31907,30.60445],[73.31393,30.60959],[73.31393,30.61415],[73.31488,30.61967],[73.31964,30.62386],[73.32497,30.62729],[73.33202,30.62862],[73.33563,30.63338],[73.33887,30.64442],[73.33392,30.64785],[73.33563,30.65432],[73.33164,30.6566],[73.32973,30.66403],[73.32288,30.66993],[73.32059,30.6745],[73.31127,30.68135],[73.30917,30.68497],[73.31127,30.68877],[73.30137,30.71181],[73.30118,30.71523],[73.30479,30.72323],[73.30841,30.72361],[73.31507,30.73065],[73.33202,30.73351],[73.33297,30.73617],[73.33601,30.73693],[73.33525,30.74303],[73.33925,30.74493],[73.33811,30.75445],[73.32878,30.75292],[73.32859,30.75825],[73.33164,30.76168],[73.33221,30.77957],[73.32897,30.78262],[73.32821,30.78814],[73.31507,30.78852],[73.31336,30.79119],[73.3067,30.79138],[73.30099,30.79709],[73.289,30.79613],[73.27564,30.78573],[73.25778,30.78624],[73.25568,30.78852],[73.25549,30.79442],[73.24141,30.81155],[73.24274,30.81765],[73.25657,30.81927],[73.25795,30.82103],[73.25548,30.82415],[73.25568,30.82773],[73.24562,30.82788],[73.23779,30.83249],[73.23531,30.84144],[73.23722,30.84334],[73.24217,30.84258],[73.25054,30.84582],[73.25435,30.8462],[73.25682,30.84372],[73.26444,30.84563],[73.26444,30.84829],[73.26787,30.84848],[73.26918,30.85912],[73.26647,30.86199],[73.24864,30.85549],[73.2461,30.85646],[73.24454,30.8595],[73.25908,30.87043],[73.25848,30.8745],[73.2636,30.87582],[73.26376,30.88325],[73.25441,30.8846],[73.25471,30.87917],[73.25275,30.87525],[73.23737,30.87465],[73.24506,30.88413],[73.23798,30.88008],[73.23684,30.88519],[73.23178,30.8936],[73.23577,30.90219],[73.2324,30.90284],[73.23255,30.91219],[73.23044,30.91415],[73.22561,30.91491],[73.22408,30.91706],[73.22396,30.93209],[73.21792,30.93554],[73.2174,30.93744],[73.22514,30.94149],[73.22755,30.94746],[73.2238,30.94961],[73.23168,30.95459],[73.24059,30.95638],[73.2408,30.96125],[73.24425,30.96302],[73.24423,30.96802],[73.24865,30.96797],[73.2489,30.97222],[73.26514,30.97406],[73.26448,30.97684],[73.26836,30.97962],[73.27175,30.97985],[73.27521,30.97728],[73.27572,30.98161],[73.27916,30.9806],[73.28042,30.98298],[73.2772,30.98827],[73.29299,30.98787],[73.29388,30.99319],[73.30169,30.99763],[73.30284,31.00812],[73.31943,31.01549],[73.3275,31.01228],[73.3269,31.00785],[73.33189,31.0009],[73.33748,30.99986],[73.34213,31.00224],[73.34711,31.0024],[73.34698,31.00525],[73.35366,31.01239],[73.35524,31.01728],[73.36058,31.02166],[73.36496,31.02147],[73.36324,31.03385],[73.36648,31.04013],[73.36324,31.04508],[73.36558,31.04949],[73.37162,31.04908],[73.37309,31.05093],[73.38037,31.04946],[73.38332,31.03673],[73.38951,31.04641],[73.38865,31.05561],[73.39408,31.05764],[73.39789,31.06316],[73.39418,31.06288],[73.39433,31.07895],[73.4089,31.08058],[73.41649,31.084],[73.4202,31.08668],[73.41901,31.09397],[73.4211,31.09649],[73.43491,31.09561],[73.44787,31.09709],[73.45485,31.10928],[73.46006,31.11241],[73.46809,31.11211],[73.4724,31.1072],[73.48593,31.10712],[73.4905,31.10884],[73.49738,31.10493],[73.50175,31.10674],[73.50205,31.11005],[73.51125,31.10508],[73.5212,31.10885],[73.52663,31.11367],[73.53175,31.11382],[73.5307,31.12061],[73.53658,31.12091],[73.5433,31.11208],[73.55158,31.11379],[73.55672,31.11222],[73.55843,31.10994],[73.56143,31.11008],[73.56171,31.1008],[73.56557,31.10208],[73.56714,31.10508],[73.57481,31.11127],[73.58677,31.11283],[73.58741,31.12279],[73.58399,31.12564],[73.58941,31.13464],[73.59255,31.13521],[73.60012,31.13235],[73.6024,31.13406],[73.6024,31.13663],[73.59566,31.13842],[73.59669,31.13927],[73.60811,31.14206],[73.60954,31.14534],[73.62182,31.14577],[73.62996,31.1392]],[[73.60352,30.8884],[73.59541,30.88436],[73.59526,30.88826],[73.59192,30.88822],[73.59256,30.88495],[73.58821,30.88307],[73.58995,30.8808],[73.58215,30.87688],[73.58365,30.87356],[73.57821,30.87034],[73.58104,30.86973],[73.58466,30.87152],[73.58472,30.86962],[73.60301,30.86945],[73.60295,30.87487],[73.60848,30.87485],[73.60911,30.88017],[73.61756,30.88329],[73.61956,30.88889],[73.61525,30.89527],[73.61276,30.89626],[73.60352,30.8884]],[[73.49521,30.83388],[73.4867,30.83082],[73.47747,30.8302],[73.46314,30.8324],[73.44779,30.83118],[73.43395,30.82704],[73.42498,30.82252],[73.42288,30.8207],[73.42183,30.81377],[73.43402,30.79367],[73.43555,30.78624],[73.44362,30.78331],[73.45285,30.78375],[73.45218,30.79423],[73.46989,30.79546],[73.46967,30.80045],[73.46261,30.80416],[73.4693,30.8045],[73.46939,30.81758],[73.49836,30.83166],[73.49651,30.83445],[73.49521,30.83388]],[[73.80802,30.76599],[73.80801,30.76443],[73.79809,30.7644],[73.79664,30.75779],[73.79451,30.75783],[73.79461,30.7537],[73.80149,30.75508],[73.80154,30.75721],[73.80854,30.75667],[73.80859,30.74957],[73.81212,30.74953],[73.81051,30.72649],[73.81749,30.72476],[73.81905,30.73028],[73.82617,30.73015],[73.82584,30.73242],[73.83861,30.73132],[73.8387,30.74672],[73.82973,30.74671],[73.82905,30.75112],[73.83061,30.75556],[73.82818,30.7522],[73.81977,30.75333],[73.81913,30.75169],[73.81481,30.7517],[73.81205,30.75503],[73.81205,30.75912],[73.80999,30.75911],[73.81113,30.76411],[73.80802,30.76599]],[[73.62641,30.70802],[73.62646,30.70647],[73.62361,30.70655],[73.62355,30.70419],[73.62645,30.70399],[73.6264,30.701],[73.62959,30.70079],[73.63055,30.69821],[73.63333,30.69823],[73.63339,30.69529],[73.63676,30.69524],[73.63683,30.69086],[73.63962,30.68771],[73.63893,30.68611],[73.64099,30.68611],[73.64093,30.68283],[73.6426,30.68289],[73.64267,30.68128],[73.64026,30.68121],[73.64022,30.67868],[73.63904,30.67852],[73.63736,30.67066],[73.62644,30.66962],[73.62641,30.66553],[73.63127,30.66535],[73.63041,30.65443],[73.63653,30.65508],[73.6366,30.65379],[73.6398,30.65385],[73.6556,30.66195],[73.65671,30.65917],[73.6532,30.65444],[73.6529,30.64735],[73.65548,30.64634],[73.65575,30.65129],[73.65758,30.65131],[73.65851,30.65691],[73.66129,30.65677],[73.66472,30.66157],[73.66969,30.66152],[73.67005,30.6764],[73.66002,30.67845],[73.66064,30.68311],[73.65931,30.68305],[73.65925,30.68712],[73.65727,30.68721],[73.65647,30.69267],[73.65225,30.69269],[73.65217,30.67961],[73.64802,30.67889],[73.64677,30.68609],[73.64384,30.68685],[73.64326,30.69546],[73.63888,30.69561],[73.63887,30.70085],[73.63345,30.70139],[73.6333,30.70888],[73.62637,30.70918],[73.62641,30.70802]],[[74.01329,30.67578],[74.01185,30.67301],[74.00983,30.67413],[74.0057,30.66671],[73.99514,30.67316],[73.98675,30.67203],[73.98114,30.66565],[73.9815,30.65307],[73.96567,30.644],[73.9651,30.63214],[73.96255,30.62996],[73.95697,30.62873],[73.95839,30.6257],[73.96116,30.6229],[73.96815,30.62561],[73.96984,30.62296],[73.98293,30.62947],[74.00454,30.63076],[74.01542,30.6239],[74.01858,30.62955],[74.01866,30.63446],[74.02637,30.64094],[74.03184,30.64086],[74.03425,30.64494],[74.03757,30.64474],[74.0398,30.64091],[74.04381,30.64136],[74.04407,30.63925],[74.06342,30.64745],[74.06335,30.66401],[74.04747,30.66525],[74.04264,30.66418],[74.03573,30.66854],[74.03502,30.67396],[74.03305,30.67566],[74.02804,30.67559],[74.02513,30.66885],[74.0196,30.67093],[74.0164,30.67574],[74.01329,30.67578]],[[73.84168,30.59961],[73.8388,30.59802],[73.81625,30.59829],[73.81631,30.59215],[73.81988,30.59269],[73.82212,30.56431],[73.83246,30.56585],[73.84086,30.563],[73.84915,30.56646],[73.85188,30.56527],[73.85208,30.5994],[73.84872,30.59943],[73.84869,30.60338],[73.84168,30.59961]],[[73.70796,30.4715],[73.69883,30.46478],[73.6639,30.45287],[73.66291,30.44774],[73.67842,30.44743],[73.67819,30.44111],[73.69077,30.44336],[73.69087,30.44154],[73.6933,30.44161],[73.69331,30.43988],[73.69645,30.43975],[73.6965,30.44254],[73.70313,30.44246],[73.70372,30.43734],[73.71541,30.44253],[73.71578,30.4463],[73.70943,30.4471],[73.70912,30.44561],[73.70383,30.44745],[73.71956,30.46158],[73.71476,30.46428],[73.70553,30.46438],[73.70796,30.4715]]]]}},{"type":"Feature","properties":{"name":"Municipal Committee Mandi Ahmadabad","district":"Okara"},"geometry":{"type":"MultiPolygon","coordinates":[[[[74.06335,30.66401],[74.06342,30.64745],[74.04407,30.63925],[74.04381,30.64136],[74.0398,30.64091],[74.03757,30.64474],[74.03425,30.64494],[74.03184,30.64086],[74.02637,30.64094],[74.01866,30.63446],[74.01858,30.62955],[74.01542,30.6239],[74.00454,30.63076],[73.98293,30.62947],[73.96984,30.62296],[73.96815,30.62561],[73.96116,30.6229],[73.95697,30.62873],[73.96255,30.62996],[73.9651,30.63214],[73.96567,30.644],[73.9815,30.65307],[73.98114,30.66565],[73.98805,30.67265],[73.99514,30.67316],[74.0057,30.66671],[74.00983,30.67413],[74.01185,30.67301],[74.01329,30.67578],[74.0164,30.67574],[74.0196,30.67093],[74.02513,30.66885],[74.02804,30.67559],[74.03305,30.67566],[74.03502,30.67396],[74.03573,30.66854],[74.04264,30.66418],[74.04747,30.66525],[74.06335,30.66401]]]]}},{"type":"Feature","properties":{"name":"Municipal Committee Basir Pur","district":"Okara"},"geometry":{"type":"MultiPolygon","coordinates":[[[[73.85218,30.59251],[73.85188,30.56527],[73.84915,30.56646],[73.84086,30.563],[73.83246,30.56585],[73.82212,30.56431],[73.81988,30.59269],[73.81631,30.59215],[73.81625,30.59829],[73.8388,30.59802],[73.84869,30.60338],[73.84872,30.59943],[73.85208,30.5994],[73.85218,30.59251]]]]}},{"type":"Feature","properties":{"name":"Municipal Committee Depalpur","district":"Okara"},"geometry":{"type":"MultiPolygon","coordinates":[[[[73.64325,30.69518],[73.64384,30.68685],[73.64677,30.68609],[73.64802,30.67889],[73.65217,30.67961],[73.65225,30.69269],[73.65647,30.69267],[73.65727,30.68721],[73.65925,30.68712],[73.65931,30.68305],[73.66064,30.68311],[73.66002,30.67845],[73.67005,30.6764],[73.66969,30.66152],[73.66472,30.66157],[73.66129,30.65677],[73.65851,30.65691],[73.65758,30.65131],[73.65575,30.65129],[73.65548,30.64634],[73.6529,30.64735],[73.6532,30.65444],[73.65671,30.65917],[73.6556,30.66195],[73.6398,30.65385],[73.6366,30.65379],[73.63653,30.65508],[73.63041,30.65443],[73.63127,30.66535],[73.62641,30.66553],[73.62644,30.66962],[73.63736,30.67066],[73.63904,30.67852],[73.64022,30.67868],[73.64026,30.68121],[73.64267,30.68128],[73.6426,30.68289],[73.64093,30.68283],[73.64099,30.68611],[73.63893,30.68611],[73.63962,30.68771],[73.63683,30.69086],[73.63676,30.69524],[73.63339,30.69529],[73.63333,30.69823],[73.63055,30.69821],[73.62959,30.70079],[73.6264,30.701],[73.62645,30.70399],[73.62355,30.70419],[73.62361,30.70655],[73.62646,30.70647],[73.62637,30.70918],[73.6333,30.70888],[73.63345,30.70139],[73.63887,30.70085],[73.63888,30.69561],[73.64325,30.69518]]]]}},{"type":"Feature","properties":{"name":"Municipal Committee Haveli Lakha","district":"Okara"},"geometry":{"type":"MultiPolygon","coordinates":[[[[73.70883,30.43966],[73.70372,30.43734],[73.70313,30.44246],[73.6965,30.44254],[73.69645,30.43975],[73.69331,30.43988],[73.6933,30.44161],[73.69087,30.44154],[73.69077,30.44336],[73.67819,30.44111],[73.67842,30.44743],[73.66291,30.44774],[73.66272,30.45088],[73.66438,30.45092],[73.6639,30.45287],[73.69883,30.46478],[73.70796,30.4715],[73.70553,30.46438],[73.71476,30.46428],[73.71956,30.46158],[73.70383,30.44745],[73.70912,30.44561],[73.70943,30.4471],[73.71578,30.4463],[73.71541,30.44253],[73.70883,30.43966]]]]}},{"type":"Feature","properties":{"name":"Municipal Committee Hujra Shah Muqeem","district":"Okara"},"geometry":{"type":"MultiPolygon","coordinates":[[[[73.83061,30.75556],[73.82905,30.75112],[73.82973,30.74671],[73.8387,30.74672],[73.83861,30.73132],[73.82584,30.73242],[73.82617,30.73015],[73.81905,30.73028],[73.81749,30.72476],[73.81564,30.72481],[73.81544,30.72595],[73.81051,30.72649],[73.81212,30.74953],[73.80859,30.74957],[73.80854,30.75667],[73.80154,30.75721],[73.80149,30.75508],[73.79461,30.7537],[73.79451,30.75783],[73.79664,30.75779],[73.79809,30.7644],[73.80801,30.76443],[73.80935,30.76603],[73.81113,30.76411],[73.80999,30.75911],[73.81205,30.75912],[73.81205,30.75503],[73.81481,30.7517],[73.81913,30.75169],[73.81977,30.75333],[73.82818,30.7522],[73.83061,30.75556]]]]}},{"type":"Feature","properties":{"name":"Municipal Committee Okara","district":"Okara"},"geometry":{"type":"MultiPolygon","coordinates":[[[[73.49836,30.83166],[73.46939,30.81758],[73.4693,30.8045],[73.46261,30.80416],[73.46967,30.80045],[73.46989,30.79546],[73.45218,30.79423],[73.45285,30.78375],[73.44362,30.78331],[73.43555,30.78624],[73.43402,30.79367],[73.42183,30.81377],[73.42288,30.8207],[73.42498,30.82252],[73.43395,30.82704],[73.44779,30.83118],[73.45879,30.83247],[73.47747,30.8302],[73.4867,30.83082],[73.49651,30.83445],[73.49836,30.83166]]]]}},{"type":"Feature","properties":{"name":"Municipal Committee Renala","district":"Okara"},"geometry":{"type":"MultiPolygon","coordinates":[[[[73.5953,30.88554],[73.59541,30.88436],[73.60558,30.88963],[73.61276,30.89626],[73.61525,30.89527],[73.61956,30.88889],[73.61756,30.88329],[73.60911,30.88017],[73.60848,30.87485],[73.60295,30.87487],[73.60301,30.86945],[73.58472,30.86962],[73.58466,30.87152],[73.58104,30.86973],[73.57821,30.87034],[73.58365,30.87356],[73.58215,30.87688],[73.58995,30.8808],[73.58821,30.88307],[73.59256,30.88495],[73.59192,30.88822],[73.59526,30.88826],[73.5953,30.88554]]]]}},{"type":"Feature","properties":{"name":"District Council Kot Addu","district":"Kot Addu"},"geometry":{"type":"MultiPolygon","coordinates":[[[[71.23927,30.77599],[71.23953,30.77225],[71.28065,30.77273],[71.30047,30.75627],[71.32862,30.75637],[71.34437,30.74325],[71.34674,30.74858],[71.35394,30.75337],[71.36831,30.74058],[71.39449,30.69625],[71.40335,30.69146],[71.40568,30.68814],[71.40609,30.68351],[71.42307,30.6726],[71.43714,30.65548],[71.4446,30.65057],[71.45436,30.64054],[71.46913,30.63131],[71.55173,30.59138],[71.55613,30.59458],[71.57929,30.60352],[71.58532,30.60325],[71.59153,30.6004],[71.59248,30.6036],[71.59713,30.6063],[71.60924,30.60769],[71.61106,30.61124],[71.61513,30.6138],[71.61212,30.61867],[71.61003,30.63094],[71.61081,30.63406],[71.61815,30.64216],[71.62411,30.64124],[71.62428,30.63926],[71.62813,30.63727],[71.6319,30.63753],[71.63991,30.63403],[71.64228,30.63502],[71.64333,30.63157],[71.65004,30.6315],[71.65,30.6288],[71.65349,30.62883],[71.65352,30.62445],[71.65909,30.62435],[71.66535,30.63161],[71.66973,30.63151],[71.67451,30.63671],[71.67929,30.63485],[71.69048,30.62333],[71.71211,30.61714],[71.71204,30.60804],[71.71817,30.60711],[71.72062,30.59831],[71.72584,30.5963],[71.73059,30.59657],[71.74278,30.60106],[71.76134,30.60191],[71.76386,30.60032],[71.75883,30.59924],[71.75694,30.59525],[71.73486,30.5881],[71.72524,30.5765],[71.71349,30.5564],[71.69962,30.54055],[71.68611,30.53459],[71.67242,30.53317],[71.66378,30.52215],[71.65588,30.51804],[71.64258,30.51297],[71.61558,30.506],[71.60787,30.5023],[71.60591,30.49921],[71.60427,30.4869],[71.59228,30.48066],[71.59082,30.4706],[71.57882,30.46606],[71.56182,30.44829],[71.55329,30.44863],[71.53847,30.45802],[71.53131,30.45439],[71.52557,30.455],[71.52415,30.44845],[71.52776,30.44037],[71.52601,30.43923],[71.52138,30.44079],[71.52223,30.4419],[71.51664,30.44513],[71.50785,30.44592],[71.49919,30.43508],[71.49912,30.42331],[71.49656,30.41712],[71.48576,30.41306],[71.48294,30.41483],[71.47734,30.43747],[71.47312,30.43602],[71.47108,30.43377],[71.47087,30.42024],[71.46855,30.41817],[71.45854,30.41631],[71.45271,30.41212],[71.45036,30.40761],[71.45057,30.40201],[71.4488,30.40099],[71.43871,30.40208],[71.42833,30.3985],[71.42484,30.39871],[71.42118,30.40589],[71.41515,30.40902],[71.40317,30.41121],[71.40132,30.40671],[71.39296,30.40342],[71.38959,30.39756],[71.38965,30.39324],[71.39546,30.38425],[71.39075,30.38148],[71.39021,30.37634],[71.38903,30.37492],[71.37954,30.37335],[71.37189,30.36802],[71.37168,30.35752],[71.35689,30.35078],[71.3575,30.34663],[71.36584,30.34958],[71.36711,30.34301],[71.3524,30.316],[71.35092,30.30496],[71.35418,30.29912],[71.3497,30.29909],[71.32644,30.28635],[71.32381,30.28258],[71.32418,30.27833],[71.33059,30.27254],[71.32817,30.27061],[71.32338,30.27116],[71.31912,30.26938],[71.31635,30.26604],[71.31105,30.26333],[71.30923,30.25864],[71.31826,30.25871],[71.31826,30.24777],[71.30916,30.24776],[71.31304,30.24568],[71.31429,30.2428],[71.30921,30.23861],[71.30799,30.23324],[71.30058,30.22626],[71.29945,30.22124],[71.29331,30.22269],[71.28043,30.22045],[71.27367,30.21765],[71.27556,30.2231],[71.27925,30.22586],[71.27923,30.22855],[71.28062,30.22857],[71.28071,30.23403],[71.28209,30.23396],[71.28279,30.23619],[71.28279,30.2449],[71.28495,30.24491],[71.28488,30.24767],[71.28632,30.24763],[71.28629,30.25575],[71.2841,30.25573],[71.28406,30.25807],[71.26747,30.26314],[71.25638,30.26933],[71.25373,30.266],[71.25028,30.25259],[71.228,30.23785],[71.18771,30.23536],[71.1847,30.23314],[71.16999,30.24144],[71.15382,30.24405],[71.11921,30.24326],[71.09868,30.24478],[71.06976,30.24109],[71.0638,30.24396],[71.05944,30.24027],[71.04847,30.24155],[71.04437,30.23471],[71.04781,30.2313],[71.04729,30.22433],[71.05245,30.21896],[71.04981,30.2137],[71.05188,30.20676],[71.05191,30.19916],[71.05394,30.19524],[71.05083,30.19432],[71.04983,30.191],[71.04772,30.19043],[71.04638,30.18716],[71.04355,30.18665],[71.04074,30.18233],[71.03573,30.18134],[71.03233,30.17634],[71.03447,30.17564],[71.03587,30.16399],[71.05018,30.15338],[71.04955,30.1485],[71.05423,30.14278],[71.04735,30.13222],[71.0301,30.12937],[71.03141,30.12265],[71.0274,30.12482],[71.02736,30.12995],[71.01692,30.13285],[71.01564,30.12764],[71.01882,30.12736],[71.01906,30.12566],[71.01459,30.12633],[71.01391,30.12483],[71.00769,30.12452],[71.00704,30.12168],[71.00577,30.12157],[71.00494,30.12767],[70.99648,30.12824],[70.99431,30.12695],[70.99437,30.12477],[70.9972,30.1193],[70.99438,30.11933],[70.99437,30.1177],[70.991,30.11771],[70.99098,30.11658],[70.98456,30.11773],[70.98249,30.11235],[70.98623,30.11123],[70.98606,30.10805],[70.99765,30.10743],[71.00003,30.10592],[70.9988,30.09982],[70.98828,30.10065],[70.98761,30.09553],[70.99449,30.09277],[70.99665,30.09614],[70.99942,30.09667],[71.00018,30.08998],[70.98702,30.09153],[70.98007,30.0899],[70.97848,30.09237],[70.95641,30.09657],[70.95101,30.0945],[70.93852,30.09932],[70.93842,30.10248],[70.94261,30.10628],[70.93747,30.11266],[70.91528,30.11686],[70.92003,30.10412],[70.90463,30.10361],[70.90203,30.09047],[70.90259,30.0854],[70.87958,30.08235],[70.85685,30.07686],[70.84236,30.08311],[70.84006,30.0845],[70.83513,30.09441],[70.82489,30.10831],[70.82797,30.11542],[70.83541,30.12584],[70.83969,30.14997],[70.82904,30.14665],[70.82089,30.16883],[70.81447,30.1681],[70.80586,30.16354],[70.8059,30.17235],[70.81028,30.18039],[70.81005,30.18806],[70.80612,30.19061],[70.80092,30.19059],[70.8009,30.19302],[70.79487,30.19557],[70.79353,30.19812],[70.79679,30.20494],[70.79326,30.20723],[70.79835,30.2213],[70.79884,30.24124],[70.79616,30.24928],[70.78637,30.26631],[70.79642,30.28567],[70.7924,30.29378],[70.8025,30.29677],[70.80487,30.32228],[70.78677,30.32176],[70.78766,30.33218],[70.79147,30.33346],[70.79022,30.3452],[70.7908,30.34713],[70.79469,30.34879],[70.77257,30.35222],[70.77485,30.3667],[70.78429,30.36432],[70.78671,30.3734],[70.79359,30.37457],[70.79599,30.38742],[70.79407,30.39668],[70.7871,30.4069],[70.78919,30.41106],[70.82953,30.4116],[70.84127,30.414],[70.84164,30.45038],[70.8306,30.44899],[70.83105,30.45456],[70.82631,30.45328],[70.81345,30.45744],[70.80656,30.49541],[70.79667,30.49579],[70.79667,30.49996],[70.79455,30.50274],[70.79629,30.5219],[70.79388,30.52539],[70.79214,30.53625],[70.79562,30.54107],[70.81653,30.55769],[70.80085,30.55957],[70.79911,30.5648],[70.79964,30.57322],[70.7971,30.58464],[70.80935,30.5904],[70.81197,30.59442],[70.81512,30.59581],[70.80527,30.60059],[70.80259,30.60796],[70.80487,30.61082],[70.80479,30.6144],[70.79872,30.62565],[70.79708,30.62576],[70.79844,30.629],[70.79803,30.64026],[70.80082,30.65098],[70.80534,30.65381],[70.8402,30.65665],[70.84901,30.6597],[70.8552,30.66689],[70.86214,30.66917],[70.90749,30.66717],[70.92708,30.67323],[70.9558,30.67785],[70.96237,30.67698],[70.96825,30.67312],[70.96315,30.67061],[70.96139,30.6681],[70.96238,30.66664],[70.98221,30.66143],[71.01463,30.66585],[71.05364,30.66614],[71.04783,30.66056],[71.04772,30.65534],[71.12468,30.6556],[71.16934,30.68529],[71.15037,30.70932],[71.15273,30.7182],[71.16642,30.73264],[71.17396,30.73712],[71.18034,30.73702],[71.18068,30.75193],[71.17508,30.7634],[71.17316,30.771],[71.17635,30.77438],[71.21556,30.77416],[71.23927,30.77599]],[[71.21017,30.59857],[71.21017,30.5958],[71.21314,30.5958],[71.21438,30.58506],[71.21724,30.58506],[71.21724,30.57673],[71.21581,30.57673],[71.21581,30.57401],[71.20725,30.57401],[71.20725,30.56317],[71.20844,30.56312],[71.20844,30.55774],[71.21124,30.55774],[71.21266,30.5469],[71.21682,30.5469],[71.21682,30.53871],[71.23887,30.53871],[71.23887,30.54147],[71.23221,30.54147],[71.23298,30.54976],[71.25182,30.54966],[71.25182,30.55232],[71.25693,30.55232],[71.24962,30.56874],[71.26448,30.56874],[71.26448,30.56603],[71.27963,30.56603],[71.27826,30.57146],[71.27529,30.57146],[71.27529,30.57985],[71.27375,30.57985],[71.27375,30.5824],[71.2725,30.58245],[71.2725,30.58783],[71.2656,30.58783],[71.2656,30.5933],[71.26168,30.5933],[71.26168,30.60133],[71.23382,30.60133],[71.23382,30.60414],[71.2287,30.60414],[71.22977,30.60143],[71.21682,30.60143],[71.21682,30.59857],[71.21017,30.59857]],[[70.94546,30.53885],[70.95102,30.54326],[70.95799,30.5413],[70.96348,30.54624],[70.96002,30.55435],[70.96069,30.55872],[70.95785,30.56889],[70.95171,30.56822],[70.95048,30.56937],[70.94945,30.58522],[70.94426,30.58448],[70.94429,30.5868],[70.94206,30.58772],[70.93299,30.58841],[70.92921,30.58704],[70.93332,30.58211],[70.92952,30.5814],[70.92992,30.5759],[70.92733,30.56934],[70.91334,30.5658],[70.90418,30.56651],[70.90405,30.5648],[70.89653,30.56224],[70.8979,30.55154],[70.90172,30.55195],[70.90967,30.54943],[70.91756,30.55041],[70.91789,30.54538],[70.92147,30.54083],[70.92333,30.54199],[70.94058,30.54094],[70.94269,30.53826],[70.94546,30.53885]],[[70.9609,30.49574],[70.95537,30.49262],[70.9505,30.4926],[70.94839,30.49534],[70.94636,30.49516],[70.9429,30.49378],[70.9429,30.49165],[70.94011,30.49108],[70.93937,30.48673],[70.93662,30.48677],[70.93697,30.48235],[70.94014,30.48122],[70.93995,30.47793],[70.94575,30.47761],[70.94849,30.47467],[70.95058,30.46924],[70.94647,30.47],[70.94651,30.46716],[70.94415,30.46599],[70.9513,30.45778],[70.95429,30.44845],[70.95812,30.44356],[70.9616,30.4427],[70.96555,30.44265],[70.96485,30.44591],[70.9781,30.44595],[70.9802,30.43999],[70.98369,30.44108],[70.98653,30.43563],[70.9921,30.4373],[70.99767,30.43623],[70.99863,30.43738],[70.97825,30.45134],[70.99446,30.45019],[70.99402,30.45566],[70.99293,30.45715],[70.98825,30.45762],[70.98721,30.46032],[70.98797,30.46192],[70.99209,30.4628],[70.9909,30.4652],[71.00251,30.46496],[71.00238,30.46878],[71.00444,30.46863],[71.00449,30.47558],[71.00174,30.47556],[71.00148,30.47946],[70.99757,30.47939],[70.99675,30.48223],[70.99806,30.48414],[70.99381,30.48466],[70.99386,30.4817],[70.99013,30.48202],[70.98672,30.49192],[70.9762,30.48908],[70.96881,30.48909],[70.96878,30.49607],[70.9609,30.49574]],[[70.93744,30.34776],[70.93103,30.34638],[70.92574,30.34723],[70.92621,30.34469],[70.88949,30.34189],[70.88952,30.33405],[70.91268,30.33165],[70.92483,30.33319],[70.93193,30.33208],[70.93369,30.32818],[70.93975,30.33183],[70.94097,30.33033],[70.94106,30.33146],[70.94734,30.33093],[70.9481,30.33204],[70.95083,30.33099],[70.96195,30.3322],[70.9654,30.3344],[70.97246,30.33294],[70.97182,30.32902],[70.96835,30.32787],[70.96897,30.32506],[70.96343,30.3218],[70.96276,30.31527],[70.96424,30.31308],[70.97046,30.31041],[70.97531,30.31045],[70.9775,30.31261],[70.98898,30.31109],[70.9899,30.31491],[70.99544,30.31378],[70.99616,30.31548],[70.99965,30.31271],[70.99965,30.31],[71.00956,30.30957],[71.01327,30.31337],[71.01225,30.31768],[71.02064,30.31819],[71.01857,30.32256],[71.0145,30.32574],[71.00447,30.33118],[70.99817,30.33223],[70.99754,30.33381],[70.9871,30.33381],[70.98571,30.33598],[70.98083,30.33616],[70.98013,30.33926],[70.97316,30.33814],[70.97176,30.34252],[70.96962,30.34366],[70.96816,30.34193],[70.96404,30.34143],[70.96265,30.34353],[70.95075,30.34352],[70.94935,30.34789],[70.94305,30.34679],[70.94024,30.34778],[70.94047,30.34933],[70.93744,30.34776]]]]}},{"type":"Feature","properties":{"name":"District Council Muzaffargarh","district":"Muzaffargarh"},"geometry":{"type":"MultiPolygon","coordinates":[[[[71.49533,30.41708],[71.49656,30.41712],[71.49528,30.40774],[71.48863,30.40313],[71.48455,30.39274],[71.47462,30.39436],[71.47471,30.38418],[71.47664,30.37619],[71.47217,30.37181],[71.47143,30.36775],[71.46566,30.36985],[71.45488,30.36982],[71.45184,30.36861],[71.45327,30.367],[71.45314,30.36245],[71.44068,30.36449],[71.43928,30.35928],[71.4254,30.34858],[71.42057,30.34727],[71.41676,30.34309],[71.41795,30.32881],[71.42234,30.31294],[71.41027,30.30455],[71.40934,30.2952],[71.40564,30.29107],[71.4021,30.28987],[71.39837,30.27931],[71.40487,30.27504],[71.4046,30.27161],[71.4,30.27109],[71.3945,30.26509],[71.39303,30.26579],[71.39321,30.26848],[71.38362,30.2738],[71.37995,30.26893],[71.37513,30.27075],[71.37393,30.26867],[71.37621,30.26712],[71.37584,30.2635],[71.37808,30.26326],[71.37876,30.26057],[71.38535,30.25936],[71.38525,30.25752],[71.38895,30.25743],[71.38938,30.25554],[71.39099,30.25677],[71.39086,30.25018],[71.38359,30.25224],[71.38037,30.25068],[71.38022,30.23851],[71.37476,30.24168],[71.37304,30.2395],[71.37128,30.24021],[71.36177,30.2323],[71.35725,30.2262],[71.34661,30.22551],[71.34383,30.21913],[71.34705,30.21909],[71.35747,30.20841],[71.35599,30.19865],[71.35064,30.19726],[71.35069,30.19537],[71.34742,30.19435],[71.33579,30.19493],[71.32958,30.19335],[71.32563,30.19442],[71.32146,30.19022],[71.32375,30.182],[71.31707,30.18185],[71.31371,30.17085],[71.30238,30.15835],[71.29532,30.13087],[71.29711,30.12623],[71.29801,30.1143],[71.29574,30.10185],[71.29246,30.10207],[71.29133,30.09346],[71.29184,30.08986],[71.29648,30.08662],[71.299,30.08762],[71.30097,30.07667],[71.30487,30.06835],[71.30237,30.06831],[71.30245,30.06444],[71.29134,30.06282],[71.28995,30.05391],[71.28598,30.04354],[71.27161,30.04579],[71.27025,30.03359],[71.27247,30.0298],[71.26803,30.01099],[71.26906,30.01035],[71.26488,30.01023],[71.26427,30.00263],[71.26218,30.00262],[71.26338,29.9934],[71.27083,29.99268],[71.27029,29.98867],[71.27305,29.98524],[71.28153,29.98336],[71.28157,29.96708],[71.27495,29.96632],[71.27072,29.96343],[71.26022,29.96532],[71.25693,29.96218],[71.25297,29.95437],[71.24832,29.95279],[71.2478,29.95125],[71.24058,29.95089],[71.23458,29.95497],[71.22441,29.95815],[71.22185,29.95665],[71.22304,29.95462],[71.21886,29.95161],[71.2088,29.93716],[71.21178,29.93684],[71.21121,29.93356],[71.20488,29.92043],[71.20291,29.91913],[71.19859,29.90581],[71.19749,29.89565],[71.19596,29.89583],[71.19209,29.88376],[71.19548,29.87962],[71.19394,29.87408],[71.18481,29.86587],[71.17876,29.86526],[71.17753,29.86382],[71.18064,29.84465],[71.19616,29.84754],[71.20474,29.84569],[71.20552,29.83646],[71.20335,29.83012],[71.19839,29.82399],[71.19949,29.82277],[71.19743,29.81868],[71.19759,29.81347],[71.20345,29.80444],[71.19418,29.80248],[71.19424,29.80035],[71.1899,29.79887],[71.18702,29.79019],[71.19003,29.77044],[71.19163,29.76972],[71.18836,29.76009],[71.18024,29.7597],[71.1803,29.76205],[71.17487,29.76194],[71.17681,29.76],[71.17557,29.75528],[71.17704,29.75006],[71.17205,29.74371],[71.18206,29.73972],[71.18323,29.73039],[71.18787,29.7248],[71.18568,29.72242],[71.18665,29.71248],[71.18977,29.7129],[71.18961,29.70955],[71.18689,29.70431],[71.17373,29.69603],[71.17278,29.69004],[71.16909,29.69082],[71.16655,29.68768],[71.17033,29.68202],[71.18224,29.67448],[71.18522,29.66868],[71.19037,29.66708],[71.19003,29.66529],[71.19926,29.66275],[71.19727,29.65705],[71.19404,29.65587],[71.19237,29.65175],[71.18354,29.64558],[71.1782,29.64589],[71.15912,29.63879],[71.15144,29.63863],[71.15136,29.63985],[71.14339,29.64287],[71.14301,29.64445],[71.13858,29.64451],[71.13739,29.64037],[71.14079,29.6387],[71.13893,29.63379],[71.13075,29.62429],[71.12561,29.62294],[71.11238,29.62516],[71.11164,29.62249],[71.10946,29.62172],[71.09757,29.62415],[71.09751,29.62585],[71.09511,29.62567],[71.08545,29.63061],[71.07451,29.62818],[71.07364,29.62395],[71.07864,29.62232],[71.0786,29.61887],[71.08238,29.61468],[71.08077,29.61254],[71.07509,29.61405],[71.0733,29.61316],[71.07477,29.61132],[71.07995,29.61084],[71.07794,29.60802],[71.0664,29.60905],[71.05859,29.61167],[71.05524,29.61073],[71.05411,29.60466],[71.0588,29.6031],[71.06076,29.59958],[71.05574,29.59389],[71.05185,29.58494],[71.05915,29.57751],[71.06377,29.57012],[71.06623,29.57022],[71.07327,29.56418],[71.07432,29.56027],[71.06537,29.55403],[71.04917,29.54757],[71.05139,29.54477],[71.05017,29.54168],[71.04687,29.54008],[71.04021,29.5326],[71.03557,29.52438],[71.0331,29.52302],[71.03439,29.52099],[71.03952,29.52142],[71.04465,29.5196],[71.0408,29.50025],[71.03941,29.49875],[71.02461,29.50139],[71.01992,29.49164],[71.0245,29.49002],[71.02687,29.48705],[71.03226,29.47138],[71.03561,29.47104],[71.03702,29.46799],[71.03904,29.45705],[71.04216,29.45356],[71.04337,29.43632],[71.04901,29.42607],[71.04476,29.4126],[71.05272,29.40966],[71.05112,29.40593],[71.05229,29.40557],[71.0431,29.3836],[71.04068,29.36263],[71.04698,29.36193],[71.04246,29.35981],[71.04187,29.35583],[71.04319,29.32915],[71.03964,29.32769],[71.03339,29.32008],[71.00964,29.31121],[70.99449,29.30954],[70.98462,29.30559],[70.97927,29.30777],[70.97819,29.31106],[70.97316,29.31271],[70.96657,29.3036],[70.95622,29.29568],[70.93755,29.29807],[70.9265,29.29359],[70.90867,29.26585],[70.93564,29.25566],[70.93942,29.24939],[70.94619,29.24464],[70.94763,29.23989],[70.95123,29.23687],[70.95367,29.22794],[70.94475,29.21456],[70.93136,29.21887],[70.91049,29.23197],[70.90272,29.23255],[70.90301,29.22348],[70.90459,29.217],[70.90705,29.21544],[70.90496,29.2161],[70.90808,29.20907],[70.90262,29.20711],[70.89056,29.21526],[70.86005,29.22807],[70.85804,29.20983],[70.84342,29.19302],[70.80732,29.21477],[70.79333,29.21765],[70.78125,29.2066],[70.78285,29.2001],[70.78511,29.19997],[70.78823,29.19308],[70.77715,29.18485],[70.77632,29.16754],[70.75855,29.13134],[70.75456,29.12863],[70.74427,29.12712],[70.7482,29.13224],[70.74056,29.13476],[70.73769,29.12614],[70.7354,29.12599],[70.73441,29.12284],[70.72335,29.11933],[70.70961,29.13025],[70.70447,29.11631],[70.70794,29.09519],[70.70365,29.0934],[70.70077,29.08931],[70.70136,29.07981],[70.69593,29.07063],[70.6786,29.06143],[70.67361,29.06074],[70.6609,29.06047],[70.65543,29.06904],[70.65179,29.07048],[70.63411,29.06417],[70.61038,29.06201],[70.6131,29.04522],[70.61206,29.0395],[70.60611,29.03253],[70.61354,29.02145],[70.6139,29.01847],[70.6118,29.01419],[70.60682,29.0106],[70.59759,29.0073],[70.59081,29.00919],[70.5848,29.01323],[70.58118,29.01126],[70.56256,28.99583],[70.55197,28.99073],[70.54139,28.97942],[70.55081,28.97415],[70.55218,28.97045],[70.5398,28.97362],[70.5319,28.96083],[70.51006,28.96679],[70.5084,28.9643],[70.49975,28.9669],[70.51842,28.99988],[70.52692,29.02342],[70.52063,29.03094],[70.53798,29.07602],[70.54349,29.07352],[70.55368,29.07871],[70.5509,29.0998],[70.54773,29.10599],[70.55068,29.12859],[70.54738,29.13751],[70.55473,29.13743],[70.56127,29.14924],[70.55568,29.15776],[70.55593,29.16291],[70.54639,29.18007],[70.53757,29.1796],[70.53367,29.18079],[70.53386,29.18294],[70.5415,29.19173],[70.56601,29.19302],[70.56392,29.20594],[70.56829,29.22466],[70.58894,29.22914],[70.58674,29.23518],[70.59078,29.24258],[70.59307,29.24299],[70.59476,29.24669],[70.60541,29.24886],[70.60806,29.25126],[70.61092,29.25609],[70.61148,29.2611],[70.62129,29.27187],[70.61188,29.27571],[70.60638,29.28996],[70.60887,29.30268],[70.61217,29.30479],[70.61124,29.30766],[70.60749,29.30871],[70.60949,29.32115],[70.60378,29.32193],[70.60282,29.32338],[70.60964,29.33074],[70.61118,29.33517],[70.61798,29.34167],[70.61903,29.35599],[70.60095,29.3605],[70.60083,29.36365],[70.60646,29.3782],[70.60538,29.3828],[70.60756,29.38563],[70.61303,29.38012],[70.61196,29.37426],[70.61306,29.37139],[70.62477,29.37044],[70.62187,29.38088],[70.62176,29.38432],[70.62359,29.38573],[70.62633,29.385],[70.63375,29.37672],[70.6354,29.3777],[70.63807,29.39142],[70.63747,29.39501],[70.63422,29.39577],[70.63732,29.41096],[70.6359,29.41924],[70.63629,29.42339],[70.64032,29.42964],[70.63594,29.43227],[70.6363,29.4337],[70.64273,29.4363],[70.65326,29.44544],[70.67264,29.44122],[70.70112,29.44258],[70.69976,29.44542],[70.70205,29.45208],[70.69417,29.46232],[70.69407,29.46447],[70.70693,29.46658],[70.70788,29.47444],[70.70928,29.47645],[70.7149,29.47817],[70.69395,29.49838],[70.6837,29.51355],[70.68565,29.52427],[70.69615,29.53189],[70.69708,29.53856],[70.70428,29.54456],[70.70556,29.54753],[70.7048,29.55136],[70.71079,29.55808],[70.70809,29.56015],[70.70871,29.5648],[70.70655,29.5659],[70.70686,29.56816],[70.71291,29.57083],[70.72596,29.59107],[70.72626,29.59286],[70.71949,29.59653],[70.71847,29.60036],[70.71088,29.60416],[70.70434,29.60496],[70.70438,29.60735],[70.70869,29.61004],[70.70855,29.61465],[70.71392,29.61196],[70.7244,29.62364],[70.72837,29.62546],[70.73667,29.63931],[70.74349,29.65702],[70.73434,29.66112],[70.73585,29.66522],[70.73207,29.66566],[70.73134,29.66866],[70.7287,29.66984],[70.7339,29.67672],[70.73829,29.67833],[70.74511,29.67577],[70.782,29.72424],[70.79312,29.74162],[70.79769,29.7411],[70.80289,29.75575],[70.82686,29.75341],[70.82897,29.76066],[70.84127,29.77348],[70.83984,29.77594],[70.84161,29.77786],[70.84164,29.78204],[70.84852,29.78812],[70.86237,29.80746],[70.85577,29.81288],[70.85738,29.81865],[70.85228,29.82426],[70.86178,29.83301],[70.86637,29.84002],[70.86782,29.86012],[70.83916,29.86837],[70.84288,29.87228],[70.84845,29.87367],[70.85504,29.88443],[70.85507,29.8882],[70.85797,29.89183],[70.85936,29.89696],[70.891,29.89835],[70.89716,29.89645],[70.90686,29.90622],[70.90943,29.91077],[70.90772,29.92537],[70.89943,29.92574],[70.89138,29.9286],[70.87859,29.92876],[70.86615,29.93381],[70.86178,29.93614],[70.8642,29.94252],[70.84368,29.95168],[70.85892,29.97862],[70.86056,29.99964],[70.85094,29.99644],[70.8482,29.99815],[70.85043,30.011],[70.84445,30.02134],[70.84051,30.02412],[70.83963,30.03056],[70.84149,30.03334],[70.84047,30.03699],[70.85075,30.0329],[70.85874,30.03263],[70.86,30.03504],[70.85856,30.03634],[70.85994,30.04564],[70.85592,30.05056],[70.85753,30.05604],[70.84602,30.06162],[70.83792,30.06152],[70.83446,30.07084],[70.835,30.07395],[70.84166,30.07689],[70.84006,30.0845],[70.85685,30.07686],[70.87958,30.08235],[70.90259,30.0854],[70.90203,30.09047],[70.90463,30.10361],[70.92003,30.10412],[70.91528,30.11686],[70.93747,30.11266],[70.94261,30.10628],[70.93842,30.10248],[70.93852,30.09932],[70.95101,30.0945],[70.95641,30.09657],[70.97848,30.09237],[70.98007,30.0899],[70.98702,30.09153],[71.00018,30.08998],[70.99942,30.09667],[70.99665,30.09614],[70.99449,30.09277],[70.98761,30.09553],[70.98828,30.10065],[70.9988,30.09982],[71.00003,30.10592],[70.99765,30.10743],[70.98606,30.10805],[70.98623,30.11123],[70.98249,30.11235],[70.98456,30.11773],[70.99098,30.11658],[70.991,30.11771],[70.99437,30.1177],[70.99438,30.11933],[70.9972,30.1193],[70.99437,30.12477],[70.99431,30.12695],[70.99648,30.12824],[71.00494,30.12767],[71.00577,30.12157],[71.00704,30.12168],[71.00769,30.12452],[71.01391,30.12483],[71.01459,30.12633],[71.01906,30.12566],[71.01882,30.12736],[71.01564,30.12764],[71.01692,30.13285],[71.02736,30.12995],[71.0274,30.12482],[71.03141,30.12265],[71.0301,30.12937],[71.04735,30.13222],[71.05423,30.14278],[71.04955,30.1485],[71.05018,30.15338],[71.03587,30.16399],[71.03447,30.17564],[71.03233,30.17634],[71.03573,30.18134],[71.04074,30.18233],[71.04355,30.18665],[71.04638,30.18716],[71.04772,30.19043],[71.04983,30.191],[71.05083,30.19432],[71.05394,30.19524],[71.05191,30.19916],[71.05188,30.20676],[71.04981,30.2137],[71.05245,30.21896],[71.04729,30.22433],[71.04781,30.2313],[71.04437,30.23471],[71.04847,30.24155],[71.05944,30.24027],[71.0638,30.24396],[71.06976,30.24109],[71.09868,30.24478],[71.11921,30.24326],[71.15382,30.24405],[71.16999,30.24144],[71.1847,30.23314],[71.18771,30.23536],[71.228,30.23785],[71.25028,30.25259],[71.25373,30.266],[71.25638,30.26933],[71.26747,30.26314],[71.28406,30.25807],[71.2841,30.25573],[71.28629,30.25575],[71.28632,30.24763],[71.28488,30.24767],[71.28495,30.24491],[71.28279,30.2449],[71.28279,30.23619],[71.28209,30.23396],[71.28071,30.23403],[71.28062,30.22857],[71.27923,30.22855],[71.27925,30.22586],[71.27556,30.2231],[71.27367,30.21765],[71.28043,30.22045],[71.29331,30.22269],[71.29945,30.22124],[71.30058,30.22626],[71.30799,30.23324],[71.30921,30.23861],[71.31429,30.2428],[71.31304,30.24568],[71.30916,30.24776],[71.31826,30.24777],[71.31826,30.25871],[71.30923,30.25864],[71.31105,30.26333],[71.31635,30.26604],[71.31912,30.26938],[71.32338,30.27116],[71.32817,30.27061],[71.33059,30.27254],[71.32418,30.27833],[71.32381,30.28258],[71.32644,30.28635],[71.3497,30.29909],[71.35418,30.29912],[71.35092,30.30496],[71.3524,30.316],[71.36711,30.34301],[71.36584,30.34958],[71.3575,30.34663],[71.35689,30.35078],[71.37168,30.35752],[71.37189,30.36802],[71.37954,30.37335],[71.38903,30.37492],[71.39021,30.37634],[71.39075,30.38148],[71.39546,30.38425],[71.38965,30.39324],[71.38959,30.39756],[71.39296,30.40342],[71.40132,30.40671],[71.40317,30.41121],[71.41515,30.40902],[71.42118,30.40589],[71.42484,30.39871],[71.42833,30.3985],[71.43871,30.40208],[71.4488,30.40099],[71.45057,30.40201],[71.45036,30.40761],[71.45271,30.41212],[71.45854,30.41631],[71.46855,30.41817],[71.47087,30.42024],[71.47108,30.43377],[71.47734,30.43747],[71.48294,30.41483],[71.48576,30.41306],[71.49533,30.41708]],[[71.22551,30.12277],[71.18948,30.09038],[71.18623,30.0942],[71.18784,30.09877],[71.18435,30.10603],[71.18406,30.111],[71.18174,30.11118],[71.18223,30.11387],[71.1724,30.11121],[71.15306,30.11047],[71.15292,30.09362],[71.15522,30.09122],[71.16468,30.0872],[71.15725,30.06963],[71.16194,30.06642],[71.17325,30.06572],[71.16803,30.05744],[71.14689,30.04329],[71.16122,30.03428],[71.1651,30.0445],[71.17092,30.04524],[71.17249,30.04315],[71.18704,30.03915],[71.19075,30.04315],[71.19406,30.04296],[71.19984,30.04966],[71.20487,30.04916],[71.20918,30.05121],[71.21245,30.05835],[71.21322,30.06472],[71.21679,30.06919],[71.24055,30.07626],[71.2477,30.08023],[71.24718,30.08279],[71.20133,30.08399],[71.20367,30.09163],[71.21463,30.1005],[71.21778,30.10619],[71.2262,30.1144],[71.22744,30.1174],[71.22638,30.12369],[71.22551,30.12277]],[[71.1547,29.92578],[71.14879,29.92454],[71.14816,29.92121],[71.15128,29.9186],[71.15827,29.91741],[71.15705,29.91551],[71.14832,29.91751],[71.14732,29.91576],[71.15542,29.91233],[71.15474,29.90803],[71.15069,29.90644],[71.15199,29.90427],[71.15572,29.9068],[71.17062,29.90645],[71.17245,29.90841],[71.17162,29.91548],[71.17816,29.9162],[71.17707,29.92441],[71.16708,29.92184],[71.16458,29.92363],[71.16447,29.92748],[71.1592,29.92836],[71.1547,29.92578]],[[71.00847,29.56659],[71.01027,29.56546],[71.01015,29.56341],[71.01342,29.56173],[71.01988,29.56668],[71.02224,29.5666],[71.02559,29.57645],[71.01941,29.57962],[71.01887,29.58892],[71.01678,29.58967],[71.00604,29.57701],[71.00603,29.57314],[71.01013,29.57034],[71.00847,29.56659]],[[70.84493,29.56226],[70.84464,29.56406],[70.84149,29.56532],[70.82701,29.56604],[70.82231,29.56504],[70.81673,29.55708],[70.80623,29.5543],[70.80749,29.55365],[70.80532,29.5403],[70.80683,29.52962],[70.80602,29.52436],[70.80046,29.51955],[70.79533,29.51125],[70.7917,29.51223],[70.79097,29.51003],[70.79268,29.50888],[70.78071,29.4927],[70.78337,29.48767],[70.79804,29.4925],[70.79692,29.48878],[70.79933,29.48721],[70.79992,29.48298],[70.79802,29.47775],[70.81571,29.46808],[70.82169,29.47541],[70.82633,29.47534],[70.83739,29.48478],[70.84831,29.48149],[70.84936,29.48791],[70.85945,29.49615],[70.86524,29.49617],[70.86917,29.49279],[70.87738,29.4908],[70.88209,29.48739],[70.88917,29.49865],[70.89572,29.49393],[70.89419,29.49187],[70.89647,29.4847],[70.90188,29.48117],[70.91653,29.48676],[70.91616,29.48921],[70.9212,29.48942],[70.92128,29.49104],[70.92607,29.48996],[70.93106,29.49239],[70.93409,29.50103],[70.93795,29.50429],[70.93638,29.5118],[70.93132,29.51137],[70.93026,29.51266],[70.93093,29.52053],[70.92623,29.51858],[70.91596,29.5296],[70.90847,29.53167],[70.90562,29.53406],[70.89759,29.5308],[70.89708,29.54071],[70.88917,29.54154],[70.89039,29.53852],[70.88633,29.53828],[70.88445,29.53012],[70.88183,29.52714],[70.87956,29.52803],[70.87644,29.52378],[70.87565,29.52583],[70.87062,29.52794],[70.87283,29.52976],[70.86864,29.53329],[70.86239,29.53429],[70.85925,29.53032],[70.85428,29.53195],[70.85486,29.54329],[70.85278,29.54744],[70.84482,29.54612],[70.84572,29.54227],[70.83588,29.54058],[70.83586,29.54271],[70.83171,29.54454],[70.83269,29.55137],[70.83523,29.55096],[70.84296,29.55488],[70.84507,29.55813],[70.84493,29.56226]],[[70.92403,29.39949],[70.91867,29.39879],[70.91755,29.39472],[70.90472,29.38934],[70.90447,29.38525],[70.90226,29.38468],[70.90222,29.37883],[70.91006,29.37604],[70.90915,29.3742],[70.91087,29.37551],[70.91375,29.37464],[70.9179,29.37947],[70.92185,29.3949],[70.92507,29.39384],[70.92536,29.39681],[70.92756,29.3976],[70.92403,29.39949]]]]}},{"type":"Feature","properties":{"name":"Municipal Committee Daira Din Panah","district":"Kot Addu"},"geometry":{"type":"MultiPolygon","coordinates":[[[[70.95785,30.56889],[70.96069,30.55872],[70.96002,30.55435],[70.9635,30.54786],[70.96348,30.54624],[70.95799,30.5413],[70.95102,30.54326],[70.94827,30.54007],[70.94269,30.53826],[70.94058,30.54094],[70.92333,30.54199],[70.92147,30.54083],[70.91789,30.54538],[70.91756,30.55041],[70.90967,30.54943],[70.90172,30.55195],[70.8979,30.55154],[70.89721,30.55329],[70.89653,30.56224],[70.90405,30.5648],[70.90418,30.56651],[70.91334,30.5658],[70.92733,30.56934],[70.92992,30.5759],[70.92952,30.5814],[70.93332,30.58211],[70.92834,30.58662],[70.93299,30.58841],[70.94363,30.58729],[70.94426,30.58448],[70.94945,30.58522],[70.95048,30.56937],[70.95171,30.56822],[70.95785,30.56889]]]]}},{"type":"Feature","properties":{"name":"Municipal Committee Khangarh","district":"Muzaffargarh"},"geometry":{"type":"MultiPolygon","coordinates":[[[[71.16526,29.90632],[71.15572,29.9068],[71.15199,29.90427],[71.15069,29.90644],[71.15474,29.90803],[71.15542,29.91233],[71.14745,29.91619],[71.14832,29.91751],[71.15705,29.91551],[71.15827,29.91741],[71.14966,29.91935],[71.14816,29.92121],[71.14879,29.92454],[71.1592,29.92836],[71.16447,29.92748],[71.16458,29.92363],[71.16708,29.92184],[71.17707,29.92441],[71.17816,29.9162],[71.17162,29.91548],[71.17245,29.90841],[71.17062,29.90645],[71.16526,29.90632]]]]}},{"type":"Feature","properties":{"name":"Municipal Committee Jatoi","district":"Muzaffargarh"},"geometry":{"type":"MultiPolygon","coordinates":[[[[70.84491,29.55862],[70.84296,29.55488],[70.83523,29.55096],[70.83269,29.55137],[70.83171,29.54454],[70.83586,29.54271],[70.83588,29.54058],[70.84172,29.54066],[70.84237,29.54224],[70.84572,29.54227],[70.84482,29.54612],[70.85278,29.54744],[70.85486,29.54329],[70.85428,29.53195],[70.85925,29.53032],[70.86239,29.53429],[70.86864,29.53329],[70.87283,29.52976],[70.87062,29.52794],[70.87565,29.52583],[70.87644,29.52378],[70.87956,29.52803],[70.88183,29.52714],[70.88445,29.53012],[70.88633,29.53828],[70.89039,29.53852],[70.88917,29.54154],[70.89262,29.54213],[70.89708,29.54071],[70.89759,29.5308],[70.90562,29.53406],[70.90847,29.53167],[70.91596,29.5296],[70.92623,29.51858],[70.93093,29.52053],[70.93026,29.51266],[70.93132,29.51137],[70.93638,29.5118],[70.93795,29.50429],[70.93409,29.50103],[70.93106,29.49239],[70.92607,29.48996],[70.92128,29.49104],[70.9212,29.48942],[70.91616,29.48921],[70.91653,29.48676],[70.90188,29.48117],[70.89647,29.4847],[70.89419,29.49187],[70.89572,29.49393],[70.88917,29.49865],[70.88209,29.48739],[70.87738,29.4908],[70.86917,29.49279],[70.86524,29.49617],[70.85945,29.49615],[70.84936,29.48791],[70.84831,29.48149],[70.83739,29.48478],[70.82633,29.47534],[70.82169,29.47541],[70.81571,29.46808],[70.79802,29.47775],[70.79992,29.48298],[70.79933,29.48721],[70.79692,29.48878],[70.79804,29.4925],[70.78337,29.48767],[70.78071,29.4927],[70.79268,29.50888],[70.79097,29.51003],[70.7917,29.51223],[70.79533,29.51125],[70.80046,29.51955],[70.80602,29.52436],[70.80683,29.52962],[70.80532,29.5403],[70.80749,29.55365],[70.80623,29.5543],[70.81673,29.55708],[70.82231,29.56504],[70.82701,29.56604],[70.83332,29.56655],[70.84464,29.56406],[70.84491,29.55862]]]]}},{"type":"Feature","properties":{"name":"Municipal Committee Chowk Sarwar Shaheed","district":"Kot Addu"},"geometry":{"type":"MultiPolygon","coordinates":[[[[71.2287,30.60414],[71.23382,30.60414],[71.23382,30.60133],[71.26168,30.60133],[71.26168,30.5933],[71.2656,30.5933],[71.2656,30.58783],[71.2725,30.58783],[71.2725,30.58245],[71.27375,30.5824],[71.27375,30.57985],[71.27529,30.57985],[71.27529,30.57146],[71.27826,30.57146],[71.27963,30.56603],[71.26448,30.56603],[71.26448,30.56874],[71.24962,30.56874],[71.25693,30.55232],[71.25182,30.55232],[71.25182,30.54966],[71.23298,30.54976],[71.23221,30.54147],[71.23887,30.54147],[71.23887,30.53871],[71.21682,30.53871],[71.21682,30.5469],[71.21266,30.5469],[71.21124,30.55774],[71.20844,30.55774],[71.20844,30.56312],[71.20725,30.56317],[71.20725,30.57401],[71.21581,30.57401],[71.21581,30.57673],[71.21724,30.57673],[71.21724,30.58506],[71.21438,30.58506],[71.21314,30.5958],[71.21017,30.5958],[71.21017,30.59857],[71.21682,30.59857],[71.21682,30.60143],[71.22977,30.60143],[71.2287,30.60414]]]]}},{"type":"Feature","properties":{"name":"Municipal Committee Sinawan","district":"Kot Addu"},"geometry":{"type":"MultiPolygon","coordinates":[[[[70.94024,30.34778],[70.94446,30.34679],[70.94935,30.34789],[70.95075,30.34352],[70.96265,30.34353],[70.96404,30.34143],[70.96816,30.34193],[70.96962,30.34366],[70.97176,30.34252],[70.97316,30.33814],[70.98013,30.33926],[70.98083,30.33616],[70.98571,30.33598],[70.9871,30.33381],[70.99754,30.33381],[70.99817,30.33223],[71.00447,30.33118],[71.0145,30.32574],[71.01857,30.32256],[71.02064,30.31819],[71.01225,30.31768],[71.01327,30.31337],[71.00956,30.30957],[70.99965,30.31],[70.99965,30.31271],[70.99616,30.31548],[70.99544,30.31378],[70.9899,30.31491],[70.98898,30.31109],[70.9775,30.31261],[70.97531,30.31045],[70.97046,30.31041],[70.96424,30.31308],[70.96276,30.31527],[70.96343,30.3218],[70.96897,30.32506],[70.96835,30.32787],[70.97182,30.32902],[70.97246,30.33294],[70.9654,30.3344],[70.96195,30.3322],[70.95083,30.33099],[70.9481,30.33204],[70.94734,30.33093],[70.94106,30.33146],[70.94097,30.33033],[70.93975,30.33183],[70.93369,30.32818],[70.93193,30.33208],[70.92483,30.33319],[70.91268,30.33165],[70.88952,30.33405],[70.88949,30.34189],[70.92621,30.34469],[70.92574,30.34723],[70.93477,30.34679],[70.93961,30.3493],[70.94024,30.34778]]]]}},{"type":"Feature","properties":{"name":"Municipal Committee Muzaffargarh","district":"Muzaffargarh"},"geometry":{"type":"MultiPolygon","coordinates":[[[[71.15725,30.06963],[71.16468,30.0872],[71.15522,30.09122],[71.15292,30.09362],[71.15326,30.11065],[71.1724,30.11121],[71.18223,30.11387],[71.18174,30.11118],[71.18406,30.111],[71.18435,30.10603],[71.18784,30.09877],[71.18623,30.0942],[71.18948,30.09038],[71.22638,30.12369],[71.22746,30.11714],[71.2262,30.1144],[71.21778,30.10619],[71.21463,30.1005],[71.20367,30.09163],[71.20133,30.08399],[71.24718,30.08279],[71.2477,30.08023],[71.24055,30.07626],[71.21679,30.06919],[71.21322,30.06472],[71.21245,30.05835],[71.20781,30.05017],[71.19984,30.04966],[71.19406,30.04296],[71.19075,30.04315],[71.18704,30.03915],[71.17249,30.04315],[71.17092,30.04524],[71.1651,30.0445],[71.16122,30.03428],[71.14689,30.04329],[71.16803,30.05744],[71.17325,30.06572],[71.16194,30.06642],[71.15725,30.06963]]]]}},{"type":"Feature","properties":{"name":"Municipal Committee Kot Addu","district":"Kot Addu"},"geometry":{"type":"MultiPolygon","coordinates":[[[[70.96878,30.49607],[70.96881,30.48909],[70.9762,30.48908],[70.98653,30.49199],[70.99013,30.48202],[70.99386,30.4817],[70.99381,30.48466],[70.99806,30.48414],[70.99675,30.48223],[70.99757,30.47939],[71.00148,30.47946],[71.00174,30.47556],[71.00449,30.47558],[71.00444,30.46863],[71.00238,30.46878],[71.00251,30.46496],[70.9909,30.4652],[70.99209,30.4628],[70.98797,30.46192],[70.98721,30.46032],[70.98825,30.45762],[70.99293,30.45715],[70.99402,30.45566],[70.99446,30.45019],[70.97825,30.45134],[70.99863,30.43738],[70.99767,30.43623],[70.9921,30.4373],[70.98653,30.43563],[70.98369,30.44108],[70.9802,30.43999],[70.9781,30.44595],[70.96485,30.44591],[70.96555,30.44265],[70.95812,30.44356],[70.95298,30.45089],[70.9513,30.45778],[70.94415,30.46599],[70.94651,30.46716],[70.94647,30.47],[70.95058,30.46924],[70.94717,30.47628],[70.93995,30.47793],[70.94014,30.48122],[70.93697,30.48235],[70.93662,30.48677],[70.93937,30.48673],[70.94011,30.49108],[70.94708,30.49539],[70.9505,30.4926],[70.95537,30.49262],[70.9609,30.49574],[70.96878,30.49607]]]]}},{"type":"Feature","properties":{"name":"Municipal Committee Alipur","district":"Muzaffargarh"},"geometry":{"type":"MultiPolygon","coordinates":[[[[70.91613,29.37734],[70.91375,29.37464],[70.91087,29.37551],[70.90915,29.3742],[70.91006,29.37604],[70.90222,29.37883],[70.90226,29.38468],[70.90447,29.38525],[70.90429,29.38874],[70.91755,29.39472],[70.91867,29.39879],[70.92751,29.3987],[70.92536,29.39681],[70.92507,29.39384],[70.92185,29.3949],[70.91794,29.37958],[70.91613,29.37734]]]]}},{"type":"Feature","properties":{"name":"Municipal Committee Shehar Sultan","district":"Muzaffargarh"},"geometry":{"type":"MultiPolygon","coordinates":[[[[71.02229,29.56673],[71.01988,29.56668],[71.01342,29.56173],[71.0116,29.56243],[71.01026,29.56548],[71.00847,29.56577],[71.01013,29.57034],[71.00603,29.57314],[71.00628,29.57752],[71.01147,29.5819],[71.01149,29.58376],[71.01678,29.58967],[71.01887,29.58892],[71.01941,29.57962],[71.02558,29.5765],[71.02229,29.56673]]]]}},{"type":"Feature","properties":{"name":"District Council Taunsa Sharif","district":"Taunsa Sharif"},"geometry":{"type":"MultiPolygon","coordinates":[[[[70.32454,29.99691],[70.2983,29.99101],[70.29046,29.98427],[70.28803,29.97849],[70.25276,29.94904],[70.24888,29.94814],[70.24442,29.93952],[70.24145,29.93744],[70.22866,29.91334],[70.22241,29.89639],[70.22241,29.88985],[70.21527,29.87051],[70.21372,29.87039],[70.21409,29.85958],[70.20851,29.85781],[70.17495,29.80358],[70.17304,29.79556],[70.16794,29.78836],[70.1678,29.77923],[70.15106,29.78751],[70.13912,29.80103],[70.13205,29.80443],[70.12305,29.81415],[70.11155,29.82025],[70.10929,29.8241],[70.10816,29.83125],[70.10395,29.83832],[70.09952,29.84213],[70.09771,29.85689],[70.09302,29.86129],[70.08341,29.86661],[70.08052,29.8714],[70.07786,29.87233],[70.07526,29.87754],[70.06291,29.87962],[70.06384,29.88276],[70.05723,29.88534],[70.05016,29.89061],[70.04215,29.89334],[70.03342,29.88844],[70.02047,29.88935],[70.006,29.88536],[70.00013,29.8884],[69.99183,29.90728],[69.98294,29.90709],[69.97063,29.89874],[69.96546,29.90371],[69.96336,29.90817],[69.96398,29.91445],[69.96213,29.91724],[69.96311,29.92162],[69.96115,29.92598],[69.96378,29.93288],[69.95935,29.94736],[69.95084,29.94834],[69.9443,29.9414],[69.93735,29.93859],[69.93077,29.9383],[69.92562,29.9342],[69.91509,29.93858],[69.91605,29.94836],[69.92108,29.95068],[69.91856,29.9551],[69.92027,29.96023],[69.92721,29.97581],[69.9435,29.99964],[69.94219,30.00034],[69.94943,30.00929],[69.95858,30.01452],[69.96913,30.02387],[69.97416,30.03151],[69.97728,30.04588],[69.97768,30.05865],[69.96652,30.07604],[69.97134,30.09263],[69.99437,30.12722],[69.99869,30.14823],[70.0004,30.14803],[70.01186,30.15979],[70.01488,30.16632],[70.02201,30.17075],[70.02795,30.17809],[70.02684,30.18583],[70.03337,30.19337],[70.0378,30.19518],[70.04001,30.19799],[70.04654,30.19548],[70.05197,30.20835],[70.0568,30.21066],[70.05841,30.21669],[70.06645,30.21921],[70.07057,30.23026],[70.07369,30.23127],[70.06806,30.23218],[70.06625,30.22906],[70.06233,30.23459],[70.05519,30.23861],[70.03468,30.24434],[70.02,30.25862],[70.01739,30.25912],[70.01307,30.25178],[69.99658,30.2527],[69.96629,30.21221],[69.95845,30.21213],[69.95853,30.21387],[69.95506,30.21718],[69.96011,30.23219],[69.96599,30.24274],[69.97759,30.25772],[69.97315,30.27031],[69.97088,30.27129],[69.96855,30.26948],[69.96651,30.27189],[69.9565,30.26358],[69.95449,30.25728],[69.95221,30.25714],[69.94899,30.25366],[69.94457,30.25687],[69.94091,30.26354],[69.94295,30.28051],[69.94634,30.28599],[69.94385,30.29385],[69.95002,30.29527],[69.95256,30.29934],[69.95171,30.30403],[69.95279,30.30618],[69.96008,30.30935],[69.96189,30.31336],[69.96065,30.31834],[69.9667,30.32603],[69.97162,30.3279],[69.97139,30.3344],[69.98185,30.34961],[69.9857,30.35866],[69.99254,30.36635],[69.99403,30.37125],[69.9939,30.37272],[69.98706,30.37688],[69.98773,30.38733],[69.98679,30.39283],[69.98478,30.3939],[69.98452,30.40087],[69.97366,30.40985],[69.97393,30.41454],[69.9754,30.41696],[69.98478,30.42071],[69.98836,30.42614],[69.99604,30.42832],[69.99822,30.43133],[69.99832,30.436],[70.00455,30.45708],[70.01057,30.46431],[70.01127,30.47155],[70.02163,30.49179],[70.02677,30.49561],[70.02711,30.50126],[70.03115,30.50647],[70.03559,30.5194],[70.04042,30.52329],[70.04026,30.52781],[70.04213,30.52991],[70.05148,30.53193],[70.04992,30.53668],[70.05693,30.54314],[70.05903,30.55062],[70.06339,30.55537],[70.0651,30.56059],[70.07094,30.56938],[70.07834,30.57585],[70.08301,30.58643],[70.08706,30.59017],[70.08558,30.59368],[70.08955,30.6031],[70.08792,30.62427],[70.08519,30.6256],[70.0813,30.63183],[70.07164,30.65075],[70.07717,30.6734],[70.07943,30.67745],[70.08161,30.71802],[70.09446,30.72028],[70.10761,30.71973],[70.1196,30.71716],[70.13599,30.72078],[70.1382,30.73532],[70.14222,30.74044],[70.13959,30.75373],[70.14429,30.76065],[70.15465,30.76176],[70.15957,30.75758],[70.1635,30.75783],[70.16744,30.75561],[70.16867,30.75783],[70.17261,30.75807],[70.18934,30.75635],[70.19316,30.76406],[70.19534,30.77454],[70.1943,30.77828],[70.19637,30.78689],[70.19502,30.79105],[70.19679,30.80631],[70.20281,30.82541],[70.21309,30.82821],[70.22617,30.82448],[70.2325,30.82448],[70.24122,30.82697],[70.24257,30.83091],[70.25596,30.82821],[70.26043,30.82904],[70.26115,30.83091],[70.26479,30.87451],[70.26084,30.87493],[70.26032,30.87233],[70.25031,30.87166],[70.24721,30.86608],[70.2407,30.86773],[70.23046,30.86597],[70.2409,30.91023],[70.24214,30.93225],[70.24442,30.9399],[70.24214,30.94838],[70.24307,30.9611],[70.23863,30.97051],[70.23773,30.98576],[70.24752,31.00189],[70.24807,31.01113],[70.24338,31.02064],[70.24214,31.03277],[70.24311,31.03746],[70.24035,31.04959],[70.24214,31.0558],[70.2502,31.05314],[70.25431,31.05345],[70.25788,31.06074],[70.26137,31.06066],[70.26292,31.06291],[70.27013,31.06547],[70.26517,31.07268],[70.26827,31.08501],[70.26757,31.09254],[70.27114,31.10595],[70.27106,31.11549],[70.26897,31.12154],[70.26439,31.1265],[70.26354,31.13286],[70.26486,31.14116],[70.25803,31.14697],[70.25827,31.15077],[70.26245,31.15403],[70.25951,31.15667],[70.25966,31.15853],[70.27168,31.15938],[70.29076,31.16605],[70.29456,31.17032],[70.30255,31.17187],[70.30464,31.17931],[70.32263,31.1804],[70.33752,31.18637],[70.34613,31.18536],[70.35125,31.19133],[70.39041,31.19071],[70.40841,31.1943],[70.41039,31.19968],[70.4105,31.21507],[70.40632,31.21913],[70.40489,31.22463],[70.40632,31.25013],[70.40533,31.25639],[70.41006,31.25452],[70.42171,31.24518],[70.42435,31.24474],[70.42336,31.24782],[70.42863,31.2538],[70.43171,31.26738],[70.44622,31.28354],[70.45138,31.29497],[70.47721,31.2998],[70.49326,31.30013],[70.50743,31.30376],[70.52315,31.30541],[70.52854,31.30849],[70.52887,31.31332],[70.53117,31.3175],[70.54118,31.32431],[70.54085,31.32651],[70.54579,31.33333],[70.5581,31.33563],[70.55865,31.33838],[70.56162,31.33838],[70.56162,31.33497],[70.56689,31.33311],[70.57349,31.3386],[70.5858,31.33596],[70.6025,31.32585],[70.61041,31.32574],[70.61415,31.32343],[70.61624,31.32431],[70.61888,31.3197],[70.62723,31.32069],[70.63426,31.31893],[70.64722,31.31258],[70.6525,31.31434],[70.66207,31.31122],[70.67379,31.31337],[70.68594,31.31256],[70.68544,31.30129],[70.68816,31.29791],[70.69867,31.29491],[70.70186,31.28675],[70.72585,31.29168],[70.73076,31.28637],[70.7385,31.28388],[70.73178,31.28158],[70.73708,31.26719],[70.75441,31.27268],[70.75298,31.28559],[70.75533,31.29224],[70.75136,31.31278],[70.75761,31.31024],[70.7709,31.30809],[70.77695,31.306],[70.76271,31.28474],[70.79399,31.2823],[70.78738,31.24888],[70.78919,31.2338],[70.78748,31.20786],[70.78486,31.20613],[70.78738,31.18112],[70.79852,31.16761],[70.79663,31.15479],[70.80207,31.14036],[70.80266,31.09397],[70.79566,31.08157],[70.79826,31.05742],[70.80165,31.05446],[70.8003,31.0113],[70.79351,31.00028],[70.79612,30.99938],[70.79423,30.99578],[70.78658,30.99686],[70.7846,30.98929],[70.77894,30.98309],[70.77984,30.97123],[70.8095,30.97625],[70.81429,30.96817],[70.81372,30.96463],[70.80933,30.95959],[70.8152,30.95442],[70.80638,30.94569],[70.78989,30.94308],[70.78843,30.92599],[70.77773,30.92609],[70.77672,30.92247],[70.77793,30.91222],[70.77968,30.9094],[70.77459,30.88803],[70.79935,30.88776],[70.79523,30.8362],[70.75498,30.82595],[70.75647,30.82344],[70.75342,30.81508],[70.75511,30.81179],[70.75342,30.80716],[70.7539,30.80072],[70.7453,30.78915],[70.74766,30.78606],[70.74984,30.78569],[70.75012,30.78278],[70.74675,30.78197],[70.74546,30.77953],[70.74596,30.77601],[70.74921,30.77487],[70.74998,30.7662],[70.75469,30.76647],[70.75721,30.76395],[70.76225,30.76234],[70.79145,30.76754],[70.7919,30.76093],[70.7952,30.75508],[70.80065,30.7547],[70.80759,30.74997],[70.80857,30.74613],[70.80771,30.73181],[70.80413,30.72395],[70.80406,30.71317],[70.80779,30.71237],[70.80862,30.70232],[70.81119,30.69757],[70.80675,30.69401],[70.80165,30.6802],[70.80168,30.67315],[70.7987,30.66707],[70.80085,30.65112],[70.79803,30.64026],[70.79844,30.629],[70.79708,30.62576],[70.79872,30.62565],[70.80479,30.6144],[70.80487,30.61082],[70.80259,30.60796],[70.80527,30.60059],[70.81512,30.59581],[70.81197,30.59442],[70.80948,30.59049],[70.79864,30.58566],[70.79696,30.58329],[70.79927,30.57598],[70.79911,30.5648],[70.80085,30.55957],[70.81653,30.55769],[70.79562,30.54107],[70.79214,30.53625],[70.79388,30.52539],[70.79629,30.5219],[70.79455,30.50274],[70.79719,30.49578],[70.78244,30.49187],[70.77388,30.46868],[70.76826,30.4669],[70.76751,30.47989],[70.77584,30.49669],[70.76787,30.49291],[70.76589,30.48943],[70.7611,30.49122],[70.74466,30.49107],[70.74274,30.48874],[70.74276,30.48493],[70.73932,30.48492],[70.73786,30.48004],[70.73443,30.48001],[70.73421,30.48266],[70.72968,30.48335],[70.72745,30.48296],[70.72805,30.47918],[70.72524,30.4796],[70.72537,30.48135],[70.71426,30.48202],[70.71157,30.48454],[70.71906,30.48668],[70.71842,30.49025],[70.72208,30.48999],[70.72262,30.49139],[70.72799,30.49123],[70.72772,30.48806],[70.73045,30.48814],[70.7295,30.49544],[70.72799,30.4955],[70.72889,30.50703],[70.72374,30.50712],[70.71982,30.50914],[70.71811,30.50891],[70.71723,30.50337],[70.69662,30.50462],[70.6779,30.50103],[70.66881,30.50081],[70.66634,30.50324],[70.65767,30.50448],[70.65805,30.4991],[70.656,30.49863],[70.65733,30.48866],[70.66398,30.48751],[70.66216,30.47224],[70.65574,30.47117],[70.64824,30.46546],[70.60382,30.46294],[70.59205,30.461],[70.57854,30.45696],[70.57722,30.45279],[70.57297,30.44836],[70.56008,30.44436],[70.56271,30.42897],[70.56023,30.41569],[70.5552,30.40697],[70.55379,30.39504],[70.54654,30.38847],[70.54577,30.37275],[70.54305,30.36628],[70.53937,30.3447],[70.52299,30.2986],[70.52196,30.28878],[70.51824,30.28459],[70.51782,30.26886],[70.51223,30.26802],[70.51172,30.25699],[70.50312,30.2346],[70.49941,30.21366],[70.49013,30.19795],[70.47871,30.17368],[70.46449,30.15122],[70.46029,30.13732],[70.44965,30.12352],[70.43981,30.10517],[70.42921,30.0941],[70.42374,30.08231],[70.4171,30.07441],[70.4179,30.06974],[70.40468,30.05776],[70.40233,30.05022],[70.39555,30.04948],[70.37038,30.02665],[70.3297,29.99565],[70.32454,29.99691]],[[70.65853,30.65998],[70.66331,30.66243],[70.66481,30.66919],[70.67568,30.67129],[70.68409,30.67121],[70.68408,30.66986],[70.69051,30.67132],[70.69113,30.67654],[70.69382,30.67717],[70.69454,30.68084],[70.69828,30.68443],[70.69764,30.68957],[70.69371,30.68931],[70.68677,30.69909],[70.69522,30.70572],[70.70063,30.70609],[70.7058,30.70905],[70.70523,30.71095],[70.70786,30.7119],[70.70769,30.71502],[70.69949,30.71186],[70.6948,30.71146],[70.68365,30.71399],[70.67121,30.7104],[70.66893,30.72061],[70.66615,30.71973],[70.66166,30.72153],[70.65942,30.72735],[70.66199,30.73398],[70.65978,30.73388],[70.65952,30.73158],[70.65461,30.73222],[70.65385,30.7298],[70.6456,30.72803],[70.63953,30.72285],[70.6317,30.72214],[70.62711,30.71881],[70.61858,30.72085],[70.62437,30.70445],[70.62287,30.69808],[70.59235,30.69557],[70.59201,30.68908],[70.6018,30.68867],[70.60222,30.68548],[70.58426,30.68331],[70.59215,30.68201],[70.59232,30.67744],[70.58688,30.67667],[70.59114,30.67314],[70.60141,30.67099],[70.60906,30.66604],[70.62183,30.66478],[70.62183,30.66356],[70.6305,30.66201],[70.6393,30.65689],[70.63909,30.65561],[70.6481,30.65333],[70.65818,30.65351],[70.65853,30.65998]]]]}},{"type":"Feature","properties":{"name":"Municipal Committee Taunsa Sharif","district":"Taunsa Sharif"},"geometry":{"type":"MultiPolygon","coordinates":[[[[70.61865,30.72074],[70.62244,30.72093],[70.62711,30.71881],[70.6317,30.72214],[70.63953,30.72285],[70.6456,30.72803],[70.65385,30.7298],[70.65461,30.73222],[70.65952,30.73158],[70.65978,30.73388],[70.66195,30.73409],[70.65946,30.72641],[70.66316,30.72045],[70.66893,30.72061],[70.67121,30.7104],[70.68365,30.71399],[70.6948,30.71146],[70.69949,30.71186],[70.70769,30.71502],[70.70786,30.7119],[70.70523,30.71095],[70.7058,30.70905],[70.70063,30.70609],[70.69522,30.70572],[70.68677,30.69909],[70.69371,30.68931],[70.69764,30.68957],[70.69828,30.68443],[70.69454,30.68084],[70.69382,30.67717],[70.69113,30.67654],[70.69051,30.67132],[70.68408,30.66986],[70.68409,30.67121],[70.67568,30.67129],[70.66481,30.66919],[70.66331,30.66243],[70.65872,30.66059],[70.65818,30.65351],[70.6481,30.65333],[70.63909,30.65561],[70.6393,30.65689],[70.6305,30.66201],[70.62183,30.66356],[70.62183,30.66478],[70.60906,30.66604],[70.60141,30.67099],[70.59114,30.67314],[70.58688,30.67667],[70.59232,30.67744],[70.59215,30.68201],[70.58417,30.6824],[70.60222,30.68548],[70.6018,30.68867],[70.59201,30.68908],[70.59235,30.69557],[70.62287,30.69808],[70.62437,30.70445],[70.61865,30.72074]]]]}},{"type":"Feature","properties":{"name":"District Council DG Khan","district":"DG Khan"},"geometry":{"type":"MultiPolygon","coordinates":[[[[70.72374,30.50712],[70.72889,30.50703],[70.72799,30.4955],[70.7295,30.49544],[70.73045,30.48814],[70.72772,30.48806],[70.72799,30.49123],[70.71842,30.49025],[70.71906,30.48668],[70.71197,30.48554],[70.7117,30.48377],[70.71426,30.48202],[70.72537,30.48135],[70.72524,30.4796],[70.72805,30.47918],[70.72745,30.48296],[70.73097,30.48327],[70.73421,30.48266],[70.73397,30.48022],[70.73786,30.48004],[70.73932,30.48492],[70.74276,30.48493],[70.74274,30.48874],[70.74466,30.49107],[70.7611,30.49122],[70.76589,30.48943],[70.76787,30.49291],[70.77584,30.49669],[70.76751,30.47989],[70.76826,30.4669],[70.77388,30.46868],[70.78244,30.49187],[70.79719,30.49578],[70.80656,30.49541],[70.81345,30.45744],[70.82631,30.45328],[70.83105,30.45456],[70.8306,30.44899],[70.84184,30.44986],[70.84127,30.414],[70.82953,30.4116],[70.78919,30.41106],[70.7871,30.4069],[70.79407,30.39668],[70.79599,30.38742],[70.79359,30.37457],[70.78671,30.3734],[70.78429,30.36432],[70.77485,30.3667],[70.77257,30.35222],[70.79469,30.34879],[70.7908,30.34713],[70.79022,30.3452],[70.79147,30.33346],[70.78766,30.33218],[70.78677,30.32176],[70.80487,30.32228],[70.8025,30.29677],[70.7924,30.29378],[70.79642,30.28567],[70.78637,30.26631],[70.79616,30.24928],[70.79884,30.24124],[70.79835,30.2213],[70.79326,30.20723],[70.79679,30.20494],[70.79353,30.19812],[70.79487,30.19557],[70.8009,30.19302],[70.80092,30.19059],[70.80612,30.19061],[70.81005,30.18806],[70.81028,30.18039],[70.8059,30.17235],[70.80586,30.16354],[70.81447,30.1681],[70.82089,30.16883],[70.82904,30.14665],[70.83969,30.14997],[70.83541,30.12584],[70.82797,30.11542],[70.82489,30.10831],[70.83513,30.09441],[70.84006,30.0845],[70.84166,30.07689],[70.835,30.07395],[70.83446,30.07084],[70.83792,30.06152],[70.84602,30.06162],[70.85753,30.05604],[70.85592,30.05056],[70.85994,30.04564],[70.85856,30.03634],[70.86,30.03504],[70.85874,30.03263],[70.85075,30.0329],[70.84047,30.03699],[70.84149,30.03334],[70.83963,30.03056],[70.84051,30.02412],[70.84445,30.02134],[70.85043,30.011],[70.8482,29.99815],[70.85094,29.99644],[70.86056,29.99964],[70.85892,29.97862],[70.84368,29.95168],[70.8642,29.94252],[70.86178,29.93614],[70.86615,29.93381],[70.87859,29.92876],[70.89138,29.9286],[70.89943,29.92574],[70.90772,29.92537],[70.90943,29.91077],[70.90686,29.90622],[70.89716,29.89645],[70.891,29.89835],[70.85936,29.89696],[70.85797,29.89183],[70.85507,29.8882],[70.85504,29.88443],[70.84845,29.87367],[70.84288,29.87228],[70.83916,29.86837],[70.86782,29.86012],[70.86637,29.84002],[70.86178,29.83301],[70.85228,29.82426],[70.85738,29.81865],[70.85577,29.81288],[70.86237,29.80746],[70.84852,29.78812],[70.84164,29.78204],[70.84161,29.77786],[70.83984,29.77594],[70.84127,29.77348],[70.82897,29.76066],[70.82686,29.75341],[70.80289,29.75575],[70.79769,29.7411],[70.79312,29.74162],[70.782,29.72424],[70.74511,29.67577],[70.73829,29.67833],[70.7339,29.67672],[70.72866,29.66973],[70.73134,29.66866],[70.73207,29.66566],[70.73585,29.66522],[70.73434,29.66112],[70.74349,29.65702],[70.73189,29.62992],[70.71392,29.61196],[70.70332,29.61558],[70.70261,29.61876],[70.7057,29.62252],[70.70376,29.62716],[70.71208,29.62761],[70.71468,29.62959],[70.72696,29.6295],[70.72765,29.63103],[70.72474,29.63446],[70.72608,29.63683],[70.72269,29.63715],[70.72206,29.64266],[70.71434,29.64367],[70.71363,29.65063],[70.70942,29.65096],[70.70726,29.66035],[70.70939,29.66387],[70.70607,29.66509],[70.70969,29.66717],[70.70834,29.67087],[70.70489,29.67138],[70.70381,29.67524],[70.69732,29.67121],[70.69269,29.67049],[70.69075,29.6761],[70.69475,29.68143],[70.69495,29.68412],[70.69237,29.68398],[70.69172,29.68668],[70.68703,29.68866],[70.68039,29.68603],[70.68041,29.68258],[70.67327,29.68204],[70.67244,29.68662],[70.66582,29.68619],[70.66809,29.6925],[70.66518,29.69704],[70.66615,29.69898],[70.66788,29.69814],[70.67,29.69951],[70.67295,29.7048],[70.67911,29.70808],[70.67979,29.71368],[70.68946,29.7178],[70.68956,29.72088],[70.69397,29.72731],[70.69377,29.73092],[70.69151,29.73205],[70.68104,29.732],[70.68739,29.73504],[70.686,29.73772],[70.68179,29.73696],[70.68231,29.74183],[70.68082,29.74182],[70.68039,29.74439],[70.67307,29.74333],[70.67307,29.74806],[70.67554,29.75023],[70.67715,29.7579],[70.67071,29.75791],[70.66988,29.75391],[70.66777,29.75269],[70.66572,29.75326],[70.66323,29.75804],[70.65507,29.76164],[70.64463,29.75935],[70.64352,29.76213],[70.64168,29.76206],[70.63739,29.75759],[70.6357,29.7607],[70.63128,29.76155],[70.63,29.76381],[70.62212,29.76372],[70.61737,29.76761],[70.61754,29.77144],[70.61155,29.77229],[70.61059,29.76653],[70.60464,29.76631],[70.60132,29.76443],[70.59762,29.76523],[70.59611,29.76426],[70.59617,29.7585],[70.58424,29.7566],[70.58464,29.74736],[70.59028,29.74513],[70.59214,29.73794],[70.58898,29.73206],[70.58611,29.73078],[70.57999,29.73133],[70.57455,29.72522],[70.57103,29.72512],[70.57022,29.72379],[70.56996,29.72063],[70.57564,29.71816],[70.57616,29.70962],[70.57784,29.70837],[70.57818,29.70515],[70.57695,29.70471],[70.5771,29.7],[70.56952,29.69457],[70.56473,29.68458],[70.56545,29.67755],[70.56314,29.67624],[70.56222,29.67209],[70.55986,29.67184],[70.55799,29.66935],[70.55776,29.66557],[70.56014,29.66237],[70.55393,29.66099],[70.55335,29.65386],[70.55618,29.65341],[70.55572,29.64814],[70.55737,29.64685],[70.55669,29.63839],[70.55341,29.6335],[70.54355,29.6312],[70.54023,29.627],[70.53467,29.62576],[70.53422,29.61633],[70.42082,29.57057],[70.41799,29.57539],[70.4236,29.59182],[70.41674,29.59378],[70.41426,29.60809],[70.41124,29.6105],[70.39193,29.617],[70.39011,29.62153],[70.38627,29.62281],[70.38466,29.62728],[70.38093,29.6291],[70.3961,29.65167],[70.39281,29.65584],[70.38123,29.66133],[70.36796,29.67332],[70.354,29.69857],[70.3608,29.69752],[70.3695,29.70785],[70.33871,29.73741],[70.3336,29.73732],[70.31349,29.74907],[70.29959,29.74936],[70.29545,29.73794],[70.28431,29.72756],[70.28359,29.72361],[70.27414,29.72448],[70.2622,29.7279],[70.25837,29.72609],[70.25273,29.71915],[70.24926,29.71841],[70.23444,29.72417],[70.20991,29.73915],[70.20916,29.74303],[70.20498,29.74398],[70.20058,29.74794],[70.19806,29.75456],[70.18332,29.76562],[70.18091,29.77516],[70.1678,29.77923],[70.16794,29.78836],[70.17304,29.79556],[70.17495,29.80358],[70.18832,29.82381],[70.19384,29.83526],[70.20851,29.85781],[70.21409,29.85958],[70.21372,29.87039],[70.21527,29.87051],[70.22241,29.88985],[70.22241,29.89639],[70.22866,29.91334],[70.24145,29.93744],[70.24442,29.93952],[70.24888,29.94814],[70.25276,29.94904],[70.28803,29.97849],[70.29046,29.98427],[70.2983,29.99101],[70.3128,29.99523],[70.31956,29.99486],[70.32454,29.99691],[70.3297,29.99565],[70.37038,30.02665],[70.39555,30.04948],[70.40233,30.05022],[70.40468,30.05776],[70.4179,30.06974],[70.4171,30.07441],[70.42374,30.08231],[70.42921,30.0941],[70.43981,30.10517],[70.44965,30.12352],[70.46029,30.13732],[70.46449,30.15122],[70.47871,30.17368],[70.49013,30.19795],[70.49941,30.21366],[70.50312,30.2346],[70.51172,30.25699],[70.51223,30.26802],[70.51782,30.26886],[70.51824,30.28459],[70.52196,30.28878],[70.52299,30.2986],[70.53937,30.3447],[70.54305,30.36628],[70.54577,30.37275],[70.54654,30.38847],[70.55379,30.39504],[70.5552,30.40697],[70.56023,30.41569],[70.56271,30.42897],[70.56008,30.44436],[70.57297,30.44836],[70.57722,30.45279],[70.57854,30.45696],[70.59205,30.461],[70.60382,30.46294],[70.64824,30.46546],[70.65574,30.47117],[70.66216,30.47224],[70.66398,30.48751],[70.65733,30.48866],[70.656,30.49863],[70.65805,30.4991],[70.65767,30.50448],[70.66634,30.50324],[70.66881,30.50081],[70.6779,30.50103],[70.69662,30.50462],[70.7168,30.5033],[70.71803,30.50362],[70.71811,30.50891],[70.72227,30.50873],[70.72374,30.50712]],[[70.65921,30.09887],[70.65721,30.09341],[70.63123,30.09381],[70.63509,30.07672],[70.62748,30.07166],[70.62635,30.0678],[70.61464,30.0694],[70.61457,30.06291],[70.61005,30.04615],[70.61375,30.04249],[70.61368,30.01237],[70.62535,30.01222],[70.62531,30.02354],[70.63297,30.02795],[70.6473,30.00388],[70.65401,30.01182],[70.65709,30.02138],[70.66639,30.037],[70.67001,30.03968],[70.67437,30.04774],[70.67993,30.05021],[70.68275,30.0546],[70.68264,30.05824],[70.68001,30.06257],[70.68051,30.06519],[70.6684,30.09041],[70.66886,30.09912],[70.65921,30.09887]],[[70.67528,29.91986],[70.6748,29.91477],[70.66924,29.91478],[70.66951,29.91154],[70.66637,29.90767],[70.66437,29.90769],[70.66444,29.91358],[70.65099,29.91396],[70.64877,29.90955],[70.64496,29.9088],[70.64563,29.90392],[70.64394,29.90053],[70.63872,29.90115],[70.63664,29.90337],[70.63804,29.90714],[70.64155,29.90934],[70.63042,29.91429],[70.62829,29.91365],[70.62819,29.91147],[70.62362,29.91307],[70.62472,29.90508],[70.62348,29.90506],[70.62327,29.90234],[70.62062,29.90503],[70.61779,29.90523],[70.61666,29.90129],[70.61915,29.90012],[70.61916,29.89579],[70.61519,29.89583],[70.61531,29.89308],[70.61281,29.88987],[70.61382,29.88606],[70.60928,29.88427],[70.60678,29.88056],[70.60742,29.87108],[70.61206,29.87002],[70.61216,29.87157],[70.6156,29.87108],[70.61628,29.87369],[70.62074,29.87356],[70.6261,29.87672],[70.62892,29.87622],[70.62955,29.8784],[70.6351,29.88201],[70.63803,29.87996],[70.64331,29.88105],[70.64831,29.87759],[70.65046,29.8777],[70.65181,29.88036],[70.65328,29.87932],[70.65458,29.87],[70.66365,29.87001],[70.6651,29.87278],[70.66851,29.87225],[70.67124,29.87386],[70.68253,29.87125],[70.68374,29.87541],[70.68638,29.87545],[70.68857,29.87879],[70.68517,29.88856],[70.6914,29.88851],[70.69107,29.89472],[70.68858,29.89686],[70.6873,29.90164],[70.68313,29.90121],[70.68181,29.90926],[70.67763,29.91149],[70.68204,29.91496],[70.68247,29.91905],[70.67826,29.91969],[70.67631,29.92202],[70.67528,29.91986]]]]}},{"type":"Feature","properties":{"name":"Municipal Corporation DG Khan","district":"DG Khan"},"geometry":{"type":"MultiPolygon","coordinates":[[[[70.63123,30.09381],[70.65721,30.09341],[70.65921,30.09887],[70.66886,30.09912],[70.66847,30.09019],[70.68285,30.05737],[70.68025,30.05054],[70.67471,30.04809],[70.67001,30.03968],[70.6663,30.03688],[70.65709,30.02138],[70.65401,30.01182],[70.6473,30.00388],[70.63297,30.02795],[70.62531,30.02354],[70.62535,30.01222],[70.61368,30.01237],[70.61375,30.04249],[70.61005,30.04615],[70.61457,30.06291],[70.61464,30.0694],[70.62635,30.0678],[70.62748,30.07166],[70.63509,30.07672],[70.63123,30.09381]]]]}},{"type":"Feature","properties":{"name":"Municipal Committee Kot Chutta","district":"DG Khan"},"geometry":{"type":"MultiPolygon","coordinates":[[[[70.60655,29.8738],[70.60678,29.88056],[70.60928,29.88427],[70.61382,29.88606],[70.61281,29.88987],[70.61531,29.89308],[70.61519,29.89583],[70.61916,29.89579],[70.61915,29.90012],[70.61666,29.90129],[70.61779,29.90523],[70.62062,29.90503],[70.62327,29.90234],[70.62348,29.90506],[70.62476,29.90517],[70.62362,29.91307],[70.62819,29.91147],[70.62829,29.91365],[70.63042,29.91429],[70.64155,29.90934],[70.63804,29.90714],[70.63664,29.90337],[70.63872,29.90115],[70.64394,29.90053],[70.64563,29.90392],[70.64496,29.9088],[70.64877,29.90955],[70.65099,29.91396],[70.66444,29.91358],[70.66437,29.90769],[70.66637,29.90767],[70.66951,29.91154],[70.66924,29.91478],[70.6748,29.91477],[70.67631,29.92202],[70.67826,29.91969],[70.68247,29.91905],[70.68204,29.91496],[70.67763,29.91149],[70.68181,29.90926],[70.68313,29.90121],[70.6873,29.90164],[70.68858,29.89686],[70.69107,29.89472],[70.6914,29.88851],[70.68517,29.88856],[70.68857,29.87879],[70.68638,29.87545],[70.68374,29.87541],[70.68253,29.87125],[70.67124,29.87386],[70.66851,29.87225],[70.6651,29.87278],[70.66365,29.87001],[70.65458,29.87],[70.65328,29.87932],[70.65181,29.88036],[70.65046,29.8777],[70.64831,29.87759],[70.64331,29.88105],[70.63803,29.87996],[70.6351,29.88201],[70.62955,29.8784],[70.62892,29.87622],[70.6261,29.87672],[70.62074,29.87356],[70.61628,29.87369],[70.6156,29.87108],[70.61216,29.87157],[70.61206,29.87002],[70.60742,29.87108],[70.60655,29.8738]]]]}},{"type":"Feature","properties":{"name":"Municipal Committee Kotli Satian","district":"Murree"},"geometry":{"type":"MultiPolygon","coordinates":[[[[73.52597,33.82924],[73.52482,33.82277],[73.53041,33.81504],[73.53254,33.82116],[73.53514,33.82118],[73.53682,33.81919],[73.53276,33.81487],[73.53898,33.81431],[73.5414,33.81085],[73.5483,33.81153],[73.54994,33.80906],[73.55736,33.80584],[73.56202,33.80727],[73.56109,33.80837],[73.56545,33.81287],[73.56688,33.81775],[73.57281,33.81949],[73.56896,33.81401],[73.56049,33.78605],[73.55415,33.78835],[73.55336,33.78402],[73.54841,33.78616],[73.5484,33.78041],[73.54641,33.77677],[73.5409,33.77214],[73.53291,33.76842],[73.53199,33.76511],[73.51829,33.768],[73.51349,33.76456],[73.51306,33.76651],[73.5091,33.76417],[73.5085,33.76569],[73.50604,33.76571],[73.49969,33.76286],[73.49069,33.76142],[73.48734,33.75703],[73.48281,33.76118],[73.48426,33.76983],[73.48717,33.77345],[73.48839,33.77838],[73.48292,33.77755],[73.48955,33.7876],[73.48141,33.79199],[73.468,33.78776],[73.4635,33.78815],[73.46231,33.78621],[73.4399,33.79882],[73.44649,33.80205],[73.45084,33.80834],[73.47106,33.80928],[73.47189,33.81273],[73.47493,33.8154],[73.47554,33.81948],[73.47991,33.82511],[73.48484,33.8255],[73.48872,33.82969],[73.49254,33.82351],[73.49186,33.81644],[73.49304,33.81451],[73.49669,33.81245],[73.5036,33.81212],[73.50611,33.81501],[73.50412,33.8164],[73.50389,33.8206],[73.50721,33.82247],[73.5091,33.8287],[73.50168,33.82608],[73.49961,33.82778],[73.50352,33.83543],[73.50209,33.83753],[73.50268,33.84055],[73.50696,33.84314],[73.51669,33.84484],[73.52727,33.85722],[73.52915,33.85766],[73.53107,33.85447],[73.52992,33.8441],[73.5208,33.83638],[73.52534,33.83279],[73.52597,33.82924]]]]}},{"type":"Feature","properties":{"name":"Municipal Corporation Murree","district":"Murree"},"geometry":{"type":"MultiPolygon","coordinates":[[[[73.2306,33.77843],[73.21781,33.78034],[73.21342,33.78523],[73.21428,33.78731],[73.21609,33.78742],[73.2189,33.79529],[73.21214,33.80706],[73.21098,33.81407],[73.22214,33.8169],[73.23787,33.82384],[73.24256,33.83751],[73.24827,33.84339],[73.25852,33.84527],[73.26199,33.84308],[73.26455,33.8386],[73.26745,33.83783],[73.285,33.84736],[73.29899,33.84628],[73.30995,33.85734],[73.31623,33.85603],[73.31948,33.86029],[73.31653,33.8621],[73.31644,33.86409],[73.32729,33.87041],[73.33119,33.87853],[73.33009,33.88193],[73.32597,33.88235],[73.32634,33.88688],[73.33326,33.89278],[73.3388,33.90204],[73.34772,33.90765],[73.34652,33.91867],[73.35188,33.91923],[73.35731,33.92506],[73.36561,33.92683],[73.37482,33.93303],[73.37918,33.93729],[73.38495,33.94698],[73.38445,33.95812],[73.37607,33.95267],[73.37057,33.95304],[73.37081,33.95495],[73.37618,33.95933],[73.37649,33.96222],[73.38058,33.96083],[73.38505,33.96247],[73.39418,33.97336],[73.4016,33.97627],[73.41515,33.96555],[73.41482,33.96217],[73.41799,33.96028],[73.41532,33.9584],[73.4156,33.95665],[73.41898,33.95473],[73.42265,33.95482],[73.42281,33.96219],[73.43217,33.96658],[73.44078,33.97479],[73.44256,33.98272],[73.45473,33.98279],[73.47678,33.977],[73.47941,33.97378],[73.47757,33.96201],[73.4743,33.96024],[73.47465,33.94718],[73.47187,33.93572],[73.46039,33.93297],[73.44634,33.91026],[73.51167,33.9063],[73.51125,33.90175],[73.50596,33.89033],[73.49545,33.87598],[73.48005,33.86062],[73.45875,33.82981],[73.45766,33.82703],[73.45882,33.826],[73.47293,33.8236],[73.47977,33.82473],[73.47554,33.81948],[73.47493,33.8154],[73.47189,33.81273],[73.47106,33.80928],[73.45084,33.80834],[73.44649,33.80205],[73.4399,33.79882],[73.41245,33.81043],[73.39577,33.80086],[73.39228,33.79226],[73.38465,33.79866],[73.37322,33.80383],[73.35978,33.80819],[73.34827,33.8094],[73.33518,33.80425],[73.29769,33.7972],[73.29222,33.79857],[73.28441,33.79422],[73.26367,33.79916],[73.25514,33.79814],[73.23767,33.78593],[73.2306,33.77843]]]]}},{"type":"Feature","properties":{"name":"Municipal Corporation Rawalpindi","district":"Rawalpindi"},"geometry":{"type":"MultiPolygon","coordinates":[[[[73.09944,33.63602],[73.10121,33.63324],[73.09552,33.63302],[73.09638,33.62158],[73.08073,33.62899],[73.07828,33.62749],[73.07967,33.62948],[73.07497,33.62661],[73.08141,33.62193],[73.08147,33.61977],[73.07819,33.61733],[73.07748,33.61501],[73.07914,33.61342],[73.07759,33.61255],[73.0789,33.61147],[73.07537,33.60606],[73.07673,33.60444],[73.07566,33.60092],[73.07188,33.59847],[73.06695,33.59957],[73.06784,33.59768],[73.06624,33.59686],[73.06783,33.59226],[73.07446,33.58753],[73.07739,33.5833],[73.06555,33.58518],[73.06488,33.5957],[73.06299,33.5999],[73.0649,33.60189],[73.05851,33.60864],[73.05546,33.60838],[73.05609,33.60487],[73.05424,33.60394],[73.04137,33.60634],[73.03861,33.61066],[73.04315,33.61208],[73.04206,33.61779],[73.03921,33.62148],[73.03613,33.6202],[73.0299,33.62301],[73.02343,33.63023],[73.08517,33.66329],[73.10142,33.64254],[73.09605,33.64005],[73.09944,33.63602]]]]}},{"type":"Feature","properties":{"name":"Municipal Committee Kahuta","district":"Rawalpindi"},"geometry":{"type":"MultiPolygon","coordinates":[[[[73.36936,33.58718],[73.36661,33.59101],[73.3804,33.60043],[73.37472,33.60214],[73.37512,33.60571],[73.37827,33.60761],[73.38617,33.60614],[73.39531,33.60874],[73.39703,33.6079],[73.39979,33.61166],[73.40226,33.61184],[73.40697,33.60859],[73.40824,33.60539],[73.40503,33.60374],[73.40442,33.60173],[73.40814,33.59957],[73.43274,33.60535],[73.43363,33.60096],[73.43199,33.59701],[73.41899,33.59353],[73.4182,33.59769],[73.41633,33.59856],[73.41452,33.59269],[73.41209,33.5926],[73.41447,33.58744],[73.40202,33.58212],[73.40233,33.58076],[73.39996,33.58204],[73.39836,33.57993],[73.38366,33.57717],[73.37921,33.57878],[73.37282,33.57757],[73.37283,33.58049],[73.37075,33.58136],[73.37102,33.58619],[73.36936,33.58718]]]]}},{"type":"Feature","properties":{"name":"Municipal Committee Gujar Khan","district":"Rawalpindi"},"geometry":{"type":"MultiPolygon","coordinates":[[[[73.29193,33.25747],[73.29388,33.25853],[73.29396,33.26094],[73.29157,33.26127],[73.28997,33.26378],[73.29171,33.26825],[73.28932,33.27006],[73.29087,33.27275],[73.28675,33.2801],[73.28857,33.28085],[73.29077,33.27988],[73.29403,33.28162],[73.29427,33.28045],[73.29637,33.28096],[73.29743,33.27614],[73.30238,33.27529],[73.30353,33.27295],[73.30547,33.27548],[73.30716,33.27536],[73.31022,33.27283],[73.30859,33.26758],[73.31004,33.264],[73.31488,33.26712],[73.32488,33.26751],[73.32527,33.26424],[73.32392,33.26263],[73.32284,33.26393],[73.31495,33.26009],[73.32617,33.25795],[73.32296,33.2543],[73.31885,33.25327],[73.3154,33.24823],[73.32041,33.24366],[73.31893,33.24236],[73.32153,33.23979],[73.31805,33.23488],[73.31189,33.23995],[73.30712,33.23928],[73.30686,33.24044],[73.30414,33.2391],[73.30129,33.2433],[73.29325,33.2456],[73.29078,33.24497],[73.28914,33.24893],[73.29071,33.25132],[73.29286,33.2514],[73.29193,33.25747]]]]}},{"type":"Feature","properties":{"name":"Municipal Committee Taxila","district":"Rawalpindi"},"geometry":{"type":"MultiPolygon","coordinates":[[[[72.82425,33.75096],[72.82239,33.74817],[72.8181,33.74869],[72.81821,33.74308],[72.81651,33.74219],[72.81407,33.74412],[72.81495,33.73827],[72.81046,33.73493],[72.80329,33.7345],[72.80236,33.73046],[72.79632,33.73098],[72.79513,33.73634],[72.78969,33.73582],[72.78871,33.73756],[72.78598,33.73726],[72.78586,33.73932],[72.78863,33.73998],[72.79967,33.73724],[72.799,33.74506],[72.8039,33.74806],[72.8089,33.76361],[72.80534,33.76513],[72.80539,33.76748],[72.80841,33.76764],[72.80884,33.7661],[72.81426,33.7638],[72.81381,33.76282],[72.82573,33.7648],[72.82629,33.76355],[72.82294,33.76185],[72.82167,33.75909],[72.82497,33.75764],[72.82476,33.75557],[72.82226,33.7543],[72.82253,33.7516],[72.82425,33.75096]]]]}},{"type":"Feature","properties":{"name":"Municipal Committee Kallar Syedan","district":"Rawalpindi"},"geometry":{"type":"MultiPolygon","coordinates":[[[[73.41102,33.40104],[73.40295,33.39839],[73.39909,33.39296],[73.39127,33.39622],[73.39155,33.39852],[73.3867,33.39774],[73.37899,33.39971],[73.38305,33.38968],[73.37294,33.38798],[73.3665,33.39014],[73.36517,33.39259],[73.36602,33.39554],[73.37124,33.40038],[73.37076,33.40765],[73.36084,33.40433],[73.35721,33.40563],[73.35757,33.40796],[73.3546,33.40983],[73.3533,33.40398],[73.35655,33.40123],[73.3565,33.3938],[73.35282,33.39052],[73.35401,33.38968],[73.35799,33.39214],[73.35568,33.38821],[73.35763,33.38585],[73.35449,33.38312],[73.35279,33.37983],[73.35429,33.37918],[73.35133,33.37722],[73.35153,33.37568],[73.33864,33.37363],[73.33388,33.37475],[73.32782,33.37941],[73.32118,33.38018],[73.3181,33.38321],[73.31585,33.38321],[73.31119,33.39021],[73.31364,33.39447],[73.3208,33.40013],[73.3192,33.40426],[73.33053,33.41302],[73.32902,33.41955],[73.33211,33.42677],[73.34864,33.44269],[73.35255,33.44858],[73.35549,33.44926],[73.36063,33.44039],[73.36476,33.44041],[73.36567,33.44292],[73.36799,33.44301],[73.37018,33.44607],[73.37396,33.44485],[73.37041,33.43674],[73.36725,33.43687],[73.36372,33.4326],[73.36434,33.43152],[73.37869,33.43235],[73.38194,33.43321],[73.38754,33.44428],[73.3928,33.44328],[73.39928,33.45519],[73.42743,33.45133],[73.43149,33.44694],[73.4311,33.44063],[73.42204,33.43237],[73.42437,33.4315],[73.42356,33.42658],[73.42466,33.42613],[73.42204,33.42281],[73.42222,33.41893],[73.41745,33.41754],[73.41646,33.41509],[73.41439,33.41542],[73.4122,33.41307],[73.41519,33.41098],[73.4153,33.40699],[73.4141,33.4012],[73.41102,33.40104]]]]}},{"type":"Feature","properties":{"name":"District Council Wazirabad","district":"Wazirabad"},"geometry":{"type":"MultiPolygon","coordinates":[[[[74.20214,32.52267],[74.20905,32.49282],[74.20578,32.47171],[74.19922,32.44805],[74.20978,32.42075],[74.21051,32.40837],[74.2065,32.4],[74.21488,32.3858],[74.22689,32.37998],[74.22689,32.35705],[74.2247,32.34977],[74.23417,32.33666],[74.23586,32.3296],[74.22358,32.32631],[74.21613,32.32631],[74.21054,32.32258],[74.20449,32.31233],[74.19703,32.30674],[74.18958,32.30488],[74.18259,32.2965],[74.16629,32.28532],[74.15977,32.28485],[74.15372,32.28113],[74.12996,32.25644],[74.12111,32.24992],[74.11226,32.23502],[74.09177,32.23781],[74.07733,32.24526],[74.06755,32.2448],[74.05777,32.23548],[74.05498,32.2271],[74.04287,32.22477],[74.02051,32.22523],[74.01632,32.21871],[74.01352,32.20521],[74.01399,32.19589],[74.00467,32.19217],[73.96928,32.18518],[73.96182,32.17866],[73.95903,32.17307],[73.94925,32.1754],[73.92321,32.1754],[73.91532,32.17215],[73.91113,32.16703],[73.89902,32.16097],[73.89063,32.15911],[73.88458,32.15212],[73.87938,32.15118],[73.86641,32.15951],[73.86548,32.15166],[73.86874,32.14374],[73.86541,32.14],[73.86122,32.1414],[73.8547,32.14838],[73.85051,32.14885],[73.84725,32.15211],[73.837,32.15351],[73.82444,32.14234],[73.81844,32.14188],[73.81192,32.13815],[73.79374,32.13974],[73.78755,32.14702],[73.77663,32.16704],[73.7668,32.17469],[73.75515,32.17651],[73.7526,32.19507],[73.74532,32.20089],[73.7304,32.20745],[73.73186,32.22273],[73.72239,32.23584],[73.71366,32.24421],[73.7082,32.26095],[73.70055,32.27697],[73.68854,32.29226],[73.67876,32.34481],[73.68065,32.34549],[73.68283,32.33965],[73.68425,32.3397],[73.68632,32.34535],[73.69126,32.35023],[73.69715,32.3538],[73.70607,32.35547],[73.71315,32.36249],[73.7167,32.36347],[73.71644,32.3591],[73.71908,32.35931],[73.72945,32.36419],[73.72995,32.36009],[73.73303,32.35842],[73.73984,32.36261],[73.74299,32.36131],[73.74766,32.34775],[73.75002,32.34562],[73.75326,32.34678],[73.75192,32.34416],[73.75523,32.34398],[73.75553,32.34233],[73.76231,32.33966],[73.75929,32.33797],[73.7607,32.33684],[73.768,32.33634],[73.76864,32.33718],[73.76144,32.34159],[73.76543,32.34218],[73.76505,32.34547],[73.76743,32.34779],[73.76812,32.35905],[73.76968,32.3606],[73.76733,32.36592],[73.76963,32.36681],[73.77171,32.36555],[73.77291,32.35659],[73.78145,32.35801],[73.78188,32.3626],[73.78294,32.36101],[73.78893,32.36287],[73.78743,32.36994],[73.80318,32.36891],[73.80341,32.36558],[73.81925,32.3712],[73.82114,32.37391],[73.84204,32.38741],[73.85394,32.3859],[73.85411,32.39246],[73.86314,32.39204],[73.86433,32.39411],[73.87837,32.38929],[73.8825,32.39468],[73.88184,32.39723],[73.88753,32.39855],[73.89689,32.3988],[73.93373,32.39466],[73.94115,32.39717],[73.95468,32.40846],[73.96329,32.41272],[73.97057,32.42087],[73.97874,32.42514],[73.99627,32.42464],[74.02136,32.45526],[74.0299,32.43974],[74.03874,32.44169],[74.04692,32.44656],[74.04579,32.45097],[74.05813,32.45477],[74.05694,32.45659],[74.06703,32.46661],[74.07693,32.47119],[74.07993,32.47476],[74.09008,32.48083],[74.09517,32.46963],[74.09632,32.45025],[74.10534,32.44437],[74.1061,32.43833],[74.09849,32.4367],[74.09907,32.42553],[74.10268,32.42519],[74.10378,32.41948],[74.1107,32.41871],[74.11113,32.40907],[74.11584,32.40872],[74.11373,32.41424],[74.11985,32.41351],[74.13444,32.42247],[74.13834,32.43671],[74.13837,32.44765],[74.12953,32.44838],[74.12248,32.45182],[74.12079,32.45419],[74.11159,32.45461],[74.10185,32.47157],[74.09867,32.48205],[74.0972,32.48183],[74.11392,32.48374],[74.12179,32.48637],[74.13271,32.49445],[74.13231,32.50527],[74.12975,32.51413],[74.13231,32.51693],[74.13766,32.51996],[74.14944,32.52276],[74.15734,32.522],[74.16648,32.52429],[74.17362,32.5299],[74.18456,32.55122],[74.19122,32.55398],[74.20131,32.55389],[74.21141,32.5497],[74.21087,32.54196],[74.20214,32.52267]],[[74.13996,32.31289],[74.13981,32.31042],[74.12764,32.30977],[74.12733,32.30712],[74.13736,32.30626],[74.13806,32.30324],[74.11995,32.30314],[74.12,32.30013],[74.11715,32.29958],[74.11717,32.2941],[74.1621,32.29389],[74.16179,32.2989],[74.16614,32.29643],[74.16838,32.29781],[74.16848,32.31138],[74.16551,32.31144],[74.16535,32.31356],[74.14998,32.31353],[74.14906,32.31617],[74.13996,32.31854],[74.13996,32.31289]],[[73.80264,32.27398],[73.78402,32.27278],[73.78405,32.25876],[73.81411,32.25146],[73.81918,32.25388],[73.83465,32.25385],[73.83237,32.26486],[73.83622,32.26712],[73.8443,32.26848],[73.83022,32.27286],[73.82962,32.27466],[73.81959,32.27519],[73.81963,32.27742],[73.81123,32.27771],[73.80264,32.27398]]]]}},{"type":"Feature","properties":{"name":"District Council Sialkot","district":"Sialkot"},"geometry":{"type":"MultiPolygon","coordinates":[[[[74.7058,32.83557],[74.70515,32.83411],[74.70702,32.83375],[74.70619,32.81669],[74.69801,32.80854],[74.69596,32.80226],[74.68503,32.78683],[74.68171,32.77622],[74.67836,32.77106],[74.6776,32.76155],[74.67374,32.75408],[74.668,32.74742],[74.66666,32.74142],[74.66111,32.73505],[74.66063,32.73085],[74.66529,32.72481],[74.65606,32.69668],[74.66635,32.67787],[74.66829,32.67836],[74.66907,32.68279],[74.67132,32.68435],[74.68035,32.6828],[74.68316,32.67436],[74.69182,32.66766],[74.69676,32.666],[74.69538,32.66035],[74.68851,32.65083],[74.68177,32.65147],[74.68044,32.64896],[74.67796,32.64907],[74.67267,32.64515],[74.67027,32.6379],[74.66654,32.637],[74.66406,32.63442],[74.6556,32.63595],[74.65645,32.63271],[74.65391,32.63154],[74.65724,32.63087],[74.65516,32.62427],[74.65506,32.61484],[74.651,32.6136],[74.64162,32.61514],[74.63892,32.61424],[74.64051,32.60868],[74.63943,32.60379],[74.64209,32.60285],[74.64213,32.60029],[74.64961,32.59818],[74.65214,32.59997],[74.65978,32.59707],[74.65636,32.59109],[74.65152,32.58759],[74.65107,32.58348],[74.6556,32.5811],[74.65548,32.57774],[74.65823,32.57427],[74.6576,32.5714],[74.65252,32.56827],[74.65257,32.56561],[74.66207,32.56478],[74.66719,32.56863],[74.67288,32.56914],[74.67521,32.56563],[74.67386,32.55371],[74.67237,32.55213],[74.66235,32.55339],[74.66135,32.54976],[74.66249,32.54599],[74.67581,32.53841],[74.69101,32.53399],[74.69076,32.52279],[74.68335,32.51335],[74.68358,32.51001],[74.68645,32.50793],[74.68637,32.50395],[74.68852,32.5019],[74.6856,32.4937],[74.69394,32.48937],[74.70065,32.49326],[74.71042,32.49328],[74.71513,32.48727],[74.71282,32.48046],[74.71453,32.47783],[74.72671,32.47618],[74.72939,32.48157],[74.75225,32.47882],[74.75484,32.48325],[74.7633,32.48207],[74.76883,32.48339],[74.796,32.47745],[74.79996,32.47987],[74.80082,32.4834],[74.81224,32.48079],[74.81982,32.49981],[74.82913,32.49575],[74.83092,32.49732],[74.83546,32.49743],[74.84119,32.49341],[74.84613,32.49276],[74.84655,32.49088],[74.84921,32.49315],[74.8541,32.49306],[74.85402,32.49538],[74.86206,32.49382],[74.86838,32.49109],[74.86632,32.48852],[74.86923,32.48684],[74.87699,32.49432],[74.88502,32.49056],[74.87826,32.47941],[74.88406,32.47678],[74.88359,32.47523],[74.89601,32.46979],[74.90086,32.46832],[74.90568,32.47349],[74.91943,32.4657],[74.93057,32.47314],[74.9399,32.47142],[74.93741,32.46814],[74.94197,32.46399],[74.94514,32.45097],[74.9419,32.4449],[74.9359,32.44306],[74.93185,32.44468],[74.92873,32.43708],[74.92499,32.43296],[74.93545,32.42566],[74.93621,32.41776],[74.93203,32.4165],[74.93072,32.42008],[74.9247,32.41378],[74.90567,32.40207],[74.89782,32.39502],[74.89541,32.39527],[74.8921,32.39107],[74.87945,32.39113],[74.87408,32.38929],[74.87071,32.38589],[74.87612,32.38256],[74.87598,32.37337],[74.86523,32.36305],[74.86433,32.36013],[74.86811,32.35735],[74.85864,32.34861],[74.86354,32.34793],[74.86218,32.34638],[74.86303,32.34516],[74.86129,32.34537],[74.85859,32.33636],[74.85698,32.33652],[74.85707,32.32925],[74.85983,32.32254],[74.85314,32.32232],[74.8524,32.32919],[74.85033,32.33058],[74.84707,32.32947],[74.84332,32.32424],[74.84295,32.32117],[74.85266,32.31782],[74.8509,32.3124],[74.84819,32.31391],[74.8477,32.31188],[74.85007,32.30932],[74.84685,32.31165],[74.84521,32.31008],[74.83205,32.31117],[74.83087,32.3095],[74.8268,32.31156],[74.82731,32.30657],[74.83177,32.30623],[74.82702,32.29957],[74.82575,32.29972],[74.82639,32.30353],[74.81755,32.30422],[74.81753,32.30273],[74.81343,32.30233],[74.81391,32.29763],[74.80809,32.2955],[74.80708,32.29314],[74.80311,32.29364],[74.79771,32.29688],[74.79185,32.296],[74.77038,32.30072],[74.7668,32.28615],[74.76887,32.27999],[74.77202,32.27852],[74.77064,32.27658],[74.76417,32.27647],[74.76322,32.2704],[74.76641,32.26975],[74.76607,32.26731],[74.76816,32.26686],[74.76773,32.26073],[74.7575,32.26123],[74.75708,32.25747],[74.75308,32.2535],[74.75512,32.25228],[74.75361,32.25023],[74.75523,32.24883],[74.75254,32.24823],[74.75092,32.24334],[74.74971,32.24393],[74.74914,32.24196],[74.74492,32.24039],[74.7477,32.23831],[74.74892,32.23439],[74.7477,32.23235],[74.74278,32.23295],[74.74416,32.22858],[74.73757,32.22698],[74.73958,32.22511],[74.74296,32.22626],[74.74488,32.22504],[74.74578,32.22165],[74.74413,32.21936],[74.74784,32.2187],[74.74986,32.21539],[74.7568,32.21107],[74.75848,32.2023],[74.76082,32.20133],[74.75961,32.19864],[74.76326,32.19546],[74.76258,32.19205],[74.75855,32.18931],[74.76133,32.18596],[74.76021,32.18365],[74.76191,32.18088],[74.75739,32.17605],[74.75912,32.17165],[74.75741,32.16798],[74.7579,32.16192],[74.74404,32.16476],[74.74155,32.1606],[74.74108,32.15606],[74.73057,32.15751],[74.72764,32.15504],[74.72824,32.14655],[74.71833,32.14829],[74.70901,32.14478],[74.70582,32.1466],[74.69618,32.1382],[74.69105,32.14096],[74.68264,32.14198],[74.68082,32.13799],[74.67632,32.13523],[74.67262,32.12922],[74.66397,32.13156],[74.66397,32.12608],[74.66848,32.12601],[74.66718,32.12267],[74.66409,32.12108],[74.66168,32.12197],[74.66184,32.11823],[74.65789,32.11775],[74.65491,32.11467],[74.65484,32.11158],[74.64899,32.10977],[74.64795,32.10535],[74.64637,32.1059],[74.63521,32.09753],[74.63471,32.09569],[74.63722,32.09394],[74.6377,32.08973],[74.64067,32.08716],[74.63801,32.08741],[74.63639,32.08527],[74.63691,32.08208],[74.63344,32.07747],[74.63352,32.07396],[74.62614,32.07551],[74.62407,32.07511],[74.62401,32.07244],[74.62107,32.07385],[74.62077,32.07682],[74.61613,32.07786],[74.61612,32.07673],[74.61279,32.07674],[74.61305,32.06916],[74.6113,32.06508],[74.60919,32.06641],[74.60177,32.06546],[74.60114,32.07165],[74.59716,32.07218],[74.5949,32.06375],[74.60151,32.06267],[74.5999,32.06149],[74.6013,32.06006],[74.57851,32.06221],[74.56722,32.05311],[74.54939,32.05639],[74.53628,32.06076],[74.52755,32.06585],[74.51372,32.07859],[74.50716,32.09206],[74.5108,32.10116],[74.5199,32.10007],[74.50716,32.11135],[74.49224,32.11827],[74.49151,32.12591],[74.48715,32.13101],[74.49042,32.13683],[74.49042,32.14993],[74.45402,32.15576],[74.44893,32.16377],[74.4391,32.1685],[74.43291,32.16122],[74.42413,32.15931],[74.41289,32.16449],[74.39767,32.16482],[74.38026,32.16947],[74.37576,32.18124],[74.35137,32.18961],[74.34227,32.20089],[74.33135,32.20526],[74.32844,32.24421],[74.3157,32.24894],[74.27275,32.25185],[74.2611,32.26095],[74.24654,32.27806],[74.2429,32.28935],[74.24036,32.31082],[74.23417,32.33666],[74.2247,32.34977],[74.22689,32.35705],[74.22689,32.37998],[74.21488,32.3858],[74.2065,32.4],[74.21051,32.40837],[74.20978,32.42075],[74.19922,32.44805],[74.20578,32.47171],[74.20905,32.49282],[74.20214,32.52267],[74.21087,32.54196],[74.21141,32.5497],[74.21923,32.54885],[74.23037,32.55745],[74.23051,32.56348],[74.23183,32.56481],[74.24373,32.57225],[74.24612,32.57157],[74.25353,32.5755],[74.26748,32.57789],[74.27578,32.58598],[74.28857,32.58566],[74.29165,32.58233],[74.30594,32.58118],[74.30657,32.58751],[74.32418,32.58834],[74.33033,32.58703],[74.3321,32.58902],[74.33624,32.58903],[74.33624,32.59016],[74.34667,32.59355],[74.34659,32.59217],[74.34957,32.59221],[74.34765,32.59703],[74.35764,32.60013],[74.36155,32.60379],[74.3708,32.60641],[74.37607,32.61068],[74.37395,32.61282],[74.37999,32.61593],[74.38329,32.61958],[74.39586,32.62349],[74.40804,32.63187],[74.43771,32.65788],[74.4669,32.65366],[74.46809,32.65811],[74.46536,32.66597],[74.46792,32.66712],[74.45686,32.67607],[74.46831,32.68253],[74.46922,32.69513],[74.46519,32.70029],[74.45697,32.7004],[74.45258,32.7134],[74.45977,32.71414],[74.46648,32.71986],[74.46362,32.72385],[74.46362,32.72871],[74.45563,32.73527],[74.45723,32.7395],[74.44965,32.74827],[74.45009,32.75333],[74.44548,32.75362],[74.44179,32.75683],[74.44227,32.76052],[74.44929,32.76778],[74.44259,32.77092],[74.43909,32.77057],[74.43322,32.77396],[74.43043,32.78329],[74.43952,32.78814],[74.43754,32.78808],[74.43954,32.79227],[74.4458,32.78882],[74.44836,32.79119],[74.4548,32.78974],[74.46157,32.78225],[74.46819,32.78283],[74.47019,32.77691],[74.48132,32.76942],[74.48138,32.76441],[74.48315,32.76315],[74.49391,32.76335],[74.50514,32.75871],[74.5047,32.74822],[74.51109,32.74279],[74.51723,32.74347],[74.52028,32.74681],[74.54088,32.74995],[74.54171,32.75161],[74.54617,32.74843],[74.54877,32.75444],[74.5552,32.75871],[74.55684,32.75793],[74.56644,32.76046],[74.56941,32.76044],[74.57521,32.7567],[74.5751,32.75148],[74.57954,32.74989],[74.58212,32.75368],[74.58867,32.75097],[74.59361,32.75627],[74.61272,32.75831],[74.61293,32.75981],[74.61743,32.76169],[74.62145,32.76064],[74.62446,32.75668],[74.63261,32.75229],[74.63729,32.75178],[74.63877,32.75735],[74.63026,32.76714],[74.63168,32.77606],[74.6394,32.7826],[74.65363,32.78099],[74.65829,32.78712],[74.63937,32.79817],[74.63255,32.80912],[74.63645,32.81438],[74.65297,32.82969],[74.65901,32.83038],[74.66118,32.8295],[74.6631,32.82583],[74.6663,32.8252],[74.67991,32.83617],[74.69278,32.84181],[74.7004,32.84287],[74.70621,32.84282],[74.7058,32.83557]],[[74.52166,32.51751],[74.52172,32.51613],[74.5193,32.51628],[74.51521,32.51299],[74.49054,32.50218],[74.50945,32.47684],[74.50744,32.47209],[74.5095,32.46742],[74.51628,32.46682],[74.52053,32.46337],[74.52202,32.46473],[74.5237,32.46379],[74.52861,32.46947],[74.53073,32.46816],[74.52969,32.46527],[74.5365,32.46327],[74.53786,32.46651],[74.54329,32.46436],[74.54759,32.46483],[74.54783,32.46752],[74.55582,32.46765],[74.55837,32.46467],[74.56699,32.46412],[74.56826,32.46101],[74.57752,32.45929],[74.57995,32.46122],[74.58325,32.47036],[74.58151,32.47334],[74.58316,32.47859],[74.58555,32.47799],[74.58627,32.48385],[74.58756,32.48357],[74.58877,32.48776],[74.58486,32.48983],[74.58628,32.49193],[74.58221,32.49376],[74.58717,32.5031],[74.5798,32.50723],[74.57642,32.50749],[74.5699,32.50592],[74.56645,32.50769],[74.55824,32.50784],[74.55608,32.50402],[74.54905,32.50528],[74.54768,32.50812],[74.54206,32.50744],[74.53431,32.5111],[74.52297,32.50512],[74.52394,32.51301],[74.52698,32.51544],[74.52166,32.51751]],[[74.3418,32.46973],[74.3752,32.47162],[74.38393,32.48503],[74.37719,32.48708],[74.37206,32.4856],[74.36841,32.48736],[74.35674,32.48616],[74.35488,32.48393],[74.3521,32.48451],[74.35177,32.48591],[74.33997,32.48545],[74.33356,32.48197],[74.33113,32.47662],[74.33127,32.47303],[74.32669,32.46905],[74.3418,32.46973]],[[74.34557,32.34678],[74.34538,32.34508],[74.34225,32.3455],[74.34226,32.34361],[74.32917,32.33503],[74.32925,32.33145],[74.33458,32.3269],[74.33151,32.32627],[74.33229,32.32415],[74.32944,32.32412],[74.32946,32.32213],[74.33604,32.32259],[74.34165,32.32152],[74.34243,32.31992],[74.34543,32.32048],[74.34818,32.31657],[74.34665,32.3111],[74.35247,32.31119],[74.35251,32.31297],[74.35553,32.31387],[74.35185,32.3173],[74.37424,32.32926],[74.37433,32.34424],[74.37207,32.34682],[74.35458,32.3449],[74.35437,32.34752],[74.34557,32.34678]],[[74.6486,32.28984],[74.63933,32.28861],[74.63931,32.28485],[74.63592,32.27875],[74.63631,32.27126],[74.64187,32.27097],[74.64924,32.26522],[74.64758,32.2645],[74.64698,32.25815],[74.64883,32.25422],[74.64709,32.25312],[74.64961,32.25173],[74.64725,32.2505],[74.6558,32.24557],[74.65769,32.24793],[74.662,32.24648],[74.66314,32.25307],[74.66479,32.25293],[74.6676,32.24858],[74.67829,32.2508],[74.68046,32.25899],[74.68588,32.26062],[74.68576,32.26208],[74.68527,32.26404],[74.681,32.26386],[74.68088,32.26626],[74.67703,32.26589],[74.67746,32.26915],[74.67585,32.26952],[74.67714,32.27056],[74.67465,32.27166],[74.67647,32.27266],[74.6766,32.27643],[74.67043,32.27672],[74.66981,32.27964],[74.67334,32.2874],[74.66371,32.28883],[74.66267,32.29165],[74.65134,32.29216],[74.64731,32.29095],[74.6486,32.28984]]]]}},{"type":"Feature","properties":{"name":"District Council Gujranwala","district":"Gujranwala"},"geometry":{"type":"MultiPolygon","coordinates":[[[[74.29615,32.25095],[74.3157,32.24894],[74.32844,32.24421],[74.33135,32.20526],[74.34227,32.20089],[74.35137,32.18961],[74.37576,32.18124],[74.38026,32.16947],[74.39767,32.16482],[74.41289,32.16449],[74.42413,32.15931],[74.43291,32.16122],[74.4391,32.1685],[74.44893,32.16377],[74.45402,32.15576],[74.49042,32.14993],[74.49042,32.13683],[74.48715,32.13101],[74.49151,32.12591],[74.49224,32.11827],[74.50716,32.11135],[74.5199,32.10007],[74.5108,32.10116],[74.50716,32.09206],[74.51372,32.07859],[74.52755,32.06585],[74.53628,32.06076],[74.54939,32.05639],[74.56722,32.05311],[74.57851,32.06221],[74.58379,32.061],[74.52609,32.02326],[74.52464,32.01052],[74.51335,32.00543],[74.49078,32.00543],[74.47623,31.99633],[74.47805,31.98104],[74.47149,31.96648],[74.44783,31.96357],[74.43546,31.94974],[74.41908,31.93663],[74.39979,31.91552],[74.38559,31.91079],[74.36266,31.88786],[74.34737,31.8864],[74.32699,31.88859],[74.32044,31.89477],[74.31024,31.89113],[74.30406,31.88131],[74.27748,31.88167],[74.26584,31.88822],[74.252,31.88167],[74.2349,31.88131],[74.21924,31.88859],[74.20469,31.88313],[74.19886,31.87366],[74.1934,31.8551],[74.1843,31.85146],[74.16574,31.85],[74.15991,31.83653],[74.14863,31.82998],[74.14026,31.82125],[74.12897,31.81761],[74.11623,31.81906],[74.10531,31.82307],[74.08457,31.82161],[74.0711,31.82234],[74.04453,31.83835],[74.03433,31.83981],[74.0216,31.83253],[73.99138,31.82707],[73.98301,31.83471],[73.97755,31.85291],[73.96336,31.85146],[73.9568,31.84272],[73.94516,31.83544],[73.92914,31.8369],[73.9113,31.84163],[73.8982,31.84127],[73.88801,31.84709],[73.88109,31.85364],[73.88037,31.87475],[73.87636,31.88749],[73.86544,31.89514],[73.85925,31.89732],[73.85343,31.90351],[73.86144,31.91407],[73.87236,31.92207],[73.88036,31.9319],[73.88073,31.94355],[73.86981,31.94573],[73.85925,31.95083],[73.83559,31.95702],[73.82365,31.97013],[73.8091,31.98085],[73.81055,31.99307],[73.82475,32.01491],[73.82108,32.04002],[73.83091,32.05131],[73.81302,32.06039],[73.79636,32.07133],[73.80254,32.09062],[73.79854,32.10918],[73.80728,32.13175],[73.80696,32.13815],[73.81192,32.13815],[73.81844,32.14188],[73.82444,32.14234],[73.837,32.15351],[73.84725,32.15211],[73.85051,32.14885],[73.8547,32.14838],[73.86122,32.1414],[73.86548,32.14001],[73.86874,32.14374],[73.86548,32.15166],[73.86641,32.15951],[73.87938,32.15118],[73.88458,32.15212],[73.89063,32.15911],[73.89902,32.16097],[73.91113,32.16703],[73.91532,32.17215],[73.92321,32.1754],[73.94925,32.1754],[73.95903,32.17307],[73.96182,32.17866],[73.96928,32.18518],[74.00467,32.19217],[74.01399,32.19589],[74.01352,32.20521],[74.01632,32.21871],[74.02051,32.22523],[74.04287,32.22477],[74.05498,32.2271],[74.05777,32.23548],[74.06755,32.2448],[74.07733,32.24526],[74.09177,32.23781],[74.11226,32.23502],[74.12111,32.24992],[74.12996,32.25644],[74.15372,32.28113],[74.15977,32.28485],[74.16629,32.28532],[74.18259,32.2965],[74.18958,32.30488],[74.19703,32.30674],[74.20449,32.31233],[74.21054,32.32258],[74.21613,32.32631],[74.22358,32.32631],[74.23586,32.3296],[74.24036,32.31082],[74.2429,32.28934],[74.24654,32.27806],[74.2611,32.26095],[74.27275,32.25185],[74.29615,32.25095]],[[74.21327,32.2402],[74.21321,32.23693],[74.20673,32.238],[74.20393,32.23651],[74.20506,32.23472],[74.19876,32.22985],[74.19108,32.22889],[74.18928,32.22916],[74.18415,32.23765],[74.17187,32.23501],[74.17101,32.23951],[74.16837,32.23958],[74.16594,32.23858],[74.16954,32.22942],[74.1417,32.22383],[74.13176,32.22371],[74.13099,32.2115],[74.14184,32.2099],[74.1419,32.20648],[74.14676,32.20431],[74.14681,32.20134],[74.15389,32.20054],[74.15589,32.20391],[74.16332,32.20396],[74.16332,32.20568],[74.16606,32.20579],[74.16966,32.21122],[74.16657,32.19945],[74.15658,32.19157],[74.15167,32.18495],[74.15041,32.17969],[74.1447,32.18049],[74.13967,32.1717],[74.1391,32.16747],[74.13419,32.16142],[74.12454,32.16066],[74.11705,32.16233],[74.117,32.17064],[74.11904,32.17072],[74.12119,32.1777],[74.11837,32.1786],[74.11833,32.1771],[74.11553,32.17603],[74.11477,32.1723],[74.11336,32.17222],[74.11267,32.17441],[74.10771,32.1744],[74.10214,32.16545],[74.1021,32.16168],[74.09846,32.15944],[74.096,32.16003],[74.09421,32.15732],[74.09757,32.15367],[74.10038,32.15884],[74.10161,32.15863],[74.10007,32.15262],[74.10197,32.15105],[74.09703,32.14599],[74.0978,32.14446],[74.09658,32.14342],[74.10988,32.13542],[74.11055,32.13186],[74.11474,32.13065],[74.13302,32.13585],[74.13593,32.14634],[74.14264,32.15148],[74.13733,32.14789],[74.15003,32.14766],[74.15379,32.13941],[74.1467,32.13601],[74.1463,32.12761],[74.15801,32.12767],[74.15789,32.12447],[74.15321,32.11922],[74.15258,32.11019],[74.15584,32.10911],[74.15732,32.11174],[74.16063,32.11128],[74.1608,32.107],[74.1656,32.1054],[74.1656,32.10408],[74.15789,32.10466],[74.15327,32.09106],[74.15601,32.08821],[74.1672,32.08381],[74.16257,32.07616],[74.16651,32.0753],[74.16651,32.07062],[74.1652,32.07045],[74.16417,32.06651],[74.16457,32.06125],[74.17337,32.06045],[74.1668,32.04589],[74.17405,32.04584],[74.18302,32.04298],[74.1869,32.03984],[74.18987,32.03401],[74.18707,32.03281],[74.18696,32.03024],[74.19278,32.03002],[74.20021,32.02533],[74.20204,32.02551],[74.20409,32.03424],[74.20552,32.0343],[74.20204,32.04641],[74.20797,32.05029],[74.20786,32.0536],[74.20398,32.0769],[74.19324,32.07764],[74.19244,32.08244],[74.20289,32.0837],[74.20164,32.09026],[74.20609,32.09181],[74.2046,32.09792],[74.20999,32.09923],[74.21005,32.1073],[74.2063,32.11296],[74.21088,32.12156],[74.21503,32.14066],[74.23046,32.14127],[74.23168,32.13868],[74.23819,32.14338],[74.23935,32.14641],[74.24325,32.14787],[74.2442,32.15082],[74.24842,32.15082],[74.25118,32.15505],[74.25692,32.15461],[74.26394,32.15898],[74.26394,32.16463],[74.25835,32.1649],[74.25837,32.1671],[74.25903,32.16927],[74.26519,32.16981],[74.26489,32.17647],[74.26044,32.17716],[74.25941,32.18083],[74.2538,32.18169],[74.25198,32.17941],[74.24724,32.18069],[74.24918,32.1912],[74.25273,32.19384],[74.25398,32.20219],[74.2578,32.1998],[74.26515,32.2001],[74.26737,32.20574],[74.27672,32.21674],[74.28093,32.21845],[74.2785,32.22259],[74.27222,32.22644],[74.27472,32.23123],[74.26658,32.23551],[74.26094,32.22948],[74.25912,32.23087],[74.25352,32.22527],[74.24717,32.22434],[74.24602,32.21988],[74.23717,32.2223],[74.23838,32.23405],[74.22719,32.23639],[74.22237,32.24103],[74.21327,32.2402]],[[74.02664,32.10804],[74.02659,32.11728],[74.0308,32.12386],[74.03646,32.12497],[74.03794,32.13151],[74.0347,32.13171],[74.03294,32.13406],[74.03318,32.14757],[74.03069,32.15324],[74.02134,32.15527],[74.01896,32.15055],[74.01878,32.14293],[74.01442,32.14142],[74.00818,32.13594],[73.9975,32.13307],[74.0058,32.11735],[74.01282,32.11733],[74.01546,32.11523],[74.01507,32.10806],[74.02758,32.10602],[74.02831,32.10683],[74.02664,32.10804]],[[74.20301,31.98299],[74.19894,31.98037],[74.19882,31.97102],[74.21377,31.97088],[74.21374,31.96322],[74.20805,31.95765],[74.21122,31.95689],[74.21145,31.95172],[74.22159,31.95488],[74.22147,31.95767],[74.2313,31.9575],[74.23144,31.96133],[74.24062,31.96136],[74.24203,31.96676],[74.23927,31.96681],[74.2392,31.97059],[74.2442,31.98166],[74.2442,31.98927],[74.23896,31.99448],[74.2342,31.99408],[74.23006,31.99015],[74.22397,31.99122],[74.22148,32.00177],[74.21688,31.99353],[74.20322,31.98649],[74.20301,31.98299]],[[73.99796,31.95639],[73.99757,31.95901],[74.00196,31.96066],[73.9981,31.96475],[74.00251,31.97208],[73.99967,31.97452],[73.98956,31.97228],[73.98398,31.97644],[73.97552,31.97971],[73.96746,31.9735],[73.96506,31.98245],[73.96135,31.98297],[73.95004,31.97855],[73.94,31.97754],[73.93364,31.97325],[73.93358,31.96683],[73.94135,31.9645],[73.94193,31.95859],[73.94529,31.95309],[73.95766,31.95141],[73.96669,31.95365],[73.97043,31.95191],[73.97206,31.95358],[73.98054,31.95362],[73.98124,31.94928],[73.98577,31.94839],[73.98735,31.952],[73.9951,31.95093],[73.99796,31.95639]]]]}},{"type":"Feature","properties":{"name":"Municipal Committee Kamoke","district":"Gujranwala"},"geometry":{"type":"MultiPolygon","coordinates":[[[[74.24356,31.98064],[74.2392,31.97059],[74.23927,31.96681],[74.24203,31.96676],[74.24062,31.96136],[74.23144,31.96133],[74.2313,31.9575],[74.22147,31.95767],[74.22159,31.95488],[74.21145,31.95172],[74.21122,31.95689],[74.20805,31.95765],[74.21374,31.96322],[74.21377,31.97088],[74.19882,31.97102],[74.19894,31.98037],[74.20301,31.98299],[74.20322,31.98649],[74.21688,31.99353],[74.22148,32.00177],[74.22397,31.99122],[74.23006,31.99015],[74.2342,31.99408],[74.23896,31.99448],[74.2422,31.9917],[74.2442,31.98927],[74.24356,31.98064]]]]}},{"type":"Feature","properties":{"name":"Municipal Committee Daska","district":"Sialkot"},"geometry":{"type":"MultiPolygon","coordinates":[[[[74.34538,32.34508],[74.34557,32.34678],[74.35437,32.34752],[74.35458,32.3449],[74.37207,32.34682],[74.37433,32.34424],[74.37424,32.32926],[74.35185,32.3173],[74.35553,32.31387],[74.35251,32.31297],[74.35247,32.31119],[74.34665,32.3111],[74.34818,32.31657],[74.34543,32.32048],[74.34243,32.31992],[74.34165,32.32152],[74.33604,32.32259],[74.32946,32.32213],[74.32944,32.32412],[74.33229,32.32415],[74.33151,32.32627],[74.33458,32.3269],[74.32925,32.33145],[74.32917,32.33503],[74.34226,32.34361],[74.34225,32.3455],[74.34538,32.34508]]]]}},{"type":"Feature","properties":{"name":"Municipal Corporation Sialkot","district":"Sialkot"},"geometry":{"type":"MultiPolygon","coordinates":[[[[74.4966,32.505],[74.51521,32.51299],[74.5193,32.51628],[74.52172,32.51613],[74.52166,32.51751],[74.52698,32.51544],[74.52394,32.51301],[74.52297,32.50512],[74.53431,32.5111],[74.54206,32.50744],[74.54768,32.50812],[74.54905,32.50528],[74.55608,32.50402],[74.55824,32.50784],[74.56645,32.50769],[74.5699,32.50592],[74.57308,32.50758],[74.5798,32.50723],[74.58462,32.50522],[74.58763,32.50264],[74.58221,32.49376],[74.58628,32.49193],[74.58486,32.48983],[74.58877,32.48776],[74.58756,32.48357],[74.58627,32.48385],[74.58555,32.47799],[74.58316,32.47859],[74.58153,32.47353],[74.58325,32.47036],[74.58074,32.4623],[74.57752,32.45929],[74.56826,32.46101],[74.56699,32.46412],[74.55837,32.46467],[74.55582,32.46765],[74.54783,32.46752],[74.54759,32.46483],[74.54329,32.46436],[74.53786,32.46651],[74.5365,32.46327],[74.52969,32.46527],[74.53073,32.46816],[74.52861,32.46947],[74.5237,32.46379],[74.52202,32.46473],[74.52053,32.46337],[74.51628,32.46682],[74.5095,32.46742],[74.50744,32.47209],[74.50945,32.47684],[74.49054,32.50218],[74.4966,32.505]]]]}},{"type":"Feature","properties":{"name":"Municipal Committee Pasrur","district":"Sialkot"},"geometry":{"type":"MultiPolygon","coordinates":[[[[74.65535,32.2458],[74.64725,32.2505],[74.64961,32.25173],[74.64709,32.25312],[74.64883,32.25422],[74.64698,32.25815],[74.64758,32.2645],[74.64907,32.26553],[74.64445,32.26805],[74.64422,32.26984],[74.63631,32.27126],[74.63603,32.27286],[74.6371,32.27499],[74.63592,32.27875],[74.63931,32.28485],[74.63933,32.28861],[74.64867,32.28894],[74.64731,32.29095],[74.65134,32.29216],[74.66267,32.29165],[74.66371,32.28883],[74.67334,32.2874],[74.66981,32.27964],[74.67043,32.27672],[74.6766,32.27643],[74.67647,32.27266],[74.67465,32.27166],[74.67714,32.27056],[74.67585,32.26952],[74.67746,32.26915],[74.67703,32.26589],[74.68088,32.26626],[74.681,32.26386],[74.68527,32.26404],[74.68576,32.26208],[74.68588,32.26062],[74.68046,32.25899],[74.67829,32.2508],[74.6676,32.24858],[74.66479,32.25293],[74.66314,32.25307],[74.662,32.24648],[74.65769,32.24793],[74.65535,32.2458]]]]}},{"type":"Feature","properties":{"name":"Municipal Committee Sambrial","district":"Sialkot"},"geometry":{"type":"MultiPolygon","coordinates":[[[[74.35201,32.48485],[74.35488,32.48393],[74.35674,32.48616],[74.36841,32.48736],[74.37206,32.4856],[74.37719,32.48708],[74.38393,32.48503],[74.3752,32.47162],[74.32669,32.46905],[74.33127,32.47303],[74.33113,32.47662],[74.33356,32.48197],[74.33997,32.48545],[74.35156,32.48592],[74.35201,32.48485]]]]}},{"type":"Feature","properties":{"name":"Municipal Committee Alipur Chatha","district":"Wazirabad"},"geometry":{"type":"MultiPolygon","coordinates":[[[[73.81956,32.27623],[73.81959,32.27519],[73.82962,32.27466],[73.83022,32.27286],[73.8443,32.26848],[73.83622,32.26712],[73.83237,32.26486],[73.83519,32.25403],[73.81918,32.25388],[73.81411,32.25146],[73.78405,32.25876],[73.78402,32.27278],[73.80034,32.27346],[73.81123,32.27771],[73.81963,32.27742],[73.81956,32.27623]]]]}},{"type":"Feature","properties":{"name":"Municipal Committee Ghakar","district":"Wazirabad"},"geometry":{"type":"MultiPolygon","coordinates":[[[[74.1621,32.29389],[74.11717,32.2941],[74.11715,32.29958],[74.12,32.30013],[74.11995,32.30314],[74.13806,32.30324],[74.13736,32.30626],[74.12733,32.30712],[74.12764,32.30977],[74.13981,32.31042],[74.13996,32.31854],[74.14225,32.31852],[74.14394,32.3168],[74.14906,32.31617],[74.14998,32.31353],[74.16535,32.31356],[74.16551,32.31144],[74.16848,32.31138],[74.16838,32.29781],[74.16614,32.29643],[74.16179,32.2989],[74.1621,32.29389]]]]}},{"type":"Feature","properties":{"name":"District Council Mandi Bahauddin","district":"Mandi Bahauddin"},"geometry":{"type":"MultiPolygon","coordinates":[[[[73.88184,32.39723],[73.8825,32.39468],[73.87837,32.38929],[73.86433,32.39411],[73.86314,32.39204],[73.85411,32.39246],[73.85394,32.3859],[73.84204,32.38741],[73.82114,32.37391],[73.81925,32.3712],[73.80341,32.36558],[73.80318,32.36891],[73.78743,32.36994],[73.78893,32.36287],[73.78294,32.36101],[73.78188,32.3626],[73.78145,32.35801],[73.77291,32.35659],[73.77171,32.36555],[73.76963,32.36681],[73.76733,32.36592],[73.76968,32.3606],[73.76812,32.35905],[73.76743,32.34779],[73.76505,32.34547],[73.76543,32.34218],[73.76144,32.34159],[73.76864,32.33718],[73.768,32.33634],[73.7607,32.33684],[73.75929,32.33797],[73.76231,32.33966],[73.75553,32.34233],[73.75523,32.34398],[73.75192,32.34416],[73.75326,32.34678],[73.75002,32.34562],[73.74766,32.34775],[73.74153,32.36226],[73.73984,32.36261],[73.73303,32.35842],[73.72995,32.36009],[73.72945,32.36419],[73.71644,32.3591],[73.7163,32.36356],[73.71059,32.36076],[73.70607,32.35547],[73.69715,32.3538],[73.69126,32.35023],[73.68632,32.34535],[73.68425,32.3397],[73.68283,32.33965],[73.68065,32.34549],[73.65196,32.33693],[73.65282,32.3311],[73.632,32.32138],[73.63259,32.32057],[73.57742,32.30303],[73.57409,32.3016],[73.56975,32.29601],[73.55231,32.28734],[73.53507,32.28622],[73.53069,32.27903],[73.52344,32.27777],[73.51074,32.27167],[73.50995,32.27351],[73.50795,32.27256],[73.50906,32.27057],[73.50403,32.24823],[73.50599,32.24721],[73.50555,32.24502],[73.50289,32.2434],[73.49826,32.24153],[73.48885,32.24556],[73.48189,32.25332],[73.47858,32.25189],[73.47627,32.24854],[73.47436,32.24951],[73.47436,32.24593],[73.4676,32.24075],[73.47211,32.2374],[73.46167,32.22875],[73.45392,32.21913],[73.42888,32.19514],[73.42106,32.18314],[73.40319,32.18001],[73.37832,32.17076],[73.37701,32.16676],[73.3701,32.16033],[73.35197,32.14932],[73.34516,32.14714],[73.33142,32.13624],[73.31915,32.13178],[73.31923,32.12775],[73.31354,32.12766],[73.31415,32.12201],[73.29972,32.12077],[73.28435,32.13647],[73.28272,32.13963],[73.28353,32.14244],[73.27698,32.14876],[73.27811,32.15008],[73.26663,32.15377],[73.26732,32.16345],[73.26518,32.17601],[73.24466,32.17804],[73.24225,32.17551],[73.23766,32.17959],[73.23642,32.18816],[73.24115,32.19893],[73.24327,32.2149],[73.23484,32.22738],[73.23637,32.22924],[73.23563,32.23504],[73.22934,32.23487],[73.22364,32.23805],[73.22755,32.24735],[73.22609,32.25297],[73.22837,32.25699],[73.21626,32.26401],[73.21682,32.27189],[73.2074,32.27131],[73.20733,32.26812],[73.20007,32.26421],[73.19541,32.26415],[73.19715,32.2565],[73.19009,32.24997],[73.18123,32.24789],[73.16678,32.25517],[73.16747,32.25343],[73.16482,32.25069],[73.15535,32.24876],[73.14432,32.27773],[73.12966,32.29994],[73.13657,32.30824],[73.1347,32.31068],[73.12479,32.30933],[73.11153,32.30382],[73.10606,32.29982],[73.09408,32.29851],[73.0875,32.29429],[73.08144,32.30548],[73.06499,32.31013],[73.07036,32.31356],[73.07392,32.32122],[73.08506,32.32269],[73.10941,32.34903],[73.1043,32.35228],[73.10471,32.35385],[73.10197,32.35564],[73.10304,32.35686],[73.10027,32.35868],[73.10337,32.36208],[73.09936,32.37133],[73.09257,32.37682],[73.09338,32.37781],[73.09172,32.37887],[73.09303,32.38031],[73.08931,32.38121],[73.09556,32.388],[73.07688,32.39228],[73.08568,32.40192],[73.06122,32.4187],[73.04833,32.42174],[73.04933,32.42732],[73.04732,32.43871],[73.0536,32.4466],[73.06,32.44373],[73.06178,32.44612],[73.07155,32.44732],[73.07432,32.44984],[73.07716,32.46939],[73.08757,32.46716],[73.09444,32.46878],[73.09868,32.46755],[73.10405,32.47276],[73.10781,32.4699],[73.11427,32.47086],[73.1196,32.46828],[73.13477,32.46553],[73.14136,32.4621],[73.14349,32.46464],[73.15459,32.46705],[73.16849,32.48224],[73.16775,32.48754],[73.17126,32.49142],[73.17094,32.49412],[73.15165,32.49846],[73.14863,32.50101],[73.14908,32.50318],[73.15002,32.50418],[73.15583,32.50303],[73.15756,32.50352],[73.15796,32.50585],[73.16075,32.50409],[73.1686,32.50654],[73.1697,32.50888],[73.17201,32.50804],[73.17842,32.50953],[73.17885,32.51331],[73.18302,32.52082],[73.19107,32.51884],[73.19401,32.52577],[73.20232,32.52828],[73.20398,32.54084],[73.20755,32.54292],[73.22482,32.54399],[73.22942,32.54924],[73.22568,32.55113],[73.22596,32.5578],[73.2233,32.56041],[73.22897,32.56236],[73.22803,32.56963],[73.22925,32.56964],[73.22487,32.5793],[73.22709,32.58037],[73.22298,32.5855],[73.23109,32.58187],[73.23998,32.58814],[73.24974,32.58678],[73.25415,32.58939],[73.26081,32.59053],[73.26478,32.5886],[73.27081,32.59139],[73.28085,32.59978],[73.28366,32.59733],[73.29644,32.60527],[73.31463,32.61125],[73.32069,32.61978],[73.34761,32.61897],[73.34988,32.62337],[73.36496,32.63008],[73.37701,32.629],[73.3783,32.63186],[73.40105,32.632],[73.40246,32.63423],[73.40576,32.63474],[73.40602,32.62275],[73.40869,32.62625],[73.41431,32.62682],[73.41488,32.62841],[73.42255,32.63148],[73.42511,32.63703],[73.44654,32.65274],[73.45555,32.65573],[73.46396,32.65588],[73.46522,32.65321],[73.47034,32.65384],[73.47608,32.65784],[73.48326,32.65836],[73.48319,32.66096],[73.49198,32.66182],[73.49206,32.66533],[73.49562,32.66649],[73.49427,32.66779],[73.49544,32.66907],[73.4997,32.67007],[73.49981,32.67231],[73.50515,32.67548],[73.51196,32.67721],[73.52042,32.67709],[73.52219,32.67875],[73.52082,32.6801],[73.52175,32.68314],[73.51962,32.68568],[73.52895,32.68767],[73.52937,32.68871],[73.52535,32.69049],[73.55926,32.71077],[73.56444,32.72657],[73.56935,32.72649],[73.57127,32.73188],[73.57523,32.73682],[73.57904,32.73744],[73.57891,32.73881],[73.58815,32.73477],[73.5876,32.72192],[73.6013,32.71793],[73.61038,32.71064],[73.61366,32.71424],[73.61701,32.69514],[73.62732,32.68241],[73.63104,32.68227],[73.6325,32.68288],[73.63248,32.68505],[73.63465,32.68505],[73.63745,32.697],[73.64962,32.69549],[73.64965,32.68294],[73.64747,32.68129],[73.64753,32.67744],[73.64605,32.67742],[73.64609,32.67528],[73.64038,32.67524],[73.63797,32.67233],[73.64477,32.66481],[73.65119,32.65223],[73.65053,32.64036],[73.64406,32.63058],[73.65128,32.63121],[73.65126,32.63336],[73.65483,32.63336],[73.65475,32.63724],[73.65907,32.63726],[73.65982,32.63395],[73.66552,32.63397],[73.66979,32.63215],[73.6698,32.63068],[73.67339,32.63075],[73.67783,32.62849],[73.67994,32.6234],[73.68486,32.6243],[73.70411,32.61986],[73.70771,32.61714],[73.70776,32.61176],[73.71267,32.6107],[73.71272,32.6047],[73.71097,32.60308],[73.71734,32.59778],[73.71813,32.59],[73.71703,32.5865],[73.72073,32.58072],[73.72487,32.57735],[73.73582,32.57437],[73.74125,32.57098],[73.74481,32.57087],[73.74908,32.56011],[73.75054,32.56781],[73.75977,32.56777],[73.75983,32.5656],[73.76269,32.56558],[73.76269,32.56396],[73.76912,32.56289],[73.78271,32.56293],[73.78409,32.55473],[73.7813,32.5443],[73.77142,32.53748],[73.7752,32.53237],[73.78215,32.53172],[73.78328,32.52145],[73.78693,32.51365],[73.78402,32.50849],[73.78671,32.50718],[73.78425,32.49875],[73.78986,32.49435],[73.7894,32.4927],[73.79861,32.48954],[73.79917,32.4874],[73.81017,32.48609],[73.80826,32.47347],[73.8184,32.47368],[73.82097,32.47315],[73.82071,32.47155],[73.83504,32.46838],[73.83512,32.46976],[73.83841,32.46903],[73.83967,32.46511],[73.849,32.46306],[73.85062,32.4559],[73.85506,32.45735],[73.85557,32.45147],[73.86263,32.4467],[73.86089,32.44343],[73.86337,32.44055],[73.8767,32.43909],[73.87581,32.43494],[73.88217,32.43251],[73.87918,32.42906],[73.88006,32.42466],[73.8778,32.41916],[73.88102,32.40885],[73.88184,32.39723]],[[73.56462,32.46221],[73.5624,32.46208],[73.56099,32.4572],[73.56015,32.44527],[73.55109,32.44504],[73.53688,32.44755],[73.53667,32.44587],[73.53403,32.44497],[73.53013,32.44561],[73.5286,32.44088],[73.54623,32.4266],[73.54793,32.41949],[73.55488,32.41878],[73.56184,32.42111],[73.56291,32.42453],[73.56501,32.42493],[73.56893,32.424],[73.5708,32.41947],[73.57351,32.41937],[73.57373,32.41368],[73.57735,32.41362],[73.57693,32.40997],[73.58017,32.40839],[73.59633,32.40378],[73.59821,32.40674],[73.60369,32.40837],[73.59421,32.41535],[73.59706,32.41804],[73.59484,32.42516],[73.59592,32.43253],[73.59122,32.44163],[73.59014,32.44277],[73.58651,32.44067],[73.57858,32.4426],[73.57298,32.44863],[73.5765,32.46248],[73.56462,32.46221]],[[73.51053,32.60321],[73.50474,32.60559],[73.50167,32.60099],[73.49345,32.60193],[73.48957,32.59503],[73.48417,32.59484],[73.48342,32.58936],[73.48038,32.58794],[73.47577,32.58835],[73.46691,32.58491],[73.47192,32.57168],[73.47809,32.56985],[73.49067,32.57818],[73.5013,32.57532],[73.5012,32.581],[73.5093,32.58133],[73.50991,32.59049],[73.512,32.59061],[73.51201,32.59196],[73.5085,32.59374],[73.50717,32.59764],[73.51053,32.60321]]]]}},{"type":"Feature","properties":{"name":"Municipal Committee Nowshera Virkan","district":"Gujranwala"},"geometry":{"type":"MultiPolygon","coordinates":[[[[73.99967,31.97452],[74.00251,31.97208],[73.9981,31.96475],[74.00196,31.96066],[73.99757,31.95901],[73.99796,31.95639],[73.9951,31.95093],[73.98735,31.952],[73.98577,31.94839],[73.98124,31.94928],[73.98054,31.95362],[73.97206,31.95358],[73.97043,31.95191],[73.96669,31.95365],[73.95766,31.95141],[73.94529,31.95309],[73.94193,31.95859],[73.94135,31.9645],[73.93358,31.96683],[73.93364,31.97325],[73.94,31.97754],[73.95004,31.97855],[73.96135,31.98297],[73.96506,31.98245],[73.96746,31.9735],[73.97552,31.97971],[73.98398,31.97644],[73.98956,31.97228],[73.99967,31.97452]]]]}},{"type":"Feature","properties":{"name":"District Council Mianwali","district":"Mianwali"},"geometry":{"type":"MultiPolygon","coordinates":[[[[71.56143,33.22696],[71.58564,33.20566],[71.60055,33.1843],[71.60669,33.13334],[71.6204,33.11106],[71.64469,33.08373],[71.72624,33.04188],[71.72921,33.03209],[71.72312,33.02304],[71.72724,33.0208],[71.73665,33.02073],[71.73955,33.02315],[71.74017,33.02757],[71.74373,33.02728],[71.74596,33.02237],[71.74596,33.01668],[71.7435,33.0072],[71.74569,33.00433],[71.75222,33.005],[71.76338,33.01011],[71.79499,33.00019],[71.80224,33.00423],[71.80895,33.00279],[71.81174,33.00589],[71.81341,33.00572],[71.81909,33.00008],[71.84094,32.99705],[71.84882,32.99087],[71.8585,32.97718],[71.86669,32.96866],[71.86766,32.96407],[71.86294,32.9635],[71.86155,32.95949],[71.86478,32.95372],[71.86358,32.94721],[71.86545,32.9418],[71.86608,32.92858],[71.86981,32.91937],[71.87426,32.91644],[71.87247,32.90487],[71.87562,32.89877],[71.88255,32.90027],[71.88633,32.89672],[71.89015,32.8875],[71.89426,32.8842],[71.89338,32.8815],[71.89456,32.87913],[71.89294,32.87597],[71.89742,32.86775],[71.89493,32.86528],[71.89549,32.86317],[71.90133,32.8628],[71.90315,32.86125],[71.90793,32.86214],[71.91141,32.86054],[71.91931,32.86192],[71.9266,32.85682],[71.92799,32.85269],[71.93488,32.849],[71.93549,32.84704],[71.93998,32.84531],[71.94514,32.84643],[71.94573,32.84371],[71.94869,32.84325],[71.9448,32.83883],[71.9463,32.83228],[71.94767,32.83169],[71.95508,32.83541],[71.95914,32.83399],[71.9589,32.83114],[71.95515,32.8301],[71.95549,32.82012],[71.95359,32.81679],[71.95778,32.81378],[71.93512,32.80648],[71.92879,32.80186],[71.92561,32.7972],[71.92123,32.79827],[71.92023,32.79527],[71.91506,32.79313],[71.9087,32.78289],[71.90398,32.78081],[71.89807,32.77363],[71.89453,32.7716],[71.8843,32.77171],[71.88049,32.76795],[71.87923,32.76434],[71.87604,32.76348],[71.87559,32.76079],[71.87802,32.75979],[71.87411,32.74935],[71.8768,32.74653],[71.87746,32.74308],[71.87751,32.73174],[71.88437,32.73026],[71.88149,32.71979],[71.87425,32.71772],[71.87534,32.71281],[71.87394,32.70816],[71.88146,32.70485],[71.88217,32.69966],[71.88936,32.70004],[71.88938,32.69712],[71.89105,32.69689],[71.89973,32.69757],[71.89796,32.69185],[71.90126,32.68831],[71.89622,32.68396],[71.89876,32.6822],[71.89876,32.6797],[71.8985,32.67604],[71.89615,32.67378],[71.88858,32.67426],[71.88437,32.67014],[71.87919,32.66878],[71.87889,32.66519],[71.88063,32.66513],[71.87977,32.65826],[71.89292,32.65442],[71.8939,32.65234],[71.89227,32.6461],[71.89504,32.63866],[71.89935,32.63536],[71.90375,32.62624],[71.90475,32.62539],[71.90986,32.62743],[71.9134,32.62154],[71.91097,32.61898],[71.91474,32.61471],[71.91059,32.6123],[71.90664,32.60002],[71.90886,32.59171],[71.91322,32.58814],[71.92198,32.58769],[71.92325,32.58285],[71.92587,32.58194],[71.92665,32.57316],[71.92261,32.56602],[71.92475,32.56078],[71.9243,32.55752],[71.91315,32.55826],[71.90348,32.55261],[71.88292,32.55618],[71.86158,32.55051],[71.83771,32.53776],[71.82566,32.52497],[71.82629,32.51608],[71.82007,32.51386],[71.82158,32.50163],[71.80897,32.49887],[71.79956,32.48962],[71.79272,32.4875],[71.7923,32.48984],[71.78942,32.49011],[71.78623,32.4881],[71.78734,32.48672],[71.78224,32.48638],[71.78173,32.4784],[71.78545,32.47472],[71.77793,32.46857],[71.77957,32.46558],[71.7896,32.46464],[71.79422,32.45489],[71.80102,32.45489],[71.80193,32.45723],[71.80507,32.45403],[71.80716,32.45486],[71.81399,32.4533],[71.81469,32.45062],[71.81908,32.44773],[71.81612,32.4449],[71.82084,32.43614],[71.8236,32.43492],[71.82489,32.43658],[71.82872,32.43612],[71.83314,32.43218],[71.83179,32.43153],[71.83275,32.42414],[71.83527,32.42263],[71.83283,32.41429],[71.82741,32.41441],[71.82743,32.40522],[71.82884,32.40424],[71.82746,32.39792],[71.81956,32.38822],[71.81312,32.38822],[71.81319,32.38307],[71.80229,32.37656],[71.79886,32.37798],[71.79846,32.36694],[71.79485,32.367],[71.79484,32.36373],[71.78888,32.36369],[71.78743,32.35937],[71.78523,32.35846],[71.78505,32.3547],[71.72193,32.29179],[71.72188,32.28333],[71.7106,32.28319],[71.71065,32.26919],[71.71313,32.26924],[71.71332,32.26125],[71.71302,32.25864],[71.71051,32.25857],[71.71054,32.24796],[71.71458,32.24784],[71.71437,32.2289],[71.71641,32.22891],[71.71599,32.19931],[71.73174,32.19949],[71.73687,32.1947],[71.69853,32.19178],[71.69515,32.19072],[71.69888,32.18729],[71.63609,32.18212],[71.63611,32.17995],[71.59723,32.18029],[71.58502,32.18789],[71.58497,32.19074],[71.58078,32.19069],[71.57432,32.19455],[71.57217,32.19376],[71.57215,32.1959],[71.56442,32.20071],[71.56441,32.20296],[71.56107,32.20294],[71.56159,32.20781],[71.56628,32.2079],[71.56635,32.21059],[71.56441,32.21071],[71.56503,32.21275],[71.5565,32.21274],[71.556,32.2113],[71.50265,32.21137],[71.50258,32.20687],[71.49972,32.20708],[71.49972,32.20437],[71.49587,32.20402],[71.49587,32.20037],[71.49208,32.20037],[71.49201,32.19688],[71.48873,32.19681],[71.48851,32.19288],[71.48502,32.19288],[71.48495,32.18888],[71.48138,32.18895],[71.48123,32.1876],[71.47738,32.18767],[71.47738,32.1866],[71.47031,32.1866],[71.47024,32.18517],[71.46674,32.18517],[71.46674,32.18388],[71.4631,32.18388],[71.4631,32.18267],[71.45553,32.18296],[71.45553,32.18153],[71.45147,32.18153],[71.44726,32.18659],[71.44308,32.18871],[71.42859,32.18825],[71.40976,32.19343],[71.41285,32.19911],[71.35763,32.20014],[71.34896,32.20662],[71.32549,32.16618],[71.3103,32.17583],[71.30933,32.17492],[71.25805,32.19525],[71.24498,32.19908],[71.22614,32.20146],[71.20831,32.20823],[71.20345,32.20829],[71.20353,32.21104],[71.1738,32.22277],[71.1848,32.25595],[71.2024,32.28466],[71.21061,32.2928],[71.23678,32.32675],[71.23792,32.32797],[71.23945,32.32705],[71.2477,32.33785],[71.26437,32.35416],[71.26974,32.36377],[71.27504,32.3692],[71.33224,32.36921],[71.33643,32.37131],[71.33631,32.37734],[71.33973,32.3807],[71.33059,32.38575],[71.33128,32.38727],[71.32844,32.3892],[71.32539,32.38939],[71.32614,32.3951],[71.32215,32.39622],[71.32215,32.40214],[71.32564,32.41259],[71.33148,32.4175],[71.34123,32.43534],[71.3556,32.47029],[71.35724,32.47947],[71.3534,32.48886],[71.35957,32.50248],[71.36061,32.51101],[71.35817,32.51076],[71.35484,32.50689],[71.33867,32.50598],[71.33422,32.51691],[71.33418,32.52121],[71.32685,32.5374],[71.32462,32.53896],[71.31805,32.53941],[71.30476,32.53858],[71.30462,32.52641],[71.30382,32.52471],[71.30179,32.5246],[71.30561,32.51895],[71.30548,32.51387],[71.28213,32.51587],[71.28266,32.4999],[71.2802,32.49264],[71.2641,32.50424],[71.26157,32.51123],[71.24944,32.51932],[71.24249,32.52167],[71.24529,32.52226],[71.25178,32.54197],[71.25245,32.55205],[71.25563,32.56059],[71.25894,32.56482],[71.26147,32.57437],[71.27134,32.58364],[71.27209,32.58663],[71.25124,32.60132],[71.2493,32.60494],[71.24134,32.59785],[71.21788,32.59074],[71.18555,32.58974],[71.1687,32.6073],[71.1657,32.61865],[71.16039,32.62628],[71.15783,32.62683],[71.15702,32.63014],[71.15563,32.64423],[71.15852,32.65198],[71.14694,32.65261],[71.14666,32.65658],[71.15544,32.67522],[71.15036,32.67343],[71.1378,32.67909],[71.13493,32.6938],[71.13336,32.69519],[71.13589,32.70742],[71.13941,32.70867],[71.14131,32.7113],[71.14264,32.72401],[71.13918,32.73542],[71.13515,32.73663],[71.12027,32.7522],[71.12048,32.75742],[71.1264,32.75689],[71.12198,32.76355],[71.11942,32.7807],[71.11424,32.79454],[71.11526,32.81234],[71.11732,32.8098],[71.13335,32.80323],[71.13355,32.80829],[71.13547,32.81181],[71.13232,32.8189],[71.13264,32.8413],[71.14572,32.8866],[71.14295,32.90307],[71.14445,32.9185],[71.14931,32.93207],[71.16847,32.95665],[71.17405,32.96743],[71.19493,32.97842],[71.20425,32.97969],[71.21127,32.98443],[71.22204,32.98481],[71.25007,33.00532],[71.25673,32.99994],[71.3098,33.01528],[71.31303,33.01929],[71.32348,33.01963],[71.32354,33.00321],[71.35208,32.995],[71.38533,32.9952],[71.42261,32.99996],[71.42376,33.00361],[71.43506,33.00589],[71.45217,33.0154],[71.45852,33.02507],[71.4631,33.04001],[71.46425,33.04002],[71.46328,33.05421],[71.4615,33.06373],[71.4498,33.06972],[71.43931,33.08296],[71.43135,33.09974],[71.43904,33.11188],[71.44437,33.13471],[71.44556,33.14869],[71.43753,33.16297],[71.43307,33.18171],[71.42153,33.19398],[71.42169,33.20073],[71.42387,33.20712],[71.42814,33.21285],[71.434,33.21693],[71.44967,33.21936],[71.46014,33.21817],[71.46846,33.2127],[71.50677,33.20556],[71.51201,33.20723],[71.5237,33.21971],[71.53473,33.22617],[71.54776,33.22886],[71.56143,33.22696]],[[71.53496,32.95954],[71.54119,32.95418],[71.55364,32.96257],[71.56164,32.96576],[71.55878,32.96834],[71.55514,32.96784],[71.55389,32.96622],[71.54763,32.96488],[71.5475,32.96185],[71.5459,32.9619],[71.54147,32.96924],[71.53554,32.97013],[71.53659,32.96127],[71.53496,32.95954]],[[71.56605,32.91317],[71.567,32.91021],[71.56174,32.90191],[71.535,32.91292],[71.57274,32.85162],[71.58273,32.85243],[71.58011,32.91294],[71.56586,32.91498],[71.56605,32.91317]],[[71.40573,32.85954],[71.40777,32.86338],[71.4071,32.86772],[71.40394,32.87135],[71.38484,32.85904],[71.34883,32.84312],[71.3507,32.83928],[71.35615,32.84067],[71.3635,32.83973],[71.36885,32.84171],[71.37551,32.83956],[71.38515,32.84189],[71.38347,32.84696],[71.39911,32.85238],[71.40163,32.85004],[71.40442,32.85045],[71.40344,32.85588],[71.40659,32.85852],[71.40573,32.85954]],[[71.27878,32.68181],[71.27504,32.68024],[71.26666,32.68128],[71.26557,32.67917],[71.2611,32.67836],[71.25919,32.676],[71.2607,32.67587],[71.26064,32.67408],[71.25579,32.65879],[71.27035,32.66169],[71.2829,32.65964],[71.28732,32.66145],[71.28563,32.66922],[71.28802,32.68271],[71.27878,32.68181]],[[71.52968,32.6056],[71.52138,32.59874],[71.51879,32.59868],[71.51871,32.59057],[71.50989,32.57393],[71.50924,32.56627],[71.5133,32.56501],[71.52572,32.56524],[71.52915,32.56228],[71.52966,32.56418],[71.53794,32.56445],[71.54948,32.56139],[71.55654,32.56962],[71.56618,32.57202],[71.56281,32.58179],[71.56882,32.58343],[71.57808,32.5789],[71.57964,32.57586],[71.58251,32.57701],[71.58149,32.57772],[71.58375,32.57988],[71.57734,32.58358],[71.57406,32.59114],[71.53759,32.58385],[71.54452,32.60448],[71.53529,32.60256],[71.53231,32.60446],[71.5311,32.60771],[71.52875,32.60697],[71.52968,32.6056]],[[71.42867,32.41339],[71.43932,32.4209],[71.44223,32.4258],[71.45678,32.42595],[71.52955,32.41842],[71.53031,32.43249],[71.51744,32.43511],[71.51676,32.43787],[71.5368,32.49314],[71.48912,32.495],[71.48018,32.46998],[71.47448,32.45859],[71.46801,32.45538],[71.4625,32.42901],[71.45133,32.42901],[71.43656,32.42658],[71.42867,32.41339]],[[71.34068,32.26752],[71.35324,32.26645],[71.35464,32.26825],[71.37394,32.27489],[71.37858,32.28454],[71.37852,32.29721],[71.36102,32.29708],[71.35797,32.29185],[71.3432,32.27861],[71.34577,32.27431],[71.34068,32.26752]]]]}},{"type":"Feature","properties":{"name":"Municipal Committee Mianwali","district":"Mianwali"},"geometry":{"type":"MultiPolygon","coordinates":[[[[71.54152,32.60311],[71.54452,32.60448],[71.53759,32.58385],[71.57406,32.59114],[71.57734,32.58358],[71.58375,32.57988],[71.58149,32.57772],[71.58251,32.57701],[71.57964,32.57586],[71.57808,32.5789],[71.56882,32.58343],[71.56281,32.58179],[71.56618,32.57202],[71.55654,32.56962],[71.54948,32.56139],[71.53794,32.56445],[71.52966,32.56418],[71.52915,32.56228],[71.52572,32.56524],[71.5133,32.56501],[71.50924,32.56627],[71.50989,32.57393],[71.51871,32.59057],[71.51879,32.59868],[71.52138,32.59874],[71.52968,32.6056],[71.52875,32.60697],[71.5311,32.60771],[71.53231,32.60446],[71.53529,32.60256],[71.54152,32.60311]]]]}},{"type":"Feature","properties":{"name":"Municipal Committee Piplan","district":"Mianwali"},"geometry":{"type":"MultiPolygon","coordinates":[[[[71.36102,32.29708],[71.37852,32.29721],[71.37858,32.28454],[71.37394,32.27489],[71.35464,32.26825],[71.35324,32.26645],[71.34068,32.26752],[71.34577,32.27431],[71.3432,32.27861],[71.35797,32.29185],[71.36102,32.29708]]]]}},{"type":"Feature","properties":{"name":"Municipal Committee Isakhel","district":"Mianwali"},"geometry":{"type":"MultiPolygon","coordinates":[[[[71.25979,32.67666],[71.26178,32.67867],[71.26557,32.67917],[71.26666,32.68128],[71.27504,32.68024],[71.28226,32.68309],[71.28802,32.68271],[71.28563,32.66922],[71.28732,32.66145],[71.2829,32.65964],[71.27035,32.66169],[71.25579,32.65879],[71.26064,32.67408],[71.25979,32.67666]]]]}},{"type":"Feature","properties":{"name":"Municipal Committee Kumar Mushani","district":"Mianwali"},"geometry":{"type":"MultiPolygon","coordinates":[[[[71.34883,32.84312],[71.38484,32.85904],[71.40394,32.87135],[71.4071,32.86772],[71.40659,32.85852],[71.40344,32.85588],[71.40442,32.85045],[71.40163,32.85004],[71.39911,32.85238],[71.38347,32.84696],[71.38515,32.84189],[71.37551,32.83956],[71.36885,32.84171],[71.3635,32.83973],[71.35615,32.84067],[71.3507,32.83928],[71.34883,32.84312]]]]}},{"type":"Feature","properties":{"name":"Municipal Committee Daud Khel","district":"Mianwali"},"geometry":{"type":"MultiPolygon","coordinates":[[[[71.56856,32.85845],[71.535,32.91292],[71.56174,32.90191],[71.567,32.91021],[71.56586,32.91498],[71.58011,32.91294],[71.58273,32.85243],[71.57274,32.85162],[71.56856,32.85845]]]]}},{"type":"Feature","properties":{"name":"Municipal Committee Kalabagh","district":"Mianwali"},"geometry":{"type":"MultiPolygon","coordinates":[[[[71.53554,32.97013],[71.54147,32.96924],[71.5459,32.9619],[71.5475,32.96185],[71.54763,32.96488],[71.55389,32.96622],[71.55514,32.96784],[71.55878,32.96834],[71.56164,32.96576],[71.55364,32.96257],[71.54119,32.95418],[71.53496,32.95954],[71.53659,32.96127],[71.53554,32.97013]]]]}},{"type":"Feature","properties":{"name":"Municipal Committee Kundian","district":"Mianwali"},"geometry":{"type":"MultiPolygon","coordinates":[[[[71.52887,32.4723],[71.51675,32.43567],[71.53031,32.43249],[71.52955,32.41842],[71.45678,32.42595],[71.44223,32.4258],[71.43932,32.4209],[71.42821,32.41271],[71.43656,32.42658],[71.45133,32.42901],[71.4625,32.42901],[71.46801,32.45538],[71.47448,32.45859],[71.48018,32.46998],[71.48912,32.495],[71.5368,32.49314],[71.52887,32.4723]]]]}},{"type":"Feature","properties":{"name":"Municipal Committee Jand","district":"Attock"},"geometry":{"type":"MultiPolygon","coordinates":[[[[72.03021,33.43734],[72.02348,33.4335],[72.02682,33.42964],[72.025,33.42878],[72.02582,33.42666],[72.02088,33.42522],[72.02071,33.42051],[72.00596,33.42188],[72.00599,33.42873],[72.00076,33.43009],[72.00229,33.43452],[72.02473,33.44883],[72.03521,33.44388],[72.03021,33.43734]]]]}},{"type":"Feature","properties":{"name":"Municipal Committee Hazro","district":"Attock"},"geometry":{"type":"MultiPolygon","coordinates":[[[[72.48205,33.90814],[72.47672,33.92359],[72.49707,33.92537],[72.50269,33.92274],[72.50081,33.91916],[72.50638,33.90983],[72.49991,33.90254],[72.48219,33.90045],[72.48106,33.90089],[72.48282,33.90406],[72.48205,33.90814]]]]}},{"type":"Feature","properties":{"name":"Municipal Committee Pindi Gheb","district":"Attock"},"geometry":{"type":"MultiPolygon","coordinates":[[[[72.23985,33.23741],[72.2412,33.24734],[72.24416,33.25077],[72.24641,33.25786],[72.24839,33.2589],[72.26715,33.26286],[72.27595,33.25626],[72.28243,33.25777],[72.29071,33.25477],[72.28645,33.24652],[72.28296,33.24594],[72.28305,33.24126],[72.28049,33.23714],[72.28174,33.2351],[72.28465,33.2352],[72.28553,33.2331],[72.28255,33.23148],[72.27681,33.23208],[72.27766,33.22848],[72.27147,33.23458],[72.26729,33.23602],[72.25572,33.23239],[72.24747,33.23622],[72.23984,33.23633],[72.23985,33.23741]]]]}},{"type":"Feature","properties":{"name":"Municipal Committee Fateh Jang","district":"Attock"},"geometry":{"type":"MultiPolygon","coordinates":[[[[72.65545,33.59141],[72.65538,33.58982],[72.65953,33.58954],[72.65963,33.58787],[72.6626,33.58606],[72.6673,33.59056],[72.66447,33.58577],[72.66903,33.58237],[72.67422,33.58171],[72.67315,33.57887],[72.67435,33.57572],[72.67211,33.57286],[72.67643,33.56695],[72.67052,33.56384],[72.67156,33.55739],[72.67039,33.55592],[72.67714,33.55148],[72.67732,33.54753],[72.6807,33.54479],[72.67877,33.54125],[72.68471,33.53858],[72.68708,33.53553],[72.68697,33.53129],[72.69288,33.52209],[72.66235,33.52064],[72.64973,33.5231],[72.65135,33.52682],[72.64669,33.53074],[72.64513,33.53969],[72.64312,33.53969],[72.6432,33.54554],[72.63573,33.55193],[72.63199,33.54994],[72.62056,33.56023],[72.61848,33.55861],[72.62161,33.5549],[72.6167,33.5549],[72.61702,33.55374],[72.61492,33.55348],[72.61416,33.55447],[72.61694,33.55571],[72.61571,33.5592],[72.61769,33.56124],[72.60693,33.56307],[72.6123,33.56734],[72.60615,33.56903],[72.61828,33.56908],[72.63343,33.57184],[72.63122,33.57373],[72.64324,33.57837],[72.64256,33.58006],[72.64548,33.58543],[72.65234,33.58987],[72.65155,33.5914],[72.65545,33.59141]]]]}},{"type":"Feature","properties":{"name":"Municipal Committee Attock","district":"Attock"},"geometry":{"type":"MultiPolygon","coordinates":[[[[72.3379,33.7743],[72.33636,33.7805],[72.34248,33.78326],[72.34342,33.7903],[72.35089,33.79805],[72.34466,33.81253],[72.34587,33.82127],[72.36127,33.81557],[72.37137,33.81588],[72.37296,33.81457],[72.37478,33.8102],[72.37338,33.80601],[72.37656,33.79732],[72.3729,33.79311],[72.37578,33.78947],[72.38048,33.78839],[72.37729,33.78264],[72.36667,33.77802],[72.36913,33.76811],[72.35913,33.76854],[72.35734,33.76605],[72.35931,33.76579],[72.3637,33.75752],[72.36582,33.75743],[72.3676,33.74777],[72.36488,33.74871],[72.36587,33.73893],[72.35561,33.73903],[72.35412,33.75465],[72.35134,33.75459],[72.35095,33.75251],[72.34793,33.75369],[72.34803,33.75492],[72.34542,33.75515],[72.34342,33.76084],[72.34928,33.7613],[72.34832,33.76711],[72.33883,33.76869],[72.3379,33.7743]]]]}},{"type":"Feature","properties":{"name":"Municipal Committee Lalamusa","district":"Gujrat"},"geometry":{"type":"MultiPolygon","coordinates":[[[[73.94245,32.70141],[73.94334,32.70745],[73.94033,32.71266],[73.94227,32.7128],[73.94206,32.7117],[73.94697,32.71441],[73.95365,32.71237],[73.95472,32.71424],[73.95769,32.71124],[73.95868,32.71272],[73.96134,32.71167],[73.96077,32.71042],[73.96357,32.70822],[73.96907,32.70751],[73.96795,32.7052],[73.96997,32.70467],[73.97146,32.6983],[73.96871,32.69537],[73.97659,32.69098],[73.98305,32.68964],[73.9834,32.68543],[73.96726,32.68877],[73.95321,32.68875],[73.95342,32.69018],[73.95003,32.6915],[73.94882,32.69043],[73.94886,32.69282],[73.94245,32.70141]]]]}},{"type":"Feature","properties":{"name":"Municipal Committee Kharian","district":"Gujrat"},"geometry":{"type":"MultiPolygon","coordinates":[[[[73.87396,32.83127],[73.87805,32.82754],[73.87804,32.82126],[73.87248,32.81644],[73.86968,32.80715],[73.86473,32.80362],[73.86605,32.79904],[73.86115,32.80085],[73.86011,32.79927],[73.85636,32.79951],[73.85216,32.80274],[73.84892,32.79956],[73.84103,32.80426],[73.83853,32.80417],[73.83752,32.80622],[73.84237,32.80741],[73.84516,32.81356],[73.84525,32.81579],[73.8435,32.81639],[73.84139,32.82085],[73.84165,32.82764],[73.8428,32.82826],[73.84833,32.81857],[73.85399,32.818],[73.85711,32.82188],[73.86719,32.81863],[73.86904,32.82274],[73.86769,32.83031],[73.86523,32.83341],[73.86773,32.83386],[73.87396,32.83127]]]]}},{"type":"Feature","properties":{"name":"Municipal Committee Sarai Alamgir","district":"Gujrat"},"geometry":{"type":"MultiPolygon","coordinates":[[[[73.77092,32.89959],[73.76436,32.89526],[73.75526,32.90115],[73.75203,32.89823],[73.76157,32.8904],[73.75885,32.88515],[73.75412,32.89309],[73.74646,32.89647],[73.74209,32.90211],[73.73564,32.90261],[73.73768,32.90577],[73.73215,32.90884],[73.74056,32.9127],[73.74691,32.91784],[73.74948,32.92066],[73.74936,32.92724],[73.76103,32.93524],[73.77287,32.91695],[73.7782,32.91358],[73.77843,32.9076],[73.77379,32.90559],[73.77278,32.90412],[73.7748,32.9011],[73.77092,32.89959]]]]}},{"type":"Feature","properties":{"name":"Municipal Committee Kunjah","district":"Gujrat"},"geometry":{"type":"MultiPolygon","coordinates":[[[[73.98805,32.53051],[73.98541,32.53046],[73.98278,32.52364],[73.96971,32.52033],[73.95936,32.52623],[73.96698,32.53446],[73.96635,32.53597],[73.96993,32.53777],[73.98791,32.53605],[73.98992,32.53463],[73.98805,32.53051]]]]}},{"type":"Feature","properties":{"name":"Municipal Committee Jalal Pur Jattan","district":"Gujrat"},"geometry":{"type":"MultiPolygon","coordinates":[[[[74.21828,32.65301],[74.22582,32.64941],[74.22674,32.64731],[74.22556,32.63114],[74.21424,32.63054],[74.21411,32.62891],[74.21876,32.62733],[74.21045,32.62752],[74.20773,32.62607],[74.20009,32.63016],[74.19482,32.62939],[74.1851,32.63121],[74.18673,32.65659],[74.19057,32.65405],[74.19391,32.65779],[74.20006,32.65827],[74.20185,32.65317],[74.20321,32.65519],[74.20779,32.65289],[74.21144,32.65378],[74.21441,32.65216],[74.21557,32.65433],[74.21828,32.65301]]]]}},{"type":"Feature","properties":{"name":"Municipal Corporation Gujrat","district":"Gujrat"},"geometry":{"type":"MultiPolygon","coordinates":[[[[74.04854,32.61365],[74.07275,32.60962],[74.07287,32.61263],[74.08194,32.61331],[74.08732,32.6086],[74.09119,32.60751],[74.08837,32.59517],[74.09179,32.59252],[74.09339,32.5888],[74.09871,32.58546],[74.1016,32.57839],[74.10086,32.5741],[74.10473,32.56174],[74.09938,32.54631],[74.10012,32.54163],[74.09796,32.54092],[74.09796,32.53306],[74.08821,32.53322],[74.07706,32.54029],[74.0649,32.54104],[74.06948,32.54839],[74.06232,32.55057],[74.05348,32.55032],[74.046,32.55483],[74.04136,32.56315],[74.04143,32.56568],[74.04321,32.56533],[74.0541,32.58133],[74.04583,32.59204],[74.04779,32.59686],[74.04399,32.60179],[74.0422,32.60191],[74.04854,32.61365]]]]}},{"type":"Feature","properties":{"name":"Municipal Committee Dinga","district":"Gujrat"},"geometry":{"type":"MultiPolygon","coordinates":[[[[73.72413,32.64923],[73.72488,32.64788],[73.73181,32.64883],[73.73187,32.64439],[73.72883,32.63962],[73.73242,32.63847],[73.7284,32.63832],[73.72798,32.63506],[73.72981,32.63259],[73.71342,32.62973],[73.71322,32.634],[73.71055,32.63538],[73.71002,32.64292],[73.7076,32.64716],[73.71272,32.64621],[73.71552,32.64709],[73.71541,32.64927],[73.72413,32.64923]]]]}},{"type":"Feature","properties":{"name":"District Council Gujrat","district":"Gujrat"},"geometry":{"type":"MultiPolygon","coordinates":[[[[73.85896,33.00102],[73.86479,33.00102],[73.86806,33.0034],[73.89316,32.99748],[73.90744,33.0032],[73.90895,33.00263],[73.91574,32.99165],[73.92059,32.97677],[73.92052,32.96369],[73.9457,32.98456],[73.96372,32.98754],[73.97008,32.97534],[73.96777,32.96814],[73.97883,32.96183],[73.99292,32.96303],[74.0063,32.95453],[74.00132,32.94668],[73.99965,32.93972],[73.99257,32.93721],[73.99222,32.93507],[74.00691,32.93507],[74.00782,32.93117],[74.00507,32.92976],[74.00452,32.9239],[74.00513,32.92964],[74.00788,32.93104],[74.0371,32.91743],[74.0373,32.91517],[74.04143,32.91965],[74.05508,32.92205],[74.06393,32.92131],[74.06685,32.92024],[74.06683,32.9149],[74.07422,32.91346],[74.07421,32.91197],[74.09648,32.91055],[74.09647,32.90909],[74.10018,32.90909],[74.10017,32.90762],[74.10388,32.90763],[74.10388,32.90616],[74.10759,32.90617],[74.10758,32.9047],[74.11425,32.90324],[74.13253,32.89171],[74.12186,32.88237],[74.12165,32.88061],[74.12604,32.87901],[74.13152,32.88768],[74.13831,32.8906],[74.14887,32.88659],[74.15138,32.88733],[74.15513,32.8851],[74.16054,32.88509],[74.16658,32.88223],[74.16824,32.87829],[74.17254,32.87515],[74.18487,32.87271],[74.18502,32.87056],[74.19001,32.86725],[74.19075,32.85489],[74.19271,32.85635],[74.20293,32.85642],[74.20769,32.85158],[74.20644,32.84677],[74.21838,32.84305],[74.2197,32.84533],[74.2285,32.84516],[74.22947,32.84786],[74.23395,32.84891],[74.23938,32.84461],[74.24871,32.84325],[74.26109,32.83065],[74.26567,32.83065],[74.26933,32.82762],[74.27239,32.8321],[74.2818,32.83437],[74.30283,32.83014],[74.31212,32.82151],[74.30898,32.81381],[74.30851,32.80738],[74.3153,32.80492],[74.31482,32.80003],[74.31816,32.79901],[74.31604,32.79362],[74.31793,32.79244],[74.31463,32.78678],[74.31484,32.78779],[74.32148,32.78183],[74.32235,32.78358],[74.32752,32.7829],[74.34578,32.77587],[74.34606,32.77691],[74.35295,32.77545],[74.35627,32.77393],[74.35623,32.77023],[74.36732,32.77017],[74.36738,32.76866],[74.37243,32.76866],[74.37253,32.76671],[74.37678,32.76559],[74.377,32.76663],[74.38303,32.76588],[74.38372,32.76862],[74.38975,32.76868],[74.38978,32.77166],[74.39354,32.77164],[74.39338,32.77449],[74.39497,32.77589],[74.39703,32.77589],[74.39699,32.77441],[74.40467,32.77462],[74.40473,32.77879],[74.4085,32.77902],[74.40856,32.78218],[74.41415,32.78301],[74.4202,32.78091],[74.42158,32.77378],[74.42244,32.77538],[74.42771,32.77663],[74.43909,32.77057],[74.44573,32.76983],[74.44929,32.76778],[74.44227,32.76052],[74.44179,32.75683],[74.44548,32.75362],[74.45009,32.75333],[74.44965,32.74827],[74.45723,32.7395],[74.45563,32.73527],[74.46362,32.72871],[74.46362,32.72385],[74.46648,32.71986],[74.45977,32.71414],[74.45258,32.7134],[74.45697,32.7004],[74.46519,32.70029],[74.46922,32.69513],[74.46831,32.68253],[74.45686,32.67607],[74.46792,32.66712],[74.46536,32.66597],[74.46809,32.65811],[74.4669,32.65366],[74.43771,32.65788],[74.40804,32.63187],[74.39586,32.62349],[74.38329,32.61958],[74.37999,32.61593],[74.37395,32.61282],[74.37607,32.61068],[74.3708,32.60641],[74.36155,32.60379],[74.35764,32.60013],[74.34765,32.59703],[74.34957,32.59221],[74.34659,32.59217],[74.34667,32.59355],[74.33624,32.59016],[74.33624,32.58903],[74.3321,32.58902],[74.33033,32.58703],[74.32418,32.58834],[74.30657,32.58751],[74.30594,32.58118],[74.29165,32.58233],[74.28857,32.58566],[74.27578,32.58598],[74.26748,32.57789],[74.25353,32.5755],[74.24612,32.57157],[74.24373,32.57225],[74.23314,32.56601],[74.23051,32.56348],[74.23037,32.55745],[74.21923,32.54885],[74.21442,32.54881],[74.20131,32.55389],[74.19122,32.55398],[74.18456,32.55122],[74.17362,32.5299],[74.16648,32.52429],[74.15734,32.522],[74.14944,32.52276],[74.13766,32.51996],[74.13231,32.51693],[74.12975,32.51413],[74.13231,32.50527],[74.13271,32.49445],[74.12179,32.48637],[74.11392,32.48374],[74.09008,32.48083],[74.07993,32.47476],[74.07693,32.47119],[74.06703,32.46661],[74.05694,32.45659],[74.05813,32.45477],[74.04579,32.45097],[74.04692,32.44656],[74.03874,32.44169],[74.0299,32.43974],[74.02136,32.45526],[73.99627,32.42464],[73.97874,32.42514],[73.97057,32.42087],[73.96329,32.41272],[73.95468,32.40846],[73.94115,32.39717],[73.93373,32.39466],[73.89689,32.3988],[73.88184,32.39723],[73.88102,32.40885],[73.8778,32.41916],[73.88006,32.42466],[73.87918,32.42906],[73.88217,32.43251],[73.87581,32.43494],[73.8767,32.43909],[73.86337,32.44055],[73.86089,32.44343],[73.86263,32.4467],[73.85557,32.45147],[73.85506,32.45735],[73.85062,32.4559],[73.849,32.46306],[73.83967,32.46511],[73.83841,32.46903],[73.83512,32.46976],[73.83504,32.46838],[73.82071,32.47155],[73.82097,32.47315],[73.8184,32.47368],[73.80826,32.47347],[73.81017,32.48609],[73.79917,32.4874],[73.79861,32.48954],[73.7894,32.4927],[73.78986,32.49435],[73.78425,32.49875],[73.78671,32.50718],[73.78402,32.50849],[73.78693,32.51365],[73.78328,32.52145],[73.78215,32.53172],[73.7752,32.53237],[73.77142,32.53748],[73.7813,32.5443],[73.78409,32.55473],[73.78271,32.56293],[73.76912,32.56289],[73.76269,32.56396],[73.76269,32.56558],[73.75983,32.5656],[73.75977,32.56777],[73.75054,32.56781],[73.74908,32.56011],[73.74481,32.57087],[73.74125,32.57098],[73.73582,32.57437],[73.72487,32.57735],[73.72073,32.58072],[73.71703,32.5865],[73.71813,32.59],[73.71734,32.59778],[73.71097,32.60308],[73.71272,32.6047],[73.71267,32.6107],[73.70776,32.61176],[73.70771,32.61714],[73.70411,32.61986],[73.68486,32.6243],[73.67994,32.6234],[73.67783,32.62849],[73.67339,32.63075],[73.6698,32.63068],[73.66979,32.63215],[73.66552,32.63397],[73.65982,32.63395],[73.65907,32.63726],[73.65475,32.63724],[73.65483,32.63336],[73.65126,32.63336],[73.65128,32.63121],[73.64406,32.63058],[73.65053,32.64036],[73.65119,32.65223],[73.64477,32.66481],[73.63797,32.67233],[73.64038,32.67524],[73.64609,32.67528],[73.64605,32.67742],[73.64753,32.67744],[73.64747,32.68129],[73.64965,32.68294],[73.64962,32.69549],[73.63745,32.697],[73.63465,32.68505],[73.63248,32.68505],[73.6325,32.68288],[73.63104,32.68227],[73.62732,32.68241],[73.61701,32.69514],[73.61366,32.71424],[73.61038,32.71064],[73.6013,32.71793],[73.5876,32.72192],[73.58815,32.73477],[73.57853,32.73959],[73.58575,32.74286],[73.5893,32.74871],[73.58589,32.75033],[73.58782,32.75215],[73.5895,32.7516],[73.59193,32.75905],[73.59111,32.76625],[73.58764,32.76491],[73.58776,32.76757],[73.59118,32.77],[73.59074,32.78004],[73.59536,32.77868],[73.59558,32.78654],[73.60602,32.79622],[73.60665,32.80123],[73.6082,32.80151],[73.6087,32.80558],[73.60072,32.81153],[73.60109,32.8127],[73.60899,32.81856],[73.6095,32.82438],[73.61405,32.82797],[73.61377,32.83036],[73.6246,32.84434],[73.62596,32.84841],[73.63346,32.85253],[73.6359,32.85795],[73.6451,32.86124],[73.64964,32.86703],[73.66083,32.87141],[73.67597,32.88147],[73.69324,32.88927],[73.73278,32.91499],[73.78606,32.95407],[73.78688,32.95685],[73.78825,32.95651],[73.79213,32.96178],[73.795,32.96301],[73.79343,32.96879],[73.80534,32.96944],[73.81547,32.9675],[73.81406,32.97019],[73.81681,32.9722],[73.82149,32.96963],[73.82261,32.97119],[73.82744,32.96918],[73.8305,32.97569],[73.82953,32.98746],[73.82719,32.98803],[73.82981,32.99563],[73.82856,32.99603],[73.82936,32.9978],[73.8261,32.9994],[73.82635,33.0175],[73.82259,33.02625],[73.83031,33.02918],[73.82954,33.03423],[73.83781,33.03833],[73.85428,33.03519],[73.85894,33.0311],[73.86065,33.0231],[73.86389,33.0191],[73.85666,33.01708],[73.85028,33.00709],[73.85896,33.00102]],[[73.74646,32.89647],[73.75412,32.89309],[73.75885,32.88515],[73.76157,32.8904],[73.75203,32.89823],[73.75526,32.90115],[73.76436,32.89526],[73.7748,32.9011],[73.77278,32.90412],[73.77859,32.90791],[73.7782,32.91358],[73.77287,32.91695],[73.76103,32.93524],[73.74936,32.92724],[73.74948,32.92066],[73.74691,32.91784],[73.74056,32.9127],[73.73215,32.90884],[73.73768,32.90577],[73.73564,32.90261],[73.74275,32.90175],[73.74646,32.89647]],[[73.86588,32.83151],[73.86769,32.83031],[73.86904,32.82274],[73.86719,32.81863],[73.85711,32.82188],[73.85399,32.818],[73.84833,32.81857],[73.8428,32.82826],[73.84165,32.82764],[73.84139,32.82085],[73.8435,32.81639],[73.84525,32.81579],[73.84516,32.81356],[73.84237,32.80741],[73.83752,32.80622],[73.83853,32.80417],[73.84103,32.80426],[73.84892,32.79956],[73.85216,32.80274],[73.85636,32.79951],[73.86011,32.79927],[73.86115,32.80085],[73.86605,32.79904],[73.86473,32.80362],[73.8713,32.80933],[73.87215,32.81582],[73.87804,32.82126],[73.87845,32.82335],[73.87805,32.82754],[73.87492,32.83118],[73.86773,32.83386],[73.8654,32.83365],[73.86588,32.83151]],[[73.94697,32.71441],[73.94206,32.7117],[73.94227,32.7128],[73.94033,32.71266],[73.94334,32.70745],[73.94245,32.70141],[73.94886,32.69282],[73.94882,32.69043],[73.95003,32.6915],[73.95342,32.69018],[73.95321,32.68875],[73.96726,32.68877],[73.9834,32.68543],[73.98305,32.68964],[73.97659,32.69098],[73.96871,32.69537],[73.97146,32.6983],[73.96997,32.70467],[73.96795,32.7052],[73.96907,32.70751],[73.96357,32.70822],[73.96077,32.71042],[73.96134,32.71167],[73.95868,32.71272],[73.95769,32.71124],[73.95472,32.71424],[73.95365,32.71237],[73.94697,32.71441]],[[74.19391,32.65779],[74.19057,32.65405],[74.18673,32.65659],[74.1851,32.63121],[74.19482,32.62939],[74.20009,32.63016],[74.20773,32.62607],[74.21045,32.62752],[74.21876,32.62733],[74.21411,32.62891],[74.21424,32.63054],[74.22132,32.63025],[74.22141,32.63137],[74.22613,32.63183],[74.22715,32.64191],[74.22582,32.64941],[74.21557,32.65433],[74.21441,32.65216],[74.21144,32.65378],[74.20698,32.65301],[74.20727,32.65402],[74.20321,32.65519],[74.20185,32.65317],[74.20006,32.65827],[74.19391,32.65779]],[[73.72832,32.63679],[73.7284,32.63832],[73.73242,32.63847],[73.72883,32.63962],[73.73187,32.64439],[73.73181,32.64883],[73.72488,32.64788],[73.72413,32.64923],[73.71541,32.64927],[73.71552,32.64709],[73.71272,32.64621],[73.7076,32.64716],[73.71002,32.64292],[73.71055,32.63538],[73.71322,32.634],[73.71342,32.62973],[73.72981,32.63259],[73.72832,32.63679]],[[74.04821,32.61269],[74.0422,32.60191],[74.04399,32.60179],[74.04779,32.59686],[74.04583,32.59204],[74.0541,32.58133],[74.04321,32.56533],[74.04143,32.56568],[74.04136,32.56315],[74.046,32.55483],[74.05348,32.55032],[74.06232,32.55057],[74.06948,32.54839],[74.0649,32.54104],[74.07706,32.54029],[74.08821,32.53322],[74.09796,32.53306],[74.09796,32.54092],[74.10012,32.54163],[74.09938,32.54631],[74.10473,32.56174],[74.10086,32.5741],[74.1016,32.57839],[74.09871,32.58546],[74.09339,32.5888],[74.09179,32.59252],[74.08837,32.59517],[74.09119,32.60751],[74.08732,32.6086],[74.08194,32.61331],[74.07287,32.61263],[74.07275,32.60962],[74.04821,32.61269]],[[73.97362,32.53774],[73.96635,32.53597],[73.96698,32.53446],[73.95936,32.52623],[73.96971,32.52033],[73.98278,32.52364],[73.98541,32.53046],[73.98805,32.53051],[73.98992,32.53463],[73.98372,32.53699],[73.97362,32.53774]]]]}},{"type":"Feature","properties":{"name":"Municipal Committee Jhumra","district":"Faisalabad"},"geometry":{"type":"MultiPolygon","coordinates":[[[[73.19124,31.57625],[73.19998,31.56954],[73.1825,31.55451],[73.17459,31.56051],[73.17285,31.55978],[73.17066,31.56138],[73.1696,31.5603],[73.16752,31.56186],[73.17403,31.56908],[73.16604,31.57512],[73.1694,31.57827],[73.17732,31.57221],[73.18333,31.57823],[73.18606,31.5762],[73.1883,31.57838],[73.19124,31.57625]]]]}},{"type":"Feature","properties":{"name":"Municipal Committee Jaranwala","district":"Faisalabad"},"geometry":{"type":"MultiPolygon","coordinates":[[[[73.42188,31.3458],[73.42529,31.34779],[73.42942,31.34212],[73.43164,31.34449],[73.4334,31.34184],[73.43101,31.33972],[73.43448,31.3352],[73.43188,31.33345],[73.43398,31.33086],[73.42722,31.32665],[73.42431,31.32173],[73.41984,31.31864],[73.41477,31.30122],[73.40028,31.29245],[73.3986,31.29501],[73.40145,31.29674],[73.3897,31.3112],[73.40634,31.32776],[73.4196,31.35604],[73.42188,31.3458]]]]}},{"type":"Feature","properties":{"name":"Municipal Committee Khurrianwala","district":"Faisalabad"},"geometry":{"type":"MultiPolygon","coordinates":[[[[73.26896,31.5107],[73.27709,31.50773],[73.27502,31.50599],[73.28002,31.50074],[73.2822,31.50224],[73.28648,31.49931],[73.28891,31.50112],[73.29446,31.49518],[73.28402,31.48784],[73.2801,31.49131],[73.27435,31.49051],[73.277,31.48067],[73.27652,31.47717],[73.26322,31.46853],[73.25704,31.4733],[73.24654,31.47303],[73.23872,31.47901],[73.23768,31.4839],[73.25033,31.48881],[73.24926,31.48989],[73.25778,31.49726],[73.25436,31.49913],[73.259,31.50993],[73.26896,31.5107]]]]}},{"type":"Feature","properties":{"name":"Municipal Committee Dijkot","district":"Faisalabad"},"geometry":{"type":"MultiPolygon","coordinates":[[[[73.0044,31.2131],[73.01374,31.21322],[73.01473,31.201],[73.01051,31.19584],[73.01152,31.19201],[73.0056,31.19016],[73.00069,31.18631],[72.99926,31.1884],[73.00097,31.19124],[72.97974,31.20712],[72.98432,31.24037],[73.00238,31.25793],[73.0044,31.2131]]]]}},{"type":"Feature","properties":{"name":"Municipal Committee Samundri","district":"Faisalabad"},"geometry":{"type":"MultiPolygon","coordinates":[[[[72.94738,31.1105],[72.96023,31.11815],[72.97167,31.11764],[72.97557,31.11262],[72.95554,31.10059],[72.9546,31.09632],[72.93902,31.08695],[72.93926,31.08334],[72.93645,31.08164],[72.94072,31.077],[72.95285,31.08231],[72.96047,31.08273],[72.9675,31.09532],[72.96975,31.10292],[72.97196,31.10489],[72.98295,31.10591],[72.99332,31.11213],[73.0005,31.10352],[72.99402,31.10123],[72.9839,31.08651],[72.99098,31.07777],[72.99024,31.04228],[72.98027,31.03305],[72.97986,31.02995],[72.97056,31.02328],[72.96663,31.02439],[72.94078,30.99181],[72.93655,30.9966],[72.9308,30.99309],[72.92877,30.9956],[72.92588,30.99385],[72.92094,31.0],[72.93374,31.00547],[72.93844,31.01037],[72.9473,31.01518],[72.9385,31.02572],[72.93735,31.02293],[72.9278,31.0173],[72.91979,31.01526],[72.91528,31.01968],[72.90216,31.03886],[72.90511,31.04068],[72.89708,31.05058],[72.90794,31.05738],[72.89554,31.07403],[72.91215,31.08127],[72.93076,31.12215],[72.93436,31.12645],[72.94738,31.1105]]]]}},{"type":"Feature","properties":{"name":"Municipal Committee Mamukanjan","district":"Faisalabad"},"geometry":{"type":"MultiPolygon","coordinates":[[[[72.78544,30.85458],[72.79403,30.84412],[72.80281,30.84937],[72.80986,30.84044],[72.81743,30.84697],[72.81851,30.85088],[72.82207,30.84659],[72.82391,30.84771],[72.82646,30.83344],[72.81052,30.81343],[72.80474,30.80989],[72.80065,30.81484],[72.79574,30.81557],[72.79179,30.82063],[72.79141,30.82401],[72.78699,30.82128],[72.78799,30.82602],[72.77065,30.81568],[72.7705,30.83348],[72.77748,30.84575],[72.78544,30.85458]]]]}},{"type":"Feature","properties":{"name":"Municipal Committee Tandlianwala","district":"Faisalabad"},"geometry":{"type":"MultiPolygon","coordinates":[[[[73.15375,31.04077],[73.15675,31.03702],[73.14525,31.0301],[73.14669,31.02724],[73.14059,31.02365],[73.1386,31.02615],[73.13652,31.02492],[73.13383,31.023],[73.13578,31.02054],[73.13308,31.01891],[73.13108,31.02139],[73.12514,31.01786],[73.1223,31.02124],[73.12,31.01984],[73.12167,31.02187],[73.11758,31.02716],[73.12506,31.02902],[73.12673,31.03519],[73.13433,31.03838],[73.13519,31.03746],[73.1474,31.04841],[73.15375,31.04077]]]]}},{"type":"Feature","properties":{"name":"District Council Faisalabad","district":"Faisalabad"},"geometry":{"type":"MultiPolygon","coordinates":[[[[73.20952,31.78615],[73.20664,31.78612],[73.202,31.77407],[73.19867,31.77499],[73.19759,31.77211],[73.20099,31.77117],[73.19986,31.76833],[73.20325,31.7674],[73.20432,31.77026],[73.20769,31.76932],[73.21271,31.78324],[73.2249,31.75895],[73.24008,31.75695],[73.25073,31.7623],[73.26609,31.76504],[73.26799,31.76219],[73.27245,31.76497],[73.27532,31.76491],[73.2768,31.76217],[73.28125,31.75974],[73.27408,31.75869],[73.26617,31.75065],[73.2629,31.74433],[73.26729,31.74166],[73.2676,31.73856],[73.28171,31.73962],[73.28915,31.73421],[73.28957,31.73113],[73.29779,31.7199],[73.30487,31.72041],[73.31167,31.72385],[73.333,31.72525],[73.34406,31.72012],[73.34617,31.70121],[73.35321,31.70143],[73.34983,31.69348],[73.34713,31.69154],[73.34557,31.67454],[73.3702,31.67254],[73.37215,31.67029],[73.39386,31.66191],[73.40566,31.6506],[73.41595,31.65434],[73.43011,31.63966],[73.43374,31.63921],[73.43422,31.63182],[73.44264,31.61747],[73.4398,31.61546],[73.43885,31.60678],[73.43235,31.59447],[73.43143,31.58597],[73.4286,31.58409],[73.42764,31.57558],[73.42991,31.57331],[73.43543,31.5772],[73.4446,31.56779],[73.44998,31.57163],[73.45166,31.56993],[73.44605,31.5662],[73.44212,31.561],[73.44045,31.55758],[73.44309,31.55493],[73.46825,31.55284],[73.47187,31.55085],[73.46728,31.54948],[73.46132,31.54386],[73.4659,31.54076],[73.46432,31.5342],[73.46606,31.52141],[73.47157,31.51778],[73.47482,31.51176],[73.47362,31.50607],[73.45932,31.50033],[73.45014,31.49054],[73.4461,31.4888],[73.45394,31.47897],[73.45549,31.47985],[73.45751,31.47734],[73.46044,31.47898],[73.47593,31.46245],[73.47932,31.46087],[73.4842,31.4628],[73.48971,31.45602],[73.48943,31.44832],[73.5019,31.42958],[73.53436,31.43492],[73.55833,31.46922],[73.56363,31.46291],[73.5695,31.46623],[73.58945,31.44145],[73.59515,31.44484],[73.59325,31.44743],[73.59616,31.44907],[73.59417,31.45158],[73.6144,31.46357],[73.61626,31.4614],[73.6223,31.46465],[73.63045,31.45453],[73.63576,31.45802],[73.63673,31.46371],[73.64514,31.46155],[73.6485,31.46359],[73.64976,31.46221],[73.64714,31.45047],[73.64998,31.44063],[73.65522,31.43506],[73.6662,31.42782],[73.66087,31.42611],[73.65976,31.42429],[73.65798,31.41112],[73.66187,31.40706],[73.67074,31.38663],[73.66723,31.38849],[73.65948,31.3866],[73.65936,31.38091],[73.66154,31.3777],[73.65055,31.37096],[73.65263,31.36849],[73.64384,31.36328],[73.6503,31.35703],[73.64946,31.35283],[73.65538,31.34808],[73.65205,31.34458],[73.65626,31.3371],[73.66397,31.32993],[73.66104,31.32954],[73.65959,31.33125],[73.65268,31.329],[73.65144,31.33048],[73.64979,31.32946],[73.6473,31.33244],[73.64434,31.33073],[73.64599,31.3287],[73.64358,31.32646],[73.64564,31.32392],[73.63867,31.31978],[73.64075,31.3174],[73.63956,31.31673],[73.64078,31.31215],[73.64653,31.30856],[73.63689,31.30524],[73.63604,31.30623],[73.63148,31.30353],[73.63411,31.29493],[73.62859,31.29286],[73.62735,31.28724],[73.62171,31.28699],[73.61766,31.28173],[73.60859,31.27525],[73.60832,31.27259],[73.61179,31.2721],[73.61184,31.26829],[73.59925,31.26822],[73.59278,31.27095],[73.59239,31.26904],[73.58607,31.26569],[73.59208,31.26138],[73.58738,31.26088],[73.58522,31.26222],[73.58388,31.26131],[73.58537,31.2575],[73.57876,31.25835],[73.57476,31.26267],[73.57305,31.26127],[73.57201,31.25601],[73.5641,31.25674],[73.56412,31.2551],[73.56252,31.25473],[73.56435,31.24526],[73.55918,31.23896],[73.55288,31.23984],[73.5487,31.24516],[73.54172,31.24384],[73.54207,31.23598],[73.53947,31.23135],[73.54021,31.22805],[73.53469,31.22502],[73.53603,31.22145],[73.52926,31.21749],[73.52742,31.21259],[73.52152,31.20814],[73.52137,31.20598],[73.50984,31.20418],[73.50575,31.20605],[73.5053,31.20314],[73.50105,31.19877],[73.4948,31.19635],[73.48838,31.19983],[73.48023,31.19918],[73.47435,31.20353],[73.47101,31.20344],[73.4704,31.20529],[73.46459,31.20721],[73.46034,31.19595],[73.45161,31.19704],[73.44684,31.19518],[73.44478,31.19826],[73.44498,31.19635],[73.43049,31.1931],[73.42834,31.19006],[73.42254,31.18899],[73.42032,31.18406],[73.41626,31.18341],[73.41367,31.1779],[73.40954,31.18011],[73.40571,31.17174],[73.40406,31.15198],[73.40159,31.15163],[73.40197,31.14838],[73.39722,31.15031],[73.40094,31.14742],[73.40046,31.145],[73.40773,31.14331],[73.40844,31.13378],[73.40637,31.12777],[73.39192,31.1331],[73.38882,31.1301],[73.38586,31.1314],[73.38515,31.12934],[73.38336,31.13041],[73.37765,31.12755],[73.37579,31.12569],[73.37575,31.12135],[73.36857,31.12023],[73.3685,31.11419],[73.36566,31.112],[73.36879,31.1109],[73.36681,31.10992],[73.36742,31.10625],[73.36021,31.098],[73.36044,31.09395],[73.36361,31.09182],[73.35638,31.09048],[73.35382,31.08489],[73.34936,31.08589],[73.34868,31.08468],[73.34851,31.07622],[73.34608,31.073],[73.3529,31.07063],[73.35822,31.06449],[73.35002,31.0607],[73.3504,31.05829],[73.34596,31.06003],[73.34183,31.05577],[73.34234,31.0537],[73.34421,31.05438],[73.34396,31.04973],[73.34754,31.04483],[73.34754,31.03926],[73.3454,31.03704],[73.3479,31.03073],[73.34584,31.02629],[73.35008,31.02401],[73.34939,31.01956],[73.35136,31.01495],[73.34958,31.01413],[73.34979,31.00846],[73.34694,31.00758],[73.34711,31.0024],[73.34188,31.00223],[73.33748,30.99986],[73.33189,31.0009],[73.3269,31.00785],[73.3275,31.01228],[73.31943,31.01549],[73.30284,31.00812],[73.30169,30.99763],[73.29388,30.99319],[73.29299,30.98787],[73.2772,30.98827],[73.28042,30.98298],[73.27916,30.9806],[73.27572,30.98161],[73.27521,30.97728],[73.27175,30.97985],[73.26836,30.97962],[73.26448,30.97684],[73.26514,30.97406],[73.2489,30.97222],[73.24865,30.96797],[73.24423,30.96802],[73.24425,30.96302],[73.2408,30.96125],[73.24059,30.95638],[73.23168,30.95459],[73.2238,30.94961],[73.22755,30.94746],[73.22514,30.94149],[73.21253,30.9345],[73.21462,30.93126],[73.21288,30.93026],[73.21362,30.92811],[73.20536,30.92459],[73.19918,30.92456],[73.19271,30.90557],[73.18963,30.90412],[73.18372,30.90786],[73.1806,30.9065],[73.17733,30.901],[73.17101,30.90276],[73.16966,30.91466],[73.16125,30.92095],[73.15784,30.92112],[73.14809,30.91405],[73.15179,30.91032],[73.15565,30.91162],[73.15877,30.90993],[73.16261,30.89668],[73.15076,30.89347],[73.14562,30.89832],[73.13985,30.89865],[73.13459,30.89585],[73.13233,30.89121],[73.13197,30.88737],[73.13486,30.88074],[73.14644,30.88114],[73.15358,30.87668],[73.15171,30.87344],[73.14029,30.8724],[73.14181,30.8616],[73.15121,30.86516],[73.1561,30.86505],[73.15664,30.86325],[73.15381,30.86011],[73.1422,30.85863],[73.14592,30.85709],[73.14748,30.84776],[73.14301,30.84237],[73.14365,30.84114],[73.13543,30.84005],[73.1317,30.84494],[73.12734,30.84391],[73.12274,30.86597],[73.10232,30.86338],[73.10133,30.86637],[73.09873,30.86599],[73.09862,30.86734],[73.09335,30.86263],[73.08937,30.83984],[73.09293,30.83855],[73.09394,30.855],[73.09939,30.85278],[73.10399,30.84758],[73.10327,30.84032],[73.10728,30.83628],[73.10716,30.82975],[73.09802,30.83214],[73.09502,30.82321],[73.09278,30.82081],[73.08668,30.82058],[73.08232,30.81366],[73.07881,30.81401],[73.0781,30.81659],[73.07388,30.81455],[73.07469,30.81146],[73.06681,30.80986],[73.06543,30.81583],[73.06128,30.81502],[73.06241,30.80994],[73.06057,30.8058],[73.04855,30.80114],[73.03652,30.80156],[73.03358,30.81116],[73.03013,30.81035],[73.02943,30.80733],[73.02607,30.81319],[73.01437,30.80828],[73.01104,30.80498],[73.0091,30.79934],[73.00279,30.79634],[73.00311,30.79465],[73.00719,30.79438],[73.00012,30.78326],[73.00936,30.77877],[73.00967,30.77706],[73.00167,30.77161],[73.00243,30.77029],[72.99744,30.77134],[72.99979,30.77526],[72.99837,30.77913],[72.99499,30.78019],[72.98994,30.77277],[72.98014,30.77057],[72.9808,30.76874],[72.97579,30.76871],[72.97895,30.78523],[72.98191,30.78885],[72.98375,30.79708],[72.97444,30.79971],[72.96628,30.79808],[72.96603,30.79594],[72.97574,30.79321],[72.97813,30.78899],[72.9728,30.7809],[72.97141,30.77064],[72.97355,30.7687],[72.97362,30.7645],[72.95477,30.76048],[72.95309,30.7632],[72.95316,30.76836],[72.95633,30.77984],[72.95162,30.7827],[72.94669,30.78093],[72.94777,30.77751],[72.94447,30.76715],[72.93727,30.76999],[72.93907,30.77417],[72.93548,30.77552],[72.93288,30.77388],[72.93272,30.77202],[72.93599,30.76749],[72.92896,30.76462],[72.92732,30.75983],[72.90742,30.75869],[72.90901,30.75528],[72.90609,30.74528],[72.89864,30.74699],[72.89726,30.7441],[72.88959,30.74839],[72.88645,30.74548],[72.8861,30.74057],[72.89818,30.73748],[72.90385,30.73382],[72.89875,30.73126],[72.89789,30.72799],[72.89473,30.72586],[72.89645,30.72364],[72.89586,30.71869],[72.89302,30.7147],[72.88604,30.71414],[72.87661,30.71617],[72.87832,30.70039],[72.87629,30.69176],[72.85556,30.69272],[72.85369,30.69768],[72.85714,30.70037],[72.85889,30.70712],[72.84158,30.71024],[72.8423,30.71321],[72.83545,30.71445],[72.82888,30.712],[72.82207,30.71388],[72.82392,30.71644],[72.82323,30.72064],[72.82057,30.72023],[72.82051,30.71807],[72.8164,30.72168],[72.81061,30.72186],[72.81072,30.72637],[72.8087,30.73054],[72.80503,30.73508],[72.79759,30.7373],[72.79811,30.73882],[72.79449,30.74444],[72.78527,30.74443],[72.76262,30.74877],[72.76079,30.74791],[72.76136,30.74585],[72.75701,30.74428],[72.75329,30.73595],[72.74473,30.73707],[72.73368,30.7309],[72.73042,30.73278],[72.72963,30.7359],[72.7252,30.73738],[72.72141,30.7359],[72.71982,30.73798],[72.7165,30.73797],[72.71102,30.73592],[72.70755,30.74573],[72.70868,30.75182],[72.70447,30.75669],[72.70878,30.75931],[72.70502,30.76448],[72.71644,30.77132],[72.71038,30.77881],[72.74575,30.79819],[72.73264,30.81444],[72.73831,30.81792],[72.73026,30.82789],[72.73396,30.82849],[72.71307,30.85439],[72.71015,30.85268],[72.70811,30.85511],[72.70527,30.8534],[72.70325,30.85584],[72.70041,30.85416],[72.69836,30.85664],[72.69548,30.85494],[72.69182,30.85895],[72.68994,30.8568],[72.68063,30.86812],[72.67912,30.86817],[72.66849,30.883],[72.68551,30.89342],[72.68355,30.89585],[72.68569,30.89722],[72.68937,30.89921],[72.69139,30.8969],[72.70576,30.90553],[72.70375,30.90805],[72.70254,30.91463],[72.70842,30.91809],[72.70629,30.9208],[72.70897,30.92259],[72.7051,30.92753],[72.71084,30.93089],[72.71298,30.92844],[72.7157,30.93009],[72.71971,30.92531],[72.72535,30.92867],[72.72148,30.93375],[72.72291,30.93461],[72.73014,30.93893],[72.73218,30.93656],[72.73512,30.93817],[72.73714,30.93577],[72.74262,30.93905],[72.73865,30.94416],[72.75019,30.95098],[72.74219,30.96083],[72.74494,30.96275],[72.74105,30.96768],[72.76408,30.98153],[72.76195,30.98393],[72.76489,30.98582],[72.76088,30.99079],[72.76969,30.99602],[72.76553,31.00097],[72.77132,31.00439],[72.76729,31.00935],[72.77297,31.01284],[72.769,31.01786],[72.77757,31.02293],[72.78259,31.02231],[72.79123,31.02746],[72.78112,31.03988],[72.78686,31.04337],[72.78082,31.05089],[72.7895,31.05615],[72.77034,31.07959],[72.76786,31.08014],[72.7627,31.07705],[72.74409,31.05816],[72.72008,31.07546],[72.71074,31.07893],[72.70777,31.08251],[72.71593,31.0863],[72.72076,31.08255],[72.7286,31.08152],[72.74159,31.08701],[72.74495,31.09084],[72.75141,31.11393],[72.75021,31.13282],[72.74518,31.14018],[72.75819,31.14911],[72.76038,31.15252],[72.75958,31.15611],[72.75491,31.16182],[72.75543,31.16385],[72.75182,31.16781],[72.76226,31.16956],[72.7864,31.19302],[72.80354,31.1847],[72.80974,31.18344],[72.80833,31.18885],[72.78718,31.20496],[72.79521,31.21423],[72.80066,31.2166],[72.81108,31.23012],[72.8089,31.23093],[72.80889,31.23798],[72.81299,31.23794],[72.81439,31.24006],[72.81677,31.2389],[72.81658,31.24193],[72.8192,31.24097],[72.82098,31.24236],[72.81893,31.25492],[72.83663,31.25341],[72.83581,31.28208],[72.82138,31.29247],[72.8217,31.29553],[72.81389,31.29813],[72.8073,31.30287],[72.79923,31.31148],[72.80304,31.31679],[72.79998,31.31915],[72.80229,31.32141],[72.79222,31.32898],[72.78928,31.32742],[72.79172,31.33493],[72.79082,31.33817],[72.78809,31.33755],[72.79806,31.38874],[72.7989,31.38808],[72.80157,31.3929],[72.82453,31.41679],[72.82356,31.41702],[72.85231,31.4685],[72.85896,31.49147],[72.94717,31.55129],[73.01038,31.57148],[73.04923,31.59045],[73.05756,31.60123],[73.1165,31.70599],[73.1982,31.78238],[73.20899,31.79018],[73.20952,31.78615]],[[73.1883,31.57838],[73.18606,31.5762],[73.18333,31.57823],[73.17732,31.57221],[73.1694,31.57827],[73.16604,31.57512],[73.17403,31.56908],[73.16752,31.56186],[73.1696,31.5603],[73.17066,31.56138],[73.17285,31.55978],[73.17459,31.56051],[73.1825,31.55451],[73.18539,31.55635],[73.19998,31.56954],[73.1883,31.57838]],[[73.1144,31.54272],[73.10899,31.53975],[73.10861,31.53695],[73.10209,31.53165],[73.08809,31.53241],[73.07803,31.52978],[73.07715,31.52739],[73.08146,31.52165],[73.08212,31.51628],[73.07951,31.51108],[73.07208,31.50391],[73.06688,31.50114],[73.05268,31.50212],[73.05176,31.50334],[73.04616,31.49926],[73.05285,31.49681],[73.05306,31.4926],[73.05854,31.48164],[73.05249,31.46897],[73.04756,31.4632],[73.04134,31.46068],[73.03587,31.45009],[73.01575,31.44268],[73.0175,31.45128],[73.01397,31.45663],[73.0058,31.46769],[72.9977,31.46794],[72.99331,31.46134],[72.98842,31.44678],[72.98285,31.44332],[72.99848,31.4315],[73.00833,31.43197],[72.9806,31.40538],[72.99275,31.40774],[73.0115,31.3929],[72.98669,31.38399],[72.98607,31.3798],[72.98915,31.38181],[72.99276,31.37912],[72.9946,31.38072],[72.99621,31.37977],[73.00151,31.38466],[73.00583,31.38486],[73.01688,31.37679],[73.02411,31.38392],[73.02691,31.382],[73.03155,31.38636],[73.03412,31.38447],[73.04573,31.39572],[73.0379,31.40175],[73.05507,31.40465],[73.06307,31.39869],[73.06946,31.40508],[73.07185,31.40456],[73.07439,31.39784],[73.02888,31.3725],[73.03264,31.36942],[73.0525,31.37039],[73.06322,31.36235],[73.06811,31.36628],[73.06334,31.35376],[73.08031,31.34043],[73.08012,31.34563],[73.08229,31.34755],[73.08213,31.35157],[73.0886,31.34657],[73.09697,31.35441],[73.10995,31.35455],[73.13135,31.39268],[73.14259,31.4036],[73.19587,31.43169],[73.19973,31.44102],[73.17881,31.44016],[73.17681,31.46204],[73.1685,31.46802],[73.15322,31.4673],[73.15273,31.47604],[73.13684,31.48861],[73.13474,31.48634],[73.12977,31.48599],[73.12736,31.48372],[73.11506,31.48098],[73.11119,31.47788],[73.10862,31.48174],[73.10021,31.48238],[73.09383,31.48509],[73.09193,31.48682],[73.0912,31.49423],[73.08655,31.48977],[73.08329,31.49234],[73.08377,31.4968],[73.10914,31.52559],[73.11987,31.54163],[73.11475,31.54516],[73.1144,31.54272]],[[73.26758,31.51068],[73.259,31.50993],[73.25436,31.49913],[73.25778,31.49726],[73.24926,31.48989],[73.25033,31.48881],[73.23768,31.4839],[73.23872,31.47901],[73.24664,31.47297],[73.25704,31.4733],[73.26322,31.46853],[73.27652,31.47717],[73.277,31.48067],[73.27435,31.49051],[73.2801,31.49131],[73.28402,31.48784],[73.29446,31.49518],[73.28891,31.50112],[73.28648,31.49931],[73.2822,31.50224],[73.28002,31.50074],[73.27502,31.50599],[73.27709,31.50773],[73.26758,31.51068]],[[73.419,31.35476],[73.40634,31.32776],[73.3897,31.3112],[73.40145,31.29674],[73.3986,31.29501],[73.40028,31.29245],[73.41477,31.30122],[73.41984,31.31864],[73.42431,31.32173],[73.42722,31.32665],[73.43398,31.33086],[73.43188,31.33345],[73.43445,31.33539],[73.43098,31.33981],[73.43337,31.34213],[73.43124,31.34464],[73.4291,31.3423],[73.42529,31.34779],[73.42188,31.34577],[73.41999,31.35584],[73.419,31.35476]],[[72.99784,31.25355],[72.98432,31.24037],[72.97974,31.20712],[73.00097,31.19124],[72.99926,31.1884],[73.00069,31.18631],[73.0056,31.19016],[73.01152,31.19201],[73.01051,31.19584],[73.01473,31.201],[73.01495,31.2078],[73.01374,31.21322],[73.00441,31.21308],[73.00152,31.25663],[73.00253,31.25788],[72.99784,31.25355]],[[72.91794,31.09384],[72.91122,31.08018],[72.89555,31.07406],[72.90794,31.05738],[72.89708,31.05058],[72.90511,31.04068],[72.90216,31.03886],[72.91979,31.01526],[72.92823,31.01745],[72.93735,31.02293],[72.9385,31.02572],[72.9473,31.01518],[72.93844,31.01037],[72.93374,31.00547],[72.92094,31.0],[72.92588,30.99385],[72.92877,30.9956],[72.9308,30.99309],[72.93655,30.9966],[72.94078,30.99181],[72.96663,31.02439],[72.97056,31.02328],[72.97986,31.02995],[72.98027,31.03305],[72.99024,31.04228],[72.99098,31.07777],[72.9839,31.08651],[72.99402,31.10123],[73.0005,31.10352],[72.99332,31.11213],[72.98295,31.10591],[72.97196,31.10489],[72.96975,31.10292],[72.9675,31.09532],[72.96047,31.08273],[72.95285,31.08231],[72.94072,31.077],[72.93645,31.08164],[72.93926,31.08334],[72.93902,31.08695],[72.9546,31.09632],[72.95554,31.10059],[72.97557,31.11262],[72.97167,31.11764],[72.96023,31.11815],[72.94739,31.11049],[72.93436,31.12645],[72.93084,31.1223],[72.91794,31.09384]],[[73.13625,31.03839],[73.12673,31.03519],[73.12506,31.02902],[73.11758,31.02716],[73.12167,31.02187],[73.12,31.01984],[73.1223,31.02124],[73.12514,31.01786],[73.13108,31.02139],[73.13308,31.01891],[73.13578,31.02054],[73.13383,31.023],[73.1386,31.02615],[73.14059,31.02365],[73.14669,31.02724],[73.14525,31.0301],[73.15675,31.03702],[73.1474,31.04841],[73.13625,31.03839]],[[72.78526,30.85444],[72.77748,30.84575],[72.7705,30.83348],[72.77065,30.81568],[72.78799,30.82602],[72.78699,30.82128],[72.79141,30.82401],[72.79179,30.82063],[72.79574,30.81557],[72.80065,30.81484],[72.80474,30.80989],[72.81052,30.81343],[72.82646,30.83344],[72.82391,30.84771],[72.82207,30.84659],[72.81851,30.85088],[72.81743,30.84697],[72.80986,30.84044],[72.80281,30.84937],[72.79403,30.84412],[72.78526,30.85444]]]]}},{"type":"Feature","properties":{"name":"Municipal Committee Silanwali","district":"Sargodha"},"geometry":{"type":"MultiPolygon","coordinates":[[[[72.54858,31.82704],[72.54707,31.82376],[72.54865,31.81699],[72.54314,31.81117],[72.52483,31.8244],[72.53066,31.83068],[72.53263,31.82942],[72.53895,31.83663],[72.54387,31.83345],[72.54914,31.83766],[72.55473,31.83401],[72.54858,31.82704]]]]}},{"type":"Feature","properties":{"name":"Municipal Committee Bhera","district":"Sargodha"},"geometry":{"type":"MultiPolygon","coordinates":[[[[72.89706,32.48313],[72.90246,32.48696],[72.91459,32.48975],[72.92524,32.48856],[72.92712,32.4872],[72.92841,32.4824],[72.92313,32.4804],[72.92401,32.47795],[72.91915,32.47859],[72.92325,32.47257],[72.91731,32.46982],[72.91468,32.47442],[72.91065,32.4751],[72.90225,32.47227],[72.89884,32.47939],[72.89969,32.48158],[72.89706,32.48313]]]]}},{"type":"Feature","properties":{"name":"Municipal Committee Shahpur Saddar","district":"Sargodha"},"geometry":{"type":"MultiPolygon","coordinates":[[[[72.486,32.2599],[72.4833,32.25644],[72.48079,32.25949],[72.47848,32.25632],[72.47568,32.2576],[72.47241,32.25357],[72.46266,32.2642],[72.46666,32.27517],[72.47395,32.28014],[72.48528,32.27753],[72.48981,32.27311],[72.49001,32.26942],[72.48951,32.26367],[72.486,32.2599]]]]}},{"type":"Feature","properties":{"name":"Municipal Committee Bhalwal","district":"Sargodha"},"geometry":{"type":"MultiPolygon","coordinates":[[[[72.90867,32.28091],[72.91646,32.28818],[72.92643,32.28171],[72.9117,32.26506],[72.91238,32.26284],[72.90977,32.2574],[72.90569,32.25375],[72.9055,32.24383],[72.90352,32.24155],[72.89544,32.25074],[72.89616,32.2536],[72.89299,32.25139],[72.89281,32.25372],[72.89494,32.2545],[72.87831,32.26794],[72.88077,32.27312],[72.87954,32.27413],[72.89021,32.28611],[72.90165,32.27868],[72.90535,32.28313],[72.90867,32.28091]]]]}},{"type":"Feature","properties":{"name":"Municipal Committee Sahiwal","district":"Sargodha"},"geometry":{"type":"MultiPolygon","coordinates":[[[[72.32372,32.00089],[72.34215,32.00187],[72.35188,31.99485],[72.35219,31.95054],[72.31449,31.94172],[72.31676,31.96141],[72.30828,31.9846],[72.3195,32.00067],[72.32372,32.00089]]]]}},{"type":"Feature","properties":{"name":"Municipal Committee Kot Momin","district":"Sargodha"},"geometry":{"type":"MultiPolygon","coordinates":[[[[73.05596,32.199],[73.05626,32.19256],[73.05344,32.19101],[73.05203,32.18791],[73.05412,32.17964],[73.05384,32.17407],[73.05171,32.17017],[73.03853,32.16916],[73.03054,32.17347],[73.02551,32.17424],[73.01986,32.1718],[73.01229,32.17165],[73.01088,32.16895],[73.00402,32.1734],[73.01282,32.20109],[73.03463,32.21403],[73.04574,32.20908],[73.05596,32.199]]]]}},{"type":"Feature","properties":{"name":"District Council Murree","district":"Murree"},"geometry":{"type":"MultiPolygon","coordinates":[[[[73.45122,33.7928],[73.46231,33.78621],[73.4635,33.78815],[73.468,33.78776],[73.48141,33.79199],[73.48955,33.7876],[73.48292,33.77755],[73.48839,33.77838],[73.48717,33.77345],[73.48426,33.76983],[73.48281,33.76118],[73.48734,33.75703],[73.49069,33.76142],[73.49969,33.76286],[73.50604,33.76571],[73.5085,33.76569],[73.5091,33.76417],[73.51306,33.76651],[73.51349,33.76456],[73.51829,33.768],[73.53199,33.76511],[73.53291,33.76842],[73.5409,33.77214],[73.54641,33.77677],[73.5484,33.78041],[73.54841,33.78616],[73.55336,33.78402],[73.55415,33.78835],[73.55711,33.78755],[73.56049,33.78605],[73.56031,33.77897],[73.56962,33.77098],[73.5742,33.76331],[73.58205,33.76025],[73.58554,33.75685],[73.59694,33.75097],[73.59972,33.73859],[73.59128,33.73726],[73.58576,33.73996],[73.56496,33.7402],[73.54937,33.72952],[73.53077,33.72844],[73.49156,33.71059],[73.48198,33.71011],[73.4761,33.72321],[73.47477,33.72069],[73.47564,33.71018],[73.45638,33.70979],[73.45514,33.71651],[73.43923,33.73928],[73.4314,33.74112],[73.4276,33.72833],[73.42862,33.72455],[73.4263,33.71979],[73.428,33.71574],[73.42683,33.70949],[73.40705,33.70924],[73.40776,33.72228],[73.3806,33.69632],[73.36941,33.7083],[73.35466,33.70343],[73.3461,33.6973],[73.33538,33.7024],[73.33105,33.71048],[73.33078,33.71335],[73.3409,33.72061],[73.33696,33.72811],[73.30948,33.73859],[73.29259,33.74767],[73.27161,33.74737],[73.26427,33.75013],[73.26476,33.754],[73.27943,33.76389],[73.27485,33.7672],[73.27169,33.77352],[73.25567,33.77463],[73.24244,33.76222],[73.24013,33.76334],[73.24653,33.77431],[73.23628,33.78199],[73.23086,33.77849],[73.23767,33.78593],[73.25514,33.79814],[73.26367,33.79916],[73.28441,33.79422],[73.29222,33.79857],[73.29769,33.7972],[73.33518,33.80425],[73.34827,33.8094],[73.35978,33.80819],[73.37322,33.80383],[73.38465,33.79866],[73.39228,33.79226],[73.39577,33.80086],[73.41245,33.81043],[73.42702,33.80535],[73.45122,33.7928]]],[[[73.50055,34.01734],[73.51495,34.0179],[73.5156,34.00957],[73.51335,34.00118],[73.52446,33.99411],[73.53061,33.981],[73.5291,33.97591],[73.53422,33.97198],[73.53291,33.96544],[73.54768,33.9378],[73.56154,33.92668],[73.56306,33.92211],[73.56839,33.91576],[73.58458,33.90478],[73.59354,33.88983],[73.59213,33.88408],[73.59311,33.87831],[73.59211,33.87652],[73.58683,33.87449],[73.58945,33.86099],[73.57758,33.84238],[73.57596,33.83621],[73.5769,33.8315],[73.57281,33.81949],[73.56598,33.81682],[73.56545,33.81287],[73.55987,33.80604],[73.54994,33.80906],[73.5483,33.81153],[73.5414,33.81085],[73.53898,33.81431],[73.53276,33.81487],[73.53682,33.81919],[73.53514,33.82118],[73.53254,33.82116],[73.53041,33.81504],[73.52653,33.82203],[73.52507,33.82222],[73.52593,33.83134],[73.5208,33.83638],[73.52992,33.8441],[73.53107,33.85447],[73.52915,33.85766],[73.52727,33.85722],[73.51669,33.84484],[73.50696,33.84314],[73.50268,33.84055],[73.50209,33.83753],[73.50352,33.83543],[73.49961,33.82778],[73.50168,33.82608],[73.5091,33.8287],[73.50721,33.82247],[73.50389,33.8206],[73.50412,33.8164],[73.50607,33.81457],[73.50283,33.81176],[73.4954,33.8128],[73.49304,33.81451],[73.49186,33.81644],[73.49266,33.823],[73.48966,33.8296],[73.48689,33.82871],[73.48484,33.8255],[73.47544,33.82363],[73.45766,33.82703],[73.48005,33.86062],[73.49545,33.87598],[73.50596,33.89033],[73.51125,33.90175],[73.51167,33.9063],[73.44634,33.91026],[73.46039,33.93297],[73.47187,33.93572],[73.47465,33.94718],[73.4743,33.96024],[73.47757,33.96201],[73.47941,33.97378],[73.47678,33.977],[73.45473,33.98279],[73.44256,33.98272],[73.44771,33.98535],[73.46435,34.00134],[73.47225,34.01624],[73.47935,34.01594],[73.48695,34.01814],[73.50055,34.01734]]]]}},{"type":"Feature","properties":{"name":"District Council Rawalpindi","district":"Rawalpindi"},"geometry":{"type":"MultiPolygon","coordinates":[[[[72.70926,33.88148],[72.75336,33.86234],[72.76122,33.86061],[72.76288,33.85976],[72.76239,33.85846],[72.76523,33.85779],[72.76383,33.85436],[72.76498,33.8546],[72.76485,33.84887],[72.76844,33.84839],[72.76379,33.84179],[72.76998,33.83608],[72.7719,33.83599],[72.76701,33.83406],[72.76702,33.83241],[72.78243,33.82341],[72.78337,33.82026],[72.78064,33.8206],[72.77497,33.81778],[72.78002,33.81184],[72.7892,33.81106],[72.79553,33.80807],[72.81154,33.80527],[72.81201,33.80831],[72.81479,33.81096],[72.82067,33.81266],[72.82073,33.81371],[72.81688,33.81396],[72.81693,33.81986],[72.81806,33.81973],[72.81529,33.8242],[72.81886,33.82829],[72.83195,33.82604],[72.84235,33.83324],[72.84685,33.83344],[72.84975,33.83164],[72.85025,33.82544],[72.85385,33.82394],[72.87185,33.82594],[72.86995,33.81624],[72.86625,33.80924],[72.85615,33.79784],[72.85235,33.79734],[72.84175,33.80284],[72.82945,33.78974],[72.82655,33.78284],[72.82165,33.77834],[72.83085,33.76294],[72.84145,33.76494],[72.84435,33.76464],[72.84605,33.76234],[72.85205,33.76544],[72.85205,33.76934],[72.85655,33.76984],[72.86215,33.76974],[72.86495,33.76774],[72.86755,33.76204],[72.87075,33.76084],[72.88875,33.76644],[72.88915,33.76294],[72.88625,33.75964],[72.88185,33.75804],[72.88775,33.75204],[72.92385,33.74564],[72.92605,33.73714],[72.92055,33.73444],[72.91565,33.72904],[72.90145,33.72734],[72.89305,33.72064],[72.86705,33.71804],[72.85305,33.71934],[72.84615,33.71524],[72.84155,33.70624],[72.81495,33.70124],[72.91395,33.57294],[72.98595,33.61044],[72.97745,33.62134],[72.96695,33.62704],[72.96935,33.63134],[72.97515,33.62754],[72.98805,33.63384],[73.00135,33.61934],[73.02343,33.63023],[73.03012,33.62287],[73.03613,33.6202],[73.03921,33.62148],[73.04206,33.61779],[73.04315,33.61208],[73.03861,33.61066],[73.04097,33.60669],[73.05424,33.60394],[73.05609,33.60487],[73.05546,33.60838],[73.05851,33.60864],[73.0649,33.60189],[73.06299,33.5999],[73.06488,33.5957],[73.06555,33.58518],[73.07739,33.5833],[73.07446,33.58753],[73.06783,33.59226],[73.06624,33.59686],[73.06784,33.59768],[73.06695,33.59957],[73.07188,33.59847],[73.07566,33.60092],[73.07673,33.60444],[73.07537,33.60606],[73.0789,33.61147],[73.07759,33.61255],[73.07914,33.61342],[73.07748,33.61501],[73.07819,33.61733],[73.08147,33.61977],[73.08141,33.62193],[73.07497,33.62661],[73.07967,33.62948],[73.07828,33.62749],[73.08073,33.62899],[73.09638,33.62158],[73.09552,33.63302],[73.10121,33.63324],[73.09605,33.64005],[73.10142,33.64254],[73.1516,33.57514],[73.08321,33.53872],[73.19503,33.485],[73.29895,33.59134],[73.29315,33.59234],[73.29295,33.59544],[73.29575,33.60434],[73.30245,33.61074],[73.30005,33.63004],[73.30145,33.63584],[73.29825,33.64214],[73.29995,33.64614],[73.30395,33.64894],[73.30205,33.65454],[73.30745,33.65624],[73.32105,33.66574],[73.32475,33.66634],[73.33715,33.66384],[73.34765,33.66414],[73.35195,33.66144],[73.35405,33.66234],[73.35685,33.66444],[73.35815,33.67124],[73.36115,33.67444],[73.38345,33.69124],[73.3806,33.69632],[73.38225,33.69825],[73.40776,33.72228],[73.40705,33.70924],[73.42726,33.70971],[73.428,33.71574],[73.4263,33.71979],[73.42862,33.72455],[73.4276,33.72833],[73.43106,33.74104],[73.43923,33.73928],[73.45514,33.71651],[73.45638,33.70979],[73.47564,33.71018],[73.47477,33.72069],[73.4761,33.72321],[73.48198,33.71011],[73.49156,33.71059],[73.53077,33.72844],[73.54937,33.72952],[73.56496,33.7402],[73.58576,33.73996],[73.59128,33.73726],[73.59958,33.73858],[73.60057,33.73364],[73.60572,33.72556],[73.6046,33.71348],[73.6011,33.70913],[73.60001,33.70258],[73.59037,33.69111],[73.58382,33.68853],[73.5762,33.67854],[73.57148,33.67546],[73.56623,33.6654],[73.57006,33.6536],[73.57665,33.64304],[73.57741,33.63845],[73.56765,33.62187],[73.56645,33.61699],[73.57683,33.61482],[73.58426,33.61598],[73.59235,33.60787],[73.59728,33.59919],[73.60198,33.59968],[73.60812,33.60332],[73.60955,33.59798],[73.60406,33.59139],[73.60406,33.58862],[73.60661,33.58519],[73.61279,33.58445],[73.61913,33.58017],[73.62799,33.56956],[73.62434,33.56391],[73.62515,33.55103],[73.62251,33.54677],[73.62189,33.54097],[73.6264,33.53542],[73.63728,33.53381],[73.63883,33.52595],[73.62999,33.52651],[73.62558,33.52145],[73.62125,33.52033],[73.61862,33.51576],[73.61319,33.5166],[73.61065,33.51514],[73.60988,33.5097],[73.6164,33.49826],[73.61211,33.49964],[73.60863,33.50324],[73.60416,33.50236],[73.60188,33.49828],[73.60152,33.49398],[73.60384,33.49168],[73.60235,33.48659],[73.6102,33.48077],[73.60819,33.47341],[73.60893,33.47121],[73.61229,33.47047],[73.61455,33.47169],[73.61561,33.47648],[73.61888,33.47663],[73.6178,33.46385],[73.62952,33.46142],[73.6312,33.45869],[73.63053,33.45105],[73.628,33.44905],[73.62091,33.45202],[73.61794,33.45109],[73.60727,33.44196],[73.59958,33.44211],[73.59406,33.44026],[73.59386,33.4303],[73.59253,33.42885],[73.58797,33.42928],[73.58568,33.42585],[73.58781,33.42188],[73.59067,33.42066],[73.59733,33.42252],[73.59703,33.41906],[73.59017,33.4166],[73.58757,33.41012],[73.58239,33.40941],[73.57856,33.40447],[73.57862,33.40077],[73.57163,33.39354],[73.56793,33.38466],[73.56968,33.37782],[73.56498,33.37383],[73.56358,33.36833],[73.56905,33.35269],[73.57471,33.35104],[73.56846,33.34223],[73.56881,33.33636],[73.57297,33.33233],[73.57514,33.32477],[73.58619,33.32083],[73.59003,33.30297],[73.59505,33.28901],[73.60199,33.27701],[73.60192,33.2703],[73.6053,33.26944],[73.60712,33.26663],[73.60824,33.26321],[73.60669,33.24947],[73.61007,33.24403],[73.60912,33.24182],[73.59988,33.2363],[73.59715,33.23114],[73.58125,33.23501],[73.57045,33.23272],[73.56374,33.22748],[73.55916,33.22066],[73.55543,33.22074],[73.55196,33.21391],[73.54624,33.20887],[73.54284,33.2131],[73.54324,33.21759],[73.54046,33.22231],[73.53333,33.22414],[73.52942,33.229],[73.52689,33.2293],[73.50437,33.22176],[73.49669,33.22259],[73.49535,33.22496],[73.48411,33.22459],[73.4781,33.22285],[73.47501,33.21889],[73.47029,33.21883],[73.46882,33.21721],[73.46263,33.2179],[73.46267,33.21961],[73.45839,33.22368],[73.46551,33.22383],[73.46708,33.22626],[73.46621,33.22721],[73.47131,33.22798],[73.4663,33.23465],[73.46835,33.23628],[73.46368,33.24463],[73.45867,33.24769],[73.45606,33.24779],[73.45448,33.24611],[73.45137,33.24776],[73.44295,33.24018],[73.44767,33.2379],[73.4463,33.23548],[73.44129,33.2349],[73.43441,33.23832],[73.42853,33.23418],[73.42653,33.23072],[73.41726,33.23482],[73.40788,33.23446],[73.40561,33.23343],[73.40618,33.23177],[73.41523,33.21781],[73.40651,33.21705],[73.40592,33.21485],[73.40815,33.21364],[73.40518,33.21116],[73.40958,33.20829],[73.41368,33.21103],[73.41601,33.21059],[73.41611,33.20558],[73.41306,33.20285],[73.4172,33.19813],[73.41398,33.19578],[73.41139,33.19663],[73.40289,33.19339],[73.40031,33.18979],[73.39312,33.19429],[73.38631,33.19377],[73.36343,33.188],[73.36193,33.18589],[73.36814,33.17899],[73.36258,33.17513],[73.36266,33.17179],[73.3612,33.17073],[73.36426,33.1661],[73.36409,33.15934],[73.36679,33.15545],[73.37309,33.15168],[73.37502,33.15327],[73.37938,33.15164],[73.38251,33.14755],[73.38295,33.14432],[73.3902,33.13895],[73.38601,33.13359],[73.38838,33.13343],[73.3887,33.1315],[73.3797,33.12521],[73.37869,33.11821],[73.37138,33.11231],[73.3731,33.10829],[73.36823,33.10505],[73.37059,33.10062],[73.36157,33.09725],[73.35956,33.10078],[73.35468,33.10016],[73.35451,33.10373],[73.34938,33.1032],[73.34424,33.11025],[73.33482,33.11005],[73.32516,33.10435],[73.31608,33.10553],[73.29054,33.09935],[73.27094,33.09702],[73.25962,33.09244],[73.21856,33.08383],[73.19413,33.07015],[73.19344,33.0747],[73.19604,33.08023],[73.21026,33.09275],[73.20582,33.0979],[73.20339,33.09792],[73.1986,33.09439],[73.19281,33.09817],[73.18391,33.09862],[73.16699,33.09588],[73.14527,33.0949],[73.14023,33.09179],[73.13689,33.09242],[73.13388,33.09633],[73.1313,33.09434],[73.12651,33.07657],[73.12371,33.07468],[73.11676,33.07412],[73.11261,33.07589],[73.10344,33.08542],[73.10413,33.10477],[73.10101,33.10638],[73.08541,33.1051],[73.08439,33.09777],[73.06841,33.07805],[73.04307,33.06605],[73.02919,33.06488],[73.02587,33.06645],[73.02419,33.07029],[73.02588,33.08694],[73.02203,33.09219],[73.01837,33.09393],[73.01823,33.09742],[73.0222,33.10021],[73.01488,33.10527],[73.00902,33.10838],[72.9994,33.10359],[72.98716,33.11159],[72.98335,33.11214],[72.97636,33.10785],[72.96112,33.11552],[72.9577,33.1147],[72.95419,33.11149],[72.9524,33.11234],[72.95235,33.11454],[72.94936,33.11479],[72.94603,33.11947],[72.94607,33.12247],[72.94158,33.12793],[72.93574,33.13123],[72.93015,33.13981],[72.93394,33.14283],[72.93394,33.14515],[72.92806,33.16576],[72.9254,33.16939],[72.89765,33.16704],[72.8843,33.1606],[72.88142,33.16467],[72.87918,33.16371],[72.87703,33.16824],[72.86781,33.16486],[72.86394,33.1648],[72.86277,33.16634],[72.85493,33.16014],[72.84872,33.1602],[72.84742,33.16336],[72.83271,33.16576],[72.82816,33.16464],[72.82918,33.16051],[72.82767,33.15681],[72.82081,33.15933],[72.81201,33.1589],[72.80963,33.16436],[72.79912,33.16704],[72.78631,33.17747],[72.77343,33.18278],[72.76791,33.1894],[72.75948,33.18863],[72.75599,33.18632],[72.75508,33.18873],[72.74725,33.18884],[72.73912,33.19234],[72.72305,33.19303],[72.72273,33.1992],[72.72053,33.20258],[72.71007,33.21269],[72.69778,33.20665],[72.68812,33.20773],[72.68372,33.21079],[72.68157,33.20794],[72.67648,33.20563],[72.66934,33.20682],[72.66203,33.2125],[72.65636,33.20912],[72.65211,33.20184],[72.64758,33.20122],[72.63835,33.19554],[72.63135,33.19424],[72.62985,33.21104],[72.63945,33.22334],[72.64135,33.23434],[72.64565,33.24594],[72.65995,33.26484],[72.66265,33.27424],[72.67315,33.27764],[72.67965,33.27464],[72.68845,33.27654],[72.68865,33.28504],[72.67945,33.29494],[72.67875,33.30344],[72.67985,33.30614],[72.68765,33.31294],[72.69595,33.33204],[72.70565,33.34134],[72.70555,33.34764],[72.70725,33.35024],[72.71795,33.36044],[72.71765,33.36414],[72.72365,33.37714],[72.73175,33.38474],[72.75035,33.39214],[72.75655,33.40494],[72.76325,33.39714],[72.76785,33.39714],[72.77255,33.39934],[72.76915,33.41364],[72.76975,33.41954],[72.77415,33.42824],[72.77265,33.44004],[72.77675,33.44744],[72.79545,33.45284],[72.79955,33.45594],[72.80905,33.45864],[72.81705,33.46324],[72.82405,33.46434],[72.83325,33.46324],[72.86745,33.47594],[72.88375,33.47304],[72.89985,33.47644],[72.91762,33.48464],[72.91581,33.48704],[72.91659,33.49049],[72.91525,33.49229],[72.9138,33.49158],[72.90974,33.49353],[72.9098,33.49881],[72.90718,33.50547],[72.90904,33.50966],[72.90505,33.51324],[72.90245,33.51854],[72.89395,33.52084],[72.88285,33.52724],[72.87865,33.52674],[72.87665,33.52824],[72.86355,33.52964],[72.85365,33.53364],[72.85645,33.53874],[72.85515,33.54754],[72.84475,33.55984],[72.83995,33.56054],[72.83575,33.56334],[72.82425,33.56364],[72.81635,33.56854],[72.82095,33.57754],[72.82115,33.58084],[72.81805,33.58674],[72.82185,33.59304],[72.82255,33.60024],[72.81475,33.60674],[72.80855,33.60744],[72.80995,33.61254],[72.79905,33.62094],[72.79855,33.62414],[72.80515,33.62974],[72.81195,33.63224],[72.81405,33.63504],[72.80995,33.63774],[72.81165,33.64084],[72.81025,33.64244],[72.79955,33.63774],[72.75675,33.63754],[72.74835,33.63574],[72.74315,33.63714],[72.74535,33.64794],[72.74395,33.65574],[72.74555,33.66614],[72.73905,33.67784],[72.73225,33.67954],[72.73105,33.69014],[72.74935,33.69264],[72.75355,33.69724],[72.75465,33.70154],[72.75045,33.71594],[72.74805,33.71884],[72.74315,33.71964],[72.73565,33.71324],[72.73165,33.71304],[72.73235,33.71634],[72.72895,33.74154],[72.72625,33.74544],[72.71795,33.74904],[72.71925,33.73784],[72.71595,33.73594],[72.71157,33.73646],[72.71218,33.74452],[72.70396,33.7452],[72.70191,33.74726],[72.70248,33.76132],[72.70448,33.76659],[72.70819,33.76825],[72.70833,33.77266],[72.70748,33.77463],[72.70309,33.77455],[72.70345,33.77814],[72.69675,33.78354],[72.69547,33.79088],[72.69379,33.7907],[72.68908,33.80197],[72.68924,33.8067],[72.7048,33.81593],[72.71737,33.81959],[72.72552,33.81945],[72.73789,33.82409],[72.73608,33.82666],[72.72507,33.83341],[72.70449,33.85761],[72.69465,33.87219],[72.70926,33.88148]],[[72.80652,33.76784],[72.80534,33.76513],[72.8089,33.76361],[72.8039,33.74806],[72.799,33.74506],[72.79967,33.73724],[72.79217,33.7396],[72.78586,33.73932],[72.78598,33.73726],[72.78871,33.73756],[72.78969,33.73582],[72.79513,33.73634],[72.79632,33.73098],[72.79875,33.73165],[72.79885,33.73038],[72.80156,33.73021],[72.80375,33.73477],[72.81137,33.73545],[72.81495,33.73827],[72.81407,33.74412],[72.81651,33.74219],[72.81821,33.74308],[72.8181,33.74869],[72.82239,33.74817],[72.82425,33.75096],[72.82253,33.7516],[72.82226,33.7543],[72.82476,33.75557],[72.82497,33.75764],[72.82167,33.75909],[72.82294,33.76185],[72.82629,33.76355],[72.82573,33.7648],[72.81381,33.76282],[72.81426,33.7638],[72.80652,33.76784]],[[73.39624,33.44958],[73.3928,33.44328],[73.38754,33.44428],[73.38194,33.43321],[73.36434,33.43152],[73.36372,33.4326],[73.36725,33.43687],[73.37041,33.43674],[73.37396,33.44485],[73.37018,33.44607],[73.36799,33.44301],[73.36567,33.44292],[73.36476,33.44041],[73.36063,33.44039],[73.35549,33.44926],[73.35255,33.44858],[73.34864,33.44269],[73.33211,33.42677],[73.32902,33.41955],[73.33053,33.41302],[73.3192,33.40426],[73.3208,33.40013],[73.31364,33.39447],[73.31348,33.39222],[73.31129,33.39063],[73.31585,33.38321],[73.3181,33.38321],[73.32118,33.38018],[73.32782,33.37941],[73.33707,33.3739],[73.35153,33.37568],[73.35133,33.37722],[73.35429,33.37918],[73.35279,33.37983],[73.35449,33.38312],[73.35763,33.38585],[73.35568,33.38821],[73.35799,33.39214],[73.35401,33.38968],[73.35282,33.39052],[73.3565,33.3938],[73.35655,33.40123],[73.3533,33.40398],[73.3546,33.40983],[73.35757,33.40796],[73.35721,33.40563],[73.36084,33.40433],[73.37076,33.40765],[73.37124,33.40038],[73.36602,33.39554],[73.36517,33.39259],[73.3665,33.39014],[73.37294,33.38798],[73.38305,33.38968],[73.37899,33.39971],[73.3867,33.39774],[73.39155,33.39852],[73.39127,33.39622],[73.39909,33.39296],[73.40295,33.39839],[73.40636,33.39859],[73.40877,33.40104],[73.4141,33.4012],[73.41519,33.41098],[73.4122,33.41307],[73.41439,33.41542],[73.41646,33.41509],[73.41745,33.41754],[73.42222,33.41893],[73.42204,33.42281],[73.42466,33.42613],[73.42356,33.42658],[73.42437,33.4315],[73.42204,33.43237],[73.4311,33.44063],[73.43149,33.44694],[73.42743,33.45133],[73.39928,33.45519],[73.39624,33.44958]],[[73.29356,33.28111],[73.28675,33.2801],[73.29087,33.27275],[73.2894,33.27089],[73.29171,33.26825],[73.28997,33.26378],[73.29157,33.26127],[73.29396,33.26094],[73.29388,33.25853],[73.29193,33.25747],[73.29286,33.2514],[73.29071,33.25132],[73.28914,33.24893],[73.29018,33.24564],[73.30129,33.2433],[73.30414,33.2391],[73.30686,33.24044],[73.30712,33.23928],[73.31189,33.23995],[73.31805,33.23488],[73.32153,33.23979],[73.31893,33.24236],[73.32041,33.24366],[73.3154,33.24823],[73.31885,33.25327],[73.32296,33.2543],[73.32617,33.25795],[73.31495,33.26009],[73.32284,33.26393],[73.32392,33.26263],[73.32527,33.26424],[73.32488,33.26751],[73.31488,33.26712],[73.31004,33.264],[73.30859,33.26758],[73.31022,33.27283],[73.30547,33.27548],[73.30313,33.27308],[73.30388,33.27433],[73.30238,33.27529],[73.29743,33.27614],[73.29598,33.2787],[73.29673,33.28077],[73.29356,33.28111]],[[73.39387,33.57975],[73.39836,33.57993],[73.39996,33.58204],[73.40233,33.58076],[73.40202,33.58212],[73.41447,33.58744],[73.41209,33.5926],[73.41452,33.59269],[73.41633,33.59856],[73.4182,33.59769],[73.41899,33.59353],[73.43199,33.59701],[73.43363,33.60096],[73.43274,33.60535],[73.40814,33.59957],[73.40442,33.60173],[73.40503,33.60374],[73.40824,33.60539],[73.40697,33.60859],[73.40226,33.61184],[73.39979,33.61166],[73.39703,33.6079],[73.39531,33.60874],[73.38617,33.60614],[73.37827,33.60761],[73.37601,33.60648],[73.37472,33.60214],[73.3804,33.60043],[73.36661,33.59101],[73.37102,33.58619],[73.37075,33.58136],[73.37283,33.58049],[73.37282,33.57757],[73.37921,33.57878],[73.38366,33.57717],[73.39387,33.57975]]]]}},{"type":"Feature","properties":{"name":"Municipal Corporation Gujranwala","district":"Gujranwala"},"geometry":{"type":"MultiPolygon","coordinates":[[[[74.22237,32.24103],[74.22719,32.23639],[74.23838,32.23405],[74.23717,32.2223],[74.24642,32.21988],[74.24717,32.22434],[74.25352,32.22527],[74.25912,32.23087],[74.26094,32.22948],[74.26658,32.23551],[74.27472,32.23123],[74.27222,32.22644],[74.2785,32.22259],[74.28093,32.21845],[74.27672,32.21674],[74.26737,32.20574],[74.26515,32.2001],[74.2578,32.1998],[74.25398,32.20219],[74.25273,32.19384],[74.24918,32.1912],[74.24724,32.18069],[74.25198,32.17941],[74.2538,32.18169],[74.25941,32.18083],[74.26044,32.17716],[74.26489,32.17647],[74.26519,32.16981],[74.25903,32.16927],[74.25837,32.1671],[74.25835,32.1649],[74.26394,32.16463],[74.26394,32.15898],[74.25692,32.15461],[74.25118,32.15505],[74.24842,32.15082],[74.2442,32.15082],[74.24325,32.14787],[74.23935,32.14641],[74.23819,32.14338],[74.23168,32.13868],[74.23046,32.14127],[74.21503,32.14066],[74.21088,32.12156],[74.2063,32.11296],[74.21005,32.1073],[74.20999,32.09923],[74.2046,32.09792],[74.20609,32.09181],[74.20164,32.09026],[74.20289,32.0837],[74.19244,32.08244],[74.19324,32.07764],[74.20398,32.0769],[74.20786,32.0536],[74.20797,32.05029],[74.20204,32.04641],[74.20552,32.0343],[74.20409,32.03424],[74.20204,32.02551],[74.20021,32.02533],[74.19278,32.03002],[74.18696,32.03024],[74.18707,32.03281],[74.18987,32.03401],[74.1869,32.03984],[74.18302,32.04298],[74.17405,32.04584],[74.1668,32.04589],[74.17337,32.06045],[74.16457,32.06125],[74.16417,32.06651],[74.1652,32.07045],[74.16651,32.07062],[74.16651,32.0753],[74.16257,32.07616],[74.1672,32.08381],[74.15601,32.08821],[74.15327,32.09106],[74.15789,32.10466],[74.1656,32.10408],[74.1656,32.1054],[74.1608,32.107],[74.16063,32.11128],[74.15732,32.11174],[74.15584,32.10911],[74.15258,32.11019],[74.15321,32.11922],[74.15789,32.12447],[74.15801,32.12767],[74.1463,32.12761],[74.1467,32.13601],[74.15379,32.13941],[74.15003,32.14766],[74.13733,32.14789],[74.14264,32.15148],[74.14253,32.15291],[74.14813,32.15485],[74.13979,32.15668],[74.13956,32.16016],[74.13419,32.16142],[74.1391,32.16747],[74.13967,32.1717],[74.1447,32.18049],[74.15041,32.17969],[74.15167,32.18495],[74.15658,32.19157],[74.16657,32.19945],[74.16966,32.21122],[74.16606,32.20579],[74.16332,32.20568],[74.16332,32.20396],[74.15589,32.20391],[74.15389,32.20054],[74.14681,32.20134],[74.14676,32.20431],[74.1419,32.20648],[74.14184,32.2099],[74.13099,32.2115],[74.13105,32.22001],[74.13176,32.22371],[74.1417,32.22383],[74.16954,32.22942],[74.16594,32.23858],[74.16837,32.23958],[74.17101,32.23951],[74.17187,32.23501],[74.18415,32.23765],[74.18928,32.22916],[74.19108,32.22889],[74.19876,32.22985],[74.20506,32.23472],[74.20393,32.23651],[74.20673,32.238],[74.21321,32.23693],[74.21327,32.2402],[74.21458,32.24091],[74.22237,32.24103]],[[74.17634,32.17675],[74.17523,32.17769],[74.17146,32.17348],[74.17802,32.16928],[74.18033,32.171],[74.18248,32.16774],[74.18409,32.16876],[74.1838,32.1705],[74.18546,32.17133],[74.1835,32.17744],[74.17634,32.17675]]]]}},{"type":"Feature","properties":{"name":"Municipal Committee Ladhewala Warraich","district":"Gujranwala"},"geometry":{"type":"MultiPolygon","coordinates":[[[[74.13419,32.16142],[74.13956,32.16016],[74.13979,32.15668],[74.1439,32.15657],[74.14384,32.1548],[74.14818,32.15428],[74.14253,32.15291],[74.14264,32.15148],[74.13731,32.14817],[74.13302,32.13585],[74.11474,32.13065],[74.11055,32.13186],[74.10988,32.13542],[74.09658,32.14342],[74.0978,32.14446],[74.09703,32.14599],[74.10197,32.15105],[74.10007,32.15262],[74.10161,32.15863],[74.10038,32.15884],[74.09757,32.15367],[74.09437,32.1582],[74.1021,32.16168],[74.10214,32.16545],[74.10771,32.1744],[74.11267,32.17441],[74.11336,32.17222],[74.11477,32.1723],[74.11628,32.17704],[74.12054,32.17869],[74.11904,32.17072],[74.117,32.17064],[74.11705,32.16233],[74.12454,32.16066],[74.13419,32.16142]]]]}},{"type":"Feature","properties":{"name":"Municipal Committee Qila Deedar Singh","district":"Gujranwala"},"geometry":{"type":"MultiPolygon","coordinates":[[[[74.03155,32.15081],[74.03318,32.14757],[74.03294,32.13406],[74.0347,32.13171],[74.03794,32.13151],[74.03646,32.12497],[74.0308,32.12386],[74.02659,32.11728],[74.02586,32.11245],[74.02758,32.10602],[74.01507,32.10806],[74.01546,32.11523],[74.01282,32.11733],[74.0058,32.11735],[73.9975,32.13307],[74.00818,32.13594],[74.01442,32.14142],[74.01878,32.14293],[74.01896,32.15055],[74.02134,32.15527],[74.03069,32.15324],[74.03155,32.15081]]]]}},{"type":"Feature","properties":{"name":"RDA Controlled Area","district":"Rawalpindi"},"geometry":{"type":"MultiPolygon","coordinates":[[[[73.10142,33.64254],[73.1516,33.57514],[73.08321,33.53872],[73.19503,33.485],[73.23021,33.52174],[73.25031,33.52133],[73.24978,33.51568],[73.23703,33.51521],[73.22995,33.50045],[73.2359,33.48808],[73.22543,33.45764],[73.21376,33.4462],[73.23478,33.44348],[73.23858,33.4375],[73.21749,33.4325],[73.18236,33.4305],[73.17539,33.43342],[73.1701,33.42809],[73.14683,33.42914],[73.14816,33.44596],[73.14625,33.45627],[73.14186,33.46651],[73.1303,33.4776],[73.11625,33.48322],[73.1113,33.48322],[73.1047,33.4912],[73.10584,33.50039],[73.09474,33.50037],[73.08615,33.50302],[73.05476,33.50113],[73.05341,33.49792],[73.05469,33.4943],[73.0647,33.48527],[73.05756,33.46835],[73.03209,33.47179],[73.03027,33.46933],[73.01059,33.46687],[73.00265,33.45875],[72.99878,33.44997],[72.98778,33.44834],[72.98523,33.46159],[72.98077,33.47418],[72.98778,33.48346],[73.00218,33.48422],[73.00694,33.48816],[73.00901,33.49311],[73.00671,33.49409],[73.00589,33.4976],[72.99897,33.50176],[72.99068,33.5051],[72.98505,33.5034],[72.96942,33.51529],[72.97064,33.52084],[72.98433,33.53238],[72.9833,33.53288],[72.98571,33.53687],[72.9887,33.53855],[72.98756,33.53962],[72.99124,33.54195],[72.98661,33.54337],[72.98766,33.54558],[72.98604,33.54753],[72.97904,33.55114],[72.97253,33.55237],[72.93784,33.541],[72.93047,33.54204],[72.89982,33.53434],[72.89344,33.53813],[72.86919,33.5423],[72.86565,33.55206],[72.86621,33.55662],[72.86538,33.5552],[72.84604,33.55794],[72.84475,33.55984],[72.83995,33.56054],[72.83575,33.56334],[72.82425,33.56364],[72.81635,33.56854],[72.82095,33.57754],[72.82115,33.58084],[72.81805,33.58674],[72.82185,33.59304],[72.82255,33.60024],[72.83325,33.60074],[72.83865,33.60294],[72.84715,33.60974],[72.85595,33.61364],[72.86417,33.61463],[72.87482,33.61844],[72.8764,33.62128],[72.91411,33.57284],[72.94786,33.59056],[72.9601,33.59421],[72.9654,33.59374],[72.9743,33.59602],[72.97738,33.59503],[72.98468,33.59792],[72.98571,33.59327],[72.98822,33.59194],[72.98736,33.59089],[72.99438,33.5878],[72.99495,33.58524],[73.00202,33.58001],[73.00625,33.58129],[73.00915,33.58001],[73.01611,33.5831],[73.02222,33.57915],[73.02182,33.57797],[73.02427,33.57664],[73.01881,33.57112],[73.02067,33.56993],[73.01967,33.56696],[73.02124,33.56657],[73.01881,33.56253],[73.03084,33.56023],[73.03897,33.5512],[73.04211,33.55322],[73.04063,33.55453],[73.04187,33.555],[73.04163,33.56356],[73.04348,33.56332],[73.04695,33.56621],[73.04928,33.56185],[73.04905,33.55651],[73.05499,33.55635],[73.05784,33.55389],[73.05656,33.55239],[73.0634,33.55029],[73.0644,33.55148],[73.06331,33.55457],[73.06725,33.55805],[73.07072,33.55797],[73.07215,33.56134],[73.08009,33.5615],[73.08132,33.56395],[73.09016,33.55872],[73.094,33.55819],[73.10044,33.57044],[73.09893,33.57648],[73.10446,33.58116],[73.10409,33.58436],[73.09629,33.58645],[73.09829,33.58979],[73.09898,33.59751],[73.09998,33.5996],[73.10268,33.59987],[73.10181,33.60356],[73.10683,33.60705],[73.10418,33.60896],[73.10601,33.60991],[73.11915,33.60458],[73.12135,33.60842],[73.10656,33.61724],[73.10619,33.62169],[73.10245,33.62377],[73.10138,33.63226],[73.105,33.63385],[73.10121,33.63324],[73.09605,33.64005],[73.10142,33.64254]]]]}},{"type":"Feature","properties":{"name":"MDA Controlled Area","district":"Multan"},"geometry":{"type":"MultiPolygon","coordinates":[[[[71.49937,30.3072],[71.50219,30.30798],[71.50844,30.30499],[71.50887,30.30267],[71.51151,30.30224],[71.51147,30.29378],[71.51793,30.29403],[71.5204,30.29257],[71.52086,30.27989],[71.53246,30.2744],[71.56112,30.27079],[71.58821,30.2583],[71.58507,30.24827],[71.58725,30.24827],[71.58725,30.24624],[71.59128,30.2421],[71.59517,30.24156],[71.59517,30.23931],[71.59785,30.23888],[71.59796,30.23489],[71.6082,30.23325],[71.61402,30.22939],[71.60848,30.22707],[71.60581,30.22282],[71.60552,30.21758],[71.61041,30.21272],[71.59471,30.20762],[71.59296,30.20091],[71.59867,30.19313],[71.59132,30.18374],[71.59036,30.17985],[71.59253,30.17971],[71.57042,30.15683],[71.56148,30.1417],[71.56626,30.13884],[71.56423,30.13663],[71.56576,30.11746],[71.56109,30.11336],[71.55702,30.10379],[71.55138,30.09694],[71.54838,30.09619],[71.52789,30.10747],[71.51854,30.11578],[71.51008,30.11553],[71.50823,30.1085],[71.49223,30.1098],[71.48051,30.11445],[71.46431,30.11386],[71.46355,30.10969],[71.45934,30.10872],[71.45864,30.10542],[71.45584,30.10546],[71.4561,30.10382],[71.45321,30.10447],[71.45311,30.10641],[71.44641,30.10638],[71.44537,30.09969],[71.4432,30.09967],[71.42519,30.0817],[71.40258,30.07639],[71.39614,30.07645],[71.37825,30.08144],[71.3783,30.07925],[71.37259,30.07807],[71.37086,30.07529],[71.36435,30.07523],[71.36433,30.07034],[71.36605,30.07028],[71.36591,30.06665],[71.36803,30.06657],[71.36677,30.06267],[71.36382,30.06714],[71.35887,30.06482],[71.35468,30.06606],[71.35466,30.06846],[71.35181,30.07017],[71.34138,30.07194],[71.33721,30.07103],[71.33709,30.06891],[71.31973,30.068],[71.31987,30.06642],[71.31543,30.06615],[71.31537,30.06137],[71.30913,30.06105],[71.309,30.06364],[71.30584,30.06537],[71.30104,30.07388],[71.32565,30.07822],[71.33326,30.08935],[71.33956,30.11279],[71.34406,30.11917],[71.34513,30.12901],[71.35341,30.13723],[71.36456,30.14198],[71.36617,30.14418],[71.36644,30.15011],[71.38094,30.16291],[71.37808,30.16728],[71.38253,30.1717],[71.38415,30.19042],[71.38314,30.19231],[71.38695,30.19711],[71.38643,30.20035],[71.39447,30.20478],[71.40604,30.20488],[71.40893,30.20733],[71.41731,30.2245],[71.4289,30.22821],[71.43513,30.23221],[71.43913,30.239],[71.44291,30.25345],[71.45167,30.27637],[71.45519,30.28168],[71.45854,30.28414],[71.46739,30.28432],[71.47999,30.28047],[71.49106,30.28661],[71.49445,30.28496],[71.49937,30.28514],[71.49973,30.2906],[71.49691,30.29481],[71.49663,30.30781],[71.49937,30.3072]]]]}},{"type":"Feature","properties":{"name":"Municipal Corporation Faisalabad","district":"Faisalabad"},"geometry":{"type":"MultiPolygon","coordinates":[[[[73.02888,31.3725],[73.07439,31.39784],[73.07185,31.40456],[73.06946,31.40508],[73.06307,31.39869],[73.05507,31.40465],[73.0379,31.40175],[73.04573,31.39572],[73.03412,31.38447],[73.03155,31.38636],[73.02691,31.382],[73.02411,31.38392],[73.01688,31.37679],[73.00583,31.38486],[73.00151,31.38466],[72.99621,31.37977],[72.9946,31.38072],[72.99276,31.37912],[72.98915,31.38181],[72.98666,31.37944],[72.98669,31.38399],[73.0115,31.3929],[72.99275,31.40774],[72.9806,31.40538],[73.00833,31.43197],[72.99848,31.4315],[72.98285,31.44332],[72.98842,31.44678],[72.99331,31.46134],[72.99912,31.46855],[73.0058,31.46769],[73.0175,31.45128],[73.01575,31.44268],[73.03587,31.45009],[73.04134,31.46068],[73.04756,31.4632],[73.05249,31.46897],[73.05854,31.48164],[73.05306,31.4926],[73.05285,31.49681],[73.04616,31.49926],[73.05176,31.50334],[73.05268,31.50212],[73.06688,31.50114],[73.07208,31.50391],[73.07951,31.51108],[73.08212,31.51628],[73.08146,31.52165],[73.07715,31.52739],[73.07803,31.52978],[73.08809,31.53241],[73.10209,31.53165],[73.10861,31.53695],[73.10899,31.53975],[73.11425,31.54173],[73.11475,31.54516],[73.11987,31.54163],[73.10914,31.52559],[73.08377,31.4968],[73.08329,31.49234],[73.08655,31.48977],[73.0912,31.49423],[73.09193,31.48682],[73.09383,31.48509],[73.10021,31.48238],[73.10862,31.48174],[73.11119,31.47788],[73.11506,31.48098],[73.12736,31.48372],[73.12977,31.48599],[73.13474,31.48634],[73.13684,31.48861],[73.15273,31.47604],[73.15322,31.4673],[73.1685,31.46802],[73.17681,31.46204],[73.17881,31.44016],[73.19973,31.44102],[73.19587,31.43169],[73.14259,31.4036],[73.13135,31.39268],[73.10995,31.35455],[73.09697,31.35441],[73.0886,31.34657],[73.08213,31.35157],[73.08229,31.34755],[73.08012,31.34563],[73.08031,31.34043],[73.06334,31.35376],[73.06811,31.36628],[73.06322,31.36235],[73.0525,31.37039],[73.03264,31.36942],[73.02888,31.3725]]]]}},{"type":"Feature","properties":{"name":"FDA Controlled Area","district":"Faisalabad"},"geometry":{"type":"MultiPolygon","coordinates":[[[[73.11691,31.65015],[73.18915,31.58288],[73.19239,31.58228],[73.19582,31.585],[73.2152,31.56991],[73.22164,31.57335],[73.21581,31.55577],[73.21439,31.54245],[73.27309,31.4976],[73.331,31.44652],[73.31123,31.43368],[73.31042,31.43011],[73.30838,31.42849],[73.30661,31.41329],[73.28816,31.41673],[73.27975,31.41151],[73.27873,31.40528],[73.28175,31.3936],[73.265,31.38149],[73.26173,31.37223],[73.25179,31.36551],[73.25358,31.3632],[73.23714,31.34336],[73.23717,31.33554],[73.2256,31.32858],[73.23566,31.31611],[73.21748,31.32018],[73.17554,31.31939],[73.17656,31.27612],[73.174,31.27148],[73.16928,31.27644],[73.16348,31.27301],[73.16547,31.27052],[73.15401,31.26368],[73.13987,31.28097],[73.14273,31.2828],[73.13646,31.29022],[73.11628,31.26828],[73.11042,31.26486],[73.1003,31.26448],[73.08726,31.27065],[73.07897,31.26897],[73.07461,31.26365],[73.07546,31.25408],[73.07239,31.24944],[73.05434,31.23801],[73.05217,31.24072],[73.03888,31.23625],[73.01452,31.21294],[73.00473,31.21236],[72.97323,31.23067],[72.82393,31.34281],[72.81967,31.34435],[72.84943,31.35066],[72.84313,31.35322],[72.8441,31.35426],[72.84154,31.35567],[72.85089,31.37966],[72.84728,31.3818],[72.8526,31.38946],[72.85416,31.39615],[72.86454,31.39837],[72.87213,31.40934],[72.86784,31.42381],[72.88799,31.44612],[72.89033,31.45134],[72.88145,31.48973],[72.89052,31.51049],[72.89399,31.51438],[72.89325,31.51525],[72.94717,31.55129],[73.01038,31.57148],[73.04845,31.59286],[73.05594,31.60143],[73.09095,31.66189],[73.11691,31.65015]]]]}},{"type":"Feature","properties":{"name":"Municipal Committee Hasilpur","district":"Bahawalpur"},"geometry":{"type":"MultiPolygon","coordinates":[[[[72.56161,29.72004],[72.56445,29.70669],[72.57501,29.71104],[72.57815,29.71075],[72.57858,29.70861],[72.57644,29.70476],[72.58141,29.70514],[72.5816,29.70099],[72.59029,29.69619],[72.59871,29.69619],[72.59871,29.68506],[72.58417,29.6766],[72.56572,29.67654],[72.56607,29.67926],[72.56075,29.6796],[72.52575,29.67777],[72.51916,29.68768],[72.52609,29.6912],[72.52607,29.69391],[72.52318,29.69619],[72.52333,29.70176],[72.52633,29.70219],[72.52618,29.70947],[72.52804,29.71061],[72.52804,29.7129],[72.53346,29.7129],[72.53346,29.71604],[72.53718,29.71604],[72.53732,29.71789],[72.54507,29.71756],[72.54411,29.72611],[72.5586,29.72628],[72.55729,29.72032],[72.56161,29.72004]]]]}},{"type":"Feature","properties":{"name":"GDA Controlled Area","district":"Gujranwala"},"geometry":{"type":"MultiPolygon","coordinates":[[[[74.17634,32.17675],[74.1835,32.17744],[74.18546,32.17133],[74.1838,32.1705],[74.18409,32.16876],[74.18248,32.16774],[74.18033,32.171],[74.17802,32.16928],[74.17146,32.17348],[74.17523,32.17769],[74.17634,32.17675]]]]}},{"type":"Feature","properties":{"name":"Municipal Corporation Sargodha","district":"Sargodha"},"geometry":{"type":"MultiPolygon","coordinates":[[[[72.65758,32.11399],[72.68022,32.09892],[72.6864,32.10551],[72.69054,32.09999],[72.69568,32.10572],[72.69852,32.10389],[72.69978,32.10538],[72.71031,32.09842],[72.70746,32.09696],[72.71271,32.09491],[72.70948,32.09122],[72.71252,32.0894],[72.71021,32.08697],[72.71303,32.08528],[72.70877,32.08045],[72.7237,32.07056],[72.71778,32.06619],[72.7167,32.06161],[72.72696,32.05587],[72.71894,32.04703],[72.71321,32.0507],[72.70846,32.05014],[72.70779,32.0479],[72.70537,32.04802],[72.69486,32.07513],[72.6881,32.07781],[72.68605,32.07566],[72.67732,32.0819],[72.67082,32.07922],[72.68246,32.07095],[72.67795,32.06617],[72.67206,32.06993],[72.66922,32.0669],[72.66037,32.07182],[72.65127,32.07051],[72.64363,32.05767],[72.63993,32.06742],[72.65628,32.08719],[72.65742,32.1058],[72.65217,32.10475],[72.65208,32.11356],[72.65579,32.11124],[72.65758,32.11399]]]]}},{"type":"Feature","properties":{"name":"District Council Sargodha","district":"Sargodha"},"geometry":{"type":"MultiPolygon","coordinates":[[[[73.20314,32.53638],[73.2042,32.53639],[73.20232,32.52828],[73.19401,32.52577],[73.19107,32.51884],[73.18302,32.52082],[73.17885,32.51331],[73.17842,32.50953],[73.17201,32.50804],[73.1697,32.50888],[73.1686,32.50654],[73.16075,32.50409],[73.15796,32.50585],[73.15756,32.50352],[73.15002,32.50418],[73.14894,32.503],[73.14863,32.50101],[73.15165,32.49846],[73.17094,32.49412],[73.17126,32.49142],[73.16775,32.48754],[73.16849,32.48224],[73.15459,32.46705],[73.14349,32.46464],[73.14136,32.4621],[73.13477,32.46553],[73.1196,32.46828],[73.11427,32.47086],[73.10781,32.4699],[73.10405,32.47276],[73.09868,32.46755],[73.09444,32.46878],[73.08757,32.46716],[73.07716,32.46939],[73.07432,32.44984],[73.07155,32.44732],[73.06178,32.44612],[73.06,32.44373],[73.0536,32.4466],[73.04732,32.43871],[73.04933,32.42732],[73.04833,32.42174],[73.06122,32.4187],[73.08568,32.40192],[73.07688,32.39228],[73.09556,32.388],[73.08931,32.38121],[73.09303,32.38031],[73.09172,32.37887],[73.09338,32.37781],[73.09257,32.37682],[73.09936,32.37133],[73.10337,32.36208],[73.10027,32.35868],[73.10304,32.35686],[73.10197,32.35564],[73.10471,32.35385],[73.1043,32.35228],[73.10941,32.34903],[73.08506,32.32269],[73.07392,32.32122],[73.07036,32.31356],[73.06499,32.31013],[73.08144,32.30548],[73.0875,32.29429],[73.09408,32.29851],[73.10606,32.29982],[73.11153,32.30382],[73.12479,32.30933],[73.1347,32.31068],[73.13657,32.30824],[73.12966,32.29994],[73.14432,32.27773],[73.15535,32.24876],[73.16482,32.25069],[73.16747,32.25343],[73.16678,32.25517],[73.18123,32.24789],[73.19009,32.24997],[73.19715,32.2565],[73.19541,32.26415],[73.20007,32.26421],[73.20733,32.26812],[73.2074,32.27131],[73.21682,32.27189],[73.21626,32.26401],[73.22837,32.25699],[73.22609,32.25297],[73.22755,32.24735],[73.22364,32.23805],[73.22934,32.23487],[73.23563,32.23504],[73.23637,32.22924],[73.23484,32.22738],[73.24327,32.2149],[73.24115,32.19893],[73.23642,32.18816],[73.23766,32.17959],[73.24225,32.17551],[73.24466,32.17804],[73.26518,32.17601],[73.26732,32.16345],[73.26663,32.15377],[73.27811,32.15008],[73.27698,32.14876],[73.28353,32.14244],[73.28272,32.13963],[73.28435,32.13647],[73.29935,32.12108],[73.29333,32.11827],[73.29373,32.11192],[73.29057,32.10921],[73.28649,32.10601],[73.27447,32.10202],[73.26695,32.09394],[73.25248,32.08717],[73.24584,32.07825],[73.24598,32.06784],[73.24045,32.06814],[73.24066,32.06141],[73.2468,32.0552],[73.25568,32.05428],[73.25222,32.04776],[73.24633,32.04917],[73.2383,32.04487],[73.23599,32.04123],[73.23589,32.03314],[73.22474,32.03185],[73.20807,32.02283],[73.22106,32.01856],[73.22273,32.0043],[73.22057,31.99662],[73.22174,31.99031],[73.21738,31.98189],[73.18569,31.95894],[73.18331,31.95161],[73.17925,31.94613],[73.1797,31.9429],[73.17441,31.94351],[73.17126,31.93789],[73.17777,31.937],[73.17683,31.93505],[73.17861,31.93401],[73.17414,31.92398],[73.16932,31.91747],[73.17,31.91317],[73.1645,31.91214],[73.16194,31.90552],[73.14924,31.90494],[73.1464,31.90856],[73.147,31.92046],[73.14123,31.92489],[73.13205,31.9254],[73.12762,31.92949],[73.1195,31.92993],[73.11426,31.93397],[73.11063,31.93236],[73.10513,31.93311],[73.10166,31.94301],[73.093,31.94051],[73.08889,31.93647],[73.06552,31.93896],[73.05391,31.94754],[73.04703,31.94502],[73.04237,31.94614],[73.04045,31.94283],[73.03965,31.94482],[73.04086,31.94631],[73.03181,31.95185],[73.03088,31.95609],[73.02732,31.95904],[73.02315,31.95977],[73.02284,31.96408],[72.99988,31.97053],[72.99274,31.97517],[72.98863,31.97356],[72.9834,31.96807],[72.96922,31.96696],[72.955,31.97605],[72.9539,31.98564],[72.95136,31.99075],[72.9453,31.99321],[72.94071,31.99064],[72.93761,31.99079],[72.93685,31.98961],[72.93959,31.98779],[72.93742,31.98539],[72.93914,31.98428],[72.93672,31.9813],[72.93979,31.97925],[72.93743,31.97631],[72.93947,31.97277],[72.93594,31.96879],[72.94381,31.9636],[72.93213,31.9508],[72.93097,31.94992],[72.92912,31.95116],[72.92582,31.9391],[72.92305,31.93599],[72.91742,31.93977],[72.91485,31.93695],[72.91211,31.93842],[72.91052,31.93674],[72.90773,31.93856],[72.90555,31.93618],[72.89987,31.93988],[72.89339,31.93266],[72.89619,31.93078],[72.89405,31.92841],[72.89119,31.93024],[72.88475,31.92313],[72.92276,31.89703],[72.93237,31.90407],[72.95583,31.88791],[72.96042,31.89246],[72.96805,31.88877],[72.97722,31.8816],[72.97232,31.88034],[72.97664,31.87794],[72.97465,31.87547],[72.97682,31.87412],[72.97524,31.87237],[72.9735,31.87247],[72.9705,31.86894],[72.96754,31.87106],[72.96073,31.86359],[72.96691,31.85557],[72.96714,31.8538],[72.96454,31.85092],[72.96543,31.85033],[72.96329,31.84872],[72.96167,31.84979],[72.95953,31.84734],[72.95666,31.84923],[72.95108,31.84295],[72.94891,31.8444],[72.94627,31.84193],[72.94531,31.84883],[72.94773,31.85127],[72.94493,31.85307],[72.94766,31.8561],[72.94762,31.85899],[72.94349,31.86181],[72.93563,31.85974],[72.9199,31.85873],[72.90224,31.84984],[72.89607,31.85452],[72.89757,31.86126],[72.89089,31.86559],[72.89276,31.86812],[72.88475,31.8735],[72.88682,31.87587],[72.88208,31.88049],[72.88556,31.88444],[72.88282,31.88618],[72.88056,31.88377],[72.87775,31.88552],[72.87336,31.88094],[72.87042,31.88265],[72.86625,31.87797],[72.86337,31.87969],[72.85914,31.87504],[72.85629,31.87679],[72.84126,31.86006],[72.84402,31.85822],[72.83585,31.84923],[72.83861,31.8473],[72.83605,31.84433],[72.83948,31.84206],[72.82546,31.83465],[72.82771,31.84227],[72.80641,31.85612],[72.80431,31.85373],[72.80147,31.85556],[72.79721,31.85076],[72.79436,31.85263],[72.79226,31.85023],[72.78935,31.85211],[72.78512,31.84724],[72.78226,31.84913],[72.78017,31.84679],[72.77733,31.84855],[72.77515,31.84627],[72.77234,31.84799],[72.77094,31.84644],[72.76873,31.84741],[72.76317,31.84244],[72.76007,31.84452],[72.75236,31.8358],[72.75009,31.83725],[72.7449,31.83146],[72.74154,31.83367],[72.73512,31.82639],[72.73221,31.82822],[72.72846,31.82403],[72.72505,31.82325],[72.72057,31.81849],[72.72084,31.81293],[72.70803,31.8239],[72.69467,31.81872],[72.69261,31.82011],[72.68048,31.80414],[72.66168,31.79222],[72.65461,31.79705],[72.64358,31.79722],[72.62605,31.79277],[72.62078,31.79414],[72.61972,31.79196],[72.60769,31.78762],[72.60464,31.79005],[72.60008,31.78719],[72.59476,31.78886],[72.58526,31.78771],[72.57801,31.78242],[72.57641,31.78276],[72.57412,31.77726],[72.56434,31.78156],[72.54723,31.7802],[72.53849,31.76624],[72.53897,31.76145],[72.54249,31.75819],[72.54169,31.75732],[72.54389,31.75428],[72.536,31.74908],[72.53327,31.74442],[72.51518,31.75389],[72.51162,31.74984],[72.50115,31.74388],[72.49983,31.73733],[72.50281,31.73123],[72.50321,31.72284],[72.49521,31.71681],[72.48907,31.7208],[72.48469,31.71601],[72.48371,31.71468],[72.48905,31.71101],[72.48736,31.70864],[72.48985,31.70666],[72.48387,31.69987],[72.47651,31.70239],[72.46586,31.70161],[72.46057,31.69558],[72.4628,31.69099],[72.45855,31.68619],[72.45278,31.6817],[72.44331,31.6787],[72.43187,31.68048],[72.42224,31.67976],[72.41396,31.67589],[72.40786,31.67565],[72.39423,31.67034],[72.38704,31.67421],[72.37666,31.67429],[72.36958,31.67655],[72.34979,31.65755],[72.35866,31.64909],[72.3608,31.64286],[72.34882,31.63512],[72.34288,31.63472],[72.33838,31.63629],[72.32778,31.62439],[72.31906,31.62922],[72.30773,31.61663],[72.30646,31.61279],[72.2912,31.60943],[72.28108,31.60165],[72.27722,31.59647],[72.27105,31.60046],[72.26482,31.59326],[72.26898,31.59041],[72.26501,31.58531],[72.25837,31.5895],[72.25923,31.57123],[72.24859,31.57723],[72.24603,31.5763],[72.2391,31.58099],[72.23632,31.58118],[72.22987,31.57396],[72.22702,31.5758],[72.22275,31.57098],[72.22003,31.57275],[72.22135,31.57947],[72.22262,31.5809],[72.22541,31.57914],[72.22846,31.58244],[72.23017,31.58139],[72.23419,31.58891],[72.22669,31.5944],[72.22729,31.59619],[72.22457,31.598],[72.22634,31.60013],[72.22015,31.60308],[72.22414,31.60657],[72.2236,31.60932],[72.23834,31.62549],[72.23657,31.62656],[72.25367,31.64589],[72.25602,31.64444],[72.26285,31.65124],[72.26748,31.65214],[72.27845,31.65932],[72.2822,31.65789],[72.29803,31.67601],[72.28367,31.68597],[72.28626,31.68943],[72.28172,31.69245],[72.28584,31.69724],[72.2852,31.69841],[72.28902,31.70272],[72.3138,31.68666],[72.32235,31.69626],[72.31565,31.70066],[72.32448,31.71054],[72.32942,31.71101],[72.33613,31.71845],[72.34211,31.72532],[72.34037,31.72648],[72.34247,31.72874],[72.34122,31.72955],[72.34573,31.73431],[72.33578,31.73958],[72.33288,31.74352],[72.3336,31.74783],[72.32133,31.75284],[72.317,31.756],[72.31942,31.75901],[72.31117,31.76286],[72.29156,31.77715],[72.29318,31.77917],[72.26629,31.7836],[72.25699,31.78907],[72.24738,31.79117],[72.241,31.7846],[72.23325,31.77263],[72.22478,31.77246],[72.22375,31.77045],[72.21479,31.77559],[72.2111,31.77326],[72.21336,31.76907],[72.21252,31.76675],[72.19581,31.76977],[72.202,31.77544],[72.20385,31.78226],[72.20239,31.78496],[72.20269,31.79102],[72.21589,31.80757],[72.21472,31.81452],[72.22196,31.81676],[72.22547,31.82059],[72.22487,31.83259],[72.24145,31.83688],[72.23889,31.84279],[72.24192,31.84803],[72.23863,31.85727],[72.2487,31.8776],[72.2559,31.88463],[72.2598,31.88516],[72.25991,31.89032],[72.26355,31.89932],[72.26206,31.90872],[72.25784,31.91396],[72.24713,31.92068],[72.24772,31.91682],[72.22694,31.91967],[72.22798,31.92289],[72.22648,31.9271],[72.2324,31.9321],[72.23182,31.94018],[72.24253,31.94286],[72.24744,31.94732],[72.25071,31.96695],[72.25383,31.9726],[72.26228,31.98104],[72.25301,31.98152],[72.25037,31.98623],[72.2468,31.9994],[72.24704,32.0088],[72.24897,32.01425],[72.25064,32.01619],[72.25409,32.01465],[72.25607,32.01903],[72.26274,32.02385],[72.2669,32.02289],[72.27209,32.02588],[72.27588,32.03491],[72.28247,32.04369],[72.27948,32.0528],[72.28357,32.05576],[72.28576,32.06065],[72.29455,32.06062],[72.2972,32.07626],[72.31152,32.08929],[72.31952,32.09387],[72.32288,32.1037],[72.31848,32.12708],[72.32029,32.1664],[72.31648,32.17676],[72.31414,32.18987],[72.31686,32.19728],[72.32311,32.20375],[72.32658,32.21068],[72.32959,32.22606],[72.33632,32.24641],[72.34453,32.25518],[72.3466,32.26084],[72.34944,32.2612],[72.3486,32.26368],[72.35145,32.26735],[72.34862,32.27053],[72.36848,32.28862],[72.38695,32.30252],[72.39501,32.301],[72.40144,32.30214],[72.40636,32.30624],[72.40967,32.30684],[72.42293,32.32189],[72.43995,32.32948],[72.44689,32.33521],[72.4594,32.33612],[72.46694,32.33853],[72.50568,32.372],[72.51548,32.37788],[72.54066,32.38738],[72.5681,32.40713],[72.56645,32.40994],[72.58689,32.41277],[72.58914,32.41142],[72.59016,32.40764],[72.59948,32.40985],[72.60294,32.41231],[72.60917,32.4115],[72.62131,32.41532],[72.62706,32.42015],[72.62652,32.42795],[72.63017,32.43265],[72.64126,32.43177],[72.64507,32.42869],[72.65883,32.43275],[72.66435,32.43101],[72.66445,32.43225],[72.67572,32.43109],[72.67598,32.42929],[72.67936,32.43077],[72.68219,32.4297],[72.69336,32.43121],[72.7019,32.43037],[72.72551,32.43336],[72.73381,32.43195],[72.74089,32.43759],[72.7571,32.44212],[72.75789,32.45103],[72.77192,32.45131],[72.78531,32.44793],[72.80302,32.4489],[72.80909,32.45295],[72.81118,32.45112],[72.82825,32.45885],[72.83101,32.46257],[72.8381,32.46282],[72.84474,32.46935],[72.85891,32.47705],[72.85643,32.4795],[72.86229,32.48843],[72.87296,32.49619],[72.87581,32.50336],[72.87819,32.50536],[72.88777,32.50802],[72.89653,32.51575],[72.90637,32.51577],[72.91266,32.51775],[72.91387,32.5151],[72.91799,32.51522],[72.92046,32.51817],[72.92489,32.51872],[72.92663,32.52186],[72.9401,32.53182],[72.94628,32.53218],[72.9558,32.53822],[72.97581,32.5389],[72.98506,32.54257],[72.99411,32.5429],[72.99509,32.54809],[72.99346,32.55064],[72.99475,32.55084],[72.99484,32.55379],[72.99938,32.55351],[73.00302,32.55857],[73.00896,32.56189],[73.02373,32.55786],[73.02459,32.55538],[73.02893,32.55283],[73.03377,32.55291],[73.03731,32.55479],[73.03912,32.55322],[73.0411,32.55389],[73.05236,32.55089],[73.07552,32.56003],[73.08867,32.55994],[73.10159,32.56913],[73.10716,32.56923],[73.11414,32.56493],[73.1217,32.56327],[73.13569,32.5709],[73.14055,32.57055],[73.15263,32.57901],[73.1576,32.58054],[73.15767,32.58291],[73.16015,32.57745],[73.16585,32.58144],[73.17092,32.58271],[73.17464,32.58238],[73.17503,32.57998],[73.17862,32.57847],[73.18113,32.57973],[73.1791,32.58188],[73.18003,32.58326],[73.18725,32.58563],[73.1932,32.58348],[73.19568,32.58939],[73.19898,32.59013],[73.19469,32.56505],[73.19992,32.53878],[73.20314,32.53638]],[[72.92375,32.47896],[72.92313,32.4804],[72.92841,32.4824],[72.92712,32.4872],[72.92288,32.48899],[72.91394,32.48962],[72.90246,32.48696],[72.89706,32.48313],[72.89969,32.48158],[72.89884,32.47939],[72.90315,32.47184],[72.91065,32.4751],[72.91468,32.47442],[72.91841,32.47],[72.92325,32.47257],[72.91915,32.47859],[72.92401,32.47795],[72.92375,32.47896]],[[72.92594,32.28098],[72.91646,32.28818],[72.91109,32.28186],[72.90867,32.28091],[72.90535,32.28313],[72.90165,32.27868],[72.89021,32.28611],[72.87954,32.27413],[72.88077,32.27312],[72.87839,32.2674],[72.89494,32.2545],[72.89281,32.25372],[72.89299,32.25139],[72.89616,32.2536],[72.89544,32.25074],[72.90352,32.24155],[72.9055,32.24383],[72.90569,32.25375],[72.90977,32.2574],[72.91238,32.26284],[72.9117,32.26506],[72.92594,32.28098]],[[72.486,32.2599],[72.48951,32.26367],[72.49001,32.26942],[72.48981,32.27311],[72.48528,32.27753],[72.47395,32.28014],[72.46666,32.27517],[72.46266,32.2642],[72.47241,32.25357],[72.47568,32.2576],[72.47848,32.25632],[72.48079,32.25949],[72.4833,32.25644],[72.486,32.2599]],[[73.05596,32.199],[73.04574,32.20908],[73.03463,32.21403],[73.01282,32.20109],[73.00402,32.1734],[73.01088,32.16895],[73.01229,32.17165],[73.01986,32.1718],[73.02551,32.17424],[73.03054,32.17347],[73.03853,32.16916],[73.05171,32.17017],[73.05384,32.17407],[73.05412,32.17964],[73.05203,32.18791],[73.05344,32.19101],[73.05626,32.19256],[73.05596,32.199]],[[72.65758,32.11399],[72.65579,32.11124],[72.65208,32.11356],[72.65217,32.10475],[72.65742,32.1058],[72.65628,32.08719],[72.63993,32.06742],[72.64363,32.05767],[72.65127,32.07051],[72.66037,32.07182],[72.66922,32.0669],[72.67206,32.06993],[72.67795,32.06617],[72.68246,32.07095],[72.67082,32.07922],[72.67732,32.0819],[72.68605,32.07566],[72.6881,32.07781],[72.69486,32.07513],[72.70537,32.04802],[72.70779,32.0479],[72.70846,32.05014],[72.71321,32.0507],[72.71894,32.04703],[72.72696,32.05587],[72.7167,32.06161],[72.71778,32.06619],[72.7237,32.07056],[72.70877,32.08045],[72.71303,32.08528],[72.71021,32.08697],[72.71252,32.0894],[72.70948,32.09122],[72.71271,32.09491],[72.70746,32.09696],[72.71031,32.09842],[72.69978,32.10538],[72.69852,32.10389],[72.69568,32.10572],[72.69054,32.09999],[72.6864,32.10551],[72.68022,32.09892],[72.65758,32.11399]],[[72.35219,31.95054],[72.35188,31.99485],[72.34215,32.00187],[72.3195,32.00067],[72.30828,31.9846],[72.31676,31.96141],[72.31449,31.94172],[72.35219,31.95054]],[[72.55473,31.83401],[72.54914,31.83766],[72.54387,31.83345],[72.53895,31.83663],[72.53263,31.82942],[72.53066,31.83068],[72.52483,31.8244],[72.54314,31.81117],[72.54865,31.81699],[72.54761,31.82583],[72.55473,31.83401]]]]}},{"type":"Feature","properties":{"name":"District Council Jhelum","district":"Jhelum"},"geometry":{"type":"MultiPolygon","coordinates":[[[[73.62268,33.24577],[73.62437,33.23848],[73.62891,33.23895],[73.63966,33.23363],[73.64787,33.23386],[73.6495,33.23262],[73.65184,33.22524],[73.64427,33.22655],[73.6423,33.22543],[73.64455,33.21864],[73.64726,33.21569],[73.64623,33.2117],[73.64913,33.21206],[73.64789,33.20994],[73.64902,33.20934],[73.65141,33.21151],[73.65293,33.21877],[73.65705,33.22571],[73.65703,33.22361],[73.66097,33.22389],[73.66085,33.21921],[73.66462,33.21938],[73.66445,33.21476],[73.66828,33.2151],[73.66805,33.21059],[73.67176,33.21093],[73.6717,33.20619],[73.67536,33.20636],[73.6753,33.19762],[73.67165,33.19745],[73.67153,33.18586],[73.6753,33.18586],[73.67507,33.17849],[73.67136,33.17855],[73.67096,33.15639],[73.66753,33.15662],[73.66782,33.15502],[73.66365,33.15536],[73.66388,33.15354],[73.65646,33.15217],[73.65611,33.13036],[73.65218,33.13036],[73.65225,33.12747],[73.64847,33.1275],[73.64833,33.12315],[73.64458,33.12297],[73.64469,33.12012],[73.64105,33.12012],[73.64108,33.1158],[73.63737,33.11587],[73.63694,33.10705],[73.64083,33.1072],[73.64055,33.0967],[73.62884,33.09813],[73.6314,33.09555],[73.62774,33.09376],[73.63031,33.08984],[73.6315,33.09091],[73.63414,33.0843],[73.63917,33.08348],[73.64239,33.0853],[73.65358,33.08385],[73.65644,33.08575],[73.65928,33.08415],[73.66137,33.08491],[73.67418,33.08239],[73.68675,33.08749],[73.69461,33.08277],[73.69705,33.08442],[73.70569,33.08271],[73.70568,33.07908],[73.71563,33.07729],[73.72115,33.07061],[73.72358,33.07153],[73.73454,33.0685],[73.74265,33.05868],[73.74962,33.05398],[73.74897,33.05098],[73.75053,33.04722],[73.74765,33.04494],[73.7457,33.03735],[73.75493,33.02206],[73.76258,33.01923],[73.76469,33.01591],[73.76566,33.0191],[73.7713,33.01823],[73.77464,33.01281],[73.77993,33.01098],[73.78181,33.0036],[73.78473,33.00487],[73.78786,33.00239],[73.78893,33.00403],[73.79233,33.00429],[73.79369,33.00272],[73.79484,33.00058],[73.79315,32.99733],[73.79718,32.99597],[73.7984,32.99344],[73.79484,32.98262],[73.79598,32.98218],[73.79083,32.97328],[73.79086,32.97134],[73.79321,32.97063],[73.795,32.96301],[73.79213,32.96178],[73.78825,32.95651],[73.78688,32.95685],[73.78449,32.95283],[73.72405,32.90887],[73.68639,32.88531],[73.67597,32.88147],[73.66083,32.87141],[73.64964,32.86703],[73.64649,32.86232],[73.6359,32.85795],[73.63346,32.85253],[73.62596,32.84841],[73.6246,32.84434],[73.61377,32.83036],[73.61405,32.82797],[73.60891,32.82339],[73.60899,32.81856],[73.60109,32.8127],[73.60072,32.81153],[73.60592,32.80868],[73.60891,32.80453],[73.6082,32.80151],[73.60665,32.80123],[73.60602,32.79622],[73.59558,32.78654],[73.59536,32.77868],[73.59074,32.78004],[73.59118,32.77],[73.58776,32.76757],[73.58764,32.76491],[73.59111,32.76625],[73.59193,32.75905],[73.5895,32.7516],[73.58782,32.75215],[73.58589,32.75033],[73.5893,32.74871],[73.58868,32.74734],[73.58535,32.74254],[73.57879,32.74046],[73.57904,32.73744],[73.57523,32.73682],[73.57089,32.73133],[73.56935,32.72649],[73.56444,32.72657],[73.55926,32.71077],[73.52535,32.69049],[73.52937,32.68871],[73.52895,32.68767],[73.51962,32.68568],[73.52175,32.68314],[73.52145,32.67789],[73.51835,32.67613],[73.51196,32.67721],[73.50515,32.67548],[73.49981,32.67231],[73.4997,32.67007],[73.49544,32.66907],[73.49427,32.66779],[73.49562,32.66649],[73.49206,32.66533],[73.49198,32.66182],[73.48319,32.66096],[73.48326,32.65836],[73.47608,32.65784],[73.47034,32.65384],[73.46522,32.65321],[73.46396,32.65588],[73.45555,32.65573],[73.44654,32.65274],[73.42511,32.63703],[73.42255,32.63148],[73.41488,32.62841],[73.41431,32.62682],[73.40869,32.62625],[73.40602,32.62275],[73.40576,32.63474],[73.40246,32.63423],[73.40105,32.632],[73.3783,32.63186],[73.37701,32.629],[73.36496,32.63008],[73.34988,32.62337],[73.34761,32.61897],[73.32069,32.61978],[73.31463,32.61125],[73.29644,32.60527],[73.28366,32.59733],[73.28085,32.59978],[73.27081,32.59139],[73.26478,32.5886],[73.26081,32.59053],[73.25415,32.58939],[73.24974,32.58678],[73.23998,32.58814],[73.231,32.58187],[73.22532,32.58341],[73.22541,32.5853],[73.22298,32.5855],[73.21557,32.59554],[73.20229,32.59342],[73.19893,32.59172],[73.19897,32.59005],[73.19568,32.58939],[73.19372,32.58371],[73.18725,32.58563],[73.18037,32.5834],[73.1791,32.58188],[73.18113,32.57973],[73.17862,32.57847],[73.17503,32.57998],[73.17464,32.58238],[73.17092,32.58271],[73.16585,32.58144],[73.16015,32.57745],[73.15767,32.58291],[73.1576,32.58054],[73.15263,32.57901],[73.14055,32.57055],[73.13569,32.5709],[73.1217,32.56327],[73.11414,32.56493],[73.10716,32.56923],[73.10159,32.56913],[73.08867,32.55994],[73.07552,32.56003],[73.05236,32.55089],[73.0411,32.55389],[73.03912,32.55322],[73.03731,32.55479],[73.03377,32.55291],[73.02893,32.55283],[73.023,32.55805],[73.02418,32.55967],[73.03492,32.55932],[73.06527,32.57817],[73.07325,32.58465],[73.07165,32.6041],[73.06318,32.60795],[73.05722,32.60487],[73.0358,32.6057],[73.03626,32.61067],[73.03116,32.61563],[73.02076,32.61395],[73.02286,32.60965],[73.01486,32.60963],[73.00968,32.60691],[72.99743,32.60408],[72.9973,32.58961],[73.00395,32.57661],[73.01248,32.57273],[73.00776,32.5606],[73.00302,32.55857],[72.99938,32.55351],[72.99484,32.55379],[72.99475,32.55084],[72.99346,32.55064],[72.99509,32.54809],[72.99411,32.5429],[72.98506,32.54257],[72.97581,32.5389],[72.9558,32.53822],[72.94628,32.53218],[72.9401,32.53182],[72.92663,32.52186],[72.92489,32.51872],[72.92046,32.51817],[72.91799,32.51522],[72.91387,32.5151],[72.91266,32.51775],[72.90637,32.51577],[72.89653,32.51575],[72.88777,32.50802],[72.87819,32.50536],[72.87581,32.50336],[72.87296,32.49619],[72.86229,32.48843],[72.85643,32.4795],[72.85891,32.47705],[72.84474,32.46935],[72.8381,32.46282],[72.83101,32.46257],[72.82866,32.45915],[72.81987,32.45447],[72.81069,32.45101],[72.81038,32.45308],[72.8087,32.45284],[72.80511,32.44981],[72.80018,32.44864],[72.78338,32.44803],[72.77192,32.45131],[72.75789,32.45103],[72.7571,32.44212],[72.74089,32.43759],[72.73381,32.43195],[72.72551,32.43336],[72.7019,32.43037],[72.69336,32.43121],[72.68219,32.4297],[72.67936,32.43077],[72.67598,32.42929],[72.67572,32.43109],[72.66445,32.43225],[72.66435,32.43101],[72.65883,32.43275],[72.64507,32.42869],[72.64126,32.43177],[72.63017,32.43265],[72.62744,32.43481],[72.6271,32.44016],[72.63033,32.44159],[72.62574,32.44458],[72.62647,32.44635],[72.62385,32.45577],[72.62106,32.45554],[72.61901,32.46096],[72.63231,32.46764],[72.63236,32.47087],[72.62587,32.4797],[72.62469,32.48962],[72.6223,32.49475],[72.6161,32.50128],[72.61487,32.50514],[72.61544,32.51342],[72.6101,32.5183],[72.60764,32.53009],[72.60404,32.53004],[72.60673,32.53744],[72.60547,32.53798],[72.60618,32.5421],[72.61302,32.54519],[72.61485,32.55091],[72.61326,32.55336],[72.61542,32.57045],[72.61367,32.57761],[72.61527,32.57976],[72.61993,32.57939],[72.62578,32.57643],[72.62937,32.58628],[72.62874,32.59179],[72.63476,32.58987],[72.64864,32.60034],[72.64985,32.60322],[72.6573,32.59602],[72.66047,32.59597],[72.66365,32.59279],[72.66696,32.59279],[72.66713,32.58817],[72.66542,32.58679],[72.66754,32.58457],[72.6673,32.58135],[72.67237,32.58039],[72.68139,32.5817],[72.69061,32.57253],[72.69727,32.57533],[72.69814,32.5775],[72.70191,32.57899],[72.7074,32.58439],[72.70959,32.59118],[72.71441,32.5926],[72.7167,32.59816],[72.71634,32.61158],[72.73444,32.62401],[72.74422,32.62651],[72.7437,32.63417],[72.73707,32.64894],[72.73953,32.65195],[72.74313,32.65084],[72.7444,32.64799],[72.74763,32.64987],[72.75486,32.64577],[72.75949,32.64494],[72.76549,32.63949],[72.76572,32.64162],[72.77002,32.64216],[72.78113,32.64075],[72.78443,32.63659],[72.79006,32.63656],[72.79503,32.63117],[72.79601,32.62526],[72.80105,32.62479],[72.80272,32.62715],[72.81003,32.6272],[72.81008,32.62917],[72.82701,32.63019],[72.82667,32.6326],[72.82771,32.63216],[72.82916,32.63486],[72.82997,32.63912],[72.83406,32.63995],[72.84655,32.63661],[72.85584,32.63729],[72.86226,32.63602],[72.8677,32.63754],[72.87267,32.63433],[72.87434,32.63647],[72.87884,32.63351],[72.88991,32.632],[72.90313,32.63294],[72.90684,32.63609],[72.91604,32.63327],[72.91669,32.65085],[72.9148,32.65632],[72.93494,32.65552],[72.94679,32.65037],[72.95197,32.65048],[72.95888,32.64792],[72.96208,32.65126],[72.97021,32.65438],[72.96743,32.65927],[72.97104,32.66067],[72.96987,32.66465],[72.97719,32.66882],[72.97383,32.67158],[72.97758,32.67268],[72.97535,32.67394],[72.97583,32.6778],[72.98468,32.6777],[72.99931,32.68176],[72.99593,32.68286],[72.99625,32.68677],[73.01032,32.69865],[73.01134,32.693],[73.01238,32.69185],[73.01672,32.69312],[73.01696,32.68672],[73.02049,32.6835],[73.0181,32.6773],[73.02696,32.67464],[73.03167,32.67752],[73.03366,32.67425],[73.03182,32.67262],[73.03522,32.67051],[73.03493,32.66816],[73.0394,32.66333],[73.0419,32.66336],[73.04358,32.66156],[73.05053,32.66237],[73.05685,32.66119],[73.05956,32.65931],[73.06153,32.66037],[73.06396,32.65208],[73.06639,32.65022],[73.0723,32.65406],[73.07599,32.66018],[73.07605,32.66956],[73.07882,32.67387],[73.07559,32.67889],[73.07603,32.68181],[73.08792,32.68833],[73.08837,32.69137],[73.09797,32.69067],[73.1024,32.69588],[73.10967,32.69018],[73.12395,32.69163],[73.13138,32.69944],[73.13134,32.7102],[73.13326,32.71364],[73.13849,32.715],[73.14061,32.71261],[73.14665,32.71367],[73.14597,32.71839],[73.14428,32.71901],[73.14661,32.723],[73.14624,32.72842],[73.15091,32.72675],[73.15382,32.72804],[73.15888,32.72596],[73.16513,32.72666],[73.1663,32.72295],[73.17516,32.7215],[73.17595,32.71989],[73.18852,32.71472],[73.2012,32.7142],[73.20949,32.70335],[73.21522,32.70768],[73.22255,32.71044],[73.22282,32.71618],[73.22517,32.71731],[73.22454,32.71943],[73.23059,32.72188],[73.23272,32.72691],[73.23814,32.72767],[73.2398,32.73223],[73.24297,32.73242],[73.24045,32.73391],[73.24605,32.73657],[73.24883,32.7353],[73.24946,32.73677],[73.25202,32.73632],[73.25384,32.73844],[73.25835,32.73821],[73.26368,32.74244],[73.25552,32.75618],[73.25017,32.77103],[73.24682,32.7948],[73.23375,32.79145],[73.231,32.79342],[73.22931,32.79628],[73.22803,32.80699],[73.22389,32.81284],[73.21639,32.81669],[73.16659,32.82003],[73.13028,32.82045],[73.12452,32.82226],[73.12262,32.82488],[73.12164,32.83147],[73.11606,32.83081],[73.11615,32.83456],[73.14816,32.86311],[73.15458,32.87334],[73.15672,32.88869],[73.15411,32.8922],[73.15535,32.89904],[73.15345,32.8994],[73.15317,32.90219],[73.16382,32.91023],[73.16347,32.91312],[73.16503,32.91451],[73.17511,32.92014],[73.178,32.91898],[73.18096,32.92208],[73.18187,32.92464],[73.18076,32.92729],[73.18535,32.93204],[73.18003,32.94189],[73.19521,32.93931],[73.21311,32.95339],[73.21183,32.95808],[73.21744,32.96245],[73.22074,32.98519],[73.18288,33.00635],[73.18117,33.00487],[73.1791,33.00767],[73.17914,33.02116],[73.17401,33.02285],[73.18699,33.03615],[73.1818,33.04029],[73.18287,33.04716],[73.18878,33.05596],[73.1909,33.06797],[73.21856,33.08383],[73.25962,33.09244],[73.27094,33.09702],[73.29054,33.09935],[73.31608,33.10553],[73.32516,33.10435],[73.33482,33.11005],[73.34424,33.11025],[73.34938,33.1032],[73.35451,33.10373],[73.35468,33.10016],[73.35956,33.10078],[73.36157,33.09725],[73.37059,33.10062],[73.36823,33.10505],[73.3731,33.10829],[73.37138,33.11231],[73.37869,33.11821],[73.3797,33.12521],[73.3887,33.1315],[73.38838,33.13343],[73.38601,33.13359],[73.3902,33.13895],[73.38295,33.14432],[73.38275,33.14876],[73.37938,33.15164],[73.37502,33.15327],[73.37309,33.15168],[73.36679,33.15545],[73.36409,33.15934],[73.36426,33.1661],[73.3612,33.17073],[73.36266,33.17179],[73.36258,33.17513],[73.36814,33.17899],[73.36193,33.18589],[73.36343,33.188],[73.38631,33.19377],[73.39312,33.19429],[73.40031,33.18979],[73.40289,33.19339],[73.41139,33.19663],[73.41398,33.19578],[73.4172,33.19813],[73.41306,33.20285],[73.41611,33.20558],[73.41601,33.21059],[73.41368,33.21103],[73.40958,33.20829],[73.40518,33.21116],[73.40815,33.21364],[73.40592,33.21485],[73.40651,33.21705],[73.41523,33.21781],[73.40618,33.23177],[73.40561,33.23343],[73.40788,33.23446],[73.41726,33.23482],[73.42653,33.23072],[73.42853,33.23418],[73.43441,33.23832],[73.44129,33.2349],[73.4463,33.23548],[73.44767,33.2379],[73.44295,33.24018],[73.45137,33.24776],[73.45448,33.24611],[73.45606,33.24779],[73.45867,33.24769],[73.46368,33.24463],[73.46835,33.23628],[73.4663,33.23465],[73.47131,33.22798],[73.46621,33.22721],[73.46708,33.22626],[73.46551,33.22383],[73.45839,33.22368],[73.46267,33.21961],[73.46263,33.2179],[73.46882,33.21721],[73.47029,33.21883],[73.47501,33.21889],[73.4781,33.22285],[73.48411,33.22459],[73.49535,33.22496],[73.49669,33.22259],[73.50437,33.22176],[73.52689,33.2293],[73.52942,33.229],[73.53333,33.22414],[73.54046,33.22231],[73.54324,33.21759],[73.54284,33.2131],[73.54624,33.20887],[73.55196,33.21391],[73.55543,33.22074],[73.55916,33.22066],[73.56374,33.22748],[73.57045,33.23272],[73.58125,33.23501],[73.59715,33.23114],[73.59988,33.2363],[73.60912,33.24182],[73.60943,33.24593],[73.61273,33.24481],[73.61816,33.2491],[73.62268,33.24577]],[[73.43137,33.15671],[73.42446,33.15063],[73.41914,33.15308],[73.4169,33.15108],[73.41585,33.14782],[73.41772,33.14384],[73.41424,33.14018],[73.40881,33.13976],[73.40124,33.1353],[73.39873,33.13938],[73.39296,33.13781],[73.39339,33.13538],[73.38949,33.13099],[73.39499,33.12622],[73.39381,33.12464],[73.39555,33.12379],[73.38895,33.12023],[73.38728,33.11615],[73.37887,33.10826],[73.38594,33.10405],[73.38757,33.10094],[73.39101,33.10314],[73.39342,33.10219],[73.39687,33.10434],[73.39809,33.10286],[73.40096,33.10433],[73.40307,33.10389],[73.40613,33.09974],[73.41183,33.10534],[73.41075,33.10972],[73.41178,33.11057],[73.41505,33.10832],[73.41827,33.10907],[73.42152,33.11556],[73.42836,33.11037],[73.42751,33.10866],[73.42946,33.10664],[73.44053,33.12183],[73.43936,33.12284],[73.4448,33.13227],[73.44433,33.13049],[73.44594,33.1303],[73.44887,33.13331],[73.4586,33.14877],[73.44692,33.15004],[73.44098,33.15252],[73.44108,33.1546],[73.43873,33.15658],[73.43325,33.15873],[73.43137,33.15671]],[[73.59347,33.04006],[73.58842,33.03418],[73.58966,33.02074],[73.59023,33.01886],[73.59809,33.01568],[73.60571,33.01909],[73.61638,33.03079],[73.61897,33.03582],[73.61559,33.04652],[73.60768,33.05105],[73.59347,33.04006]],[[73.65399,33.00693],[73.6418,32.99707],[73.65736,32.98714],[73.66764,32.98419],[73.66835,32.98206],[73.67534,32.98164],[73.70136,32.95502],[73.70932,32.93238],[73.71574,32.93513],[73.71339,32.93579],[73.71252,32.93898],[73.71465,32.93959],[73.71347,32.94121],[73.71739,32.94375],[73.72551,32.934],[73.72633,32.92927],[73.72168,32.93364],[73.72022,32.93274],[73.72905,32.92531],[73.72888,32.92226],[73.72367,32.9198],[73.72313,32.9154],[73.72595,32.9162],[73.73146,32.92409],[73.74173,32.93396],[73.74718,32.94928],[73.75383,32.95638],[73.73616,32.96463],[73.72409,32.96536],[73.72244,32.96017],[73.71483,32.96375],[73.71257,32.966],[73.70955,32.98542],[73.68539,33.00093],[73.65726,33.0093],[73.65399,33.00693]],[[73.03559,32.64987],[73.03549,32.6598],[73.02841,32.66602],[73.02767,32.66918],[73.01907,32.66796],[73.01632,32.66601],[73.0087,32.67025],[72.99609,32.67148],[72.99347,32.67094],[72.98323,32.65371],[72.97573,32.64671],[72.97514,32.63976],[72.97771,32.63979],[72.97728,32.64507],[72.97912,32.64566],[72.97991,32.63032],[72.98274,32.62445],[73.00378,32.62157],[73.01382,32.62312],[73.01736,32.62146],[73.02571,32.62397],[73.02622,32.62247],[73.03602,32.62282],[73.03754,32.63412],[73.03702,32.63598],[73.0361,32.63501],[73.03507,32.63628],[73.03612,32.63794],[73.03456,32.63806],[73.03777,32.64277],[73.03559,32.64987]]]]}},{"type":"Feature","properties":{"name":"Municipal Committee Choa Saidan Shah","district":"Chakwal"},"geometry":{"type":"MultiPolygon","coordinates":[[[[73.01169,32.75505],[73.01417,32.75223],[73.01816,32.75187],[73.02315,32.74869],[73.02573,32.73832],[73.02171,32.73729],[73.01885,32.73399],[73.01125,32.73548],[73.00098,32.7339],[72.99547,32.73075],[72.99661,32.72724],[72.99435,32.72509],[72.99647,32.72544],[72.99626,32.72382],[73.00137,32.72112],[72.99919,32.71643],[73.00058,32.71489],[72.99816,32.71399],[72.99759,32.71116],[72.99538,32.7093],[72.9905,32.71095],[72.98592,32.70782],[72.98197,32.70075],[72.97079,32.69296],[72.96341,32.69091],[72.96236,32.68413],[72.95431,32.68179],[72.95286,32.67905],[72.94875,32.68004],[72.93933,32.67878],[72.93645,32.67438],[72.92894,32.67091],[72.92749,32.66837],[72.9219,32.66927],[72.92225,32.67657],[72.92765,32.67631],[72.92929,32.67842],[72.92836,32.68047],[72.93161,32.68567],[72.93036,32.68701],[72.93273,32.68699],[72.93212,32.68975],[72.94881,32.69819],[72.95713,32.7006],[72.95671,32.70718],[72.9535,32.70637],[72.94687,32.71208],[72.93187,32.70949],[72.92964,32.71459],[72.9255,32.7137],[72.92373,32.71633],[72.91364,32.71732],[72.91503,32.72864],[72.91946,32.72859],[72.92094,32.73149],[72.92314,32.73136],[72.92473,32.7333],[72.92599,32.73146],[72.92705,32.7333],[72.92849,32.73308],[72.92855,32.73121],[72.9312,32.73158],[72.92925,32.72961],[72.93182,32.72837],[72.93225,32.73001],[72.94007,32.7299],[72.94078,32.73214],[72.94827,32.73178],[72.94898,32.73266],[72.94763,32.73243],[72.94582,32.73685],[72.94429,32.73715],[72.9456,32.74092],[72.94355,32.74141],[72.94352,32.74319],[72.95211,32.74307],[72.95512,32.75221],[72.9648,32.74717],[72.95902,32.74203],[72.95951,32.74045],[72.96243,32.73967],[72.95833,32.73598],[72.96441,32.73418],[72.96744,32.7349],[72.97186,32.73193],[72.97672,32.73499],[72.98171,32.73451],[72.99322,32.73685],[73.00455,32.74797],[73.00411,32.75359],[73.00252,32.7551],[73.0063,32.75489],[73.00725,32.75674],[73.01148,32.7564],[73.01169,32.75505]]]]}},{"type":"Feature","properties":{"name":"District Council Chakwal","district":"Chakwal"},"geometry":{"type":"MultiPolygon","coordinates":[[[[72.65211,33.20184],[72.65636,33.20912],[72.66203,33.2125],[72.66934,33.20682],[72.67648,33.20563],[72.68157,33.20794],[72.68372,33.21079],[72.68812,33.20773],[72.69778,33.20665],[72.71007,33.21269],[72.72053,33.20258],[72.72273,33.1992],[72.72305,33.19303],[72.73912,33.19234],[72.74725,33.18884],[72.75508,33.18873],[72.75599,33.18632],[72.75948,33.18863],[72.76791,33.1894],[72.77343,33.18278],[72.78631,33.17747],[72.79912,33.16704],[72.80963,33.16436],[72.81201,33.1589],[72.82081,33.15933],[72.82767,33.15681],[72.82918,33.16051],[72.82757,33.16336],[72.83003,33.16553],[72.84742,33.16336],[72.84872,33.1602],[72.85169,33.15993],[72.85493,33.16014],[72.86277,33.16634],[72.86394,33.1648],[72.86781,33.16486],[72.87703,33.16824],[72.87918,33.16371],[72.88142,33.16467],[72.8843,33.1606],[72.89765,33.16704],[72.9254,33.16939],[72.92806,33.16576],[72.93394,33.14515],[72.93394,33.14283],[72.93015,33.13981],[72.93574,33.13123],[72.94158,33.12793],[72.94607,33.12247],[72.94603,33.11947],[72.94936,33.11479],[72.95235,33.11454],[72.9524,33.11234],[72.95419,33.11149],[72.9577,33.1147],[72.96112,33.11552],[72.97636,33.10785],[72.98335,33.11214],[72.98716,33.11159],[72.9994,33.10359],[73.00902,33.10838],[73.01488,33.10527],[73.0222,33.10021],[73.01823,33.09742],[73.01837,33.09393],[73.02203,33.09219],[73.02588,33.08694],[73.02419,33.07029],[73.02587,33.06645],[73.02919,33.06488],[73.03542,33.06442],[73.04441,33.0665],[73.06963,33.07882],[73.08439,33.09777],[73.08595,33.10525],[73.10372,33.10595],[73.10344,33.08542],[73.11261,33.07589],[73.1174,33.07408],[73.12371,33.07468],[73.12651,33.07657],[73.1313,33.09434],[73.13388,33.09633],[73.13689,33.09242],[73.14023,33.09179],[73.14527,33.0949],[73.16699,33.09588],[73.18391,33.09862],[73.19281,33.09817],[73.1986,33.09439],[73.20339,33.09792],[73.20582,33.0979],[73.21026,33.09275],[73.20372,33.0883],[73.1942,33.07737],[73.19413,33.07015],[73.1909,33.06797],[73.18878,33.05596],[73.18287,33.04716],[73.1818,33.04029],[73.18699,33.03615],[73.17401,33.02285],[73.17914,33.02116],[73.1791,33.00767],[73.18117,33.00487],[73.18288,33.00635],[73.22074,32.98519],[73.21744,32.96245],[73.21183,32.95808],[73.21311,32.95339],[73.19521,32.93931],[73.18003,32.94189],[73.18535,32.93204],[73.18076,32.92729],[73.18187,32.92464],[73.18096,32.92208],[73.178,32.91898],[73.17511,32.92014],[73.16503,32.91451],[73.16347,32.91312],[73.16382,32.91023],[73.15317,32.90219],[73.15345,32.8994],[73.15535,32.89904],[73.15411,32.8922],[73.15672,32.88869],[73.15458,32.87334],[73.14816,32.86311],[73.11615,32.83456],[73.11606,32.83081],[73.12164,32.83147],[73.12262,32.82488],[73.12452,32.82226],[73.13028,32.82045],[73.16659,32.82003],[73.21639,32.81669],[73.22389,32.81284],[73.22803,32.80699],[73.22931,32.79628],[73.231,32.79342],[73.23375,32.79145],[73.24682,32.7948],[73.25017,32.77103],[73.25552,32.75618],[73.26368,32.74244],[73.25835,32.73821],[73.25384,32.73844],[73.25202,32.73632],[73.24946,32.73677],[73.24883,32.7353],[73.24605,32.73657],[73.24045,32.73391],[73.24297,32.73242],[73.2398,32.73223],[73.23814,32.72767],[73.23272,32.72691],[73.23059,32.72188],[73.22454,32.71943],[73.22517,32.71731],[73.22282,32.71618],[73.22255,32.71044],[73.21522,32.70768],[73.20949,32.70335],[73.2012,32.7142],[73.18852,32.71472],[73.17595,32.71989],[73.17516,32.7215],[73.1663,32.72295],[73.16513,32.72666],[73.15888,32.72596],[73.15382,32.72804],[73.15091,32.72675],[73.14624,32.72842],[73.14661,32.723],[73.14428,32.71901],[73.14597,32.71839],[73.14665,32.71367],[73.14061,32.71261],[73.13849,32.715],[73.13326,32.71364],[73.13134,32.7102],[73.13138,32.69944],[73.12395,32.69163],[73.10967,32.69018],[73.1024,32.69588],[73.09797,32.69067],[73.08837,32.69137],[73.08792,32.68833],[73.07603,32.68181],[73.07559,32.67889],[73.07882,32.67387],[73.07605,32.66956],[73.07599,32.66018],[73.0723,32.65406],[73.06639,32.65022],[73.06396,32.65208],[73.06153,32.66037],[73.05956,32.65931],[73.05685,32.66119],[73.05053,32.66237],[73.04358,32.66156],[73.0419,32.66336],[73.0394,32.66333],[73.03493,32.66816],[73.03522,32.67051],[73.03182,32.67262],[73.03366,32.67425],[73.03167,32.67752],[73.02696,32.67464],[73.0181,32.6773],[73.02049,32.6835],[73.01696,32.68672],[73.01672,32.69312],[73.01238,32.69185],[73.01134,32.693],[73.01032,32.69865],[72.99625,32.68677],[72.99593,32.68286],[72.99931,32.68176],[72.98468,32.6777],[72.97583,32.6778],[72.97535,32.67394],[72.97758,32.67268],[72.97383,32.67158],[72.97719,32.66882],[72.96987,32.66465],[72.97104,32.66067],[72.96743,32.65927],[72.97021,32.65438],[72.96208,32.65126],[72.95888,32.64792],[72.95197,32.65048],[72.94679,32.65037],[72.93494,32.65552],[72.9148,32.65632],[72.91669,32.65085],[72.91604,32.63327],[72.90684,32.63609],[72.90313,32.63294],[72.88991,32.632],[72.87884,32.63351],[72.87434,32.63647],[72.87267,32.63433],[72.8677,32.63754],[72.86226,32.63602],[72.85584,32.63729],[72.84655,32.63661],[72.83406,32.63995],[72.82997,32.63912],[72.82916,32.63486],[72.82771,32.63216],[72.82667,32.6326],[72.82701,32.63019],[72.81008,32.62917],[72.81003,32.6272],[72.80272,32.62715],[72.80105,32.62479],[72.79601,32.62526],[72.79503,32.63117],[72.79006,32.63656],[72.78443,32.63659],[72.78113,32.64075],[72.77002,32.64216],[72.76572,32.64162],[72.76549,32.63949],[72.75949,32.64494],[72.75486,32.64577],[72.74763,32.64987],[72.7444,32.64799],[72.74313,32.65084],[72.73953,32.65195],[72.73707,32.64894],[72.7437,32.63417],[72.74422,32.62651],[72.73444,32.62401],[72.71634,32.61158],[72.7167,32.59816],[72.71441,32.5926],[72.70959,32.59118],[72.7074,32.58439],[72.70191,32.57899],[72.69099,32.57246],[72.68139,32.5817],[72.67237,32.58039],[72.6673,32.58135],[72.66754,32.58457],[72.66542,32.58679],[72.66713,32.58817],[72.66696,32.59279],[72.66365,32.59279],[72.66047,32.59597],[72.6573,32.59602],[72.64985,32.60322],[72.64864,32.60034],[72.63476,32.58987],[72.62874,32.59179],[72.62937,32.58628],[72.62573,32.57643],[72.62197,32.5788],[72.61537,32.57978],[72.60492,32.57804],[72.60496,32.58117],[72.60128,32.58119],[72.60129,32.58623],[72.59646,32.58619],[72.59201,32.59195],[72.58662,32.59371],[72.58003,32.5935],[72.57452,32.59572],[72.56912,32.59449],[72.55489,32.59874],[72.55151,32.60371],[72.54364,32.60809],[72.55066,32.61801],[72.53762,32.62396],[72.53944,32.62625],[72.53114,32.63114],[72.53074,32.63271],[72.53155,32.64302],[72.53321,32.64446],[72.53212,32.64557],[72.54314,32.65689],[72.54259,32.65977],[72.53362,32.65445],[72.52843,32.65478],[72.51842,32.65882],[72.51405,32.65485],[72.51302,32.65128],[72.51017,32.6507],[72.50439,32.65372],[72.50189,32.65272],[72.50686,32.66278],[72.50983,32.66457],[72.50786,32.66544],[72.51663,32.67474],[72.52037,32.68261],[72.53083,32.6882],[72.53758,32.69491],[72.52993,32.69482],[72.52357,32.69863],[72.51784,32.72218],[72.51148,32.73491],[72.49175,32.73745],[72.49112,32.74636],[72.49239,32.74827],[72.49939,32.7489],[72.50389,32.75167],[72.50222,32.76902],[72.48526,32.77462],[72.48092,32.77803],[72.47968,32.7833],[72.48061,32.80159],[72.49332,32.81988],[72.49239,32.83662],[72.49766,32.84437],[72.50444,32.84801],[72.50543,32.85147],[72.50634,32.85897],[72.49637,32.86655],[72.49505,32.87529],[72.50107,32.89127],[72.49876,32.90405],[72.503,32.9073],[72.50572,32.91447],[72.51356,32.91238],[72.51675,32.91576],[72.51354,32.92328],[72.51247,32.93488],[72.51032,32.93787],[72.50759,32.94971],[72.51058,32.9532],[72.51476,32.95469],[72.51765,32.96007],[72.51506,32.96395],[72.51018,32.96723],[72.50261,32.96365],[72.49803,32.96415],[72.49604,32.96674],[72.49545,32.97828],[72.50454,32.98797],[72.5062,32.99185],[72.51017,32.99333],[72.51253,32.99768],[72.50666,33.00275],[72.50408,33.00876],[72.49816,33.01236],[72.49484,33.01984],[72.49114,33.024],[72.49022,33.03028],[72.48403,33.04063],[72.48375,33.04257],[72.48771,33.04899],[72.48745,33.05125],[72.48477,33.05162],[72.48458,33.05291],[72.48606,33.05587],[72.49151,33.0592],[72.4965,33.05587],[72.50214,33.06049],[72.50195,33.06428],[72.50934,33.06917],[72.51156,33.07351],[72.51599,33.0761],[72.51996,33.08682],[72.51802,33.09365],[72.49539,33.10843],[72.49003,33.10963],[72.48791,33.11564],[72.48819,33.1197],[72.48514,33.12238],[72.48569,33.12704],[72.488,33.12737],[72.48892,33.13134],[72.488,33.13615],[72.48366,33.13818],[72.48311,33.1404],[72.49207,33.14151],[72.48521,33.15245],[72.49981,33.15852],[72.50034,33.16296],[72.50291,33.16317],[72.50468,33.16618],[72.50234,33.16764],[72.50444,33.17024],[72.5016,33.17129],[72.50187,33.17289],[72.50358,33.17456],[72.50899,33.17509],[72.50437,33.17956],[72.50529,33.18429],[72.50367,33.1854],[72.52119,33.203],[72.53153,33.204],[72.53973,33.21202],[72.56094,33.2136],[72.56627,33.21226],[72.57832,33.20604],[72.58006,33.20278],[72.58951,33.19546],[72.58638,33.19327],[72.58601,33.18918],[72.58848,33.18758],[72.59122,33.18724],[72.59372,33.19126],[72.5985,33.19224],[72.60009,33.19663],[72.60251,33.19548],[72.60376,33.1919],[72.61866,33.18445],[72.62778,33.18621],[72.64242,33.19479],[72.64567,33.19479],[72.64705,33.19728],[72.65127,33.19933],[72.65211,33.20184]],[[72.78504,32.89273],[72.77871,32.89424],[72.77921,32.89706],[72.77361,32.89965],[72.76802,32.89444],[72.7614,32.89471],[72.76001,32.88797],[72.75712,32.88802],[72.75622,32.88579],[72.7441,32.88588],[72.73825,32.88265],[72.7316,32.88491],[72.73041,32.88154],[72.72574,32.88362],[72.72475,32.89022],[72.71652,32.88956],[72.71585,32.89197],[72.70928,32.89517],[72.69273,32.89629],[72.68406,32.89296],[72.67647,32.89349],[72.66951,32.88351],[72.65614,32.87729],[72.66159,32.87298],[72.6632,32.86734],[72.66507,32.86663],[72.66264,32.86652],[72.66203,32.85432],[72.66314,32.85189],[72.65942,32.8434],[72.6514,32.84526],[72.64524,32.85148],[72.64201,32.85228],[72.63918,32.85584],[72.63869,32.85957],[72.63433,32.8647],[72.63316,32.86958],[72.62796,32.87545],[72.62322,32.8742],[72.62323,32.87109],[72.62121,32.86821],[72.6172,32.86687],[72.61102,32.867],[72.60726,32.87119],[72.60523,32.87113],[72.59896,32.86204],[72.59904,32.85738],[72.58979,32.84911],[72.58809,32.84931],[72.58731,32.84456],[72.59176,32.84136],[72.59002,32.83885],[72.58489,32.83701],[72.58257,32.82843],[72.58021,32.82795],[72.57965,32.82467],[72.57363,32.82126],[72.57518,32.81512],[72.58058,32.80858],[72.58121,32.81026],[72.58924,32.80942],[72.59547,32.81217],[72.59717,32.8103],[72.59468,32.80681],[72.59647,32.80343],[72.59939,32.80255],[72.59899,32.79867],[72.59414,32.79799],[72.59398,32.79586],[72.58655,32.79125],[72.59484,32.79234],[72.59628,32.78664],[72.60306,32.78011],[72.60481,32.78086],[72.60683,32.77757],[72.6053,32.77628],[72.60762,32.77333],[72.61624,32.76907],[72.61804,32.76318],[72.62756,32.76625],[72.62787,32.75712],[72.63651,32.75651],[72.63638,32.75947],[72.63763,32.7599],[72.64111,32.7562],[72.64333,32.75624],[72.64628,32.75927],[72.6487,32.75809],[72.65359,32.75904],[72.65685,32.76206],[72.66039,32.76147],[72.66688,32.75667],[72.67298,32.74629],[72.68133,32.74888],[72.6844,32.74631],[72.69232,32.74526],[72.69474,32.74981],[72.69449,32.7598],[72.69745,32.76176],[72.70546,32.76321],[72.71766,32.76269],[72.72114,32.76495],[72.72333,32.7688],[72.72971,32.76856],[72.74552,32.77703],[72.74442,32.7798],[72.74809,32.7809],[72.74854,32.78299],[72.74444,32.8015],[72.74942,32.80235],[72.74961,32.80497],[72.75311,32.80564],[72.75271,32.81341],[72.7478,32.81783],[72.75088,32.82462],[72.75149,32.83064],[72.75027,32.8322],[72.75187,32.8354],[72.75681,32.84366],[72.76188,32.84624],[72.76639,32.85115],[72.76697,32.85459],[72.76913,32.85417],[72.77164,32.85699],[72.77695,32.85637],[72.77965,32.85949],[72.786,32.85714],[72.7872,32.85954],[72.79386,32.85915],[72.79777,32.86257],[72.80111,32.86318],[72.80619,32.87232],[72.8092,32.88853],[72.81178,32.89314],[72.82012,32.89657],[72.82089,32.89822],[72.83335,32.90116],[72.84155,32.89551],[72.84154,32.89372],[72.84601,32.89478],[72.85388,32.89257],[72.85909,32.89305],[72.85753,32.89905],[72.86087,32.89931],[72.86346,32.90478],[72.86258,32.90686],[72.86774,32.90825],[72.87568,32.90652],[72.87539,32.89863],[72.87324,32.89555],[72.87549,32.89102],[72.88584,32.8895],[72.89269,32.8906],[72.89549,32.89255],[72.89052,32.90166],[72.90129,32.90891],[72.89932,32.91485],[72.90125,32.91907],[72.90384,32.92145],[72.91297,32.92274],[72.91392,32.92447],[72.91257,32.92545],[72.91498,32.92965],[72.92468,32.92788],[72.93102,32.93178],[72.93186,32.93461],[72.92719,32.94152],[72.92713,32.94411],[72.92331,32.94534],[72.92357,32.94768],[72.91465,32.94706],[72.91029,32.94035],[72.90865,32.9412],[72.90714,32.94666],[72.90335,32.94968],[72.8959,32.94402],[72.88948,32.94408],[72.88802,32.95035],[72.88831,32.95249],[72.89002,32.9529],[72.88858,32.95373],[72.88988,32.95819],[72.88454,32.96134],[72.88377,32.96336],[72.88684,32.96708],[72.88911,32.97897],[72.87533,32.97611],[72.86873,32.97928],[72.86908,32.98349],[72.86012,32.99033],[72.85334,32.98714],[72.8518,32.99192],[72.85303,32.99583],[72.851,33.00079],[72.84101,33.00027],[72.8348,32.9916],[72.8376,32.98913],[72.83494,32.98711],[72.8357,32.98595],[72.8337,32.98278],[72.83065,32.98132],[72.82943,32.97843],[72.82365,32.97942],[72.82326,32.97792],[72.82299,32.97659],[72.83006,32.97465],[72.83076,32.97101],[72.84055,32.97128],[72.83673,32.96484],[72.83317,32.96264],[72.83438,32.95988],[72.83228,32.95724],[72.83025,32.9557],[72.81665,32.95938],[72.81498,32.95862],[72.80984,32.96778],[72.80801,32.96458],[72.81004,32.96177],[72.80832,32.9603],[72.80777,32.95534],[72.80617,32.95499],[72.80558,32.94859],[72.79459,32.94279],[72.78082,32.94473],[72.77866,32.9436],[72.77916,32.94107],[72.78557,32.93466],[72.7845,32.9298],[72.79086,32.91437],[72.78504,32.89273]],[[73.01169,32.75505],[73.01148,32.7564],[73.00725,32.75674],[73.0063,32.75489],[73.00252,32.7551],[73.00411,32.75359],[73.00455,32.74797],[72.99322,32.73685],[72.98171,32.73451],[72.97672,32.73499],[72.97186,32.73193],[72.96744,32.7349],[72.96441,32.73418],[72.95833,32.73598],[72.96243,32.73967],[72.95951,32.74045],[72.95902,32.74203],[72.9648,32.74717],[72.95512,32.75221],[72.95211,32.74307],[72.94352,32.74319],[72.94355,32.74141],[72.9456,32.74092],[72.94429,32.73715],[72.94582,32.73685],[72.94763,32.73243],[72.94898,32.73266],[72.94827,32.73178],[72.94078,32.73214],[72.94007,32.7299],[72.93225,32.73001],[72.93182,32.72837],[72.92925,32.72961],[72.9312,32.73158],[72.92855,32.73121],[72.92849,32.73308],[72.92705,32.7333],[72.92599,32.73146],[72.92473,32.7333],[72.92314,32.73136],[72.92094,32.73149],[72.91946,32.72859],[72.91503,32.72864],[72.91364,32.71732],[72.92373,32.71633],[72.9255,32.7137],[72.92964,32.71459],[72.93187,32.70949],[72.94687,32.71208],[72.9535,32.70637],[72.95671,32.70718],[72.95713,32.7006],[72.94881,32.69819],[72.93212,32.68975],[72.93273,32.68699],[72.93036,32.68701],[72.93161,32.68567],[72.92836,32.68047],[72.92929,32.67842],[72.92765,32.67631],[72.92225,32.67657],[72.9219,32.66927],[72.92749,32.66837],[72.92894,32.67091],[72.93645,32.67438],[72.93933,32.67878],[72.94875,32.68004],[72.95286,32.67905],[72.95431,32.68179],[72.96236,32.68413],[72.96341,32.69091],[72.97079,32.69296],[72.98197,32.70075],[72.98592,32.70782],[72.9905,32.71095],[72.99538,32.7093],[72.99759,32.71116],[72.99816,32.71399],[73.00058,32.71489],[72.99919,32.71643],[73.00137,32.72112],[72.99626,32.72382],[72.99647,32.72544],[72.99435,32.72509],[72.99661,32.72724],[72.99547,32.73075],[73.00098,32.7339],[73.01125,32.73548],[73.01885,32.73399],[73.02171,32.73729],[73.02573,32.73832],[73.02315,32.74869],[73.01816,32.75187],[73.01417,32.75223],[73.01169,32.75505]]]]}},{"type":"Feature","properties":{"name":"Municipal Corporation Multan","district":"Multan"},"geometry":{"type":"MultiPolygon","coordinates":[[[[71.48709,30.25226],[71.50539,30.25306],[71.50553,30.24808],[71.4995,30.24799],[71.49995,30.24295],[71.4977,30.2439],[71.49749,30.23989],[71.48996,30.23977],[71.48942,30.2347],[71.49123,30.23197],[71.49384,30.23728],[71.49433,30.22946],[71.49725,30.2306],[71.49539,30.22813],[71.5009,30.22535],[71.49927,30.22232],[71.50085,30.22161],[71.50141,30.22349],[71.50363,30.22418],[71.50602,30.22333],[71.50426,30.21732],[71.50193,30.21736],[71.50249,30.21418],[71.51451,30.21486],[71.51516,30.21833],[71.53221,30.21964],[71.53311,30.22566],[71.53769,30.22791],[71.53916,30.23446],[71.54822,30.23457],[71.55241,30.23686],[71.55588,30.23682],[71.55525,30.23253],[71.55943,30.23258],[71.55947,30.23142],[71.55534,30.22902],[71.55476,30.22187],[71.54319,30.2221],[71.53925,30.22001],[71.54388,30.21336],[71.54778,30.21546],[71.54921,30.21373],[71.54346,30.20906],[71.54463,30.20728],[71.53833,30.20719],[71.53839,30.20452],[71.54696,30.20036],[71.55143,30.19985],[71.56594,30.20273],[71.565,30.19871],[71.52971,30.18794],[71.53012,30.18478],[71.52749,30.18474],[71.52816,30.17772],[71.5271,30.17793],[71.52654,30.17104],[71.53492,30.17121],[71.52988,30.16095],[71.53397,30.15841],[71.53199,30.13905],[71.52716,30.1389],[71.52716,30.13783],[71.50768,30.13817],[71.5069,30.14342],[71.52074,30.14314],[71.52057,30.15305],[71.52379,30.15412],[71.52372,30.15778],[71.52566,30.15783],[71.5257,30.15921],[71.52811,30.15779],[71.52979,30.161],[71.51856,30.16169],[71.51849,30.16389],[71.51577,30.16387],[71.51405,30.16762],[71.51122,30.16754],[71.50487,30.1605],[71.50374,30.16117],[71.50274,30.13373],[71.5003,30.12835],[71.49329,30.12302],[71.48848,30.12315],[71.48864,30.15897],[71.47344,30.15247],[71.47291,30.13278],[71.48448,30.13247],[71.48451,30.13073],[71.47164,30.12999],[71.47186,30.11785],[71.45119,30.13834],[71.44965,30.13366],[71.44722,30.13232],[71.44302,30.13283],[71.44289,30.13498],[71.44116,30.13579],[71.4345,30.13563],[71.4346,30.15382],[71.42332,30.1536],[71.41691,30.14668],[71.40576,30.14692],[71.40379,30.15841],[71.40056,30.157],[71.39671,30.1577],[71.39764,30.16486],[71.39652,30.16548],[71.40131,30.16595],[71.40198,30.16844],[71.40446,30.16722],[71.40347,30.17301],[71.40794,30.1839],[71.40808,30.19236],[71.41227,30.19474],[71.414,30.20216],[71.41763,30.20436],[71.41765,30.21534],[71.41564,30.21536],[71.41569,30.21728],[71.41453,30.21725],[71.41708,30.2202],[71.41716,30.22371],[71.42317,30.22372],[71.42293,30.21953],[71.42473,30.21929],[71.42251,30.20652],[71.42504,30.20586],[71.42447,30.20439],[71.42763,30.2044],[71.42847,30.20777],[71.43147,30.20643],[71.43244,30.20949],[71.43541,30.20827],[71.43541,30.21087],[71.44277,30.21327],[71.46237,30.23145],[71.46125,30.23184],[71.46175,30.23943],[71.46018,30.24408],[71.46707,30.24554],[71.46932,30.24866],[71.47204,30.24861],[71.47474,30.25166],[71.48178,30.25209],[71.48184,30.25541],[71.4849,30.25754],[71.48769,30.25404],[71.48709,30.25226]]]]}},{"type":"Feature","properties":{"name":"MC Kot Abdul Malik","district":"Sheikupura"},"geometry":{"type":"MultiPolygon","coordinates":[[[[74.21672,31.63269],[74.22705,31.62858],[74.22619,31.63938],[74.22853,31.64045],[74.22853,31.64564],[74.23757,31.64568],[74.24184,31.64404],[74.24186,31.63853],[74.23909,31.63853],[74.23906,31.63523],[74.2539,31.63574],[74.25388,31.63094],[74.24464,31.63096],[74.24461,31.62983],[74.25166,31.62926],[74.25169,31.62388],[74.25669,31.62319],[74.25646,31.61678],[74.24245,31.62135],[74.24244,31.6195],[74.25001,31.61006],[74.23811,31.60355],[74.23263,31.61406],[74.23259,31.61693],[74.23102,31.61695],[74.23103,31.61405],[74.22695,31.61406],[74.22691,31.6162],[74.22544,31.61622],[74.22546,31.61403],[74.22054,31.61405],[74.21978,31.60966],[74.21737,31.60954],[74.2128,31.61379],[74.21057,31.61389],[74.20738,31.62417],[74.20142,31.62383],[74.19961,31.62688],[74.20089,31.63686],[74.20729,31.63431],[74.20748,31.63682],[74.21672,31.63269]]]]}},{"type":"Feature","properties":{"name":"MC Ferozewala","district":"Sheikupura"},"geometry":{"type":"MultiPolygon","coordinates":[[[[74.28924,31.64797],[74.28841,31.64567],[74.28856,31.64898],[74.28406,31.64788],[74.28462,31.64548],[74.28008,31.64583],[74.27156,31.6511],[74.26359,31.65279],[74.26527,31.65516],[74.26534,31.6629],[74.26668,31.66295],[74.26696,31.66722],[74.28008,31.66733],[74.27812,31.6765],[74.27557,31.66845],[74.26895,31.6696],[74.25822,31.66409],[74.25821,31.67392],[74.26809,31.67771],[74.26154,31.67991],[74.26579,31.68149],[74.27135,31.67973],[74.28152,31.68277],[74.28196,31.68083],[74.3014,31.68084],[74.30117,31.66611],[74.29517,31.66006],[74.29496,31.65247],[74.29028,31.65083],[74.28924,31.64797]]]]}},{"type":"Feature","properties":{"name":"Municipal Committee Jhang","district":"Jhang"},"geometry":{"type":"MultiPolygon","coordinates":[[[[72.33011,31.31034],[72.34078,31.30997],[72.32933,31.26944],[72.34186,31.26691],[72.3626,31.27294],[72.36119,31.26918],[72.36437,31.26913],[72.36447,31.26594],[72.36999,31.26475],[72.36618,31.26199],[72.36842,31.26104],[72.34617,31.24884],[72.33096,31.2349],[72.32389,31.25144],[72.30937,31.25426],[72.30016,31.26258],[72.2993,31.26673],[72.29382,31.27202],[72.30555,31.28461],[72.30388,31.29532],[72.30878,31.30292],[72.31798,31.30977],[72.33011,31.31034]]]]}},{"type":"Feature","properties":{"name":"MC Sheikhupura","district":"Sheikupura"},"geometry":{"type":"MultiPolygon","coordinates":[[[[73.97849,31.73115],[73.97822,31.72948],[73.99054,31.72769],[73.99671,31.7222],[73.9985,31.72608],[74.00559,31.7238],[74.00459,31.71737],[74.00599,31.71445],[74.01962,31.71257],[74.01665,31.71198],[74.01517,31.70884],[74.01558,31.70712],[74.01944,31.70561],[74.01994,31.70828],[74.02287,31.70911],[74.03273,31.70828],[74.03215,31.70404],[74.0576,31.703],[74.05768,31.69926],[74.0604,31.69921],[74.06052,31.6976],[74.06398,31.6976],[74.06693,31.69536],[74.07526,31.69487],[74.07528,31.69323],[74.08026,31.69325],[74.08009,31.68072],[74.05772,31.68297],[74.05763,31.68444],[74.03956,31.68791],[74.04208,31.68981],[74.03854,31.69099],[74.03851,31.69259],[74.0293,31.69259],[74.02932,31.6949],[74.02543,31.6949],[74.02553,31.69913],[74.02223,31.69971],[74.01373,31.70027],[74.00517,31.69137],[74.00143,31.69752],[73.99836,31.69782],[73.998,31.69546],[73.98851,31.69696],[73.9885,31.69801],[73.98555,31.69599],[73.98171,31.69654],[73.98126,31.69412],[73.98577,31.6953],[73.98511,31.69243],[73.96141,31.69761],[73.95738,31.69641],[73.94224,31.71006],[73.94985,31.71557],[73.94872,31.71569],[73.95141,31.72529],[73.9576,31.72442],[73.95814,31.72708],[73.95506,31.72951],[73.95534,31.73089],[73.97269,31.72804],[73.97312,31.73024],[73.97638,31.72975],[73.97701,31.73153],[73.97849,31.73115]]]]}},{"type":"Feature","properties":{"name":"District Council Sheikhupura","district":"Sheikupura"},"geometry":{"type":"MultiPolygon","coordinates":[[[[74.0155,31.35169],[74.01509,31.35162],[74.01509,31.35178],[74.01508,31.35193],[74.01509,31.35194],[74.0155,31.35196],[74.0155,31.35169]]],[[[74.0138,31.3544],[74.01383,31.35395],[74.01331,31.35463],[74.01305,31.35513],[74.01319,31.35501],[74.01342,31.35481],[74.01365,31.35461],[74.0137,31.35455],[74.0138,31.3544]]],[[[74.02468,31.35423],[74.02188,31.35321],[74.02307,31.35536],[74.02468,31.35423]]],[[[74.28859,31.6489],[74.28861,31.64801],[74.28841,31.64803],[74.2874,31.6481],[74.28628,31.64819],[74.28627,31.64821],[74.28663,31.64842],[74.28641,31.64862],[74.2866,31.64868],[74.28754,31.64884],[74.28856,31.64898],[74.28859,31.6489]]],[[[74.58397,32.06112],[74.60158,32.05983],[74.60152,32.05522],[74.60317,32.05461],[74.60343,32.05056],[74.60529,32.04989],[74.60603,32.04716],[74.60354,32.04107],[74.60681,32.0289],[74.61061,32.02537],[74.61789,32.02467],[74.62271,32.01759],[74.62764,32.01586],[74.62847,32.01053],[74.63476,32.00817],[74.636,31.98765],[74.63955,31.98373],[74.64282,31.98451],[74.64901,31.98218],[74.65217,31.97371],[74.65372,31.97287],[74.64997,31.96579],[74.65397,31.96576],[74.66675,31.97171],[74.67084,31.97139],[74.66895,31.96125],[74.66989,31.95766],[74.6838,31.95305],[74.68117,31.95011],[74.68334,31.94438],[74.68156,31.94163],[74.69133,31.92608],[74.67168,31.9258],[74.6608,31.91975],[74.65119,31.91014],[74.65072,31.90676],[74.64647,31.90326],[74.65079,31.9023],[74.63644,31.8849],[74.62918,31.88294],[74.61507,31.89034],[74.60778,31.89065],[74.60742,31.88208],[74.60804,31.8786],[74.60984,31.8782],[74.60885,31.87551],[74.60662,31.87662],[74.60513,31.87165],[74.59586,31.88115],[74.59205,31.87963],[74.59186,31.87383],[74.58712,31.87703],[74.58325,31.87306],[74.58314,31.86931],[74.59349,31.86546],[74.5895,31.85779],[74.58788,31.84761],[74.58093,31.8507],[74.5736,31.8428],[74.56823,31.83447],[74.56891,31.82262],[74.56141,31.82259],[74.56084,31.82406],[74.55855,31.82392],[74.55855,31.82568],[74.55308,31.8263],[74.54975,31.8185],[74.54736,31.81914],[74.54525,31.81704],[74.5466,31.81161],[74.55573,31.8077],[74.55571,31.80439],[74.56047,31.80261],[74.56657,31.79606],[74.55496,31.79113],[74.55458,31.78442],[74.54219,31.78717],[74.54341,31.79424],[74.5417,31.79648],[74.53818,31.79237],[74.53959,31.79134],[74.5381,31.78554],[74.54126,31.78109],[74.54753,31.77937],[74.54706,31.77523],[74.54479,31.77199],[74.54675,31.77173],[74.54693,31.76815],[74.55313,31.76749],[74.56091,31.76327],[74.55885,31.75759],[74.54667,31.75194],[74.54686,31.74934],[74.53015,31.74756],[74.51395,31.74025],[74.5088,31.74213],[74.50403,31.74042],[74.50317,31.72851],[74.49261,31.72445],[74.48785,31.71999],[74.48659,31.70584],[74.4842,31.7011],[74.46822,31.69399],[74.45503,31.68252],[74.44733,31.68448],[74.44481,31.69154],[74.44354,31.69175],[74.43504,31.68454],[74.4383,31.68047],[74.4423,31.67953],[74.44148,31.67493],[74.45368,31.66809],[74.4455,31.65977],[74.43461,31.65788],[74.42814,31.65231],[74.41662,31.64832],[74.41333,31.63825],[74.42145,31.63373],[74.41561,31.6284],[74.40655,31.62856],[74.40536,31.63919],[74.40331,31.64062],[74.38434,31.64404],[74.38451,31.64791],[74.3813,31.65155],[74.3808,31.6555],[74.37094,31.66132],[74.36515,31.65806],[74.36252,31.65216],[74.35622,31.64958],[74.35219,31.65106],[74.35385,31.65542],[74.3506,31.65625],[74.35218,31.65989],[74.3471,31.66015],[74.34353,31.65638],[74.34777,31.65531],[74.34846,31.65143],[74.34186,31.64659],[74.33914,31.63894],[74.34139,31.633],[74.33295,31.62668],[74.3264,31.63307],[74.32164,31.63175],[74.32352,31.63614],[74.32056,31.64548],[74.3205,31.65474],[74.31672,31.65703],[74.31648,31.66026],[74.30219,31.65931],[74.29363,31.64964],[74.28924,31.64797],[74.29028,31.65083],[74.29496,31.65247],[74.29517,31.66006],[74.30117,31.66611],[74.3014,31.68084],[74.28196,31.68083],[74.28152,31.68277],[74.27135,31.67973],[74.26579,31.68149],[74.26154,31.67991],[74.26809,31.67771],[74.25821,31.67392],[74.25822,31.66409],[74.26895,31.6696],[74.27557,31.66845],[74.27812,31.6765],[74.28008,31.66733],[74.26696,31.66722],[74.26668,31.66295],[74.26534,31.6629],[74.26527,31.65516],[74.26359,31.65279],[74.27046,31.65153],[74.28008,31.64583],[74.2817,31.64618],[74.28158,31.64057],[74.27729,31.62703],[74.27231,31.6263],[74.26248,31.61736],[74.26076,31.60374],[74.24546,31.60166],[74.24271,31.59434],[74.24303,31.59228],[74.2482,31.59001],[74.2777,31.58896],[74.27886,31.58743],[74.27747,31.58487],[74.26661,31.58341],[74.26197,31.57744],[74.27264,31.57286],[74.2707,31.5633],[74.26575,31.55956],[74.25611,31.56169],[74.25026,31.55765],[74.24382,31.55555],[74.24239,31.55312],[74.24214,31.54544],[74.23603,31.54502],[74.23055,31.54895],[74.22845,31.54367],[74.22191,31.54368],[74.20768,31.53458],[74.21235,31.53254],[74.20725,31.52667],[74.19998,31.5246],[74.1972,31.52018],[74.18954,31.52003],[74.18993,31.51827],[74.19518,31.51485],[74.18976,31.50818],[74.19078,31.49788],[74.18931,31.49434],[74.18702,31.49308],[74.17267,31.49511],[74.17586,31.48271],[74.18544,31.4714],[74.17968,31.47142],[74.17841,31.4693],[74.17022,31.47083],[74.15829,31.46654],[74.15781,31.46457],[74.16218,31.45367],[74.16628,31.45255],[74.16627,31.45018],[74.16762,31.45262],[74.17283,31.45339],[74.17238,31.45875],[74.17656,31.4585],[74.18035,31.4603],[74.18443,31.45563],[74.17139,31.4489],[74.17038,31.44303],[74.16327,31.4428],[74.14722,31.43866],[74.14135,31.42985],[74.14142,31.42693],[74.13913,31.42647],[74.13501,31.42159],[74.13506,31.41473],[74.13308,31.41088],[74.11879,31.40722],[74.11304,31.40788],[74.11267,31.41537],[74.11512,31.4156],[74.11531,31.41892],[74.11796,31.41819],[74.11842,31.41409],[74.12212,31.41281],[74.12324,31.41699],[74.11876,31.41961],[74.11792,31.42742],[74.11946,31.4327],[74.11738,31.43112],[74.11281,31.43177],[74.10996,31.42981],[74.10452,31.4296],[74.10268,31.42337],[74.09574,31.42308],[74.08858,31.42603],[74.07846,31.41984],[74.0774,31.41148],[74.07266,31.40961],[74.05763,31.3961],[74.05673,31.38743],[74.07269,31.38657],[74.07555,31.38345],[74.07095,31.37507],[74.06241,31.36887],[74.06545,31.35916],[74.06182,31.35752],[74.06149,31.35421],[74.05953,31.35603],[74.05007,31.35843],[74.03781,31.34886],[74.02992,31.34826],[74.02477,31.35426],[74.02574,31.3588],[74.02342,31.36379],[74.02583,31.36543],[74.02203,31.36999],[74.0219,31.37699],[74.02362,31.3787],[74.02228,31.38088],[74.02535,31.38168],[74.02359,31.38467],[74.02642,31.38624],[74.02185,31.39492],[74.01955,31.39652],[74.01416,31.39659],[74.01314,31.40139],[74.01768,31.40536],[74.02546,31.40898],[74.02512,31.4171],[74.02674,31.41871],[74.02492,31.42093],[74.02789,31.42441],[74.02149,31.4297],[74.02103,31.43128],[74.02405,31.43135],[74.02407,31.43459],[74.0191,31.43458],[74.01628,31.43683],[74.00526,31.45061],[74.00173,31.45921],[73.99342,31.45746],[73.9801,31.45804],[73.97797,31.46063],[73.96976,31.46097],[73.96537,31.46578],[73.95746,31.46786],[73.95407,31.46658],[73.95236,31.46208],[73.94672,31.46044],[73.94713,31.45685],[73.94417,31.45469],[73.94423,31.45733],[73.94214,31.45771],[73.94223,31.45903],[73.94015,31.45701],[73.93746,31.45718],[73.93595,31.46561],[73.93341,31.46561],[73.93185,31.47041],[73.92953,31.47094],[73.93054,31.47507],[73.94095,31.47507],[73.94083,31.47971],[73.9344,31.48667],[73.93863,31.48762],[73.93857,31.48959],[73.94059,31.48971],[73.94214,31.49833],[73.94505,31.49732],[73.95088,31.49833],[73.9554,31.50267],[73.95528,31.50476],[73.96218,31.50731],[73.96367,31.50987],[73.95558,31.5298],[73.9469,31.53492],[73.94059,31.53664],[73.9391,31.54491],[73.94244,31.55205],[73.94214,31.55615],[73.93852,31.56508],[73.93684,31.5671],[73.92405,31.56674],[73.92066,31.56817],[73.92549,31.57478],[73.92532,31.57843],[73.92332,31.57957],[73.92423,31.58431],[73.93068,31.58449],[73.93051,31.58928],[73.9121,31.58442],[73.9103,31.58601],[73.90396,31.58443],[73.90506,31.57458],[73.90231,31.56704],[73.8891,31.55983],[73.8795,31.55906],[73.87675,31.56348],[73.86769,31.56467],[73.85513,31.56296],[73.84497,31.5589],[73.84178,31.56368],[73.8398,31.56342],[73.83161,31.55935],[73.82566,31.55833],[73.80715,31.56435],[73.79498,31.5707],[73.78906,31.57632],[73.78691,31.57496],[73.78291,31.57996],[73.77006,31.58622],[73.75623,31.58307],[73.74602,31.58317],[73.73476,31.57523],[73.71811,31.55903],[73.70516,31.55284],[73.68346,31.5388],[73.68212,31.5403],[73.66422,31.54075],[73.6487,31.54441],[73.63253,31.54582],[73.6268,31.55298],[73.62637,31.55579],[73.63416,31.57549],[73.63435,31.58047],[73.62992,31.59478],[73.62986,31.60334],[73.63905,31.62065],[73.64758,31.63014],[73.63803,31.63649],[73.63849,31.64954],[73.62901,31.64633],[73.61803,31.65372],[73.61075,31.65078],[73.60852,31.64833],[73.60512,31.65453],[73.59666,31.66001],[73.61611,31.67476],[73.6277,31.68934],[73.59996,31.68844],[73.58454,31.69113],[73.58179,31.69286],[73.57729,31.68801],[73.57015,31.68508],[73.56643,31.68096],[73.56442,31.67371],[73.55409,31.66199],[73.55668,31.65597],[73.53979,31.65933],[73.53863,31.65774],[73.5358,31.65996],[73.53995,31.66649],[73.53641,31.6701],[73.55564,31.68359],[73.56059,31.69019],[73.56296,31.71579],[73.50815,31.6915],[73.49692,31.6841],[73.49075,31.69218],[73.48681,31.6926],[73.48943,31.69443],[73.48456,31.70162],[73.47167,31.71428],[73.46533,31.71673],[73.45645,31.72597],[73.46006,31.73023],[73.49463,31.73082],[73.48272,31.74908],[73.48529,31.76208],[73.47286,31.78203],[73.47757,31.78164],[73.48506,31.78495],[73.48033,31.79267],[73.48771,31.7938],[73.47562,31.81351],[73.48421,31.81687],[73.50379,31.80596],[73.51112,31.81263],[73.52219,31.80596],[73.52438,31.81251],[73.53421,31.81943],[73.56005,31.84309],[73.5626,31.85801],[73.5626,31.86857],[73.55896,31.87912],[73.55932,31.88931],[73.56879,31.89186],[73.59281,31.87075],[73.60628,31.86747],[73.62884,31.88203],[73.65796,31.89004],[73.69218,31.88895],[73.71867,31.90927],[73.72021,31.91661],[73.7253,31.92244],[73.73695,31.92098],[73.74314,31.92535],[73.74969,31.93918],[73.75879,31.94682],[73.76571,31.95629],[73.77881,31.96539],[73.8091,31.98088],[73.82365,31.97013],[73.83559,31.95702],[73.85925,31.95083],[73.86981,31.94573],[73.88073,31.94355],[73.88036,31.9319],[73.87236,31.92207],[73.86144,31.91407],[73.85343,31.90351],[73.85925,31.89732],[73.86544,31.89514],[73.87636,31.88749],[73.88037,31.87475],[73.88109,31.85364],[73.88801,31.84709],[73.8982,31.84127],[73.9113,31.84163],[73.92914,31.8369],[73.94516,31.83544],[73.9568,31.84272],[73.96336,31.85146],[73.97755,31.85291],[73.98301,31.83471],[73.99138,31.82707],[74.0216,31.83253],[74.03433,31.83981],[74.04453,31.83835],[74.0711,31.82234],[74.08457,31.82161],[74.10531,31.82307],[74.11623,31.81906],[74.12897,31.81761],[74.14026,31.82125],[74.14863,31.82998],[74.15991,31.83653],[74.16574,31.85],[74.1843,31.85146],[74.1934,31.8551],[74.19886,31.87366],[74.20469,31.88313],[74.21924,31.88859],[74.2349,31.88131],[74.252,31.88167],[74.26584,31.88822],[74.27748,31.88167],[74.30406,31.88131],[74.31024,31.89113],[74.32044,31.89477],[74.32699,31.88859],[74.34737,31.8864],[74.36266,31.88786],[74.38559,31.91079],[74.39979,31.91552],[74.41908,31.93663],[74.43546,31.94974],[74.44783,31.96357],[74.47149,31.96648],[74.47805,31.98104],[74.47623,31.99633],[74.49078,32.00543],[74.51335,32.00543],[74.52464,32.01052],[74.52609,32.02326],[74.58397,32.06112]],[[74.4859,31.91456],[74.48587,31.91299],[74.48739,31.91301],[74.48736,31.90319],[74.49868,31.90316],[74.50287,31.9004],[74.49866,31.90043],[74.49905,31.89775],[74.50422,31.89866],[74.51076,31.89499],[74.51272,31.89576],[74.51333,31.89305],[74.51757,31.89749],[74.52188,31.89723],[74.52187,31.89925],[74.52544,31.89924],[74.52643,31.90654],[74.51881,31.90673],[74.52006,31.90852],[74.50743,31.90901],[74.50712,31.91675],[74.49715,31.91679],[74.49435,31.92169],[74.4819,31.92169],[74.48173,31.91464],[74.4859,31.91456]],[[74.24997,31.82398],[74.25026,31.81716],[74.2466,31.81536],[74.24907,31.80659],[74.24273,31.80411],[74.24322,31.80098],[74.24387,31.7974],[74.24872,31.79738],[74.24869,31.78104],[74.25005,31.78088],[74.25019,31.77896],[74.25459,31.77793],[74.25775,31.76861],[74.25962,31.76849],[74.26065,31.76284],[74.2647,31.76513],[74.26121,31.78777],[74.26838,31.78837],[74.27008,31.80067],[74.27421,31.80055],[74.26737,31.81019],[74.26428,31.81206],[74.26354,31.81731],[74.25323,31.81617],[74.25291,31.82986],[74.24819,31.83307],[74.24997,31.82398]],[[73.83599,31.76245],[73.83652,31.76598],[73.83861,31.76794],[73.83598,31.77092],[73.82412,31.76849],[73.81791,31.77271],[73.81953,31.76036],[73.82332,31.76068],[73.82378,31.75271],[73.81893,31.7351],[73.82177,31.73189],[73.82181,31.72921],[73.81318,31.72947],[73.81152,31.72605],[73.81669,31.72459],[73.81552,31.71823],[73.82032,31.71641],[73.82022,31.71363],[73.81604,31.71352],[73.8165,31.7094],[73.82978,31.70509],[73.84774,31.72982],[73.84438,31.73457],[73.84426,31.74543],[73.84652,31.74496],[73.8493,31.75338],[73.84687,31.75449],[73.83853,31.75285],[73.83563,31.75422],[73.83458,31.75684],[73.83599,31.76245]],[[73.97701,31.73153],[73.97638,31.72975],[73.97312,31.73024],[73.97269,31.72804],[73.95534,31.73089],[73.95506,31.72951],[73.95814,31.72708],[73.9576,31.72442],[73.95141,31.72529],[73.94872,31.71569],[73.94985,31.71557],[73.94224,31.71006],[73.95738,31.69641],[73.96141,31.69761],[73.98511,31.69243],[73.98577,31.6953],[73.98126,31.69412],[73.98171,31.69654],[73.98555,31.69599],[73.9885,31.69801],[73.98851,31.69696],[73.998,31.69546],[73.99836,31.69782],[74.00143,31.69752],[74.00517,31.69137],[74.01373,31.70027],[74.02223,31.69971],[74.02553,31.69913],[74.02543,31.6949],[74.02932,31.6949],[74.0293,31.69259],[74.03851,31.69259],[74.03854,31.69099],[74.04208,31.68981],[74.03956,31.68791],[74.05763,31.68444],[74.05772,31.68297],[74.08009,31.68072],[74.08026,31.69325],[74.07528,31.69323],[74.07526,31.69487],[74.06693,31.69536],[74.06398,31.6976],[74.06052,31.6976],[74.0604,31.69921],[74.05768,31.69926],[74.0576,31.703],[74.03215,31.70404],[74.03273,31.70828],[74.02287,31.70911],[74.01994,31.70828],[74.01946,31.70563],[74.01558,31.70712],[74.01517,31.70884],[74.01665,31.71198],[74.01962,31.71257],[74.00599,31.71445],[74.00459,31.71737],[74.00559,31.7238],[73.9985,31.72608],[73.99671,31.7222],[73.99054,31.72769],[73.97822,31.72948],[73.97849,31.73115],[73.97701,31.73153]],[[74.01251,31.69366],[74.01259,31.69366],[74.01256,31.69366],[74.01251,31.69366]],[[73.59334,31.72927],[73.62261,31.74214],[73.62822,31.74607],[73.63441,31.75394],[73.62977,31.75517],[73.62042,31.75108],[73.60292,31.75079],[73.58075,31.75063],[73.57132,31.75316],[73.53798,31.7387],[73.53499,31.73436],[73.542,31.72313],[73.54672,31.72186],[73.56253,31.72201],[73.57176,31.7197],[73.59334,31.72927]],[[73.63186,31.82644],[73.62978,31.8396],[73.61333,31.83812],[73.6073,31.84065],[73.60481,31.83987],[73.6038,31.82859],[73.61362,31.83321],[73.61417,31.82504],[73.625,31.82545],[73.63137,31.82195],[73.63186,31.82644]],[[74.22622,31.63832],[74.22705,31.62858],[74.20748,31.63682],[74.20729,31.63431],[74.20089,31.63686],[74.19961,31.62688],[74.20142,31.62383],[74.20738,31.62417],[74.21057,31.61389],[74.2188,31.60937],[74.22054,31.61405],[74.22546,31.61403],[74.22544,31.61622],[74.22691,31.6162],[74.22695,31.61406],[74.23103,31.61405],[74.23102,31.61695],[74.23259,31.61693],[74.23263,31.61406],[74.23811,31.60355],[74.25001,31.61006],[74.24244,31.6195],[74.24245,31.62135],[74.25646,31.61678],[74.25669,31.62319],[74.25169,31.62388],[74.25166,31.62926],[74.24461,31.62983],[74.24464,31.63096],[74.25388,31.63094],[74.2539,31.63574],[74.23906,31.63523],[74.23909,31.63853],[74.24186,31.63853],[74.24184,31.64404],[74.23757,31.64568],[74.22853,31.64564],[74.22853,31.64045],[74.22622,31.63832]],[[73.68874,31.59328],[73.67454,31.58831],[73.68003,31.58652],[73.68298,31.57783],[73.68605,31.57883],[73.6875,31.57554],[73.69405,31.57771],[73.69256,31.58105],[73.69586,31.58214],[73.69275,31.58584],[73.7051,31.58727],[73.7011,31.58854],[73.69834,31.59458],[73.70012,31.59577],[73.6986,31.59926],[73.68874,31.59328]],[[74.1131,31.47134],[74.10949,31.46986],[74.10939,31.47101],[74.10265,31.47107],[74.10267,31.46977],[74.09743,31.46939],[74.09737,31.46726],[74.09627,31.46842],[74.09321,31.4678],[74.09358,31.46613],[74.08973,31.46773],[74.08824,31.46435],[74.09061,31.45976],[74.08372,31.45903],[74.08298,31.45592],[74.09391,31.45579],[74.0972,31.4574],[74.10937,31.45027],[74.11096,31.45397],[74.10634,31.45759],[74.10767,31.46078],[74.10563,31.46118],[74.10768,31.46337],[74.10768,31.46613],[74.11151,31.4667],[74.1131,31.47134]]]]}},{"type":"Feature","properties":{"name":"MC Farooqabad","district":"Sheikupura"},"geometry":{"type":"MultiPolygon","coordinates":[[[[73.82228,31.76923],[73.83598,31.77092],[73.83861,31.76794],[73.83579,31.76386],[73.83672,31.76288],[73.83458,31.75684],[73.83563,31.75422],[73.83853,31.75285],[73.84687,31.75449],[73.8493,31.75338],[73.84652,31.74496],[73.84426,31.74543],[73.84438,31.73457],[73.84774,31.72982],[73.82978,31.70509],[73.8165,31.7094],[73.81604,31.71352],[73.82022,31.71363],[73.82032,31.71641],[73.81552,31.71823],[73.81669,31.72459],[73.81152,31.72605],[73.81318,31.72947],[73.82181,31.72921],[73.82177,31.73189],[73.81893,31.7351],[73.82378,31.75271],[73.82332,31.76068],[73.81953,31.76036],[73.81791,31.77271],[73.82228,31.76923]]]]}},{"type":"Feature","properties":{"name":"MC Khanqah Dogran","district":"Sheikupura"},"geometry":{"type":"MultiPolygon","coordinates":[[[[73.6073,31.84065],[73.61333,31.83812],[73.62978,31.8396],[73.63137,31.82195],[73.625,31.82545],[73.61417,31.82504],[73.61362,31.83321],[73.6038,31.82859],[73.60481,31.83987],[73.6073,31.84065]]]]}},{"type":"Feature","properties":{"name":"MC Mananwala","district":"Sheikupura"},"geometry":{"type":"MultiPolygon","coordinates":[[[[73.69834,31.59458],[73.7011,31.58854],[73.7051,31.58727],[73.69275,31.58584],[73.69586,31.58214],[73.69256,31.58105],[73.69405,31.57771],[73.6875,31.57554],[73.68605,31.57883],[73.68298,31.57783],[73.68003,31.58652],[73.67454,31.58831],[73.68885,31.59247],[73.68862,31.59405],[73.6986,31.59926],[73.70012,31.59577],[73.69834,31.59458]]]]}},{"type":"Feature","properties":{"name":"MC Narang Mandi","district":"Sheikupura"},"geometry":{"type":"MultiPolygon","coordinates":[[[[74.50422,31.89866],[74.49868,31.90316],[74.48736,31.90319],[74.48739,31.91301],[74.48587,31.91299],[74.4859,31.91456],[74.48173,31.91464],[74.4819,31.92169],[74.49435,31.92169],[74.49715,31.91679],[74.50712,31.91675],[74.50743,31.90901],[74.52006,31.90852],[74.51881,31.90673],[74.52643,31.90654],[74.52544,31.89924],[74.52187,31.89925],[74.52188,31.89723],[74.51757,31.89749],[74.51333,31.89305],[74.51272,31.89576],[74.51076,31.89499],[74.50422,31.89866]]]]}},{"type":"Feature","properties":{"name":"MC Safdarabad","district":"Sheikupura"},"geometry":{"type":"MultiPolygon","coordinates":[[[[73.6325,31.7511],[73.62253,31.74209],[73.57176,31.7197],[73.56253,31.72201],[73.54672,31.72186],[73.542,31.72313],[73.53499,31.73436],[73.53798,31.7387],[73.57132,31.75316],[73.58075,31.75063],[73.62042,31.75108],[73.62977,31.75517],[73.63441,31.75394],[73.6325,31.7511]]]]}},{"type":"Feature","properties":{"name":"Municipal Committee Chunian","district":"Kasur"},"geometry":{"type":"MultiPolygon","coordinates":[[[[73.95726,31.028],[73.97003,31.02728],[73.97937,31.02342],[73.98228,31.01521],[73.98344,31.00429],[73.98586,31.00067],[73.98384,30.99972],[73.98636,30.99777],[73.98638,30.99505],[73.98778,30.99506],[73.98779,30.99289],[73.98918,30.99291],[73.99131,30.98856],[73.99897,30.9859],[74.00038,30.97998],[74.00248,30.98],[74.00248,30.97729],[73.99968,30.97561],[74.00106,30.97293],[74.00949,30.97452],[74.01087,30.9707],[74.01224,30.97069],[74.01243,30.96721],[74.00366,30.95927],[74.00226,30.95336],[74.0002,30.95223],[74.00022,30.94955],[73.99747,30.94844],[73.99745,30.94558],[73.98716,30.95309],[73.98545,30.95288],[73.98556,30.95072],[73.98817,30.943],[73.96051,30.94383],[73.95538,30.9364],[73.96102,30.93753],[73.97292,30.93096],[73.97155,30.92612],[73.97542,30.92149],[73.97672,30.91604],[73.97423,30.91476],[73.9733,30.91086],[73.96143,30.91395],[73.95906,30.91335],[73.95763,30.91176],[73.95864,30.90817],[73.95583,30.90797],[73.95118,30.91219],[73.95476,30.92288],[73.9522,30.93454],[73.94395,30.93421],[73.94124,30.92984],[73.93582,30.9284],[73.9266,30.9328],[73.9225,30.93981],[73.93177,30.9375],[73.94594,30.94605],[73.94934,30.95976],[73.94848,30.96276],[73.94139,30.9626],[73.93603,30.96529],[73.92329,30.97771],[73.91748,30.99398],[73.92069,30.99303],[73.9225,31.00395],[73.92926,30.99778],[73.94894,30.98689],[73.95937,31.00267],[73.9485,31.02713],[73.95726,31.028]]]]}},{"type":"Feature","properties":{"name":"Municipal Committee Ellahabad","district":"Kasur"},"geometry":{"type":"MultiPolygon","coordinates":[[[[74.05112,30.89285],[74.05479,30.88715],[74.0573,30.88715],[74.06014,30.88466],[74.06706,30.88504],[74.06847,30.88773],[74.07286,30.88733],[74.07427,30.88479],[74.07337,30.87902],[74.07618,30.87726],[74.07615,30.87562],[74.07407,30.87396],[74.07406,30.86754],[74.07261,30.86755],[74.07263,30.86595],[74.0656,30.86462],[74.06556,30.86205],[74.05857,30.86223],[74.05749,30.85984],[74.06063,30.85178],[74.05915,30.84696],[74.04997,30.83888],[74.04439,30.83721],[74.0409,30.84327],[74.03814,30.84271],[74.03224,30.84471],[74.03252,30.84707],[74.03044,30.84711],[74.03048,30.85577],[74.02562,30.85852],[74.02143,30.86456],[74.01934,30.86456],[74.01942,30.88144],[74.02291,30.88251],[74.02575,30.88681],[74.03069,30.88896],[74.0377,30.89007],[74.04193,30.89271],[74.04758,30.89273],[74.04752,30.89439],[74.0511,30.89433],[74.05112,30.89285]]]]}},{"type":"Feature","properties":{"name":"Municipal Committee Kanganpur","district":"Kasur"},"geometry":{"type":"MultiPolygon","coordinates":[[[[74.13245,30.76753],[74.12489,30.76152],[74.12647,30.76121],[74.12656,30.75873],[74.12363,30.75573],[74.12863,30.7512],[74.12714,30.74757],[74.11813,30.75001],[74.11701,30.75254],[74.11804,30.75431],[74.11352,30.75577],[74.11394,30.76403],[74.11736,30.76438],[74.11796,30.77496],[74.13152,30.77246],[74.13135,30.76786],[74.13245,30.76753]]]]}},{"type":"Feature","properties":{"name":"Municipal Committee Khudian","district":"Kasur"},"geometry":{"type":"MultiPolygon","coordinates":[[[[74.27571,30.99336],[74.2799,30.99635],[74.28155,30.99286],[74.28877,30.99769],[74.29765,30.99505],[74.28723,30.98374],[74.26769,30.97627],[74.26548,30.98121],[74.26604,30.98524],[74.27571,30.99336]]]]}},{"type":"Feature","properties":{"name":"Municipal Committee Kot Radha Kishan","district":"Kasur"},"geometry":{"type":"MultiPolygon","coordinates":[[[[74.10939,31.20433],[74.10864,31.19689],[74.11046,31.18877],[74.11874,31.18715],[74.12466,31.18145],[74.13646,31.17829],[74.1282,31.16699],[74.1253,31.17201],[74.1217,31.17168],[74.11959,31.17508],[74.11732,31.17539],[74.11593,31.16798],[74.12613,31.16225],[74.12451,31.16013],[74.11447,31.16075],[74.1165,31.1592],[74.10419,31.15161],[74.1069,31.14643],[74.11578,31.14227],[74.10737,31.13568],[74.09199,31.12873],[74.08698,31.13165],[74.09046,31.14607],[74.0954,31.14691],[74.09628,31.15226],[74.09205,31.15702],[74.08948,31.15543],[74.08453,31.16156],[74.07162,31.15341],[74.07666,31.17],[74.09047,31.16965],[74.0911,31.1737],[74.08394,31.18598],[74.08787,31.18791],[74.08597,31.19065],[74.09121,31.19277],[74.08537,31.20281],[74.07632,31.19893],[74.07313,31.20455],[74.08472,31.20529],[74.08669,31.20341],[74.0944,31.2067],[74.09587,31.20412],[74.10984,31.21007],[74.10939,31.20433]]]]}},{"type":"Feature","properties":{"name":"Municipal Committee Mustafabad","district":"Kasur"},"geometry":{"type":"MultiPolygon","coordinates":[[[[74.42701,31.27235],[74.43185,31.27393],[74.43264,31.26756],[74.43045,31.26423],[74.43419,31.26233],[74.43683,31.26384],[74.44028,31.26235],[74.43802,31.25274],[74.43658,31.25166],[74.43864,31.24341],[74.44673,31.23692],[74.44749,31.23345],[74.45634,31.23001],[74.45368,31.22257],[74.44868,31.22087],[74.44737,31.21849],[74.44419,31.21918],[74.44422,31.21152],[74.44078,31.21103],[74.43362,31.20108],[74.42403,31.20092],[74.4194,31.19799],[74.4034,31.19913],[74.40062,31.20793],[74.39274,31.20577],[74.38082,31.20588],[74.37705,31.20957],[74.35988,31.21613],[74.35607,31.21997],[74.35314,31.23295],[74.35404,31.25602],[74.36707,31.26327],[74.36743,31.26546],[74.36956,31.26623],[74.37789,31.26672],[74.38288,31.26865],[74.3953,31.26515],[74.40265,31.26668],[74.40413,31.26862],[74.40349,31.27123],[74.41375,31.27675],[74.41775,31.27715],[74.41797,31.26947],[74.42701,31.27235]]]]}},{"type":"Feature","properties":{"name":"Municipal Committee Pattoki","district":"Kasur"},"geometry":{"type":"MultiPolygon","coordinates":[[[[73.86601,31.04605],[73.86788,31.04073],[73.8713,31.03819],[73.8763,31.03673],[73.87586,31.03825],[73.87815,31.03894],[73.87925,31.03662],[73.8777,31.03022],[73.88054,31.02231],[73.88572,31.01745],[73.87588,31.00782],[73.86726,31.00881],[73.86198,31.01351],[73.81695,30.99696],[73.82212,31.00025],[73.81027,31.00417],[73.81162,31.00693],[73.80936,31.0076],[73.82238,31.01093],[73.81994,31.01809],[73.82869,31.02031],[73.83009,31.02866],[73.83636,31.03538],[73.83467,31.0363],[73.83462,31.0393],[73.85947,31.04387],[73.86476,31.0471],[73.86601,31.04605]]]]}},{"type":"Feature","properties":{"name":"Municipal Committee Phoolnagar","district":"Kasur"},"geometry":{"type":"MultiPolygon","coordinates":[[[[73.98209,31.23586],[73.98761,31.2336],[73.98607,31.22556],[73.9871,31.22221],[73.9796,31.22016],[73.97396,31.21559],[73.97366,31.20261],[73.97129,31.19999],[73.96604,31.19864],[73.95483,31.18333],[73.95085,31.18149],[73.94659,31.17674],[73.94716,31.17295],[73.9426,31.1665],[73.93213,31.16688],[73.90953,31.1823],[73.90927,31.18737],[73.91654,31.19644],[73.91552,31.19711],[73.9169,31.20037],[73.92329,31.21079],[73.9317,31.21076],[73.94023,31.21762],[73.94252,31.21751],[73.94869,31.22532],[73.95724,31.22578],[73.96496,31.23535],[73.98209,31.23586]]]]}},{"type":"Feature","properties":{"name":"Municipal Committee Raja Jang","district":"Kasur"},"geometry":{"type":"MultiPolygon","coordinates":[[[[74.2511,31.22537],[74.25441,31.224],[74.25187,31.22662],[74.25771,31.2254],[74.25956,31.22747],[74.26413,31.22353],[74.26358,31.21829],[74.26035,31.21656],[74.26133,31.2135],[74.25005,31.21704],[74.24761,31.22104],[74.2511,31.22537]]]]}},{"type":"Feature","properties":{"name":"Municipal Committee Kasur","district":"Kasur"},"geometry":{"type":"MultiPolygon","coordinates":[[[[74.43699,31.14183],[74.4372,31.14375],[74.43979,31.14101],[74.44413,31.14286],[74.44349,31.1471],[74.44813,31.14731],[74.44792,31.15038],[74.45688,31.15105],[74.45665,31.14957],[74.46237,31.14803],[74.46314,31.1427],[74.46109,31.13998],[74.46682,31.13482],[74.47248,31.13789],[74.47662,31.13217],[74.47784,31.12758],[74.48197,31.12414],[74.47864,31.12092],[74.47836,31.11489],[74.47538,31.10628],[74.47004,31.10626],[74.45288,31.09483],[74.45332,31.10023],[74.44958,31.10001],[74.44996,31.10202],[74.44627,31.10177],[74.44493,31.10325],[74.43955,31.10376],[74.43879,31.10262],[74.43711,31.10688],[74.4306,31.11281],[74.42429,31.11176],[74.42258,31.11574],[74.42823,31.11479],[74.42887,31.11958],[74.43246,31.11825],[74.43737,31.12451],[74.43548,31.12694],[74.43851,31.128],[74.43483,31.1364],[74.43699,31.14183]]]]}},{"type":"Feature","properties":{"name":"Municipal Committee Shahkot","district":"Nankana Sahib"},"geometry":{"type":"MultiPolygon","coordinates":[[[[73.47181,31.55094],[73.46825,31.55284],[73.44309,31.55493],[73.44045,31.55758],[73.44605,31.5662],[73.48637,31.59342],[73.50912,31.5848],[73.51019,31.57692],[73.50267,31.55908],[73.47181,31.55094]]]]}},{"type":"Feature","properties":{"name":"Municipal Committee Nanakana Sahib","district":"Nankana Sahib"},"geometry":{"type":"MultiPolygon","coordinates":[[[[73.71319,31.45863],[73.71801,31.462],[73.72368,31.45096],[73.72298,31.44769],[73.71652,31.44307],[73.71456,31.44556],[73.70877,31.44204],[73.70627,31.44507],[73.69732,31.43771],[73.69575,31.43701],[73.69485,31.43878],[73.69326,31.43486],[73.69079,31.43667],[73.69015,31.43977],[73.69322,31.4424],[73.68796,31.44668],[73.69898,31.44908],[73.69585,31.45296],[73.69763,31.45911],[73.69876,31.45981],[73.70022,31.45791],[73.7064,31.45882],[73.70751,31.45733],[73.71346,31.4627],[73.71319,31.45863]]]]}},{"type":"Feature","properties":{"name":"Municipal Committee Sangla Hill","district":"Nankana Sahib"},"geometry":{"type":"MultiPolygon","coordinates":[[[[73.36522,31.72965],[73.36561,31.72526],[73.38247,31.72783],[73.38268,31.726],[73.38705,31.72637],[73.38735,31.72303],[73.39961,31.72831],[73.40474,31.72045],[73.40416,31.71143],[73.40816,31.7074],[73.40277,31.70348],[73.39762,31.70775],[73.38716,31.70036],[73.38918,31.6979],[73.37965,31.69119],[73.37306,31.69819],[73.37359,31.70742],[73.36014,31.70173],[73.35825,31.72106],[73.34413,31.72004],[73.34335,31.72774],[73.36522,31.72965]]]]}},{"type":"Feature","properties":{"name":"Municipal Committee Warbarton","district":"Nankana Sahib"},"geometry":{"type":"MultiPolygon","coordinates":[[[[73.83284,31.54617],[73.83805,31.54127],[73.83632,31.54026],[73.83953,31.53522],[73.82548,31.52715],[73.81686,31.53674],[73.83284,31.54617]]]]}},{"type":"Feature","properties":{"name":"District Council Kasur","district":"Kasur"},"geometry":{"type":"MultiPolygon","coordinates":[[[[74.48766,31.3397],[74.49213,31.33866],[74.49624,31.33359],[74.49799,31.32585],[74.50007,31.32371],[74.51311,31.32082],[74.51934,31.32192],[74.51807,31.32571],[74.51328,31.32753],[74.51593,31.33064],[74.51632,31.33421],[74.53277,31.33229],[74.53682,31.33022],[74.54187,31.33296],[74.54214,31.33139],[74.5389,31.32904],[74.53899,31.31823],[74.53542,31.31072],[74.54324,31.3056],[74.5432,31.30294],[74.53867,31.29867],[74.53147,31.28185],[74.52759,31.27647],[74.51754,31.27693],[74.51759,31.28044],[74.51508,31.27892],[74.50895,31.27994],[74.50844,31.27882],[74.51149,31.27831],[74.51151,31.26803],[74.52107,31.26821],[74.5242,31.26103],[74.53204,31.25224],[74.53252,31.24874],[74.52771,31.23947],[74.52563,31.23761],[74.52304,31.23769],[74.51894,31.23329],[74.51981,31.23184],[74.51616,31.22551],[74.51021,31.22361],[74.50724,31.22845],[74.50433,31.22192],[74.49517,31.21187],[74.50591,31.19932],[74.50811,31.19862],[74.50844,31.20087],[74.52516,31.20041],[74.52327,31.19708],[74.52326,31.18943],[74.52073,31.18269],[74.51279,31.18045],[74.51251,31.17253],[74.50885,31.1693],[74.50973,31.1645],[74.51132,31.16359],[74.50771,31.15792],[74.50995,31.15634],[74.50792,31.15379],[74.51283,31.1511],[74.51071,31.14711],[74.51235,31.14257],[74.51111,31.1425],[74.51145,31.13823],[74.50103,31.14149],[74.50063,31.14337],[74.49966,31.14186],[74.49577,31.14282],[74.49527,31.14553],[74.49369,31.14226],[74.48937,31.14263],[74.48963,31.14503],[74.48547,31.14551],[74.48849,31.13464],[74.4957,31.13141],[74.49875,31.12808],[74.51224,31.13226],[74.52594,31.1287],[74.54366,31.12093],[74.54526,31.12235],[74.54831,31.12191],[74.54763,31.11458],[74.55002,31.11269],[74.55016,31.10358],[74.54885,31.10176],[74.55099,31.09689],[74.55106,31.0871],[74.55806,31.08318],[74.56375,31.0832],[74.57117,31.08084],[74.5737,31.08577],[74.58874,31.08763],[74.5865,31.09106],[74.5889,31.0923],[74.59061,31.09235],[74.5912,31.08847],[74.60073,31.08786],[74.59927,31.09298],[74.60413,31.09297],[74.60401,31.09491],[74.60717,31.09475],[74.60964,31.09746],[74.60966,31.11178],[74.60529,31.11435],[74.59641,31.1272],[74.59698,31.12925],[74.59883,31.1288],[74.60244,31.13334],[74.60957,31.13377],[74.61847,31.13131],[74.62202,31.13303],[74.62665,31.13109],[74.63098,31.13272],[74.63253,31.13121],[74.63093,31.12796],[74.63226,31.12144],[74.63732,31.11779],[74.64761,31.12749],[74.65331,31.12931],[74.65901,31.13382],[74.66675,31.12418],[74.6729,31.12342],[74.68209,31.12705],[74.68893,31.12786],[74.68973,31.11828],[74.69806,31.11237],[74.69719,31.10247],[74.70124,31.09693],[74.70226,31.09153],[74.69719,31.08458],[74.69054,31.08117],[74.69574,31.07383],[74.67096,31.05357],[74.61834,31.04386],[74.61352,31.04474],[74.59678,31.03759],[74.59512,31.04192],[74.59588,31.04505],[74.59352,31.0456],[74.59611,31.04926],[74.5914,31.05195],[74.57437,31.05663],[74.57269,31.0557],[74.57158,31.05745],[74.56451,31.05067],[74.56052,31.0527],[74.55802,31.05069],[74.5577,31.0465],[74.55424,31.04132],[74.55106,31.04051],[74.54482,31.03291],[74.54647,31.02787],[74.53951,31.00866],[74.54172,31.00121],[74.54446,30.9982],[74.54301,30.99692],[74.54624,30.99344],[74.51609,30.97935],[74.50868,30.96718],[74.50449,30.96523],[74.49773,30.96437],[74.49183,30.97446],[74.48971,30.97257],[74.48135,30.97056],[74.47985,30.97425],[74.4569,30.96424],[74.46621,30.95666],[74.45157,30.95569],[74.45517,30.95117],[74.44199,30.9519],[74.44183,30.94536],[74.4393,30.94195],[74.42044,30.94097],[74.41372,30.9295],[74.42351,30.92935],[74.42862,30.93105],[74.42348,30.92077],[74.41011,30.92334],[74.41091,30.91845],[74.41865,30.91914],[74.42442,30.91576],[74.42267,30.90774],[74.39735,30.90944],[74.38291,30.89534],[74.37058,30.89522],[74.3658,30.8929],[74.36685,30.88626],[74.3617,30.87785],[74.36083,30.87354],[74.38215,30.86029],[74.37785,30.85829],[74.37395,30.85969],[74.36983,30.8574],[74.36456,30.85721],[74.36841,30.85174],[74.36708,30.849],[74.36323,30.84715],[74.355,30.84846],[74.35413,30.85257],[74.34822,30.85487],[74.33874,30.85252],[74.34031,30.84901],[74.33239,30.85095],[74.32492,30.84949],[74.32033,30.84643],[74.31991,30.84197],[74.32202,30.83856],[74.31899,30.83291],[74.31961,30.82736],[74.30893,30.81745],[74.29934,30.8045],[74.29664,30.79683],[74.28808,30.78423],[74.26727,30.77567],[74.26386,30.77565],[74.2608,30.77331],[74.25975,30.77165],[74.26076,30.76906],[74.2737,30.75301],[74.27498,30.7408],[74.27878,30.74107],[74.28637,30.73543],[74.28149,30.73081],[74.27473,30.73716],[74.27126,30.73202],[74.26833,30.73424],[74.26897,30.73024],[74.2669,30.72624],[74.26052,30.72296],[74.24848,30.72586],[74.24163,30.72591],[74.2453,30.72431],[74.2452,30.72277],[74.23259,30.7245],[74.22722,30.71878],[74.22746,30.71288],[74.22502,30.71306],[74.22312,30.70943],[74.21878,30.69343],[74.21176,30.68745],[74.20553,30.67622],[74.19787,30.6707],[74.19078,30.66218],[74.18073,30.66049],[74.17729,30.65511],[74.16914,30.64875],[74.16307,30.64836],[74.15959,30.64161],[74.15596,30.64069],[74.15323,30.63512],[74.14933,30.63176],[74.13776,30.62742],[74.13285,30.63093],[74.13473,30.63192],[74.13494,30.63711],[74.13255,30.63726],[74.12208,30.64512],[74.11184,30.64892],[74.11137,30.65392],[74.11518,30.66035],[74.11494,30.67082],[74.10828,30.67105],[74.10161,30.66772],[74.08948,30.67653],[74.08876,30.68676],[74.09091,30.69033],[74.09091,30.7008],[74.08567,30.70199],[74.08662,30.70579],[74.08163,30.71246],[74.07425,30.71721],[74.07377,30.72055],[74.06949,30.72388],[74.06711,30.72935],[74.04879,30.73911],[74.05569,30.75743],[74.05164,30.76147],[74.04808,30.77218],[74.03832,30.78194],[74.03094,30.77694],[74.02214,30.77742],[74.0131,30.78075],[74.00762,30.78051],[74.00667,30.78408],[74.00215,30.78693],[74.00025,30.79241],[73.99121,30.79193],[73.9896,30.79931],[73.98621,30.8005],[73.9855,30.80525],[73.99025,30.80549],[73.98978,30.81501],[73.98097,30.81977],[73.98026,30.80978],[73.96908,30.80906],[73.96813,30.80288],[73.96551,30.80288],[73.96313,30.79835],[73.96241,30.8112],[73.95052,30.82072],[73.95076,30.82738],[73.93791,30.82453],[73.91935,30.83595],[73.92222,30.84271],[73.90871,30.85358],[73.89412,30.85403],[73.89079,30.84785],[73.8639,30.85023],[73.86414,30.8538],[73.84859,30.85516],[73.83702,30.85308],[73.82536,30.85832],[73.82317,30.87909],[73.81513,30.89996],[73.80323,30.91281],[73.79908,30.92729],[73.79395,30.93137],[73.78633,30.93137],[73.76577,30.92274],[73.76206,30.91923],[73.75588,30.92423],[73.74493,30.92732],[73.72542,30.94326],[73.7397,30.97182],[73.7397,30.99204],[73.72375,30.99204],[73.71447,30.99752],[73.70757,31.00608],[73.70044,31.01679],[73.69758,31.03916],[73.69853,31.04439],[73.6538,31.06283],[73.65128,31.06159],[73.64238,31.06485],[73.6419,31.06937],[73.64523,31.07223],[73.64618,31.0777],[73.64143,31.07747],[73.64309,31.08793],[73.6488,31.09293],[73.65784,31.0965],[73.66284,31.10031],[73.66189,31.10435],[73.65768,31.10538],[73.65737,31.11625],[73.65332,31.11958],[73.65261,31.12458],[73.64409,31.13421],[73.64331,31.1411],[73.63936,31.14255],[73.63949,31.14129],[73.63593,31.13986],[73.63537,31.14095],[73.63312,31.14544],[73.63507,31.14758],[73.63503,31.15576],[73.6439,31.15318],[73.64895,31.148],[73.65399,31.14636],[73.66037,31.14753],[73.65999,31.15057],[73.66697,31.15153],[73.66611,31.15622],[73.66935,31.16623],[73.67118,31.16714],[73.67139,31.1763],[73.67491,31.17813],[73.67454,31.1806],[73.68193,31.18346],[73.68115,31.18093],[73.68453,31.18051],[73.69249,31.18333],[73.69963,31.1839],[73.70871,31.17728],[73.71583,31.17976],[73.71773,31.18217],[73.71555,31.18194],[73.71366,31.18684],[73.71448,31.18877],[73.7172,31.18923],[73.7197,31.18709],[73.71952,31.19197],[73.73314,31.19108],[73.73345,31.20111],[73.72295,31.20098],[73.725,31.20354],[73.72869,31.20102],[73.74557,31.20354],[73.74521,31.20659],[73.74974,31.21258],[73.75321,31.21265],[73.75476,31.21449],[73.75921,31.21409],[73.76041,31.21814],[73.77452,31.21355],[73.78707,31.21314],[73.78959,31.21973],[73.78867,31.22944],[73.8053,31.2292],[73.81081,31.2219],[73.81481,31.21265],[73.81802,31.21439],[73.81868,31.21344],[73.82078,31.21624],[73.81825,31.21874],[73.8235,31.22711],[73.82854,31.22598],[73.82823,31.22233],[73.83697,31.22208],[73.8405,31.21984],[73.84232,31.21839],[73.84201,31.21403],[73.86019,31.21987],[73.86664,31.22801],[73.87121,31.22364],[73.87314,31.22681],[73.88096,31.22046],[73.88901,31.229],[73.89277,31.22945],[73.8919,31.23346],[73.88702,31.23706],[73.88667,31.2405],[73.89522,31.24423],[73.90073,31.24469],[73.90264,31.24678],[73.90144,31.25412],[73.89966,31.25596],[73.89628,31.25849],[73.88628,31.26034],[73.89807,31.27223],[73.90145,31.27377],[73.90599,31.27154],[73.91139,31.27292],[73.91707,31.27746],[73.91581,31.28124],[73.91881,31.28335],[73.9194,31.28583],[73.92035,31.28402],[73.92635,31.28924],[73.93446,31.28979],[73.93505,31.29269],[73.94034,31.2961],[73.94395,31.29474],[73.94364,31.29005],[73.94505,31.28802],[73.94948,31.28932],[73.95513,31.28707],[73.97089,31.2954],[73.97044,31.29821],[73.9744,31.30124],[73.98395,31.30096],[73.98832,31.29855],[73.98978,31.29501],[74.00209,31.29285],[74.00312,31.29651],[73.99631,31.29897],[73.99715,31.30151],[74.0166,31.30052],[74.02107,31.29833],[74.02674,31.29915],[74.02969,31.29714],[74.03127,31.29873],[74.04279,31.28539],[74.04695,31.28538],[74.04699,31.283],[74.0511,31.28276],[74.05078,31.28148],[74.05842,31.27479],[74.05444,31.26906],[74.06541,31.26478],[74.06799,31.26517],[74.07237,31.27066],[74.07317,31.27632],[74.08198,31.28239],[74.10124,31.2667],[74.09919,31.25774],[74.09485,31.25504],[74.09334,31.24913],[74.09744,31.23856],[74.10683,31.24529],[74.11431,31.25743],[74.1178,31.25895],[74.11602,31.26708],[74.11953,31.27235],[74.12369,31.27527],[74.12536,31.27923],[74.13792,31.27727],[74.14252,31.27203],[74.14714,31.26982],[74.14854,31.26311],[74.15202,31.26173],[74.15323,31.25737],[74.16649,31.26057],[74.16305,31.25658],[74.16793,31.25359],[74.16826,31.24156],[74.16426,31.24024],[74.16244,31.23477],[74.15442,31.23149],[74.16083,31.22637],[74.15862,31.22337],[74.15924,31.2187],[74.14921,31.21574],[74.15638,31.21453],[74.15873,31.21562],[74.16041,31.2125],[74.1657,31.20983],[74.16629,31.20362],[74.17194,31.20457],[74.17633,31.20007],[74.17927,31.20732],[74.18359,31.20746],[74.18978,31.21199],[74.20833,31.20807],[74.21102,31.21356],[74.21033,31.21789],[74.21411,31.22466],[74.21978,31.22577],[74.22353,31.23039],[74.24208,31.2441],[74.24955,31.24467],[74.24834,31.25118],[74.25253,31.25594],[74.25749,31.25729],[74.25765,31.25974],[74.26439,31.2605],[74.27283,31.26815],[74.27418,31.26603],[74.28851,31.26126],[74.2888,31.26633],[74.29794,31.26535],[74.29883,31.26239],[74.29704,31.26004],[74.29975,31.26106],[74.30109,31.25702],[74.30498,31.25729],[74.31007,31.25435],[74.31984,31.25621],[74.32202,31.25955],[74.32536,31.26091],[74.33858,31.26331],[74.33999,31.25976],[74.35316,31.25483],[74.35324,31.23231],[74.35516,31.22147],[74.35988,31.21613],[74.37705,31.20957],[74.38082,31.20588],[74.39274,31.20577],[74.40062,31.20793],[74.40338,31.19913],[74.4194,31.19799],[74.42403,31.20092],[74.43362,31.20108],[74.44078,31.21103],[74.44422,31.21152],[74.44419,31.21918],[74.44737,31.21849],[74.44868,31.22087],[74.45002,31.22034],[74.45537,31.22447],[74.45433,31.22594],[74.45634,31.23001],[74.44749,31.23345],[74.44673,31.23692],[74.43749,31.24513],[74.43658,31.25166],[74.43802,31.25274],[74.44037,31.26261],[74.44215,31.26215],[74.4432,31.26471],[74.44112,31.2655],[74.44107,31.2679],[74.44522,31.27208],[74.44349,31.28541],[74.44458,31.28841],[74.44921,31.29203],[74.4522,31.3027],[74.44977,31.30776],[74.4523,31.31071],[74.45343,31.31821],[74.45499,31.31944],[74.45445,31.32788],[74.45801,31.32978],[74.46829,31.32974],[74.46873,31.33618],[74.47966,31.33988],[74.48766,31.3397]],[[74.10867,31.19647],[74.10984,31.21007],[74.09587,31.20412],[74.0944,31.2067],[74.08669,31.20341],[74.08472,31.20529],[74.07313,31.20455],[74.07632,31.19893],[74.08537,31.20281],[74.09121,31.19277],[74.08597,31.19065],[74.08787,31.18791],[74.08394,31.18598],[74.0911,31.1737],[74.09047,31.16965],[74.07666,31.17],[74.07162,31.15341],[74.08453,31.16156],[74.08948,31.15543],[74.09205,31.15702],[74.09628,31.15226],[74.0954,31.14691],[74.09046,31.14607],[74.08698,31.13165],[74.09199,31.12873],[74.10737,31.13568],[74.11578,31.14227],[74.1069,31.14643],[74.10419,31.15161],[74.1165,31.1592],[74.11447,31.16075],[74.12451,31.16013],[74.12613,31.16225],[74.11593,31.16798],[74.11732,31.17539],[74.11959,31.17508],[74.1217,31.17168],[74.1253,31.17201],[74.1282,31.16699],[74.13646,31.17829],[74.12466,31.18145],[74.11874,31.18715],[74.11046,31.18877],[74.10867,31.19647]],[[74.45397,31.15055],[74.44791,31.15038],[74.44811,31.14713],[74.44362,31.14711],[74.44425,31.14289],[74.44098,31.14125],[74.4385,31.14115],[74.43735,31.14369],[74.43506,31.13623],[74.43865,31.12804],[74.43568,31.12695],[74.43755,31.12457],[74.43285,31.11863],[74.4286,31.1197],[74.42819,31.11481],[74.4228,31.11575],[74.42272,31.11448],[74.42453,31.11181],[74.43084,31.11296],[74.43323,31.10961],[74.43563,31.1089],[74.43891,31.10267],[74.43969,31.10387],[74.44504,31.10338],[74.44636,31.10181],[74.45004,31.10214],[74.44958,31.10012],[74.45335,31.10035],[74.45287,31.09489],[74.46987,31.10635],[74.47537,31.10632],[74.47852,31.121],[74.4818,31.12412],[74.47784,31.12758],[74.47662,31.13217],[74.47233,31.13796],[74.46658,31.13489],[74.46508,31.13626],[74.46684,31.13809],[74.46569,31.14046],[74.46247,31.14153],[74.46105,31.13999],[74.46314,31.1427],[74.46236,31.14801],[74.45667,31.14918],[74.45691,31.15098],[74.45397,31.15055]],[[73.934,31.16634],[73.9426,31.1665],[73.94716,31.17295],[73.94659,31.17674],[73.95085,31.18149],[73.95483,31.18333],[73.96604,31.19864],[73.97129,31.19999],[73.97366,31.20261],[73.97396,31.21559],[73.9796,31.22016],[73.9871,31.22221],[73.98607,31.22556],[73.98761,31.2336],[73.98124,31.23642],[73.96496,31.23535],[73.95724,31.22578],[73.94869,31.22532],[73.94252,31.21751],[73.94023,31.21762],[73.9317,31.21076],[73.92329,31.21079],[73.9169,31.20037],[73.91552,31.19711],[73.91654,31.19644],[73.91071,31.18986],[73.90871,31.18522],[73.9107,31.18085],[73.934,31.16634]],[[74.26041,31.2169],[74.26353,31.21829],[74.26419,31.22358],[74.25942,31.22728],[74.25642,31.22522],[74.25279,31.22726],[74.25164,31.22628],[74.25433,31.22394],[74.25124,31.22566],[74.24741,31.22111],[74.2515,31.21566],[74.25904,31.2151],[74.26006,31.21327],[74.26132,31.21352],[74.26041,31.2169]],[[73.86321,31.05433],[73.8642,31.05166],[73.86695,31.05125],[73.86928,31.05604],[73.86321,31.05433]],[[73.85752,31.04341],[73.83462,31.0393],[73.83467,31.0363],[73.83636,31.03538],[73.83009,31.02866],[73.82869,31.02031],[73.81994,31.01809],[73.82238,31.01093],[73.80936,31.0076],[73.81162,31.00693],[73.81027,31.00417],[73.82212,31.00025],[73.81663,30.99717],[73.86198,31.01351],[73.86726,31.00881],[73.87489,31.00732],[73.88572,31.01745],[73.88054,31.02231],[73.8777,31.03022],[73.87925,31.03662],[73.87815,31.03894],[73.87586,31.03825],[73.8763,31.03673],[73.8713,31.03819],[73.86788,31.04073],[73.86567,31.04722],[73.85752,31.04341]],[[73.95238,31.0281],[73.9485,31.02713],[73.95937,31.00267],[73.94894,30.98689],[73.92926,30.99778],[73.9225,31.00395],[73.92069,30.99303],[73.91748,30.99382],[73.92329,30.97771],[73.93603,30.96529],[73.94139,30.9626],[73.94848,30.96276],[73.94934,30.95976],[73.94594,30.94605],[73.93177,30.9375],[73.9225,30.93981],[73.9266,30.9328],[73.93582,30.9284],[73.94124,30.92984],[73.94395,30.93421],[73.9522,30.93454],[73.95476,30.92288],[73.95134,30.91123],[73.95779,30.90802],[73.95844,30.91309],[73.96143,30.91395],[73.9733,30.91086],[73.97423,30.91476],[73.97672,30.91604],[73.97542,30.92149],[73.97155,30.92612],[73.97292,30.93096],[73.96102,30.93753],[73.95538,30.9364],[73.96051,30.94383],[73.98817,30.943],[73.98556,30.95072],[73.98545,30.95288],[73.98716,30.95309],[73.99745,30.94558],[73.99747,30.94844],[74.00022,30.94955],[74.0002,30.95223],[74.00226,30.95336],[74.00366,30.95927],[74.01243,30.96721],[74.01224,30.97069],[74.01087,30.9707],[74.00949,30.97452],[74.00106,30.97293],[73.99968,30.97561],[74.00248,30.97729],[74.00248,30.98],[74.00038,30.97998],[73.99897,30.9859],[73.99131,30.98856],[73.98918,30.99291],[73.98779,30.99289],[73.98778,30.99506],[73.98638,30.99505],[73.98636,30.99777],[73.98384,30.99972],[73.98586,31.00067],[73.98344,31.00429],[73.98228,31.01521],[73.97937,31.02342],[73.97003,31.02728],[73.95238,31.0281]],[[74.28601,30.99632],[74.28147,30.99273],[74.27975,30.99627],[74.26741,30.98722],[74.26539,30.98212],[74.26769,30.97627],[74.28723,30.98374],[74.29765,30.99505],[74.28861,30.99757],[74.28601,30.99632]],[[74.04752,30.89439],[74.04758,30.89273],[74.04193,30.89271],[74.0377,30.89007],[74.02695,30.88742],[74.02501,30.88411],[74.01942,30.88144],[74.01934,30.86456],[74.02143,30.86456],[74.02562,30.85852],[74.03048,30.85577],[74.03044,30.84711],[74.03252,30.84707],[74.03224,30.84471],[74.03814,30.84271],[74.0409,30.84327],[74.04439,30.83721],[74.04997,30.83888],[74.05915,30.84696],[74.06063,30.85178],[74.05749,30.85984],[74.05857,30.86223],[74.06556,30.86205],[74.0656,30.86462],[74.07263,30.86595],[74.07261,30.86755],[74.07406,30.86754],[74.07407,30.87396],[74.07615,30.87562],[74.07618,30.87726],[74.07337,30.87902],[74.07427,30.88479],[74.07286,30.88733],[74.06847,30.88773],[74.06706,30.88504],[74.06014,30.88466],[74.05249,30.88942],[74.0511,30.89433],[74.04752,30.89439]],[[74.11395,30.75971],[74.11352,30.75577],[74.11804,30.75431],[74.11701,30.75254],[74.11813,30.75001],[74.12714,30.74757],[74.12863,30.7512],[74.12363,30.75573],[74.12656,30.75873],[74.12647,30.76121],[74.12489,30.76152],[74.13342,30.76732],[74.13135,30.76786],[74.13152,30.77246],[74.11796,30.77496],[74.11736,30.76438],[74.11394,30.76403],[74.11395,30.75971]]]]}},{"type":"Feature","properties":{"name":"District Council Sheikhupura","district":"Nankana Sahib"},"geometry":{"type":"MultiPolygon","coordinates":[[[[73.51112,31.81263],[73.50379,31.80596],[73.48421,31.81687],[73.47562,31.81351],[73.48771,31.7938],[73.48033,31.79267],[73.48506,31.78495],[73.47757,31.78164],[73.47286,31.78203],[73.48529,31.76208],[73.48272,31.74908],[73.49463,31.73082],[73.46006,31.73023],[73.45645,31.72597],[73.46533,31.71673],[73.47167,31.71428],[73.48456,31.70162],[73.48943,31.69443],[73.48681,31.6926],[73.49075,31.69218],[73.49692,31.6841],[73.50815,31.6915],[73.56296,31.71579],[73.56059,31.69019],[73.55564,31.68359],[73.53641,31.6701],[73.53995,31.66649],[73.5358,31.65996],[73.53863,31.65774],[73.53979,31.65933],[73.55668,31.65597],[73.55409,31.66199],[73.56442,31.67371],[73.56643,31.68096],[73.57015,31.68508],[73.57729,31.68801],[73.58179,31.69286],[73.58454,31.69113],[73.59996,31.68844],[73.6277,31.68934],[73.61611,31.67476],[73.59666,31.66001],[73.60512,31.65453],[73.60852,31.64833],[73.61075,31.65078],[73.61803,31.65372],[73.62901,31.64633],[73.63849,31.64954],[73.63803,31.63649],[73.64758,31.63014],[73.63905,31.62065],[73.62986,31.60334],[73.62992,31.59478],[73.63435,31.58047],[73.63416,31.57549],[73.62637,31.55579],[73.6268,31.55298],[73.63253,31.54582],[73.6487,31.54441],[73.66422,31.54075],[73.68212,31.5403],[73.68346,31.5388],[73.70516,31.55284],[73.71811,31.55903],[73.73476,31.57523],[73.74602,31.58317],[73.75623,31.58307],[73.77006,31.58622],[73.78291,31.57996],[73.78691,31.57496],[73.78906,31.57632],[73.79498,31.5707],[73.80715,31.56435],[73.82566,31.55833],[73.83161,31.55935],[73.8398,31.56342],[73.84178,31.56368],[73.84497,31.5589],[73.85513,31.56296],[73.86769,31.56467],[73.87675,31.56348],[73.8795,31.55906],[73.8891,31.55983],[73.90231,31.56704],[73.90506,31.57458],[73.90396,31.58443],[73.9103,31.58601],[73.9121,31.58442],[73.93051,31.58928],[73.93068,31.58449],[73.92423,31.58431],[73.92332,31.57957],[73.92532,31.57843],[73.92549,31.57478],[73.92066,31.56817],[73.92405,31.56674],[73.93684,31.5671],[73.93852,31.56508],[73.94214,31.55615],[73.94244,31.55205],[73.9391,31.54491],[73.94059,31.53664],[73.9469,31.53492],[73.95558,31.5298],[73.96367,31.50987],[73.96218,31.50731],[73.95528,31.50476],[73.9554,31.50267],[73.95088,31.49833],[73.94642,31.49732],[73.94214,31.49833],[73.94059,31.48971],[73.93857,31.48959],[73.93863,31.48762],[73.9344,31.48667],[73.94083,31.47971],[73.94095,31.47507],[73.93054,31.47507],[73.92953,31.47094],[73.93185,31.47041],[73.93341,31.46561],[73.93595,31.46561],[73.93746,31.45718],[73.94015,31.45701],[73.94223,31.45903],[73.94214,31.45771],[73.94423,31.45733],[73.94417,31.45469],[73.94713,31.45685],[73.94672,31.46044],[73.95236,31.46208],[73.95407,31.46658],[73.95746,31.46786],[73.96537,31.46578],[73.96976,31.46097],[73.97797,31.46063],[73.9801,31.45804],[73.99342,31.45746],[74.0012,31.45964],[74.00526,31.45061],[74.01628,31.43683],[74.0191,31.43458],[74.02407,31.43459],[74.02405,31.43135],[74.02103,31.43128],[74.02149,31.4297],[74.02789,31.42441],[74.02492,31.42093],[74.02674,31.41871],[74.02512,31.4171],[74.02546,31.40898],[74.01768,31.40536],[74.01314,31.40139],[74.01416,31.39659],[74.01955,31.39652],[74.02185,31.39492],[74.02642,31.38624],[74.02359,31.38467],[74.02535,31.38168],[74.02228,31.38088],[74.02362,31.3787],[74.0219,31.37699],[74.02203,31.36999],[74.02583,31.36543],[74.02342,31.36379],[74.02574,31.3588],[74.02475,31.35418],[74.02307,31.35536],[74.02059,31.35046],[74.01735,31.35191],[74.01657,31.35052],[74.0155,31.35196],[74.01401,31.35105],[74.0138,31.3544],[74.01061,31.35853],[74.00826,31.35807],[74.00259,31.35492],[74.0056,31.35086],[74.00007,31.34683],[74.00314,31.34626],[74.01175,31.33694],[74.01704,31.33408],[74.01924,31.32466],[74.01826,31.32061],[74.02037,31.31566],[74.01811,31.31475],[74.01846,31.31327],[74.02209,31.31033],[74.02618,31.30941],[74.02669,31.3072],[74.03362,31.30131],[74.02969,31.29714],[74.02674,31.29915],[74.02107,31.29833],[74.0166,31.30052],[73.99715,31.30151],[73.99631,31.29897],[74.00312,31.29651],[74.00209,31.29285],[73.98978,31.29501],[73.98832,31.29855],[73.98395,31.30096],[73.9744,31.30124],[73.97044,31.29821],[73.97089,31.2954],[73.95513,31.28707],[73.94948,31.28932],[73.94505,31.28802],[73.94364,31.29005],[73.94395,31.29474],[73.94034,31.2961],[73.93505,31.29269],[73.93446,31.28979],[73.92635,31.28924],[73.92035,31.28402],[73.9194,31.28583],[73.91881,31.28335],[73.91581,31.28124],[73.91707,31.27746],[73.91139,31.27292],[73.90599,31.27154],[73.90145,31.27377],[73.89807,31.27223],[73.88628,31.26034],[73.89628,31.25849],[73.89966,31.25596],[73.90144,31.25412],[73.90264,31.24678],[73.90073,31.24469],[73.89522,31.24423],[73.88667,31.2405],[73.88702,31.23706],[73.8919,31.23346],[73.89277,31.22945],[73.88901,31.229],[73.88096,31.22046],[73.87314,31.22681],[73.87121,31.22364],[73.86664,31.22801],[73.86019,31.21987],[73.84201,31.21403],[73.84232,31.21839],[73.8405,31.21984],[73.83697,31.22208],[73.82823,31.22233],[73.82854,31.22598],[73.8235,31.22711],[73.81825,31.21874],[73.82078,31.21624],[73.81868,31.21344],[73.81802,31.21439],[73.81481,31.21265],[73.81081,31.2219],[73.8053,31.2292],[73.78867,31.22944],[73.78959,31.21973],[73.78707,31.21314],[73.77452,31.21355],[73.76041,31.21814],[73.75921,31.21409],[73.75476,31.21449],[73.75321,31.21265],[73.74974,31.21258],[73.74521,31.20659],[73.74557,31.20354],[73.72869,31.20102],[73.725,31.20354],[73.72295,31.20098],[73.73345,31.20111],[73.73314,31.19108],[73.71952,31.19197],[73.7197,31.18709],[73.7172,31.18923],[73.71448,31.18877],[73.71366,31.18684],[73.71555,31.18194],[73.71773,31.18217],[73.71583,31.17976],[73.70871,31.17728],[73.69963,31.1839],[73.69249,31.18333],[73.68453,31.18051],[73.68115,31.18093],[73.68193,31.18346],[73.67454,31.1806],[73.67491,31.17813],[73.67139,31.1763],[73.67118,31.16714],[73.66935,31.16623],[73.66611,31.15622],[73.66697,31.15153],[73.65999,31.15057],[73.66037,31.14753],[73.65399,31.14636],[73.64895,31.148],[73.6439,31.15318],[73.63503,31.15576],[73.63507,31.14758],[73.63312,31.14544],[73.63593,31.13986],[73.63949,31.14129],[73.63936,31.14255],[73.64331,31.1411],[73.64368,31.13827],[73.64109,31.14063],[73.63867,31.13992],[73.63867,31.13763],[73.63081,31.13721],[73.62182,31.14577],[73.60954,31.14534],[73.60811,31.14206],[73.59669,31.13927],[73.59566,31.13842],[73.6024,31.13663],[73.6024,31.13406],[73.60012,31.13235],[73.59255,31.13521],[73.58941,31.13464],[73.58399,31.12564],[73.58741,31.12279],[73.58677,31.11283],[73.57481,31.11127],[73.56714,31.10508],[73.56557,31.10208],[73.56171,31.1008],[73.56143,31.11008],[73.55843,31.10994],[73.55672,31.11222],[73.55158,31.11379],[73.5433,31.11208],[73.53658,31.12091],[73.5307,31.12061],[73.53175,31.11382],[73.52663,31.11367],[73.5212,31.10885],[73.51125,31.10508],[73.50205,31.11005],[73.50175,31.10674],[73.49738,31.10493],[73.4905,31.10884],[73.48593,31.10712],[73.4724,31.1072],[73.46809,31.11211],[73.46006,31.11241],[73.45485,31.10928],[73.44787,31.09709],[73.43491,31.09561],[73.4211,31.09649],[73.41901,31.09397],[73.4202,31.08668],[73.41649,31.084],[73.4089,31.08058],[73.39433,31.07895],[73.39418,31.06288],[73.39789,31.06316],[73.39408,31.05764],[73.38865,31.05561],[73.38951,31.04641],[73.38332,31.03673],[73.38037,31.04946],[73.37309,31.05093],[73.37162,31.04908],[73.36558,31.04949],[73.36324,31.04508],[73.36648,31.04013],[73.36324,31.03385],[73.36496,31.02147],[73.36058,31.02166],[73.35524,31.01728],[73.35366,31.01239],[73.34698,31.00525],[73.34694,31.00758],[73.34979,31.00846],[73.34958,31.01413],[73.35136,31.01495],[73.34939,31.01956],[73.35008,31.02401],[73.34584,31.02629],[73.3479,31.03073],[73.3454,31.03704],[73.34754,31.03926],[73.34754,31.04483],[73.34396,31.04973],[73.34421,31.05438],[73.34234,31.0537],[73.34183,31.05577],[73.34596,31.06003],[73.3504,31.05829],[73.35002,31.0607],[73.35822,31.06442],[73.3529,31.07063],[73.34608,31.073],[73.34851,31.07622],[73.34868,31.08468],[73.34936,31.08589],[73.35382,31.08489],[73.35638,31.09048],[73.36361,31.09182],[73.36044,31.09395],[73.36021,31.098],[73.36742,31.10625],[73.36681,31.10992],[73.36879,31.1109],[73.36566,31.112],[73.3685,31.11419],[73.36857,31.12023],[73.37575,31.12135],[73.37579,31.12569],[73.37765,31.12755],[73.38336,31.13041],[73.38515,31.12934],[73.38586,31.1314],[73.38882,31.1301],[73.39192,31.1331],[73.40637,31.12777],[73.40844,31.13378],[73.40773,31.14331],[73.40046,31.145],[73.40094,31.14742],[73.39722,31.15031],[73.40197,31.14838],[73.40159,31.15163],[73.40406,31.15198],[73.40571,31.17174],[73.40954,31.18011],[73.41367,31.1779],[73.41626,31.18341],[73.42032,31.18406],[73.42254,31.18899],[73.42834,31.19006],[73.43049,31.1931],[73.44498,31.19635],[73.44478,31.19826],[73.44684,31.19518],[73.45161,31.19704],[73.46034,31.19595],[73.46459,31.20721],[73.4704,31.20529],[73.47101,31.20344],[73.47435,31.20353],[73.48023,31.19918],[73.48838,31.19983],[73.4948,31.19635],[73.50105,31.19877],[73.5053,31.20314],[73.50575,31.20605],[73.50984,31.20418],[73.52137,31.20598],[73.52152,31.20814],[73.52742,31.21259],[73.52926,31.21749],[73.53603,31.22145],[73.53469,31.22502],[73.54021,31.22805],[73.53947,31.23135],[73.54207,31.23598],[73.54172,31.24384],[73.5487,31.24516],[73.55288,31.23984],[73.55918,31.23896],[73.56435,31.24526],[73.56252,31.25473],[73.56412,31.2551],[73.5641,31.25674],[73.57201,31.25601],[73.57305,31.26127],[73.57476,31.26267],[73.57876,31.25835],[73.58537,31.2575],[73.58388,31.26131],[73.58522,31.26222],[73.58738,31.26088],[73.59208,31.26138],[73.58607,31.26569],[73.59239,31.26904],[73.59278,31.27095],[73.59925,31.26822],[73.61184,31.26829],[73.61179,31.2721],[73.60832,31.27259],[73.60859,31.27525],[73.61766,31.28173],[73.62171,31.28699],[73.62735,31.28724],[73.62859,31.29286],[73.63411,31.29493],[73.63148,31.30353],[73.63604,31.30623],[73.63689,31.30524],[73.64653,31.30856],[73.64078,31.31215],[73.63956,31.31673],[73.64075,31.3174],[73.63867,31.31978],[73.64564,31.32392],[73.64358,31.32646],[73.64599,31.3287],[73.64434,31.33073],[73.6473,31.33244],[73.64979,31.32946],[73.65144,31.33048],[73.65268,31.329],[73.65959,31.33125],[73.66104,31.32954],[73.66397,31.32993],[73.65626,31.3371],[73.65205,31.34458],[73.65538,31.34808],[73.64946,31.35283],[73.6503,31.35703],[73.64384,31.36328],[73.65263,31.36849],[73.65055,31.37096],[73.66154,31.3777],[73.65936,31.38091],[73.65948,31.3866],[73.66723,31.38849],[73.67074,31.38663],[73.66187,31.40706],[73.65798,31.41112],[73.65976,31.42429],[73.66087,31.42611],[73.6662,31.42782],[73.65522,31.43506],[73.64998,31.44063],[73.64714,31.45047],[73.64976,31.46221],[73.6485,31.46359],[73.64514,31.46155],[73.63673,31.46371],[73.63576,31.45802],[73.63045,31.45453],[73.6223,31.46465],[73.61626,31.4614],[73.6144,31.46357],[73.59417,31.45158],[73.59616,31.44907],[73.59325,31.44743],[73.59515,31.44484],[73.58945,31.44145],[73.5695,31.46623],[73.56363,31.46291],[73.55833,31.46922],[73.53436,31.43492],[73.5019,31.42958],[73.48943,31.44832],[73.48971,31.45602],[73.4842,31.4628],[73.47932,31.46087],[73.47593,31.46245],[73.46044,31.47898],[73.45751,31.47734],[73.45549,31.47985],[73.45394,31.47897],[73.4461,31.4888],[73.45014,31.49054],[73.45932,31.50033],[73.47362,31.50607],[73.47482,31.51176],[73.47157,31.51778],[73.46606,31.52141],[73.46432,31.5342],[73.4659,31.54076],[73.46132,31.54386],[73.46728,31.54948],[73.50267,31.55908],[73.51019,31.57692],[73.50912,31.5848],[73.48637,31.59342],[73.45166,31.56993],[73.44998,31.57163],[73.4446,31.56779],[73.43543,31.5772],[73.42991,31.57331],[73.42764,31.57558],[73.4286,31.58409],[73.43143,31.58597],[73.43235,31.59447],[73.43885,31.60678],[73.4398,31.61546],[73.44264,31.61747],[73.43422,31.63182],[73.43374,31.63921],[73.43011,31.63966],[73.41595,31.65434],[73.40566,31.6506],[73.39386,31.66191],[73.37215,31.67029],[73.3702,31.67254],[73.34557,31.67454],[73.34713,31.69154],[73.34983,31.69348],[73.35321,31.70143],[73.34617,31.70121],[73.34406,31.72012],[73.333,31.72525],[73.31167,31.72385],[73.30487,31.72041],[73.29779,31.7199],[73.28957,31.73113],[73.28915,31.73421],[73.28171,31.73962],[73.2676,31.73856],[73.26729,31.74166],[73.2629,31.74433],[73.26617,31.75065],[73.27408,31.75869],[73.28123,31.7601],[73.2768,31.76217],[73.27532,31.76491],[73.27245,31.76497],[73.26799,31.76219],[73.26609,31.76504],[73.25497,31.7625],[73.27333,31.76908],[73.29979,31.7641],[73.30598,31.76483],[73.31399,31.76919],[73.32636,31.76919],[73.32855,31.78412],[73.33619,31.79322],[73.35912,31.79176],[73.3755,31.79904],[73.38861,31.79831],[73.39625,31.80232],[73.39953,31.80741],[73.40462,31.82307],[73.41991,31.80669],[73.43192,31.80414],[73.44939,31.80559],[73.45777,31.82161],[73.4625,31.83908],[73.48543,31.82889],[73.51112,31.81263]],[[73.36522,31.72965],[73.34335,31.72774],[73.34413,31.72004],[73.35825,31.72106],[73.36014,31.70173],[73.37359,31.70742],[73.37306,31.69819],[73.3797,31.69114],[73.38921,31.69788],[73.38713,31.70034],[73.39762,31.70775],[73.40277,31.70348],[73.40816,31.7074],[73.40416,31.71143],[73.40474,31.72045],[73.39961,31.72831],[73.38735,31.72303],[73.38705,31.72637],[73.38268,31.726],[73.38247,31.72783],[73.36561,31.72526],[73.36522,31.72965]],[[73.83284,31.54617],[73.81686,31.53674],[73.82548,31.52715],[73.83953,31.53522],[73.83632,31.54026],[73.83805,31.54127],[73.83284,31.54617]],[[73.71319,31.45863],[73.71346,31.4627],[73.70751,31.45733],[73.7064,31.45882],[73.70022,31.45791],[73.69876,31.45981],[73.69763,31.45911],[73.69585,31.45296],[73.69898,31.44908],[73.68796,31.44668],[73.69322,31.4424],[73.69015,31.43977],[73.69079,31.43667],[73.69326,31.43486],[73.69485,31.43878],[73.69575,31.43701],[73.69732,31.43771],[73.70627,31.44507],[73.70877,31.44204],[73.71456,31.44556],[73.71652,31.44307],[73.72298,31.44769],[73.72368,31.45096],[73.71801,31.462],[73.71319,31.45863]]]]}},{"type":"Feature","properties":{"name":"Municipal Committee Hassan Abdal","district":"Attock"},"geometry":{"type":"MultiPolygon","coordinates":[[[[72.68558,33.83739],[72.69453,33.83722],[72.69445,33.83949],[72.70027,33.83934],[72.71892,33.836],[72.7264,33.82322],[72.71574,33.82565],[72.71253,33.81837],[72.7048,33.81593],[72.68806,33.80604],[72.68589,33.80922],[72.68181,33.8108],[72.67992,33.80798],[72.67593,33.80692],[72.66896,33.81144],[72.6613,33.81004],[72.66448,33.80698],[72.65608,33.8041],[72.65439,33.80143],[72.65681,33.80849],[72.64774,33.81619],[72.65051,33.81662],[72.64926,33.82149],[72.65017,33.82648],[72.65605,33.8263],[72.66079,33.82966],[72.67429,33.83367],[72.68008,33.8433],[72.68338,33.84254],[72.68314,33.83742],[72.68558,33.83739]]]]}},{"type":"Feature","properties":{"name":"District Council Attock","district":"Attock"},"geometry":{"type":"MultiPolygon","coordinates":[[[[72.43479,34.00213],[72.44196,33.99831],[72.4446,33.99841],[72.45224,33.99149],[72.46427,33.99135],[72.48042,33.99597],[72.48383,33.99554],[72.48639,33.99143],[72.50089,33.99156],[72.51158,33.98882],[72.52096,33.98208],[72.52388,33.97627],[72.52689,33.97552],[72.53253,33.97579],[72.53766,33.9789],[72.55185,33.98164],[72.55232,33.97865],[72.55605,33.97864],[72.55589,33.96255],[72.56713,33.96114],[72.56713,33.9597],[72.57089,33.95967],[72.57089,33.95824],[72.57837,33.95824],[72.5784,33.95675],[72.59339,33.95531],[72.59337,33.95384],[72.59721,33.95384],[72.59721,33.95531],[72.60101,33.95533],[72.60098,33.95678],[72.60831,33.95667],[72.60839,33.95526],[72.61213,33.95523],[72.61215,33.95381],[72.61961,33.95383],[72.61961,33.95239],[72.62331,33.95234],[72.62334,33.95089],[72.62711,33.95086],[72.62682,33.94759],[72.63736,33.9435],[72.64242,33.93644],[72.65019,33.9334],[72.65432,33.92787],[72.64408,33.9198],[72.62922,33.91589],[72.62968,33.91078],[72.63535,33.90842],[72.61519,33.8917],[72.60969,33.88889],[72.61022,33.88587],[72.60833,33.88318],[72.61259,33.8793],[72.61813,33.87741],[72.62651,33.87823],[72.6349,33.8758],[72.63891,33.87121],[72.64249,33.87027],[72.64084,33.86457],[72.64415,33.8596],[72.65145,33.85829],[72.6529,33.86588],[72.66068,33.86603],[72.66337,33.8622],[72.68582,33.86918],[72.68723,33.87112],[72.69296,33.87138],[72.71085,33.88344],[72.7131,33.88656],[72.71075,33.89001],[72.70955,33.90523],[72.71946,33.90631],[72.7355,33.90516],[72.73383,33.90707],[72.72913,33.90709],[72.73007,33.90942],[72.72825,33.91054],[72.7322,33.91213],[72.73247,33.91367],[72.72804,33.91863],[72.72764,33.9213],[72.73393,33.92794],[72.74629,33.93701],[72.75326,33.94012],[72.75757,33.94786],[72.76212,33.95073],[72.76213,33.9531],[72.76527,33.95216],[72.77154,33.94332],[72.77302,33.94358],[72.77468,33.9412],[72.77513,33.9343],[72.78224,33.9353],[72.78254,33.92957],[72.78488,33.92637],[72.78372,33.9219],[72.77269,33.91619],[72.77159,33.91404],[72.77299,33.90994],[72.7752,33.9103],[72.7792,33.90598],[72.77799,33.9002],[72.78738,33.89696],[72.79172,33.89703],[72.79454,33.89435],[72.79518,33.89032],[72.80164,33.88641],[72.80564,33.88563],[72.81079,33.89128],[72.8151,33.8885],[72.82202,33.88733],[72.82523,33.88967],[72.83181,33.88685],[72.83116,33.88372],[72.83557,33.88159],[72.83491,33.87774],[72.83709,33.8702],[72.83398,33.85071],[72.83392,33.83871],[72.82426,33.8402],[72.82425,33.8325],[72.82333,33.83088],[72.82148,33.83169],[72.82299,33.82859],[72.81886,33.82829],[72.81529,33.8242],[72.81806,33.81973],[72.81693,33.81986],[72.81688,33.81396],[72.82073,33.81371],[72.82067,33.81266],[72.81479,33.81096],[72.81201,33.80831],[72.81154,33.80527],[72.79553,33.80807],[72.79429,33.80975],[72.78002,33.81184],[72.77787,33.81336],[72.77776,33.81591],[72.77497,33.81778],[72.78064,33.8206],[72.78337,33.82026],[72.78243,33.82341],[72.76674,33.83289],[72.7719,33.83599],[72.76998,33.83608],[72.76379,33.84179],[72.76844,33.84839],[72.76485,33.84887],[72.76498,33.8546],[72.76383,33.85436],[72.76541,33.85702],[72.76239,33.85846],[72.76288,33.85976],[72.7557,33.86275],[72.75336,33.86234],[72.70874,33.88185],[72.69465,33.87219],[72.70449,33.85761],[72.72507,33.83341],[72.73608,33.82666],[72.73789,33.82409],[72.72552,33.81945],[72.71737,33.81959],[72.71344,33.81802],[72.71271,33.82045],[72.71574,33.82565],[72.7264,33.82322],[72.71892,33.836],[72.70027,33.83934],[72.69445,33.83949],[72.69453,33.83722],[72.68314,33.83742],[72.68338,33.84254],[72.68008,33.8433],[72.67429,33.83367],[72.66079,33.82966],[72.65605,33.8263],[72.65017,33.82648],[72.64926,33.82149],[72.65051,33.81662],[72.64774,33.81619],[72.65681,33.80849],[72.65439,33.80143],[72.65608,33.8041],[72.66448,33.80698],[72.6613,33.81004],[72.6666,33.81145],[72.66896,33.81144],[72.67438,33.80714],[72.67907,33.80755],[72.68181,33.8108],[72.68589,33.80922],[72.68806,33.80604],[72.68924,33.8067],[72.69032,33.79758],[72.69379,33.7907],[72.69547,33.79088],[72.69675,33.78354],[72.70345,33.77814],[72.70309,33.77455],[72.70748,33.77463],[72.70833,33.77266],[72.70819,33.76825],[72.70448,33.76659],[72.70248,33.76132],[72.70191,33.74726],[72.70396,33.7452],[72.71218,33.74452],[72.71157,33.73646],[72.71595,33.73594],[72.71925,33.73784],[72.71795,33.74904],[72.72625,33.74544],[72.72895,33.74154],[72.73235,33.71634],[72.73165,33.71304],[72.73565,33.71324],[72.74315,33.71964],[72.74805,33.71884],[72.75045,33.71594],[72.75465,33.70154],[72.75355,33.69724],[72.74935,33.69264],[72.73105,33.69014],[72.73225,33.67954],[72.73905,33.67784],[72.74555,33.66614],[72.74395,33.65574],[72.74535,33.64794],[72.74315,33.63714],[72.74835,33.63574],[72.75675,33.63754],[72.79955,33.63774],[72.81025,33.64244],[72.81165,33.64084],[72.80995,33.63774],[72.81405,33.63504],[72.81195,33.63224],[72.80515,33.62974],[72.79855,33.62414],[72.79905,33.62094],[72.80995,33.61254],[72.80855,33.60744],[72.81475,33.60674],[72.82255,33.60024],[72.82185,33.59304],[72.81805,33.58674],[72.82115,33.58084],[72.82095,33.57754],[72.81635,33.56854],[72.82425,33.56364],[72.83575,33.56334],[72.83995,33.56054],[72.84475,33.55984],[72.85515,33.54754],[72.85645,33.53874],[72.85365,33.53364],[72.86355,33.52964],[72.87665,33.52824],[72.87865,33.52674],[72.88285,33.52724],[72.89395,33.52084],[72.90245,33.51854],[72.90505,33.51324],[72.90904,33.50966],[72.90718,33.50547],[72.9098,33.49881],[72.90974,33.49353],[72.9138,33.49158],[72.91525,33.49229],[72.91747,33.484],[72.89985,33.47644],[72.88375,33.47304],[72.86745,33.47594],[72.83325,33.46324],[72.82405,33.46434],[72.81705,33.46324],[72.80905,33.45864],[72.79955,33.45594],[72.79545,33.45284],[72.77675,33.44744],[72.77265,33.44004],[72.77415,33.42824],[72.76975,33.41954],[72.76915,33.41364],[72.77255,33.39934],[72.76785,33.39714],[72.76325,33.39714],[72.75655,33.40494],[72.75035,33.39214],[72.73175,33.38474],[72.72365,33.37714],[72.71765,33.36414],[72.71795,33.36044],[72.70725,33.35024],[72.70555,33.34764],[72.70565,33.34134],[72.69595,33.33204],[72.68765,33.31294],[72.67985,33.30614],[72.67875,33.30344],[72.67945,33.29494],[72.68865,33.28504],[72.68845,33.27654],[72.67965,33.27464],[72.67315,33.27764],[72.66265,33.27424],[72.65995,33.26484],[72.64565,33.24594],[72.64135,33.23434],[72.63945,33.22334],[72.62985,33.21104],[72.63135,33.19424],[72.63835,33.19554],[72.64758,33.20122],[72.65211,33.20184],[72.65141,33.19961],[72.64705,33.19728],[72.64567,33.19479],[72.64242,33.19479],[72.62778,33.18621],[72.618,33.18461],[72.60376,33.1919],[72.60251,33.19548],[72.60009,33.19663],[72.5985,33.19224],[72.59372,33.19126],[72.59122,33.18724],[72.58917,33.18726],[72.58601,33.18918],[72.58638,33.19327],[72.58951,33.19546],[72.57298,33.2098],[72.56094,33.2136],[72.54063,33.21229],[72.53653,33.21027],[72.53598,33.20763],[72.53153,33.204],[72.52119,33.203],[72.50367,33.1854],[72.50529,33.18429],[72.50437,33.17956],[72.50899,33.17509],[72.50255,33.17386],[72.5016,33.17129],[72.50444,33.17024],[72.50234,33.16764],[72.50452,33.16535],[72.50291,33.16317],[72.50034,33.16296],[72.49981,33.15852],[72.48541,33.15284],[72.48759,33.14973],[72.47086,33.14316],[72.46475,33.14277],[72.45605,33.15057],[72.44396,33.15057],[72.43734,33.14732],[72.43045,33.14121],[72.40095,33.13757],[72.37444,33.1303],[72.36665,33.13225],[72.36236,33.13731],[72.3504,33.13978],[72.31626,33.13436],[72.29453,33.12874],[72.29193,33.13134],[72.29167,33.13523],[72.2774,33.14518],[72.27538,33.14508],[72.27517,33.14116],[72.27237,33.13968],[72.25408,33.13597],[72.25197,33.13291],[72.2304,33.13451],[72.22805,33.1385],[72.22746,33.14631],[72.20781,33.15416],[72.19757,33.16187],[72.19042,33.16479],[72.18928,33.1623],[72.19226,33.15613],[72.18725,33.14651],[72.18703,33.14166],[72.19271,33.1384],[72.1937,33.13422],[72.19646,33.13167],[72.19367,33.12784],[72.18299,33.12397],[72.18376,33.11882],[72.17748,33.11308],[72.17633,33.10571],[72.17269,33.10365],[72.16051,33.10321],[72.14075,33.10987],[72.1172,33.11237],[72.1136,33.11584],[72.10217,33.10937],[72.09617,33.10807],[72.09314,33.11703],[72.09429,33.12129],[72.09277,33.12318],[72.08121,33.12226],[72.07124,33.12392],[72.05942,33.12214],[72.04764,33.11702],[72.0466,33.10915],[72.04067,33.10371],[72.03302,33.10036],[72.03016,33.09998],[72.02729,33.10132],[72.02394,33.10588],[72.0183,33.10705],[71.98341,33.09778],[71.96936,33.09816],[71.96468,33.09663],[71.96296,33.09281],[71.95359,33.08669],[71.94604,33.07684],[71.93743,33.07369],[71.93055,33.06891],[71.91707,33.05505],[71.91399,33.04991],[71.90715,33.04445],[71.86832,33.05276],[71.86402,33.05218],[71.85857,33.04893],[71.85016,33.04989],[71.84825,33.04731],[71.84882,33.03698],[71.84643,33.03392],[71.83638,33.02899],[71.83499,33.02528],[71.82953,33.02172],[71.81492,33.01624],[71.81106,33.01065],[71.79592,33.00038],[71.76338,33.01011],[71.74853,33.00406],[71.74385,33.0056],[71.74596,33.02237],[71.74373,33.02728],[71.74017,33.02757],[71.73955,33.02315],[71.73665,33.02073],[71.72724,33.0208],[71.72312,33.02304],[71.7292,33.0335],[71.71635,33.06922],[71.71286,33.09854],[71.71472,33.10819],[71.7197,33.11695],[71.74615,33.14015],[71.75702,33.15717],[71.76159,33.17395],[71.76178,33.18636],[71.75149,33.21229],[71.72333,33.23701],[71.7135,33.24756],[71.70949,33.2546],[71.71012,33.26696],[71.70645,33.28431],[71.71085,33.2891],[71.72207,33.29478],[71.73274,33.3112],[71.73138,33.31375],[71.73236,33.32181],[71.72929,33.3315],[71.72265,33.33796],[71.71581,33.33734],[71.72136,33.34594],[71.72332,33.35231],[71.72863,33.35492],[71.7359,33.36231],[71.74721,33.37002],[71.75606,33.37265],[71.78616,33.38778],[71.79788,33.39125],[71.81628,33.40136],[71.8339,33.40881],[71.84123,33.40875],[71.85701,33.40374],[71.87387,33.40843],[71.87388,33.41323],[71.87799,33.42011],[71.8762,33.42918],[71.8797,33.43196],[71.87573,33.42967],[71.87302,33.44518],[71.8778,33.455],[71.88457,33.45887],[71.89669,33.46185],[71.90523,33.4687],[71.91081,33.47782],[71.9114,33.48544],[71.93109,33.49192],[71.95162,33.50798],[71.96494,33.52994],[71.9678,33.53893],[71.96311,33.54985],[71.95916,33.55355],[71.95452,33.56508],[71.95403,33.57137],[71.95492,33.57357],[71.96162,33.57789],[71.97346,33.57976],[71.98141,33.58947],[71.982,33.59132],[71.98023,33.59419],[71.98173,33.60084],[71.97961,33.61629],[71.98298,33.62267],[71.97976,33.62718],[71.98021,33.62996],[71.98394,33.63346],[71.98679,33.64216],[71.98261,33.64844],[71.98312,33.66129],[71.99195,33.67343],[72.0023,33.67789],[72.00441,33.68018],[72.00712,33.68833],[72.00296,33.69166],[72.00438,33.70278],[72.01042,33.71103],[72.01887,33.71701],[72.0278,33.72672],[72.0269,33.72834],[72.03209,33.73372],[72.03587,33.74314],[72.03459,33.74397],[72.03505,33.74652],[72.03829,33.75226],[72.05295,33.7547],[72.05753,33.75791],[72.07058,33.75838],[72.07927,33.76636],[72.0823,33.76712],[72.0809,33.76847],[72.08061,33.77363],[72.07638,33.77518],[72.07231,33.7823],[72.0871,33.78533],[72.10315,33.78257],[72.13807,33.76983],[72.16597,33.76744],[72.18539,33.76093],[72.19819,33.76056],[72.21109,33.76405],[72.22711,33.76029],[72.24554,33.76125],[72.24656,33.76358],[72.24521,33.76844],[72.23854,33.77796],[72.23617,33.78709],[72.23667,33.8052],[72.23958,33.81658],[72.23894,33.82705],[72.24063,33.83437],[72.2389,33.83563],[72.24073,33.83916],[72.23918,33.83999],[72.23717,33.85018],[72.23966,33.86018],[72.24766,33.86223],[72.24776,33.86439],[72.23768,33.87283],[72.23581,33.87226],[72.22859,33.88698],[72.23391,33.90037],[72.25089,33.90563],[72.25152,33.907],[72.24979,33.90911],[72.25806,33.91313],[72.26089,33.91295],[72.26919,33.91842],[72.27677,33.91955],[72.28501,33.9175],[72.30879,33.93434],[72.31531,33.94405],[72.31797,33.94524],[72.32192,33.94538],[72.32625,33.94305],[72.3323,33.93663],[72.35027,33.94051],[72.35575,33.948],[72.35801,33.9486],[72.37276,33.94562],[72.37912,33.95098],[72.38567,33.95324],[72.38466,33.96085],[72.38727,33.96347],[72.39144,33.96365],[72.39688,33.96722],[72.4002,33.97671],[72.40748,33.98564],[72.41801,33.9871],[72.42904,33.99795],[72.42854,33.99913],[72.43479,34.00213]],[[72.49707,33.92537],[72.47672,33.92359],[72.48221,33.90924],[72.48135,33.90753],[72.48282,33.90406],[72.48106,33.90089],[72.49839,33.90175],[72.50632,33.90958],[72.50081,33.91916],[72.50269,33.92274],[72.49707,33.92537]],[[72.34546,33.79175],[72.34342,33.7903],[72.34248,33.78326],[72.33636,33.7805],[72.33883,33.76869],[72.34832,33.76711],[72.34928,33.7613],[72.34342,33.76084],[72.34542,33.75515],[72.34803,33.75492],[72.34793,33.75369],[72.35095,33.75251],[72.35134,33.75459],[72.35412,33.75465],[72.35561,33.73903],[72.36587,33.73893],[72.36488,33.74871],[72.3676,33.74777],[72.36582,33.75743],[72.3637,33.75752],[72.35931,33.76579],[72.35734,33.76605],[72.35913,33.76854],[72.36913,33.76811],[72.36667,33.77802],[72.37729,33.78264],[72.38048,33.78839],[72.37578,33.78947],[72.3729,33.79311],[72.37656,33.79732],[72.37338,33.80601],[72.37478,33.8102],[72.37296,33.81457],[72.37137,33.81588],[72.36127,33.81557],[72.34587,33.82127],[72.34466,33.81253],[72.35089,33.79805],[72.34546,33.79175]],[[72.63258,33.57279],[72.63343,33.57184],[72.61828,33.56908],[72.60615,33.56903],[72.6123,33.56734],[72.60693,33.56307],[72.61769,33.56124],[72.61571,33.5592],[72.61694,33.55571],[72.61416,33.55447],[72.61492,33.55348],[72.61702,33.55374],[72.6167,33.5549],[72.62161,33.5549],[72.61848,33.55861],[72.62056,33.56023],[72.63199,33.54994],[72.63573,33.55193],[72.6432,33.54554],[72.64312,33.53969],[72.64513,33.53969],[72.64669,33.53074],[72.65135,33.52682],[72.64973,33.5231],[72.66235,33.52064],[72.69288,33.52209],[72.68697,33.53129],[72.68708,33.53553],[72.68471,33.53858],[72.67877,33.54125],[72.6807,33.54479],[72.67732,33.54753],[72.67714,33.55148],[72.67039,33.55592],[72.67156,33.55739],[72.67052,33.56384],[72.67643,33.56695],[72.67211,33.57286],[72.67435,33.57572],[72.67315,33.57887],[72.67422,33.58171],[72.66903,33.58237],[72.66447,33.58577],[72.6673,33.59056],[72.6626,33.58606],[72.65963,33.58787],[72.65953,33.58954],[72.65538,33.58982],[72.65502,33.59231],[72.65155,33.5914],[72.65234,33.58987],[72.64548,33.58543],[72.64256,33.58006],[72.64324,33.57837],[72.63253,33.57465],[72.63122,33.57373],[72.63258,33.57279]],[[72.01825,33.4447],[72.00229,33.43452],[72.00076,33.43009],[72.00599,33.42873],[72.00534,33.4222],[72.02071,33.42051],[72.02088,33.42522],[72.02582,33.42666],[72.025,33.42878],[72.02682,33.42964],[72.02348,33.4335],[72.03123,33.43807],[72.03521,33.44388],[72.02473,33.44883],[72.01825,33.4447]],[[72.25837,33.26095],[72.24641,33.25786],[72.24416,33.25077],[72.2412,33.24734],[72.23984,33.23633],[72.24747,33.23622],[72.25749,33.23232],[72.26729,33.23602],[72.27147,33.23458],[72.27766,33.22848],[72.27681,33.23208],[72.28255,33.23148],[72.2854,33.23294],[72.28465,33.2352],[72.28174,33.2351],[72.28049,33.23714],[72.28305,33.24126],[72.28296,33.24594],[72.28645,33.24652],[72.29071,33.25477],[72.28243,33.25777],[72.27595,33.25626],[72.26715,33.26286],[72.25837,33.26095]]]]}},{"type":"Feature","properties":{"name":"MC Muridke","district":"Sheikupura"},"geometry":{"type":"MultiPolygon","coordinates":[[[[74.25288,31.81771],[74.25323,31.81617],[74.26354,31.81731],[74.26428,31.81206],[74.26737,31.81019],[74.27421,31.80055],[74.27008,31.80067],[74.26838,31.78837],[74.26121,31.78777],[74.2647,31.76513],[74.26065,31.76284],[74.25962,31.76849],[74.25775,31.76861],[74.25459,31.77793],[74.25019,31.77896],[74.25005,31.78088],[74.24869,31.78104],[74.24872,31.79738],[74.24387,31.7974],[74.24322,31.80098],[74.24273,31.80411],[74.24907,31.80659],[74.24662,31.81459],[74.24814,31.81708],[74.25026,31.81716],[74.24819,31.83307],[74.25291,31.82986],[74.25288,31.81771]]]]}},{"type":"Feature","properties":{"name":"Municipal Committee Wazirabad","district":"Wazirabad"},"geometry":{"type":"MultiPolygon","coordinates":[[[[74.12748,32.45017],[74.12953,32.44838],[74.13837,32.44765],[74.13834,32.43671],[74.13444,32.42247],[74.11985,32.41351],[74.11373,32.41424],[74.11584,32.40872],[74.11113,32.40907],[74.1107,32.41871],[74.10378,32.41948],[74.10268,32.42519],[74.09907,32.42553],[74.09849,32.4367],[74.1061,32.43833],[74.10534,32.44437],[74.09632,32.45025],[74.09517,32.46963],[74.0908,32.48051],[74.09867,32.48205],[74.10185,32.47157],[74.11159,32.45461],[74.12079,32.45419],[74.12248,32.45182],[74.12748,32.45017]]]]}},{"type":"Feature","properties":{"name":"Municipal Committee Burewala","district":"Vehari"},"geometry":{"type":"MultiPolygon","coordinates":[[[[72.7063,30.16219],[72.70821,30.15783],[72.71877,30.14582],[72.71901,30.1379],[72.71669,30.13507],[72.69992,30.13515],[72.69991,30.13709],[72.6927,30.13702],[72.69273,30.12973],[72.68367,30.12962],[72.68357,30.13779],[72.67721,30.13781],[72.67542,30.14319],[72.66843,30.14311],[72.66852,30.14041],[72.65035,30.14035],[72.64691,30.14253],[72.6441,30.14901],[72.64398,30.15428],[72.65274,30.15419],[72.65502,30.16353],[72.65702,30.16486],[72.66488,30.16376],[72.66965,30.166],[72.66976,30.17082],[72.66273,30.17858],[72.66177,30.18158],[72.66339,30.18533],[72.66825,30.18914],[72.66804,30.19405],[72.67403,30.19376],[72.67565,30.19218],[72.67718,30.18533],[72.67609,30.18312],[72.67374,30.1829],[72.67379,30.17582],[72.68218,30.17588],[72.68213,30.17316],[72.68564,30.17456],[72.68555,30.1857],[72.68913,30.18577],[72.68912,30.18409],[72.69235,30.18409],[72.6926,30.17899],[72.69436,30.17888],[72.69129,30.17533],[72.69204,30.17461],[72.70506,30.17467],[72.7063,30.16219]]]]}},{"type":"Feature","properties":{"name":"MC Sharaqpur","district":"Sheikupura"},"geometry":{"type":"MultiPolygon","coordinates":[[[[74.11327,31.46989],[74.11104,31.46622],[74.10768,31.46613],[74.10768,31.46337],[74.10563,31.46118],[74.10767,31.46078],[74.10634,31.45759],[74.11096,31.45397],[74.10937,31.45027],[74.0972,31.4574],[74.09391,31.45579],[74.08298,31.45592],[74.08372,31.45903],[74.09061,31.45976],[74.08824,31.46435],[74.08973,31.46773],[74.09358,31.46613],[74.09321,31.4678],[74.09627,31.46842],[74.09737,31.46726],[74.09743,31.46939],[74.10267,31.46977],[74.10265,31.47107],[74.10939,31.47101],[74.10949,31.46986],[74.1134,31.47147],[74.11327,31.46989]]]]}},{"type":"Feature","properties":{"name":"Municipal Committee Jalalpur Bhattian","district":"Hafizabad"},"geometry":{"type":"MultiPolygon","coordinates":[[[[73.37089,32.08442],[73.37076,32.0833],[73.37786,32.08044],[73.37696,32.07778],[73.38542,32.07172],[73.38918,32.06932],[73.39106,32.0707],[73.39285,32.06993],[73.39428,32.06527],[73.40815,32.06308],[73.4074,32.06825],[73.41043,32.06849],[73.41139,32.06616],[73.41359,32.06585],[73.41337,32.06206],[73.40809,32.06264],[73.4072,32.05938],[73.41211,32.05575],[73.41429,32.04883],[73.40456,32.04348],[73.39212,32.04024],[73.39034,32.03334],[73.3819,32.03136],[73.37615,32.04329],[73.36259,32.04562],[73.36726,32.05596],[73.36657,32.05988],[73.36078,32.05609],[73.35705,32.05828],[73.35938,32.06274],[73.35615,32.06564],[73.3468,32.06474],[73.33816,32.07165],[73.34856,32.07297],[73.356,32.06819],[73.36178,32.069],[73.36454,32.07594],[73.36155,32.07908],[73.36588,32.08311],[73.37089,32.08442]]]]}},{"type":"Feature","properties":{"name":"Municipal Committee Pindi Bhattian","district":"Hafizabad"},"geometry":{"type":"MultiPolygon","coordinates":[[[[73.26479,31.92468],[73.28719,31.92776],[73.29659,31.92435],[73.29932,31.92019],[73.30935,31.91364],[73.32519,31.91498],[73.3228,31.90891],[73.31879,31.90625],[73.31224,31.90584],[73.31326,31.89802],[73.3114,31.89211],[73.30318,31.89043],[73.29961,31.88149],[73.29839,31.87979],[73.29574,31.87981],[73.29586,31.87469],[73.2992,31.86892],[73.28504,31.86615],[73.28596,31.85393],[73.28929,31.84877],[73.28528,31.84747],[73.27688,31.83884],[73.27964,31.85074],[73.27349,31.8735],[73.2734,31.88165],[73.27001,31.88298],[73.27021,31.88518],[73.26824,31.88578],[73.26995,31.8886],[73.2438,31.89341],[73.22881,31.89396],[73.23265,31.89748],[73.23343,31.9019],[73.23128,31.90383],[73.23523,31.91087],[73.25555,31.90438],[73.25488,31.91101],[73.25218,31.91288],[73.25353,31.92224],[73.25691,31.92804],[73.26479,31.92468]],[[73.30126,31.88548],[73.3012,31.88541],[73.30125,31.8854],[73.30126,31.88548]]]]}},{"type":"Feature","properties":{"name":"Municipal Committee Hafizabad","district":"Hafizabad"},"geometry":{"type":"MultiPolygon","coordinates":[[[[73.66798,32.1203],[73.67383,32.11375],[73.67628,32.1131],[73.68236,32.11612],[73.6841,32.11581],[73.68414,32.11419],[73.69071,32.11243],[73.69103,32.10958],[73.69524,32.10503],[73.69363,32.10358],[73.69236,32.09635],[73.69811,32.09396],[73.69723,32.09122],[73.70089,32.09001],[73.70513,32.09425],[73.70841,32.09353],[73.70824,32.09125],[73.71047,32.09101],[73.71059,32.08668],[73.71523,32.08293],[73.73588,32.09208],[73.73788,32.08572],[73.74348,32.08004],[73.73758,32.08061],[73.72078,32.07049],[73.70977,32.06137],[73.70239,32.05335],[73.70256,32.05111],[73.69379,32.04487],[73.69108,32.03967],[73.68178,32.04045],[73.67724,32.03965],[73.67482,32.03747],[73.65853,32.03534],[73.6671,32.04634],[73.65623,32.05197],[73.66318,32.0598],[73.65766,32.06522],[73.65412,32.0726],[73.65464,32.07514],[73.65307,32.07618],[73.6579,32.0939],[73.66293,32.09929],[73.65862,32.09988],[73.6631,32.11381],[73.65716,32.11818],[73.65985,32.12828],[73.66798,32.1203]]]]}}]}