{"type":"FeatureCollection","features":[{"type":"Feature","properties":{"lu":"Religious Building","ct":"Existing","a":0.008},"geometry":{"type":"MultiPolygon","coordinates":[[[[73.79729,32.05873],[73.79727,32.05872],[73.79725,32.0587],[73.79719,32.05874],[73.79725,32.05877],[73.79729,32.05873]]]]}},{"type":"Feature","properties":{"lu":"Educational Institution - Public","ct":"Existing","a":0.115},"geometry":{"type":"MultiPolygon","coordinates":[[[[73.79896,32.06235],[73.79884,32.06214],[73.79867,32.0622],[73.79875,32.0624],[73.79896,32.06235]]]]}},{"type":"Feature","properties":{"lu":"Religious Building","ct":"Existing","a":0.081},"geometry":{"type":"MultiPolygon","coordinates":[[[[73.7995,32.06275],[73.79925,32.06273],[73.79926,32.06287],[73.7995,32.06286],[73.7995,32.06275]]]]}},{"type":"Feature","properties":{"lu":"Educational Institution - Public","ct":"Existing","a":0.017},"geometry":{"type":"MultiPolygon","coordinates":[[[[73.79346,32.04647],[73.79338,32.04646],[73.79337,32.04655],[73.79345,32.04655],[73.79346,32.04647]]]]}},{"type":"Feature","properties":{"lu":"Religious Building","ct":"Existing","a":0.013},"geometry":{"type":"MultiPolygon","coordinates":[[[[73.79361,32.04669],[73.79369,32.04669],[73.79369,32.04663],[73.79361,32.04662],[73.79361,32.04669]]]]}},{"type":"Feature","properties":{"lu":"Religious Building","ct":"Existing","a":0.036},"geometry":{"type":"MultiPolygon","coordinates":[[[[73.79153,32.01806],[73.79145,32.01795],[73.79137,32.018],[73.79142,32.01811],[73.79153,32.01806]]]]}},{"type":"Feature","properties":{"lu":"Graveyard","ct":"Existing","a":7.856},"geometry":{"type":"MultiPolygon","coordinates":[[[[73.79473,32.03753],[73.79529,32.03556],[73.79483,32.03549],[73.79378,32.03559],[73.79357,32.0357],[73.79302,32.03575],[73.79332,32.03702],[73.79403,32.037],[73.79417,32.03757],[73.79473,32.03753]]]]}},{"type":"Feature","properties":{"lu":"Educational Institution - Private","ct":"Existing","a":0.814},"geometry":{"type":"MultiPolygon","coordinates":[[[[73.81182,32.0327],[73.81224,32.03247],[73.81182,32.03199],[73.81182,32.03205],[73.81142,32.03217],[73.81173,32.03275],[73.81182,32.0327]]]]}},{"type":"Feature","properties":{"lu":"Educational Institution - Private","ct":"Existing","a":0.029},"geometry":{"type":"MultiPolygon","coordinates":[[[[73.80558,32.03429],[73.80556,32.03418],[73.80546,32.03423],[73.8055,32.03432],[73.80558,32.03429]]]]}},{"type":"Feature","properties":{"lu":"Religious Building","ct":"Existing","a":0.032},"geometry":{"type":"MultiPolygon","coordinates":[[[[73.80565,32.03452],[73.8056,32.03442],[73.80549,32.03449],[73.80554,32.03457],[73.80565,32.03452]]]]}},{"type":"Feature","properties":{"lu":"Religious Building","ct":"Existing","a":0.166},"geometry":{"type":"MultiPolygon","coordinates":[[[[73.79617,32.02984],[73.7959,32.02987],[73.79586,32.03008],[73.79617,32.03009],[73.79617,32.02984]]]]}},{"type":"Feature","properties":{"lu":"Religious Building","ct":"Existing","a":0.111},"geometry":{"type":"MultiPolygon","coordinates":[[[[73.79587,32.03255],[73.79593,32.03233],[73.79569,32.03232],[73.79566,32.0325],[73.79587,32.03255]]]]}},{"type":"Feature","properties":{"lu":"Educational Institution - Public","ct":"Existing","a":0.702,"nm":"Ghs Vinni"},"geometry":{"type":"MultiPolygon","coordinates":[[[[73.79258,32.03106],[73.79226,32.03103],[73.79228,32.03142],[73.79258,32.03138],[73.79258,32.03106]]],[[[73.79369,32.03132],[73.7937,32.03149],[73.79306,32.03165],[73.79308,32.03177],[73.7939,32.03153],[73.79384,32.03131],[73.79401,32.03129],[73.79393,32.03115],[73.79368,32.03115],[73.79369,32.03132]]]]}},{"type":"Feature","properties":{"lu":"Religious Building","ct":"Existing","a":0.061},"geometry":{"type":"MultiPolygon","coordinates":[[[[73.76873,31.97263],[73.76868,31.97257],[73.76853,31.97261],[73.76863,31.97275],[73.76877,31.97269],[73.76873,31.97263]]]]}},{"type":"Feature","properties":{"lu":"Educational Institution - Public","ct":"Existing","a":0.261},"geometry":{"type":"MultiPolygon","coordinates":[[[[73.77116,31.97193],[73.77104,31.97161],[73.77078,31.97167],[73.77093,31.97206],[73.77116,31.97193]]]]}},{"type":"Feature","properties":{"lu":"Health Institution - Public","ct":"Existing","a":0.932},"geometry":{"type":"MultiPolygon","coordinates":[[[[73.79366,31.98221],[73.79296,31.98226],[73.79297,31.98281],[73.79368,31.98269],[73.79366,31.98221]]]]}},{"type":"Feature","properties":{"lu":"Educational Institution - Public","ct":"Existing","a":0.002},"geometry":{"type":"MultiPolygon","coordinates":[[[[73.79272,31.98224],[73.79266,31.98276],[73.79265,31.98292],[73.79272,31.98224]]]]}},{"type":"Feature","properties":{"lu":"Graveyard","ct":"Existing","a":6.764},"geometry":{"type":"MultiPolygon","coordinates":[[[[73.79262,31.98778],[73.79262,31.98777],[73.79262,31.98776],[73.79262,31.98778]]],[[[73.79243,31.9878],[73.79229,31.98741],[73.79127,31.98749],[73.79116,31.98762],[73.79126,31.98953],[73.79257,31.98934],[73.79259,31.989],[73.79249,31.98892],[73.79258,31.9882],[73.79243,31.9878]]]]}},{"type":"Feature","properties":{"lu":"Educational Institution - Public","ct":"Existing","a":0.24},"geometry":{"type":"MultiPolygon","coordinates":[[[[73.79539,31.99887],[73.79504,31.99897],[73.79513,31.99921],[73.79549,31.99909],[73.79539,31.99887]]]]}},{"type":"Feature","properties":{"lu":"Religious Building","ct":"Existing","a":0.132},"geometry":{"type":"MultiPolygon","coordinates":[[[[73.79091,32.00416],[73.7908,32.00398],[73.79055,32.00409],[73.79064,32.00424],[73.79091,32.00416]]]]}},{"type":"Feature","properties":{"lu":"Religious Building","ct":"Existing","a":0.299},"geometry":{"type":"MultiPolygon","coordinates":[[[[73.79095,32.01748],[73.79084,32.01714],[73.79056,32.01714],[73.79056,32.01749],[73.79095,32.01748]]]]}},{"type":"Feature","properties":{"lu":"Health Institution - Public","ct":"Existing","a":0.622},"geometry":{"type":"MultiPolygon","coordinates":[[[[73.79366,32.01771],[73.79347,32.0173],[73.7931,32.01747],[73.79304,32.01762],[73.79305,32.0178],[73.79343,32.01788],[73.79366,32.01771]]]]}},{"type":"Feature","properties":{"lu":"Educational Institution - Public","ct":"Existing","a":1.046},"geometry":{"type":"MultiPolygon","coordinates":[[[[73.7933,32.01645],[73.79273,32.01669],[73.79307,32.01739],[73.79332,32.01729],[73.7933,32.01704],[73.79351,32.01698],[73.7933,32.01645]]]]}},{"type":"Feature","properties":{"lu":"Educational Institution - Public","ct":"Existing","a":1.414},"geometry":{"type":"MultiPolygon","coordinates":[[[[73.72533,32.03537],[73.72523,32.03591],[73.7262,32.03606],[73.72628,32.03549],[73.72533,32.03537]]]]}},{"type":"Feature","properties":{"lu":"Religious Building","ct":"Existing","a":0.033},"geometry":{"type":"MultiPolygon","coordinates":[[[[73.73458,32.03622],[73.73446,32.03618],[73.73446,32.03628],[73.73458,32.0363],[73.73458,32.03622]]]]}},{"type":"Feature","properties":{"lu":"Educational Institution - Private","ct":"Existing","a":0.341},"geometry":{"type":"MultiPolygon","coordinates":[[[[73.68581,32.11888],[73.68547,32.11884],[73.68541,32.11921],[73.68576,32.11926],[73.68581,32.11888]]]]}},{"type":"Feature","properties":{"lu":"Graveyard","ct":"Existing","a":3.869},"geometry":{"type":"MultiPolygon","coordinates":[[[[73.78625,32.01711],[73.78566,32.01646],[73.78508,32.01602],[73.78426,32.01623],[73.78441,32.01687],[73.78456,32.017],[73.78645,32.01735],[73.78625,32.01711]]]]}},{"type":"Feature","properties":{"lu":"Health Institution - Public","ct":"Existing","a":2.423},"geometry":{"type":"MultiPolygon","coordinates":[[[[73.70814,32.1205],[73.70677,32.12006],[73.70655,32.12061],[73.70724,32.12081],[73.70719,32.12103],[73.70796,32.12108],[73.70814,32.1205]]]]}},{"type":"Feature","properties":{"lu":"Graveyard","ct":"Existing","a":2.396},"geometry":{"type":"MultiPolygon","coordinates":[[[[73.69115,32.11766],[73.68977,32.11739],[73.68962,32.11804],[73.69102,32.11829],[73.69115,32.11766]]]]}},{"type":"Feature","properties":{"lu":"Graveyard","ct":"Existing","a":4.927},"geometry":{"type":"MultiPolygon","coordinates":[[[[73.70986,32.10538],[73.70944,32.10419],[73.70743,32.1046],[73.70761,32.10521],[73.70878,32.10508],[73.70892,32.10548],[73.70986,32.10538]]]]}},{"type":"Feature","properties":{"lu":"Graveyard","ct":"Existing","a":9.885},"geometry":{"type":"MultiPolygon","coordinates":[[[[73.70883,32.16065],[73.70932,32.16031],[73.70938,32.16035],[73.70961,32.1602],[73.70989,32.16016],[73.70998,32.15987],[73.70992,32.15981],[73.7104,32.15944],[73.70893,32.15812],[73.70749,32.15922],[73.70883,32.16065]]]]}},{"type":"Feature","properties":{"lu":"Graveyard","ct":"Existing","a":14.848},"geometry":{"type":"MultiPolygon","coordinates":[[[[73.74016,32.20048],[73.73978,32.1985],[73.73689,32.19876],[73.7372,32.20067],[73.74016,32.20048]]]]}},{"type":"Feature","properties":{"lu":"Educational Institution - Private","ct":"Existing","a":0.001},"geometry":{"type":"MultiPolygon","coordinates":[[[[73.761547,32.168481],[73.761454,32.168478],[73.761454,32.168482],[73.761547,32.168481]]]]}},{"type":"Feature","properties":{"lu":"Educational Institution - Public","ct":"Existing","a":2.717,"nm":"Govt Primary School"},"geometry":{"type":"MultiPolygon","coordinates":[[[[73.7636,32.16009],[73.76354,32.16128],[73.76479,32.16134],[73.76484,32.16088],[73.7636,32.16009]]]]}},{"type":"Feature","properties":{"lu":"Educational Institution - Public","ct":"Existing","a":0.957},"geometry":{"type":"MultiPolygon","coordinates":[[[[73.75224,32.14468],[73.75218,32.14409],[73.75156,32.14416],[73.75165,32.14476],[73.75224,32.14468]]]]}},{"type":"Feature","properties":{"lu":"Religious Building","ct":"Existing","a":0.017},"geometry":{"type":"MultiPolygon","coordinates":[[[[73.28743,31.78707],[73.28733,31.78706],[73.28733,31.78713],[73.28743,31.78713],[73.28743,31.78707]]]]}},{"type":"Feature","properties":{"lu":"Religious Building","ct":"Existing","a":0.018},"geometry":{"type":"MultiPolygon","coordinates":[[[[73.28015,31.78993],[73.28007,31.78992],[73.28006,31.79],[73.28014,31.79001],[73.28015,31.78993]]]]}},{"type":"Feature","properties":{"lu":"Educational Institution - Public","ct":"Existing","a":0.327},"geometry":{"type":"MultiPolygon","coordinates":[[[[73.28501,31.78976],[73.28567,31.78965],[73.28567,31.78953],[73.28498,31.78955],[73.28501,31.78976]]]]}},{"type":"Feature","properties":{"lu":"Graveyard","ct":"Existing","a":7.16},"geometry":{"type":"MultiPolygon","coordinates":[[[[73.1925,31.85329],[73.19256,31.85309],[73.19249,31.85284],[73.19212,31.85223],[73.19191,31.85145],[73.19155,31.85148],[73.19077,31.85175],[73.1906,31.85198],[73.19068,31.85322],[73.19116,31.85312],[73.19118,31.85319],[73.19212,31.85345],[73.19238,31.85344],[73.1925,31.85329]]]]}},{"type":"Feature","properties":{"lu":"Educational Institution - Private","ct":"Existing","a":0.946},"geometry":{"type":"MultiPolygon","coordinates":[[[[73.2097,31.83069],[73.20959,31.83015],[73.20898,31.83019],[73.20902,31.83076],[73.2097,31.83069]]]]}},{"type":"Feature","properties":{"lu":"Religious Building","ct":"Existing","a":0.03},"geometry":{"type":"MultiPolygon","coordinates":[[[[73.22768,31.83564],[73.22755,31.83564],[73.22759,31.83577],[73.22767,31.83572],[73.22768,31.83564]]]]}},{"type":"Feature","properties":{"lu":"Religious Building","ct":"Existing","a":0.145},"geometry":{"type":"MultiPolygon","coordinates":[[[[73.26553,31.84298],[73.26523,31.84296],[73.2652,31.84315],[73.26542,31.84319],[73.26553,31.84298]]]]}},{"type":"Feature","properties":{"lu":"Graveyard","ct":"Existing","a":0.242},"geometry":{"type":"MultiPolygon","coordinates":[[[[73.75963,32.03108],[73.75959,32.03082],[73.75923,32.03083],[73.75928,32.03109],[73.75963,32.03108]]]]}},{"type":"Feature","properties":{"lu":"Religious Building","ct":"Existing","a":0.128},"geometry":{"type":"MultiPolygon","coordinates":[[[[73.76338,32.03035],[73.76336,32.03011],[73.76316,32.03012],[73.76319,32.03038],[73.76338,32.03035]]]]}},{"type":"Feature","properties":{"lu":"Educational Institution - Public","ct":"Existing","a":0.104},"geometry":{"type":"MultiPolygon","coordinates":[[[[73.76378,32.03082],[73.76376,32.03066],[73.76351,32.03068],[73.76354,32.03084],[73.76378,32.03082]]]]}},{"type":"Feature","properties":{"lu":"Graveyard","ct":"Existing","a":5.884},"geometry":{"type":"MultiPolygon","coordinates":[[[[73.76797,32.0874],[73.76779,32.08595],[73.76623,32.08609],[73.76647,32.08756],[73.76797,32.0874]]]]}},{"type":"Feature","properties":{"lu":"Graveyard","ct":"Existing","a":7.35},"geometry":{"type":"MultiPolygon","coordinates":[[[[73.77061,32.09109],[73.77035,32.08939],[73.76902,32.08955],[73.76904,32.09013],[73.76844,32.09024],[73.76875,32.09109],[73.7692,32.09117],[73.77061,32.09109]]]]}},{"type":"Feature","properties":{"lu":"Educational Institution - Public","ct":"Existing","a":1.698},"geometry":{"type":"MultiPolygon","coordinates":[[[[73.76899,32.09008],[73.76884,32.08903],[73.76819,32.08911],[73.76844,32.09019],[73.76899,32.09008]]]]}},{"type":"Feature","properties":{"lu":"Health Institution - Public","ct":"Existing","a":2.055},"geometry":{"type":"MultiPolygon","coordinates":[[[[73.68934,32.0228],[73.68945,32.02232],[73.68839,32.02174],[73.68845,32.02288],[73.68934,32.0228]]]]}},{"type":"Feature","properties":{"lu":"Religious Building","ct":"Existing","a":0.033},"geometry":{"type":"MultiPolygon","coordinates":[[[[73.68854,32.01982],[73.68852,32.01971],[73.6884,32.01973],[73.68841,32.01983],[73.68854,32.01982]]]]}},{"type":"Feature","properties":{"lu":"Religious Building","ct":"Existing","a":0.015},"geometry":{"type":"MultiPolygon","coordinates":[[[[73.69087,32.02071],[73.69088,32.02064],[73.69079,32.02066],[73.69079,32.02072],[73.69087,32.02071]]]]}},{"type":"Feature","properties":{"lu":"Religious Building","ct":"Existing","a":0.067},"geometry":{"type":"MultiPolygon","coordinates":[[[[73.69181,32.01972],[73.69156,32.0197],[73.69156,32.01981],[73.69178,32.01983],[73.69181,32.01972]]]]}},{"type":"Feature","properties":{"lu":"Educational Institution - Public","ct":"Existing","a":0.812},"geometry":{"type":"MultiPolygon","coordinates":[[[[73.69368,32.01759],[73.69362,32.01715],[73.69292,32.01721],[73.69297,32.01765],[73.69368,32.01759]]]]}},{"type":"Feature","properties":{"lu":"Educational Institution - Public","ct":"Existing","a":5.605},"geometry":{"type":"MultiPolygon","coordinates":[[[[73.69365,32.00434],[73.69434,32.00424],[73.69473,32.00433],[73.69469,32.00393],[73.69449,32.00362],[73.69426,32.00273],[73.69415,32.00248],[73.69397,32.00243],[73.69338,32.00263],[73.69333,32.00322],[73.69315,32.00332],[73.69308,32.00355],[73.69336,32.00442],[73.69365,32.00434]]]]}},{"type":"Feature","properties":{"lu":"Graveyard","ct":"Existing","a":5.516},"geometry":{"type":"MultiPolygon","coordinates":[[[[73.79954,32.00712],[73.79907,32.00601],[73.79841,32.00613],[73.79778,32.00635],[73.79777,32.00651],[73.79762,32.00659],[73.79776,32.00743],[73.79803,32.00769],[73.79954,32.00712]]]]}},{"type":"Feature","properties":{"lu":"Graveyard","ct":"Existing","a":2.051},"geometry":{"type":"MultiPolygon","coordinates":[[[[73.63482,32.08935],[73.63475,32.08869],[73.63372,32.08873],[73.63359,32.08928],[73.63381,32.08928],[73.6339,32.08957],[73.63415,32.08956],[73.63423,32.08938],[73.63482,32.08935]]]]}},{"type":"Feature","properties":{"lu":"Educational Institution - Public","ct":"Existing","a":0.367},"geometry":{"type":"MultiPolygon","coordinates":[[[[73.63332,32.09309],[73.63355,32.09302],[73.63342,32.09256],[73.63311,32.09264],[73.63332,32.09309]]]]}},{"type":"Feature","properties":{"lu":"Educational Institution - Public","ct":"Existing","a":0.925},"geometry":{"type":"MultiPolygon","coordinates":[[[[73.75408,32.14154],[73.75347,32.14153],[73.75349,32.14209],[73.75417,32.14206],[73.75408,32.14154]]]]}},{"type":"Feature","properties":{"lu":"Health Institution - Public","ct":"Existing","a":2.79},"geometry":{"type":"MultiPolygon","coordinates":[[[[73.75939,32.14163],[73.75918,32.14102],[73.7592,32.14077],[73.75779,32.14046],[73.75815,32.1413],[73.75852,32.14122],[73.7587,32.14173],[73.75939,32.14163]]]]}},{"type":"Feature","properties":{"lu":"Graveyard","ct":"Existing","a":3.042},"geometry":{"type":"MultiPolygon","coordinates":[[[[73.74958,32.11615],[73.74958,32.11562],[73.75055,32.11568],[73.75057,32.115],[73.74915,32.11497],[73.74911,32.11613],[73.74958,32.11615]]]]}},{"type":"Feature","properties":{"lu":"Educational Institution - Public","ct":"Existing","a":0.919},"geometry":{"type":"MultiPolygon","coordinates":[[[[73.75558,32.11211],[73.75496,32.11211],[73.75493,32.11269],[73.75554,32.11269],[73.75558,32.11211]]]]}},{"type":"Feature","properties":{"lu":"Graveyard","ct":"Existing","a":0.075},"geometry":{"type":"MultiPolygon","coordinates":[[[[73.7797,32.11437],[73.77967,32.11476],[73.77972,32.11454],[73.77972,32.11437],[73.7797,32.11437]]],[[[73.78027,32.11523],[73.77972,32.11522],[73.78182,32.11524],[73.78027,32.11523]]]]}},{"type":"Feature","properties":{"lu":"Educational Institution - Public","ct":"Existing","a":0.003},"geometry":{"type":"MultiPolygon","coordinates":[[[[73.7825,32.11491],[73.7823,32.11487],[73.7825,32.11492],[73.7825,32.11491]]]]}},{"type":"Feature","properties":{"lu":"Graveyard","ct":"Existing","a":5.144},"geometry":{"type":"MultiPolygon","coordinates":[[[[73.74561,32.0208],[73.74567,32.02026],[73.74554,32.02002],[73.74529,32.01983],[73.74381,32.01966],[73.74331,32.01993],[73.74348,32.0202],[73.74347,32.02062],[73.74561,32.0208]]]]}},{"type":"Feature","properties":{"lu":"Educational Institution - Public","ct":"Existing","a":1.714},"geometry":{"type":"MultiPolygon","coordinates":[[[[73.74173,32.0191],[73.74165,32.01834],[73.74079,32.0183],[73.74082,32.01904],[73.74173,32.0191]]]]}},{"type":"Feature","properties":{"lu":"Religious Building","ct":"Existing","a":0.269},"geometry":{"type":"MultiPolygon","coordinates":[[[[73.74062,32.01817],[73.74033,32.01815],[73.74025,32.01845],[73.74059,32.01852],[73.74062,32.01817]]]]}},{"type":"Feature","properties":{"lu":"Educational Institution - Private","ct":"Existing","a":0.337},"geometry":{"type":"MultiPolygon","coordinates":[[[[73.73312,32.01938],[73.73254,32.01934],[73.73255,32.01956],[73.73317,32.01959],[73.73312,32.01938]]]]}},{"type":"Feature","properties":{"lu":"Educational Institution - Private","ct":"Existing","a":0.054},"geometry":{"type":"MultiPolygon","coordinates":[[[[73.73032,32.01952],[73.73029,32.01937],[73.73015,32.01939],[73.73015,32.01951],[73.73032,32.01952]]]]}},{"type":"Feature","properties":{"lu":"Graveyard","ct":"Existing","a":5.271},"geometry":{"type":"MultiPolygon","coordinates":[[[[73.73592,32.01367],[73.73521,32.01364],[73.7352,32.01374],[73.73422,32.01383],[73.73439,32.01515],[73.73525,32.01517],[73.73572,32.01464],[73.73598,32.01408],[73.73583,32.014],[73.73598,32.01369],[73.73592,32.01367]]]]}},{"type":"Feature","properties":{"lu":"Public Building and Govt Office","ct":"Existing","a":3.821,"nm":"Police Station"},"geometry":{"type":"MultiPolygon","coordinates":[[[[73.76047,32.08232],[73.75847,32.08165],[73.75847,32.08204],[73.7587,32.08329],[73.75908,32.08328],[73.75924,32.08337],[73.7591,32.0826],[73.76026,32.08251],[73.76047,32.08232]]]]}},{"type":"Feature","properties":{"lu":"Educational Institution - Public","ct":"Existing","a":2.62},"geometry":{"type":"MultiPolygon","coordinates":[[[[73.76047,32.08232],[73.76026,32.08251],[73.7591,32.0826],[73.75924,32.08337],[73.75999,32.08364],[73.76047,32.08232]]]]}},{"type":"Feature","properties":{"lu":"Graveyard","ct":"Existing","a":6.561},"geometry":{"type":"MultiPolygon","coordinates":[[[[73.77379,32.0888],[73.77356,32.08721],[73.77199,32.08737],[73.77225,32.08899],[73.77379,32.0888]]]]}},{"type":"Feature","properties":{"lu":"Educational Institution - Public","ct":"Existing","a":0.025},"geometry":{"type":"MultiPolygon","coordinates":[[[[73.79368,32.0467],[73.79361,32.0467],[73.79361,32.04678],[73.79374,32.04678],[73.79368,32.0467]]]]}},{"type":"Feature","properties":{"lu":"Graveyard","ct":"Existing","a":0.204},"geometry":{"type":"MultiPolygon","coordinates":[[[[73.7376,31.94388],[73.73709,31.94365],[73.73706,31.94365],[73.7371,31.94394],[73.7376,31.94388]]]]}},{"type":"Feature","properties":{"lu":"Graveyard","ct":"Existing","a":1.794},"geometry":{"type":"MultiPolygon","coordinates":[[[[73.75365,31.95135],[73.75334,31.95135],[73.75334,31.95155],[73.75298,31.95155],[73.75299,31.95246],[73.7537,31.95244],[73.75365,31.95135]]]]}},{"type":"Feature","properties":{"lu":"Graveyard","ct":"Existing","a":0.527},"geometry":{"type":"MultiPolygon","coordinates":[[[[73.75704,31.95727],[73.75703,31.95758],[73.75771,31.95758],[73.75771,31.95728],[73.75704,31.95727]]]]}},{"type":"Feature","properties":{"lu":"Graveyard","ct":"Existing","a":1.127},"geometry":{"type":"MultiPolygon","coordinates":[[[[73.74384,31.96039],[73.7431,31.96034],[73.74311,31.96095],[73.74385,31.96096],[73.74384,31.96039]]]]}},{"type":"Feature","properties":{"lu":"Graveyard","ct":"Existing","a":0.893},"geometry":{"type":"MultiPolygon","coordinates":[[[[73.73311,31.97886],[73.73351,31.97879],[73.73351,31.97858],[73.73251,31.97854],[73.73252,31.97882],[73.73262,31.97899],[73.73285,31.97901],[73.73311,31.97886]]]]}},{"type":"Feature","properties":{"lu":"Graveyard","ct":"Existing","a":11.115},"geometry":{"type":"MultiPolygon","coordinates":[[[[73.72911,31.99247],[73.72773,31.99246],[73.72771,31.9942],[73.72836,31.99459],[73.72846,31.99485],[73.72868,31.99515],[73.72871,31.99547],[73.72909,31.99547],[73.72912,31.99524],[73.72938,31.99515],[73.72955,31.99488],[73.72975,31.99435],[73.72976,31.99354],[73.72909,31.99321],[73.72911,31.99247]]]]}},{"type":"Feature","properties":{"lu":"Educational Institution - Private","ct":"Existing","a":0.191},"geometry":{"type":"MultiPolygon","coordinates":[[[[73.33307,31.85986],[73.33302,31.85971],[73.33258,31.85984],[73.33265,31.85998],[73.33307,31.85986]]]]}},{"type":"Feature","properties":{"lu":"Educational Institution - Private","ct":"Existing","a":0.33},"geometry":{"type":"MultiPolygon","coordinates":[[[[73.34254,31.89096],[73.34263,31.89075],[73.34194,31.89084],[73.34185,31.89102],[73.34254,31.89096]]]]}},{"type":"Feature","properties":{"lu":"Religious Building","ct":"Existing","a":0.146},"geometry":{"type":"MultiPolygon","coordinates":[[[[73.33621,31.89336],[73.33586,31.89327],[73.3358,31.89341],[73.33611,31.89352],[73.33621,31.89336]]]]}},{"type":"Feature","properties":{"lu":"Educational Institution - Public","ct":"Existing","a":0.134},"geometry":{"type":"MultiPolygon","coordinates":[[[[73.35005,31.88395],[73.34976,31.88389],[73.34971,31.88406],[73.35,31.88412],[73.35005,31.88395]]]]}},{"type":"Feature","properties":{"lu":"Graveyard","ct":"Existing","a":1.757},"geometry":{"type":"MultiPolygon","coordinates":[[[[73.34938,31.88347],[73.34878,31.88344],[73.34853,31.88369],[73.34849,31.88408],[73.34938,31.88417],[73.34974,31.88352],[73.34938,31.88347]]]]}},{"type":"Feature","properties":{"lu":"Educational Institution - Private","ct":"Existing","a":0.549},"geometry":{"type":"MultiPolygon","coordinates":[[[[73.21586,31.85829],[73.21573,31.85779],[73.21537,31.85781],[73.21546,31.85836],[73.21586,31.85829]]]]}},{"type":"Feature","properties":{"lu":"Educational Institution - Public","ct":"Existing","a":0.353},"geometry":{"type":"MultiPolygon","coordinates":[[[[73.20333,31.8682],[73.20265,31.86815],[73.20263,31.86834],[73.20331,31.8684],[73.20333,31.8682]]]]}},{"type":"Feature","properties":{"lu":"Educational Institution - Public","ct":"Existing","a":0.078},"geometry":{"type":"MultiPolygon","coordinates":[[[[73.18757,31.86676],[73.18753,31.8667],[73.18726,31.86689],[73.18733,31.86698],[73.18757,31.86676]]]]}},{"type":"Feature","properties":{"lu":"Educational Institution - Public","ct":"Existing","a":0.075},"geometry":{"type":"MultiPolygon","coordinates":[[[[73.18809,31.85641],[73.18803,31.85627],[73.18786,31.85634],[73.18792,31.85648],[73.18809,31.85641]]]]}},{"type":"Feature","properties":{"lu":"Educational Institution - Public","ct":"Existing","a":1.543},"geometry":{"type":"MultiPolygon","coordinates":[[[[73.18524,31.85703],[73.18583,31.85669],[73.1854,31.85595],[73.18481,31.85626],[73.18524,31.85703]]]]}},{"type":"Feature","properties":{"lu":"Educational Institution - Private","ct":"Existing","a":0.046},"geometry":{"type":"MultiPolygon","coordinates":[[[[73.25445,31.8002],[73.25428,31.80021],[73.25426,31.8003],[73.25445,31.80031],[73.25445,31.8002]]]]}},{"type":"Feature","properties":{"lu":"Educational Institution - Public","ct":"Existing","a":0.147},"geometry":{"type":"MultiPolygon","coordinates":[[[[73.25375,31.80081],[73.25351,31.8008],[73.25351,31.80105],[73.25374,31.80105],[73.25375,31.80081]]]]}},{"type":"Feature","properties":{"lu":"Educational Institution - Public","ct":"Existing","a":0.517},"geometry":{"type":"MultiPolygon","coordinates":[[[[73.25022,31.78839],[73.24955,31.78843],[73.2501,31.78888],[73.25025,31.78888],[73.25022,31.78839]]]]}},{"type":"Feature","properties":{"lu":"Educational Institution - Public","ct":"Existing","a":0.451},"geometry":{"type":"MultiPolygon","coordinates":[[[[73.27227,31.79077],[73.2727,31.79058],[73.27244,31.79027],[73.2721,31.79035],[73.27227,31.79077]]]]}},{"type":"Feature","properties":{"lu":"Religious Building","ct":"Existing","a":0.147},"geometry":{"type":"MultiPolygon","coordinates":[[[[73.25732,31.81928],[73.25709,31.81927],[73.25707,31.81951],[73.2573,31.81953],[73.25732,31.81928]]]]}},{"type":"Feature","properties":{"lu":"Educational Institution - Public","ct":"Existing","a":0.208},"geometry":{"type":"MultiPolygon","coordinates":[[[[73.273,31.8192],[73.27276,31.8192],[73.27276,31.81954],[73.273,31.81954],[73.273,31.8192]]]]}},{"type":"Feature","properties":{"lu":"Health Institution - Public","ct":"Existing","a":1.253},"geometry":{"type":"MultiPolygon","coordinates":[[[[73.28002,31.8209],[73.27933,31.8209],[73.27925,31.82157],[73.28001,31.82157],[73.28002,31.8209]]]]}},{"type":"Feature","properties":{"lu":"Religious Building","ct":"Existing","a":0.138},"geometry":{"type":"MultiPolygon","coordinates":[[[[73.27756,31.8261],[73.27737,31.82608],[73.27731,31.82634],[73.27753,31.82636],[73.27756,31.8261]]]]}},{"type":"Feature","properties":{"lu":"Religious Building","ct":"Existing","a":0.1},"geometry":{"type":"MultiPolygon","coordinates":[[[[73.27868,31.82617],[73.27863,31.82595],[73.27847,31.82597],[73.27849,31.82619],[73.27868,31.82617]]]]}},{"type":"Feature","properties":{"lu":"Educational Institution - Public","ct":"Existing","a":2.171,"nm":"GGHS Mustafa Abad"},"geometry":{"type":"MultiPolygon","coordinates":[[[[73.27923,31.8301],[73.28008,31.83008],[73.28008,31.82949],[73.2787,31.82949],[73.27867,31.83011],[73.27923,31.8301]]]]}},{"type":"Feature","properties":{"lu":"Religious Building","ct":"Existing","a":0.06},"geometry":{"type":"MultiPolygon","coordinates":[[[[73.27181,31.85088],[73.27193,31.85089],[73.27194,31.85069],[73.27183,31.85068],[73.27181,31.85088]]]]}},{"type":"Feature","properties":{"lu":"Educational Institution - Public","ct":"Existing","a":0.276},"geometry":{"type":"MultiPolygon","coordinates":[[[[73.2633,31.85465],[73.26315,31.85465],[73.26315,31.85493],[73.26352,31.85493],[73.26353,31.85464],[73.2633,31.85465]]]]}},{"type":"Feature","properties":{"lu":"Religious Building","ct":"Existing","a":0.15},"geometry":{"type":"MultiPolygon","coordinates":[[[[73.26373,31.85282],[73.26367,31.85282],[73.26364,31.85303],[73.26392,31.85306],[73.26392,31.85284],[73.26373,31.85282]]]]}},{"type":"Feature","properties":{"lu":"Educational Institution - Public","ct":"Existing","a":1.795},"geometry":{"type":"MultiPolygon","coordinates":[[[[73.26303,31.84372],[73.26301,31.84417],[73.26373,31.84419],[73.26373,31.84319],[73.26306,31.84319],[73.26303,31.84372]]]]}},{"type":"Feature","properties":{"lu":"Educational Institution - Public","ct":"Existing","a":0.353},"geometry":{"type":"MultiPolygon","coordinates":[[[[73.25115,31.83499],[73.2511,31.83466],[73.2507,31.8347],[73.2507,31.83501],[73.25115,31.83499]]]]}},{"type":"Feature","properties":{"lu":"Educational Institution - Public","ct":"Existing","a":0.29},"geometry":{"type":"MultiPolygon","coordinates":[[[[73.25013,31.83929],[73.25011,31.83899],[73.24975,31.83901],[73.24976,31.83931],[73.25013,31.83929]]]]}},{"type":"Feature","properties":{"lu":"Religious Building","ct":"Existing","a":0.124},"geometry":{"type":"MultiPolygon","coordinates":[[[[73.24961,31.83661],[73.24959,31.83637],[73.2494,31.83638],[73.24941,31.83664],[73.24961,31.83661]]]]}},{"type":"Feature","properties":{"lu":"Educational Institution - Public","ct":"Existing","a":0.462},"geometry":{"type":"MultiPolygon","coordinates":[[[[73.22655,31.85244],[73.22705,31.85231],[73.22688,31.85195],[73.22659,31.85203],[73.22667,31.85218],[73.22639,31.85225],[73.22642,31.85239],[73.22652,31.85237],[73.22655,31.85244]]]]}},{"type":"Feature","properties":{"lu":"Educational Institution - Public","ct":"Existing","a":0.912},"geometry":{"type":"MultiPolygon","coordinates":[[[[73.22428,31.85636],[73.22405,31.85581],[73.22347,31.85598],[73.22373,31.85652],[73.22428,31.85636]]]]}},{"type":"Feature","properties":{"lu":"Educational Institution - Private","ct":"Existing","a":0.511},"geometry":{"type":"MultiPolygon","coordinates":[[[[73.23724,31.86079],[73.23719,31.8604],[73.23674,31.8604],[73.2367,31.86081],[73.23724,31.86079]]]]}},{"type":"Feature","properties":{"lu":"Religious Building","ct":"Existing","a":0.109},"geometry":{"type":"MultiPolygon","coordinates":[[[[73.2893,31.84707],[73.28905,31.84707],[73.28904,31.84724],[73.28927,31.84725],[73.2893,31.84707]]]]}},{"type":"Feature","properties":{"lu":"Educational Institution - Public","ct":"Existing","a":0.326},"geometry":{"type":"MultiPolygon","coordinates":[[[[73.3006,31.79084],[73.30042,31.79084],[73.30039,31.79111],[73.30085,31.79112],[73.30086,31.79084],[73.3006,31.79084]]]]}},{"type":"Feature","properties":{"lu":"Religious Building","ct":"Existing","a":0.014},"geometry":{"type":"MultiPolygon","coordinates":[[[[73.29886,31.79087],[73.29879,31.79087],[73.29879,31.79094],[73.29887,31.79093],[73.29886,31.79087]]]]}},{"type":"Feature","properties":{"lu":"Religious Building","ct":"Existing","a":0.047},"geometry":{"type":"MultiPolygon","coordinates":[[[[73.30685,31.79399],[73.30674,31.79398],[73.30675,31.79414],[73.30688,31.79414],[73.30685,31.79399]]]]}},{"type":"Feature","properties":{"lu":"Educational Institution - Public","ct":"Existing","a":0.185},"geometry":{"type":"MultiPolygon","coordinates":[[[[73.44006,31.85615],[73.44,31.85595],[73.43968,31.856],[73.43973,31.85622],[73.44006,31.85615]]]]}},{"type":"Feature","properties":{"lu":"Educational Institution - Public","ct":"Existing","a":0.614},"geometry":{"type":"MultiPolygon","coordinates":[[[[73.33049,31.80369],[73.33003,31.80335],[73.32968,31.80343],[73.32986,31.80388],[73.33049,31.80369]]]]}},{"type":"Feature","properties":{"lu":"Educational Institution - Private","ct":"Existing","a":0.472},"geometry":{"type":"MultiPolygon","coordinates":[[[[73.34254,31.89096],[73.34185,31.89102],[73.34179,31.89115],[73.34236,31.89138],[73.34254,31.89096]]]]}},{"type":"Feature","properties":{"lu":"Religious Building","ct":"Existing","a":0.017},"geometry":{"type":"MultiPolygon","coordinates":[[[[73.30039,31.78509],[73.30027,31.78509],[73.30026,31.78514],[73.30037,31.78515],[73.30039,31.78509]]]]}},{"type":"Feature","properties":{"lu":"Graveyard","ct":"Existing","a":4.953},"geometry":{"type":"MultiPolygon","coordinates":[[[[73.33167,31.80527],[73.33055,31.80455],[73.33035,31.8047],[73.32993,31.80527],[73.33018,31.80566],[73.32985,31.80577],[73.33018,31.80631],[73.33139,31.80599],[73.33129,31.80557],[73.33167,31.80541],[73.33167,31.80527]]]]}},{"type":"Feature","properties":{"lu":"Graveyard","ct":"Existing","a":29.014},"geometry":{"type":"MultiPolygon","coordinates":[[[[73.30017,31.78101],[73.30101,31.78004],[73.30137,31.7802],[73.30282,31.77902],[73.30352,31.77928],[73.30447,31.77768],[73.30401,31.77749],[73.30314,31.77728],[73.30222,31.77716],[73.30151,31.77684],[73.30089,31.77764],[73.30052,31.77854],[73.29838,31.78142],[73.2996,31.78172],[73.30017,31.78101]]]]}},{"type":"Feature","properties":{"lu":"Educational Institution - Public","ct":"Existing","a":0.581},"geometry":{"type":"MultiPolygon","coordinates":[[[[73.30892,31.86679],[73.30885,31.8668],[73.30894,31.86715],[73.30955,31.86705],[73.30947,31.8667],[73.30892,31.86679]]]]}},{"type":"Feature","properties":{"lu":"Educational Institution - Public","ct":"Existing","a":1.207},"geometry":{"type":"MultiPolygon","coordinates":[[[[73.29514,31.84884],[73.29526,31.84889],[73.29522,31.84899],[73.29579,31.8493],[73.2961,31.84872],[73.29542,31.84843],[73.29514,31.84884]]]]}},{"type":"Feature","properties":{"lu":"Educational Institution - Public","ct":"Existing","a":1.238,"nm":"GGHS Kot Nakka"},"geometry":{"type":"MultiPolygon","coordinates":[[[[73.32894,31.86225],[73.32987,31.86214],[73.32965,31.86157],[73.32881,31.86186],[73.32888,31.86226],[73.32894,31.86225]]]]}},{"type":"Feature","properties":{"lu":"Graveyard","ct":"Existing","a":6.3},"geometry":{"type":"MultiPolygon","coordinates":[[[[73.32592,31.85669],[73.3266,31.85649],[73.32624,31.85543],[73.32619,31.8553],[73.32575,31.85544],[73.32528,31.85497],[73.3245,31.85639],[73.32455,31.85659],[73.32473,31.85657],[73.32477,31.85691],[73.32592,31.85669]]]]}},{"type":"Feature","properties":{"lu":"Educational Institution - Public","ct":"Existing","a":0.0},"geometry":{"type":"MultiPolygon","coordinates":[[[[73.34406,31.85166],[73.34404,31.85166],[73.34405,31.85167],[73.34406,31.85166]]]]}},{"type":"Feature","properties":{"lu":"Religious Building","ct":"Existing","a":0.188},"geometry":{"type":"MultiPolygon","coordinates":[[[[73.33939,31.79961],[73.33929,31.79931],[73.33907,31.79937],[73.33917,31.79967],[73.33939,31.79961]]]]}},{"type":"Feature","properties":{"lu":"Religious Building","ct":"Existing","a":0.027},"geometry":{"type":"MultiPolygon","coordinates":[[[[73.3656,31.80808],[73.36561,31.80797],[73.3655,31.808],[73.36548,31.80808],[73.3656,31.80808]]]]}},{"type":"Feature","properties":{"lu":"Religious Building","ct":"Existing","a":0.064},"geometry":{"type":"MultiPolygon","coordinates":[[[[73.35226,31.9221],[73.35204,31.9221],[73.35203,31.92219],[73.35226,31.92223],[73.35226,31.9221]]]]}},{"type":"Feature","properties":{"lu":"Graveyard","ct":"Existing","a":5.272},"geometry":{"type":"MultiPolygon","coordinates":[[[[73.34164,31.90642],[73.34037,31.90545],[73.33913,31.90571],[73.33927,31.90676],[73.34164,31.90642]]]]}},{"type":"Feature","properties":{"lu":"Graveyard","ct":"Existing","a":24.082},"geometry":{"type":"MultiPolygon","coordinates":[[[[73.37008,31.89693],[73.37011,31.89838],[73.37127,31.89839],[73.37349,31.89872],[73.3741,31.89869],[73.37449,31.89851],[73.37449,31.89641],[73.37225,31.89642],[73.37079,31.89625],[73.37008,31.89693]]]]}},{"type":"Feature","properties":{"lu":"Graveyard","ct":"Existing","a":12.217},"geometry":{"type":"MultiPolygon","coordinates":[[[[73.40342,31.91625],[73.40286,31.91601],[73.40202,31.91607],[73.40142,31.91628],[73.40154,31.91667],[73.40142,31.91693],[73.40139,31.9178],[73.40382,31.9183],[73.40399,31.91757],[73.40396,31.91711],[73.40379,31.9167],[73.4038,31.9163],[73.40342,31.91625]]]]}},{"type":"Feature","properties":{"lu":"Educational Institution - Public","ct":"Existing","a":0.139},"geometry":{"type":"MultiPolygon","coordinates":[[[[73.42424,31.88618],[73.42428,31.88642],[73.42447,31.88646],[73.42444,31.88615],[73.42424,31.88618]]]]}},{"type":"Feature","properties":{"lu":"Religious Building","ct":"Existing","a":0.034},"geometry":{"type":"MultiPolygon","coordinates":[[[[73.41,31.8724],[73.40986,31.87235],[73.40982,31.87244],[73.40997,31.87247],[73.41,31.8724]]]]}},{"type":"Feature","properties":{"lu":"Educational Institution - Public","ct":"Existing","a":0.008},"geometry":{"type":"MultiPolygon","coordinates":[[[[73.4102,31.87752],[73.41014,31.87748],[73.41013,31.87752],[73.4102,31.87752]]],[[[73.4102,31.87779],[73.41025,31.87784],[73.41026,31.87779],[73.4102,31.87779]]]]}},{"type":"Feature","properties":{"lu":"Religious Building","ct":"Existing","a":0.084},"geometry":{"type":"MultiPolygon","coordinates":[[[[73.41255,31.88305],[73.41257,31.88293],[73.41231,31.88294],[73.41231,31.88307],[73.41255,31.88305]]]]}},{"type":"Feature","properties":{"lu":"Educational Institution - Private","ct":"Existing","a":0.018},"geometry":{"type":"MultiPolygon","coordinates":[[[[73.41699,31.88199],[73.41693,31.88198],[73.4169,31.88208],[73.417,31.88208],[73.41699,31.88199]]]]}},{"type":"Feature","properties":{"lu":"Religious Building","ct":"Existing","a":0.102},"geometry":{"type":"MultiPolygon","coordinates":[[[[73.43095,31.88269],[73.43072,31.88265],[73.43071,31.88285],[73.43089,31.88287],[73.43095,31.88269]]]]}},{"type":"Feature","properties":{"lu":"Health Institution - Public","ct":"Existing","a":0.139},"geometry":{"type":"MultiPolygon","coordinates":[[[[73.43704,31.88057],[73.4368,31.88057],[73.43681,31.88079],[73.43705,31.88079],[73.43704,31.88057]]]]}},{"type":"Feature","properties":{"lu":"Religious Building","ct":"Existing","a":0.029},"geometry":{"type":"MultiPolygon","coordinates":[[[[73.37879,31.85387],[73.37863,31.85387],[73.37862,31.85394],[73.37878,31.85394],[73.37879,31.85387]]]]}},{"type":"Feature","properties":{"lu":"Religious Building","ct":"Existing","a":0.078,"nm":"Noori Masjid"},"geometry":{"type":"MultiPolygon","coordinates":[[[[73.31254,31.91972],[73.3125,31.91971],[73.3125,31.91972],[73.31254,31.91972]]],[[[73.31232,31.91972],[73.31234,31.91991],[73.31248,31.9199],[73.3125,31.91972],[73.31232,31.91972]]]]}},{"type":"Feature","properties":{"lu":"Educational Institution - Public","ct":"Existing","a":0.266,"nm":"Govt.Girls School"},"geometry":{"type":"MultiPolygon","coordinates":[[[[73.31287,31.92038],[73.3128,31.92015],[73.31239,31.92016],[73.31235,31.92038],[73.31287,31.92038]]]]}},{"type":"Feature","properties":{"lu":"Public Building and Govt Office","ct":"Existing","a":0.18,"nm":"Police Check Post"},"geometry":{"type":"MultiPolygon","coordinates":[[[[73.28291,31.92814],[73.28277,31.92812],[73.28301,31.92848],[73.28327,31.92822],[73.28291,31.92814]]]]}},{"type":"Feature","properties":{"lu":"Graveyard","ct":"Existing","a":6.603},"geometry":{"type":"MultiPolygon","coordinates":[[[[73.53496,32.2199],[73.53488,32.21987],[73.53477,32.2203],[73.53491,32.2204],[73.53493,32.22064],[73.53531,32.22107],[73.53539,32.22149],[73.53571,32.22176],[73.53579,32.2221],[73.53701,32.22161],[73.53654,32.22086],[73.53653,32.22071],[73.53591,32.22016],[73.53536,32.21994],[73.53496,32.2199]]]]}},{"type":"Feature","properties":{"lu":"Educational Institution - Public","ct":"Existing","a":0.258},"geometry":{"type":"MultiPolygon","coordinates":[[[[73.56183,32.10634],[73.56146,32.1063],[73.56137,32.10656],[73.56176,32.1066],[73.56183,32.10634]]]]}},{"type":"Feature","properties":{"lu":"Educational Institution - Public","ct":"Existing","a":0.862},"geometry":{"type":"MultiPolygon","coordinates":[[[[73.5387,32.12411],[73.53816,32.12407],[73.5381,32.12468],[73.53864,32.12472],[73.5387,32.12411]]]]}},{"type":"Feature","properties":{"lu":"Educational Institution - Private","ct":"Existing","a":0.712},"geometry":{"type":"MultiPolygon","coordinates":[[[[73.48267,32.1339],[73.48265,32.13359],[73.482,32.13357],[73.48187,32.13369],[73.48189,32.13398],[73.48267,32.1339]]]]}},{"type":"Feature","properties":{"lu":"Graveyard","ct":"Existing","a":2.274},"geometry":{"type":"MultiPolygon","coordinates":[[[[73.50824,32.09832],[73.50789,32.09755],[73.50724,32.09764],[73.50696,32.09776],[73.50719,32.09857],[73.50824,32.09832]]]]}},{"type":"Feature","properties":{"lu":"Graveyard","ct":"Existing","a":0.415},"geometry":{"type":"MultiPolygon","coordinates":[[[[73.52736,32.09235],[73.52699,32.09233],[73.52697,32.09277],[73.52732,32.09279],[73.52736,32.09235]]]]}},{"type":"Feature","properties":{"lu":"Graveyard","ct":"Existing","a":13.667},"geometry":{"type":"MultiPolygon","coordinates":[[[[73.53901,32.05635],[73.53871,32.05589],[73.53736,32.05626],[73.53719,32.05617],[73.53714,32.05584],[73.53675,32.05611],[73.53686,32.05635],[73.53581,32.05648],[73.53612,32.05782],[73.53876,32.05784],[73.53933,32.05762],[73.53901,32.05635]]]]}},{"type":"Feature","properties":{"lu":"Educational Institution - Public","ct":"Existing","a":0.084},"geometry":{"type":"MultiPolygon","coordinates":[[[[73.56867,32.03999],[73.56877,32.03996],[73.56871,32.03983],[73.56849,32.03991],[73.56855,32.04004],[73.56867,32.03999]]]]}},{"type":"Feature","properties":{"lu":"Educational Institution - Public","ct":"Existing","a":0.117},"geometry":{"type":"MultiPolygon","coordinates":[[[[73.57482,32.04008],[73.57475,32.0399],[73.57453,32.03997],[73.5746,32.04016],[73.57482,32.04008]]]]}},{"type":"Feature","properties":{"lu":"Graveyard","ct":"Existing","a":7.686},"geometry":{"type":"MultiPolygon","coordinates":[[[[73.54687,32.05341],[73.54681,32.05307],[73.54632,32.05309],[73.54608,32.052],[73.54429,32.05223],[73.54437,32.05271],[73.5441,32.05277],[73.54424,32.05329],[73.54492,32.05314],[73.545,32.05322],[73.54498,32.05345],[73.54508,32.05368],[73.54567,32.05344],[73.54626,32.05341],[73.54643,32.05346],[73.54641,32.05388],[73.54713,32.05384],[73.54712,32.05345],[73.54687,32.05341]]]]}},{"type":"Feature","properties":{"lu":"Educational Institution - Public","ct":"Existing","a":0.271},"geometry":{"type":"MultiPolygon","coordinates":[[[[73.59552,32.11277],[73.59517,32.11276],[73.59515,32.11305],[73.59552,32.11306],[73.59552,32.11277]]]]}},{"type":"Feature","properties":{"lu":"Religious Building","ct":"Existing","a":0.052},"geometry":{"type":"MultiPolygon","coordinates":[[[[73.60966,32.11501],[73.60958,32.1149],[73.60945,32.11496],[73.60955,32.11508],[73.60966,32.11501]]]]}},{"type":"Feature","properties":{"lu":"Educational Institution - Public","ct":"Existing","a":0.237},"geometry":{"type":"MultiPolygon","coordinates":[[[[73.59178,32.05982],[73.59129,32.05981],[73.59155,32.06007],[73.59179,32.06004],[73.59178,32.05982]]]]}},{"type":"Feature","properties":{"lu":"Graveyard","ct":"Existing","a":3.049},"geometry":{"type":"MultiPolygon","coordinates":[[[[73.47719,32.14179],[73.47538,32.14187],[73.47601,32.1423],[73.47716,32.14309],[73.47719,32.14179]]]]}},{"type":"Feature","properties":{"lu":"Graveyard","ct":"Existing","a":14.112,"nm":"Graveyard Vanike Tarrar"},"geometry":{"type":"MultiPolygon","coordinates":[[[[73.57993,32.21471],[73.57979,32.21459],[73.58201,32.21446],[73.58266,32.21454],[73.58272,32.21439],[73.5829,32.21438],[73.58285,32.21422],[73.58268,32.21421],[73.58176,32.21331],[73.58163,32.21296],[73.58254,32.21271],[73.58216,32.2115],[73.58154,32.21151],[73.58154,32.21222],[73.58099,32.21233],[73.58085,32.21222],[73.58068,32.21299],[73.58023,32.21317],[73.5799,32.21357],[73.57914,32.21408],[73.57993,32.21471]]]]}},{"type":"Feature","properties":{"lu":"Health Institution - Public","ct":"Existing","a":2.367},"geometry":{"type":"MultiPolygon","coordinates":[[[[73.62742,32.14567],[73.62711,32.1456],[73.62689,32.14619],[73.62828,32.14651],[73.62855,32.14592],[73.62742,32.14567]]]]}},{"type":"Feature","properties":{"lu":"Graveyard","ct":"Existing","a":18.615},"geometry":{"type":"MultiPolygon","coordinates":[[[[73.62317,32.1501],[73.62118,32.14941],[73.61979,32.15215],[73.62104,32.15262],[73.62175,32.15128],[73.62245,32.15168],[73.62245,32.15178],[73.62282,32.15203],[73.62302,32.15207],[73.62347,32.15101],[73.62395,32.1511],[73.62427,32.15107],[73.62458,32.15053],[73.62317,32.1501]]]]}},{"type":"Feature","properties":{"lu":"Educational Institution - Public","ct":"Existing","a":0.592},"geometry":{"type":"MultiPolygon","coordinates":[[[[73.6137,32.23204],[73.61343,32.23191],[73.61306,32.23243],[73.61339,32.23259],[73.61376,32.23207],[73.6137,32.23204]]]]}},{"type":"Feature","properties":{"lu":"Educational Institution - Public","ct":"Existing","a":4.839,"nm":"Govt Boys College"},"geometry":{"type":"MultiPolygon","coordinates":[[[[73.59956,32.22472],[73.60088,32.22535],[73.60087,32.22366],[73.59956,32.22358],[73.59956,32.22472]]]]}},{"type":"Feature","properties":{"lu":"Educational Institution - Public","ct":"Existing","a":0.168},"geometry":{"type":"MultiPolygon","coordinates":[[[[73.64235,32.21397],[73.64209,32.21402],[73.64215,32.21426],[73.64241,32.21421],[73.64235,32.21397]]]]}},{"type":"Feature","properties":{"lu":"Educational Institution - Public","ct":"Existing","a":0.119},"geometry":{"type":"MultiPolygon","coordinates":[[[[73.58352,32.26047],[73.5834,32.2604],[73.58321,32.26065],[73.58335,32.26072],[73.58352,32.26047]]]]}},{"type":"Feature","properties":{"lu":"Educational Institution - Public","ct":"Existing","a":1.195},"geometry":{"type":"MultiPolygon","coordinates":[[[[73.57675,32.23673],[73.57685,32.23666],[73.57658,32.23638],[73.57561,32.23687],[73.57603,32.23722],[73.57675,32.23673]]]]}},{"type":"Feature","properties":{"lu":"Educational Institution - Public","ct":"Existing","a":0.929},"geometry":{"type":"MultiPolygon","coordinates":[[[[73.59378,32.24389],[73.5932,32.24359],[73.59288,32.24402],[73.59347,32.24434],[73.59378,32.24389]]]]}},{"type":"Feature","properties":{"lu":"Educational Institution - Public","ct":"Existing","a":0.957},"geometry":{"type":"MultiPolygon","coordinates":[[[[73.59445,32.24418],[73.59412,32.24409],[73.59378,32.24389],[73.59347,32.24434],[73.59433,32.24457],[73.59445,32.24418]]]]}},{"type":"Feature","properties":{"lu":"Graveyard","ct":"Existing","a":3.918,"nm":"Graveyard"},"geometry":{"type":"MultiPolygon","coordinates":[[[[73.5756,32.24025],[73.57555,32.24047],[73.57546,32.24045],[73.57546,32.24051],[73.57568,32.24097],[73.57591,32.24112],[73.57657,32.24134],[73.57659,32.24111],[73.57676,32.24114],[73.57673,32.24139],[73.57701,32.24145],[73.57708,32.24099],[73.57729,32.24068],[73.57606,32.24005],[73.5756,32.24025]]]]}},{"type":"Feature","properties":{"lu":"Graveyard","ct":"Existing","a":0.3},"geometry":{"type":"MultiPolygon","coordinates":[[[[73.57464,32.24133],[73.57427,32.24112],[73.57409,32.24138],[73.57455,32.24152],[73.57464,32.24133]]]]}},{"type":"Feature","properties":{"lu":"Educational Institution - Public","ct":"Existing","a":0.725},"geometry":{"type":"MultiPolygon","coordinates":[[[[73.55982,32.23325],[73.55932,32.23299],[73.55893,32.23347],[73.55928,32.23368],[73.55953,32.23337],[73.55968,32.2334],[73.55982,32.23325]]]]}},{"type":"Feature","properties":{"lu":"Educational Institution - Public","ct":"Existing","a":0.266},"geometry":{"type":"MultiPolygon","coordinates":[[[[73.56238,32.23297],[73.56207,32.23278],[73.5619,32.23304],[73.56219,32.23319],[73.56238,32.23297]]]]}},{"type":"Feature","properties":{"lu":"Educational Institution - Public","ct":"Existing","a":0.566},"geometry":{"type":"MultiPolygon","coordinates":[[[[73.61839,32.20439],[73.61838,32.20413],[73.61752,32.20419],[73.61755,32.20445],[73.61839,32.20439]]]]}},{"type":"Feature","properties":{"lu":"Educational Institution - Public","ct":"Existing","a":1.541,"nm":"Govt.Boys Model School"},"geometry":{"type":"MultiPolygon","coordinates":[[[[73.56881,32.20756],[73.5681,32.20752],[73.56805,32.2081],[73.56903,32.20819],[73.5691,32.20759],[73.56881,32.20756]]]]}},{"type":"Feature","properties":{"lu":"Graveyard","ct":"Existing","a":20.721},"geometry":{"type":"MultiPolygon","coordinates":[[[[73.56982,32.2101],[73.56998,32.20897],[73.56935,32.20888],[73.56978,32.20755],[73.5702,32.20712],[73.5696,32.207],[73.56957,32.20713],[73.56932,32.20718],[73.56929,32.20688],[73.56919,32.20686],[73.56911,32.20722],[73.56881,32.20722],[73.56881,32.20756],[73.5691,32.20759],[73.56906,32.20819],[73.56884,32.20885],[73.56846,32.20915],[73.56827,32.20947],[73.5682,32.20988],[73.56886,32.21007],[73.56867,32.21042],[73.56827,32.21066],[73.56769,32.21055],[73.56749,32.21173],[73.56823,32.21176],[73.5681,32.21302],[73.56877,32.21308],[73.56937,32.21303],[73.56976,32.21316],[73.57015,32.21265],[73.56941,32.21255],[73.56982,32.2101]]]]}},{"type":"Feature","properties":{"lu":"Educational Institution - Private","ct":"Existing","a":0.061},"geometry":{"type":"MultiPolygon","coordinates":[[[[73.57819,32.21343],[73.57809,32.21334],[73.57797,32.21349],[73.57808,32.21356],[73.57819,32.21343]]]]}},{"type":"Feature","properties":{"lu":"Disposal Site","ct":"Existing","a":0.254},"geometry":{"type":"MultiPolygon","coordinates":[[[[73.58331,32.2212],[73.58327,32.22091],[73.58283,32.22097],[73.58285,32.22116],[73.58318,32.22112],[73.58318,32.22121],[73.58331,32.2212]]]]}},{"type":"Feature","properties":{"lu":"Educational Institution - Public","ct":"Existing","a":0.201},"geometry":{"type":"MultiPolygon","coordinates":[[[[73.58161,32.21619],[73.58156,32.21615],[73.5811,32.21663],[73.5811,32.21677],[73.58161,32.21619]]]]}},{"type":"Feature","properties":{"lu":"Educational Institution - Public","ct":"Existing","a":0.011},"geometry":{"type":"MultiPolygon","coordinates":[[[[73.58481,32.20946],[73.58478,32.20946],[73.58478,32.20979],[73.58479,32.20972],[73.5848,32.20947],[73.58481,32.20946]]]]}},{"type":"Feature","properties":{"lu":"Educational Institution - Public","ct":"Existing","a":0.438},"geometry":{"type":"MultiPolygon","coordinates":[[[[73.58887,32.17047],[73.58857,32.16998],[73.5883,32.17009],[73.58861,32.17059],[73.58887,32.17047]]]]}},{"type":"Feature","properties":{"lu":"Graveyard","ct":"Existing","a":3.249},"geometry":{"type":"MultiPolygon","coordinates":[[[[73.5891,32.16697],[73.58879,32.1663],[73.58724,32.16686],[73.58749,32.16751],[73.58768,32.16756],[73.5891,32.16697]]]]}},{"type":"Feature","properties":{"lu":"Educational Institution - Public","ct":"Existing","a":0.27},"geometry":{"type":"MultiPolygon","coordinates":[[[[73.61874,32.1891],[73.61873,32.18879],[73.61837,32.18883],[73.61842,32.18913],[73.61874,32.1891]]]]}},{"type":"Feature","properties":{"lu":"Educational Institution - Public","ct":"Existing","a":0.071},"geometry":{"type":"MultiPolygon","coordinates":[[[[73.60514,32.18826],[73.60499,32.18828],[73.605,32.18846],[73.60517,32.18843],[73.60514,32.18826]]]]}},{"type":"Feature","properties":{"lu":"Educational Institution - Private","ct":"Existing","a":0.703},"geometry":{"type":"MultiPolygon","coordinates":[[[[73.61102,32.18723],[73.61055,32.18724],[73.61063,32.18782],[73.61108,32.18781],[73.61102,32.18723]]]]}},{"type":"Feature","properties":{"lu":"Educational Institution - Public","ct":"Existing","a":0.094},"geometry":{"type":"MultiPolygon","coordinates":[[[[73.60982,32.18819],[73.60981,32.18795],[73.60966,32.18796],[73.60968,32.1882],[73.60982,32.18819]]]]}},{"type":"Feature","properties":{"lu":"Educational Institution - Public","ct":"Existing","a":0.854},"geometry":{"type":"MultiPolygon","coordinates":[[[[73.60946,32.18793],[73.60943,32.18736],[73.60886,32.18741],[73.60887,32.18799],[73.60946,32.18793]]]]}},{"type":"Feature","properties":{"lu":"Educational Institution - Public","ct":"Existing","a":0.12},"geometry":{"type":"MultiPolygon","coordinates":[[[[73.60716,32.18641],[73.60686,32.1864],[73.60686,32.18657],[73.60707,32.1866],[73.60716,32.18641]]]]}},{"type":"Feature","properties":{"lu":"Graveyard","ct":"Existing","a":14.041},"geometry":{"type":"MultiPolygon","coordinates":[[[[73.62864,32.14793],[73.6278,32.14803],[73.6275,32.14798],[73.62738,32.14819],[73.62695,32.14828],[73.626,32.14811],[73.62586,32.14844],[73.62575,32.14849],[73.62479,32.14819],[73.62422,32.1488],[73.62484,32.14907],[73.62557,32.14963],[73.62622,32.14992],[73.62639,32.14939],[73.62674,32.14941],[73.62763,32.14927],[73.62848,32.14967],[73.629,32.14799],[73.62864,32.14793]]]]}},{"type":"Feature","properties":{"lu":"Educational Institution - Public","ct":"Existing","a":0.068},"geometry":{"type":"MultiPolygon","coordinates":[[[[73.6424,32.13547],[73.64239,32.13529],[73.64221,32.13535],[73.64228,32.13549],[73.6424,32.13547]]]]}},{"type":"Feature","properties":{"lu":"Educational Institution - Public","ct":"Existing","a":0.928},"geometry":{"type":"MultiPolygon","coordinates":[[[[73.64574,32.13631],[73.64558,32.13577],[73.64494,32.13594],[73.64517,32.13647],[73.64574,32.13631]]]]}},{"type":"Feature","properties":{"lu":"Graveyard","ct":"Existing","a":8.991},"geometry":{"type":"MultiPolygon","coordinates":[[[[73.50393,32.07428],[73.5035,32.07259],[73.50154,32.07281],[73.50201,32.07461],[73.50393,32.07428]]]]}},{"type":"Feature","properties":{"lu":"Educational Institution - Public","ct":"Existing","a":4.401,"nm":"Ghss Kolo Tarar"},"geometry":{"type":"MultiPolygon","coordinates":[[[[73.53875,32.1303],[73.53881,32.12906],[73.53741,32.12907],[73.53729,32.1302],[73.53875,32.1303]]]]}},{"type":"Feature","properties":{"lu":"Educational Institution - Private","ct":"Existing","a":1.325},"geometry":{"type":"MultiPolygon","coordinates":[[[[73.54523,32.13192],[73.54426,32.1319],[73.54424,32.13243],[73.54522,32.13245],[73.54523,32.13192]]]]}},{"type":"Feature","properties":{"lu":"Educational Institution - Public","ct":"Existing","a":0.151},"geometry":{"type":"MultiPolygon","coordinates":[[[[73.54855,32.15441],[73.54828,32.15439],[73.54824,32.15458],[73.54853,32.15463],[73.54855,32.15441]]]]}},{"type":"Feature","properties":{"lu":"Educational Institution - Public","ct":"Existing","a":1.888},"geometry":{"type":"MultiPolygon","coordinates":[[[[73.56627,32.05211],[73.56546,32.05204],[73.56532,32.05291],[73.56624,32.05292],[73.56627,32.05211]]]]}},{"type":"Feature","properties":{"lu":"Educational Institution - Public","ct":"Existing","a":1.191},"geometry":{"type":"MultiPolygon","coordinates":[[[[73.6041,32.0834],[73.60376,32.08262],[73.60324,32.08279],[73.60354,32.08352],[73.6041,32.0834]]]]}},{"type":"Feature","properties":{"lu":"Graveyard","ct":"Existing","a":1.957},"geometry":{"type":"MultiPolygon","coordinates":[[[[73.60712,32.08412],[73.60715,32.08444],[73.60684,32.08446],[73.60722,32.08533],[73.60788,32.08513],[73.60746,32.08402],[73.60712,32.08412]]]]}},{"type":"Feature","properties":{"lu":"Educational Institution - Public","ct":"Existing","a":0.273},"geometry":{"type":"MultiPolygon","coordinates":[[[[73.63008,32.09108],[73.63,32.09079],[73.62965,32.09087],[73.62975,32.09116],[73.63008,32.09108]]]]}},{"type":"Feature","properties":{"lu":"Graveyard","ct":"Existing","a":4.314},"geometry":{"type":"MultiPolygon","coordinates":[[[[73.59119,32.14383],[73.59084,32.14267],[73.58948,32.143],[73.58989,32.14416],[73.59119,32.14383]]]]}},{"type":"Feature","properties":{"lu":"Graveyard","ct":"Existing","a":2.305},"geometry":{"type":"MultiPolygon","coordinates":[[[[73.55793,32.1545],[73.55762,32.1544],[73.55687,32.1547],[73.5567,32.15489],[73.55675,32.15511],[73.55713,32.15537],[73.55731,32.15537],[73.5582,32.15472],[73.55793,32.1545]]]]}},{"type":"Feature","properties":{"lu":"Graveyard","ct":"Existing","a":7.113},"geometry":{"type":"MultiPolygon","coordinates":[[[[73.51186,32.1883],[73.51187,32.1879],[73.50993,32.18808],[73.5102,32.1897],[73.51105,32.18963],[73.51151,32.18947],[73.51172,32.18931],[73.51186,32.1883]]]]}},{"type":"Feature","properties":{"lu":"Public Building and Govt Office","ct":"Existing","a":0.157,"nm":"Govt. Girals Elements School Pindi Bowra"},"geometry":{"type":"MultiPolygon","coordinates":[[[[73.43237,32.17131],[73.43221,32.17119],[73.43201,32.17141],[73.43221,32.17153],[73.43237,32.17131]]]]}},{"type":"Feature","properties":{"lu":"Graveyard","ct":"Existing","a":12.696},"geometry":{"type":"MultiPolygon","coordinates":[[[[73.48374,32.20135],[73.48339,32.20117],[73.48307,32.20066],[73.48282,32.20041],[73.4821,32.2003],[73.48101,32.20032],[73.48097,32.20055],[73.48087,32.20069],[73.48074,32.20071],[73.48037,32.20133],[73.48126,32.20186],[73.48176,32.2023],[73.48273,32.20276],[73.48294,32.20238],[73.48374,32.20135]]]]}},{"type":"Feature","properties":{"lu":"Graveyard","ct":"Existing","a":2.205},"geometry":{"type":"MultiPolygon","coordinates":[[[[73.50874,32.221],[73.50881,32.2208],[73.50732,32.2199],[73.50699,32.2203],[73.50802,32.22097],[73.50874,32.221]]]]}},{"type":"Feature","properties":{"lu":"Public Building and Govt Office","ct":"Existing","a":11.584,"nm":"GEPCO Kolo Tarrar"},"geometry":{"type":"MultiPolygon","coordinates":[[[[73.56246,32.10337],[73.56209,32.10454],[73.56529,32.10475],[73.56538,32.10359],[73.56495,32.10352],[73.56503,32.10299],[73.56534,32.10299],[73.56535,32.10287],[73.56398,32.1027],[73.56393,32.10344],[73.56246,32.10337]]]]}},{"type":"Feature","properties":{"lu":"Health Institution - Public","ct":"Existing","a":1.446},"geometry":{"type":"MultiPolygon","coordinates":[[[[73.6171,32.04714],[73.61758,32.04773],[73.618,32.04689],[73.61737,32.04655],[73.6171,32.04714]]]]}},{"type":"Feature","properties":{"lu":"Religious Building","ct":"Existing","a":0.018},"geometry":{"type":"MultiPolygon","coordinates":[[[[73.62505,31.95914],[73.62516,31.95917],[73.62517,31.95911],[73.62508,31.95908],[73.62505,31.95914]]]]}},{"type":"Feature","properties":{"lu":"Graveyard","ct":"Existing","a":12.34},"geometry":{"type":"MultiPolygon","coordinates":[[[[73.64762,32.00791],[73.64762,32.0076],[73.64796,32.00761],[73.64787,32.00694],[73.64804,32.0067],[73.64833,32.00661],[73.64809,32.00516],[73.64793,32.00496],[73.64611,32.0051],[73.64621,32.00571],[73.64636,32.00572],[73.64643,32.00608],[73.64671,32.00608],[73.64672,32.00637],[73.64629,32.00639],[73.64662,32.00802],[73.64762,32.00791]]]]}},{"type":"Feature","properties":{"lu":"Graveyard","ct":"Existing","a":8.786},"geometry":{"type":"MultiPolygon","coordinates":[[[[73.67408,32.01763],[73.67408,32.01749],[73.67364,32.01759],[73.6735,32.01673],[73.67294,32.01674],[73.67207,32.01694],[73.67436,32.01949],[73.67449,32.01905],[73.67482,32.0189],[73.67494,32.0184],[73.6751,32.01834],[73.67507,32.01805],[73.67503,32.0179],[73.67476,32.01786],[73.67467,32.01773],[73.67408,32.01763]]]]}},{"type":"Feature","properties":{"lu":"Graveyard","ct":"Existing","a":3.309},"geometry":{"type":"MultiPolygon","coordinates":[[[[73.63162,32.04508],[73.63148,32.0432],[73.63081,32.04324],[73.6309,32.04504],[73.63162,32.04508]]]]}},{"type":"Feature","properties":{"lu":"Graveyard","ct":"Existing","a":0.609},"geometry":{"type":"MultiPolygon","coordinates":[[[[73.64788,32.0438],[73.64776,32.04369],[73.64767,32.04372],[73.64713,32.04415],[73.64792,32.04409],[73.64815,32.04397],[73.64788,32.0438]]]]}},{"type":"Feature","properties":{"lu":"Graveyard","ct":"Existing","a":5.614},"geometry":{"type":"MultiPolygon","coordinates":[[[[73.64242,32.03837],[73.6402,32.03845],[73.64168,32.03972],[73.64264,32.03959],[73.6426,32.03837],[73.64242,32.03837]]]]}},{"type":"Feature","properties":{"lu":"Graveyard","ct":"Existing","a":2.991},"geometry":{"type":"MultiPolygon","coordinates":[[[[73.63056,32.03552],[73.63051,32.03476],[73.63036,32.03476],[73.63036,32.0346],[73.62938,32.03459],[73.62939,32.03512],[73.62906,32.03512],[73.62907,32.03544],[73.62947,32.03541],[73.62949,32.03556],[73.63056,32.03552]]]]}},{"type":"Feature","properties":{"lu":"Graveyard","ct":"Existing","a":32.13},"geometry":{"type":"MultiPolygon","coordinates":[[[[73.60641,32.04018],[73.6073,32.0401],[73.60727,32.03855],[73.60762,32.03856],[73.60757,32.03728],[73.60471,32.03738],[73.60464,32.03684],[73.60394,32.03683],[73.60376,32.03704],[73.6036,32.03708],[73.60348,32.03749],[73.6032,32.03754],[73.60335,32.03835],[73.60349,32.039],[73.60382,32.03889],[73.6038,32.03933],[73.60392,32.03985],[73.60424,32.03989],[73.60431,32.04041],[73.60516,32.04053],[73.60549,32.04086],[73.60602,32.04101],[73.60631,32.04118],[73.60632,32.04031],[73.60641,32.04018]]]]}},{"type":"Feature","properties":{"lu":"Educational Institution - Public","ct":"Existing","a":0.04},"geometry":{"type":"MultiPolygon","coordinates":[[[[73.56142,32.02559],[73.56075,32.02578],[73.56052,32.02522],[73.56073,32.02579],[73.56142,32.02559]]]]}},{"type":"Feature","properties":{"lu":"Educational Institution - Public","ct":"Existing","a":0.607},"geometry":{"type":"MultiPolygon","coordinates":[[[[73.579,32.02366],[73.57862,32.02364],[73.5786,32.02426],[73.57898,32.02427],[73.579,32.02366]]]]}},{"type":"Feature","properties":{"lu":"Graveyard","ct":"Existing","a":0.037},"geometry":{"type":"MultiPolygon","coordinates":[[[[73.57767,32.02182],[73.577,32.02173],[73.57699,32.02175],[73.5772,32.02178],[73.57761,32.02183],[73.57767,32.02183],[73.57767,32.02182]]]]}},{"type":"Feature","properties":{"lu":"Religious Building","ct":"Existing","a":0.774},"geometry":{"type":"MultiPolygon","coordinates":[[[[73.57936,31.97206],[73.57927,31.97136],[73.5789,31.9714],[73.57883,31.97195],[73.57895,31.97194],[73.57896,31.97207],[73.57936,31.97206]]]]}},{"type":"Feature","properties":{"lu":"Graveyard","ct":"Existing","a":5.947},"geometry":{"type":"MultiPolygon","coordinates":[[[[73.57936,31.97206],[73.57896,31.97207],[73.57895,31.97194],[73.57883,31.97195],[73.5789,31.9714],[73.57766,31.97173],[73.57777,31.97214],[73.57764,31.97231],[73.57782,31.9731],[73.57841,31.97316],[73.57963,31.97269],[73.57936,31.97206]]]]}},{"type":"Feature","properties":{"lu":"Educational Institution - Public","ct":"Existing","a":0.916},"geometry":{"type":"MultiPolygon","coordinates":[[[[73.57069,31.97438],[73.57056,31.97389],[73.56985,31.97405],[73.57,31.97452],[73.57069,31.97438]]]]}},{"type":"Feature","properties":{"lu":"Educational Institution - Public","ct":"Existing","a":0.297},"geometry":{"type":"MultiPolygon","coordinates":[[[[73.58171,31.99099],[73.58147,31.99056],[73.58124,31.99064],[73.58147,31.99104],[73.58171,31.99099]]]]}},{"type":"Feature","properties":{"lu":"Graveyard","ct":"Existing","a":3.101},"geometry":{"type":"MultiPolygon","coordinates":[[[[73.5919,31.99986],[73.59184,31.99919],[73.5911,31.99933],[73.58971,31.99938],[73.58977,31.99992],[73.5919,31.99986]]]]}},{"type":"Feature","properties":{"lu":"Educational Institution - Public","ct":"Existing","a":0.249},"geometry":{"type":"MultiPolygon","coordinates":[[[[73.6063,31.99459],[73.60609,31.99465],[73.60626,31.99507],[73.60647,31.995],[73.6063,31.99459]]]]}},{"type":"Feature","properties":{"lu":"Educational Institution - Public","ct":"Existing","a":0.97},"geometry":{"type":"MultiPolygon","coordinates":[[[[73.62593,31.97358],[73.62559,31.97315],[73.625,31.97349],[73.62532,31.97392],[73.62593,31.97358]]]]}},{"type":"Feature","properties":{"lu":"Religious Building","ct":"Existing","a":0.061},"geometry":{"type":"MultiPolygon","coordinates":[[[[73.64197,31.97651],[73.64195,31.97637],[73.6418,31.9764],[73.64182,31.97655],[73.64197,31.97651]]]]}},{"type":"Feature","properties":{"lu":"Educational Institution - Public","ct":"Existing","a":0.253},"geometry":{"type":"MultiPolygon","coordinates":[[[[73.64098,31.97566],[73.64075,31.97538],[73.6405,31.97553],[73.64064,31.97576],[73.64098,31.97566]]]]}},{"type":"Feature","properties":{"lu":"Educational Institution - Public","ct":"Existing","a":0.258},"geometry":{"type":"MultiPolygon","coordinates":[[[[73.63584,31.96999],[73.63573,31.96973],[73.63541,31.96985],[73.63554,31.97013],[73.63584,31.96999]]]]}},{"type":"Feature","properties":{"lu":"Religious Building","ct":"Existing","a":0.079},"geometry":{"type":"MultiPolygon","coordinates":[[[[73.63561,31.96961],[73.63561,31.96945],[73.63538,31.96952],[73.63539,31.96962],[73.63561,31.96961]]]]}},{"type":"Feature","properties":{"lu":"Religious Building","ct":"Existing","a":0.073},"geometry":{"type":"MultiPolygon","coordinates":[[[[73.64468,31.96486],[73.64451,31.96483],[73.64452,31.96506],[73.64462,31.96505],[73.64468,31.96486]]]]}},{"type":"Feature","properties":{"lu":"Educational Institution - Public","ct":"Existing","a":0.531},"geometry":{"type":"MultiPolygon","coordinates":[[[[73.6581,31.94856],[73.65753,31.94855],[73.6576,31.94897],[73.65801,31.94899],[73.6581,31.94856]]]]}},{"type":"Feature","properties":{"lu":"Religious Building","ct":"Existing","a":0.009},"geometry":{"type":"MultiPolygon","coordinates":[[[[73.65703,31.94904],[73.65697,31.94904],[73.65697,31.94911],[73.65702,31.9491],[73.65703,31.94904]]]]}},{"type":"Feature","properties":{"lu":"Educational Institution - Public","ct":"Existing","a":0.288,"nm":"GGHS Burj Dara"},"geometry":{"type":"MultiPolygon","coordinates":[[[[73.63473,31.94886],[73.63466,31.94863],[73.63423,31.94873],[73.63428,31.94897],[73.63473,31.94886]]]]}},{"type":"Feature","properties":{"lu":"Religious Building","ct":"Existing","a":0.092},"geometry":{"type":"MultiPolygon","coordinates":[[[[73.65394,31.93823],[73.65393,31.93808],[73.65371,31.93809],[73.65372,31.93826],[73.65394,31.93823]]]]}},{"type":"Feature","properties":{"lu":"Graveyard","ct":"Existing","a":0.149},"geometry":{"type":"MultiPolygon","coordinates":[[[[73.65315,31.93846],[73.65312,31.93798],[73.65301,31.93755],[73.65315,31.93846]]],[[[73.65521,31.93808],[73.65515,31.93851],[73.6553,31.93771],[73.65511,31.93769],[73.65524,31.93773],[73.65521,31.93808]]],[[[73.65317,31.93865],[73.65509,31.93884],[73.65509,31.93883],[73.65317,31.93864],[73.65317,31.93865]]]]}},{"type":"Feature","properties":{"lu":"Educational Institution - Public","ct":"Existing","a":0.316},"geometry":{"type":"MultiPolygon","coordinates":[[[[73.65226,31.93806],[73.65193,31.93806],[73.65195,31.93844],[73.65226,31.93844],[73.65226,31.93806]]]]}},{"type":"Feature","properties":{"lu":"Religious Building","ct":"Existing","a":0.036},"geometry":{"type":"MultiPolygon","coordinates":[[[[73.65108,31.93567],[73.65105,31.9356],[73.65089,31.93561],[73.65089,31.93569],[73.65108,31.93567]]]]}},{"type":"Feature","properties":{"lu":"Religious Building","ct":"Existing","a":0.031},"geometry":{"type":"MultiPolygon","coordinates":[[[[73.65239,31.93537],[73.65239,31.93528],[73.65222,31.93531],[73.65224,31.93538],[73.65239,31.93537]]]]}},{"type":"Feature","properties":{"lu":"Religious Building","ct":"Existing","a":0.076},"geometry":{"type":"MultiPolygon","coordinates":[[[[73.63548,31.91535],[73.63545,31.91518],[73.63531,31.91518],[73.63528,31.91535],[73.63548,31.91535]]]]}},{"type":"Feature","properties":{"lu":"Educational Institution - Public","ct":"Existing","a":0.042},"geometry":{"type":"MultiPolygon","coordinates":[[[[73.63769,31.92079],[73.63757,31.92078],[73.63756,31.92091],[73.63768,31.92093],[73.63769,31.92079]]]]}},{"type":"Feature","properties":{"lu":"Educational Institution - Public","ct":"Existing","a":0.042},"geometry":{"type":"MultiPolygon","coordinates":[[[[73.63736,31.92098],[73.63725,31.92096],[73.63724,31.92109],[73.63736,31.92112],[73.63736,31.92098]]]]}},{"type":"Feature","properties":{"lu":"Religious Building","ct":"Existing","a":0.221},"geometry":{"type":"MultiPolygon","coordinates":[[[[73.65839,31.91954],[73.65838,31.91943],[73.65805,31.91944],[73.65806,31.9197],[73.65841,31.91966],[73.65839,31.91954]]]]}},{"type":"Feature","properties":{"lu":"Educational Institution - Public","ct":"Existing","a":0.174},"geometry":{"type":"MultiPolygon","coordinates":[[[[73.65868,31.91703],[73.65868,31.91698],[73.65842,31.917],[73.65841,31.91725],[73.6587,31.91723],[73.65868,31.91703]]]]}},{"type":"Feature","properties":{"lu":"Religious Building","ct":"Existing","a":0.049},"geometry":{"type":"MultiPolygon","coordinates":[[[[73.60695,31.93368],[73.60682,31.93368],[73.60682,31.93384],[73.60693,31.93385],[73.60695,31.93368]]]]}},{"type":"Feature","properties":{"lu":"Religious Building","ct":"Existing","a":0.097},"geometry":{"type":"MultiPolygon","coordinates":[[[[73.60617,31.93376],[73.60596,31.93373],[73.60594,31.93393],[73.60611,31.93394],[73.60617,31.93376]]]]}},{"type":"Feature","properties":{"lu":"Health Institution - Private","ct":"Existing","a":0.034},"geometry":{"type":"MultiPolygon","coordinates":[[[[73.60461,31.93547],[73.60442,31.93542],[73.60442,31.93549],[73.60459,31.93553],[73.60461,31.93547]]]]}},{"type":"Feature","properties":{"lu":"Educational Institution - Public","ct":"Existing","a":0.189},"geometry":{"type":"MultiPolygon","coordinates":[[[[73.60515,31.93494],[73.60485,31.93487],[73.60476,31.93513],[73.60499,31.93518],[73.60515,31.93494]]]]}},{"type":"Feature","properties":{"lu":"Religious Building","ct":"Existing","a":0.023},"geometry":{"type":"MultiPolygon","coordinates":[[[[73.60445,31.93192],[73.60438,31.93192],[73.60438,31.93203],[73.60447,31.93202],[73.60445,31.93192]]]]}},{"type":"Feature","properties":{"lu":"Public Building and Govt Office","ct":"Existing","a":0.28},"geometry":{"type":"MultiPolygon","coordinates":[[[[73.56736,31.90758],[73.56728,31.90729],[73.56693,31.90738],[73.56703,31.90768],[73.56736,31.90758]]]]}},{"type":"Feature","properties":{"lu":"Educational Institution - Public","ct":"Existing","a":0.16},"geometry":{"type":"MultiPolygon","coordinates":[[[[73.56138,31.90559],[73.56136,31.90537],[73.56115,31.90538],[73.56118,31.90566],[73.56139,31.90566],[73.56138,31.90559]]]]}},{"type":"Feature","properties":{"lu":"Religious Building","ct":"Existing","a":0.028},"geometry":{"type":"MultiPolygon","coordinates":[[[[73.56088,31.90638],[73.56087,31.9063],[73.56074,31.9063],[73.56074,31.90638],[73.56088,31.90638]]]]}},{"type":"Feature","properties":{"lu":"Religious Building","ct":"Existing","a":0.068},"geometry":{"type":"MultiPolygon","coordinates":[[[[73.56464,31.91428],[73.56448,31.91425],[73.56446,31.91443],[73.56462,31.91443],[73.56464,31.91428]]]]}},{"type":"Feature","properties":{"lu":"Educational Institution - Public","ct":"Existing","a":0.096},"geometry":{"type":"MultiPolygon","coordinates":[[[[73.56378,31.91236],[73.56377,31.91218],[73.56356,31.91219],[73.56357,31.91236],[73.56378,31.91236]]]]}},{"type":"Feature","properties":{"lu":"Educational Institution - Public","ct":"Existing","a":2.743},"geometry":{"type":"MultiPolygon","coordinates":[[[[73.56348,31.91296],[73.56347,31.91335],[73.56355,31.91369],[73.56385,31.9137],[73.56464,31.9133],[73.56452,31.91251],[73.5641,31.91251],[73.56378,31.91263],[73.56348,31.91296]]]]}},{"type":"Feature","properties":{"lu":"Religious Building","ct":"Existing","a":0.246},"geometry":{"type":"MultiPolygon","coordinates":[[[[73.56838,31.90974],[73.5681,31.90972],[73.56808,31.91008],[73.56835,31.91007],[73.56838,31.90974]]]]}},{"type":"Feature","properties":{"lu":"Religious Building","ct":"Existing","a":0.023},"geometry":{"type":"MultiPolygon","coordinates":[[[[73.59526,31.91067],[73.59525,31.91057],[73.59517,31.91058],[73.59517,31.91067],[73.59526,31.91067]]]]}},{"type":"Feature","properties":{"lu":"Religious Building","ct":"Existing","a":0.033},"geometry":{"type":"MultiPolygon","coordinates":[[[[73.6051,31.90389],[73.60495,31.90388],[73.60494,31.90396],[73.60509,31.90398],[73.6051,31.90389]]]]}},{"type":"Feature","properties":{"lu":"Educational Institution - Public","ct":"Existing","a":4.19,"nm":"GHS Mian Raheeman"},"geometry":{"type":"MultiPolygon","coordinates":[[[[73.6081,31.89927],[73.60945,31.89942],[73.60969,31.89827],[73.60834,31.89807],[73.6081,31.89927]]]]}},{"type":"Feature","properties":{"lu":"Religious Building","ct":"Existing","a":0.051},"geometry":{"type":"MultiPolygon","coordinates":[[[[73.60848,31.8921],[73.60833,31.89208],[73.60832,31.89221],[73.60848,31.89222],[73.60848,31.8921]]]]}},{"type":"Feature","properties":{"lu":"Religious Building","ct":"Existing","a":0.095},"geometry":{"type":"MultiPolygon","coordinates":[[[[73.60754,31.89238],[73.60731,31.89235],[73.60732,31.89253],[73.60752,31.89255],[73.60754,31.89238]]]]}},{"type":"Feature","properties":{"lu":"Graveyard","ct":"Existing","a":13.074},"geometry":{"type":"MultiPolygon","coordinates":[[[[73.60756,31.89408],[73.6085,31.89418],[73.60843,31.89229],[73.60792,31.89212],[73.60782,31.89182],[73.60785,31.89121],[73.60664,31.89082],[73.60654,31.89162],[73.60628,31.89224],[73.60633,31.89261],[73.60669,31.89308],[73.60686,31.89353],[73.60706,31.89353],[73.60713,31.89415],[73.60722,31.89425],[73.60751,31.8943],[73.60756,31.89408]],[[73.60752,31.89255],[73.60732,31.89253],[73.60731,31.89235],[73.60754,31.89238],[73.60752,31.89255]]]]}},{"type":"Feature","properties":{"lu":"Religious Building","ct":"Existing","a":0.011},"geometry":{"type":"MultiPolygon","coordinates":[[[[73.61347,31.88462],[73.61347,31.88458],[73.61343,31.88459],[73.61341,31.88456],[73.61338,31.88456],[73.61339,31.88463],[73.61347,31.88462]]]]}},{"type":"Feature","properties":{"lu":"Educational Institution - Public","ct":"Existing","a":0.152},"geometry":{"type":"MultiPolygon","coordinates":[[[[73.61213,31.88478],[73.61213,31.88453],[73.61187,31.88455],[73.61189,31.88477],[73.61213,31.88478]]]]}},{"type":"Feature","properties":{"lu":"Educational Institution - Public","ct":"Existing","a":0.168},"geometry":{"type":"MultiPolygon","coordinates":[[[[73.60213,31.8898],[73.60212,31.88961],[73.6018,31.88962],[73.60179,31.88982],[73.60213,31.8898]]]]}},{"type":"Feature","properties":{"lu":"Religious Building","ct":"Existing","a":0.062},"geometry":{"type":"MultiPolygon","coordinates":[[[[73.60661,31.9034],[73.60644,31.90337],[73.60643,31.90352],[73.60658,31.90354],[73.60661,31.9034]]]]}},{"type":"Feature","properties":{"lu":"Educational Institution - Public","ct":"Existing","a":0.911,"nm":"GGHS Mian Raheeman"},"geometry":{"type":"MultiPolygon","coordinates":[[[[73.61228,31.90592],[73.61167,31.90585],[73.61157,31.90641],[73.61219,31.90648],[73.61228,31.90592]]]]}},{"type":"Feature","properties":{"lu":"Educational Institution - Private","ct":"Existing","a":0.131},"geometry":{"type":"MultiPolygon","coordinates":[[[[73.6144,31.90846],[73.61407,31.90841],[73.61404,31.90856],[73.61437,31.90861],[73.6144,31.90846]]]]}},{"type":"Feature","properties":{"lu":"Religious Building","ct":"Existing","a":0.058},"geometry":{"type":"MultiPolygon","coordinates":[[[[73.6127,31.9074],[73.61271,31.9073],[73.61249,31.9073],[73.61249,31.9074],[73.6127,31.9074]]]]}},{"type":"Feature","properties":{"lu":"Religious Building","ct":"Existing","a":0.059},"geometry":{"type":"MultiPolygon","coordinates":[[[[73.64118,31.89832],[73.64114,31.89813],[73.64102,31.89816],[73.64103,31.89832],[73.64118,31.89832]]]]}},{"type":"Feature","properties":{"lu":"Educational Institution - Public","ct":"Existing","a":0.212},"geometry":{"type":"MultiPolygon","coordinates":[[[[73.65872,31.90044],[73.65868,31.90022],[73.65835,31.9002],[73.65841,31.90049],[73.65872,31.90044]]]]}},{"type":"Feature","properties":{"lu":"Religious Building","ct":"Existing","a":0.275},"geometry":{"type":"MultiPolygon","coordinates":[[[[73.68696,31.89516],[73.68659,31.89512],[73.68666,31.89546],[73.68697,31.89546],[73.68696,31.89516]]]]}},{"type":"Feature","properties":{"lu":"Religious Building","ct":"Existing","a":0.035},"geometry":{"type":"MultiPolygon","coordinates":[[[[73.6777,31.91552],[73.67767,31.9154],[73.67758,31.9154],[73.67758,31.91552],[73.6777,31.91552]]]]}},{"type":"Feature","properties":{"lu":"Educational Institution - Public","ct":"Existing","a":0.623},"geometry":{"type":"MultiPolygon","coordinates":[[[[73.71798,31.91912],[73.71861,31.91916],[73.71862,31.91876],[73.718,31.91876],[73.71798,31.91912]]]]}},{"type":"Feature","properties":{"lu":"Religious Building","ct":"Existing","a":0.027},"geometry":{"type":"MultiPolygon","coordinates":[[[[73.71902,31.92849],[73.71902,31.92838],[73.71892,31.92838],[73.71893,31.92849],[73.71902,31.92849]]]]}},{"type":"Feature","properties":{"lu":"Religious Building","ct":"Existing","a":0.046},"geometry":{"type":"MultiPolygon","coordinates":[[[[73.69271,31.91967],[73.69258,31.91966],[73.69258,31.91982],[73.69268,31.91982],[73.69271,31.91967]]]]}},{"type":"Feature","properties":{"lu":"Educational Institution - Private","ct":"Existing","a":0.086},"geometry":{"type":"MultiPolygon","coordinates":[[[[73.69329,31.91993],[73.69309,31.91983],[73.69295,31.91993],[73.69311,31.92003],[73.69329,31.91993]]]]}},{"type":"Feature","properties":{"lu":"Religious Building","ct":"Existing","a":0.067},"geometry":{"type":"MultiPolygon","coordinates":[[[[73.69358,31.91908],[73.6936,31.91923],[73.69377,31.91925],[73.69376,31.91908],[73.69358,31.91908]]]]}},{"type":"Feature","properties":{"lu":"Religious Building","ct":"Existing","a":0.157},"geometry":{"type":"MultiPolygon","coordinates":[[[[73.69897,31.93747],[73.69893,31.93721],[73.6987,31.9373],[73.69871,31.93753],[73.69897,31.93747]]]]}},{"type":"Feature","properties":{"lu":"Graveyard","ct":"Existing","a":2.208},"geometry":{"type":"MultiPolygon","coordinates":[[[[73.70984,31.97199],[73.70985,31.97136],[73.70912,31.9713],[73.70909,31.97147],[73.70871,31.97143],[73.70837,31.97204],[73.70904,31.97209],[73.70907,31.97202],[73.70984,31.97199]]]]}},{"type":"Feature","properties":{"lu":"Graveyard","ct":"Existing","a":12.5},"geometry":{"type":"MultiPolygon","coordinates":[[[[73.70453,31.96368],[73.70523,31.96327],[73.70569,31.96279],[73.70619,31.96251],[73.70616,31.96224],[73.70593,31.96213],[73.70606,31.96038],[73.70456,31.96031],[73.70449,31.96196],[73.70388,31.96195],[73.70391,31.96227],[73.70406,31.96247],[73.70435,31.96257],[73.70426,31.9637],[73.70453,31.96368]]]]}},{"type":"Feature","properties":{"lu":"Religious Building","ct":"Existing","a":0.082},"geometry":{"type":"MultiPolygon","coordinates":[[[[73.69937,31.96321],[73.69935,31.96305],[73.6992,31.96307],[73.69916,31.96327],[73.69937,31.96321]]]]}},{"type":"Feature","properties":{"lu":"Religious Building","ct":"Existing","a":0.199},"geometry":{"type":"MultiPolygon","coordinates":[[[[73.69778,31.96499],[73.69777,31.96464],[73.69754,31.96467],[73.69755,31.96499],[73.69778,31.96499]]]]}},{"type":"Feature","properties":{"lu":"Educational Institution - Public","ct":"Existing","a":0.119},"geometry":{"type":"MultiPolygon","coordinates":[[[[73.69715,31.96507],[73.69713,31.96493],[73.69678,31.96494],[73.69681,31.96507],[73.69715,31.96507]]]]}},{"type":"Feature","properties":{"lu":"Graveyard","ct":"Existing","a":1.103},"geometry":{"type":"MultiPolygon","coordinates":[[[[73.69856,31.96118],[73.69789,31.96131],[73.69788,31.96188],[73.69837,31.96185],[73.69865,31.96167],[73.69856,31.96118]]]]}},{"type":"Feature","properties":{"lu":"Educational Institution - Public","ct":"Existing","a":0.174},"geometry":{"type":"MultiPolygon","coordinates":[[[[73.69919,31.96167],[73.69888,31.96166],[73.69892,31.9619],[73.69922,31.96188],[73.69919,31.96167]]]]}},{"type":"Feature","properties":{"lu":"Educational Institution - Public","ct":"Existing","a":1.665,"nm":"GHS Kot Hussan Khan"},"geometry":{"type":"MultiPolygon","coordinates":[[[[73.70657,31.9625],[73.706,31.9628],[73.70548,31.96328],[73.70549,31.96343],[73.70651,31.96347],[73.70657,31.9625]]]]}},{"type":"Feature","properties":{"lu":"Religious Building","ct":"Existing","a":0.086},"geometry":{"type":"MultiPolygon","coordinates":[[[[73.71046,31.95944],[73.7105,31.9593],[73.71025,31.95935],[73.71023,31.9595],[73.71046,31.95944]]]]}},{"type":"Feature","properties":{"lu":"Religious Building","ct":"Existing","a":0.068},"geometry":{"type":"MultiPolygon","coordinates":[[[[73.71106,31.9615],[73.7109,31.96145],[73.71091,31.96166],[73.71103,31.96165],[73.71106,31.9615]]]]}},{"type":"Feature","properties":{"lu":"Educational Institution - Private","ct":"Existing","a":0.092},"geometry":{"type":"MultiPolygon","coordinates":[[[[73.70875,31.96262],[73.70846,31.96261],[73.70847,31.96276],[73.70868,31.96277],[73.70875,31.96262]]]]}},{"type":"Feature","properties":{"lu":"Educational Institution - Public","ct":"Existing","a":0.785,"nm":"GGHS Kot Hassan Khan"},"geometry":{"type":"MultiPolygon","coordinates":[[[[73.7081,31.96146],[73.7081,31.96172],[73.70886,31.96162],[73.70873,31.96114],[73.7081,31.96146]]]]}},{"type":"Feature","properties":{"lu":"Religious Building","ct":"Existing","a":0.003},"geometry":{"type":"MultiPolygon","coordinates":[[[[73.70794,31.96141],[73.70788,31.96142],[73.70787,31.96146],[73.70794,31.96141]]]]}},{"type":"Feature","properties":{"lu":"Graveyard","ct":"Existing","a":0.176},"geometry":{"type":"MultiPolygon","coordinates":[[[[73.70954,31.96052],[73.70919,31.9605],[73.70922,31.96072],[73.70951,31.96071],[73.70954,31.96052]]]]}},{"type":"Feature","properties":{"lu":"Religious Building","ct":"Existing","a":0.075},"geometry":{"type":"MultiPolygon","coordinates":[[[[73.7109,31.9601],[73.71098,31.95999],[73.71067,31.96003],[73.71067,31.96015],[73.7109,31.9601]]]]}},{"type":"Feature","properties":{"lu":"Graveyard","ct":"Existing","a":6.786},"geometry":{"type":"MultiPolygon","coordinates":[[[[73.49232,31.89379],[73.49293,31.8949],[73.49477,31.89332],[73.4941,31.89333],[73.49397,31.8928],[73.49341,31.89296],[73.49308,31.89295],[73.49259,31.8931],[73.49238,31.89349],[73.49232,31.89379]]]]}},{"type":"Feature","properties":{"lu":"Educational Institution - Public","ct":"Existing","a":0.123},"geometry":{"type":"MultiPolygon","coordinates":[[[[73.45837,31.90872],[73.45832,31.90854],[73.45806,31.90862],[73.45815,31.90879],[73.45837,31.90872]]]]}},{"type":"Feature","properties":{"lu":"Health Institution - Public","ct":"Existing","a":3.143},"geometry":{"type":"MultiPolygon","coordinates":[[[[73.51664,31.92809],[73.51622,31.92784],[73.51477,31.92798],[73.51485,31.9283],[73.51518,31.92829],[73.5152,31.92859],[73.51602,31.92852],[73.51602,31.92882],[73.51668,31.9288],[73.51664,31.92809]]]]}},{"type":"Feature","properties":{"lu":"Religious Building","ct":"Existing","a":0.219},"geometry":{"type":"MultiPolygon","coordinates":[[[[73.3311,31.996],[73.33109,31.99582],[73.33071,31.99577],[73.33065,31.99601],[73.3311,31.996]]]]}},{"type":"Feature","properties":{"lu":"Graveyard","ct":"Existing","a":21.482},"geometry":{"type":"MultiPolygon","coordinates":[[[[73.42436,32.01846],[73.4245,32.0184],[73.42457,32.01856],[73.42566,32.01816],[73.42591,32.01761],[73.42547,32.01647],[73.42229,32.01729],[73.42194,32.01746],[73.42182,32.01871],[73.42259,32.01987],[73.42454,32.01894],[73.42436,32.01846]]]]}},{"type":"Feature","properties":{"lu":"Graveyard","ct":"Existing","a":4.298},"geometry":{"type":"MultiPolygon","coordinates":[[[[73.4082,32.0171],[73.40917,32.01703],[73.41037,32.01679],[73.41005,32.01642],[73.40984,32.01628],[73.40899,32.01588],[73.40876,32.01589],[73.40849,32.01602],[73.40838,32.01622],[73.4082,32.0171]]]]}},{"type":"Feature","properties":{"lu":"Graveyard","ct":"Existing","a":1.699},"geometry":{"type":"MultiPolygon","coordinates":[[[[73.3884,32.01342],[73.38768,32.01314],[73.38767,32.0134],[73.38776,32.01354],[73.38767,32.01377],[73.388,32.01414],[73.38797,32.01433],[73.38841,32.0143],[73.3884,32.01342]]]]}},{"type":"Feature","properties":{"lu":"Religious Building","ct":"Existing","a":0.006},"geometry":{"type":"MultiPolygon","coordinates":[[[[73.33335,31.98857],[73.33334,31.98853],[73.33329,31.98854],[73.33329,31.98858],[73.33335,31.98857]]]]}},{"type":"Feature","properties":{"lu":"Educational Institution - Public","ct":"Existing","a":0.327},"geometry":{"type":"MultiPolygon","coordinates":[[[[73.39506,32.08925],[73.39505,32.08896],[73.39463,32.08897],[73.39463,32.08926],[73.39506,32.08925]]]]}},{"type":"Feature","properties":{"lu":"Educational Institution - Public","ct":"Existing","a":1.008},"geometry":{"type":"MultiPolygon","coordinates":[[[[73.39439,32.08927],[73.39436,32.08872],[73.39367,32.08874],[73.39367,32.08929],[73.39439,32.08927]]]]}},{"type":"Feature","properties":{"lu":"Educational Institution - Public","ct":"Existing","a":1.86},"geometry":{"type":"MultiPolygon","coordinates":[[[[73.38286,31.9633],[73.38279,31.96331],[73.38268,31.96238],[73.38195,31.96242],[73.38213,31.96344],[73.38286,31.9633]]]]}},{"type":"Feature","properties":{"lu":"Public Building and Govt Office","ct":"Existing","a":1.017},"geometry":{"type":"MultiPolygon","coordinates":[[[[73.42049,31.97299],[73.4198,31.97289],[73.41976,31.97347],[73.4204,31.97357],[73.42049,31.97299]]]]}},{"type":"Feature","properties":{"lu":"Educational Institution - Private","ct":"Existing","a":1.44},"geometry":{"type":"MultiPolygon","coordinates":[[[[73.42088,31.97631],[73.42029,31.97606],[73.42017,31.9762],[73.42008,31.97691],[73.42079,31.97699],[73.42088,31.97631]]]]}},{"type":"Feature","properties":{"lu":"Educational Institution - Public","ct":"Existing","a":0.946,"nm":"Ghs Mirza Bhang Sinka"},"geometry":{"type":"MultiPolygon","coordinates":[[[[73.33638,31.93879],[73.33636,31.93818],[73.33566,31.93832],[73.33578,31.93882],[73.33638,31.93879]]]]}},{"type":"Feature","properties":{"lu":"Graveyard","ct":"Existing","a":8.51},"geometry":{"type":"MultiPolygon","coordinates":[[[[73.41635,31.96754],[73.41595,31.96909],[73.41736,31.96914],[73.41771,31.96891],[73.41837,31.96878],[73.4185,31.96764],[73.41635,31.96754]]]]}},{"type":"Feature","properties":{"lu":"Educational Institution - Public","ct":"Existing","a":0.058},"geometry":{"type":"MultiPolygon","coordinates":[[[[73.3843,31.93237],[73.38431,31.93221],[73.38416,31.93221],[73.38416,31.93236],[73.3843,31.93237]]]]}},{"type":"Feature","properties":{"lu":"Graveyard","ct":"Existing","a":15.667},"geometry":{"type":"MultiPolygon","coordinates":[[[[73.26678,31.94198],[73.26654,31.94164],[73.26608,31.9414],[73.26459,31.94182],[73.26415,31.94187],[73.2639,31.94174],[73.26302,31.94185],[73.26307,31.94194],[73.26294,31.94237],[73.2628,31.9425],[73.26301,31.94365],[73.26383,31.94346],[73.26648,31.94309],[73.26639,31.94241],[73.26668,31.94218],[73.26678,31.94198]]]]}},{"type":"Feature","properties":{"lu":"Religious Building","ct":"Existing","a":0.071},"geometry":{"type":"MultiPolygon","coordinates":[[[[73.27159,31.94393],[73.27147,31.94393],[73.27146,31.94412],[73.27165,31.94411],[73.27159,31.94393]]]]}},{"type":"Feature","properties":{"lu":"Religious Building","ct":"Existing","a":0.068},"geometry":{"type":"MultiPolygon","coordinates":[[[[73.2709,31.94361],[73.27073,31.94361],[73.27073,31.94376],[73.27089,31.94378],[73.2709,31.94361]]]]}},{"type":"Feature","properties":{"lu":"Educational Institution - Public","ct":"Existing","a":0.313},"geometry":{"type":"MultiPolygon","coordinates":[[[[73.27088,31.94143],[73.27082,31.94112],[73.27044,31.94118],[73.27051,31.94149],[73.27088,31.94143]]]]}},{"type":"Feature","properties":{"lu":"Educational Institution - Public","ct":"Existing","a":0.314},"geometry":{"type":"MultiPolygon","coordinates":[[[[73.27266,31.94256],[73.27323,31.94243],[73.2732,31.94227],[73.27253,31.94237],[73.27256,31.94258],[73.27266,31.94256]]]]}},{"type":"Feature","properties":{"lu":"Educational Institution - Public","ct":"Existing","a":4.619,"nm":"Ghs Tahili Goraya"},"geometry":{"type":"MultiPolygon","coordinates":[[[[73.33038,31.99452],[73.33005,31.9934],[73.32869,31.99368],[73.32979,31.99517],[73.33049,31.99503],[73.33037,31.9947],[73.33038,31.99452]]]]}},{"type":"Feature","properties":{"lu":"Health Institution - Public","ct":"Existing","a":0.083},"geometry":{"type":"MultiPolygon","coordinates":[[[[73.30878,31.96416],[73.3086,31.96414],[73.30866,31.96437],[73.30878,31.96435],[73.30878,31.96416]]]]}},{"type":"Feature","properties":{"lu":"Religious Building","ct":"Existing","a":0.008},"geometry":{"type":"MultiPolygon","coordinates":[[[[73.30062,31.953],[73.30059,31.95295],[73.30055,31.95297],[73.30059,31.95302],[73.30062,31.953]]]]}},{"type":"Feature","properties":{"lu":"Educational Institution - Private","ct":"Existing","a":0.001},"geometry":{"type":"MultiPolygon","coordinates":[[[[73.40864,31.97036],[73.40863,31.97036],[73.40863,31.97049],[73.40864,31.97036]]]]}},{"type":"Feature","properties":{"lu":"Educational Institution - Public","ct":"Existing","a":0.122},"geometry":{"type":"MultiPolygon","coordinates":[[[[73.31919,32.08661],[73.31898,32.08647],[73.31886,32.08661],[73.31908,32.08675],[73.31919,32.08661]]]]}},{"type":"Feature","properties":{"lu":"Educational Institution - Public","ct":"Existing","a":1.355},"geometry":{"type":"MultiPolygon","coordinates":[[[[73.28369,32.05326],[73.28412,32.05387],[73.28466,32.05317],[73.28406,32.0528],[73.28369,32.05326]]]]}},{"type":"Feature","properties":{"lu":"Graveyard","ct":"Existing","a":1.3},"geometry":{"type":"MultiPolygon","coordinates":[[[[73.31656,32.0819],[73.31664,32.08178],[73.31691,32.08173],[73.3167,32.08101],[73.31623,32.08111],[73.31612,32.08144],[73.31634,32.08198],[73.31641,32.08202],[73.31656,32.0819]]]]}},{"type":"Feature","properties":{"lu":"Graveyard","ct":"Existing","a":1.182},"geometry":{"type":"MultiPolygon","coordinates":[[[[73.24579,31.96494],[73.24503,31.9641],[73.24486,31.96429],[73.24482,31.96437],[73.24498,31.96463],[73.24489,31.96474],[73.2451,31.96498],[73.24525,31.96503],[73.24579,31.96494]]]]}},{"type":"Feature","properties":{"lu":"Graveyard","ct":"Existing","a":10.958},"geometry":{"type":"MultiPolygon","coordinates":[[[[73.29048,32.01928],[73.29037,32.01889],[73.28935,32.01899],[73.28917,32.01844],[73.28879,32.0181],[73.28845,32.01801],[73.28809,32.01804],[73.2884,32.01988],[73.29001,32.02057],[73.29084,32.02083],[73.29091,32.02035],[73.29109,32.02026],[73.29101,32.01997],[73.29065,32.01973],[73.29048,32.01928]]]]}},{"type":"Feature","properties":{"lu":"Educational Institution - Public","ct":"Existing","a":0.288},"geometry":{"type":"MultiPolygon","coordinates":[[[[73.27318,32.01754],[73.27309,32.01735],[73.2727,32.01743],[73.27292,32.01778],[73.27318,32.01754]]]]}},{"type":"Feature","properties":{"lu":"Educational Institution - Public","ct":"Existing","a":0.243},"geometry":{"type":"MultiPolygon","coordinates":[[[[73.25316,32.0113],[73.25289,32.01116],[73.25269,32.01139],[73.25296,32.01154],[73.25316,32.0113]]]]}},{"type":"Feature","properties":{"lu":"Religious Building","ct":"Existing","a":0.818},"geometry":{"type":"MultiPolygon","coordinates":[[[[73.28413,32.00997],[73.28486,32.00999],[73.2848,32.00959],[73.28411,32.00955],[73.28403,32.00995],[73.28413,32.00997]]]]}},{"type":"Feature","properties":{"lu":"Educational Institution - Public","ct":"Existing","a":0.462},"geometry":{"type":"MultiPolygon","coordinates":[[[[73.26248,31.99518],[73.26212,31.99494],[73.26185,31.99531],[73.26215,31.9955],[73.26248,31.99518]]]]}},{"type":"Feature","properties":{"lu":"Educational Institution - Public","ct":"Existing","a":0.252},"geometry":{"type":"MultiPolygon","coordinates":[[[[73.25559,31.9789],[73.25589,31.97924],[73.2561,31.97905],[73.25589,31.97884],[73.25583,31.97889],[73.25571,31.9788],[73.25559,31.9789]]]]}},{"type":"Feature","properties":{"lu":"Religious Building","ct":"Existing","a":0.033},"geometry":{"type":"MultiPolygon","coordinates":[[[[73.24713,31.96646],[73.24722,31.96658],[73.24729,31.96652],[73.2472,31.96641],[73.24713,31.96646]]]]}},{"type":"Feature","properties":{"lu":"Educational Institution - Public","ct":"Existing","a":0.661},"geometry":{"type":"MultiPolygon","coordinates":[[[[73.25076,31.97102],[73.25039,31.97059],[73.25003,31.97082],[73.25036,31.97127],[73.25076,31.97102]]]]}},{"type":"Feature","properties":{"lu":"Educational Institution - Public","ct":"Existing","a":0.862,"nm":"GHS Kot Bela"},"geometry":{"type":"MultiPolygon","coordinates":[[[[73.24134,31.96647],[73.24164,31.96609],[73.2411,31.96574],[73.24078,31.96617],[73.24134,31.96647]]]]}},{"type":"Feature","properties":{"lu":"Educational Institution - Public","ct":"Existing","a":0.141},"geometry":{"type":"MultiPolygon","coordinates":[[[[73.22288,31.95868],[73.223,31.95845],[73.22282,31.95843],[73.22268,31.95868],[73.22284,31.95876],[73.22288,31.95868]]]]}},{"type":"Feature","properties":{"lu":"Religious Building","ct":"Existing","a":0.02},"geometry":{"type":"MultiPolygon","coordinates":[[[[73.31695,32.08198],[73.31687,32.08192],[73.31681,32.08197],[73.31689,32.08202],[73.31695,32.08198]]]]}},{"type":"Feature","properties":{"lu":"Graveyard","ct":"Existing","a":3.672},"geometry":{"type":"MultiPolygon","coordinates":[[[[73.4415,32.03292],[73.44163,32.03281],[73.4412,32.03201],[73.44051,32.03214],[73.44009,32.03239],[73.4397,32.03244],[73.4398,32.03296],[73.4405,32.03291],[73.4411,32.0331],[73.44125,32.03326],[73.4415,32.0331],[73.4415,32.03292]]]]}},{"type":"Feature","properties":{"lu":"Graveyard","ct":"Existing","a":5.657},"geometry":{"type":"MultiPolygon","coordinates":[[[[73.42575,32.03994],[73.42597,32.0399],[73.42617,32.03998],[73.42677,32.03971],[73.42755,32.03986],[73.42751,32.03867],[73.42597,32.03869],[73.42545,32.03961],[73.42545,32.03998],[73.42575,32.03994]]]]}},{"type":"Feature","properties":{"lu":"Educational Institution - Private","ct":"Existing","a":0.716},"geometry":{"type":"MultiPolygon","coordinates":[[[[73.42094,31.99869],[73.4206,31.99867],[73.42055,31.99918],[73.42122,31.99923],[73.42125,31.99892],[73.42093,31.99892],[73.42094,31.99869]]]]}},{"type":"Feature","properties":{"lu":"Educational Institution - Public","ct":"Existing","a":0.789,"nm":"GGHS Jandoke"},"geometry":{"type":"MultiPolygon","coordinates":[[[[73.40764,31.9303],[73.40699,31.93014],[73.40687,31.9306],[73.40751,31.93074],[73.40764,31.9303]]]]}},{"type":"Feature","properties":{"lu":"Educational Institution - Private","ct":"Existing","a":0.029},"geometry":{"type":"MultiPolygon","coordinates":[[[[73.3498,31.97726],[73.34967,31.97726],[73.34967,31.97735],[73.34982,31.97734],[73.3498,31.97726]]]]}},{"type":"Feature","properties":{"lu":"Educational Institution - Public","ct":"Existing","a":0.068},"geometry":{"type":"MultiPolygon","coordinates":[[[[73.33327,32.02959],[73.33327,32.02953],[73.33305,32.02952],[73.33305,32.02965],[73.33327,32.02959]]]]}},{"type":"Feature","properties":{"lu":"Health Institution - Public","ct":"Existing","a":4.047},"geometry":{"type":"MultiPolygon","coordinates":[[[[73.40849,32.01593],[73.40852,32.01464],[73.40714,32.01488],[73.4074,32.01609],[73.40849,32.01593]]]]}},{"type":"Feature","properties":{"lu":"Religious Building","ct":"Existing","a":0.033},"geometry":{"type":"MultiPolygon","coordinates":[[[[73.42438,31.96011],[73.42429,31.96009],[73.42428,31.96023],[73.42438,31.96024],[73.42438,31.96011]]]]}},{"type":"Feature","properties":{"lu":"Religious Building","ct":"Existing","a":0.044},"geometry":{"type":"MultiPolygon","coordinates":[[[[73.37161,31.98707],[73.37183,31.98707],[73.37183,31.98699],[73.37162,31.98699],[73.37161,31.98707]]]]}},{"type":"Feature","properties":{"lu":"Religious Building","ct":"Existing","a":0.367},"geometry":{"type":"MultiPolygon","coordinates":[[[[73.34589,31.97856],[73.34591,31.97822],[73.34546,31.97824],[73.34548,31.97856],[73.34589,31.97856]]]]}},{"type":"Feature","properties":{"lu":"Religious Building","ct":"Existing","a":0.036},"geometry":{"type":"MultiPolygon","coordinates":[[[[73.29276,32.0458],[73.29259,32.04569],[73.29255,32.04575],[73.29272,32.04585],[73.29276,32.0458]]]]}},{"type":"Feature","properties":{"lu":"Religious Building","ct":"Existing","a":0.112},"geometry":{"type":"MultiPolygon","coordinates":[[[[73.35402,31.99086],[73.35375,31.99085],[73.35375,31.99101],[73.35403,31.99101],[73.35402,31.99086]]]]}},{"type":"Feature","properties":{"lu":"Graveyard","ct":"Existing","a":1.097},"geometry":{"type":"MultiPolygon","coordinates":[[[[73.35389,31.99339],[73.35321,31.99352],[73.35321,31.99405],[73.35396,31.99394],[73.35389,31.99339]]]]}},{"type":"Feature","properties":{"lu":"Educational Institution - Public","ct":"Existing","a":1.602},"geometry":{"type":"MultiPolygon","coordinates":[[[[73.37564,31.98774],[73.37562,31.98743],[73.37549,31.98737],[73.37524,31.9874],[73.37522,31.98715],[73.37454,31.98724],[73.37458,31.98798],[73.37564,31.98774]]]]}},{"type":"Feature","properties":{"lu":"Educational Institution - Public","ct":"Existing","a":0.599},"geometry":{"type":"MultiPolygon","coordinates":[[[[73.34507,32.04631],[73.34548,32.0462],[73.34524,32.04567],[73.34487,32.0458],[73.34507,32.04631]]]]}},{"type":"Feature","properties":{"lu":"Graveyard","ct":"Existing","a":28.197},"geometry":{"type":"MultiPolygon","coordinates":[[[[73.36979,32.11677],[73.37046,32.11683],[73.37066,32.11673],[73.37119,32.11669],[73.37123,32.11528],[73.37084,32.11449],[73.37049,32.11421],[73.3702,32.11419],[73.36984,32.11364],[73.36982,32.1133],[73.36971,32.1132],[73.36965,32.11302],[73.36981,32.11302],[73.36979,32.11284],[73.36952,32.11275],[73.36883,32.11228],[73.36846,32.11227],[73.36804,32.114],[73.36757,32.11532],[73.36753,32.11553],[73.36767,32.11601],[73.36835,32.1163],[73.36896,32.1164],[73.36965,32.11689],[73.36979,32.11677]]]]}},{"type":"Feature","properties":{"lu":"Educational Institution - Public","ct":"Existing","a":0.819},"geometry":{"type":"MultiPolygon","coordinates":[[[[73.35873,32.10762],[73.3583,32.10736],[73.35787,32.10779],[73.35837,32.10809],[73.35873,32.10762]]]]}},{"type":"Feature","properties":{"lu":"Educational Institution - Public","ct":"Existing","a":0.022},"geometry":{"type":"MultiPolygon","coordinates":[[[[73.24164,31.96609],[73.24167,31.96605],[73.24152,31.96597],[73.24164,31.96609]]],[[[73.24134,31.96647],[73.24136,31.96648],[73.24158,31.96617],[73.24134,31.96647]]]]}},{"type":"Feature","properties":{"lu":"Graveyard","ct":"Existing","a":0.157},"geometry":{"type":"MultiPolygon","coordinates":[[[[73.20866,31.92924],[73.20949,31.92962],[73.2099,31.92968],[73.20866,31.92924]]]]}},{"type":"Feature","properties":{"lu":"Graveyard","ct":"Existing","a":1.578},"geometry":{"type":"MultiPolygon","coordinates":[[[[73.53354,31.86002],[73.533,31.86005],[73.53329,31.8611],[73.53311,31.8613],[73.53375,31.86123],[73.53354,31.86002]]]]}},{"type":"Feature","properties":{"lu":"Graveyard","ct":"Existing","a":0.291},"geometry":{"type":"MultiPolygon","coordinates":[[[[73.37269,32.06808],[73.37271,32.06779],[73.37239,32.06782],[73.37232,32.0682],[73.37269,32.06808]]]]}},{"type":"Feature","properties":{"lu":"Religious Building","ct":"Existing","a":0.1},"geometry":{"type":"MultiPolygon","coordinates":[[[[73.21607,31.93465],[73.21589,31.93466],[73.21589,31.93489],[73.21605,31.93488],[73.21607,31.93465]]]]}},{"type":"Feature","properties":{"lu":"Graveyard","ct":"Existing","a":3.423},"geometry":{"type":"MultiPolygon","coordinates":[[[[73.2103,31.91832],[73.21108,31.91804],[73.21108,31.91798],[73.2099,31.91712],[73.20908,31.91787],[73.20963,31.91827],[73.21014,31.91818],[73.21019,31.91836],[73.2103,31.91832]]]]}},{"type":"Feature","properties":{"lu":"Graveyard","ct":"Existing","a":0.05},"geometry":{"type":"MultiPolygon","coordinates":[[[[73.20167,31.91516],[73.20163,31.91553],[73.20115,31.9155],[73.20114,31.91557],[73.20164,31.91555],[73.20167,31.91516]]],[[[73.20234,31.91617],[73.20238,31.9162],[73.20237,31.91612],[73.20234,31.91617]]]]}},{"type":"Feature","properties":{"lu":"Religious Building","ct":"Existing","a":0.207},"geometry":{"type":"MultiPolygon","coordinates":[[[[73.19427,31.90176],[73.19396,31.90161],[73.19384,31.90181],[73.19411,31.90196],[73.19427,31.90176]]]]}},{"type":"Feature","properties":{"lu":"Graveyard","ct":"Existing","a":5.864},"geometry":{"type":"MultiPolygon","coordinates":[[[[73.22502,31.93319],[73.22462,31.93186],[73.22274,31.93212],[73.22288,31.93262],[73.2233,31.93268],[73.22367,31.93307],[73.22376,31.93343],[73.22502,31.93319]]]]}},{"type":"Feature","properties":{"lu":"Graveyard","ct":"Existing","a":0.17},"geometry":{"type":"MultiPolygon","coordinates":[[[[73.26633,31.88602],[73.26626,31.88588],[73.26591,31.88586],[73.26591,31.88605],[73.26633,31.88602]]]]}},{"type":"Feature","properties":{"lu":"Educational Institution - Public","ct":"Existing","a":0.116},"geometry":{"type":"MultiPolygon","coordinates":[[[[73.25857,31.86547],[73.2584,31.86544],[73.25838,31.86572],[73.25855,31.86573],[73.25857,31.86547]]]]}},{"type":"Feature","properties":{"lu":"Educational Institution - Private","ct":"Existing","a":1.081},"geometry":{"type":"MultiPolygon","coordinates":[[[[73.25985,31.86429],[73.25989,31.86368],[73.25917,31.8637],[73.25915,31.86426],[73.25985,31.86429]]]]}},{"type":"Feature","properties":{"lu":"Religious Building","ct":"Existing","a":0.012},"geometry":{"type":"MultiPolygon","coordinates":[[[[73.45076,31.84726],[73.45076,31.84712],[73.45073,31.84712],[73.45073,31.84727],[73.45076,31.84726]]]]}},{"type":"Feature","properties":{"lu":"Religious Building","ct":"Existing","a":0.049},"geometry":{"type":"MultiPolygon","coordinates":[[[[73.52841,31.88257],[73.5284,31.88245],[73.52824,31.88247],[73.52824,31.88258],[73.52841,31.88257]]]]}},{"type":"Feature","properties":{"lu":"Educational Institution - Public","ct":"Existing","a":0.907},"geometry":{"type":"MultiPolygon","coordinates":[[[[73.53871,31.87735],[73.53861,31.8769],[73.53786,31.87709],[73.53797,31.87753],[73.53871,31.87735]]]]}},{"type":"Feature","properties":{"lu":"Educational Institution - Public","ct":"Existing","a":0.28},"geometry":{"type":"MultiPolygon","coordinates":[[[[73.52287,31.89311],[73.52258,31.89307],[73.52256,31.89343],[73.52286,31.89344],[73.52287,31.89311]]]]}},{"type":"Feature","properties":{"lu":"Religious Building","ct":"Existing","a":0.033},"geometry":{"type":"MultiPolygon","coordinates":[[[[73.51882,31.8979],[73.51881,31.89779],[73.5187,31.89779],[73.51871,31.89791],[73.51882,31.8979]]]]}},{"type":"Feature","properties":{"lu":"Educational Institution - Public","ct":"Existing","a":1.267},"geometry":{"type":"MultiPolygon","coordinates":[[[[73.48571,32.06559],[73.48645,32.06528],[73.48624,32.06478],[73.48538,32.06515],[73.48563,32.0656],[73.48571,32.06559]]]]}},{"type":"Feature","properties":{"lu":"Graveyard","ct":"Existing","a":17.72},"geometry":{"type":"MultiPolygon","coordinates":[[[[73.45684,32.05816],[73.4569,32.05738],[73.45772,32.0573],[73.45773,32.05699],[73.45727,32.05694],[73.45726,32.05657],[73.45708,32.05652],[73.45722,32.05626],[73.4563,32.05623],[73.4562,32.05603],[73.45571,32.05582],[73.45485,32.05575],[73.45378,32.05578],[73.45444,32.05821],[73.45684,32.05816]]]]}},{"type":"Feature","properties":{"lu":"Educational Institution - Public","ct":"Existing","a":0.706},"geometry":{"type":"MultiPolygon","coordinates":[[[[73.50066,32.05658],[73.50056,32.05624],[73.50073,32.0562],[73.50068,32.05602],[73.50003,32.05615],[73.50011,32.05649],[73.50033,32.05643],[73.50037,32.05653],[73.50025,32.05656],[73.50028,32.05666],[73.50066,32.05658]]]]}},{"type":"Feature","properties":{"lu":"Graveyard","ct":"Existing","a":2.508},"geometry":{"type":"MultiPolygon","coordinates":[[[[73.49201,32.06498],[73.49184,32.06486],[73.49185,32.06478],[73.492,32.06475],[73.49188,32.06433],[73.49159,32.06418],[73.49114,32.06441],[73.49056,32.06491],[73.49022,32.06504],[73.4903,32.06513],[73.4906,32.06506],[73.49149,32.06512],[73.4918,32.06497],[73.4919,32.06504],[73.49183,32.0651],[73.492,32.06514],[73.49206,32.06528],[73.49237,32.0652],[73.49232,32.06511],[73.49208,32.06514],[73.49201,32.06498]]]]}},{"type":"Feature","properties":{"lu":"Religious Building","ct":"Existing","a":1.398},"geometry":{"type":"MultiPolygon","coordinates":[[[[73.48225,32.0726],[73.48239,32.07248],[73.48248,32.07254],[73.48311,32.07237],[73.48264,32.07218],[73.48152,32.07199],[73.48137,32.07204],[73.48202,32.07265],[73.48225,32.0726]]]]}},{"type":"Feature","properties":{"lu":"Graveyard","ct":"Existing","a":9.692},"geometry":{"type":"MultiPolygon","coordinates":[[[[73.48385,32.06991],[73.4823,32.07117],[73.48123,32.07191],[73.48133,32.072],[73.48148,32.07194],[73.48264,32.07216],[73.48312,32.07233],[73.48349,32.07228],[73.48383,32.07192],[73.48409,32.07189],[73.48422,32.07158],[73.48418,32.07137],[73.48435,32.07065],[73.48424,32.07037],[73.48385,32.06991]]]]}},{"type":"Feature","properties":{"lu":"Health Institution - Public","ct":"Existing","a":0.596},"geometry":{"type":"MultiPolygon","coordinates":[[[[73.46789,32.05687],[73.46754,32.05688],[73.46757,32.05751],[73.46792,32.05753],[73.46789,32.05687]]]]}},{"type":"Feature","properties":{"lu":"Public Building and Govt Office","ct":"Existing","a":2.403,"nm":"Govt. Rest House"},"geometry":{"type":"MultiPolygon","coordinates":[[[[73.45396,32.06141],[73.45304,32.06134],[73.45291,32.06223],[73.45333,32.06229],[73.4536,32.06275],[73.45368,32.06276],[73.45396,32.06141]]]]}},{"type":"Feature","properties":{"lu":"Religious Building","ct":"Existing","a":0.073},"geometry":{"type":"MultiPolygon","coordinates":[[[[73.4568,32.04081],[73.45657,32.0408],[73.45657,32.04093],[73.45679,32.04093],[73.4568,32.04081]]]]}},{"type":"Feature","properties":{"lu":"Religious Building","ct":"Existing","a":0.041},"geometry":{"type":"MultiPolygon","coordinates":[[[[73.47808,32.03273],[73.47806,32.03254],[73.478,32.03254],[73.478,32.03274],[73.47808,32.03273]]]]}},{"type":"Feature","properties":{"lu":"Educational Institution - Public","ct":"Existing","a":1.013},"geometry":{"type":"MultiPolygon","coordinates":[[[[73.48068,32.03493],[73.48068,32.03438],[73.47995,32.0344],[73.47997,32.03487],[73.48013,32.03496],[73.48068,32.03493]]]]}},{"type":"Feature","properties":{"lu":"Graveyard","ct":"Existing","a":0.258},"geometry":{"type":"MultiPolygon","coordinates":[[[[73.47639,32.0352],[73.47642,32.03488],[73.47608,32.0349],[73.47608,32.0352],[73.47639,32.0352]]]]}},{"type":"Feature","properties":{"lu":"Graveyard","ct":"Existing","a":2.859},"geometry":{"type":"MultiPolygon","coordinates":[[[[73.47608,32.0352],[73.47608,32.0349],[73.47642,32.03488],[73.47503,32.03408],[73.475,32.0342],[73.47468,32.03422],[73.47468,32.03436],[73.47478,32.03435],[73.47479,32.03447],[73.47496,32.03445],[73.47497,32.03463],[73.47486,32.03465],[73.47484,32.03489],[73.47489,32.0351],[73.475,32.0351],[73.47501,32.03527],[73.47608,32.0352]]]]}},{"type":"Feature","properties":{"lu":"Graveyard","ct":"Existing","a":1.703},"geometry":{"type":"MultiPolygon","coordinates":[[[[73.47651,32.03405],[73.47496,32.03402],[73.47643,32.03485],[73.47655,32.03457],[73.47651,32.03405]]]]}},{"type":"Feature","properties":{"lu":"Religious Building","ct":"Existing","a":0.084},"geometry":{"type":"MultiPolygon","coordinates":[[[[73.50098,32.05717],[73.50101,32.05735],[73.50115,32.05737],[73.50111,32.05713],[73.50098,32.05717]]]]}},{"type":"Feature","properties":{"lu":"Educational Institution - Private","ct":"Existing","a":0.074},"geometry":{"type":"MultiPolygon","coordinates":[[[[73.50157,32.06057],[73.50173,32.06058],[73.5017,32.06039],[73.50154,32.0604],[73.50157,32.06057]]]]}},{"type":"Feature","properties":{"lu":"Educational Institution - Public","ct":"Existing","a":0.267},"geometry":{"type":"MultiPolygon","coordinates":[[[[73.50151,32.06131],[73.50141,32.0609],[73.5012,32.06089],[73.50123,32.06131],[73.50151,32.06131]]]]}},{"type":"Feature","properties":{"lu":"Religious Building","ct":"Existing","a":0.116},"geometry":{"type":"MultiPolygon","coordinates":[[[[73.49207,32.06475],[73.49185,32.06478],[73.49184,32.06486],[73.49201,32.06498],[73.49216,32.06491],[73.49207,32.06475]]]]}},{"type":"Feature","properties":{"lu":"Religious Building","ct":"Existing","a":0.125},"geometry":{"type":"MultiPolygon","coordinates":[[[[73.50217,32.06676],[73.50232,32.06675],[73.50226,32.06655],[73.50202,32.06661],[73.50202,32.06676],[73.50217,32.06676]]]]}},{"type":"Feature","properties":{"lu":"Educational Institution - Public","ct":"Existing","a":0.348},"geometry":{"type":"MultiPolygon","coordinates":[[[[73.50123,32.06734],[73.5009,32.0674],[73.50101,32.0678],[73.50133,32.06773],[73.50123,32.06734]]]]}},{"type":"Feature","properties":{"lu":"Educational Institution - Private","ct":"Existing","a":0.19},"geometry":{"type":"MultiPolygon","coordinates":[[[[73.48423,32.05865],[73.48447,32.05867],[73.4845,32.05837],[73.48425,32.05835],[73.48423,32.05865]]]]}},{"type":"Feature","properties":{"lu":"Religious Building","ct":"Existing","a":0.085},"geometry":{"type":"MultiPolygon","coordinates":[[[[73.48753,32.05904],[73.48737,32.05903],[73.48736,32.05924],[73.48752,32.05925],[73.48753,32.05904]]]]}},{"type":"Feature","properties":{"lu":"Religious Building","ct":"Existing","a":0.026},"geometry":{"type":"MultiPolygon","coordinates":[[[[73.48314,32.06688],[73.48306,32.06692],[73.48306,32.06702],[73.48315,32.06702],[73.48314,32.06688]]]]}},{"type":"Feature","properties":{"lu":"Religious Building","ct":"Existing","a":0.102},"geometry":{"type":"MultiPolygon","coordinates":[[[[73.48429,32.06723],[73.48416,32.06703],[73.48403,32.06709],[73.48403,32.06725],[73.48429,32.06723]]]]}},{"type":"Feature","properties":{"lu":"Educational Institution - Public","ct":"Existing","a":0.688},"geometry":{"type":"MultiPolygon","coordinates":[[[[73.48563,32.0656],[73.48538,32.06515],[73.48497,32.06532],[73.48525,32.06585],[73.48561,32.0657],[73.48563,32.0656]]]]}},{"type":"Feature","properties":{"lu":"Educational Institution - Private","ct":"Existing","a":0.072},"geometry":{"type":"MultiPolygon","coordinates":[[[[73.4813,32.07236],[73.4811,32.07244],[73.48117,32.07257],[73.48132,32.07249],[73.4813,32.07236]]]]}},{"type":"Feature","properties":{"lu":"Religious Building","ct":"Existing","a":0.088},"geometry":{"type":"MultiPolygon","coordinates":[[[[73.47968,32.07213],[73.47951,32.07212],[73.4795,32.07232],[73.47969,32.07232],[73.47968,32.07213]]]]}},{"type":"Feature","properties":{"lu":"Educational Institution - Public","ct":"Existing","a":1.37},"geometry":{"type":"MultiPolygon","coordinates":[[[[73.45799,32.04236],[73.4572,32.0425],[73.45731,32.04313],[73.45812,32.04301],[73.45799,32.04236]]]]}},{"type":"Feature","properties":{"lu":"Educational Institution - Public","ct":"Existing","a":1.967,"nm":"GPS Rubber"},"geometry":{"type":"MultiPolygon","coordinates":[[[[73.57701,32.21587],[73.57734,32.21517],[73.5756,32.21525],[73.57675,32.21598],[73.57698,32.21595],[73.57701,32.21587]]]]}},{"type":"Feature","properties":{"lu":"Educational Institution - Public","ct":"Existing","a":0.282},"geometry":{"type":"MultiPolygon","coordinates":[[[[73.56137,32.2043],[73.56092,32.20417],[73.56088,32.20442],[73.5613,32.20451],[73.56137,32.2043]]]]}},{"type":"Feature","properties":{"lu":"Religious Building","ct":"Existing","a":0.036},"geometry":{"type":"MultiPolygon","coordinates":[[[[73.50129,32.06074],[73.50119,32.06073],[73.5012,32.06089],[73.50128,32.06089],[73.50129,32.06074]]]]}},{"type":"Feature","properties":{"lu":"Religious Building","ct":"Existing","a":0.185,"nm":"Janaz Gah"},"geometry":{"type":"MultiPolygon","coordinates":[[[[73.75334,31.95135],[73.75298,31.95135],[73.75298,31.95155],[73.75334,31.95155],[73.75334,31.95135]]]]}},{"type":"Feature","properties":{"lu":"Public Building and Govt Office","ct":"Existing","a":2.68},"geometry":{"type":"MultiPolygon","coordinates":[[[[73.7373,31.98704],[73.73546,31.987],[73.73551,31.98766],[73.7368,31.98768],[73.7373,31.98704]]]]}},{"type":"Feature","properties":{"lu":"Religious Building","ct":"Existing","a":1.988},"geometry":{"type":"MultiPolygon","coordinates":[[[[73.45779,32.13234],[73.45711,32.13231],[73.45711,32.13313],[73.45807,32.13314],[73.45811,32.13251],[73.45779,32.13234]]]]}},{"type":"Feature","properties":{"lu":"Graveyard","ct":"Existing","a":4.979},"geometry":{"type":"MultiPolygon","coordinates":[[[[73.48356,32.1476],[73.48242,32.14685],[73.48207,32.14869],[73.48278,32.14877],[73.48289,32.14851],[73.48356,32.14858],[73.48356,32.1476]]]]}},{"type":"Feature","properties":{"lu":"Educational Institution - Private","ct":"Existing","a":2.138},"geometry":{"type":"MultiPolygon","coordinates":[[[[73.51019,32.16714],[73.50955,32.16769],[73.50928,32.16756],[73.50957,32.16838],[73.51054,32.16812],[73.51019,32.16714]]]]}},{"type":"Feature","properties":{"lu":"Health Institution - Public","ct":"Existing","a":1.983},"geometry":{"type":"MultiPolygon","coordinates":[[[[73.78628,32.05091],[73.78466,32.05169],[73.78475,32.05176],[73.78628,32.0518],[73.78628,32.05091]]]]}},{"type":"Feature","properties":{"lu":"Graveyard","ct":"Existing","a":3.295},"geometry":{"type":"MultiPolygon","coordinates":[[[[73.80079,32.03975],[73.80001,32.03827],[73.7999,32.03823],[73.79949,32.03865],[73.79916,32.03877],[73.80039,32.04008],[73.80079,32.03975]]]]}},{"type":"Feature","properties":{"lu":"Graveyard","ct":"Existing","a":14.297},"geometry":{"type":"MultiPolygon","coordinates":[[[[73.44828,31.93064],[73.44815,31.93007],[73.44755,31.93017],[73.44761,31.93051],[73.4475,31.93065],[73.44621,31.93103],[73.44627,31.93122],[73.44623,31.93136],[73.44607,31.93143],[73.44609,31.93171],[73.44655,31.93202],[73.44702,31.93268],[73.44865,31.93288],[73.44897,31.93233],[73.44895,31.93197],[73.44915,31.93149],[73.44909,31.93104],[73.44898,31.93069],[73.44828,31.93064]]]]}},{"type":"Feature","properties":{"lu":"Graveyard","ct":"Existing","a":27.282},"geometry":{"type":"MultiPolygon","coordinates":[[[[73.47375,31.9551],[73.47388,31.95466],[73.47475,31.9527],[73.47415,31.95264],[73.47409,31.95254],[73.4742,31.95236],[73.47411,31.9521],[73.47271,31.95237],[73.47259,31.95211],[73.47215,31.95214],[73.47209,31.95188],[73.47145,31.95208],[73.47082,31.95214],[73.47052,31.95232],[73.47062,31.95334],[73.4711,31.95331],[73.47122,31.95366],[73.47076,31.95374],[73.47087,31.95395],[73.47095,31.95391],[73.47104,31.95403],[73.47119,31.95462],[73.47092,31.95468],[73.47117,31.95509],[73.47142,31.95507],[73.47172,31.95566],[73.47375,31.9551]]]]}},{"type":"Feature","properties":{"lu":"Educational Institution - Private","ct":"Existing","a":1.111},"geometry":{"type":"MultiPolygon","coordinates":[[[[73.4988,31.98706],[73.49813,31.98702],[73.49811,31.98767],[73.49879,31.98768],[73.4988,31.98706]]]]}},{"type":"Feature","properties":{"lu":"Graveyard","ct":"Existing","a":34.811},"geometry":{"type":"MultiPolygon","coordinates":[[[[73.50448,31.98183],[73.5045,31.98153],[73.4996,31.98228],[73.50012,31.98525],[73.50283,31.98529],[73.50296,31.98488],[73.50309,31.98478],[73.50335,31.98414],[73.50465,31.98249],[73.50448,31.98183]]]]}},{"type":"Feature","properties":{"lu":"Graveyard","ct":"Existing","a":3.544},"geometry":{"type":"MultiPolygon","coordinates":[[[[73.49168,31.98037],[73.49217,31.97966],[73.49182,31.97976],[73.49161,31.97969],[73.49095,31.97978],[73.49101,31.98026],[73.49031,31.98027],[73.49037,31.98092],[73.49119,31.98101],[73.49143,31.98081],[73.49168,31.98037]]]]}},{"type":"Feature","properties":{"lu":"Graveyard","ct":"Existing","a":18.14},"geometry":{"type":"MultiPolygon","coordinates":[[[[73.47756,31.97852],[73.47847,31.97903],[73.48001,31.98008],[73.48013,31.9799],[73.48197,31.98001],[73.48107,31.97733],[73.47778,31.97825],[73.47744,31.97844],[73.47756,31.97852]]],[[[73.47812,31.97898],[73.47833,31.97912],[73.47847,31.97921],[73.47916,31.97968],[73.47875,31.9794],[73.47812,31.97898]]]]}},{"type":"Feature","properties":{"lu":"Educational Institution - Public","ct":"Existing","a":0.003},"geometry":{"type":"MultiPolygon","coordinates":[[[[73.44792,31.94559],[73.44792,31.94549],[73.44791,31.94549],[73.44792,31.94559]]],[[[73.4476,31.94579],[73.44761,31.94579],[73.44759,31.94567],[73.4476,31.94579]]],[[[73.447926,31.945779],[73.447926,31.945778],[73.447893,31.94578],[73.447926,31.945779]]]]}},{"type":"Feature","properties":{"lu":"Health Institution - Public","ct":"Existing","a":0.299},"geometry":{"type":"MultiPolygon","coordinates":[[[[73.44795,31.9259],[73.44764,31.92634],[73.44812,31.92628],[73.44805,31.9259],[73.44795,31.9259]]]]}},{"type":"Feature","properties":{"lu":"Graveyard","ct":"Existing","a":10.031},"geometry":{"type":"MultiPolygon","coordinates":[[[[73.54921,32.13284],[73.54887,32.13162],[73.54863,32.13154],[73.54821,32.13165],[73.54821,32.13157],[73.54789,32.13157],[73.54784,32.13374],[73.54798,32.13464],[73.54898,32.13459],[73.54925,32.13398],[73.54937,32.13337],[73.54921,32.13284]]]]}},{"type":"Feature","properties":{"lu":"Educational Institution - Public","ct":"Existing","a":0.215},"geometry":{"type":"MultiPolygon","coordinates":[[[[73.54879,32.15238],[73.54845,32.15234],[73.54842,32.15256],[73.54877,32.15263],[73.54879,32.15238]]]]}},{"type":"Feature","properties":{"lu":"Health Institution - Public","ct":"Existing","a":2.223},"geometry":{"type":"MultiPolygon","coordinates":[[[[73.46261,31.98178],[73.46398,31.98183],[73.46401,31.98119],[73.46261,31.98115],[73.46261,31.98178]]]]}},{"type":"Feature","properties":{"lu":"Educational Institution - Public","ct":"Existing","a":1.81},"geometry":{"type":"MultiPolygon","coordinates":[[[[73.46398,31.98183],[73.46261,31.98178],[73.4626,31.98228],[73.46395,31.98233],[73.46398,31.98183]]]]}},{"type":"Feature","properties":{"lu":"Graveyard","ct":"Existing","a":10.961},"geometry":{"type":"MultiPolygon","coordinates":[[[[73.45472,31.99196],[73.45367,31.99157],[73.45297,31.99159],[73.45258,31.99168],[73.45237,31.99209],[73.45238,31.9924],[73.45278,31.99325],[73.4533,31.99342],[73.45394,31.9935],[73.45485,31.99336],[73.45519,31.99283],[73.45496,31.99214],[73.45472,31.99196]]]]}},{"type":"Feature","properties":{"lu":"Graveyard","ct":"Existing","a":17.405},"geometry":{"type":"MultiPolygon","coordinates":[[[[73.56672,32.06089],[73.56641,32.06026],[73.56617,32.06024],[73.56601,32.05954],[73.56545,32.05933],[73.56394,32.05914],[73.56275,32.05934],[73.56207,32.05953],[73.56196,32.06091],[73.56672,32.06089]]]]}},{"type":"Feature","properties":{"lu":"Educational Institution - Public","ct":"Existing","a":1.584},"geometry":{"type":"MultiPolygon","coordinates":[[[[73.55872,32.06093],[73.55939,32.06093],[73.55944,32.0602],[73.55852,32.06014],[73.55853,32.06058],[73.55872,32.06059],[73.55872,32.06093]]]]}},{"type":"Feature","properties":{"lu":"Graveyard","ct":"Existing","a":27.274},"geometry":{"type":"MultiPolygon","coordinates":[[[[73.53274,32.02342],[73.53268,32.02309],[73.53276,32.02268],[73.53287,32.02267],[73.53275,32.02192],[73.5325,32.02196],[73.53239,32.02174],[73.53185,32.02178],[73.53148,32.02137],[73.53157,32.02099],[73.53136,32.02099],[73.53096,32.02047],[73.53059,32.02067],[73.53006,32.02065],[73.53006,32.02034],[73.5295,32.02035],[73.52863,32.02017],[73.52878,32.02173],[73.52867,32.02177],[73.52856,32.02219],[73.52824,32.02216],[73.52812,32.02239],[73.53193,32.02408],[73.53218,32.02378],[73.53245,32.02371],[73.53274,32.02342]]]]}},{"type":"Feature","properties":{"lu":"Religious Building","ct":"Existing","a":1.612},"geometry":{"type":"MultiPolygon","coordinates":[[[[73.53287,32.02267],[73.53276,32.02268],[73.53268,32.02309],[73.53274,32.02342],[73.53369,32.02312],[73.53367,32.02265],[73.53325,32.02255],[73.53304,32.02267],[73.53287,32.02267]]]]}},{"type":"Feature","properties":{"lu":"Graveyard","ct":"Existing","a":19.781},"geometry":{"type":"MultiPolygon","coordinates":[[[[73.56649,32.0611],[73.56264,32.06108],[73.5629,32.06303],[73.56412,32.06309],[73.567,32.06291],[73.56684,32.06211],[73.56657,32.06166],[73.56649,32.0611]]]]}},{"type":"Feature","properties":{"lu":"Graveyard","ct":"Existing","a":4.236},"geometry":{"type":"MultiPolygon","coordinates":[[[[73.4928,32.09289],[73.49224,32.09183],[73.49098,32.09229],[73.49156,32.0934],[73.4928,32.09289]]]]}},{"type":"Feature","properties":{"lu":"Educational Institution - Public","ct":"Existing","a":0.296},"geometry":{"type":"MultiPolygon","coordinates":[[[[73.5212,32.04974],[73.5212,32.04957],[73.52085,32.04958],[73.52085,32.04988],[73.52119,32.04991],[73.5212,32.04974]]]]}},{"type":"Feature","properties":{"lu":"Educational Institution - Public","ct":"Existing","a":0.77},"geometry":{"type":"MultiPolygon","coordinates":[[[[73.44416,32.05193],[73.44417,32.05136],[73.44364,32.05136],[73.44366,32.05194],[73.44416,32.05193]]]]}},{"type":"Feature","properties":{"lu":"Educational Institution - Public","ct":"Existing","a":0.326},"geometry":{"type":"MultiPolygon","coordinates":[[[[73.49381,31.99364],[73.49338,31.99369],[73.4934,31.99404],[73.49369,31.99404],[73.49381,31.99364]]]]}},{"type":"Feature","properties":{"lu":"Graveyard","ct":"Existing","a":2.684},"geometry":{"type":"MultiPolygon","coordinates":[[[[73.51041,32.00527],[73.51024,32.0047],[73.50923,32.005],[73.5097,32.00622],[73.51021,32.00603],[73.51004,32.00585],[73.51021,32.00566],[73.51016,32.00535],[73.51041,32.00527]]]]}},{"type":"Feature","properties":{"lu":"Health Institution - Public","ct":"Existing","a":2.379},"geometry":{"type":"MultiPolygon","coordinates":[[[[73.56556,32.03622],[73.56533,32.03568],[73.56392,32.03594],[73.56414,32.0366],[73.56556,32.03622]]]]}},{"type":"Feature","properties":{"lu":"Religious Building","ct":"Existing","a":0.358},"geometry":{"type":"MultiPolygon","coordinates":[[[[73.55418,32.03813],[73.55408,32.03784],[73.55365,32.03794],[73.55375,32.03824],[73.55418,32.03813]]]]}},{"type":"Feature","properties":{"lu":"Educational Institution - Public","ct":"Existing","a":0.279},"geometry":{"type":"MultiPolygon","coordinates":[[[[73.54654,32.04574],[73.54604,32.04567],[73.54605,32.04594],[73.54641,32.04596],[73.54654,32.04574]]]]}},{"type":"Feature","properties":{"lu":"Educational Institution - Public","ct":"Existing","a":0.237},"geometry":{"type":"MultiPolygon","coordinates":[[[[73.50949,32.04759],[73.50937,32.04728],[73.50909,32.04744],[73.5091,32.04764],[73.50949,32.04759]]]]}},{"type":"Feature","properties":{"lu":"Educational Institution - Public","ct":"Existing","a":0.341},"geometry":{"type":"MultiPolygon","coordinates":[[[[73.50949,32.04722],[73.50937,32.04728],[73.50949,32.04759],[73.50976,32.04759],[73.50975,32.04714],[73.50949,32.04722]]]]}},{"type":"Feature","properties":{"lu":"Health Institution - Public","ct":"Existing","a":0.569,"nm":"Civil Vetinary Hospital"},"geometry":{"type":"MultiPolygon","coordinates":[[[[73.50784,32.03919],[73.50791,32.03981],[73.50824,32.03978],[73.50819,32.03916],[73.50784,32.03919]]]]}},{"type":"Feature","properties":{"lu":"Educational Institution - Public","ct":"Existing","a":0.481},"geometry":{"type":"MultiPolygon","coordinates":[[[[73.49876,32.02947],[73.49874,32.02897],[73.49841,32.02897],[73.4984,32.02952],[73.49876,32.02947]]]]}},{"type":"Feature","properties":{"lu":"Educational Institution - Public","ct":"Existing","a":0.485},"geometry":{"type":"MultiPolygon","coordinates":[[[[73.497,32.03168],[73.49701,32.03193],[73.49766,32.03201],[73.49767,32.03169],[73.497,32.03168]]]]}},{"type":"Feature","properties":{"lu":"Graveyard","ct":"Existing","a":2.318},"geometry":{"type":"MultiPolygon","coordinates":[[[[73.49268,32.03679],[73.49195,32.03678],[73.49194,32.03803],[73.49262,32.03803],[73.49268,32.03679]]]]}},{"type":"Feature","properties":{"lu":"Graveyard","ct":"Existing","a":1.057},"geometry":{"type":"MultiPolygon","coordinates":[[[[73.42825,32.04785],[73.42817,32.04785],[73.42818,32.04766],[73.42746,32.04771],[73.42758,32.04829],[73.42826,32.04824],[73.42825,32.04785]]]]}},{"type":"Feature","properties":{"lu":"Educational Institution - Public","ct":"Existing","a":0.382},"geometry":{"type":"MultiPolygon","coordinates":[[[[73.45854,32.01726],[73.45844,32.01686],[73.45808,32.01692],[73.45819,32.01731],[73.45854,32.01726]]]]}},{"type":"Feature","properties":{"lu":"Graveyard","ct":"Existing","a":6.369},"geometry":{"type":"MultiPolygon","coordinates":[[[[73.45785,32.01736],[73.45773,32.01683],[73.45757,32.01684],[73.45748,32.01624],[73.45704,32.0157],[73.45688,32.0151],[73.45592,32.01527],[73.45604,32.01568],[73.45611,32.01636],[73.45637,32.01699],[73.45704,32.0169],[73.45712,32.01749],[73.45785,32.01736]]]]}},{"type":"Feature","properties":{"lu":"Graveyard","ct":"Existing","a":4.852},"geometry":{"type":"MultiPolygon","coordinates":[[[[73.46134,32.02195],[73.46036,32.02193],[73.45983,32.02201],[73.45995,32.02324],[73.46143,32.02316],[73.46134,32.02195]]]]}},{"type":"Feature","properties":{"lu":"Educational Institution - Public","ct":"Existing","a":0.288},"geometry":{"type":"MultiPolygon","coordinates":[[[[73.46417,32.02546],[73.46416,32.02518],[73.46376,32.02521],[73.46378,32.02549],[73.46417,32.02546]]]]}},{"type":"Feature","properties":{"lu":"Educational Institution - Public","ct":"Existing","a":0.567},"geometry":{"type":"MultiPolygon","coordinates":[[[[73.46385,32.02884],[73.46383,32.02851],[73.46318,32.02853],[73.46321,32.02889],[73.46385,32.02884]]]]}},{"type":"Feature","properties":{"lu":"Graveyard","ct":"Existing","a":2.757},"geometry":{"type":"MultiPolygon","coordinates":[[[[73.4555,32.04005],[73.45543,32.03967],[73.45503,32.03924],[73.45391,32.03912],[73.45355,32.03935],[73.45361,32.03978],[73.45469,32.03972],[73.45499,32.03993],[73.45502,32.04008],[73.4555,32.04005]]]]}},{"type":"Feature","properties":{"lu":"Graveyard","ct":"Existing","a":6.366},"geometry":{"type":"MultiPolygon","coordinates":[[[[73.4205,32.05712],[73.42055,32.0568],[73.42109,32.05679],[73.42103,32.05534],[73.41994,32.0554],[73.41991,32.056],[73.4196,32.056],[73.41958,32.05617],[73.41917,32.05618],[73.41914,32.05655],[73.41923,32.05675],[73.41959,32.0568],[73.41966,32.05715],[73.4205,32.05712]]]]}},{"type":"Feature","properties":{"lu":"Graveyard","ct":"Existing","a":14.996},"geometry":{"type":"MultiPolygon","coordinates":[[[[73.41172,32.08458],[73.41133,32.08378],[73.41109,32.08383],[73.41107,32.08377],[73.40802,32.08453],[73.40867,32.08617],[73.4114,32.08541],[73.41189,32.08501],[73.41172,32.08458]]],[[[73.41196,32.08518],[73.41163,32.08545],[73.41202,32.08533],[73.41196,32.08518]]]]}},{"type":"Feature","properties":{"lu":"Health Institution - Public","ct":"Existing","a":0.359},"geometry":{"type":"MultiPolygon","coordinates":[[[[73.43579,32.05986],[73.43543,32.0599],[73.43548,32.06027],[73.43583,32.06027],[73.43579,32.05986]]]]}},{"type":"Feature","properties":{"lu":"Graveyard","ct":"Existing","a":0.924},"geometry":{"type":"MultiPolygon","coordinates":[[[[73.40045,32.07615],[73.39969,32.07618],[73.39984,32.07667],[73.40059,32.07655],[73.40045,32.07615]]]]}},{"type":"Feature","properties":{"lu":"Graveyard","ct":"Existing","a":2.279},"geometry":{"type":"MultiPolygon","coordinates":[[[[73.40377,32.07174],[73.40379,32.07098],[73.4036,32.07058],[73.40269,32.07079],[73.403,32.07168],[73.40365,32.07152],[73.40377,32.07174]]]]}},{"type":"Feature","properties":{"lu":"Graveyard","ct":"Existing","a":2.761},"geometry":{"type":"MultiPolygon","coordinates":[[[[73.43454,32.09903],[73.43379,32.09864],[73.43313,32.09973],[73.43396,32.10007],[73.43454,32.09903]]]]}},{"type":"Feature","properties":{"lu":"Educational Institution - Public","ct":"Existing","a":0.541},"geometry":{"type":"MultiPolygon","coordinates":[[[[73.43937,32.08539],[73.43891,32.08524],[73.43886,32.0857],[73.4394,32.08571],[73.43937,32.08539]]]]}},{"type":"Feature","properties":{"lu":"Educational Institution - Public","ct":"Existing","a":0.677},"geometry":{"type":"MultiPolygon","coordinates":[[[[73.62694,32.09624],[73.62648,32.09639],[73.62664,32.09689],[73.6271,32.09678],[73.62694,32.09624]]]]}},{"type":"Feature","properties":{"lu":"Graveyard","ct":"Existing","a":1.413},"geometry":{"type":"MultiPolygon","coordinates":[[[[73.62748,32.09754],[73.62703,32.09621],[73.62694,32.09624],[73.6271,32.09678],[73.62664,32.09689],[73.62695,32.0977],[73.62748,32.09754]]]]}},{"type":"Feature","properties":{"lu":"Graveyard","ct":"Existing","a":2.573},"geometry":{"type":"MultiPolygon","coordinates":[[[[73.61006,32.11469],[73.60982,32.11418],[73.60941,32.11427],[73.60917,32.11351],[73.6087,32.11377],[73.6089,32.11409],[73.60873,32.11423],[73.60869,32.11436],[73.60913,32.11495],[73.61006,32.11469]]]]}},{"type":"Feature","properties":{"lu":"Educational Institution - Public","ct":"Existing","a":3.706},"geometry":{"type":"MultiPolygon","coordinates":[[[[73.54526,32.18623],[73.54502,32.18745],[73.5464,32.18738],[73.54626,32.18617],[73.54526,32.18623]]]]}},{"type":"Feature","properties":{"lu":"Health Institution - Private","ct":"Existing","a":0.036},"geometry":{"type":"MultiPolygon","coordinates":[[[[73.62702,32.15375],[73.62692,32.15375],[73.62686,32.15386],[73.62696,32.15389],[73.62702,32.15375]]]]}},{"type":"Feature","properties":{"lu":"Educational Institution - Public","ct":"Existing","a":1.383},"geometry":{"type":"MultiPolygon","coordinates":[[[[73.66819,32.25342],[73.66766,32.25336],[73.66735,32.25396],[73.66745,32.254],[73.6674,32.2541],[73.66784,32.25423],[73.66811,32.25386],[73.66822,32.25381],[73.66836,32.25347],[73.66819,32.25342]]]]}},{"type":"Feature","properties":{"lu":"Graveyard","ct":"Existing","a":2.292},"geometry":{"type":"MultiPolygon","coordinates":[[[[73.66893,32.25495],[73.66827,32.2547],[73.66799,32.25528],[73.66917,32.2558],[73.66953,32.25527],[73.66893,32.25495]]]]}},{"type":"Feature","properties":{"lu":"Public Building and Govt Office","ct":"Existing","a":0.322,"nm":"PTCL Exchange"},"geometry":{"type":"MultiPolygon","coordinates":[[[[73.68779,32.24991],[73.68736,32.24986],[73.68736,32.25017],[73.68779,32.25019],[73.68779,32.24991]]]]}},{"type":"Feature","properties":{"lu":"Graveyard","ct":"Existing","a":4.551},"geometry":{"type":"MultiPolygon","coordinates":[[[[73.69467,32.25985],[73.69465,32.25896],[73.69483,32.25887],[73.6948,32.25865],[73.69433,32.25858],[73.6933,32.25794],[73.69334,32.25887],[73.69349,32.25887],[73.69361,32.25932],[73.69369,32.25936],[73.69388,32.25986],[73.69467,32.25985]]]]}},{"type":"Feature","properties":{"lu":"Educational Institution - Private","ct":"Existing","a":1.138},"geometry":{"type":"MultiPolygon","coordinates":[[[[73.70197,32.2562],[73.70126,32.25627],[73.70135,32.25687],[73.70206,32.25679],[73.70197,32.2562]]]]}},{"type":"Feature","properties":{"lu":"Educational Institution - Public","ct":"Existing","a":2.593},"geometry":{"type":"MultiPolygon","coordinates":[[[[73.66919,32.2216],[73.66904,32.22105],[73.66741,32.2213],[73.66757,32.22192],[73.66919,32.2216]]]]}},{"type":"Feature","properties":{"lu":"Educational Institution - Private","ct":"Existing","a":1.044},"geometry":{"type":"MultiPolygon","coordinates":[[[[73.66631,32.26867],[73.66647,32.26794],[73.66616,32.26777],[73.66572,32.26849],[73.66628,32.26876],[73.66631,32.26867]]]]}},{"type":"Feature","properties":{"lu":"Health Institution - Public","ct":"Existing","a":0.535},"geometry":{"type":"MultiPolygon","coordinates":[[[[73.66552,32.29765],[73.66519,32.2975],[73.66488,32.29799],[73.6652,32.29814],[73.66552,32.29765]]]]}},{"type":"Feature","properties":{"lu":"Educational Institution - Public","ct":"Existing","a":0.458},"geometry":{"type":"MultiPolygon","coordinates":[[[[73.66013,32.29237],[73.65983,32.29234],[73.6598,32.29247],[73.65964,32.29245],[73.65955,32.29277],[73.65994,32.29283],[73.66013,32.29237]]]]}},{"type":"Feature","properties":{"lu":"Graveyard","ct":"Existing","a":8.123},"geometry":{"type":"MultiPolygon","coordinates":[[[[73.23792,31.95578],[73.2381,31.9556],[73.23791,31.95521],[73.23808,31.95509],[73.2378,31.95484],[73.23702,31.95447],[73.2369,31.95453],[73.23666,31.95439],[73.23629,31.95443],[73.23612,31.95428],[73.23531,31.9547],[73.23689,31.95627],[73.23757,31.95589],[73.23792,31.95578]]]]}},{"type":"Feature","properties":{"lu":"Educational Institution - Public","ct":"Existing","a":2.202,"nm":"Govt Primary School Bagh Tibba"},"geometry":{"type":"MultiPolygon","coordinates":[[[[73.26307,31.92702],[73.26322,31.92697],[73.26287,31.9259],[73.26202,31.92668],[73.26226,31.92712],[73.26307,31.92702]]]]}},{"type":"Feature","properties":{"lu":"Educational Institution - Public","ct":"Existing","a":0.276},"geometry":{"type":"MultiPolygon","coordinates":[[[[73.26351,31.92816],[73.26316,31.92824],[73.26327,31.92854],[73.2636,31.92845],[73.26351,31.92816]]]]}},{"type":"Feature","properties":{"lu":"Educational Institution - Public","ct":"Existing","a":0.571},"geometry":{"type":"MultiPolygon","coordinates":[[[[73.39836,32.07258],[73.39824,32.07216],[73.39798,32.0722],[73.39768,32.07274],[73.39836,32.07258]]]]}},{"type":"Feature","properties":{"lu":"Educational Institution - Public","ct":"Existing","a":0.651},"geometry":{"type":"MultiPolygon","coordinates":[[[[73.42667,32.05996],[73.4266,32.05939],[73.42618,32.0594],[73.42623,32.05999],[73.42667,32.05996]]]]}},{"type":"Feature","properties":{"lu":"Educational Institution - Public","ct":"Existing","a":1.038,"nm":"GGHS Solangi Kharal"},"geometry":{"type":"MultiPolygon","coordinates":[[[[73.42692,32.06055],[73.42688,32.05994],[73.42623,32.05999],[73.42628,32.06062],[73.42692,32.06055]]]]}},{"type":"Feature","properties":{"lu":"Educational Institution - Public","ct":"Existing","a":0.57},"geometry":{"type":"MultiPolygon","coordinates":[[[[73.41209,32.08483],[73.41191,32.08499],[73.41213,32.08481],[73.41209,32.08483]]],[[[73.41247,32.08477],[73.41198,32.08516],[73.41202,32.08533],[73.41267,32.08516],[73.41256,32.08473],[73.41247,32.08477]]]]}},{"type":"Feature","properties":{"lu":"Educational Institution - Public","ct":"Existing","a":0.82},"geometry":{"type":"MultiPolygon","coordinates":[[[[73.35517,32.05821],[73.35475,32.05834],[73.35493,32.05886],[73.35561,32.05861],[73.35544,32.05834],[73.35528,32.05843],[73.35517,32.05821]]]]}},{"type":"Feature","properties":{"lu":"Educational Institution - Public","ct":"Existing","a":0.514},"geometry":{"type":"MultiPolygon","coordinates":[[[[73.35232,32.05833],[73.35223,32.05802],[73.35166,32.05818],[73.35178,32.05853],[73.35232,32.05833]]]]}},{"type":"Feature","properties":{"lu":"Educational Institution - Public","ct":"Existing","a":0.181},"geometry":{"type":"MultiPolygon","coordinates":[[[[73.42899,32.04796],[73.429,32.04819],[73.42933,32.04814],[73.42927,32.04792],[73.42899,32.04796]]]]}},{"type":"Feature","properties":{"lu":"Educational Institution - Public","ct":"Existing","a":0.277},"geometry":{"type":"MultiPolygon","coordinates":[[[[73.42953,32.0463],[73.4295,32.04602],[73.42913,32.04607],[73.42916,32.04635],[73.42953,32.0463]]]]}},{"type":"Feature","properties":{"lu":"Religious Building","ct":"Existing","a":0.084},"geometry":{"type":"MultiPolygon","coordinates":[[[[73.42818,32.04766],[73.42817,32.04785],[73.42835,32.04785],[73.42835,32.04767],[73.42818,32.04766]]]]}},{"type":"Feature","properties":{"lu":"Educational Institution - Public","ct":"Existing","a":0.013,"nm":"Govt Girls Higher Secondary School"},"geometry":{"type":"MultiPolygon","coordinates":[[[[73.60448,31.97775],[73.60467,31.9777],[73.60467,31.97769],[73.60448,31.97775]]],[[[73.60338,31.97809],[73.60357,31.97843],[73.60341,31.97808],[73.60338,31.97809]]]]}},{"type":"Feature","properties":{"lu":"Educational Institution - Public","ct":"Existing","a":1.757},"geometry":{"type":"MultiPolygon","coordinates":[[[[73.58118,31.98198],[73.58093,31.98154],[73.57997,31.98185],[73.57983,31.9825],[73.58032,31.98252],[73.58034,31.98229],[73.58118,31.98198]]]]}},{"type":"Feature","properties":{"lu":"Educational Institution - Public","ct":"Existing","a":1.167},"geometry":{"type":"MultiPolygon","coordinates":[[[[73.58689,31.99114],[73.58692,31.99107],[73.58662,31.99058],[73.58594,31.99082],[73.58583,31.99094],[73.5865,31.99132],[73.58689,31.99114]]]]}},{"type":"Feature","properties":{"lu":"Educational Institution - Public","ct":"Existing","a":0.187},"geometry":{"type":"MultiPolygon","coordinates":[[[[73.56615,31.97526],[73.56611,31.97502],[73.56579,31.9751],[73.56584,31.97531],[73.56615,31.97526]]]]}},{"type":"Feature","properties":{"lu":"Educational Institution - Public","ct":"Existing","a":2.36,"nm":"GGHS Madhrian Wala"},"geometry":{"type":"MultiPolygon","coordinates":[[[[73.63108,32.02987],[73.63046,32.02985],[73.63049,32.0308],[73.63029,32.03082],[73.63036,32.03111],[73.63093,32.03109],[73.63095,32.03123],[73.63123,32.03123],[73.63108,32.02987]]]]}},{"type":"Feature","properties":{"lu":"Educational Institution - Public","ct":"Existing","a":1.572,"nm":"GHS Madhrian Wala"},"geometry":{"type":"MultiPolygon","coordinates":[[[[73.62986,32.03114],[73.62916,32.03117],[73.62922,32.03196],[73.62982,32.03222],[73.62986,32.03114]]]]}},{"type":"Feature","properties":{"lu":"Educational Institution - Public","ct":"Existing","a":1.026},"geometry":{"type":"MultiPolygon","coordinates":[[[[73.69139,32.02335],[73.6913,32.02259],[73.69066,32.02266],[73.69066,32.02297],[73.69137,32.02342],[73.69139,32.02335]]]]}},{"type":"Feature","properties":{"lu":"Educational Institution - Public","ct":"Existing","a":1.206},"geometry":{"type":"MultiPolygon","coordinates":[[[[73.69242,32.02251],[73.69239,32.02236],[73.6925,32.0223],[73.6924,32.02168],[73.69171,32.02204],[73.69179,32.02242],[73.69204,32.02238],[73.69202,32.02261],[73.69244,32.02257],[73.69242,32.02251]]]]}},{"type":"Feature","properties":{"lu":"Educational Institution - Public","ct":"Existing","a":0.26},"geometry":{"type":"MultiPolygon","coordinates":[[[[73.66212,32.01702],[73.66186,32.01709],[73.66195,32.01735],[73.66227,32.0173],[73.66225,32.01703],[73.66212,32.01702]]]]}},{"type":"Feature","properties":{"lu":"Educational Institution - Public","ct":"Existing","a":0.257},"geometry":{"type":"MultiPolygon","coordinates":[[[[73.66404,32.02513],[73.66372,32.02514],[73.66375,32.02546],[73.66406,32.02545],[73.66404,32.02513]]]]}},{"type":"Feature","properties":{"lu":"Educational Institution - Public","ct":"Existing","a":0.978},"geometry":{"type":"MultiPolygon","coordinates":[[[[73.73065,32.0084],[73.73068,32.00818],[73.73003,32.00811],[73.72998,32.00869],[73.7306,32.00876],[73.73065,32.0084]]]]}},{"type":"Feature","properties":{"lu":"Educational Institution - Public","ct":"Existing","a":0.274},"geometry":{"type":"MultiPolygon","coordinates":[[[[73.7313,32.01183],[73.73127,32.0115],[73.73088,32.01161],[73.7309,32.01182],[73.7313,32.01183]]]]}},{"type":"Feature","properties":{"lu":"Educational Institution - Public","ct":"Existing","a":0.476},"geometry":{"type":"MultiPolygon","coordinates":[[[[73.73304,32.03529],[73.73351,32.03537],[73.7335,32.0349],[73.73307,32.03494],[73.73304,32.03529]]]]}},{"type":"Feature","properties":{"lu":"Graveyard","ct":"Existing","a":1.01},"geometry":{"type":"MultiPolygon","coordinates":[[[[73.72533,32.03537],[73.7246,32.03528],[73.72452,32.0358],[73.72523,32.03591],[73.72533,32.03537]]]]}},{"type":"Feature","properties":{"lu":"Educational Institution - Public","ct":"Existing","a":0.439},"geometry":{"type":"MultiPolygon","coordinates":[[[[73.72631,32.049],[73.72629,32.04893],[73.7262,32.04894],[73.72617,32.04871],[73.72561,32.04875],[73.72563,32.04902],[73.72631,32.049]]]]}},{"type":"Feature","properties":{"lu":"Educational Institution - Public","ct":"Existing","a":0.743},"geometry":{"type":"MultiPolygon","coordinates":[[[[73.72762,32.05079],[73.72733,32.05079],[73.72745,32.05134],[73.72824,32.05125],[73.72762,32.05079]]]]}},{"type":"Feature","properties":{"lu":"Educational Institution - Public","ct":"Existing","a":0.154},"geometry":{"type":"MultiPolygon","coordinates":[[[[73.70378,32.09663],[73.70345,32.09665],[73.70348,32.09684],[73.70382,32.09676],[73.70378,32.09663]]]]}},{"type":"Feature","properties":{"lu":"Educational Institution - Public","ct":"Existing","a":0.975},"geometry":{"type":"MultiPolygon","coordinates":[[[[73.70105,32.09965],[73.70085,32.09907],[73.70023,32.09919],[73.70047,32.09977],[73.70105,32.09965]]]]}},{"type":"Feature","properties":{"lu":"Educational Institution - Public","ct":"Existing","a":0.216},"geometry":{"type":"MultiPolygon","coordinates":[[[[73.63605,32.07869],[73.63605,32.07845],[73.6357,32.07847],[73.63572,32.07872],[73.63605,32.07869]]]]}},{"type":"Feature","properties":{"lu":"Educational Institution - Public","ct":"Existing","a":1.065},"geometry":{"type":"MultiPolygon","coordinates":[[[[73.63599,32.08191],[73.63598,32.08181],[73.63524,32.08187],[73.63529,32.08241],[73.63601,32.08239],[73.63599,32.08191]]]]}},{"type":"Feature","properties":{"lu":"Educational Institution - Public","ct":"Existing","a":0.057},"geometry":{"type":"MultiPolygon","coordinates":[[[[73.62851,32.06809],[73.62817,32.0679],[73.62815,32.06795],[73.62848,32.06814],[73.62851,32.06809]]]]}},{"type":"Feature","properties":{"lu":"Educational Institution - Public","ct":"Existing","a":0.267},"geometry":{"type":"MultiPolygon","coordinates":[[[[73.62842,32.0546],[73.62818,32.05452],[73.62814,32.05497],[73.62835,32.05501],[73.62842,32.0546]]]]}},{"type":"Feature","properties":{"lu":"Educational Institution - Public","ct":"Existing","a":0.113},"geometry":{"type":"MultiPolygon","coordinates":[[[[73.61657,32.0476],[73.61643,32.04757],[73.61633,32.04785],[73.61646,32.04789],[73.61657,32.0476]]]]}},{"type":"Feature","properties":{"lu":"Educational Institution - Public","ct":"Existing","a":0.138},"geometry":{"type":"MultiPolygon","coordinates":[[[[73.61521,32.04961],[73.61505,32.0496],[73.61492,32.04989],[73.61508,32.04994],[73.61521,32.04961]]]]}},{"type":"Feature","properties":{"lu":"Graveyard","ct":"Existing","a":2.635},"geometry":{"type":"MultiPolygon","coordinates":[[[[73.59356,32.24786],[73.5938,32.2475],[73.5939,32.24699],[73.59362,32.24695],[73.59371,32.24662],[73.59308,32.24645],[73.59304,32.24652],[73.59326,32.24659],[73.59324,32.24668],[73.59321,32.24682],[73.59304,32.24678],[73.59269,32.24728],[73.59295,32.24747],[73.59278,32.2477],[73.59309,32.24787],[73.5932,32.24771],[73.59356,32.24786]]]]}},{"type":"Feature","properties":{"lu":"Graveyard","ct":"Existing","a":12.048},"geometry":{"type":"MultiPolygon","coordinates":[[[[73.53591,32.03857],[73.53592,32.03791],[73.53543,32.03794],[73.53522,32.03662],[73.53447,32.03674],[73.53482,32.03819],[73.53338,32.03867],[73.53352,32.03916],[73.53301,32.03927],[73.53305,32.03941],[73.53316,32.0394],[73.5332,32.03954],[73.53366,32.03944],[73.53375,32.03983],[73.53414,32.03981],[73.53418,32.03999],[73.53456,32.03992],[73.53459,32.03961],[73.5359,32.0395],[73.53591,32.03857]]]]}},{"type":"Feature","properties":{"lu":"Educational Institution - Public","ct":"Existing","a":0.859},"geometry":{"type":"MultiPolygon","coordinates":[[[[73.53642,32.03784],[73.53592,32.03791],[73.53591,32.03857],[73.53629,32.03854],[73.53627,32.03837],[73.53654,32.03825],[73.53642,32.03784]]]]}},{"type":"Feature","properties":{"lu":"Health Institution - Public","ct":"Existing","a":2.251},"geometry":{"type":"MultiPolygon","coordinates":[[[[73.20162,31.91381],[73.20214,31.9134],[73.20126,31.91248],[73.20072,31.91288],[73.20162,31.91381]]]]}},{"type":"Feature","properties":{"lu":"Health Institution - Public","ct":"Existing","a":2.145},"geometry":{"type":"MultiPolygon","coordinates":[[[[73.33846,31.85703],[73.33901,31.85689],[73.33844,31.85577],[73.33789,31.8564],[73.33817,31.85709],[73.33846,31.85703]]]]}},{"type":"Feature","properties":{"lu":"Educational Institution - Public","ct":"Existing","a":2.35,"nm":"Ghs Thatha Kheru Mutmal"},"geometry":{"type":"MultiPolygon","coordinates":[[[[73.33821,31.88911],[73.3385,31.88818],[73.33742,31.88791],[73.33773,31.88936],[73.33821,31.88911]]]]}},{"type":"Feature","properties":{"lu":"Health Institution - Public","ct":"Existing","a":1.163},"geometry":{"type":"MultiPolygon","coordinates":[[[[73.36762,31.8858],[73.36732,31.88581],[73.36731,31.88699],[73.36774,31.887],[73.36762,31.8858]]]]}},{"type":"Feature","properties":{"lu":"Educational Institution - Public","ct":"Existing","a":1.841},"geometry":{"type":"MultiPolygon","coordinates":[[[[73.43704,31.88057],[73.43705,31.88079],[73.43681,31.88079],[73.43684,31.88133],[73.43778,31.8814],[73.43774,31.88053],[73.43704,31.88057]]]]}},{"type":"Feature","properties":{"lu":"Health Institution - Public","ct":"Existing","a":0.18},"geometry":{"type":"MultiPolygon","coordinates":[[[[73.51896,31.84023],[73.51881,31.83999],[73.51864,31.84008],[73.51869,31.84037],[73.51896,31.84023]]]]}},{"type":"Feature","properties":{"lu":"Health Institution - Public","ct":"Existing","a":3.317},"geometry":{"type":"MultiPolygon","coordinates":[[[[73.60945,31.89942],[73.6081,31.89927],[73.60786,31.90047],[73.60853,31.90056],[73.60866,31.89996],[73.60937,31.90004],[73.60945,31.89942]]]]}},{"type":"Feature","properties":{"lu":"Health Institution - Public","ct":"Existing","a":1.482},"geometry":{"type":"MultiPolygon","coordinates":[[[[73.68639,31.89716],[73.68611,31.89686],[73.68576,31.89709],[73.68567,31.89702],[73.68523,31.89754],[73.68581,31.89785],[73.68639,31.89716]]]]}},{"type":"Feature","properties":{"lu":"Health Institution - Public","ct":"Existing","a":2.212},"geometry":{"type":"MultiPolygon","coordinates":[[[[73.63639,31.94964],[73.63635,31.94948],[73.63654,31.94945],[73.63652,31.94933],[73.63482,31.94952],[73.63492,31.95008],[73.63628,31.94994],[73.63629,31.94966],[73.63639,31.94964]]]]}},{"type":"Feature","properties":{"lu":"Educational Institution - Public","ct":"Existing","a":1.224},"geometry":{"type":"MultiPolygon","coordinates":[[[[73.55645,31.96332],[73.55642,31.96353],[73.55694,31.96363],[73.55699,31.96333],[73.55734,31.96338],[73.55746,31.96292],[73.55699,31.9628],[73.557,31.96291],[73.55664,31.96307],[73.55659,31.96335],[73.55645,31.96332]]]]}},{"type":"Feature","properties":{"lu":"Health Institution - Public","ct":"Existing","a":0.002,"nm":"RHC"},"geometry":{"type":"MultiPolygon","coordinates":[[[[73.58856,31.97664],[73.58862,31.97674],[73.58875,31.97695],[73.58856,31.97664]]]]}},{"type":"Feature","properties":{"lu":"Health Institution - Public","ct":"Existing","a":2.195},"geometry":{"type":"MultiPolygon","coordinates":[[[[73.4837,31.96008],[73.48349,31.95949],[73.48282,31.95968],[73.48325,31.96083],[73.48393,31.96064],[73.4837,31.96008]]]]}},{"type":"Feature","properties":{"lu":"Health Institution - Public","ct":"Existing","a":1.023},"geometry":{"type":"MultiPolygon","coordinates":[[[[73.33381,32.03044],[73.33376,32.02987],[73.33307,32.02988],[73.33311,32.03044],[73.33381,32.03044]]]]}},{"type":"Feature","properties":{"lu":"Educational Institution - Public","ct":"Existing","a":3.086,"nm":"GHS Khuram Chorera"},"geometry":{"type":"MultiPolygon","coordinates":[[[[73.28799,32.00159],[73.28804,32.00278],[73.28869,32.00267],[73.28869,32.00219],[73.28937,32.00213],[73.2894,32.00155],[73.28799,32.00159]]]]}},{"type":"Feature","properties":{"lu":"Health Institution - Public","ct":"Existing","a":2.428},"geometry":{"type":"MultiPolygon","coordinates":[[[[73.28803,32.00278],[73.28799,32.00159],[73.28733,32.00161],[73.28733,32.00187],[73.28742,32.00187],[73.2874,32.00212],[73.28713,32.00217],[73.28725,32.0029],[73.28803,32.00278]]]]}},{"type":"Feature","properties":{"lu":"Health Institution - Public","ct":"Existing","a":2.058},"geometry":{"type":"MultiPolygon","coordinates":[[[[73.40117,32.08232],[73.40102,32.08229],[73.40103,32.08218],[73.40073,32.08225],[73.40069,32.08211],[73.40038,32.08221],[73.40079,32.08336],[73.40146,32.08319],[73.40117,32.08232]]]]}},{"type":"Feature","properties":{"lu":"Health Institution - Public","ct":"Existing","a":0.411},"geometry":{"type":"MultiPolygon","coordinates":[[[[73.42404,32.0629],[73.42355,32.0629],[73.42358,32.06323],[73.42404,32.06323],[73.42404,32.0629]]]]}},{"type":"Feature","properties":{"lu":"Health Institution - Public","ct":"Existing","a":0.482},"geometry":{"type":"MultiPolygon","coordinates":[[[[73.53067,32.06332],[73.53065,32.06307],[73.52994,32.0631],[73.52996,32.06337],[73.53067,32.06332]]]]}},{"type":"Feature","properties":{"lu":"Health Institution - Public","ct":"Existing","a":1.109},"geometry":{"type":"MultiPolygon","coordinates":[[[[73.63127,32.02986],[73.63119,32.02907],[73.63093,32.02912],[73.63087,32.0293],[73.63055,32.02933],[73.63062,32.02984],[73.63127,32.02986]]]]}},{"type":"Feature","properties":{"lu":"Health Institution - Public","ct":"Existing","a":1.69},"geometry":{"type":"MultiPolygon","coordinates":[[[[73.41767,32.1434],[73.41716,32.143],[73.41694,32.14321],[73.41657,32.14384],[73.41725,32.14408],[73.41767,32.1434]]]]}},{"type":"Feature","properties":{"lu":"Educational Institution - Public","ct":"Existing","a":3.16},"geometry":{"type":"MultiPolygon","coordinates":[[[[73.48459,32.15893],[73.48403,32.15967],[73.4852,32.16032],[73.48577,32.15962],[73.48459,32.15893]]]]}},{"type":"Feature","properties":{"lu":"Health Institution - Public","ct":"Existing","a":2.98},"geometry":{"type":"MultiPolygon","coordinates":[[[[73.4852,32.16032],[73.48403,32.15967],[73.48346,32.16042],[73.48471,32.16096],[73.4852,32.16032]]]]}},{"type":"Feature","properties":{"lu":"Health Institution - Public","ct":"Existing","a":2.072},"geometry":{"type":"MultiPolygon","coordinates":[[[[73.50816,32.18633],[73.50668,32.18581],[73.50675,32.18672],[73.50809,32.18655],[73.50816,32.18633]]]]}},{"type":"Feature","properties":{"lu":"Health Institution - Public","ct":"Existing","a":0.909},"geometry":{"type":"MultiPolygon","coordinates":[[[[73.54585,32.17946],[73.54558,32.17954],[73.54558,32.17976],[73.54579,32.17981],[73.54577,32.18013],[73.54619,32.18008],[73.54625,32.1794],[73.54585,32.17946]]]]}},{"type":"Feature","properties":{"lu":"Health Institution - Public","ct":"Existing","a":0.126},"geometry":{"type":"MultiPolygon","coordinates":[[[[73.53828,32.22765],[73.53828,32.22745],[73.53805,32.22745],[73.53805,32.22766],[73.53828,32.22765]]]]}},{"type":"Feature","properties":{"lu":"Health Institution - Public","ct":"Existing","a":0.276},"geometry":{"type":"MultiPolygon","coordinates":[[[[73.61471,32.20493],[73.61469,32.20463],[73.61434,32.20464],[73.61437,32.20495],[73.61471,32.20493]]]]}},{"type":"Feature","properties":{"lu":"Educational Institution - Public","ct":"Existing","a":3.723,"nm":"Ghs Ramke Chattha"},"geometry":{"type":"MultiPolygon","coordinates":[[[[73.66381,32.21135],[73.66379,32.21128],[73.66398,32.21126],[73.66371,32.21027],[73.66241,32.21049],[73.66261,32.21149],[73.66381,32.21135]]]]}},{"type":"Feature","properties":{"lu":"Health Institution - Public","ct":"Existing","a":0.929},"geometry":{"type":"MultiPolygon","coordinates":[[[[73.76496,32.16551],[73.76485,32.1655],[73.76479,32.16612],[73.76543,32.16619],[73.76541,32.16555],[73.76496,32.16551]]]]}},{"type":"Feature","properties":{"lu":"Health Institution - Public","ct":"Existing","a":1.599},"geometry":{"type":"MultiPolygon","coordinates":[[[[73.77475,32.10757],[73.77409,32.10761],[73.77412,32.10855],[73.77473,32.10856],[73.77475,32.10757]]]]}},{"type":"Feature","properties":{"lu":"Health Institution - Public","ct":"Existing","a":3.218},"geometry":{"type":"MultiPolygon","coordinates":[[[[73.73041,31.98038],[73.73056,31.98037],[73.73014,31.97977],[73.72832,31.97977],[73.72836,31.98041],[73.73041,31.98038]]]]}},{"type":"Feature","properties":{"lu":"Health Institution - Public","ct":"Existing","a":2.126},"geometry":{"type":"MultiPolygon","coordinates":[[[[73.78784,32.01738],[73.78752,32.01686],[73.78641,32.01713],[73.78651,32.01731],[73.78667,32.01741],[73.78683,32.01736],[73.78722,32.01783],[73.78796,32.01759],[73.78784,32.01738]]]]}},{"type":"Feature","properties":{"lu":"Health Institution - Public","ct":"Existing","a":3.013},"geometry":{"type":"MultiPolygon","coordinates":[[[[73.55278,32.11835],[73.55277,32.1191],[73.5543,32.11917],[73.55437,32.11842],[73.55278,32.11835]]]]}},{"type":"Feature","properties":{"lu":"Health Institution - Public","ct":"Existing","a":0.454},"geometry":{"type":"MultiPolygon","coordinates":[[[[73.78451,32.08822],[73.78454,32.08772],[73.78421,32.08773],[73.78415,32.0882],[73.7845,32.08827],[73.78451,32.08822]]]]}},{"type":"Feature","properties":{"lu":"Educational Institution - Public","ct":"Existing","a":0.224},"geometry":{"type":"MultiPolygon","coordinates":[[[[73.47995,32.0344],[73.47973,32.03443],[73.47977,32.03479],[73.47997,32.03487],[73.47995,32.0344]]]]}},{"type":"Feature","properties":{"lu":"Educational Institution - Public","ct":"Existing","a":0.217},"geometry":{"type":"MultiPolygon","coordinates":[[[[73.56092,32.20417],[73.56061,32.20408],[73.56057,32.20436],[73.56088,32.20442],[73.56092,32.20417]]]]}},{"type":"Feature","properties":{"lu":"Educational Institution - Public","ct":"Existing","a":0.182},"geometry":{"type":"MultiPolygon","coordinates":[[[[73.57072,32.20633],[73.57049,32.20647],[73.57077,32.20663],[73.57092,32.2065],[73.57072,32.20633]]]]}},{"type":"Feature","properties":{"lu":"Educational Institution - Public","ct":"Existing","a":0.269},"geometry":{"type":"MultiPolygon","coordinates":[[[[73.48009,32.07345],[73.47976,32.0736],[73.47997,32.07385],[73.48025,32.07371],[73.48009,32.07345]]]]}},{"type":"Feature","properties":{"lu":"Educational Institution - Public","ct":"Existing","a":0.273},"geometry":{"type":"MultiPolygon","coordinates":[[[[73.5774,32.2356],[73.57727,32.23588],[73.57756,32.23603],[73.57773,32.23578],[73.5774,32.2356]]]]}},{"type":"Feature","properties":{"lu":"Educational Institution - Public","ct":"Existing","a":0.477},"geometry":{"type":"MultiPolygon","coordinates":[[[[73.57546,32.24069],[73.57541,32.24046],[73.57517,32.24039],[73.57494,32.24086],[73.57535,32.24098],[73.57546,32.24069]]]]}},{"type":"Feature","properties":{"lu":"Educational Institution - Public","ct":"Existing","a":0.242},"geometry":{"type":"MultiPolygon","coordinates":[[[[73.56152,32.24246],[73.5618,32.2426],[73.56204,32.24233],[73.56169,32.24227],[73.56152,32.24246]]]]}},{"type":"Feature","properties":{"lu":"Religious Building","ct":"Existing","a":0.185},"geometry":{"type":"MultiPolygon","coordinates":[[[[73.36132,32.06559],[73.36103,32.06575],[73.36132,32.06592],[73.36132,32.06559]]],[[[73.36171,32.06566],[73.36171,32.06588],[73.36185,32.06569],[73.36171,32.06566]]]]}},{"type":"Feature","properties":{"lu":"Educational Institution - Public","ct":"Existing","a":0.295},"geometry":{"type":"MultiPolygon","coordinates":[[[[73.38308,31.96268],[73.38271,31.9627],[73.38276,31.96308],[73.383,31.96306],[73.38297,31.96287],[73.3831,31.96286],[73.38308,31.96268]]]]}},{"type":"Feature","properties":{"lu":"Public Building and Govt Office","ct":"Existing","a":8.68,"nm":"Grid Station"},"geometry":{"type":"MultiPolygon","coordinates":[[[[73.24805,31.8798],[73.249,31.879],[73.2479,31.87801],[73.24613,31.87948],[73.24724,31.88044],[73.24805,31.8798]]]]}},{"type":"Feature","properties":{"lu":"Graveyard","ct":"Existing","a":3.882},"geometry":{"type":"MultiPolygon","coordinates":[[[[73.54716,31.85938],[73.54694,31.8582],[73.54637,31.85826],[73.54647,31.85861],[73.54551,31.85874],[73.54566,31.85959],[73.54716,31.85938]]]]}},{"type":"Feature","properties":{"lu":"Graveyard","ct":"Existing","a":0.796},"geometry":{"type":"MultiPolygon","coordinates":[[[[73.49558,31.88168],[73.49487,31.88182],[73.49494,31.88231],[73.49552,31.88213],[73.49544,31.88176],[73.49558,31.88168]]]]}},{"type":"Feature","properties":{"lu":"Graveyard","ct":"Existing","a":12.031},"geometry":{"type":"MultiPolygon","coordinates":[[[[73.48751,31.91015],[73.48743,31.91009],[73.48728,31.90946],[73.48711,31.90939],[73.487,31.90912],[73.48655,31.90894],[73.48638,31.90841],[73.4852,31.9087],[73.48511,31.90854],[73.48429,31.90873],[73.48445,31.90944],[73.48438,31.90947],[73.48439,31.90976],[73.48581,31.91027],[73.48661,31.91064],[73.48714,31.91065],[73.48759,31.91048],[73.48751,31.91015]]]]}},{"type":"Feature","properties":{"lu":"Graveyard","ct":"Existing","a":32.659},"geometry":{"type":"MultiPolygon","coordinates":[[[[73.51815,31.91384],[73.51851,31.91409],[73.51853,31.91447],[73.5183,31.91471],[73.51828,31.91489],[73.51865,31.91492],[73.51875,31.91501],[73.5187,31.9152],[73.51881,31.91526],[73.51915,31.91521],[73.51939,31.91541],[73.51932,31.91563],[73.51913,31.91576],[73.51905,31.91601],[73.51939,31.91594],[73.51949,31.91632],[73.52005,31.91639],[73.52056,31.91636],[73.52184,31.91512],[73.52178,31.91388],[73.52247,31.91385],[73.52232,31.91204],[73.52028,31.91214],[73.52031,31.91282],[73.5181,31.91292],[73.51815,31.91384]]]]}},{"type":"Feature","properties":{"lu":"Educational Institution - Public","ct":"Existing","a":1.968,"nm":"GGHS Kassoke"},"geometry":{"type":"MultiPolygon","coordinates":[[[[73.73395,31.97919],[73.73299,31.97917],[73.73304,31.97976],[73.73403,31.97983],[73.73404,31.97998],[73.73428,31.97997],[73.7342,31.97938],[73.73393,31.97929],[73.73395,31.97919]]]]}},{"type":"Feature","properties":{"lu":"Public Building and Govt Office","ct":"Existing","a":0.166,"nm":"NADRA  Office"},"geometry":{"type":"MultiPolygon","coordinates":[[[[73.40705,32.06278],[73.40674,32.06281],[73.40673,32.06305],[73.40695,32.06306],[73.40695,32.06288],[73.40706,32.06287],[73.40705,32.06278]]]]}},{"type":"Feature","properties":{"lu":"Educational Institution - Public","ct":"Existing","a":0.633},"geometry":{"type":"MultiPolygon","coordinates":[[[[73.42541,32.06068],[73.42533,32.06018],[73.42501,32.0602],[73.42498,32.06007],[73.42484,32.0601],[73.42489,32.06055],[73.42499,32.06054],[73.42507,32.06071],[73.42541,32.06068]]]]}},{"type":"Feature","properties":{"lu":"Educational Institution - Public","ct":"Existing","a":0.662},"geometry":{"type":"MultiPolygon","coordinates":[[[[73.52466,31.86404],[73.52442,31.86402],[73.52443,31.8641],[73.52466,31.86404]]],[[[73.52446,31.86427],[73.52452,31.86453],[73.52481,31.86448],[73.52485,31.86476],[73.52512,31.86467],[73.52504,31.8641],[73.52446,31.86427]]]]}},{"type":"Feature","properties":{"lu":"Graveyard","ct":"Existing","a":1.56},"geometry":{"type":"MultiPolygon","coordinates":[[[[73.533,31.86005],[73.53257,31.86026],[73.53249,31.86041],[73.53268,31.86113],[73.5331,31.86112],[73.53311,31.8613],[73.53329,31.8611],[73.533,31.86005]]]]}},{"type":"Feature","properties":{"lu":"Educational Institution - Public","ct":"Existing","a":0.407},"geometry":{"type":"MultiPolygon","coordinates":[[[[73.35915,32.07099],[73.35885,32.07099],[73.35884,32.07128],[73.35938,32.07127],[73.35931,32.07095],[73.35915,32.07099]]]]}},{"type":"Feature","properties":{"lu":"Graveyard","ct":"Existing","a":1.088},"geometry":{"type":"MultiPolygon","coordinates":[[[[73.36118,32.07445],[73.36118,32.07431],[73.36102,32.07421],[73.36081,32.07374],[73.36018,32.07396],[73.36055,32.07424],[73.36077,32.07468],[73.36118,32.07445]]]]}},{"type":"Feature","properties":{"lu":"Graveyard","ct":"Existing","a":0.487},"geometry":{"type":"MultiPolygon","coordinates":[[[[73.36129,32.06797],[73.36129,32.06777],[73.36122,32.06773],[73.36085,32.0683],[73.36071,32.06835],[73.36094,32.06845],[73.36119,32.0684],[73.36129,32.06797]]]]}},{"type":"Feature","properties":{"lu":"Graveyard","ct":"Existing","a":0.584},"geometry":{"type":"MultiPolygon","coordinates":[[[[73.36089,32.06753],[73.36047,32.06826],[73.36081,32.06829],[73.36117,32.0677],[73.36089,32.06753]]]]}},{"type":"Feature","properties":{"lu":"Educational Institution - Public","ct":"Existing","a":0.35},"geometry":{"type":"MultiPolygon","coordinates":[[[[73.35961,32.07136],[73.35963,32.07161],[73.35949,32.07183],[73.35978,32.07202],[73.3598,32.07137],[73.35961,32.07136]]]]}},{"type":"Feature","properties":{"lu":"Educational Institution - Public","ct":"Existing","a":0.234},"geometry":{"type":"MultiPolygon","coordinates":[[[[73.47711,31.85648],[73.47707,31.85615],[73.4768,31.8562],[73.47684,31.85652],[73.47711,31.85648]]]]}},{"type":"Feature","properties":{"lu":"Educational Institution - Public","ct":"Existing","a":0.103},"geometry":{"type":"MultiPolygon","coordinates":[[[[73.47648,31.85385],[73.47646,31.85377],[73.47607,31.85388],[73.47608,31.85398],[73.47648,31.85385]]]]}},{"type":"Feature","properties":{"lu":"Educational Institution - Public","ct":"Existing","a":0.204},"geometry":{"type":"MultiPolygon","coordinates":[[[[73.4973,31.8731],[73.49727,31.87296],[73.49668,31.87306],[73.4967,31.87318],[73.4973,31.8731]]]]}},{"type":"Feature","properties":{"lu":"Public Building and Govt Office","ct":"Existing","a":0.014},"geometry":{"type":"MultiPolygon","coordinates":[[[[73.59991,31.98182],[73.59989,31.98176],[73.59981,31.9816],[73.5998,31.9816],[73.59991,31.98182]]],[[[73.59925,31.98195],[73.59923,31.98196],[73.59931,31.98213],[73.59933,31.98212],[73.59925,31.98195]]]]}},{"type":"Feature","properties":{"lu":"Graveyard","ct":"Existing","a":12.264},"geometry":{"type":"MultiPolygon","coordinates":[[[[73.58018,31.98479],[73.58129,31.98428],[73.58186,31.9841],[73.58176,31.9836],[73.58189,31.98352],[73.58154,31.98258],[73.58118,31.98198],[73.58034,31.98229],[73.58032,31.98252],[73.57983,31.9825],[73.57966,31.98287],[73.5799,31.98293],[73.57976,31.98328],[73.57974,31.98376],[73.57966,31.98376],[73.57964,31.98385],[73.57964,31.98475],[73.57924,31.98485],[73.57925,31.98536],[73.58018,31.98479]]]]}},{"type":"Feature","properties":{"lu":"Public Building and Govt Office","ct":"Existing","a":3.321},"geometry":{"type":"MultiPolygon","coordinates":[[[[73.58027,31.98624],[73.58066,31.98601],[73.58018,31.98479],[73.57925,31.98539],[73.57933,31.98536],[73.5798,31.9865],[73.58027,31.98624]]]]}},{"type":"Feature","properties":{"lu":"Graveyard","ct":"Existing","a":2.569},"geometry":{"type":"MultiPolygon","coordinates":[[[[73.58058,31.98581],[73.58094,31.98671],[73.58086,31.98684],[73.58111,31.98682],[73.58127,31.98689],[73.58171,31.98674],[73.58166,31.98657],[73.5819,31.98635],[73.58178,31.98615],[73.58157,31.98605],[73.58154,31.98582],[73.58128,31.98569],[73.58058,31.98581]]]]}},{"type":"Feature","properties":{"lu":"Public Building and Govt Office","ct":"Existing","a":1.958,"nm":"Kaleke Police Station"},"geometry":{"type":"MultiPolygon","coordinates":[[[[73.58147,31.98466],[73.5814,31.98439],[73.58048,31.98469],[73.58077,31.98537],[73.58161,31.98526],[73.58147,31.98466]]]]}},{"type":"Feature","properties":{"lu":"Religious Building","ct":"Existing","a":0.044},"geometry":{"type":"MultiPolygon","coordinates":[[[[73.58254,31.98483],[73.58253,31.98475],[73.58235,31.98477],[73.58236,31.98489],[73.58254,31.98483]]]]}},{"type":"Feature","properties":{"lu":"Religious Building","ct":"Existing","a":0.063},"geometry":{"type":"MultiPolygon","coordinates":[[[[73.58307,31.98652],[73.58302,31.98643],[73.58279,31.98649],[73.58285,31.98659],[73.58307,31.98652]]]]}},{"type":"Feature","properties":{"lu":"Educational Institution - Public","ct":"Existing","a":2.627,"nm":"Ms Sufi Foundation School"},"geometry":{"type":"MultiPolygon","coordinates":[[[[73.59598,31.96973],[73.59568,31.96919],[73.59467,31.96957],[73.59554,31.97061],[73.59603,31.9704],[73.5957,31.96987],[73.59598,31.96973]]]]}},{"type":"Feature","properties":{"lu":"Health Institution - Public","ct":"Existing","a":0.137},"geometry":{"type":"MultiPolygon","coordinates":[[[[73.66937,31.98672],[73.66921,31.98664],[73.66907,31.98686],[73.66928,31.98695],[73.66937,31.98672]]]]}},{"type":"Feature","properties":{"lu":"Educational Institution - Public","ct":"Existing","a":0.366},"geometry":{"type":"MultiPolygon","coordinates":[[[[73.69878,32.00378],[73.69864,32.00344],[73.69819,32.00358],[73.69825,32.0038],[73.69878,32.00378]]]]}},{"type":"Feature","properties":{"lu":"Health Institution - Public","ct":"Existing","a":0.354},"geometry":{"type":"MultiPolygon","coordinates":[[[[73.73065,32.14566],[73.73047,32.14566],[73.73042,32.14593],[73.73019,32.14621],[73.73065,32.14622],[73.73059,32.14614],[73.73065,32.14566]]]]}},{"type":"Feature","properties":{"lu":"Health Institution - Public","ct":"Existing","a":0.51},"geometry":{"type":"MultiPolygon","coordinates":[[[[73.67628,32.14468],[73.67606,32.14451],[73.67586,32.14482],[73.67569,32.14479],[73.67559,32.14504],[73.67597,32.14513],[73.67628,32.14468]]]]}},{"type":"Feature","properties":{"lu":"Health Institution - Public","ct":"Existing","a":0.023},"geometry":{"type":"MultiPolygon","coordinates":[[[[73.7462,32.09744],[73.74614,32.09747],[73.74621,32.09756],[73.74629,32.09752],[73.7462,32.09744]]]]}},{"type":"Feature","properties":{"lu":"Health Institution - Public","ct":"Existing","a":0.026},"geometry":{"type":"MultiPolygon","coordinates":[[[[73.79144,32.06414],[73.79143,32.06404],[73.79133,32.06404],[73.79134,32.06414],[73.79144,32.06414]]]]}},{"type":"Feature","properties":{"lu":"Health Institution - Public","ct":"Existing","a":0.243},"geometry":{"type":"MultiPolygon","coordinates":[[[[73.732,31.98105],[73.73155,31.98103],[73.73175,31.98129],[73.73203,31.9813],[73.732,31.98105]]]]}},{"type":"Feature","properties":{"lu":"Health Institution - Public","ct":"Existing","a":0.378},"geometry":{"type":"MultiPolygon","coordinates":[[[[73.69748,31.94149],[73.69741,31.9412],[73.69757,31.94117],[73.69755,31.94108],[73.69747,31.94109],[73.69744,31.94094],[73.69717,31.94099],[73.69719,31.9414],[73.69726,31.94152],[73.69748,31.94149]]]]}},{"type":"Feature","properties":{"lu":"Health Institution - Public","ct":"Existing","a":0.075},"geometry":{"type":"MultiPolygon","coordinates":[[[[73.63654,31.94945],[73.63635,31.94948],[73.63639,31.94964],[73.63656,31.9496],[73.63654,31.94945]]]]}},{"type":"Feature","properties":{"lu":"Health Institution - Public","ct":"Existing","a":0.384},"geometry":{"type":"MultiPolygon","coordinates":[[[[73.59447,32.06075],[73.59395,32.06082],[73.594,32.06105],[73.59458,32.06105],[73.59447,32.06075]]]]}},{"type":"Feature","properties":{"lu":"Health Institution - Public","ct":"Existing","a":0.428},"geometry":{"type":"MultiPolygon","coordinates":[[[[73.72003,32.10093],[73.71972,32.10084],[73.71952,32.1013],[73.7198,32.10143],[73.72003,32.10093]]]]}},{"type":"Feature","properties":{"lu":"Health Institution - Public","ct":"Existing","a":2.508},"geometry":{"type":"MultiPolygon","coordinates":[[[[73.70948,32.24939],[73.70945,32.2487],[73.70799,32.24878],[73.7081,32.24945],[73.70948,32.24939]]]]}},{"type":"Feature","properties":{"lu":"Health Institution - Public","ct":"Existing","a":0.41},"geometry":{"type":"MultiPolygon","coordinates":[[[[73.66519,32.2975],[73.66552,32.29765],[73.66574,32.29731],[73.66543,32.29711],[73.66519,32.2975]]]]}},{"type":"Feature","properties":{"lu":"Health Institution - Public","ct":"Existing","a":0.16},"geometry":{"type":"MultiPolygon","coordinates":[[[[73.60792,32.18382],[73.60778,32.18375],[73.60777,32.18412],[73.60807,32.18399],[73.60792,32.18382]]]]}},{"type":"Feature","properties":{"lu":"Health Institution - Public","ct":"Existing","a":0.856},"geometry":{"type":"MultiPolygon","coordinates":[[[[73.54498,32.12647],[73.54497,32.12691],[73.54535,32.12693],[73.54535,32.12722],[73.54555,32.12722],[73.54555,32.12691],[73.54571,32.12692],[73.54576,32.12682],[73.5455,32.12667],[73.54545,32.12649],[73.54498,32.12647]]]]}},{"type":"Feature","properties":{"lu":"Health Institution - Public","ct":"Existing","a":0.363},"geometry":{"type":"MultiPolygon","coordinates":[[[[73.48318,32.16004],[73.48287,32.15991],[73.48275,32.16016],[73.48324,32.16038],[73.48338,32.16019],[73.48316,32.16009],[73.48318,32.16004]]]]}},{"type":"Feature","properties":{"lu":"Health Institution - Public","ct":"Existing","a":0.068},"geometry":{"type":"MultiPolygon","coordinates":[[[[73.45958,32.11856],[73.45955,32.11878],[73.45969,32.11878],[73.4597,32.11857],[73.45958,32.11856]]]]}},{"type":"Feature","properties":{"lu":"Health Institution - Public","ct":"Existing","a":0.059},"geometry":{"type":"MultiPolygon","coordinates":[[[[73.56315,32.00536],[73.56296,32.00534],[73.56294,32.00546],[73.56314,32.00547],[73.56315,32.00536]]]]}},{"type":"Feature","properties":{"lu":"Health Institution - Public","ct":"Existing","a":0.257},"geometry":{"type":"MultiPolygon","coordinates":[[[[73.64191,31.90079],[73.64225,31.90081],[73.64228,31.90054],[73.64207,31.90052],[73.642,31.90042],[73.64191,31.90079]]]]}},{"type":"Feature","properties":{"lu":"Graveyard","ct":"Existing","a":2.175},"geometry":{"type":"MultiPolygon","coordinates":[[[[73.64058,31.90111],[73.6404,31.90095],[73.64034,31.90109],[73.64008,31.90103],[73.64019,31.90085],[73.63987,31.90064],[73.6399,31.90046],[73.63944,31.90042],[73.63939,31.90119],[73.63974,31.90157],[73.63995,31.90159],[73.64034,31.90141],[73.64063,31.90116],[73.64058,31.90111]]]]}},{"type":"Feature","properties":{"lu":"Health Institution - Public","ct":"Existing","a":0.115},"geometry":{"type":"MultiPolygon","coordinates":[[[[73.61135,31.97613],[73.61121,31.97612],[73.6112,31.97641],[73.61136,31.97642],[73.61135,31.97613]]]]}},{"type":"Feature","properties":{"lu":"Health Institution - Public","ct":"Existing","a":0.184},"geometry":{"type":"MultiPolygon","coordinates":[[[[73.41959,32.1534],[73.4193,32.15325],[73.4192,32.15342],[73.41954,32.1536],[73.41959,32.1534]]]]}},{"type":"Feature","properties":{"lu":"Health Institution - Public","ct":"Existing","a":0.137},"geometry":{"type":"MultiPolygon","coordinates":[[[[73.30909,31.96473],[73.30907,31.96443],[73.30888,31.96444],[73.30891,31.96472],[73.30909,31.96473]]]]}},{"type":"Feature","properties":{"lu":"Health Institution - Public","ct":"Existing","a":0.108},"geometry":{"type":"MultiPolygon","coordinates":[[[[73.36237,32.03964],[73.36233,32.03947],[73.3621,32.03948],[73.3621,32.03965],[73.36237,32.03964]]]]}},{"type":"Feature","properties":{"lu":"Health Institution - Public","ct":"Existing","a":0.292},"geometry":{"type":"MultiPolygon","coordinates":[[[[73.50854,32.03999],[73.50851,32.03973],[73.50814,32.03983],[73.50819,32.04017],[73.5084,32.04015],[73.50838,32.04],[73.50854,32.03999]]]]}},{"type":"Feature","properties":{"lu":"Health Institution - Public","ct":"Existing","a":0.295},"geometry":{"type":"MultiPolygon","coordinates":[[[[73.43733,31.9436],[73.43711,31.94356],[73.43698,31.94398],[73.43728,31.94401],[73.43733,31.9436]]]]}},{"type":"Feature","properties":{"lu":"Health Institution - Public","ct":"Existing","a":0.609},"geometry":{"type":"MultiPolygon","coordinates":[[[[73.47982,31.9618],[73.47971,31.96148],[73.47906,31.96167],[73.47923,31.96201],[73.47982,31.9618]]]]}},{"type":"Feature","properties":{"lu":"Health Institution - Public","ct":"Existing","a":0.196},"geometry":{"type":"MultiPolygon","coordinates":[[[[73.41118,31.87117],[73.41121,31.87076],[73.41104,31.87075],[73.41101,31.87116],[73.41118,31.87117]]]]}},{"type":"Feature","properties":{"lu":"Health Institution - Public","ct":"Existing","a":0.028},"geometry":{"type":"MultiPolygon","coordinates":[[[[73.33762,31.86091],[73.33758,31.8608],[73.33749,31.86081],[73.33753,31.86092],[73.33762,31.86091]]]]}},{"type":"Feature","properties":{"lu":"Graveyard","ct":"Existing","a":5.082},"geometry":{"type":"MultiPolygon","coordinates":[[[[73.33708,31.86005],[73.33656,31.85889],[73.33607,31.85854],[73.33542,31.85926],[73.33623,31.85986],[73.33665,31.86074],[73.33696,31.86068],[73.33721,31.86121],[73.33739,31.86117],[73.33747,31.86103],[73.33708,31.86005]]]]}},{"type":"Feature","properties":{"lu":"Health Institution - Public","ct":"Existing","a":1.114},"geometry":{"type":"MultiPolygon","coordinates":[[[[73.28002,31.8209],[73.28003,31.82011],[73.27972,31.82011],[73.2797,31.82039],[73.27936,31.82039],[73.27935,31.8209],[73.28002,31.8209]]]]}},{"type":"Feature","properties":{"lu":"Health Institution - Public","ct":"Existing","a":0.045},"geometry":{"type":"MultiPolygon","coordinates":[[[[73.2505,31.97565],[73.25044,31.97555],[73.25029,31.97562],[73.25035,31.9757],[73.2505,31.97565]]]]}},{"type":"Feature","properties":{"lu":"Health Institution - Public","ct":"Existing","a":0.034},"geometry":{"type":"MultiPolygon","coordinates":[[[[73.33746,31.88713],[73.33736,31.88711],[73.33733,31.88723],[73.33744,31.88725],[73.33746,31.88713]]]]}},{"type":"Feature","properties":{"lu":"Health Institution - Public","ct":"Existing","a":0.239},"geometry":{"type":"MultiPolygon","coordinates":[[[[73.28659,32.00318],[73.28633,32.00322],[73.28635,32.00345],[73.28626,32.00345],[73.28627,32.00354],[73.28661,32.00352],[73.28659,32.00318]]]]}},{"type":"Feature","properties":{"lu":"Health Institution - Public","ct":"Existing","a":0.055},"geometry":{"type":"MultiPolygon","coordinates":[[[[73.51149,31.92669],[73.51125,31.92669],[73.51125,31.92678],[73.51149,31.92679],[73.51149,31.92669]]]]}},{"type":"Feature","properties":{"lu":"Graveyard","ct":"Existing","a":7.586},"geometry":{"type":"MultiPolygon","coordinates":[[[[73.79142,32.0633],[73.79128,32.06275],[73.79121,32.06276],[73.79039,32.06293],[73.79013,32.06317],[73.7898,32.06325],[73.78924,32.06363],[73.78922,32.06392],[73.7895,32.06474],[73.79083,32.06452],[73.79104,32.0644],[73.79113,32.06432],[73.79124,32.06388],[73.7912,32.06348],[73.79142,32.0633]]]]}},{"type":"Feature","properties":{"lu":"Graveyard","ct":"Existing","a":1.765},"geometry":{"type":"MultiPolygon","coordinates":[[[[73.43559,32.02093],[73.43551,32.02061],[73.43499,32.02068],[73.43486,32.02062],[73.43482,32.02041],[73.43463,32.02042],[73.4346,32.02036],[73.43395,32.02051],[73.43378,32.02023],[73.43356,32.02047],[73.4339,32.02072],[73.43433,32.02087],[73.43559,32.02093]]]]}},{"type":"Feature","properties":{"lu":"Health Institution - Private","ct":"Existing","a":2.109,"nm":"Al-Baseer Hospital"},"geometry":{"type":"MultiPolygon","coordinates":[[[[73.31819,31.89333],[73.3183,31.89272],[73.31695,31.8925],[73.31686,31.89304],[73.31753,31.89305],[73.31748,31.89334],[73.31819,31.89333]]]]}},{"type":"Feature","properties":{"lu":"Graveyard","ct":"Existing","a":5.092},"geometry":{"type":"MultiPolygon","coordinates":[[[[73.30814,31.92744],[73.30811,31.92686],[73.30707,31.92631],[73.30638,31.92606],[73.30554,31.92625],[73.30545,31.92654],[73.30564,31.92673],[73.30649,31.92693],[73.30783,31.92746],[73.30814,31.92744]]]]}},{"type":"Feature","properties":{"lu":"Educational Institution - Public","ct":"Existing","a":2.586},"geometry":{"type":"MultiPolygon","coordinates":[[[[73.55156,32.1299],[73.55051,32.12972],[73.55041,32.13059],[73.55134,32.13087],[73.55142,32.13052],[73.55155,32.13053],[73.55156,32.1299]]]]}},{"type":"Feature","properties":{"lu":"Educational Institution - Public","ct":"Existing","a":1.452},"geometry":{"type":"MultiPolygon","coordinates":[[[[73.54749,32.12758],[73.54738,32.12757],[73.54737,32.12769],[73.5471,32.12769],[73.54711,32.12758],[73.54644,32.12754],[73.54645,32.12817],[73.54745,32.12811],[73.54749,32.12758]]]]}},{"type":"Feature","properties":{"lu":"Public Building and Govt Office","ct":"Existing","a":0.569},"geometry":{"type":"MultiPolygon","coordinates":[[[[73.54645,32.1271],[73.5458,32.1271],[73.5458,32.12744],[73.54642,32.12745],[73.54645,32.1271]]]]}},{"type":"Feature","properties":{"lu":"Health Institution - Public","ct":"Existing","a":0.591},"geometry":{"type":"MultiPolygon","coordinates":[[[[73.5458,32.1271],[73.54645,32.1271],[73.54647,32.12698],[73.54631,32.12672],[73.5458,32.1267],[73.5458,32.1271]]]]}},{"type":"Feature","properties":{"lu":"Religious Building","ct":"Existing","a":0.022},"geometry":{"type":"MultiPolygon","coordinates":[[[[73.5503,32.12735],[73.55023,32.12734],[73.55024,32.12748],[73.5503,32.12748],[73.5503,32.12735]]]]}},{"type":"Feature","properties":{"lu":"Religious Building","ct":"Existing","a":0.025},"geometry":{"type":"MultiPolygon","coordinates":[[[[73.54959,32.12744],[73.54956,32.1273],[73.54951,32.12731],[73.5495,32.12744],[73.54959,32.12744]]]]}},{"type":"Feature","properties":{"lu":"Religious Building","ct":"Existing","a":0.054},"geometry":{"type":"MultiPolygon","coordinates":[[[[73.55155,32.12741],[73.55142,32.12748],[73.55143,32.1276],[73.55156,32.12759],[73.55155,32.12741]]]]}},{"type":"Feature","properties":{"lu":"Religious Building","ct":"Existing","a":0.379},"geometry":{"type":"MultiPolygon","coordinates":[[[[73.54622,32.12626],[73.54566,32.12624],[73.54564,32.1265],[73.5462,32.12652],[73.54622,32.12626]]]]}},{"type":"Feature","properties":{"lu":"Graveyard","ct":"Existing","a":16.471},"geometry":{"type":"MultiPolygon","coordinates":[[[[73.55263,32.12068],[73.5526,32.12048],[73.55204,32.12059],[73.55161,32.1202],[73.54882,32.12082],[73.5487,32.12221],[73.55057,32.12221],[73.55058,32.1223],[73.55114,32.1223],[73.55194,32.12207],[73.55223,32.12206],[73.55266,32.12096],[73.55263,32.12068]]]]}},{"type":"Feature","properties":{"lu":"Educational Institution - Private","ct":"Existing","a":0.045},"geometry":{"type":"MultiPolygon","coordinates":[[[[73.54995,32.12943],[73.54979,32.12942],[73.54978,32.12953],[73.54993,32.12955],[73.54995,32.12943]]]]}},{"type":"Feature","properties":{"lu":"Religious Building","ct":"Existing","a":0.019},"geometry":{"type":"MultiPolygon","coordinates":[[[[73.55186,32.12614],[73.55179,32.12613],[73.55177,32.12621],[73.55187,32.12622],[73.55186,32.12614]]]]}},{"type":"Feature","properties":{"lu":"Religious Building","ct":"Existing","a":0.012},"geometry":{"type":"MultiPolygon","coordinates":[[[[73.54858,32.12942],[73.54848,32.12941],[73.54848,32.12945],[73.54856,32.12947],[73.54858,32.12942]]]]}},{"type":"Feature","properties":{"lu":"Educational Institution - Public","ct":"Existing","a":3.607,"nm":"GGHSS Kolo Tarar"},"geometry":{"type":"MultiPolygon","coordinates":[[[[73.54808,32.12552],[73.54818,32.12425],[73.54707,32.12419],[73.547,32.12544],[73.54808,32.12552]]]]}},{"type":"Feature","properties":{"lu":"Religious Building","ct":"Existing","a":0.116},"geometry":{"type":"MultiPolygon","coordinates":[[[[73.54972,32.12591],[73.54948,32.12591],[73.54945,32.1261],[73.54968,32.12611],[73.54972,32.12591]]]]}},{"type":"Feature","properties":{"lu":"Educational Institution - Private","ct":"Existing","a":0.322},"geometry":{"type":"MultiPolygon","coordinates":[[[[73.55618,32.12252],[73.55557,32.12249],[73.55557,32.12271],[73.55613,32.12273],[73.55618,32.12252]]]]}},{"type":"Feature","properties":{"lu":"Religious Building","ct":"Existing","a":0.204},"geometry":{"type":"MultiPolygon","coordinates":[[[[73.55515,32.12128],[73.55512,32.12151],[73.55548,32.12152],[73.55546,32.12128],[73.55515,32.12128]]]]}},{"type":"Feature","properties":{"lu":"Educational Institution - Private","ct":"Existing","a":0.11},"geometry":{"type":"MultiPolygon","coordinates":[[[[73.55371,32.12136],[73.55371,32.12114],[73.55349,32.12117],[73.5535,32.12134],[73.55371,32.12136]]]]}},{"type":"Feature","properties":{"lu":"Religious Building","ct":"Existing","a":0.063},"geometry":{"type":"MultiPolygon","coordinates":[[[[73.55774,32.11786],[73.55757,32.11784],[73.55755,32.11798],[73.55773,32.118],[73.55774,32.11786]]]]}},{"type":"Feature","properties":{"lu":"Religious Building","ct":"Existing","a":0.085},"geometry":{"type":"MultiPolygon","coordinates":[[[[73.55737,32.11963],[73.5575,32.11978],[73.55768,32.1198],[73.55768,32.11966],[73.55737,32.11963]]]]}},{"type":"Feature","properties":{"lu":"Educational Institution - Public","ct":"Existing","a":0.276},"geometry":{"type":"MultiPolygon","coordinates":[[[[73.55678,32.11779],[73.55642,32.11778],[73.55638,32.11806],[73.55676,32.11807],[73.55678,32.11779]]]]}},{"type":"Feature","properties":{"lu":"Religious Building","ct":"Existing","a":0.048},"geometry":{"type":"MultiPolygon","coordinates":[[[[73.55318,32.12447],[73.55314,32.12439],[73.55298,32.1244],[73.55302,32.12454],[73.55318,32.12447]]]]}},{"type":"Feature","properties":{"lu":"Religious Building","ct":"Existing","a":0.88,"nm":"Old Gurdwara"},"geometry":{"type":"MultiPolygon","coordinates":[[[[73.58541,31.97789],[73.58483,31.97812],[73.58504,31.97859],[73.58566,31.97836],[73.58541,31.97789]]]]}},{"type":"Feature","properties":{"lu":"Graveyard","ct":"Existing","a":1.058},"geometry":{"type":"MultiPolygon","coordinates":[[[[73.60504,31.96978],[73.60479,31.9698],[73.60463,31.96996],[73.60436,31.97005],[73.60433,31.97061],[73.60501,31.9704],[73.60504,31.96978]]]]}},{"type":"Feature","properties":{"lu":"Graveyard","ct":"Existing","a":1.886},"geometry":{"type":"MultiPolygon","coordinates":[[[[73.61221,31.96896],[73.61081,31.96893],[73.61082,31.96911],[73.61096,31.96912],[73.61103,31.96937],[73.61096,31.96952],[73.61218,31.96953],[73.61221,31.96896]]]]}},{"type":"Feature","properties":{"lu":"Educational Institution - Public","ct":"Existing","a":5.413,"nm":"Govt College For Women"},"geometry":{"type":"MultiPolygon","coordinates":[[[[73.55561,32.12509],[73.55454,32.12499],[73.55439,32.12554],[73.55418,32.12553],[73.55399,32.12625],[73.55382,32.12621],[73.55381,32.12643],[73.55419,32.12654],[73.55542,32.1266],[73.55561,32.12509]]]]}},{"type":"Feature","properties":{"lu":"Religious Building","ct":"Existing","a":0.079,"nm":"Masjid Ayesha"},"geometry":{"type":"MultiPolygon","coordinates":[[[[73.57863,32.21399],[73.57869,32.21392],[73.57874,32.21399],[73.57879,32.21391],[73.57865,32.2138],[73.5785,32.214],[73.57859,32.21405],[73.57863,32.21399]]]]}},{"type":"Feature","properties":{"lu":"Religious Building","ct":"Existing","a":0.078,"nm":"Masjid Darbar Sharif"},"geometry":{"type":"MultiPolygon","coordinates":[[[[73.57626,32.21171],[73.57636,32.21179],[73.57653,32.21162],[73.57643,32.21154],[73.57626,32.21171]]]]}},{"type":"Feature","properties":{"lu":"Educational Institution - Public","ct":"Existing","a":0.021},"geometry":{"type":"MultiPolygon","coordinates":[[[[73.59221,32.20907],[73.59221,32.20923],[73.5922,32.20932],[73.59223,32.20906],[73.59221,32.20906],[73.59221,32.20907]]],[[[73.59198,32.20932],[73.59201,32.20905],[73.59197,32.20934],[73.5922,32.20935],[73.59198,32.20932]]]]}},{"type":"Feature","properties":{"lu":"Graveyard","ct":"Existing","a":4.119},"geometry":{"type":"MultiPolygon","coordinates":[[[[73.7756,31.97942],[73.77568,31.97938],[73.77513,31.97827],[73.77454,31.97825],[73.77433,31.97758],[73.77404,31.97779],[73.7738,31.97783],[73.7741,31.97868],[73.77405,31.97908],[73.77459,31.979],[73.77476,31.97912],[73.77496,31.97942],[73.7756,31.97942]]]]}},{"type":"Feature","properties":{"lu":"Religious Building","ct":"Existing","a":0.06},"geometry":{"type":"MultiPolygon","coordinates":[[[[73.79698,31.98367],[73.79696,31.98354],[73.79676,31.98357],[73.79676,31.98365],[73.79698,31.98367]]]]}},{"type":"Feature","properties":{"lu":"Educational Institution - Public","ct":"Existing","a":0.521},"geometry":{"type":"MultiPolygon","coordinates":[[[[73.79444,31.98272],[73.7944,31.98331],[73.79482,31.98334],[73.79472,31.98277],[73.79444,31.98272]]]]}},{"type":"Feature","properties":{"lu":"Educational Institution - Public","ct":"Existing","a":1.095,"nm":"GGHS Kot Nanak"},"geometry":{"type":"MultiPolygon","coordinates":[[[[73.79265,31.98292],[73.79272,31.98224],[73.79213,31.98217],[73.79208,31.98294],[73.79265,31.98292]]]]}},{"type":"Feature","properties":{"lu":"Educational Institution - Public","ct":"Existing","a":0.266},"geometry":{"type":"MultiPolygon","coordinates":[[[[73.21254,31.84183],[73.21268,31.84182],[73.21265,31.84151],[73.21232,31.84154],[73.21234,31.84184],[73.21254,31.84183]]]]}},{"type":"Feature","properties":{"lu":"Educational Institution - Public","ct":"Existing","a":0.225},"geometry":{"type":"MultiPolygon","coordinates":[[[[73.73841,31.93569],[73.73838,31.93552],[73.73787,31.93558],[73.73791,31.93574],[73.73841,31.93569]]]]}},{"type":"Feature","properties":{"lu":"Graveyard","ct":"Existing","a":0.201},"geometry":{"type":"MultiPolygon","coordinates":[[[[73.7373,31.94361],[73.73706,31.94365],[73.7376,31.94388],[73.73756,31.94356],[73.7373,31.94361]]]]}},{"type":"Feature","properties":{"lu":"Educational Institution - Public","ct":"Existing","a":0.529},"geometry":{"type":"MultiPolygon","coordinates":[[[[73.33708,31.91315],[73.33749,31.91315],[73.3375,31.91272],[73.33702,31.91272],[73.33702,31.91315],[73.33708,31.91315]]]]}},{"type":"Feature","properties":{"lu":"Educational Institution - Public","ct":"Existing","a":0.118},"geometry":{"type":"MultiPolygon","coordinates":[[[[73.42443,31.88646],[73.42428,31.88642],[73.42424,31.88618],[73.42411,31.8862],[73.42415,31.88649],[73.42443,31.88646]]]]}},{"type":"Feature","properties":{"lu":"Educational Institution - Public","ct":"Existing","a":1.106},"geometry":{"type":"MultiPolygon","coordinates":[[[[73.2517,31.80077],[73.25172,31.80016],[73.25104,31.80015],[73.25102,31.80078],[73.2517,31.80077]]]]}},{"type":"Feature","properties":{"lu":"Religious Building","ct":"Existing","a":0.092},"geometry":{"type":"MultiPolygon","coordinates":[[[[73.35539,31.82823],[73.35534,31.82799],[73.35518,31.82802],[73.35523,31.82822],[73.35539,31.82823]]]]}},{"type":"Feature","properties":{"lu":"Educational Institution - Public","ct":"Existing","a":0.8},"geometry":{"type":"MultiPolygon","coordinates":[[[[73.36796,31.82743],[73.36777,31.82689],[73.36719,31.82743],[73.36738,31.82769],[73.36796,31.82743]]]]}},{"type":"Feature","properties":{"lu":"Educational Institution - Public","ct":"Existing","a":0.676},"geometry":{"type":"MultiPolygon","coordinates":[[[[73.35627,31.82698],[73.3556,31.8271],[73.35568,31.82748],[73.35634,31.82735],[73.35627,31.82698]]]]}},{"type":"Feature","properties":{"lu":"Graveyard","ct":"Existing","a":5.301},"geometry":{"type":"MultiPolygon","coordinates":[[[[73.36695,31.82561],[73.36588,31.82636],[73.36594,31.82675],[73.36632,31.82709],[73.36721,31.82715],[73.36773,31.82675],[73.36764,31.82619],[73.36736,31.82565],[73.36695,31.82561]]]]}},{"type":"Feature","properties":{"lu":"Educational Institution - Public","ct":"Existing","a":0.002},"geometry":{"type":"MultiPolygon","coordinates":[[[[73.56151,32.10631],[73.5615,32.10631],[73.56149,32.10631],[73.56148,32.10633],[73.5615,32.10633],[73.56151,32.10631]]]]}},{"type":"Feature","properties":{"lu":"Educational Institution - Public","ct":"Existing","a":0.544},"geometry":{"type":"MultiPolygon","coordinates":[[[[73.66854,31.99818],[73.66852,31.99792],[73.66764,31.99803],[73.66781,31.99826],[73.66854,31.99818]]]]}},{"type":"Feature","properties":{"lu":"Religious Building","ct":"Existing","a":0.044},"geometry":{"type":"MultiPolygon","coordinates":[[[[73.67662,31.97906],[73.67655,31.97902],[73.67638,31.97915],[73.67646,31.9792],[73.67662,31.97906]]]]}},{"type":"Feature","properties":{"lu":"Religious Building","ct":"Existing","a":0.064},"geometry":{"type":"MultiPolygon","coordinates":[[[[73.66343,31.95253],[73.66342,31.95237],[73.66327,31.95239],[73.66329,31.95256],[73.66343,31.95253]]]]}},{"type":"Feature","properties":{"lu":"Educational Institution - Public","ct":"Existing","a":0.661},"geometry":{"type":"MultiPolygon","coordinates":[[[[73.6648,31.95184],[73.66446,31.95183],[73.66431,31.95242],[73.66475,31.95247],[73.6648,31.95184]]]]}},{"type":"Feature","properties":{"lu":"Educational Institution - Public","ct":"Existing","a":0.289},"geometry":{"type":"MultiPolygon","coordinates":[[[[73.70872,31.96244],[73.70867,31.96206],[73.70842,31.96207],[73.70836,31.96243],[73.70872,31.96244]]]]}},{"type":"Feature","properties":{"lu":"Religious Building","ct":"Existing","a":0.24},"geometry":{"type":"MultiPolygon","coordinates":[[[[73.36546,31.95748],[73.36519,31.95747],[73.36509,31.95782],[73.36532,31.95785],[73.36546,31.95748]]]]}},{"type":"Feature","properties":{"lu":"Religious Building","ct":"Existing","a":0.135},"geometry":{"type":"MultiPolygon","coordinates":[[[[73.38513,31.96229],[73.38514,31.96222],[73.38481,31.96223],[73.38484,31.96237],[73.38514,31.96242],[73.38513,31.96229]]]]}},{"type":"Feature","properties":{"lu":"Graveyard","ct":"Existing","a":0.061},"geometry":{"type":"MultiPolygon","coordinates":[[[[73.60368,31.97863],[73.60369,31.97865],[73.60399,31.97856],[73.60381,31.9786],[73.60368,31.97863]]],[[[73.60479,31.97839],[73.60503,31.97939],[73.60481,31.97839],[73.60479,31.97839]]],[[[73.60471,31.97943],[73.60496,31.9794],[73.60484,31.97939],[73.60471,31.97943]]],[[[73.60398,31.97963],[73.60399,31.97963],[73.604,31.97963],[73.60419,31.97957],[73.60399,31.97962],[73.60398,31.97963]]]]}},{"type":"Feature","properties":{"lu":"Public Building and Govt Office","ct":"Existing","a":0.595},"geometry":{"type":"MultiPolygon","coordinates":[[[[73.59991,31.98182],[73.5998,31.9816],[73.59917,31.98181],[73.59933,31.98212],[73.59995,31.9819],[73.59991,31.98182]]]]}},{"type":"Feature","properties":{"lu":"Educational Institution - Public","ct":"Existing","a":0.195},"geometry":{"type":"MultiPolygon","coordinates":[[[[73.33706,32.06741],[73.33685,32.06729],[73.33666,32.06757],[73.33684,32.06767],[73.33706,32.06741]]]]}},{"type":"Feature","properties":{"lu":"Health Institution - Public","ct":"Existing","a":50.317},"geometry":{"type":"MultiPolygon","coordinates":[[[[73.75343,32.08003],[73.75072,32.07912],[73.7484,32.08563],[73.75116,32.08635],[73.75343,32.08003]]]]}},{"type":"Feature","properties":{"lu":"Educational Institution - Public","ct":"Existing","a":2.997,"nm":"GHS Burj Dara"},"geometry":{"type":"MultiPolygon","coordinates":[[[[73.63537,31.94483],[73.63524,31.944],[73.63382,31.94424],[73.63405,31.94504],[73.63537,31.94483]]]]}},{"type":"Feature","properties":{"lu":"Educational Institution - Public","ct":"Existing","a":0.38,"nm":"GHS Dheernke Mirdadke"},"geometry":{"type":"MultiPolygon","coordinates":[[[[73.63027,32.14704],[73.63014,32.14744],[73.63047,32.14755],[73.63066,32.14726],[73.63051,32.14721],[73.63054,32.14713],[73.63027,32.14704]]]]}},{"type":"Feature","properties":{"lu":"Educational Institution - Public","ct":"Existing","a":4.38,"nm":"GHS Jurian"},"geometry":{"type":"MultiPolygon","coordinates":[[[[73.6998,32.00872],[73.69994,32.00871],[73.69991,32.00861],[73.70046,32.00852],[73.70007,32.00733],[73.69875,32.00765],[73.69915,32.00881],[73.6998,32.00872]]]]}},{"type":"Feature","properties":{"lu":"Educational Institution - Public","ct":"Existing","a":0.693,"nm":"GHS Kalian Wala"},"geometry":{"type":"MultiPolygon","coordinates":[[[[73.68616,32.12716],[73.6862,32.12658],[73.68569,32.12666],[73.68569,32.12716],[73.68616,32.12716]]]]}},{"type":"Feature","properties":{"lu":"Educational Institution - Public","ct":"Existing","a":3.685,"nm":"GHS Mangat Neecha"},"geometry":{"type":"MultiPolygon","coordinates":[[[[73.78262,32.11411],[73.78107,32.11367],[73.78089,32.11458],[73.78251,32.11491],[73.78262,32.11411]]]]}},{"type":"Feature","properties":{"lu":"Educational Institution - Public","ct":"Existing","a":2.492,"nm":"Ghs Pindi Bawarey"},"geometry":{"type":"MultiPolygon","coordinates":[[[[73.58732,32.08753],[73.58641,32.08781],[73.58665,32.08838],[73.58809,32.08802],[73.5878,32.0874],[73.58732,32.08753]]]]}},{"type":"Feature","properties":{"lu":"Educational Institution - Public","ct":"Existing","a":4.527,"nm":"Ghs Qadir Abad Colony"},"geometry":{"type":"MultiPolygon","coordinates":[[[[73.68319,32.29149],[73.68325,32.29048],[73.6818,32.29044],[73.68188,32.29146],[73.68236,32.29146],[73.68239,32.29191],[73.68275,32.29211],[73.68315,32.29166],[73.68306,32.29159],[73.68319,32.29149]]]]}},{"type":"Feature","properties":{"lu":"Educational Institution - Public","ct":"Existing","a":3.995,"nm":"Ghs Sagar Kalan"},"geometry":{"type":"MultiPolygon","coordinates":[[[[73.74856,32.09548],[73.74683,32.09567],[73.74687,32.09601],[73.74699,32.096],[73.747,32.09631],[73.74814,32.09679],[73.74849,32.09616],[73.74869,32.09546],[73.74856,32.09548]]]]}},{"type":"Feature","properties":{"lu":"Educational Institution - Public","ct":"Existing","a":3.225,"nm":"Ghs Sooian Wala"},"geometry":{"type":"MultiPolygon","coordinates":[[[[73.70334,32.24873],[73.70225,32.24883],[73.70239,32.24968],[73.70378,32.24961],[73.70368,32.24872],[73.70334,32.24873]]]]}},{"type":"Feature","properties":{"lu":"Educational Institution - Public","ct":"Existing","a":1.936,"nm":"Ghs Wachoke Kalan"},"geometry":{"type":"MultiPolygon","coordinates":[[[[73.67136,31.98582],[73.67127,31.98526],[73.67066,31.98527],[73.67018,31.98511],[73.66987,31.98555],[73.67064,31.98588],[73.67136,31.98582]]]]}},{"type":"Feature","properties":{"lu":"Educational Institution - Public","ct":"Existing","a":1.925,"nm":"GHS Chak Bhatti"},"geometry":{"type":"MultiPolygon","coordinates":[[[[73.41805,32.15256],[73.41729,32.15351],[73.41738,32.15357],[73.41836,32.15411],[73.41805,32.15256]]]]}},{"type":"Feature","properties":{"lu":"Educational Institution - Public","ct":"Existing","a":0.992,"nm":"GHS Jandoke"},"geometry":{"type":"MultiPolygon","coordinates":[[[[73.40493,31.93214],[73.40434,31.93189],[73.40414,31.93237],[73.40412,31.93263],[73.40451,31.93269],[73.40493,31.93214]]]]}},{"type":"Feature","properties":{"lu":"Educational Institution - Public","ct":"Existing","a":4.152,"nm":"GHS Kassesay"},"geometry":{"type":"MultiPolygon","coordinates":[[[[73.41125,31.9658],[73.41001,31.96573],[73.40975,31.96692],[73.41115,31.96703],[73.41125,31.9658]]]]}},{"type":"Feature","properties":{"lu":"Educational Institution - Public","ct":"Existing","a":1.773,"nm":"GHS Kot Nakka"},"geometry":{"type":"MultiPolygon","coordinates":[[[[73.33289,31.86087],[73.33258,31.86004],[73.33194,31.8602],[73.33226,31.86124],[73.33289,31.86087]]]]}},{"type":"Feature","properties":{"lu":"Educational Institution - Public","ct":"Existing","a":3.473,"nm":"Ghs Notheen"},"geometry":{"type":"MultiPolygon","coordinates":[[[[73.52889,31.93488],[73.52884,31.93463],[73.52921,31.93462],[73.52916,31.93396],[73.52883,31.93394],[73.52881,31.93368],[73.52743,31.9337],[73.52848,31.93496],[73.52889,31.93488]]]]}},{"type":"Feature","properties":{"lu":"Educational Institution - Public","ct":"Existing","a":1.194,"nm":"Ghs Sakhi"},"geometry":{"type":"MultiPolygon","coordinates":[[[[73.50487,32.01119],[73.50517,32.01111],[73.50499,32.01055],[73.50439,32.01067],[73.50427,32.01132],[73.50487,32.01119]]]]}},{"type":"Feature","properties":{"lu":"Educational Institution - Public","ct":"Existing","a":1.868,"nm":"Ghs Shori Manika"},"geometry":{"type":"MultiPolygon","coordinates":[[[[73.33708,31.91315],[73.33702,31.91315],[73.33702,31.91295],[73.33642,31.91298],[73.33652,31.91424],[73.33694,31.91419],[73.33689,31.91382],[73.33714,31.9138],[73.33708,31.91315]]]]}},{"type":"Feature","properties":{"lu":"Health Institution - Public","ct":"Existing","a":2.025},"geometry":{"type":"MultiPolygon","coordinates":[[[[73.33742,31.88791],[73.3385,31.88818],[73.33869,31.8876],[73.33726,31.88725],[73.33742,31.88791]]]]}},{"type":"Feature","properties":{"lu":"Educational Institution - Public","ct":"Existing","a":1.829,"nm":"GGHSS Sooian Wala"},"geometry":{"type":"MultiPolygon","coordinates":[[[[73.69971,32.25097],[73.69967,32.25065],[73.70033,32.25059],[73.70025,32.25004],[73.69956,32.25008],[73.6996,32.25036],[73.69917,32.25041],[73.69921,32.25068],[73.69902,32.25071],[73.69903,32.25093],[73.69918,32.25092],[73.69919,32.25101],[73.69971,32.25097]]]]}},{"type":"Feature","properties":{"lu":"Educational Institution - Public","ct":"Existing","a":6.332,"nm":"Ghss Kassoke"},"geometry":{"type":"MultiPolygon","coordinates":[[[[73.72981,31.98156],[73.73046,31.98156],[73.73041,31.98038],[73.72833,31.9804],[73.72834,31.98092],[73.72844,31.98091],[73.72843,31.98109],[73.72835,31.9811],[73.72836,31.98159],[73.72981,31.98156]]]]}},{"type":"Feature","properties":{"lu":"Educational Institution - Public","ct":"Existing","a":0.465},"geometry":{"type":"MultiPolygon","coordinates":[[[[73.4178,32.14426],[73.41744,32.14414],[73.4172,32.14459],[73.41751,32.1447],[73.4178,32.14426]]]]}},{"type":"Feature","properties":{"lu":"Educational Institution - Public","ct":"Existing","a":1.058,"nm":"GGHS Chak Bhatti"},"geometry":{"type":"MultiPolygon","coordinates":[[[[73.41815,32.14382],[73.41767,32.1434],[73.41725,32.14408],[73.4178,32.14426],[73.41815,32.14382]]]]}},{"type":"Feature","properties":{"lu":"Educational Institution - Public","ct":"Existing","a":0.902,"nm":"GGHS Dheernke Lalke"},"geometry":{"type":"MultiPolygon","coordinates":[[[[73.63714,32.13934],[73.63653,32.13917],[73.63623,32.1397],[73.63665,32.13991],[73.63714,32.13934]]]]}},{"type":"Feature","properties":{"lu":"Educational Institution - Public","ct":"Existing","a":0.656,"nm":"GGHS Jurian"},"geometry":{"type":"MultiPolygon","coordinates":[[[[73.69843,32.0027],[73.69829,32.00216],[73.69785,32.00224],[73.69798,32.00279],[73.69843,32.0027]]]]}},{"type":"Feature","properties":{"lu":"Educational Institution - Public","ct":"Existing","a":0.613,"nm":"GGHS Kalian Wala"},"geometry":{"type":"MultiPolygon","coordinates":[[[[73.68288,32.1287],[73.68281,32.12902],[73.68272,32.12902],[73.68266,32.12922],[73.68336,32.12934],[73.683,32.12866],[73.68288,32.1287]]]]}},{"type":"Feature","properties":{"lu":"Educational Institution - Public","ct":"Existing","a":1.93,"nm":"GGHS Khair-Un-Nisa Beemian Wala"},"geometry":{"type":"MultiPolygon","coordinates":[[[[73.54585,32.0479],[73.54511,32.04788],[73.5451,32.04893],[73.54581,32.04893],[73.54585,32.0479]]]]}},{"type":"Feature","properties":{"lu":"Educational Institution - Public","ct":"Existing","a":2.477,"nm":"GGHS Kot Sarwar"},"geometry":{"type":"MultiPolygon","coordinates":[[[[73.50074,31.91764],[73.50195,31.91754],[73.50123,31.91652],[73.50067,31.91648],[73.50074,31.91764]]]]}},{"type":"Feature","properties":{"lu":"Educational Institution - Public","ct":"Existing","a":0.996,"nm":"GGHS Lawaray Kalan"},"geometry":{"type":"MultiPolygon","coordinates":[[[[73.78818,32.01816],[73.78794,32.01766],[73.78728,32.01791],[73.78752,32.01839],[73.78818,32.01816]]]]}},{"type":"Feature","properties":{"lu":"Educational Institution - Public","ct":"Existing","a":1.537,"nm":"GGHS Madhora Kalan"},"geometry":{"type":"MultiPolygon","coordinates":[[[[73.42103,31.99669],[73.42052,31.9966],[73.42051,31.99651],[73.42004,31.99647],[73.42002,31.99652],[73.41985,31.99651],[73.4198,31.9968],[73.4206,31.99733],[73.42103,31.99669]]]]}},{"type":"Feature","properties":{"lu":"Educational Institution - Public","ct":"Existing","a":2.064,"nm":"GGHS Mangat Neecha"},"geometry":{"type":"MultiPolygon","coordinates":[[[[73.77897,32.11417],[73.77923,32.11417],[73.77925,32.11399],[73.77969,32.11401],[73.77972,32.11343],[73.77946,32.1134],[73.77948,32.11316],[73.77891,32.11301],[73.77883,32.11334],[73.77902,32.11337],[73.77901,32.11377],[73.77856,32.11378],[73.77866,32.11417],[73.77897,32.11417]]]]}},{"type":"Feature","properties":{"lu":"Educational Institution - Public","ct":"Existing","a":0.583,"nm":"GGHS Mirza Bahksinka"},"geometry":{"type":"MultiPolygon","coordinates":[[[[73.34205,31.94302],[73.34196,31.94243],[73.34159,31.94246],[73.34167,31.94306],[73.34205,31.94302]]]]}},{"type":"Feature","properties":{"lu":"Educational Institution - Public","ct":"Existing","a":1.039,"nm":"GGHS Ramke Chattha"},"geometry":{"type":"MultiPolygon","coordinates":[[[[73.66494,32.21154],[73.66484,32.21125],[73.66506,32.21118],[73.66501,32.21094],[73.66422,32.21104],[73.66436,32.21164],[73.66494,32.21154]]]]}},{"type":"Feature","properties":{"lu":"Educational Institution - Public","ct":"Existing","a":1.669,"nm":"GGHS Tahli Goraya"},"geometry":{"type":"MultiPolygon","coordinates":[[[[73.33722,31.9934],[73.33706,31.9926],[73.33602,31.99282],[73.33609,31.99331],[73.33683,31.99317],[73.33688,31.99346],[73.33722,31.9934]]]]}},{"type":"Feature","properties":{"lu":"Religious Building","ct":"Existing","a":0.087},"geometry":{"type":"MultiPolygon","coordinates":[[[[73.337,31.99194],[73.337,31.99175],[73.33682,31.99176],[73.33682,31.99195],[73.337,31.99194]]]]}},{"type":"Feature","properties":{"lu":"Educational Institution - Public","ct":"Existing","a":1.849,"nm":"GGHS Thatha Khero Mutumal"},"geometry":{"type":"MultiPolygon","coordinates":[[[[73.34122,31.89347],[73.34029,31.8932],[73.33985,31.89325],[73.33978,31.89362],[73.341,31.89401],[73.34122,31.89347]]]]}},{"type":"Feature","properties":{"lu":"Educational Institution - Public","ct":"Existing","a":1.029,"nm":"GGHS Wachoke Kalan"},"geometry":{"type":"MultiPolygon","coordinates":[[[[73.67667,31.98335],[73.67597,31.98343],[73.67607,31.984],[73.67678,31.98391],[73.67667,31.98335]]]]}},{"type":"Feature","properties":{"lu":"Graveyard","ct":"Existing","a":2.763},"geometry":{"type":"MultiPolygon","coordinates":[[[[73.61261,32.23366],[73.61174,32.23321],[73.61108,32.23399],[73.6114,32.23414],[73.61132,32.23435],[73.61178,32.23457],[73.61261,32.23366]]]]}},{"type":"Feature","properties":{"lu":"Religious Building","ct":"Existing","a":0.098},"geometry":{"type":"MultiPolygon","coordinates":[[[[73.66634,32.21305],[73.66621,32.21303],[73.6662,32.21322],[73.66646,32.21321],[73.66646,32.21311],[73.66634,32.21305]]]]}},{"type":"Feature","properties":{"lu":"Health Institution - Private","ct":"Existing","a":0.034},"geometry":{"type":"MultiPolygon","coordinates":[[[[73.66695,32.21231],[73.66683,32.21231],[73.66685,32.21242],[73.66699,32.21239],[73.66695,32.21231]]]]}},{"type":"Feature","properties":{"lu":"Religious Building","ct":"Existing","a":0.067},"geometry":{"type":"MultiPolygon","coordinates":[[[[73.66539,32.21146],[73.66548,32.21141],[73.66544,32.21127],[73.66528,32.21131],[73.66532,32.21145],[73.66539,32.21146]]]]}},{"type":"Feature","properties":{"lu":"Religious Building","ct":"Existing","a":0.028},"geometry":{"type":"MultiPolygon","coordinates":[[[[73.66684,32.21064],[73.66682,32.21056],[73.66671,32.21057],[73.66671,32.21066],[73.66684,32.21064]]]]}},{"type":"Feature","properties":{"lu":"Religious Building","ct":"Existing","a":0.103},"geometry":{"type":"MultiPolygon","coordinates":[[[[73.66354,32.20969],[73.66349,32.20951],[73.66327,32.20957],[73.66332,32.20973],[73.66354,32.20969]]]]}},{"type":"Feature","properties":{"lu":"Health Institution - Public","ct":"Existing","a":2.313},"geometry":{"type":"MultiPolygon","coordinates":[[[[73.66371,32.21027],[73.66354,32.20969],[73.66332,32.20973],[73.66327,32.20957],[73.66224,32.20987],[73.66241,32.21049],[73.66371,32.21027]]]]}},{"type":"Feature","properties":{"lu":"Graveyard","ct":"Existing","a":10.215},"geometry":{"type":"MultiPolygon","coordinates":[[[[73.6677,32.21512],[73.6676,32.21483],[73.66605,32.21511],[73.66606,32.21529],[73.66552,32.21534],[73.66619,32.21636],[73.66767,32.21823],[73.66773,32.21821],[73.66763,32.21724],[73.66778,32.2159],[73.6677,32.21512]]]]}},{"type":"Feature","properties":{"lu":"Graveyard","ct":"Existing","a":3.011},"geometry":{"type":"MultiPolygon","coordinates":[[[[73.73909,32.11778],[73.7395,32.11669],[73.73884,32.11639],[73.73842,32.11696],[73.73837,32.11722],[73.73814,32.11752],[73.73804,32.11781],[73.73826,32.11789],[73.73854,32.11763],[73.73909,32.11778]]]]}},{"type":"Feature","properties":{"lu":"Graveyard","ct":"Existing","a":3.276},"geometry":{"type":"MultiPolygon","coordinates":[[[[73.72538,32.10323],[73.72522,32.10318],[73.72526,32.10273],[73.72478,32.10265],[73.7246,32.10288],[73.72409,32.1029],[73.72405,32.10313],[73.72423,32.10313],[73.72422,32.10321],[73.72392,32.10318],[73.72375,32.10352],[73.72504,32.10395],[73.72538,32.10323]]]]}},{"type":"Feature","properties":{"lu":"Graveyard","ct":"Existing","a":1.656},"geometry":{"type":"MultiPolygon","coordinates":[[[[73.74006,32.09401],[73.74007,32.09388],[73.73854,32.09324],[73.73881,32.09411],[73.74006,32.09401]]]]}},{"type":"Feature","properties":{"lu":"Graveyard","ct":"Existing","a":4.025},"geometry":{"type":"MultiPolygon","coordinates":[[[[73.76589,31.99777],[73.76552,31.99671],[73.76485,31.99647],[73.76462,31.99651],[73.76445,31.99682],[73.76462,31.99726],[73.76461,31.99756],[73.76482,31.99812],[73.76541,31.9979],[73.76554,31.99807],[73.76563,31.99805],[73.76557,31.99784],[73.76589,31.99777]]]]}},{"type":"Feature","properties":{"lu":"Religious Building","ct":"Existing","a":0.048},"geometry":{"type":"MultiPolygon","coordinates":[[[[73.76626,32.0022],[73.76638,32.00232],[73.76645,32.00226],[73.76633,32.00211],[73.76626,32.0022]]]]}},{"type":"Feature","properties":{"lu":"Graveyard","ct":"Existing","a":0.533},"geometry":{"type":"MultiPolygon","coordinates":[[[[73.73911,32.01924],[73.73893,32.01914],[73.73853,32.0195],[73.73865,32.01964],[73.73909,32.01961],[73.73915,32.01946],[73.73911,32.01924]]]]}},{"type":"Feature","properties":{"lu":"Graveyard","ct":"Existing","a":1.599},"geometry":{"type":"MultiPolygon","coordinates":[[[[73.73868,32.0183],[73.73839,32.01831],[73.73833,32.01847],[73.73811,32.01867],[73.73824,32.01901],[73.73895,32.01904],[73.73937,32.01873],[73.73889,32.01852],[73.73887,32.0184],[73.73868,32.0183]]]]}},{"type":"Feature","properties":{"lu":"Religious Building","ct":"Existing","a":0.192,"nm":"Darbar Baba Noor"},"geometry":{"type":"MultiPolygon","coordinates":[[[[73.73807,32.01872],[73.73801,32.01841],[73.73778,32.01843],[73.73784,32.01875],[73.73807,32.01872]]]]}},{"type":"Feature","properties":{"lu":"Graveyard","ct":"Existing","a":2.239},"geometry":{"type":"MultiPolygon","coordinates":[[[[73.65959,31.96353],[73.65962,31.96341],[73.66027,31.9635],[73.66038,31.96267],[73.65942,31.96255],[73.65924,31.96345],[73.65959,31.96353]]]]}},{"type":"Feature","properties":{"lu":"Graveyard","ct":"Existing","a":1.078},"geometry":{"type":"MultiPolygon","coordinates":[[[[73.67408,31.90904],[73.67335,31.90904],[73.67335,31.90961],[73.6741,31.90959],[73.67408,31.90904]]]]}},{"type":"Feature","properties":{"lu":"Graveyard","ct":"Existing","a":4.382},"geometry":{"type":"MultiPolygon","coordinates":[[[[73.69426,31.90956],[73.693,31.90934],[73.69271,31.91044],[73.69363,31.91083],[73.694,31.9109],[73.69426,31.90956]]]]}},{"type":"Feature","properties":{"lu":"Religious Building","ct":"Existing","a":0.253},"geometry":{"type":"MultiPolygon","coordinates":[[[[73.60977,32.20526],[73.60976,32.20507],[73.60961,32.20509],[73.6096,32.20491],[73.60936,32.20496],[73.60943,32.20526],[73.60977,32.20526]]]]}},{"type":"Feature","properties":{"lu":"Educational Institution - Private","ct":"Existing","a":0.063},"geometry":{"type":"MultiPolygon","coordinates":[[[[73.61294,32.26183],[73.61273,32.2617],[73.61265,32.26179],[73.61288,32.2619],[73.61294,32.26183]]]]}},{"type":"Feature","properties":{"lu":"Religious Building","ct":"Existing","a":0.015},"geometry":{"type":"MultiPolygon","coordinates":[[[[73.65961,32.29138],[73.65953,32.29139],[73.65954,32.29146],[73.65961,32.29146],[73.65961,32.29138]]]]}},{"type":"Feature","properties":{"lu":"Religious Building","ct":"Existing","a":0.102},"geometry":{"type":"MultiPolygon","coordinates":[[[[73.54854,32.15299],[73.54836,32.15294],[73.5483,32.15316],[73.54849,32.15318],[73.54854,32.15299]]]]}},{"type":"Feature","properties":{"lu":"Graveyard","ct":"Existing","a":1.508},"geometry":{"type":"MultiPolygon","coordinates":[[[[73.57537,32.04584],[73.575,32.04503],[73.57481,32.04527],[73.57432,32.04547],[73.57453,32.04605],[73.57537,32.04584]]]]}},{"type":"Feature","properties":{"lu":"Graveyard","ct":"Existing","a":13.226},"geometry":{"type":"MultiPolygon","coordinates":[[[[73.57836,32.0831],[73.57878,32.08117],[73.57661,32.08086],[73.57617,32.08271],[73.57648,32.0827],[73.57653,32.08325],[73.5772,32.08362],[73.57836,32.0831]]]]}},{"type":"Feature","properties":{"lu":"Graveyard","ct":"Existing","a":5.133},"geometry":{"type":"MultiPolygon","coordinates":[[[[73.41892,32.15798],[73.4192,32.15767],[73.41887,32.15757],[73.41883,32.15772],[73.41812,32.15745],[73.41761,32.15739],[73.41736,32.1579],[73.41713,32.15784],[73.41696,32.15818],[73.41816,32.15915],[73.41892,32.15798]]]]}},{"type":"Feature","properties":{"lu":"Health Institution - Public","ct":"Existing","a":0.259},"geometry":{"type":"MultiPolygon","coordinates":[[[[73.69878,32.00378],[73.69825,32.0038],[73.6983,32.00399],[73.69883,32.00392],[73.69878,32.00378]]]]}},{"type":"Feature","properties":{"lu":"Educational Institution - Public","ct":"Existing","a":0.144},"geometry":{"type":"MultiPolygon","coordinates":[[[[73.65711,32.11018],[73.65703,32.10997],[73.65679,32.11004],[73.65686,32.11025],[73.65711,32.11018]]]]}},{"type":"Feature","properties":{"lu":"Educational Institution - Public","ct":"Existing","a":0.258},"geometry":{"type":"MultiPolygon","coordinates":[[[[73.39784,31.87185],[73.39778,31.87214],[73.39817,31.87216],[73.39819,31.87192],[73.39784,31.87185]]]]}},{"type":"Feature","properties":{"lu":"Educational Institution - Public","ct":"Existing","a":0.226},"geometry":{"type":"MultiPolygon","coordinates":[[[[73.7516,32.12812],[73.75154,32.12786],[73.75128,32.12791],[73.75123,32.12818],[73.7516,32.12812]]]]}},{"type":"Feature","properties":{"lu":"Educational Institution - Public","ct":"Existing","a":1.356},"geometry":{"type":"MultiPolygon","coordinates":[[[[73.79368,32.03115],[73.79368,32.0311],[73.79258,32.03105],[73.79258,32.03153],[73.79302,32.03149],[73.79306,32.03165],[73.7937,32.03149],[73.79368,32.03115]]]]}},{"type":"Feature","properties":{"lu":"Educational Institution - Public","ct":"Existing","a":0.605},"geometry":{"type":"MultiPolygon","coordinates":[[[[73.18744,31.88656],[73.18705,31.88593],[73.18682,31.88602],[73.18706,31.88667],[73.1871,31.88671],[73.18744,31.88656]]]]}},{"type":"Feature","properties":{"lu":"Educational Institution - Public","ct":"Existing","a":0.949},"geometry":{"type":"MultiPolygon","coordinates":[[[[73.60499,32.18828],[73.60542,32.18825],[73.60533,32.18771],[73.60468,32.18777],[73.6047,32.18831],[73.60499,32.18828]]]]}},{"type":"Feature","properties":{"lu":"Educational Institution - Public","ct":"Existing","a":0.181},"geometry":{"type":"MultiPolygon","coordinates":[[[[73.27755,32.0379],[73.27736,32.03777],[73.27716,32.03805],[73.27733,32.03816],[73.27755,32.0379]]]]}},{"type":"Feature","properties":{"lu":"Educational Institution - Public","ct":"Existing","a":0.501},"geometry":{"type":"MultiPolygon","coordinates":[[[[73.2111,31.93216],[73.21118,31.93208],[73.21048,31.93171],[73.21036,31.93193],[73.21095,31.93227],[73.2111,31.93216]]]]}},{"type":"Feature","properties":{"lu":"Educational Institution - Public","ct":"Existing","a":0.318},"geometry":{"type":"MultiPolygon","coordinates":[[[[73.20719,31.90503],[73.20705,31.90493],[73.20684,31.90522],[73.20717,31.90539],[73.20734,31.90513],[73.20719,31.90503]]]]}},{"type":"Feature","properties":{"lu":"Educational Institution - Public","ct":"Existing","a":2.227},"geometry":{"type":"MultiPolygon","coordinates":[[[[73.75299,31.95246],[73.75298,31.95135],[73.75286,31.95127],[73.75226,31.95126],[73.75227,31.95247],[73.75299,31.95246]]]]}},{"type":"Feature","properties":{"lu":"Educational Institution - Public","ct":"Existing","a":0.732},"geometry":{"type":"MultiPolygon","coordinates":[[[[73.55186,31.92243],[73.55184,31.92209],[73.5514,31.92214],[73.55142,31.92236],[73.55121,31.92236],[73.55125,31.92283],[73.55186,31.92243]]]]}},{"type":"Feature","properties":{"lu":"Educational Institution - Public","ct":"Existing","a":1.04},"geometry":{"type":"MultiPolygon","coordinates":[[[[73.62796,32.05315],[73.62737,32.05292],[73.6271,32.05351],[73.6277,32.05371],[73.62796,32.05315]]]]}},{"type":"Feature","properties":{"lu":"Educational Institution - Public","ct":"Existing","a":0.275},"geometry":{"type":"MultiPolygon","coordinates":[[[[73.76262,32.03073],[73.76229,32.03077],[73.76233,32.03109],[73.76267,32.03103],[73.76262,32.03073]]]]}},{"type":"Feature","properties":{"lu":"Educational Institution - Public","ct":"Existing","a":1.44},"geometry":{"type":"MultiPolygon","coordinates":[[[[73.74854,32.05396],[73.74817,32.05328],[73.74749,32.05343],[73.74791,32.05421],[73.74854,32.05396]]]]}},{"type":"Feature","properties":{"lu":"Educational Institution - Public","ct":"Existing","a":0.687},"geometry":{"type":"MultiPolygon","coordinates":[[[[73.61702,32.01042],[73.61654,32.01053],[73.61662,32.01103],[73.61715,32.0109],[73.61702,32.01042]]]]}},{"type":"Feature","properties":{"lu":"Educational Institution - Public","ct":"Existing","a":14.06},"geometry":{"type":"MultiPolygon","coordinates":[[[[73.52187,31.98037],[73.52164,31.98034],[73.52148,31.98074],[73.52051,31.98071],[73.52052,31.98054],[73.52138,31.98058],[73.52148,31.98021],[73.52158,31.98016],[73.52165,31.97961],[73.52051,31.97955],[73.51987,31.97944],[73.51979,31.98005],[73.52027,31.98012],[73.52021,31.98057],[73.5194,31.98057],[73.51928,31.98183],[73.51911,31.98227],[73.52118,31.98257],[73.52128,31.98178],[73.52142,31.98146],[73.52166,31.98144],[73.52167,31.98123],[73.5214,31.98117],[73.5214,31.98094],[73.52145,31.98077],[73.52185,31.98082],[73.52187,31.98037]]]]}},{"type":"Feature","properties":{"lu":"Educational Institution - Public","ct":"Existing","a":2.201},"geometry":{"type":"MultiPolygon","coordinates":[[[[73.25176,31.79929],[73.25043,31.79929],[73.25038,31.79979],[73.25099,31.79987],[73.25099,31.79999],[73.25175,31.79996],[73.25176,31.79929]]]]}},{"type":"Feature","properties":{"lu":"Educational Institution - Public","ct":"Existing","a":0.552},"geometry":{"type":"MultiPolygon","coordinates":[[[[73.63493,32.24822],[73.63519,32.2479],[73.63493,32.24773],[73.63449,32.24829],[73.63474,32.24843],[73.63493,32.24822]]]]}},{"type":"Feature","properties":{"lu":"Educational Institution - Public","ct":"Existing","a":0.061},"geometry":{"type":"MultiPolygon","coordinates":[[[[73.43881,31.85621],[73.43899,31.85614],[73.43898,31.85605],[73.4388,31.85606],[73.43875,31.85618],[73.43881,31.85621]]]]}},{"type":"Feature","properties":{"lu":"Educational Institution - Public","ct":"Existing","a":0.906},"geometry":{"type":"MultiPolygon","coordinates":[[[[73.681,31.89198],[73.68044,31.8917],[73.68012,31.89216],[73.68066,31.89245],[73.681,31.89198]]]]}},{"type":"Feature","properties":{"lu":"Educational Institution - Public","ct":"Existing","a":0.916},"geometry":{"type":"MultiPolygon","coordinates":[[[[73.40964,31.86842],[73.40899,31.86838],[73.40894,31.86898],[73.40947,31.86901],[73.40964,31.86842]]]]}},{"type":"Feature","properties":{"lu":"Educational Institution - Public","ct":"Existing","a":0.269},"geometry":{"type":"MultiPolygon","coordinates":[[[[73.70108,32.20799],[73.70108,32.20792],[73.70072,32.2079],[73.7007,32.20818],[73.70104,32.20823],[73.70108,32.20799]]]]}},{"type":"Feature","properties":{"lu":"Educational Institution - Public","ct":"Existing","a":2.036},"geometry":{"type":"MultiPolygon","coordinates":[[[[73.72061,32.15666],[73.72013,32.15598],[73.71959,32.1563],[73.71952,32.1562],[73.7193,32.15632],[73.71905,32.15601],[73.71982,32.15709],[73.72061,32.15666]]]]}},{"type":"Feature","properties":{"lu":"Educational Institution - Public","ct":"Existing","a":0.854},"geometry":{"type":"MultiPolygon","coordinates":[[[[73.47534,31.95912],[73.47555,31.95969],[73.47607,31.95959],[73.47587,31.95899],[73.47534,31.95912]]]]}},{"type":"Feature","properties":{"lu":"Educational Institution - Public","ct":"Existing","a":0.762},"geometry":{"type":"MultiPolygon","coordinates":[[[[73.45674,32.1868],[73.4571,32.18632],[73.45646,32.18603],[73.45648,32.18648],[73.45657,32.18655],[73.45663,32.1869],[73.45674,32.1868]]]]}},{"type":"Feature","properties":{"lu":"Educational Institution - Public","ct":"Existing","a":0.651},"geometry":{"type":"MultiPolygon","coordinates":[[[[73.47903,32.14321],[73.47837,32.14315],[73.47829,32.14349],[73.47901,32.14358],[73.47903,32.14321]]]]}},{"type":"Feature","properties":{"lu":"Educational Institution - Public","ct":"Existing","a":0.662},"geometry":{"type":"MultiPolygon","coordinates":[[[[73.32638,31.80068],[73.3265,31.80103],[73.32715,31.80082],[73.32698,31.80047],[73.32638,31.80068]]]]}},{"type":"Feature","properties":{"lu":"Educational Institution - Public","ct":"Existing","a":0.846},"geometry":{"type":"MultiPolygon","coordinates":[[[[73.57603,32.08007],[73.57539,32.07977],[73.57525,32.08033],[73.57596,32.08041],[73.57603,32.08007]]]]}},{"type":"Feature","properties":{"lu":"Educational Institution - Public","ct":"Existing","a":1.169},"geometry":{"type":"MultiPolygon","coordinates":[[[[73.4352,32.01648],[73.43471,32.01658],[73.43493,32.01714],[73.43564,32.01702],[73.43549,32.01642],[73.4352,32.01648]]]]}},{"type":"Feature","properties":{"lu":"Educational Institution - Public","ct":"Existing","a":0.548},"geometry":{"type":"MultiPolygon","coordinates":[[[[73.79036,32.12319],[73.7902,32.12283],[73.78982,32.12281],[73.78987,32.12295],[73.78978,32.12299],[73.7899,32.12333],[73.79036,32.12319]]]]}},{"type":"Feature","properties":{"lu":"Educational Institution - Public","ct":"Existing","a":0.758},"geometry":{"type":"MultiPolygon","coordinates":[[[[73.6604,32.16976],[73.6604,32.17019],[73.66107,32.17022],[73.66104,32.16975],[73.6604,32.16976]]]]}},{"type":"Feature","properties":{"lu":"Educational Institution - Public","ct":"Existing","a":0.813},"geometry":{"type":"MultiPolygon","coordinates":[[[[73.66181,32.17049],[73.66111,32.17048],[73.6611,32.17091],[73.66184,32.17092],[73.66181,32.17049]]]]}},{"type":"Feature","properties":{"lu":"Educational Institution - Public","ct":"Existing","a":0.513},"geometry":{"type":"MultiPolygon","coordinates":[[[[73.36997,32.12507],[73.36964,32.12491],[73.36944,32.1252],[73.37001,32.12552],[73.37013,32.12536],[73.36989,32.12519],[73.36997,32.12507]]]]}},{"type":"Feature","properties":{"lu":"Educational Institution - Public","ct":"Existing","a":0.28},"geometry":{"type":"MultiPolygon","coordinates":[[[[73.51954,32.16052],[73.51902,32.16041],[73.51898,32.16061],[73.51949,32.16072],[73.51954,32.16052]]]]}},{"type":"Feature","properties":{"lu":"Educational Institution - Public","ct":"Existing","a":1.477},"geometry":{"type":"MultiPolygon","coordinates":[[[[73.53063,32.06285],[73.5306,32.06239],[73.52934,32.06247],[73.52936,32.06292],[73.53063,32.06285]]]]}},{"type":"Feature","properties":{"lu":"Educational Institution - Public","ct":"Existing","a":0.127},"geometry":{"type":"MultiPolygon","coordinates":[[[[73.66458,31.95308],[73.66419,31.95304],[73.66417,31.95315],[73.66456,31.95321],[73.66458,31.95308]]]]}},{"type":"Feature","properties":{"lu":"Educational Institution - Public","ct":"Existing","a":0.945},"geometry":{"type":"MultiPolygon","coordinates":[[[[73.50259,31.88167],[73.50247,31.88113],[73.50183,31.88125],[73.5019,31.88178],[73.50259,31.88167]]]]}},{"type":"Feature","properties":{"lu":"Educational Institution - Public","ct":"Existing","a":0.437},"geometry":{"type":"MultiPolygon","coordinates":[[[[73.5019,31.88178],[73.50185,31.8814],[73.50154,31.88145],[73.50158,31.8816],[73.50134,31.88162],[73.50137,31.88185],[73.5019,31.88178]]]]}},{"type":"Feature","properties":{"lu":"Educational Institution - Public","ct":"Existing","a":0.338},"geometry":{"type":"MultiPolygon","coordinates":[[[[73.31565,31.96034],[73.31564,31.96006],[73.31516,31.9601],[73.31519,31.96037],[73.31565,31.96034]]]]}},{"type":"Feature","properties":{"lu":"Educational Institution - Public","ct":"Existing","a":0.297},"geometry":{"type":"MultiPolygon","coordinates":[[[[73.20965,31.92546],[73.20939,31.92514],[73.20917,31.92544],[73.20942,31.92562],[73.20965,31.92546]]]]}},{"type":"Feature","properties":{"lu":"Educational Institution - Public","ct":"Existing","a":1.205},"geometry":{"type":"MultiPolygon","coordinates":[[[[73.56115,31.96421],[73.56097,31.96365],[73.56026,31.96439],[73.5607,31.96481],[73.56097,31.96459],[73.56073,31.96433],[73.56115,31.96421]]]]}},{"type":"Feature","properties":{"lu":"Educational Institution - Public","ct":"Existing","a":0.585},"geometry":{"type":"MultiPolygon","coordinates":[[[[73.53992,31.94605],[73.54006,31.94603],[73.53993,31.94547],[73.53953,31.94551],[73.53969,31.94609],[73.53992,31.94605]]]]}},{"type":"Feature","properties":{"lu":"Educational Institution - Public","ct":"Existing","a":1.564},"geometry":{"type":"MultiPolygon","coordinates":[[[[73.53993,31.94547],[73.54006,31.94603],[73.54106,31.94591],[73.54097,31.94531],[73.53993,31.94547]]]]}},{"type":"Feature","properties":{"lu":"Educational Institution - Public","ct":"Existing","a":0.472},"geometry":{"type":"MultiPolygon","coordinates":[[[[73.39917,31.94729],[73.39902,31.94699],[73.39841,31.94732],[73.39849,31.94748],[73.39917,31.94729]]]]}},{"type":"Feature","properties":{"lu":"Educational Institution - Public","ct":"Existing","a":1.241},"geometry":{"type":"MultiPolygon","coordinates":[[[[73.52919,32.09568],[73.52848,32.09564],[73.52845,32.09636],[73.52915,32.09632],[73.52919,32.09568]]]]}},{"type":"Feature","properties":{"lu":"Educational Institution - Public","ct":"Existing","a":0.452},"geometry":{"type":"MultiPolygon","coordinates":[[[[73.6493,32.24519],[73.649,32.245],[73.64869,32.24551],[73.64893,32.24564],[73.6492,32.24522],[73.6493,32.24519]]]]}},{"type":"Feature","properties":{"lu":"Educational Institution - Public","ct":"Existing","a":0.564},"geometry":{"type":"MultiPolygon","coordinates":[[[[73.649,32.245],[73.64867,32.24485],[73.64835,32.24534],[73.64869,32.24551],[73.649,32.245]]]]}},{"type":"Feature","properties":{"lu":"Educational Institution - Public","ct":"Existing","a":0.253},"geometry":{"type":"MultiPolygon","coordinates":[[[[73.53815,32.2284],[73.53851,32.22842],[73.53848,32.22812],[73.53811,32.22818],[73.53815,32.2284]]]]}},{"type":"Feature","properties":{"lu":"Educational Institution - Public","ct":"Existing","a":0.05},"geometry":{"type":"MultiPolygon","coordinates":[[[[73.5388,32.22794],[73.53867,32.22792],[73.53863,32.22805],[73.53877,32.22808],[73.5388,32.22794]]]]}},{"type":"Feature","properties":{"lu":"Educational Institution - Public","ct":"Existing","a":0.762},"geometry":{"type":"MultiPolygon","coordinates":[[[[73.65788,31.89985],[73.65816,31.89978],[73.65814,31.89933],[73.65746,31.89942],[73.65758,31.89986],[73.65788,31.89985]]]]}},{"type":"Feature","properties":{"lu":"Educational Institution - Public","ct":"Existing","a":0.246},"geometry":{"type":"MultiPolygon","coordinates":[[[[73.70104,32.20823],[73.7007,32.20818],[73.70068,32.20846],[73.701,32.2085],[73.70104,32.20823]]]]}},{"type":"Feature","properties":{"lu":"Educational Institution - Public","ct":"Existing","a":1.206},"geometry":{"type":"MultiPolygon","coordinates":[[[[73.5235,32.21524],[73.52313,32.21576],[73.52366,32.21607],[73.52421,32.21537],[73.5235,32.21524]]]]}},{"type":"Feature","properties":{"lu":"Educational Institution - Public","ct":"Existing","a":0.356},"geometry":{"type":"MultiPolygon","coordinates":[[[[73.61252,32.06389],[73.61224,32.06383],[73.61211,32.06435],[73.61232,32.0644],[73.61252,32.06389]]]]}},{"type":"Feature","properties":{"lu":"Educational Institution - Public","ct":"Existing","a":0.769},"geometry":{"type":"MultiPolygon","coordinates":[[[[73.56398,32.00375],[73.56345,32.00371],[73.56339,32.00426],[73.5639,32.00432],[73.56398,32.00375]]]]}},{"type":"Feature","properties":{"lu":"Educational Institution - Public","ct":"Existing","a":0.163},"geometry":{"type":"MultiPolygon","coordinates":[[[[73.79852,32.06219],[73.79846,32.06197],[73.7982,32.06202],[73.79824,32.06224],[73.79852,32.06219]]]]}},{"type":"Feature","properties":{"lu":"Educational Institution - Public","ct":"Existing","a":0.048},"geometry":{"type":"MultiPolygon","coordinates":[[[[73.79808,32.0623],[73.79804,32.06219],[73.7979,32.06222],[73.79792,32.06234],[73.79808,32.0623]]]]}},{"type":"Feature","properties":{"lu":"Educational Institution - Public","ct":"Existing","a":1.01},"geometry":{"type":"MultiPolygon","coordinates":[[[[73.47565,31.96005],[73.47583,31.96087],[73.47645,31.96072],[73.47628,31.96017],[73.47592,31.96026],[73.47585,31.96001],[73.47565,31.96005]]]]}},{"type":"Feature","properties":{"lu":"Educational Institution - Public","ct":"Existing","a":0.681},"geometry":{"type":"MultiPolygon","coordinates":[[[[73.62647,32.13268],[73.62652,32.13242],[73.62581,32.13227],[73.62579,32.1324],[73.62591,32.13244],[73.62586,32.13275],[73.62634,32.13281],[73.62647,32.13268]]]]}},{"type":"Feature","properties":{"lu":"Educational Institution - Public","ct":"Existing","a":0.28},"geometry":{"type":"MultiPolygon","coordinates":[[[[73.62696,32.13251],[73.62652,32.13242],[73.62647,32.13268],[73.62688,32.13274],[73.62696,32.13251]]]]}},{"type":"Feature","properties":{"lu":"Educational Institution - Public","ct":"Existing","a":0.372},"geometry":{"type":"MultiPolygon","coordinates":[[[[73.38479,31.93132],[73.38473,31.93081],[73.38445,31.93083],[73.38451,31.93134],[73.38479,31.93132]]]]}},{"type":"Feature","properties":{"lu":"Educational Institution - Public","ct":"Existing","a":0.419},"geometry":{"type":"MultiPolygon","coordinates":[[[[73.38503,31.93131],[73.3851,31.93124],[73.38506,31.93081],[73.38473,31.93081],[73.38479,31.93132],[73.38503,31.93131]]]]}},{"type":"Feature","properties":{"lu":"Educational Institution - Public","ct":"Existing","a":0.467},"geometry":{"type":"MultiPolygon","coordinates":[[[[73.76753,32.06547],[73.76726,32.06521],[73.7668,32.06544],[73.76694,32.06569],[73.76753,32.06547]]]]}},{"type":"Feature","properties":{"lu":"Educational Institution - Public","ct":"Existing","a":0.469},"geometry":{"type":"MultiPolygon","coordinates":[[[[73.76726,32.06521],[73.76699,32.06495],[73.76659,32.06505],[73.7668,32.06544],[73.76726,32.06521]]]]}},{"type":"Feature","properties":{"lu":"Educational Institution - Public","ct":"Existing","a":0.261},"geometry":{"type":"MultiPolygon","coordinates":[[[[73.41132,31.96853],[73.41101,31.9685],[73.41097,31.96883],[73.41128,31.96886],[73.41132,31.96853]]]]}},{"type":"Feature","properties":{"lu":"Educational Institution - Public","ct":"Existing","a":0.94},"geometry":{"type":"MultiPolygon","coordinates":[[[[73.69324,31.9137],[73.69263,31.91357],[73.69249,31.91413],[73.69311,31.91426],[73.69324,31.9137]]]]}},{"type":"Feature","properties":{"lu":"Educational Institution - Public","ct":"Existing","a":0.824},"geometry":{"type":"MultiPolygon","coordinates":[[[[73.28553,32.00931],[73.28551,32.00894],[73.28477,32.00898],[73.28482,32.00948],[73.28553,32.00931]]]]}},{"type":"Feature","properties":{"lu":"Educational Institution - Public","ct":"Existing","a":0.899},"geometry":{"type":"MultiPolygon","coordinates":[[[[73.57078,32.07771],[73.57008,32.07759],[73.56998,32.07806],[73.57063,32.07818],[73.57078,32.07771]]]]}},{"type":"Feature","properties":{"lu":"Educational Institution - Public","ct":"Existing","a":1.448},"geometry":{"type":"MultiPolygon","coordinates":[[[[73.54263,32.1817],[73.54268,32.18207],[73.54383,32.18228],[73.54376,32.1816],[73.54263,32.1817]]]]}},{"type":"Feature","properties":{"lu":"Educational Institution - Public","ct":"Existing","a":0.554},"geometry":{"type":"MultiPolygon","coordinates":[[[[73.74454,32.18862],[73.74383,32.18872],[73.74388,32.18902],[73.74461,32.18889],[73.74454,32.18862]]]]}},{"type":"Feature","properties":{"lu":"Educational Institution - Public","ct":"Existing","a":0.244},"geometry":{"type":"MultiPolygon","coordinates":[[[[73.45988,31.99407],[73.45995,31.99374],[73.45962,31.99377],[73.45956,31.99401],[73.45988,31.99407]]]]}},{"type":"Feature","properties":{"lu":"Educational Institution - Public","ct":"Existing","a":1.138},"geometry":{"type":"MultiPolygon","coordinates":[[[[73.51113,32.18666],[73.51103,32.18602],[73.51029,32.18615],[73.51036,32.18666],[73.51113,32.18666]]]]}},{"type":"Feature","properties":{"lu":"Educational Institution - Public","ct":"Existing","a":0.372},"geometry":{"type":"MultiPolygon","coordinates":[[[[73.18222,31.88829],[73.18202,31.88777],[73.18177,31.88789],[73.182,31.88835],[73.18222,31.88829]]]]}},{"type":"Feature","properties":{"lu":"Educational Institution - Public","ct":"Existing","a":1.377},"geometry":{"type":"MultiPolygon","coordinates":[[[[73.41,32.01194],[73.40957,32.01203],[73.40937,32.0123],[73.40953,32.01288],[73.41023,32.01269],[73.41,32.01194]]]]}},{"type":"Feature","properties":{"lu":"Educational Institution - Public","ct":"Existing","a":0.933},"geometry":{"type":"MultiPolygon","coordinates":[[[[73.76554,32.14522],[73.76549,32.14468],[73.7648,32.14485],[73.76486,32.14537],[73.76554,32.14522]]]]}},{"type":"Feature","properties":{"lu":"Educational Institution - Public","ct":"Existing","a":1.069},"geometry":{"type":"MultiPolygon","coordinates":[[[[73.76631,32.14511],[73.76614,32.14452],[73.76549,32.14468],[73.76554,32.14522],[73.76631,32.14511]]]]}},{"type":"Feature","properties":{"lu":"Educational Institution - Public","ct":"Existing","a":0.583},"geometry":{"type":"MultiPolygon","coordinates":[[[[73.47508,32.16371],[73.47456,32.16347],[73.47437,32.16376],[73.47491,32.16409],[73.47508,32.16371]]]]}},{"type":"Feature","properties":{"lu":"Educational Institution - Public","ct":"Existing","a":0.783},"geometry":{"type":"MultiPolygon","coordinates":[[[[73.60366,31.93385],[73.60368,31.934],[73.60413,31.93407],[73.6042,31.93343],[73.60375,31.93337],[73.60366,31.93385]]]]}},{"type":"Feature","properties":{"lu":"Educational Institution - Public","ct":"Existing","a":0.32},"geometry":{"type":"MultiPolygon","coordinates":[[[[73.44172,32.17885],[73.44162,32.17904],[73.44205,32.17928],[73.44222,32.17907],[73.44172,32.17885]]]]}},{"type":"Feature","properties":{"lu":"Educational Institution - Public","ct":"Existing","a":0.259},"geometry":{"type":"MultiPolygon","coordinates":[[[[73.59298,32.08742],[73.59325,32.08732],[73.59319,32.08717],[73.59288,32.08726],[73.59277,32.08716],[73.59268,32.08719],[73.59278,32.08749],[73.59298,32.08742]]]]}},{"type":"Feature","properties":{"lu":"Educational Institution - Public","ct":"Existing","a":0.061},"geometry":{"type":"MultiPolygon","coordinates":[[[[73.25273,31.9743],[73.25268,31.97414],[73.25255,31.97417],[73.25261,31.97433],[73.25273,31.9743]]]]}},{"type":"Feature","properties":{"lu":"Educational Institution - Public","ct":"Existing","a":0.39},"geometry":{"type":"MultiPolygon","coordinates":[[[[73.4102,31.87779],[73.41063,31.87778],[73.41064,31.87753],[73.41006,31.87752],[73.41005,31.87779],[73.4102,31.87779]]]]}},{"type":"Feature","properties":{"lu":"Educational Institution - Public","ct":"Existing","a":0.585},"geometry":{"type":"MultiPolygon","coordinates":[[[[73.52173,32.15531],[73.52102,32.15541],[73.52081,32.15553],[73.52095,32.15592],[73.52173,32.15531]]]]}},{"type":"Feature","properties":{"lu":"Educational Institution - Public","ct":"Existing","a":1.06},"geometry":{"type":"MultiPolygon","coordinates":[[[[73.53001,32.06379],[73.52995,32.06321],[73.52926,32.06323],[73.5293,32.06383],[73.53001,32.06379]]]]}},{"type":"Feature","properties":{"lu":"Educational Institution - Public","ct":"Existing","a":0.528},"geometry":{"type":"MultiPolygon","coordinates":[[[[73.56107,32.02569],[73.56084,32.02511],[73.56052,32.0252],[73.56075,32.02578],[73.56107,32.02569]]]]}},{"type":"Feature","properties":{"lu":"Educational Institution - Public","ct":"Existing","a":0.586},"geometry":{"type":"MultiPolygon","coordinates":[[[[73.56142,32.02559],[73.56119,32.02502],[73.56084,32.02511],[73.56107,32.02569],[73.56142,32.02559]]]]}},{"type":"Feature","properties":{"lu":"Educational Institution - Public","ct":"Existing","a":0.522},"geometry":{"type":"MultiPolygon","coordinates":[[[[73.70156,32.24888],[73.70148,32.24831],[73.70113,32.24834],[73.7012,32.2489],[73.70156,32.24888]]]]}},{"type":"Feature","properties":{"lu":"Educational Institution - Public","ct":"Existing","a":0.337},"geometry":{"type":"MultiPolygon","coordinates":[[[[73.71875,32.11465],[73.71844,32.11471],[73.71851,32.1151],[73.71886,32.11503],[73.71875,32.11465]]]]}},{"type":"Feature","properties":{"lu":"Educational Institution - Public","ct":"Existing","a":0.45},"geometry":{"type":"MultiPolygon","coordinates":[[[[73.71851,32.1151],[73.71844,32.11471],[73.71802,32.11478],[73.71807,32.11518],[73.71851,32.1151]]]]}},{"type":"Feature","properties":{"lu":"Educational Institution - Public","ct":"Existing","a":0.892},"geometry":{"type":"MultiPolygon","coordinates":[[[[73.20775,31.92799],[73.20723,31.9279],[73.20689,31.92841],[73.20729,31.92865],[73.20775,31.92799]]]]}},{"type":"Feature","properties":{"lu":"Educational Institution - Public","ct":"Existing","a":0.353},"geometry":{"type":"MultiPolygon","coordinates":[[[[73.20865,31.84618],[73.20832,31.84621],[73.20837,31.84662],[73.20862,31.84666],[73.20865,31.84618]]]]}},{"type":"Feature","properties":{"lu":"Educational Institution - Public","ct":"Existing","a":0.664},"geometry":{"type":"MultiPolygon","coordinates":[[[[73.45514,32.17672],[73.45475,32.17657],[73.45441,32.17704],[73.45479,32.17726],[73.45514,32.17672]]]]}},{"type":"Feature","properties":{"lu":"Educational Institution - Public","ct":"Existing","a":1.854},"geometry":{"type":"MultiPolygon","coordinates":[[[[73.63991,32.09213],[73.63945,32.09117],[73.63901,32.0913],[73.63922,32.09172],[73.63888,32.09181],[73.63907,32.09239],[73.63991,32.09213]]]]}},{"type":"Feature","properties":{"lu":"Educational Institution - Public","ct":"Existing","a":0.146},"geometry":{"type":"MultiPolygon","coordinates":[[[[73.61716,31.87756],[73.61719,31.87747],[73.61689,31.87743],[73.61686,31.87763],[73.61713,31.87766],[73.61716,31.87756]]]]}},{"type":"Feature","properties":{"lu":"Educational Institution - Public","ct":"Existing","a":0.706},"geometry":{"type":"MultiPolygon","coordinates":[[[[73.73296,31.98112],[73.73294,31.9807],[73.73228,31.98071],[73.73227,31.9811],[73.73296,31.98112]]]]}},{"type":"Feature","properties":{"lu":"Educational Institution - Public","ct":"Existing","a":0.081},"geometry":{"type":"MultiPolygon","coordinates":[[[[73.55078,32.1229],[73.55056,32.1229],[73.55054,32.12303],[73.55076,32.12306],[73.55078,32.1229]]]]}},{"type":"Feature","properties":{"lu":"Educational Institution - Public","ct":"Existing","a":0.183},"geometry":{"type":"MultiPolygon","coordinates":[[[[73.55075,32.12237],[73.55044,32.12234],[73.55043,32.12257],[73.55075,32.12258],[73.55075,32.12237]]]]}},{"type":"Feature","properties":{"lu":"Educational Institution - Public","ct":"Existing","a":0.643},"geometry":{"type":"MultiPolygon","coordinates":[[[[73.78761,32.12598],[73.78727,32.12542],[73.78693,32.12566],[73.78724,32.12614],[73.78761,32.12598]]]]}},{"type":"Feature","properties":{"lu":"Educational Institution - Public","ct":"Existing","a":0.702},"geometry":{"type":"MultiPolygon","coordinates":[[[[73.69392,31.9393],[73.69381,31.93875],[73.69335,31.93883],[73.69343,31.93939],[73.69392,31.9393]]]]}},{"type":"Feature","properties":{"lu":"Educational Institution - Public","ct":"Existing","a":0.192},"geometry":{"type":"MultiPolygon","coordinates":[[[[73.63758,32.24966],[73.63737,32.24952],[73.6372,32.24974],[73.63739,32.2499],[73.63758,32.24966]]]]}},{"type":"Feature","properties":{"lu":"Educational Institution - Public","ct":"Existing","a":0.239},"geometry":{"type":"MultiPolygon","coordinates":[[[[73.62529,32.25303],[73.62502,32.25288],[73.62484,32.25311],[73.6251,32.25327],[73.62529,32.25303]]]]}},{"type":"Feature","properties":{"lu":"Educational Institution - Public","ct":"Existing","a":0.153},"geometry":{"type":"MultiPolygon","coordinates":[[[[73.45722,31.9011],[73.45709,31.90089],[73.45686,31.90098],[73.45698,31.90119],[73.45722,31.9011]]]]}},{"type":"Feature","properties":{"lu":"Educational Institution - Public","ct":"Existing","a":0.281},"geometry":{"type":"MultiPolygon","coordinates":[[[[73.67856,31.93936],[73.67853,31.93904],[73.67819,31.93908],[73.67821,31.93938],[73.67856,31.93936]]]]}},{"type":"Feature","properties":{"lu":"Educational Institution - Public","ct":"Existing","a":0.251},"geometry":{"type":"MultiPolygon","coordinates":[[[[73.36448,31.90031],[73.36416,31.9003],[73.36414,31.90057],[73.36449,31.90059],[73.36448,31.90031]]]]}},{"type":"Feature","properties":{"lu":"Educational Institution - Public","ct":"Existing","a":0.502},"geometry":{"type":"MultiPolygon","coordinates":[[[[73.46503,32.14833],[73.46436,32.14823],[73.46431,32.14853],[73.46501,32.14859],[73.46503,32.14833]]]]}},{"type":"Feature","properties":{"lu":"Educational Institution - Public","ct":"Existing","a":0.504},"geometry":{"type":"MultiPolygon","coordinates":[[[[73.46436,32.14823],[73.46503,32.14833],[73.46506,32.14805],[73.46441,32.14794],[73.46436,32.14823]]]]}},{"type":"Feature","properties":{"lu":"Educational Institution - Public","ct":"Existing","a":0.248},"geometry":{"type":"MultiPolygon","coordinates":[[[[73.51078,32.09472],[73.51079,32.0945],[73.51036,32.09449],[73.51039,32.09474],[73.51078,32.09472]]]]}},{"type":"Feature","properties":{"lu":"Educational Institution - Public","ct":"Existing","a":0.262},"geometry":{"type":"MultiPolygon","coordinates":[[[[73.33366,32.02928],[73.33366,32.02956],[73.33402,32.02954],[73.33407,32.0293],[73.33366,32.02928]]]]}},{"type":"Feature","properties":{"lu":"Educational Institution - Public","ct":"Existing","a":0.59},"geometry":{"type":"MultiPolygon","coordinates":[[[[73.51979,31.98005],[73.51971,31.98053],[73.52021,31.98057],[73.52027,31.98012],[73.51979,31.98005]]]]}},{"type":"Feature","properties":{"lu":"Educational Institution - Public","ct":"Existing","a":0.216},"geometry":{"type":"MultiPolygon","coordinates":[[[[73.61726,32.11992],[73.61738,32.12018],[73.61768,32.12003],[73.61749,32.11981],[73.61726,32.11992]]]]}},{"type":"Feature","properties":{"lu":"Educational Institution - Public","ct":"Existing","a":0.352},"geometry":{"type":"MultiPolygon","coordinates":[[[[73.76599,31.97404],[73.76566,31.97406],[73.76575,31.97447],[73.76609,31.97441],[73.76599,31.97404]]]]}},{"type":"Feature","properties":{"lu":"Educational Institution - Public","ct":"Existing","a":0.214},"geometry":{"type":"MultiPolygon","coordinates":[[[[73.38573,31.91698],[73.38582,31.91687],[73.38579,31.91672],[73.38544,31.91677],[73.38548,31.91701],[73.38573,31.91698]]]]}},{"type":"Feature","properties":{"lu":"Educational Institution - Public","ct":"Existing","a":0.348},"geometry":{"type":"MultiPolygon","coordinates":[[[[73.67342,32.25188],[73.67322,32.25216],[73.67369,32.25229],[73.67382,32.25206],[73.67342,32.25188]]]]}},{"type":"Feature","properties":{"lu":"Educational Institution - Public","ct":"Existing","a":0.627},"geometry":{"type":"MultiPolygon","coordinates":[[[[73.50491,32.13946],[73.50493,32.13913],[73.50419,32.13912],[73.50414,32.13942],[73.50491,32.13946]]]]}},{"type":"Feature","properties":{"lu":"Educational Institution - Public","ct":"Existing","a":0.279},"geometry":{"type":"MultiPolygon","coordinates":[[[[73.50854,32.14352],[73.50817,32.14351],[73.50814,32.1438],[73.50852,32.14381],[73.50854,32.14352]]]]}},{"type":"Feature","properties":{"lu":"Educational Institution - Public","ct":"Existing","a":0.272},"geometry":{"type":"MultiPolygon","coordinates":[[[[73.34271,32.11281],[73.3425,32.11307],[73.34279,32.11323],[73.34298,32.11297],[73.34271,32.11281]]]]}},{"type":"Feature","properties":{"lu":"Educational Institution - Public","ct":"Existing","a":0.07},"geometry":{"type":"MultiPolygon","coordinates":[[[[73.75629,31.99291],[73.75645,31.99298],[73.75658,31.99299],[73.75651,31.99281],[73.75629,31.99291]]]]}},{"type":"Feature","properties":{"lu":"Educational Institution - Public","ct":"Existing","a":0.503},"geometry":{"type":"MultiPolygon","coordinates":[[[[73.5807,31.92944],[73.58065,31.92934],[73.58084,31.92927],[73.58051,31.9289],[73.5802,31.92905],[73.58049,31.92952],[73.5807,31.92944]]]]}},{"type":"Feature","properties":{"lu":"Educational Institution - Public","ct":"Existing","a":0.338},"geometry":{"type":"MultiPolygon","coordinates":[[[[73.75328,31.94825],[73.75326,31.94795],[73.75296,31.94793],[73.75297,31.94807],[73.75278,31.94805],[73.75278,31.94825],[73.75328,31.94825]]]]}},{"type":"Feature","properties":{"lu":"Educational Institution - Public","ct":"Existing","a":0.257},"geometry":{"type":"MultiPolygon","coordinates":[[[[73.72769,32.16041],[73.7274,32.16059],[73.7276,32.16083],[73.72786,32.16063],[73.72769,32.16041]]]]}},{"type":"Feature","properties":{"lu":"Educational Institution - Public","ct":"Existing","a":0.959},"geometry":{"type":"MultiPolygon","coordinates":[[[[73.61029,32.09854],[73.61011,32.09769],[73.6097,32.09782],[73.60984,32.09864],[73.61029,32.09854]]]]}},{"type":"Feature","properties":{"lu":"Educational Institution - Public","ct":"Existing","a":0.313},"geometry":{"type":"MultiPolygon","coordinates":[[[[73.28541,31.77286],[73.28536,31.77292],[73.28569,31.7731],[73.28586,31.77281],[73.28556,31.77264],[73.28541,31.77286]]]]}},{"type":"Feature","properties":{"lu":"Educational Institution - Public","ct":"Existing","a":0.43},"geometry":{"type":"MultiPolygon","coordinates":[[[[73.61944,32.01189],[73.61938,32.01174],[73.6189,32.01186],[73.619,32.01215],[73.6195,32.01208],[73.61944,32.01189]]]]}},{"type":"Feature","properties":{"lu":"Educational Institution - Public","ct":"Existing","a":0.094},"geometry":{"type":"MultiPolygon","coordinates":[[[[73.77475,32.13168],[73.77471,32.13154],[73.77446,32.13161],[73.7745,32.13173],[73.77475,32.13168]]]]}},{"type":"Feature","properties":{"lu":"Educational Institution - Public","ct":"Existing","a":0.207},"geometry":{"type":"MultiPolygon","coordinates":[[[[73.67957,32.29542],[73.67989,32.29562],[73.68,32.29541],[73.67968,32.29525],[73.67957,32.29542]]]]}},{"type":"Feature","properties":{"lu":"Educational Institution - Public","ct":"Existing","a":0.105},"geometry":{"type":"MultiPolygon","coordinates":[[[[73.39096,32.14522],[73.39075,32.14516],[73.39066,32.14533],[73.39088,32.14539],[73.39096,32.14522]]]]}},{"type":"Feature","properties":{"lu":"Educational Institution - Public","ct":"Existing","a":0.145},"geometry":{"type":"MultiPolygon","coordinates":[[[[73.31496,31.9524],[73.3149,31.9522],[73.31463,31.95225],[73.31468,31.95244],[73.31496,31.9524]]]]}},{"type":"Feature","properties":{"lu":"Educational Institution - Public","ct":"Existing","a":0.084},"geometry":{"type":"MultiPolygon","coordinates":[[[[73.28989,31.96449],[73.28987,31.96435],[73.2896,31.96439],[73.28961,31.96449],[73.28989,31.96449]]]]}},{"type":"Feature","properties":{"lu":"Educational Institution - Public","ct":"Existing","a":0.164},"geometry":{"type":"MultiPolygon","coordinates":[[[[73.28989,31.96449],[73.28961,31.96449],[73.28961,31.96472],[73.28991,31.96469],[73.28989,31.96449]]]]}},{"type":"Feature","properties":{"lu":"Educational Institution - Public","ct":"Existing","a":0.247},"geometry":{"type":"MultiPolygon","coordinates":[[[[73.56411,31.91209],[73.56383,31.91212],[73.56387,31.91246],[73.56414,31.91244],[73.56411,31.91209]]]]}},{"type":"Feature","properties":{"lu":"Educational Institution - Public","ct":"Existing","a":0.171},"geometry":{"type":"MultiPolygon","coordinates":[[[[73.52383,31.92108],[73.52378,31.92086],[73.52347,31.9209],[73.5235,31.92108],[73.52383,31.92108]]]]}},{"type":"Feature","properties":{"lu":"Educational Institution - Public","ct":"Existing","a":0.302},"geometry":{"type":"MultiPolygon","coordinates":[[[[73.4323,32.12648],[73.43228,32.12614],[73.43192,32.12617],[73.43194,32.12647],[73.4323,32.12648]]]]}},{"type":"Feature","properties":{"lu":"Educational Institution - Public","ct":"Existing","a":0.303},"geometry":{"type":"MultiPolygon","coordinates":[[[[73.68696,31.9934],[73.68686,31.99309],[73.68651,31.99317],[73.68661,31.99347],[73.68696,31.9934]]]]}},{"type":"Feature","properties":{"lu":"Educational Institution - Public","ct":"Existing","a":0.292},"geometry":{"type":"MultiPolygon","coordinates":[[[[73.34749,31.96744],[73.34744,31.96709],[73.34712,31.96713],[73.34717,31.96746],[73.34749,31.96744]]]]}},{"type":"Feature","properties":{"lu":"Educational Institution - Public","ct":"Existing","a":0.179},"geometry":{"type":"MultiPolygon","coordinates":[[[[73.46485,31.98431],[73.46482,31.98458],[73.46509,31.9846],[73.46509,31.98433],[73.46485,31.98431]]]]}},{"type":"Feature","properties":{"lu":"Educational Institution - Public","ct":"Existing","a":0.244},"geometry":{"type":"MultiPolygon","coordinates":[[[[73.40977,32.02805],[73.4097,32.02778],[73.40937,32.02785],[73.40943,32.02811],[73.40977,32.02805]]]]}},{"type":"Feature","properties":{"lu":"Educational Institution - Public","ct":"Existing","a":0.054},"geometry":{"type":"MultiPolygon","coordinates":[[[[73.63441,32.14748],[73.63429,32.14747],[73.63426,32.14764],[73.63438,32.14767],[73.63441,32.14748]]]]}},{"type":"Feature","properties":{"lu":"Educational Institution - Public","ct":"Existing","a":0.349},"geometry":{"type":"MultiPolygon","coordinates":[[[[73.4402,31.82893],[73.44023,31.82874],[73.4399,31.82868],[73.43982,31.82906],[73.44017,31.82912],[73.4402,31.82893]]]]}},{"type":"Feature","properties":{"lu":"Educational Institution - Public","ct":"Existing","a":0.157},"geometry":{"type":"MultiPolygon","coordinates":[[[[73.31608,31.87613],[73.31577,31.8761],[73.31574,31.87637],[73.31588,31.87638],[73.31608,31.87613]]]]}},{"type":"Feature","properties":{"lu":"Educational Institution - Public","ct":"Existing","a":0.19},"geometry":{"type":"MultiPolygon","coordinates":[[[[73.7608,32.17524],[73.76064,32.17524],[73.76064,32.17557],[73.76096,32.17553],[73.7608,32.17524]]]]}},{"type":"Feature","properties":{"lu":"Educational Institution - Public","ct":"Existing","a":0.213},"geometry":{"type":"MultiPolygon","coordinates":[[[[73.26763,32.03225],[73.26738,32.0321],[73.26719,32.03231],[73.26742,32.03246],[73.26763,32.03225]]]]}},{"type":"Feature","properties":{"lu":"Educational Institution - Public","ct":"Existing","a":0.321},"geometry":{"type":"MultiPolygon","coordinates":[[[[73.45516,32.18819],[73.45531,32.18795],[73.45502,32.18778],[73.4548,32.18804],[73.45511,32.18825],[73.45516,32.18819]]]]}},{"type":"Feature","properties":{"lu":"Educational Institution - Public","ct":"Existing","a":0.259},"geometry":{"type":"MultiPolygon","coordinates":[[[[73.57531,32.03268],[73.57522,32.03238],[73.5749,32.03247],[73.575,32.03276],[73.57531,32.03268]]]]}},{"type":"Feature","properties":{"lu":"Educational Institution - Public","ct":"Existing","a":0.177},"geometry":{"type":"MultiPolygon","coordinates":[[[[73.46807,31.92639],[73.46802,31.92605],[73.46782,31.92609],[73.46788,31.92642],[73.46807,31.92639]]]]}},{"type":"Feature","properties":{"lu":"Educational Institution - Public","ct":"Existing","a":0.061},"geometry":{"type":"MultiPolygon","coordinates":[[[[73.29253,31.86206],[73.29238,31.862],[73.29233,31.86216],[73.29243,31.86219],[73.29253,31.86206]]]]}},{"type":"Feature","properties":{"lu":"Educational Institution - Public","ct":"Existing","a":0.089},"geometry":{"type":"MultiPolygon","coordinates":[[[[73.78991,32.08989],[73.78973,32.08988],[73.78973,32.09007],[73.78991,32.09008],[73.78991,32.08989]]]]}},{"type":"Feature","properties":{"lu":"Educational Institution - Public","ct":"Existing","a":0.394},"geometry":{"type":"MultiPolygon","coordinates":[[[[73.59408,31.90922],[73.59367,31.90922],[73.59364,31.9095],[73.59417,31.90953],[73.59419,31.90922],[73.59408,31.90922]]]]}},{"type":"Feature","properties":{"lu":"Educational Institution - Public","ct":"Existing","a":0.242},"geometry":{"type":"MultiPolygon","coordinates":[[[[73.3198,31.99097],[73.31949,31.99101],[73.31958,31.99134],[73.31985,31.99124],[73.3198,31.99097]]]]}},{"type":"Feature","properties":{"lu":"Educational Institution - Public","ct":"Existing","a":0.252},"geometry":{"type":"MultiPolygon","coordinates":[[[[73.21531,31.83567],[73.215,31.83565],[73.21501,31.83599],[73.21529,31.83599],[73.21531,31.83567]]]]}},{"type":"Feature","properties":{"lu":"Educational Institution - Public","ct":"Existing","a":0.214},"geometry":{"type":"MultiPolygon","coordinates":[[[[73.76248,32.16471],[73.76245,32.1651],[73.76265,32.16512],[73.7627,32.16477],[73.76248,32.16471]]]]}},{"type":"Feature","properties":{"lu":"Educational Institution - Public","ct":"Existing","a":0.233},"geometry":{"type":"MultiPolygon","coordinates":[[[[73.4783,32.13905],[73.4783,32.1393],[73.47866,32.13931],[73.47867,32.13906],[73.4783,32.13905]]]]}},{"type":"Feature","properties":{"lu":"Educational Institution - Public","ct":"Existing","a":0.252},"geometry":{"type":"MultiPolygon","coordinates":[[[[73.43494,32.10929],[73.43472,32.10919],[73.43451,32.10953],[73.43471,32.10964],[73.43494,32.10929]]]]}},{"type":"Feature","properties":{"lu":"Educational Institution - Public","ct":"Existing","a":0.163},"geometry":{"type":"MultiPolygon","coordinates":[[[[73.43491,32.10891],[73.43522,32.10898],[73.43529,32.1089],[73.43511,32.10868],[73.43491,32.10891]]]]}},{"type":"Feature","properties":{"lu":"Educational Institution - Public","ct":"Existing","a":0.247},"geometry":{"type":"MultiPolygon","coordinates":[[[[73.35604,32.11037],[73.3558,32.11017],[73.35561,32.11041],[73.35589,32.11061],[73.35604,32.11037]]]]}},{"type":"Feature","properties":{"lu":"Educational Institution - Public","ct":"Existing","a":0.271},"geometry":{"type":"MultiPolygon","coordinates":[[[[73.64412,32.21477],[73.64418,32.21509],[73.64454,32.21501],[73.64448,32.21476],[73.64412,32.21477]]]]}},{"type":"Feature","properties":{"lu":"Educational Institution - Public","ct":"Existing","a":0.268},"geometry":{"type":"MultiPolygon","coordinates":[[[[73.24025,31.96766],[73.24056,31.96749],[73.2403,31.96728],[73.24003,31.96751],[73.24025,31.96766]]]]}},{"type":"Feature","properties":{"lu":"Educational Institution - Public","ct":"Existing","a":0.325},"geometry":{"type":"MultiPolygon","coordinates":[[[[73.31579,32.08976],[73.31545,32.08955],[73.31527,32.08982],[73.31562,32.09002],[73.31579,32.08976]]]]}},{"type":"Feature","properties":{"lu":"Educational Institution - Public","ct":"Existing","a":0.303},"geometry":{"type":"MultiPolygon","coordinates":[[[[73.24577,31.92168],[73.24537,31.92158],[73.24529,31.92184],[73.24571,31.92195],[73.24577,31.92168]]]]}},{"type":"Feature","properties":{"lu":"Educational Institution - Public","ct":"Existing","a":0.267},"geometry":{"type":"MultiPolygon","coordinates":[[[[73.22402,31.94367],[73.22375,31.94351],[73.22346,31.94365],[73.22387,31.94388],[73.22402,31.94367]]]]}},{"type":"Feature","properties":{"lu":"Educational Institution - Public","ct":"Existing","a":0.167},"geometry":{"type":"MultiPolygon","coordinates":[[[[73.4345,32.01658],[73.43432,32.01632],[73.43416,32.01638],[73.43424,32.01665],[73.4345,32.01658]]]]}},{"type":"Feature","properties":{"lu":"Educational Institution - Public","ct":"Existing","a":0.646},"geometry":{"type":"MultiPolygon","coordinates":[[[[73.59615,32.05824],[73.59604,32.05773],[73.59554,32.05784],[73.59577,32.05837],[73.59615,32.05824]]]]}},{"type":"Feature","properties":{"lu":"Educational Institution - Public","ct":"Existing","a":0.306},"geometry":{"type":"MultiPolygon","coordinates":[[[[73.35852,31.79872],[73.3584,31.7984],[73.35809,31.79847],[73.35824,31.79885],[73.35852,31.79872]]]]}},{"type":"Feature","properties":{"lu":"Educational Institution - Public","ct":"Existing","a":0.23},"geometry":{"type":"MultiPolygon","coordinates":[[[[73.2415,31.94686],[73.24134,31.94662],[73.24105,31.94678],[73.24125,31.94699],[73.2415,31.94686]]]]}},{"type":"Feature","properties":{"lu":"Educational Institution - Public","ct":"Existing","a":0.352},"geometry":{"type":"MultiPolygon","coordinates":[[[[73.30126,32.04147],[73.30088,32.04112],[73.30065,32.04138],[73.30114,32.0416],[73.30126,32.04147]]]]}},{"type":"Feature","properties":{"lu":"Educational Institution - Public","ct":"Existing","a":0.072},"geometry":{"type":"MultiPolygon","coordinates":[[[[73.80928,32.03555],[73.80919,32.03542],[73.80903,32.03548],[73.80909,32.03562],[73.80928,32.03555]]]]}},{"type":"Feature","properties":{"lu":"Educational Institution - Public","ct":"Existing","a":0.034},"geometry":{"type":"MultiPolygon","coordinates":[[[[73.36797,32.13066],[73.3679,32.13056],[73.3678,32.13059],[73.36785,32.13069],[73.36797,32.13066]]]]}},{"type":"Feature","properties":{"lu":"Educational Institution - Public","ct":"Existing","a":0.216},"geometry":{"type":"MultiPolygon","coordinates":[[[[73.64023,31.90002],[73.63992,31.9],[73.6399,31.90025],[73.6402,31.9003],[73.64023,31.90002]]]]}},{"type":"Feature","properties":{"lu":"Educational Institution - Public","ct":"Existing","a":0.118},"geometry":{"type":"MultiPolygon","coordinates":[[[[73.3319,32.08542],[73.33181,32.08518],[73.33162,32.08528],[73.33174,32.08547],[73.3319,32.08542]]]]}},{"type":"Feature","properties":{"lu":"Educational Institution - Public","ct":"Existing","a":0.262},"geometry":{"type":"MultiPolygon","coordinates":[[[[73.62359,31.97785],[73.6234,31.97756],[73.62312,31.97769],[73.62333,31.97797],[73.62359,31.97785]]]]}},{"type":"Feature","properties":{"lu":"Educational Institution - Public","ct":"Existing","a":0.274},"geometry":{"type":"MultiPolygon","coordinates":[[[[73.41532,32.12269],[73.4153,32.12241],[73.41492,32.12243],[73.41495,32.12272],[73.41532,32.12269]]]]}},{"type":"Feature","properties":{"lu":"Educational Institution - Public","ct":"Existing","a":0.371},"geometry":{"type":"MultiPolygon","coordinates":[[[[73.46073,31.861],[73.46063,31.86054],[73.46032,31.8606],[73.46045,31.86106],[73.46073,31.861]]]]}},{"type":"Feature","properties":{"lu":"Educational Institution - Public","ct":"Existing","a":0.266},"geometry":{"type":"MultiPolygon","coordinates":[[[[73.45895,31.85502],[73.45888,31.85482],[73.45856,31.8549],[73.45866,31.85519],[73.45899,31.85512],[73.45895,31.85502]]]]}},{"type":"Feature","properties":{"lu":"Educational Institution - Public","ct":"Existing","a":0.265},"geometry":{"type":"MultiPolygon","coordinates":[[[[73.23884,31.85471],[73.23884,31.85444],[73.23845,31.85446],[73.23846,31.85472],[73.23884,31.85471]]]]}},{"type":"Feature","properties":{"lu":"Educational Institution - Public","ct":"Existing","a":0.471},"geometry":{"type":"MultiPolygon","coordinates":[[[[73.39668,31.85346],[73.39669,31.85316],[73.39608,31.85316],[73.39609,31.85346],[73.39668,31.85346]]]]}},{"type":"Feature","properties":{"lu":"Educational Institution - Public","ct":"Existing","a":0.483},"geometry":{"type":"MultiPolygon","coordinates":[[[[73.39608,31.85316],[73.39669,31.85316],[73.39669,31.85285],[73.39607,31.85285],[73.39608,31.85316]]]]}},{"type":"Feature","properties":{"lu":"Educational Institution - Public","ct":"Existing","a":0.47},"geometry":{"type":"MultiPolygon","coordinates":[[[[73.41116,31.84135],[73.4112,31.84121],[73.4105,31.84113],[73.41048,31.84132],[73.41065,31.84151],[73.41116,31.84135]]]]}},{"type":"Feature","properties":{"lu":"Educational Institution - Public","ct":"Existing","a":0.219},"geometry":{"type":"MultiPolygon","coordinates":[[[[73.4113,31.84085],[73.41122,31.84117],[73.41153,31.84116],[73.41155,31.84089],[73.4113,31.84085]]]]}},{"type":"Feature","properties":{"lu":"Educational Institution - Public","ct":"Existing","a":0.267},"geometry":{"type":"MultiPolygon","coordinates":[[[[73.38426,31.90002],[73.38445,31.9],[73.38442,31.89973],[73.38406,31.89975],[73.38409,31.90005],[73.38426,31.90002]]]]}},{"type":"Feature","properties":{"lu":"Educational Institution - Public","ct":"Existing","a":0.288},"geometry":{"type":"MultiPolygon","coordinates":[[[[73.51018,32.03536],[73.5106,32.03537],[73.51051,32.035],[73.51017,32.03518],[73.51018,32.03536]]]]}},{"type":"Feature","properties":{"lu":"Educational Institution - Public","ct":"Existing","a":0.103},"geometry":{"type":"MultiPolygon","coordinates":[[[[73.77408,32.09862],[73.77388,32.09864],[73.7739,32.09883],[73.77411,32.09881],[73.77408,32.09862]]]]}},{"type":"Feature","properties":{"lu":"Educational Institution - Public","ct":"Existing","a":0.235},"geometry":{"type":"MultiPolygon","coordinates":[[[[73.43824,32.02576],[73.43817,32.02548],[73.43776,32.02558],[73.43793,32.02574],[73.43824,32.02576]]]]}},{"type":"Feature","properties":{"lu":"Educational Institution - Public","ct":"Existing","a":0.2},"geometry":{"type":"MultiPolygon","coordinates":[[[[73.44234,32.05163],[73.44233,32.05145],[73.4419,32.05146],[73.44192,32.05165],[73.44234,32.05163]]]]}},{"type":"Feature","properties":{"lu":"Educational Institution - Public","ct":"Existing","a":0.212},"geometry":{"type":"MultiPolygon","coordinates":[[[[73.61528,31.98225],[73.61499,31.98229],[73.61504,31.98251],[73.61494,31.98254],[73.61496,31.98262],[73.61526,31.9825],[73.61528,31.98225]]]]}},{"type":"Feature","properties":{"lu":"Educational Institution - Public","ct":"Existing","a":0.291},"geometry":{"type":"MultiPolygon","coordinates":[[[[73.74805,32.09809],[73.74761,32.09798],[73.74764,32.09828],[73.74797,32.09833],[73.74805,32.09809]]]]}},{"type":"Feature","properties":{"lu":"Educational Institution - Public","ct":"Existing","a":0.401},"geometry":{"type":"MultiPolygon","coordinates":[[[[73.50419,32.00616],[73.50413,32.00572],[73.50379,32.00575],[73.50382,32.00617],[73.50419,32.00616]]]]}},{"type":"Feature","properties":{"lu":"Educational Institution - Public","ct":"Existing","a":0.525},"geometry":{"type":"MultiPolygon","coordinates":[[[[73.61495,31.99446],[73.61486,31.99416],[73.61422,31.99433],[73.61433,31.99463],[73.61495,31.99446]]]]}},{"type":"Feature","properties":{"lu":"Educational Institution - Public","ct":"Existing","a":0.263},"geometry":{"type":"MultiPolygon","coordinates":[[[[73.60227,31.89025],[73.60218,31.88994],[73.60193,31.88997],[73.60194,31.89035],[73.60227,31.89025]]]]}},{"type":"Feature","properties":{"lu":"Educational Institution - Public","ct":"Existing","a":0.222},"geometry":{"type":"MultiPolygon","coordinates":[[[[73.33252,31.82278],[73.33219,31.82287],[73.33228,31.82311],[73.33259,31.82302],[73.33252,31.82278]]]]}},{"type":"Feature","properties":{"lu":"Educational Institution - Public","ct":"Existing","a":0.251},"geometry":{"type":"MultiPolygon","coordinates":[[[[73.7956,32.04565],[73.79553,32.04534],[73.79524,32.04537],[73.79528,32.04569],[73.7956,32.04565]]]]}},{"type":"Feature","properties":{"lu":"Educational Institution - Public","ct":"Existing","a":0.247},"geometry":{"type":"MultiPolygon","coordinates":[[[[73.59624,31.95764],[73.59611,31.95738],[73.5958,31.95751],[73.59593,31.95776],[73.59624,31.95764]]]]}},{"type":"Feature","properties":{"lu":"Educational Institution - Public","ct":"Existing","a":0.286},"geometry":{"type":"MultiPolygon","coordinates":[[[[73.17634,31.85077],[73.17657,31.85049],[73.17634,31.85034],[73.1761,31.85065],[73.17628,31.85081],[73.17634,31.85077]]]]}},{"type":"Feature","properties":{"lu":"Educational Institution - Public","ct":"Existing","a":0.279},"geometry":{"type":"MultiPolygon","coordinates":[[[[73.28327,32.04428],[73.28295,32.04418],[73.28281,32.04447],[73.28317,32.04456],[73.28327,32.04428]]]]}},{"type":"Feature","properties":{"lu":"Educational Institution - Public","ct":"Existing","a":0.406},"geometry":{"type":"MultiPolygon","coordinates":[[[[73.59303,32.15547],[73.59277,32.15507],[73.59247,32.15519],[73.59273,32.15561],[73.59303,32.15547]]]]}},{"type":"Feature","properties":{"lu":"Educational Institution - Public","ct":"Existing","a":0.247},"geometry":{"type":"MultiPolygon","coordinates":[[[[73.4766,32.00486],[73.47659,32.00459],[73.47623,32.0046],[73.47624,32.00486],[73.4766,32.00486]]]]}},{"type":"Feature","properties":{"lu":"Educational Institution - Public","ct":"Existing","a":0.317},"geometry":{"type":"MultiPolygon","coordinates":[[[[73.25857,31.86547],[73.25852,31.86602],[73.25876,31.86594],[73.25881,31.86546],[73.25857,31.86547]]]]}},{"type":"Feature","properties":{"lu":"Educational Institution - Public","ct":"Existing","a":0.26},"geometry":{"type":"MultiPolygon","coordinates":[[[[73.38904,31.94067],[73.38901,31.94037],[73.38867,31.9404],[73.38874,31.94071],[73.38904,31.94067]]]]}},{"type":"Feature","properties":{"lu":"Educational Institution - Public","ct":"Existing","a":0.119},"geometry":{"type":"MultiPolygon","coordinates":[[[[73.36868,31.82928],[73.36867,31.82912],[73.36838,31.82915],[73.3684,31.82932],[73.36868,31.82928]]]]}},{"type":"Feature","properties":{"lu":"Educational Institution - Public","ct":"Existing","a":0.265},"geometry":{"type":"MultiPolygon","coordinates":[[[[73.36939,31.86278],[73.36929,31.86235],[73.36905,31.86239],[73.36911,31.86274],[73.36939,31.86278]]]]}},{"type":"Feature","properties":{"lu":"Educational Institution - Public","ct":"Existing","a":0.403},"geometry":{"type":"MultiPolygon","coordinates":[[[[73.53883,32.03704],[73.53878,32.03659],[73.5384,32.03666],[73.53853,32.03708],[73.53883,32.03704]]]]}},{"type":"Feature","properties":{"lu":"Educational Institution - Public","ct":"Existing","a":0.341},"geometry":{"type":"MultiPolygon","coordinates":[[[[73.79653,32.03099],[73.79654,32.03069],[73.79612,32.03071],[73.79616,32.03102],[73.79653,32.03099]]]]}},{"type":"Feature","properties":{"lu":"Educational Institution - Public","ct":"Existing","a":0.26},"geometry":{"type":"MultiPolygon","coordinates":[[[[73.39778,31.95155],[73.39772,31.95132],[73.39731,31.95144],[73.3974,31.95168],[73.39778,31.95155]]]]}},{"type":"Feature","properties":{"lu":"Educational Institution - Public","ct":"Existing","a":0.261},"geometry":{"type":"MultiPolygon","coordinates":[[[[73.49042,31.83931],[73.49034,31.83934],[73.49038,31.83963],[73.4907,31.8396],[73.49066,31.8393],[73.49042,31.83931]]]]}},{"type":"Feature","properties":{"lu":"Educational Institution - Public","ct":"Existing","a":0.146},"geometry":{"type":"MultiPolygon","coordinates":[[[[73.65262,32.10692],[73.65254,32.10675],[73.65228,32.10679],[73.65233,32.107],[73.65262,32.10692]]]]}},{"type":"Feature","properties":{"lu":"Educational Institution - Public","ct":"Existing","a":0.17},"geometry":{"type":"MultiPolygon","coordinates":[[[[73.25399,31.80043],[73.25376,31.80043],[73.25375,31.80071],[73.25398,31.80072],[73.25399,31.80043]]]]}},{"type":"Feature","properties":{"lu":"Educational Institution - Public","ct":"Existing","a":0.306},"geometry":{"type":"MultiPolygon","coordinates":[[[[73.66381,32.2656],[73.66341,32.26536],[73.66325,32.26556],[73.66367,32.2658],[73.66381,32.2656]]]]}},{"type":"Feature","properties":{"lu":"Educational Institution - Public","ct":"Existing","a":0.224},"geometry":{"type":"MultiPolygon","coordinates":[[[[73.45592,31.89503],[73.45585,31.8947],[73.4556,31.89474],[73.45567,31.89507],[73.45592,31.89503]]]]}},{"type":"Feature","properties":{"lu":"Educational Institution - Public","ct":"Existing","a":0.469},"geometry":{"type":"MultiPolygon","coordinates":[[[[73.62347,32.27539],[73.62318,32.27522],[73.62287,32.27561],[73.62322,32.27581],[73.62347,32.27539]]]]}},{"type":"Feature","properties":{"lu":"Educational Institution - Public","ct":"Existing","a":0.511},"geometry":{"type":"MultiPolygon","coordinates":[[[[73.24611,31.77734],[73.24611,31.77703],[73.24548,31.77704],[73.2455,31.77736],[73.24611,31.77734]]]]}},{"type":"Feature","properties":{"lu":"Educational Institution - Public","ct":"Existing","a":0.333},"geometry":{"type":"MultiPolygon","coordinates":[[[[73.63076,32.1103],[73.63074,32.11079],[73.63099,32.1108],[73.63103,32.1103],[73.63076,32.1103]]]]}},{"type":"Feature","properties":{"lu":"Educational Institution - Public","ct":"Existing","a":0.313},"geometry":{"type":"MultiPolygon","coordinates":[[[[73.71476,31.96772],[73.71434,31.96773],[73.71434,31.96802],[73.71476,31.96801],[73.71476,31.96772]]]]}},{"type":"Feature","properties":{"lu":"Educational Institution - Public","ct":"Existing","a":0.436},"geometry":{"type":"MultiPolygon","coordinates":[[[[73.33298,32.10466],[73.33315,32.10445],[73.33326,32.10414],[73.33291,32.10409],[73.33273,32.10454],[73.33298,32.10466]]]]}},{"type":"Feature","properties":{"lu":"Educational Institution - Public","ct":"Existing","a":0.323},"geometry":{"type":"MultiPolygon","coordinates":[[[[73.40481,31.99517],[73.40473,31.9954],[73.40528,31.99544],[73.40532,31.99522],[73.40481,31.99517]]]]}},{"type":"Feature","properties":{"lu":"Educational Institution - Public","ct":"Existing","a":0.612},"geometry":{"type":"MultiPolygon","coordinates":[[[[73.49235,32.08968],[73.49203,32.08917],[73.49167,32.08935],[73.49196,32.08984],[73.49235,32.08968]]]]}},{"type":"Feature","properties":{"lu":"Educational Institution - Public","ct":"Existing","a":0.351},"geometry":{"type":"MultiPolygon","coordinates":[[[[73.76867,32.00182],[73.76847,32.00152],[73.76812,32.00183],[73.7683,32.00202],[73.76867,32.00182]]]]}},{"type":"Feature","properties":{"lu":"Educational Institution - Public","ct":"Existing","a":0.358},"geometry":{"type":"MultiPolygon","coordinates":[[[[73.56825,31.93451],[73.56814,31.93418],[73.5676,31.93451],[73.5676,31.93461],[73.56825,31.93451]]]]}},{"type":"Feature","properties":{"lu":"Educational Institution - Public","ct":"Existing","a":0.198},"geometry":{"type":"MultiPolygon","coordinates":[[[[73.6779,31.91136],[73.67783,31.91113],[73.67753,31.91115],[73.67753,31.91137],[73.6779,31.91136]]]]}},{"type":"Feature","properties":{"lu":"Educational Institution - Public","ct":"Existing","a":0.483},"geometry":{"type":"MultiPolygon","coordinates":[[[[73.25121,31.79306],[73.25125,31.79271],[73.25076,31.79267],[73.25072,31.79307],[73.25121,31.79306]]]]}},{"type":"Feature","properties":{"lu":"Educational Institution - Public","ct":"Existing","a":0.29},"geometry":{"type":"MultiPolygon","coordinates":[[[[73.21717,31.87368],[73.21687,31.8738],[73.21699,31.87411],[73.21729,31.87401],[73.21717,31.87368]]]]}},{"type":"Feature","properties":{"lu":"Educational Institution - Public","ct":"Existing","a":0.302},"geometry":{"type":"MultiPolygon","coordinates":[[[[73.62135,32.073],[73.62116,32.07343],[73.62143,32.07348],[73.62159,32.07309],[73.62135,32.073]]]]}},{"type":"Feature","properties":{"lu":"Educational Institution - Public","ct":"Existing","a":0.348},"geometry":{"type":"MultiPolygon","coordinates":[[[[73.612,31.96702],[73.61194,31.96671],[73.61163,31.96673],[73.61166,31.96722],[73.612,31.96702]]]]}},{"type":"Feature","properties":{"lu":"Educational Institution - Public","ct":"Existing","a":0.181},"geometry":{"type":"MultiPolygon","coordinates":[[[[73.68188,32.32787],[73.68172,32.32785],[73.68163,32.32828],[73.68178,32.32829],[73.68188,32.32787]]]]}},{"type":"Feature","properties":{"lu":"Educational Institution - Public","ct":"Existing","a":0.177},"geometry":{"type":"MultiPolygon","coordinates":[[[[73.61669,32.1371],[73.61656,32.13735],[73.61682,32.13744],[73.61691,32.13719],[73.61669,32.1371]]]]}},{"type":"Feature","properties":{"lu":"Educational Institution - Public","ct":"Existing","a":0.35},"geometry":{"type":"MultiPolygon","coordinates":[[[[73.40917,31.91304],[73.40912,31.91284],[73.40881,31.91286],[73.40883,31.91324],[73.4092,31.91319],[73.40917,31.91304]]]]}},{"type":"Feature","properties":{"lu":"Educational Institution - Public","ct":"Existing","a":0.273},"geometry":{"type":"MultiPolygon","coordinates":[[[[73.29806,31.97304],[73.29768,31.97307],[73.29771,31.97334],[73.29811,31.9733],[73.29806,31.97304]]]]}},{"type":"Feature","properties":{"lu":"Educational Institution - Public","ct":"Existing","a":0.313},"geometry":{"type":"MultiPolygon","coordinates":[[[[73.49746,32.17968],[73.49767,32.17981],[73.49784,32.17957],[73.49755,32.17934],[73.49733,32.17958],[73.49746,32.17968]]]]}},{"type":"Feature","properties":{"lu":"Educational Institution - Public","ct":"Existing","a":0.325},"geometry":{"type":"MultiPolygon","coordinates":[[[[73.45956,32.12948],[73.45995,32.12948],[73.45997,32.12916],[73.45958,32.12915],[73.45956,32.12948]]]]}},{"type":"Feature","properties":{"lu":"Educational Institution - Public","ct":"Existing","a":0.234},"geometry":{"type":"MultiPolygon","coordinates":[[[[73.3819,31.96206],[73.38187,31.96186],[73.38144,31.96189],[73.38144,31.9621],[73.3819,31.96206]]]]}},{"type":"Feature","properties":{"lu":"Educational Institution - Public","ct":"Existing","a":0.181},"geometry":{"type":"MultiPolygon","coordinates":[[[[73.7604,32.01876],[73.76034,32.01864],[73.76016,32.01864],[73.76015,32.01894],[73.76041,32.01892],[73.7604,32.01876]]]]}},{"type":"Feature","properties":{"lu":"Educational Institution - Public","ct":"Existing","a":0.244},"geometry":{"type":"MultiPolygon","coordinates":[[[[73.7493,32.01073],[73.749,32.01074],[73.74898,32.01104],[73.74929,32.01105],[73.7493,32.01073]]]]}},{"type":"Feature","properties":{"lu":"Educational Institution - Public","ct":"Existing","a":1.665},"geometry":{"type":"MultiPolygon","coordinates":[[[[73.72017,32.09582],[73.71916,32.09538],[73.71882,32.09624],[73.71914,32.09632],[73.72017,32.09582]]]]}},{"type":"Feature","properties":{"lu":"Educational Institution - Public","ct":"Existing","a":0.263},"geometry":{"type":"MultiPolygon","coordinates":[[[[73.51847,31.84035],[73.51838,31.83992],[73.51822,31.83993],[73.5182,31.84036],[73.51847,31.84035]]]]}},{"type":"Feature","properties":{"lu":"Educational Institution - Public","ct":"Existing","a":0.451},"geometry":{"type":"MultiPolygon","coordinates":[[[[73.57064,32.16583],[73.57008,32.16602],[73.57017,32.1663],[73.57077,32.1661],[73.57064,32.16583]]]]}},{"type":"Feature","properties":{"lu":"Educational Institution - Public","ct":"Existing","a":0.256},"geometry":{"type":"MultiPolygon","coordinates":[[[[73.49337,32.20505],[73.49307,32.20488],[73.49288,32.20509],[73.4932,32.20527],[73.49337,32.20505]]]]}},{"type":"Feature","properties":{"lu":"Educational Institution - Public","ct":"Existing","a":0.375},"geometry":{"type":"MultiPolygon","coordinates":[[[[73.71443,32.20041],[73.71406,32.20038],[73.71409,32.2007],[73.71461,32.20068],[73.71454,32.20043],[73.71443,32.20041]]]]}},{"type":"Feature","properties":{"lu":"Educational Institution - Public","ct":"Existing","a":0.494},"geometry":{"type":"MultiPolygon","coordinates":[[[[73.59391,32.00127],[73.5939,32.00089],[73.59339,32.0009],[73.59341,32.00128],[73.59391,32.00127]]]]}},{"type":"Feature","properties":{"lu":"Educational Institution - Public","ct":"Existing","a":0.341},"geometry":{"type":"MultiPolygon","coordinates":[[[[73.63395,32.27266],[73.63368,32.27247],[73.63337,32.27284],[73.63378,32.27289],[73.63395,32.27266]]]]}},{"type":"Feature","properties":{"lu":"Educational Institution - Public","ct":"Existing","a":0.102},"geometry":{"type":"MultiPolygon","coordinates":[[[[73.61206,32.26216],[73.61186,32.26203],[73.61175,32.26216],[73.61193,32.26228],[73.61206,32.26216]]]]}},{"type":"Feature","properties":{"lu":"Educational Institution - Public","ct":"Existing","a":0.153},"geometry":{"type":"MultiPolygon","coordinates":[[[[73.51023,32.11748],[73.51016,32.11771],[73.51042,32.11774],[73.51047,32.11751],[73.51023,32.11748]]]]}},{"type":"Feature","properties":{"lu":"Educational Institution - Public","ct":"Existing","a":0.306},"geometry":{"type":"MultiPolygon","coordinates":[[[[73.66042,32.29269],[73.66013,32.29254],[73.65997,32.29282],[73.66023,32.29302],[73.66042,32.29269]]]]}},{"type":"Feature","properties":{"lu":"Educational Institution - Public","ct":"Existing","a":0.233},"geometry":{"type":"MultiPolygon","coordinates":[[[[73.61078,32.20534],[73.61045,32.20535],[73.61046,32.2056],[73.6108,32.20562],[73.61078,32.20534]]]]}},{"type":"Feature","properties":{"lu":"Educational Institution - Public","ct":"Existing","a":0.313},"geometry":{"type":"MultiPolygon","coordinates":[[[[73.53966,31.8849],[73.53935,31.88496],[73.53947,31.88535],[73.53974,31.88529],[73.53966,31.8849]]]]}},{"type":"Feature","properties":{"lu":"Educational Institution - Public","ct":"Existing","a":0.256},"geometry":{"type":"MultiPolygon","coordinates":[[[[73.57841,32.00816],[73.57808,32.00811],[73.57801,32.00841],[73.57836,32.00843],[73.57841,32.00816]]]]}},{"type":"Feature","properties":{"lu":"Educational Institution - Public","ct":"Existing","a":0.283},"geometry":{"type":"MultiPolygon","coordinates":[[[[73.60555,32.01507],[73.60562,32.01507],[73.60561,32.01481],[73.60517,32.01479],[73.60528,32.01508],[73.60555,32.01507]]]]}},{"type":"Feature","properties":{"lu":"Educational Institution - Public","ct":"Existing","a":0.554},"geometry":{"type":"MultiPolygon","coordinates":[[[[73.60491,32.01452],[73.60462,32.01451],[73.60463,32.01503],[73.60518,32.01498],[73.60491,32.01452]]]]}},{"type":"Feature","properties":{"lu":"Educational Institution - Public","ct":"Existing","a":0.265},"geometry":{"type":"MultiPolygon","coordinates":[[[[73.68475,32.00428],[73.68504,32.00427],[73.68497,32.004],[73.68462,32.004],[73.68466,32.00428],[73.68475,32.00428]]]]}},{"type":"Feature","properties":{"lu":"Educational Institution - Public","ct":"Existing","a":0.465},"geometry":{"type":"MultiPolygon","coordinates":[[[[73.50489,32.07989],[73.50494,32.07925],[73.50459,32.07926],[73.50459,32.07959],[73.50465,32.07958],[73.5047,32.0799],[73.50489,32.07989]]]]}},{"type":"Feature","properties":{"lu":"Educational Institution - Public","ct":"Existing","a":0.159},"geometry":{"type":"MultiPolygon","coordinates":[[[[73.50594,31.97186],[73.50585,31.97156],[73.50561,31.97158],[73.50575,31.97188],[73.50594,31.97186]]]]}},{"type":"Feature","properties":{"lu":"Educational Institution - Public","ct":"Existing","a":0.198},"geometry":{"type":"MultiPolygon","coordinates":[[[[73.19891,31.89312],[73.19876,31.89336],[73.19902,31.8935],[73.19916,31.89327],[73.19891,31.89312]]]]}},{"type":"Feature","properties":{"lu":"Educational Institution - Public","ct":"Existing","a":0.419},"geometry":{"type":"MultiPolygon","coordinates":[[[[73.6761,31.97797],[73.67557,31.9779],[73.67553,31.97812],[73.67616,31.97817],[73.67641,31.97809],[73.67636,31.97799],[73.6761,31.97797]]]]}},{"type":"Feature","properties":{"lu":"Educational Institution - Public","ct":"Existing","a":0.273},"geometry":{"type":"MultiPolygon","coordinates":[[[[73.5064,31.83401],[73.50636,31.83376],[73.50602,31.83379],[73.50603,31.83412],[73.5064,31.83401]]]]}},{"type":"Feature","properties":{"lu":"Educational Institution - Public","ct":"Existing","a":0.282},"geometry":{"type":"MultiPolygon","coordinates":[[[[73.46003,32.17212],[73.45982,32.17235],[73.46012,32.17257],[73.4603,32.17235],[73.46003,32.17212]]]]}},{"type":"Feature","properties":{"lu":"Educational Institution - Public","ct":"Existing","a":0.478},"geometry":{"type":"MultiPolygon","coordinates":[[[[73.68234,32.26711],[73.68196,32.26694],[73.68174,32.26731],[73.68214,32.2675],[73.68234,32.26711]]]]}},{"type":"Feature","properties":{"lu":"Educational Institution - Public","ct":"Existing","a":0.751},"geometry":{"type":"MultiPolygon","coordinates":[[[[73.4993,31.94329],[73.49897,31.94337],[73.49899,31.94351],[73.49876,31.94356],[73.49887,31.94398],[73.49939,31.94387],[73.4993,31.94329]]]]}},{"type":"Feature","properties":{"lu":"Educational Institution - Public","ct":"Existing","a":0.356},"geometry":{"type":"MultiPolygon","coordinates":[[[[73.23312,31.83611],[73.23314,31.83579],[73.23269,31.83583],[73.2327,31.8361],[73.23312,31.83611]]]]}},{"type":"Feature","properties":{"lu":"Educational Institution - Public","ct":"Existing","a":0.271},"geometry":{"type":"MultiPolygon","coordinates":[[[[73.68764,31.97715],[73.68745,31.97689],[73.68718,31.97706],[73.68736,31.97733],[73.68764,31.97715]]]]}},{"type":"Feature","properties":{"lu":"Educational Institution - Public","ct":"Existing","a":0.435},"geometry":{"type":"MultiPolygon","coordinates":[[[[73.54957,32.05405],[73.54957,32.05416],[73.54947,32.05416],[73.54947,32.05441],[73.54996,32.05442],[73.54995,32.05405],[73.54957,32.05405]]]]}},{"type":"Feature","properties":{"lu":"Educational Institution - Public","ct":"Existing","a":0.239},"geometry":{"type":"MultiPolygon","coordinates":[[[[73.48254,32.11261],[73.48217,32.11259],[73.48215,32.11283],[73.48251,32.11285],[73.48254,32.11261]]]]}},{"type":"Feature","properties":{"lu":"Educational Institution - Public","ct":"Existing","a":0.293},"geometry":{"type":"MultiPolygon","coordinates":[[[[73.4762,32.1857],[73.47579,32.18568],[73.47579,32.18596],[73.47618,32.18599],[73.4762,32.1857]]]]}},{"type":"Feature","properties":{"lu":"Educational Institution - Public","ct":"Existing","a":0.658},"geometry":{"type":"MultiPolygon","coordinates":[[[[73.46064,32.10489],[73.46022,32.10487],[73.46013,32.10543],[73.46056,32.1055],[73.46064,32.10489]]]]}},{"type":"Feature","properties":{"lu":"Educational Institution - Public","ct":"Existing","a":1.527},"geometry":{"type":"MultiPolygon","coordinates":[[[[73.36948,32.03247],[73.36948,32.0319],[73.36845,32.03198],[73.36845,32.03255],[73.36948,32.03247]]]]}},{"type":"Feature","properties":{"lu":"Educational Institution - Public","ct":"Existing","a":0.596},"geometry":{"type":"MultiPolygon","coordinates":[[[[73.45106,31.98103],[73.45098,31.98037],[73.4506,31.98045],[73.45072,31.98106],[73.45106,31.98103]]]]}},{"type":"Feature","properties":{"lu":"Educational Institution - Public","ct":"Existing","a":0.269},"geometry":{"type":"MultiPolygon","coordinates":[[[[73.19373,31.85261],[73.19373,31.85231],[73.19335,31.85235],[73.19337,31.85262],[73.19373,31.85261]]]]}},{"type":"Feature","properties":{"lu":"Educational Institution - Public","ct":"Existing","a":0.219},"geometry":{"type":"MultiPolygon","coordinates":[[[[73.18621,31.90004],[73.18594,31.89985],[73.18577,31.90003],[73.18598,31.9002],[73.18611,31.90018],[73.18621,31.90004]]]]}},{"type":"Feature","properties":{"lu":"Educational Institution - Public","ct":"Existing","a":0.406},"geometry":{"type":"MultiPolygon","coordinates":[[[[73.71825,32.14645],[73.71859,32.14639],[73.71858,32.14616],[73.71799,32.14617],[73.71801,32.14645],[73.71825,32.14645]]]]}},{"type":"Feature","properties":{"lu":"Educational Institution - Public","ct":"Existing","a":0.378},"geometry":{"type":"MultiPolygon","coordinates":[[[[73.67171,32.26955],[73.6719,32.26928],[73.6716,32.26911],[73.67135,32.26942],[73.67164,32.26961],[73.67171,32.26955]]]]}},{"type":"Feature","properties":{"lu":"Educational Institution - Public","ct":"Existing","a":0.658},"geometry":{"type":"MultiPolygon","coordinates":[[[[73.52068,32.0724],[73.5203,32.07231],[73.52007,32.07286],[73.52052,32.07296],[73.52068,32.0724]]]]}},{"type":"Feature","properties":{"lu":"Educational Institution - Public","ct":"Existing","a":0.293},"geometry":{"type":"MultiPolygon","coordinates":[[[[73.32441,32.01733],[73.32439,32.01701],[73.32405,32.01702],[73.32404,32.01734],[73.32441,32.01733]]]]}},{"type":"Feature","properties":{"lu":"Educational Institution - Public","ct":"Existing","a":0.796},"geometry":{"type":"MultiPolygon","coordinates":[[[[73.58716,32.1523],[73.58807,32.15236],[73.58812,32.15203],[73.5872,32.15201],[73.58716,32.1523]]]]}},{"type":"Feature","properties":{"lu":"Educational Institution - Public","ct":"Existing","a":0.381},"geometry":{"type":"MultiPolygon","coordinates":[[[[73.51615,31.90577],[73.51612,31.90547],[73.51566,31.90548],[73.51566,31.90579],[73.51615,31.90577]]]]}},{"type":"Feature","properties":{"lu":"Educational Institution - Public","ct":"Existing","a":0.257},"geometry":{"type":"MultiPolygon","coordinates":[[[[73.65436,32.259],[73.6541,32.25884],[73.65388,32.25909],[73.65415,32.25925],[73.65436,32.259]]]]}},{"type":"Feature","properties":{"lu":"Educational Institution - Public","ct":"Existing","a":0.112},"geometry":{"type":"MultiPolygon","coordinates":[[[[73.6952,32.2614],[73.69494,32.26143],[73.69495,32.2616],[73.69522,32.26156],[73.6952,32.2614]]]]}},{"type":"Feature","properties":{"lu":"Educational Institution - Public","ct":"Existing","a":1.398},"geometry":{"type":"MultiPolygon","coordinates":[[[[73.54175,31.86518],[73.54115,31.8653],[73.54118,31.8655],[73.54058,31.86564],[73.54056,31.86582],[73.5419,31.86563],[73.54175,31.86518]]],[[[73.54176,31.86713],[73.54139,31.86718],[73.54147,31.86751],[73.54182,31.86743],[73.54176,31.86713]]]]}},{"type":"Feature","properties":{"lu":"Educational Institution - Public","ct":"Existing","a":0.161},"geometry":{"type":"MultiPolygon","coordinates":[[[[73.75898,32.11898],[73.75897,32.11881],[73.75861,32.11895],[73.75866,32.11912],[73.75898,32.11898]]]]}},{"type":"Feature","properties":{"lu":"Educational Institution - Public","ct":"Existing","a":0.315},"geometry":{"type":"MultiPolygon","coordinates":[[[[73.5738,32.14253],[73.57372,32.1423],[73.57326,32.14241],[73.57332,32.14265],[73.5738,32.14253]]]]}},{"type":"Feature","properties":{"lu":"Educational Institution - Public","ct":"Existing","a":0.711},"geometry":{"type":"MultiPolygon","coordinates":[[[[73.53098,32.09963],[73.53027,32.09949],[73.53021,32.10001],[73.53061,32.10006],[73.53098,32.09963]]]]}},{"type":"Feature","properties":{"lu":"Educational Institution - Public","ct":"Existing","a":0.369},"geometry":{"type":"MultiPolygon","coordinates":[[[[73.45802,31.89987],[73.4582,31.89934],[73.45771,31.89942],[73.45784,31.89975],[73.45802,31.89987]]]]}},{"type":"Feature","properties":{"lu":"Educational Institution - Public","ct":"Existing","a":0.561},"geometry":{"type":"MultiPolygon","coordinates":[[[[73.36788,31.89849],[73.36751,31.89849],[73.36747,31.89906],[73.36784,31.89909],[73.36788,31.89849]]]]}},{"type":"Feature","properties":{"lu":"Educational Institution - Public","ct":"Existing","a":0.239},"geometry":{"type":"MultiPolygon","coordinates":[[[[73.35442,31.84323],[73.35433,31.84298],[73.354,31.84306],[73.3541,31.84332],[73.35442,31.84323]]]]}},{"type":"Feature","properties":{"lu":"Educational Institution - Public","ct":"Existing","a":0.123},"geometry":{"type":"MultiPolygon","coordinates":[[[[73.69867,31.91103],[73.69836,31.91098],[73.69834,31.91106],[73.69852,31.91109],[73.69849,31.91125],[73.69862,31.91127],[73.69867,31.91103]]]]}},{"type":"Feature","properties":{"lu":"Educational Institution - Public","ct":"Existing","a":0.189},"geometry":{"type":"MultiPolygon","coordinates":[[[[73.62048,32.11963],[73.62038,32.11936],[73.62013,32.11943],[73.62025,32.1197],[73.62048,32.11963]]]]}},{"type":"Feature","properties":{"lu":"Educational Institution - Public","ct":"Existing","a":0.47},"geometry":{"type":"MultiPolygon","coordinates":[[[[73.38377,31.91785],[73.38369,31.91726],[73.38342,31.91727],[73.3835,31.91791],[73.38377,31.91792],[73.38377,31.91785]]]]}},{"type":"Feature","properties":{"lu":"Educational Institution - Public","ct":"Existing","a":0.286},"geometry":{"type":"MultiPolygon","coordinates":[[[[73.50062,32.14478],[73.50059,32.14439],[73.50026,32.14452],[73.50027,32.14477],[73.50062,32.14478]]]]}},{"type":"Feature","properties":{"lu":"Educational Institution - Public","ct":"Existing","a":0.713},"geometry":{"type":"MultiPolygon","coordinates":[[[[73.75834,31.99313],[73.75862,31.99317],[73.75865,31.99307],[73.75846,31.99261],[73.75773,31.99274],[73.75834,31.99313]]]]}},{"type":"Feature","properties":{"lu":"Educational Institution - Public","ct":"Existing","a":0.21},"geometry":{"type":"MultiPolygon","coordinates":[[[[73.44016,31.90612],[73.44004,31.90582],[73.4398,31.90587],[73.43986,31.90616],[73.44016,31.90612]]]]}},{"type":"Feature","properties":{"lu":"Educational Institution - Public","ct":"Existing","a":0.38},"geometry":{"type":"MultiPolygon","coordinates":[[[[73.43078,31.95776],[73.43081,31.95744],[73.43044,31.95743],[73.4304,31.95782],[73.43078,31.95784],[73.43078,31.95776]]]]}},{"type":"Feature","properties":{"lu":"Educational Institution - Public","ct":"Existing","a":0.139},"geometry":{"type":"MultiPolygon","coordinates":[[[[73.77324,32.13469],[73.77311,32.13441],[73.77294,32.1345],[73.77308,32.13476],[73.77324,32.13469]]]]}},{"type":"Feature","properties":{"lu":"Educational Institution - Public","ct":"Existing","a":0.39},"geometry":{"type":"MultiPolygon","coordinates":[[[[73.73706,31.94365],[73.7373,31.94361],[73.73725,31.94313],[73.73692,31.94317],[73.73706,31.94365]]]]}},{"type":"Feature","properties":{"lu":"Educational Institution - Public","ct":"Existing","a":1.133},"geometry":{"type":"MultiPolygon","coordinates":[[[[73.61305,32.09813],[73.61284,32.09756],[73.61225,32.09762],[73.61222,32.09826],[73.61305,32.09813]]]]}},{"type":"Feature","properties":{"lu":"Educational Institution - Public","ct":"Existing","a":0.487},"geometry":{"type":"MultiPolygon","coordinates":[[[[73.25532,31.81979],[73.25532,31.81993],[73.2559,31.82028],[73.25591,31.81981],[73.25532,31.81979]]]]}},{"type":"Feature","properties":{"lu":"Educational Institution - Public","ct":"Existing","a":0.327},"geometry":{"type":"MultiPolygon","coordinates":[[[[73.28849,31.77211],[73.28809,31.77189],[73.28793,31.77212],[73.28834,31.77233],[73.28849,31.77211]]]]}},{"type":"Feature","properties":{"lu":"Educational Institution - Public","ct":"Existing","a":0.276},"geometry":{"type":"MultiPolygon","coordinates":[[[[73.45343,32.15661],[73.45311,32.15656],[73.45305,32.15687],[73.45338,32.15693],[73.45343,32.15661]]]]}},{"type":"Feature","properties":{"lu":"Educational Institution - Public","ct":"Existing","a":0.681},"geometry":{"type":"MultiPolygon","coordinates":[[[[73.6092,32.06486],[73.60961,32.06491],[73.60975,32.0643],[73.60932,32.06425],[73.6092,32.06486]]]]}},{"type":"Feature","properties":{"lu":"Educational Institution - Public","ct":"Existing","a":1.269},"geometry":{"type":"MultiPolygon","coordinates":[[[[73.3899,32.14564],[73.39008,32.14535],[73.38963,32.14508],[73.38949,32.14506],[73.38924,32.14541],[73.38894,32.14524],[73.38882,32.14537],[73.38972,32.14588],[73.38985,32.14562],[73.3899,32.14564]]]]}},{"type":"Feature","properties":{"lu":"Educational Institution - Public","ct":"Existing","a":1.165},"geometry":{"type":"MultiPolygon","coordinates":[[[[73.67911,32.29755],[73.67945,32.29707],[73.67891,32.29671],[73.6785,32.29724],[73.67905,32.29764],[73.67911,32.29755]]]]}},{"type":"Feature","properties":{"lu":"Educational Institution - Public","ct":"Existing","a":0.191},"geometry":{"type":"MultiPolygon","coordinates":[[[[73.22398,31.94642],[73.22394,31.94647],[73.22418,31.94663],[73.22434,31.94642],[73.22407,31.94627],[73.22398,31.94642]]]]}},{"type":"Feature","properties":{"lu":"Educational Institution - Public","ct":"Existing","a":0.392},"geometry":{"type":"MultiPolygon","coordinates":[[[[73.34428,31.85145],[73.34401,31.85154],[73.34419,31.85193],[73.34448,31.8518],[73.34443,31.85168],[73.3445,31.85165],[73.34436,31.85141],[73.34428,31.85145]]]]}},{"type":"Feature","properties":{"lu":"Educational Institution - Public","ct":"Existing","a":0.321},"geometry":{"type":"MultiPolygon","coordinates":[[[[73.31337,31.95108],[73.31303,31.95111],[73.31303,31.95144],[73.31341,31.95142],[73.31337,31.95108]]]]}},{"type":"Feature","properties":{"lu":"Educational Institution - Public","ct":"Existing","a":0.48},"geometry":{"type":"MultiPolygon","coordinates":[[[[73.56348,31.91296],[73.5635,31.91287],[73.56313,31.91284],[73.56302,31.9129],[73.56302,31.91327],[73.56339,31.91331],[73.56348,31.91296]]]]}},{"type":"Feature","properties":{"lu":"Educational Institution - Public","ct":"Existing","a":0.701},"geometry":{"type":"MultiPolygon","coordinates":[[[[73.19834,31.92045],[73.19784,31.92022],[73.19754,31.92058],[73.19814,31.92084],[73.19834,31.92045]]]]}},{"type":"Feature","properties":{"lu":"Educational Institution - Public","ct":"Existing","a":0.223},"geometry":{"type":"MultiPolygon","coordinates":[[[[73.52951,32.00014],[73.52929,32.00011],[73.52923,32.00049],[73.52944,32.00053],[73.52951,32.00014]]]]}},{"type":"Feature","properties":{"lu":"Educational Institution - Public","ct":"Existing","a":0.822},"geometry":{"type":"MultiPolygon","coordinates":[[[[73.52611,31.92154],[73.52601,31.92121],[73.52506,31.92137],[73.52508,31.92162],[73.52611,31.92154]]]]}},{"type":"Feature","properties":{"lu":"Educational Institution - Public","ct":"Existing","a":0.644},"geometry":{"type":"MultiPolygon","coordinates":[[[[73.71942,31.92831],[73.72013,31.92833],[73.72017,31.928],[73.71944,31.92797],[73.71942,31.92831]]]]}},{"type":"Feature","properties":{"lu":"Educational Institution - Public","ct":"Existing","a":0.264},"geometry":{"type":"MultiPolygon","coordinates":[[[[73.23325,31.80159],[73.23296,31.80155],[73.2329,31.80187],[73.23321,31.80194],[73.23325,31.80159]]]]}},{"type":"Feature","properties":{"lu":"Educational Institution - Public","ct":"Existing","a":0.331},"geometry":{"type":"MultiPolygon","coordinates":[[[[73.68108,32.19342],[73.68098,32.19311],[73.6806,32.19321],[73.68068,32.19352],[73.68108,32.19342]]]]}},{"type":"Feature","properties":{"lu":"Educational Institution - Public","ct":"Existing","a":0.187},"geometry":{"type":"MultiPolygon","coordinates":[[[[73.51312,32.02295],[73.51306,32.02274],[73.51273,32.02279],[73.51276,32.02299],[73.51312,32.02295]]]]}},{"type":"Feature","properties":{"lu":"Educational Institution - Public","ct":"Existing","a":0.524},"geometry":{"type":"MultiPolygon","coordinates":[[[[73.5375,32.01909],[73.53682,32.01926],[73.53691,32.01954],[73.53759,32.01937],[73.5375,32.01909]]]]}},{"type":"Feature","properties":{"lu":"Educational Institution - Public","ct":"Existing","a":1.07},"geometry":{"type":"MultiPolygon","coordinates":[[[[73.33806,31.95995],[73.33846,31.9599],[73.33823,31.95935],[73.33761,31.95941],[73.33769,31.96001],[73.33806,31.95995]]]]}},{"type":"Feature","properties":{"lu":"Educational Institution - Public","ct":"Existing","a":0.278},"geometry":{"type":"MultiPolygon","coordinates":[[[[73.34294,31.97123],[73.34288,31.97092],[73.34255,31.97096],[73.34259,31.97126],[73.34294,31.97123]]]]}},{"type":"Feature","properties":{"lu":"Educational Institution - Public","ct":"Existing","a":0.31},"geometry":{"type":"MultiPolygon","coordinates":[[[[73.24232,31.76844],[73.24216,31.76866],[73.24274,31.76868],[73.24276,31.76843],[73.24232,31.76844]]]]}},{"type":"Feature","properties":{"lu":"Educational Institution - Public","ct":"Existing","a":1.058},"geometry":{"type":"MultiPolygon","coordinates":[[[[73.40962,32.02746],[73.40947,32.02689],[73.40877,32.02698],[73.40895,32.02756],[73.40962,32.02746]]]]}},{"type":"Feature","properties":{"lu":"Educational Institution - Public","ct":"Existing","a":0.807},"geometry":{"type":"MultiPolygon","coordinates":[[[[73.65707,31.93485],[73.65647,31.93477],[73.65642,31.93524],[73.65703,31.93539],[73.65707,31.93485]]]]}},{"type":"Feature","properties":{"lu":"Educational Institution - Public","ct":"Existing","a":0.324},"geometry":{"type":"MultiPolygon","coordinates":[[[[73.43697,31.8271],[73.43693,31.82741],[73.43731,31.82748],[73.43735,31.82714],[73.43697,31.8271]]]]}},{"type":"Feature","properties":{"lu":"Educational Institution - Public","ct":"Existing","a":0.257},"geometry":{"type":"MultiPolygon","coordinates":[[[[73.49159,31.97081],[73.49125,31.97083],[73.4913,31.97114],[73.49163,31.97109],[73.49159,31.97081]]]]}},{"type":"Feature","properties":{"lu":"Educational Institution - Public","ct":"Existing","a":0.301},"geometry":{"type":"MultiPolygon","coordinates":[[[[73.31875,31.87497],[73.3188,31.87474],[73.31836,31.87464],[73.31829,31.87489],[73.31875,31.87497]]]]}},{"type":"Feature","properties":{"lu":"Educational Institution - Public","ct":"Existing","a":0.363},"geometry":{"type":"MultiPolygon","coordinates":[[[[73.49851,31.83513],[73.49844,31.83481],[73.49802,31.83488],[73.49806,31.83519],[73.49851,31.83513]]]]}},{"type":"Feature","properties":{"lu":"Educational Institution - Public","ct":"Existing","a":0.167},"geometry":{"type":"MultiPolygon","coordinates":[[[[73.26728,32.03162],[73.26734,32.03148],[73.26719,32.03136],[73.267,32.03158],[73.26719,32.03172],[73.26728,32.03162]]]]}},{"type":"Feature","properties":{"lu":"Educational Institution - Public","ct":"Existing","a":0.277},"geometry":{"type":"MultiPolygon","coordinates":[[[[73.3184,31.92849],[73.31807,31.92847],[73.31804,31.92878],[73.31839,31.92882],[73.3184,31.92849]]]]}},{"type":"Feature","properties":{"lu":"Educational Institution - Public","ct":"Existing","a":0.298},"geometry":{"type":"MultiPolygon","coordinates":[[[[73.54074,32.08076],[73.5407,32.08037],[73.54041,32.08035],[73.54047,32.08078],[73.54074,32.08076]]]]}},{"type":"Feature","properties":{"lu":"Educational Institution - Public","ct":"Existing","a":0.297},"geometry":{"type":"MultiPolygon","coordinates":[[[[73.55733,31.99679],[73.55695,31.99676],[73.55692,31.99706],[73.55729,31.99709],[73.55733,31.99679]]]]}},{"type":"Feature","properties":{"lu":"Educational Institution - Public","ct":"Existing","a":1.201},"geometry":{"type":"MultiPolygon","coordinates":[[[[73.53601,31.89478],[73.53545,31.89434],[73.53497,31.89484],[73.53564,31.89522],[73.53601,31.89478]]]]}},{"type":"Feature","properties":{"lu":"Educational Institution - Public","ct":"Existing","a":0.216},"geometry":{"type":"MultiPolygon","coordinates":[[[[73.64462,32.287],[73.64444,32.28684],[73.64424,32.28715],[73.64446,32.28727],[73.64462,32.287]]]]}},{"type":"Feature","properties":{"lu":"Educational Institution - Public","ct":"Existing","a":0.309},"geometry":{"type":"MultiPolygon","coordinates":[[[[73.26303,31.84372],[73.26277,31.84371],[73.26271,31.84417],[73.26301,31.84417],[73.26303,31.84372]]]]}},{"type":"Feature","properties":{"lu":"Educational Institution - Public","ct":"Existing","a":0.131},"geometry":{"type":"MultiPolygon","coordinates":[[[[73.29522,31.84899],[73.29526,31.84889],[73.29504,31.84881],[73.29496,31.84901],[73.29519,31.84908],[73.29522,31.84899]]]]}},{"type":"Feature","properties":{"lu":"Educational Institution - Public","ct":"Existing","a":0.917},"geometry":{"type":"MultiPolygon","coordinates":[[[[73.4716,31.92641],[73.47147,31.9259],[73.47082,31.92602],[73.47092,31.92653],[73.4716,31.92641]]]]}},{"type":"Feature","properties":{"lu":"Educational Institution - Public","ct":"Existing","a":0.241},"geometry":{"type":"MultiPolygon","coordinates":[[[[73.29095,31.86545],[73.29072,31.86538],[73.29054,31.86578],[73.29074,31.86581],[73.29095,31.86545]]]]}},{"type":"Feature","properties":{"lu":"Educational Institution - Public","ct":"Existing","a":1.09},"geometry":{"type":"MultiPolygon","coordinates":[[[[73.78543,32.08981],[73.78544,32.08924],[73.78469,32.08924],[73.78467,32.08979],[73.78543,32.08981]]]]}},{"type":"Feature","properties":{"lu":"Educational Institution - Public","ct":"Existing","a":0.248},"geometry":{"type":"MultiPolygon","coordinates":[[[[73.47161,31.9372],[73.47156,31.93693],[73.47122,31.93696],[73.47128,31.93725],[73.47161,31.9372]]]]}},{"type":"Feature","properties":{"lu":"Educational Institution - Public","ct":"Existing","a":1.376},"geometry":{"type":"MultiPolygon","coordinates":[[[[73.59084,31.90764],[73.59086,31.90707],[73.58967,31.90708],[73.59023,31.90767],[73.59084,31.90764]]]]}},{"type":"Feature","properties":{"lu":"Educational Institution - Public","ct":"Existing","a":0.227},"geometry":{"type":"MultiPolygon","coordinates":[[[[73.17742,31.86138],[73.17748,31.86133],[73.17734,31.8611],[73.17704,31.86119],[73.17717,31.86142],[73.17742,31.86138]]]]}},{"type":"Feature","properties":{"lu":"Educational Institution - Public","ct":"Existing","a":0.255},"geometry":{"type":"MultiPolygon","coordinates":[[[[73.44789,31.94578],[73.44791,31.94549],[73.44757,31.9455],[73.44761,31.94579],[73.44789,31.94578]]]]}},{"type":"Feature","properties":{"lu":"Educational Institution - Public","ct":"Existing","a":0.187},"geometry":{"type":"MultiPolygon","coordinates":[[[[73.32412,31.98926],[73.32406,31.98905],[73.32373,31.98912],[73.32376,31.98932],[73.32412,31.98926]]]]}},{"type":"Feature","properties":{"lu":"Educational Institution - Public","ct":"Existing","a":0.353},"geometry":{"type":"MultiPolygon","coordinates":[[[[73.2122,31.82884],[73.21179,31.82887],[73.2118,31.8292],[73.21223,31.82915],[73.2122,31.82884]]]]}},{"type":"Feature","properties":{"lu":"Educational Institution - Public","ct":"Existing","a":0.242},"geometry":{"type":"MultiPolygon","coordinates":[[[[73.3973,32.01883],[73.39727,32.01853],[73.39697,32.01853],[73.39698,32.01882],[73.3973,32.01883]]]]}},{"type":"Feature","properties":{"lu":"Educational Institution - Public","ct":"Existing","a":0.185},"geometry":{"type":"MultiPolygon","coordinates":[[[[73.69272,31.92251],[73.69249,31.92246],[73.69241,31.92276],[73.69264,31.9228],[73.69272,31.92251]]]]}},{"type":"Feature","properties":{"lu":"Educational Institution - Public","ct":"Existing","a":0.31},"geometry":{"type":"MultiPolygon","coordinates":[[[[73.40557,31.90613],[73.40529,31.90619],[73.40535,31.90643],[73.40575,31.9064],[73.40578,31.90614],[73.40557,31.90613]]]]}},{"type":"Feature","properties":{"lu":"Educational Institution - Public","ct":"Existing","a":0.246},"geometry":{"type":"MultiPolygon","coordinates":[[[[73.48634,31.91064],[73.48602,31.91063],[73.48603,31.9109],[73.48637,31.91094],[73.48634,31.91064]]]]}},{"type":"Feature","properties":{"lu":"Educational Institution - Public","ct":"Existing","a":1.085},"geometry":{"type":"MultiPolygon","coordinates":[[[[73.35824,31.93576],[73.35813,31.93518],[73.35744,31.93528],[73.35755,31.93587],[73.35824,31.93576]]]]}},{"type":"Feature","properties":{"lu":"Educational Institution - Public","ct":"Existing","a":0.957},"geometry":{"type":"MultiPolygon","coordinates":[[[[73.28854,32.01666],[73.28789,32.01677],[73.28803,32.01735],[73.28863,32.01722],[73.28854,32.01666]]]]}},{"type":"Feature","properties":{"lu":"Educational Institution - Public","ct":"Existing","a":0.483},"geometry":{"type":"MultiPolygon","coordinates":[[[[73.2934,32.01961],[73.2933,32.0191],[73.29299,32.01918],[73.29302,32.01969],[73.2934,32.01961]]]]}},{"type":"Feature","properties":{"lu":"Educational Institution - Public","ct":"Existing","a":0.166},"geometry":{"type":"MultiPolygon","coordinates":[[[[73.65964,32.28523],[73.6595,32.28545],[73.65973,32.28555],[73.65988,32.28536],[73.65964,32.28523]]]]}},{"type":"Feature","properties":{"lu":"Educational Institution - Public","ct":"Existing","a":0.499},"geometry":{"type":"MultiPolygon","coordinates":[[[[73.50629,32.21718],[73.50571,32.21695],[73.50553,32.21718],[73.50613,32.21746],[73.50629,32.21718]]]]}},{"type":"Feature","properties":{"lu":"Educational Institution - Public","ct":"Existing","a":0.715},"geometry":{"type":"MultiPolygon","coordinates":[[[[73.55162,32.17944],[73.55094,32.17954],[73.551,32.18005],[73.55166,32.17971],[73.55162,32.17944]]]]}},{"type":"Feature","properties":{"lu":"Educational Institution - Public","ct":"Existing","a":0.678},"geometry":{"type":"MultiPolygon","coordinates":[[[[73.45222,31.91972],[73.45265,31.91965],[73.45259,31.91932],[73.4518,31.91944],[73.45187,31.91975],[73.45222,31.91972]]]]}},{"type":"Feature","properties":{"lu":"Educational Institution - Public","ct":"Existing","a":0.666},"geometry":{"type":"MultiPolygon","coordinates":[[[[73.31956,32.05571],[73.31957,32.05577],[73.31947,32.05579],[73.3196,32.05619],[73.32011,32.05613],[73.32003,32.05566],[73.31956,32.05571]]]]}},{"type":"Feature","properties":{"lu":"Educational Institution - Public","ct":"Existing","a":0.318},"geometry":{"type":"MultiPolygon","coordinates":[[[[73.24529,31.94472],[73.24511,31.94441],[73.24477,31.94458],[73.245,31.94486],[73.24529,31.94472]]]]}},{"type":"Feature","properties":{"lu":"Educational Institution - Public","ct":"Existing","a":0.257},"geometry":{"type":"MultiPolygon","coordinates":[[[[73.74044,32.18827],[73.74061,32.18825],[73.74055,32.18795],[73.74023,32.18799],[73.74027,32.18829],[73.74044,32.18827]]]]}},{"type":"Feature","properties":{"lu":"Educational Institution - Public","ct":"Existing","a":0.282},"geometry":{"type":"MultiPolygon","coordinates":[[[[73.58067,32.01853],[73.58064,32.01885],[73.58099,32.01887],[73.58098,32.01855],[73.58067,32.01853]]]]}},{"type":"Feature","properties":{"lu":"Educational Institution - Public","ct":"Existing","a":0.228},"geometry":{"type":"MultiPolygon","coordinates":[[[[73.50536,31.92021],[73.50527,31.91991],[73.505,31.91996],[73.5051,31.92028],[73.50536,31.92021]]]]}},{"type":"Feature","properties":{"lu":"Educational Institution - Public","ct":"Existing","a":1.383},"geometry":{"type":"MultiPolygon","coordinates":[[[[73.75484,32.1309],[73.7547,32.13127],[73.75473,32.13149],[73.75486,32.13176],[73.75525,32.13185],[73.75559,32.13116],[73.75484,32.1309]]]]}},{"type":"Feature","properties":{"lu":"Educational Institution - Public","ct":"Existing","a":1.088},"geometry":{"type":"MultiPolygon","coordinates":[[[[73.52326,31.88826],[73.52319,31.88769],[73.52246,31.88776],[73.52251,31.88831],[73.52326,31.88826]]]]}},{"type":"Feature","properties":{"lu":"Educational Institution - Public","ct":"Existing","a":0.466},"geometry":{"type":"MultiPolygon","coordinates":[[[[73.78892,32.0179],[73.78873,32.01741],[73.78839,32.01751],[73.78864,32.01803],[73.78892,32.0179]]]]}},{"type":"Feature","properties":{"lu":"Educational Institution - Public","ct":"Existing","a":0.292},"geometry":{"type":"MultiPolygon","coordinates":[[[[73.20205,31.89318],[73.20179,31.893],[73.20155,31.89334],[73.2019,31.89341],[73.20205,31.89318]]]]}},{"type":"Feature","properties":{"lu":"Educational Institution - Public","ct":"Existing","a":0.616},"geometry":{"type":"MultiPolygon","coordinates":[[[[73.29974,32.0828],[73.29949,32.08266],[73.29927,32.0829],[73.29982,32.08328],[73.30009,32.083],[73.29974,32.0828]]]]}},{"type":"Feature","properties":{"lu":"Educational Institution - Public","ct":"Existing","a":0.201},"geometry":{"type":"MultiPolygon","coordinates":[[[[73.50633,32.18705],[73.50624,32.18687],[73.50585,32.18698],[73.50599,32.18716],[73.50633,32.18705]]]]}},{"type":"Feature","properties":{"lu":"Educational Institution - Public","ct":"Existing","a":0.189},"geometry":{"type":"MultiPolygon","coordinates":[[[[73.64199,31.89967],[73.64196,31.89944],[73.64162,31.8995],[73.64167,31.8997],[73.64199,31.89967]]]]}},{"type":"Feature","properties":{"lu":"Educational Institution - Public","ct":"Existing","a":0.981},"geometry":{"type":"MultiPolygon","coordinates":[[[[73.31647,31.90281],[73.31579,31.90275],[73.31575,31.90327],[73.3164,31.90336],[73.31649,31.90308],[73.31647,31.90281]]]]}},{"type":"Feature","properties":{"lu":"Educational Institution - Public","ct":"Existing","a":0.378},"geometry":{"type":"MultiPolygon","coordinates":[[[[73.54779,31.89713],[73.54788,31.89741],[73.54834,31.8974],[73.5483,31.89709],[73.54779,31.89713]]]]}},{"type":"Feature","properties":{"lu":"Educational Institution - Public","ct":"Existing","a":0.242},"geometry":{"type":"MultiPolygon","coordinates":[[[[73.4382,31.87049],[73.43825,31.87016],[73.43795,31.87017],[73.43794,31.87051],[73.4382,31.87049]]]]}},{"type":"Feature","properties":{"lu":"Educational Institution - Public","ct":"Existing","a":0.249},"geometry":{"type":"MultiPolygon","coordinates":[[[[73.41048,32.011],[73.41017,32.01106],[73.41021,32.01124],[73.41051,32.01118],[73.41061,32.01142],[73.41072,32.0114],[73.41066,32.01115],[73.41053,32.01116],[73.41048,32.011]]]]}},{"type":"Feature","properties":{"lu":"Educational Institution - Public","ct":"Existing","a":0.596},"geometry":{"type":"MultiPolygon","coordinates":[[[[73.63633,31.96954],[73.63676,31.9701],[73.63703,31.96993],[73.63667,31.9694],[73.63633,31.96954]]]]}},{"type":"Feature","properties":{"lu":"Educational Institution - Public","ct":"Existing","a":0.667},"geometry":{"type":"MultiPolygon","coordinates":[[[[73.41202,32.12202],[73.41142,32.12206],[73.41143,32.12234],[73.41225,32.12235],[73.41225,32.12203],[73.41202,32.12202]]]]}},{"type":"Feature","properties":{"lu":"Educational Institution - Public","ct":"Existing","a":0.215},"geometry":{"type":"MultiPolygon","coordinates":[[[[73.54877,31.92447],[73.54877,31.92415],[73.54855,31.92416],[73.54855,31.92459],[73.54877,31.92447]]]]}},{"type":"Feature","properties":{"lu":"Educational Institution - Public","ct":"Existing","a":0.267},"geometry":{"type":"MultiPolygon","coordinates":[[[[73.45506,31.86602],[73.45497,31.86574],[73.45466,31.86581],[73.45474,31.86609],[73.45506,31.86602]]]]}},{"type":"Feature","properties":{"lu":"Educational Institution - Public","ct":"Existing","a":0.251},"geometry":{"type":"MultiPolygon","coordinates":[[[[73.45757,31.8553],[73.45782,31.85554],[73.45803,31.85541],[73.45788,31.85516],[73.45757,31.8553]]]]}},{"type":"Feature","properties":{"lu":"Educational Institution - Public","ct":"Existing","a":0.6},"geometry":{"type":"MultiPolygon","coordinates":[[[[73.53039,31.93961],[73.53003,31.93963],[73.53007,31.94023],[73.53041,31.94038],[73.53039,31.93961]]]]}},{"type":"Feature","properties":{"lu":"Educational Institution - Public","ct":"Existing","a":0.383},"geometry":{"type":"MultiPolygon","coordinates":[[[[73.36547,31.95974],[73.36514,31.95979],[73.36519,31.96016],[73.36558,31.9601],[73.36547,31.95974]]]]}},{"type":"Feature","properties":{"lu":"Educational Institution - Public","ct":"Existing","a":0.717},"geometry":{"type":"MultiPolygon","coordinates":[[[[73.38636,31.85918],[73.38566,31.85923],[73.38568,31.8595],[73.38657,31.85951],[73.38659,31.8592],[73.38636,31.85918]]]]}},{"type":"Feature","properties":{"lu":"Educational Institution - Public","ct":"Existing","a":0.238},"geometry":{"type":"MultiPolygon","coordinates":[[[[73.39038,31.90294],[73.39037,31.90264],[73.39004,31.9027],[73.39011,31.90299],[73.39038,31.90294]]]]}},{"type":"Feature","properties":{"lu":"Educational Institution - Public","ct":"Existing","a":0.262},"geometry":{"type":"MultiPolygon","coordinates":[[[[73.56615,31.99112],[73.56649,31.99114],[73.56652,31.99085],[73.5662,31.99082],[73.56615,31.99112]]]]}},{"type":"Feature","properties":{"lu":"Educational Institution - Public","ct":"Existing","a":0.224},"geometry":{"type":"MultiPolygon","coordinates":[[[[73.50797,32.03488],[73.50797,32.03518],[73.50828,32.03515],[73.50822,32.03484],[73.50797,32.03488]]]]}},{"type":"Feature","properties":{"lu":"Educational Institution - Public","ct":"Existing","a":0.518},"geometry":{"type":"MultiPolygon","coordinates":[[[[73.44309,32.17775],[73.44258,32.17746],[73.44237,32.17774],[73.44289,32.17802],[73.44309,32.17775]]]]}},{"type":"Feature","properties":{"lu":"Educational Institution - Public","ct":"Existing","a":0.161},"geometry":{"type":"MultiPolygon","coordinates":[[[[73.22857,31.82469],[73.22856,31.82451],[73.22832,31.82451],[73.22833,31.82477],[73.22856,31.82477],[73.22857,31.82469]]]]}},{"type":"Feature","properties":{"lu":"Educational Institution - Public","ct":"Existing","a":0.246},"geometry":{"type":"MultiPolygon","coordinates":[[[[73.43498,32.15086],[73.43468,32.1507],[73.43451,32.1509],[73.43482,32.15108],[73.43498,32.15086]]]]}},{"type":"Feature","properties":{"lu":"Educational Institution - Public","ct":"Existing","a":0.224},"geometry":{"type":"MultiPolygon","coordinates":[[[[73.45929,31.94275],[73.45932,31.94297],[73.45957,31.94291],[73.45953,31.94259],[73.45926,31.94264],[73.45929,31.94275]]]]}},{"type":"Feature","properties":{"lu":"Educational Institution - Public","ct":"Existing","a":0.501},"geometry":{"type":"MultiPolygon","coordinates":[[[[73.74072,31.92928],[73.74068,31.92901],[73.73999,31.92912],[73.74007,31.92941],[73.74072,31.92928]]]]}},{"type":"Feature","properties":{"lu":"Educational Institution - Public","ct":"Existing","a":0.144},"geometry":{"type":"MultiPolygon","coordinates":[[[[73.58987,32.16629],[73.58974,32.16611],[73.58953,32.1662],[73.58963,32.16641],[73.58987,32.16629]]]]}},{"type":"Feature","properties":{"lu":"Educational Institution - Public","ct":"Existing","a":0.512},"geometry":{"type":"MultiPolygon","coordinates":[[[[73.79203,32.04651],[73.79146,32.04674],[73.79147,32.04699],[73.79202,32.04697],[73.79203,32.04651]]]]}},{"type":"Feature","properties":{"lu":"Educational Institution - Public","ct":"Existing","a":0.235},"geometry":{"type":"MultiPolygon","coordinates":[[[[73.33364,31.82379],[73.33358,31.82358],[73.33318,31.82368],[73.33325,31.8239],[73.33364,31.82379]]]]}},{"type":"Feature","properties":{"lu":"Educational Institution - Public","ct":"Existing","a":0.675},"geometry":{"type":"MultiPolygon","coordinates":[[[[73.70448,32.2496],[73.7044,32.24919],[73.70376,32.24924],[73.70382,32.24962],[73.70448,32.2496]]]]}},{"type":"Feature","properties":{"lu":"Educational Institution - Public","ct":"Existing","a":0.273},"geometry":{"type":"MultiPolygon","coordinates":[[[[73.34195,31.99979],[73.34189,31.99952],[73.34151,31.99956],[73.34156,31.99983],[73.34195,31.99979]]]]}},{"type":"Feature","properties":{"lu":"Educational Institution - Public","ct":"Existing","a":0.33},"geometry":{"type":"MultiPolygon","coordinates":[[[[73.47763,32.00466],[73.47734,32.0046],[73.47735,32.00508],[73.47763,32.00508],[73.47763,32.00466]]]]}},{"type":"Feature","properties":{"lu":"Educational Institution - Public","ct":"Existing","a":0.249},"geometry":{"type":"MultiPolygon","coordinates":[[[[73.61362,31.88164],[73.6133,31.88158],[73.61324,31.88187],[73.61358,31.88191],[73.61362,31.88164]]]]}},{"type":"Feature","properties":{"lu":"Educational Institution - Public","ct":"Existing","a":0.476},"geometry":{"type":"MultiPolygon","coordinates":[[[[73.54529,31.97882],[73.54496,31.97882],[73.54495,31.97937],[73.54528,31.97937],[73.54529,31.97882]]]]}},{"type":"Feature","properties":{"lu":"Educational Institution - Public","ct":"Existing","a":0.518},"geometry":{"type":"MultiPolygon","coordinates":[[[[73.37894,32.08443],[73.37893,32.08416],[73.3786,32.08418],[73.37861,32.08476],[73.37901,32.08472],[73.37894,32.08443]]]]}},{"type":"Feature","properties":{"lu":"Educational Institution - Public","ct":"Existing","a":0.294},"geometry":{"type":"MultiPolygon","coordinates":[[[[73.35186,31.95331],[73.35183,31.953],[73.35147,31.95304],[73.35151,31.95336],[73.35186,31.95331]]]]}},{"type":"Feature","properties":{"lu":"Educational Institution - Public","ct":"Existing","a":0.317},"geometry":{"type":"MultiPolygon","coordinates":[[[[73.63864,31.92235],[73.63818,31.92228],[73.63814,31.92255],[73.63861,31.92259],[73.63864,31.92235]]]]}},{"type":"Feature","properties":{"lu":"Educational Institution - Public","ct":"Existing","a":1.321},"geometry":{"type":"MultiPolygon","coordinates":[[[[73.38246,31.84171],[73.38172,31.84168],[73.38171,31.84238],[73.38244,31.8424],[73.38246,31.84171]]]]}},{"type":"Feature","properties":{"lu":"Educational Institution - Public","ct":"Existing","a":0.275},"geometry":{"type":"MultiPolygon","coordinates":[[[[73.22865,31.80844],[73.22865,31.80811],[73.22827,31.80815],[73.22831,31.80841],[73.22865,31.80844]]]]}},{"type":"Feature","properties":{"lu":"Educational Institution - Public","ct":"Existing","a":0.38},"geometry":{"type":"MultiPolygon","coordinates":[[[[73.36894,31.86319],[73.36886,31.8628],[73.36848,31.86288],[73.36861,31.86327],[73.36894,31.86319]]]]}},{"type":"Feature","properties":{"lu":"Educational Institution - Public","ct":"Existing","a":0.233},"geometry":{"type":"MultiPolygon","coordinates":[[[[73.67173,31.99601],[73.67134,31.99598],[73.67125,31.9962],[73.67171,31.99622],[73.67173,31.99601]]]]}},{"type":"Feature","properties":{"lu":"Educational Institution - Public","ct":"Existing","a":0.282},"geometry":{"type":"MultiPolygon","coordinates":[[[[73.80878,32.03361],[73.80863,32.03333],[73.80831,32.03344],[73.80844,32.03372],[73.80878,32.03361]]]]}},{"type":"Feature","properties":{"lu":"Educational Institution - Private","ct":"Existing","a":0.643},"geometry":{"type":"MultiPolygon","coordinates":[[[[73.29921,31.94287],[73.29911,31.94255],[73.29841,31.94261],[73.29841,31.94294],[73.29921,31.94287]]]]}},{"type":"Feature","properties":{"lu":"Educational Institution - Public","ct":"Existing","a":0.497},"geometry":{"type":"MultiPolygon","coordinates":[[[[73.72934,31.99866],[73.72935,31.99852],[73.72912,31.99851],[73.72877,31.99904],[73.72916,31.99909],[73.72934,31.99866]]]]}},{"type":"Feature","properties":{"lu":"Religious Building","ct":"Existing","a":0.079},"geometry":{"type":"MultiPolygon","coordinates":[[[[73.28223,31.92905],[73.28215,31.92889],[73.282,31.92891],[73.28203,31.92908],[73.28223,31.92905]]]]}},{"type":"Feature","properties":{"lu":"Religious Building","ct":"Existing","a":0.188},"geometry":{"type":"MultiPolygon","coordinates":[[[[73.58248,31.98364],[73.58226,31.9837],[73.58229,31.98399],[73.58255,31.98393],[73.58248,31.98364]]]]}},{"type":"Feature","properties":{"lu":"Public Building and Govt Office","ct":"Existing","a":0.398},"geometry":{"type":"MultiPolygon","coordinates":[[[[73.26465,31.77104],[73.2651,31.77106],[73.26512,31.77071],[73.26468,31.77071],[73.26465,31.77104]]]]}},{"type":"Feature","properties":{"lu":"Religious Building","ct":"Existing","a":0.585},"geometry":{"type":"MultiPolygon","coordinates":[[[[73.26953,31.7701],[73.26879,31.77006],[73.26878,31.77042],[73.26932,31.77044],[73.26953,31.7701]]]]}},{"type":"Feature","properties":{"lu":"Graveyard","ct":"Existing","a":5.976},"geometry":{"type":"MultiPolygon","coordinates":[[[[73.51794,32.15698],[73.51705,32.15718],[73.51769,32.15894],[73.51766,32.15908],[73.51882,32.15876],[73.5186,32.15783],[73.51838,32.15741],[73.51794,32.15698]]]]}},{"type":"Feature","properties":{"lu":"Graveyard","ct":"Existing","a":0.515},"geometry":{"type":"MultiPolygon","coordinates":[[[[73.25384,31.88819],[73.25378,31.88806],[73.25319,31.88793],[73.25313,31.88808],[73.2532,31.88839],[73.25384,31.88819]]]]}},{"type":"Feature","properties":{"lu":"Graveyard","ct":"Existing","a":6.583},"geometry":{"type":"MultiPolygon","coordinates":[[[[73.36425,32.06112],[73.36395,32.06056],[73.36353,32.06048],[73.36324,32.06015],[73.36238,32.05989],[73.36184,32.06062],[73.36259,32.0609],[73.36301,32.06092],[73.363,32.06122],[73.36465,32.06226],[73.36484,32.06181],[73.36446,32.0616],[73.36425,32.06112]]]]}},{"type":"Feature","properties":{"lu":"Graveyard","ct":"Existing","a":3.108},"geometry":{"type":"MultiPolygon","coordinates":[[[[73.36544,32.05932],[73.3646,32.05861],[73.36431,32.05874],[73.36404,32.05902],[73.36441,32.05931],[73.36544,32.05932]]],[[[73.36463,32.05948],[73.3648,32.05961],[73.36504,32.06],[73.36507,32.06051],[73.36498,32.06077],[73.36507,32.06102],[73.36524,32.06113],[73.36548,32.05949],[73.36463,32.05948]]]]}},{"type":"Feature","properties":{"lu":"Religious Building","ct":"Existing","a":1.019},"geometry":{"type":"MultiPolygon","coordinates":[[[[73.38046,31.84223],[73.38019,31.84224],[73.37987,31.84236],[73.37979,31.84251],[73.37984,31.84288],[73.38048,31.84287],[73.38046,31.84223]]]]}},{"type":"Feature","properties":{"lu":"Graveyard","ct":"Existing","a":21.743},"geometry":{"type":"MultiPolygon","coordinates":[[[[73.34533,32.0493],[73.34431,32.04713],[73.3425,32.04718],[73.34224,32.04657],[73.34156,32.04666],[73.34178,32.04725],[73.34162,32.04731],[73.34181,32.04794],[73.34147,32.04837],[73.34221,32.05003],[73.34533,32.0493]]]]}},{"type":"Feature","properties":{"lu":"Graveyard","ct":"Existing","a":5.521},"geometry":{"type":"MultiPolygon","coordinates":[[[[73.38925,32.08844],[73.38733,32.08841],[73.38735,32.08939],[73.38836,32.08934],[73.38934,32.08943],[73.38976,32.08935],[73.38972,32.08877],[73.38928,32.08874],[73.38925,32.08844]]]]}},{"type":"Feature","properties":{"lu":"Graveyard","ct":"Existing","a":5.175},"geometry":{"type":"MultiPolygon","coordinates":[[[[73.45195,32.17014],[73.45139,32.16962],[73.45121,32.17122],[73.4518,32.17286],[73.45253,32.17269],[73.45272,32.17244],[73.4516,32.1709],[73.45195,32.17014]]]]}},{"type":"Feature","properties":{"lu":"Graveyard","ct":"Existing","a":1.103},"geometry":{"type":"MultiPolygon","coordinates":[[[[73.71822,32.06355],[73.71819,32.06338],[73.71804,32.06333],[73.71755,32.0634],[73.71728,32.06349],[73.71724,32.0638],[73.71793,32.06396],[73.71822,32.06355]]]]}},{"type":"Feature","properties":{"lu":"Educational Institution - Public","ct":"Existing","a":0.608},"geometry":{"type":"MultiPolygon","coordinates":[[[[73.71809,32.06154],[73.71768,32.06171],[73.71778,32.06195],[73.71829,32.06191],[73.71828,32.0617],[73.71858,32.06165],[73.71854,32.06151],[73.71809,32.06154]]]]}},{"type":"Feature","properties":{"lu":"Graveyard","ct":"Existing","a":0.001},"geometry":{"type":"MultiPolygon","coordinates":[[[[73.71819,32.06341],[73.71821,32.06348],[73.7182,32.06343],[73.71819,32.06341]]]]}},{"type":"Feature","properties":{"lu":"Waste Water Treatment Plant","ct":"Proposed","a":104.667,"nm":"Proposed Treatment Plant 1"},"geometry":{"type":"MultiPolygon","coordinates":[[[[73.6883,32.04072],[73.68759,32.03995],[73.68739,32.0397],[73.68745,32.03966],[73.6874,32.03959],[73.68733,32.03961],[73.68724,32.0395],[73.68344,32.03959],[73.68479,32.04681],[73.69244,32.04566],[73.6883,32.04072]]]]}},{"type":"Feature","properties":{"lu":"Religious Building","ct":"Existing","a":0.309},"geometry":{"type":"MultiPolygon","coordinates":[[[[73.74546,32.07578],[73.74514,32.07578],[73.74517,32.07617],[73.74544,32.07617],[73.74546,32.07578]]]]}},{"type":"Feature","properties":{"lu":"Religious Building","ct":"Existing","a":0.241},"geometry":{"type":"MultiPolygon","coordinates":[[[[73.74685,32.07661],[73.74654,32.0766],[73.74655,32.07688],[73.74684,32.07695],[73.74685,32.07661]]]]}},{"type":"Feature","properties":{"lu":"Graveyard","ct":"Existing","a":3.484},"geometry":{"type":"MultiPolygon","coordinates":[[[[73.74232,32.0769],[73.74257,32.07691],[73.7426,32.07668],[73.74255,32.0766],[73.7424,32.07659],[73.7424,32.07631],[73.7423,32.0761],[73.74117,32.07619],[73.74113,32.0767],[73.7405,32.07667],[73.74049,32.07694],[73.74187,32.07713],[73.74191,32.07688],[73.74211,32.07689],[73.74208,32.07715],[73.74229,32.07718],[73.74232,32.0769]]]]}},{"type":"Feature","properties":{"lu":"Educational Institution - Public","ct":"Existing","a":2.116},"geometry":{"type":"MultiPolygon","coordinates":[[[[73.7423,32.0761],[73.74223,32.07584],[73.74231,32.07583],[73.74233,32.07574],[73.74053,32.07567],[73.74052,32.07617],[73.74179,32.07618],[73.7423,32.0761]]]]}},{"type":"Feature","properties":{"lu":"Religious Building","ct":"Existing","a":0.04},"geometry":{"type":"MultiPolygon","coordinates":[[[[73.70777,32.0426],[73.70775,32.04248],[73.70762,32.04251],[73.70764,32.04261],[73.70777,32.0426]]]]}},{"type":"Feature","properties":{"lu":"Religious Building","ct":"Existing","a":0.062},"geometry":{"type":"MultiPolygon","coordinates":[[[[73.70801,32.04251],[73.70799,32.04238],[73.7078,32.04243],[73.70786,32.04256],[73.70801,32.04251]]]]}},{"type":"Feature","properties":{"lu":"Health Institution - Public","ct":"Existing","a":0.283},"geometry":{"type":"MultiPolygon","coordinates":[[[[73.70917,32.04331],[73.70888,32.04297],[73.70868,32.04304],[73.70892,32.04344],[73.70917,32.04331]]]]}},{"type":"Feature","properties":{"lu":"Religious Building","ct":"Existing","a":0.042},"geometry":{"type":"MultiPolygon","coordinates":[[[[73.70225,32.03558],[73.70216,32.03549],[73.70204,32.0355],[73.70205,32.0356],[73.70225,32.03558]]]]}},{"type":"Feature","properties":{"lu":"Religious Building","ct":"Existing","a":0.086},"geometry":{"type":"MultiPolygon","coordinates":[[[[73.72935,32.07544],[73.72905,32.0754],[73.72918,32.07552],[73.72951,32.07556],[73.72935,32.07544]]]]}},{"type":"Feature","properties":{"lu":"Public Building and Govt Office","ct":"Existing","a":11.86,"nm":"Grid Station"},"geometry":{"type":"MultiPolygon","coordinates":[[[[73.74034,32.07885],[73.74039,32.07712],[73.73765,32.07677],[73.73763,32.07739],[73.73801,32.0774],[73.73796,32.07867],[73.73817,32.07866],[73.73818,32.07883],[73.73901,32.07884],[73.739,32.07871],[73.73928,32.07873],[73.73928,32.07884],[73.74034,32.07885]]]]}},{"type":"Feature","properties":{"lu":"Religious Building","ct":"Existing","a":0.057},"geometry":{"type":"MultiPolygon","coordinates":[[[[73.74521,32.0768],[73.74522,32.07693],[73.74537,32.07694],[73.74538,32.0768],[73.74521,32.0768]]]]}},{"type":"Feature","properties":{"lu":"Public Building and Govt Office","ct":"Existing","a":0.475,"nm":"UC Office"},"geometry":{"type":"MultiPolygon","coordinates":[[[[73.74785,32.07787],[73.7477,32.0776],[73.74735,32.07758],[73.74726,32.07791],[73.74781,32.07804],[73.74785,32.07787]]]]}},{"type":"Feature","properties":{"lu":"Religious Building","ct":"Existing","a":0.105},"geometry":{"type":"MultiPolygon","coordinates":[[[[73.7013,32.04039],[73.70128,32.04028],[73.70098,32.04029],[73.70098,32.04045],[73.7013,32.04039]]]]}},{"type":"Feature","properties":{"lu":"Graveyard","ct":"Existing","a":8.592},"geometry":{"type":"MultiPolygon","coordinates":[[[[73.7097,32.03348],[73.70952,32.032],[73.70931,32.03158],[73.70859,32.03158],[73.70858,32.03178],[73.70839,32.03186],[73.70802,32.03179],[73.70725,32.03293],[73.70739,32.03314],[73.70805,32.03315],[73.7083,32.03341],[73.70865,32.03356],[73.7097,32.03348]]]]}},{"type":"Feature","properties":{"lu":"Disposal Site","ct":"Existing","a":0.625,"nm":"Disposal Station"},"geometry":{"type":"MultiPolygon","coordinates":[[[[73.69713,32.04809],[73.69653,32.04741],[73.69637,32.04754],[73.69637,32.04768],[73.69689,32.04825],[73.69713,32.04809]]]]}},{"type":"Feature","properties":{"lu":"Public Building and Govt Office","ct":"Existing","a":0.003,"nm":"Police Line Hafizabad"},"geometry":{"type":"MultiPolygon","coordinates":[[[[73.66706,32.08712],[73.66705,32.08714],[73.66717,32.08745],[73.66759,32.08866],[73.66706,32.08712]]]]}},{"type":"Feature","properties":{"lu":"Religious Building","ct":"Existing","a":0.035},"geometry":{"type":"MultiPolygon","coordinates":[[[[73.64662,32.05299],[73.64653,32.05299],[73.64654,32.05313],[73.64663,32.05313],[73.64662,32.05299]]]]}},{"type":"Feature","properties":{"lu":"Religious Building","ct":"Existing","a":0.048},"geometry":{"type":"MultiPolygon","coordinates":[[[[73.64835,32.05233],[73.64813,32.05236],[73.64816,32.05244],[73.64835,32.05245],[73.64835,32.05233]]]]}},{"type":"Feature","properties":{"lu":"Educational Institution - Public","ct":"Existing","a":0.895},"geometry":{"type":"MultiPolygon","coordinates":[[[[73.66563,32.10449],[73.66483,32.10413],[73.66462,32.10447],[73.66536,32.10482],[73.66563,32.10449]]]]}},{"type":"Feature","properties":{"lu":"Graveyard","ct":"Existing","a":1.176},"geometry":{"type":"MultiPolygon","coordinates":[[[[73.7398,32.07543],[73.73979,32.075],[73.73893,32.075],[73.73892,32.07524],[73.73909,32.07526],[73.7391,32.07557],[73.7398,32.0756],[73.7398,32.07543]]]]}},{"type":"Feature","properties":{"lu":"Educational Institution - Public","ct":"Existing","a":0.866},"geometry":{"type":"MultiPolygon","coordinates":[[[[73.64886,32.06819],[73.6482,32.06823],[73.64824,32.06872],[73.64892,32.0687],[73.64886,32.06819]]]]}},{"type":"Feature","properties":{"lu":"Religious Building","ct":"Existing","a":0.025},"geometry":{"type":"MultiPolygon","coordinates":[[[[73.65115,32.06889],[73.65113,32.06879],[73.65105,32.06879],[73.65105,32.0689],[73.65115,32.06889]]]]}},{"type":"Feature","properties":{"lu":"Religious Building","ct":"Existing","a":0.0},"geometry":{"type":"MultiPolygon","coordinates":[[[[73.67691,32.07471],[73.67689,32.07473],[73.6769,32.07473],[73.67691,32.07471]]]]}},{"type":"Feature","properties":{"lu":"Graveyard","ct":"Existing","a":4.633},"geometry":{"type":"MultiPolygon","coordinates":[[[[73.66587,32.09933],[73.66549,32.09932],[73.6651,32.0995],[73.66509,32.09944],[73.66441,32.09931],[73.66411,32.09971],[73.66411,32.09983],[73.66488,32.10012],[73.66473,32.10063],[73.66512,32.10079],[73.66542,32.10065],[73.66587,32.10057],[73.66595,32.10063],[73.66618,32.10029],[73.66601,32.10026],[73.66589,32.0999],[73.66592,32.09973],[73.66582,32.09979],[73.66567,32.09971],[73.66567,32.0996],[73.66587,32.09933]]]]}},{"type":"Feature","properties":{"lu":"Educational Institution - Public","ct":"Existing","a":0.734,"nm":"GHS Qila Ram Kour"},"geometry":{"type":"MultiPolygon","coordinates":[[[[73.66536,32.10482],[73.66462,32.10447],[73.66446,32.10479],[73.66513,32.10512],[73.66536,32.10482]]]]}},{"type":"Feature","properties":{"lu":"Religious Building","ct":"Existing","a":0.06},"geometry":{"type":"MultiPolygon","coordinates":[[[[73.66627,32.10373],[73.66609,32.10365],[73.66604,32.10373],[73.66619,32.10383],[73.66627,32.10373]]]]}},{"type":"Feature","properties":{"lu":"Religious Building","ct":"Existing","a":0.051},"geometry":{"type":"MultiPolygon","coordinates":[[[[73.66837,32.10173],[73.66829,32.10186],[73.66841,32.10192],[73.66848,32.10177],[73.66837,32.10173]]]]}},{"type":"Feature","properties":{"lu":"Religious Building","ct":"Existing","a":0.08},"geometry":{"type":"MultiPolygon","coordinates":[[[[73.73389,32.08917],[73.73372,32.08913],[73.73372,32.08934],[73.73388,32.08934],[73.73389,32.08917]]]]}},{"type":"Feature","properties":{"lu":"Religious Building","ct":"Existing","a":0.066},"geometry":{"type":"MultiPolygon","coordinates":[[[[73.73371,32.08775],[73.73359,32.08776],[73.73354,32.08793],[73.73367,32.08796],[73.73371,32.08775]]]]}},{"type":"Feature","properties":{"lu":"Religious Building","ct":"Existing","a":0.028},"geometry":{"type":"MultiPolygon","coordinates":[[[[73.73212,32.08784],[73.73214,32.08777],[73.73206,32.08774],[73.73202,32.08788],[73.73212,32.08784]]]]}},{"type":"Feature","properties":{"lu":"Religious Building","ct":"Existing","a":0.065},"geometry":{"type":"MultiPolygon","coordinates":[[[[73.73119,32.08862],[73.73134,32.08864],[73.73137,32.08847],[73.73121,32.08846],[73.73119,32.08862]]]]}},{"type":"Feature","properties":{"lu":"Educational Institution - Public","ct":"Existing","a":0.041},"geometry":{"type":"MultiPolygon","coordinates":[[[[73.73215,32.08862],[73.73205,32.08859],[73.73199,32.08872],[73.7321,32.08875],[73.73215,32.08862]]]]}},{"type":"Feature","properties":{"lu":"Graveyard","ct":"Existing","a":2.218},"geometry":{"type":"MultiPolygon","coordinates":[[[[73.73014,32.08809],[73.72993,32.08793],[73.72994,32.08778],[73.7288,32.08753],[73.72862,32.08814],[73.73008,32.08846],[73.73014,32.08809]]]]}},{"type":"Feature","properties":{"lu":"Health Institution - Private","ct":"Existing","a":0.021},"geometry":{"type":"MultiPolygon","coordinates":[[[[73.73485,32.07832],[73.73474,32.07833],[73.73474,32.07841],[73.73484,32.0784],[73.73485,32.07832]]]]}},{"type":"Feature","properties":{"lu":"Public Building and Govt Office","ct":"Existing","a":0.643,"nm":"Slaughter House"},"geometry":{"type":"MultiPolygon","coordinates":[[[[73.65905,32.07234],[73.65924,32.07228],[73.65908,32.0719],[73.65845,32.07213],[73.65869,32.07243],[73.65905,32.07234]]]]}},{"type":"Feature","properties":{"lu":"Educational Institution - Public","ct":"Existing","a":0.327},"geometry":{"type":"MultiPolygon","coordinates":[[[[73.65962,32.08387],[73.65933,32.084],[73.65951,32.08433],[73.65983,32.08418],[73.65962,32.08387]]]]}},{"type":"Feature","properties":{"lu":"Religious Building","ct":"Existing","a":0.108},"geometry":{"type":"MultiPolygon","coordinates":[[[[73.66003,32.08408],[73.65987,32.08388],[73.65973,32.08397],[73.65987,32.08416],[73.66003,32.08408]]]]}},{"type":"Feature","properties":{"lu":"Educational Institution - Public","ct":"Existing","a":0.421},"geometry":{"type":"MultiPolygon","coordinates":[[[[73.65912,32.08258],[73.65884,32.08216],[73.65854,32.08233],[73.65885,32.08274],[73.65912,32.08258]]]]}},{"type":"Feature","properties":{"lu":"Graveyard","ct":"Existing","a":1.283},"geometry":{"type":"MultiPolygon","coordinates":[[[[73.65795,32.08506],[73.65755,32.08443],[73.65693,32.08476],[73.65738,32.08535],[73.65795,32.08506]]]]}},{"type":"Feature","properties":{"lu":"Public Building and Govt Office","ct":"Existing","a":6.268,"nm":"Irrigation Department"},"geometry":{"type":"MultiPolygon","coordinates":[[[[73.66345,32.1073],[73.66269,32.10828],[73.66296,32.10853],[73.66485,32.10855],[73.66355,32.10716],[73.66345,32.1073]]],[[[73.66501,32.10872],[73.66313,32.1087],[73.66374,32.10927],[73.66422,32.10883],[73.66457,32.10931],[73.66495,32.10907],[73.66548,32.1095],[73.66563,32.10935],[73.66501,32.10872]]]]}},{"type":"Feature","properties":{"lu":"Educational Institution - Private","ct":"Existing","a":0.008,"nm":"Beacon House"},"geometry":{"type":"MultiPolygon","coordinates":[[[[73.68465,32.05266],[73.68467,32.05278],[73.68468,32.0529],[73.68476,32.05323],[73.68474,32.05314],[73.68465,32.05266]]]]}},{"type":"Feature","properties":{"lu":"Educational Institution - Private","ct":"Existing","a":1.177,"nm":"Dare Arqam"},"geometry":{"type":"MultiPolygon","coordinates":[[[[73.6692,32.09389],[73.66886,32.09308],[73.66861,32.09355],[73.66847,32.0935],[73.66816,32.09406],[73.66849,32.09419],[73.66873,32.09376],[73.66901,32.09392],[73.6692,32.09389]]]]}},{"type":"Feature","properties":{"lu":"Religious Building","ct":"Existing","a":0.162,"nm":"Janaz Gah"},"geometry":{"type":"MultiPolygon","coordinates":[[[[73.68172,32.108],[73.68147,32.108],[73.68147,32.10825],[73.68171,32.10825],[73.68172,32.108]]]]}},{"type":"Feature","properties":{"lu":"Graveyard","ct":"Existing","a":1.323},"geometry":{"type":"MultiPolygon","coordinates":[[[[73.67009,32.09077],[73.67004,32.09075],[73.66969,32.09133],[73.67043,32.09167],[73.67074,32.09115],[73.67024,32.09094],[73.67009,32.09077]]]]}},{"type":"Feature","properties":{"lu":"Public Building and Govt Office","ct":"Existing","a":15.599,"nm":"Grid Station"},"geometry":{"type":"MultiPolygon","coordinates":[[[[73.64465,32.0689],[73.64441,32.06609],[73.64227,32.06623],[73.6425,32.06901],[73.64465,32.0689]]]]}},{"type":"Feature","properties":{"lu":"Educational Institution - Public","ct":"Existing","a":0.224},"geometry":{"type":"MultiPolygon","coordinates":[[[[73.64669,32.05395],[73.64668,32.05379],[73.64616,32.05382],[73.64618,32.05398],[73.64669,32.05395]]]]}},{"type":"Feature","properties":{"lu":"Educational Institution - Public","ct":"Existing","a":0.599},"geometry":{"type":"MultiPolygon","coordinates":[[[[73.67494,32.04735],[73.67497,32.04769],[73.67564,32.04765],[73.67563,32.04732],[73.67494,32.04735]]]]}},{"type":"Feature","properties":{"lu":"Educational Institution - Public","ct":"Existing","a":0.801,"nm":"GGHS Bhoon Kalan"},"geometry":{"type":"MultiPolygon","coordinates":[[[[73.70116,32.04091],[73.70055,32.04103],[73.70062,32.04139],[73.70074,32.04152],[73.70122,32.04146],[73.70116,32.04091]]]]}},{"type":"Feature","properties":{"lu":"Educational Institution - Public","ct":"Existing","a":0.829},"geometry":{"type":"MultiPolygon","coordinates":[[[[73.70487,32.04475],[73.70424,32.04477],[73.70437,32.0453],[73.70496,32.04519],[73.70487,32.04475]]]]}},{"type":"Feature","properties":{"lu":"Educational Institution - Public","ct":"Existing","a":0.249},"geometry":{"type":"MultiPolygon","coordinates":[[[[73.68401,32.11039],[73.684,32.10999],[73.6838,32.11],[73.68376,32.11041],[73.68401,32.11039]]]]}},{"type":"Feature","properties":{"lu":"Educational Institution - Public","ct":"Existing","a":0.216},"geometry":{"type":"MultiPolygon","coordinates":[[[[73.68376,32.11041],[73.68374,32.11012],[73.68355,32.11012],[73.68355,32.11021],[73.68344,32.11015],[73.68344,32.11043],[73.68376,32.11041]]]]}},{"type":"Feature","properties":{"lu":"Health Institution - Public","ct":"Existing","a":0.824},"geometry":{"type":"MultiPolygon","coordinates":[[[[73.74117,32.07619],[73.74052,32.07617],[73.7405,32.07667],[73.74113,32.0767],[73.74117,32.07619]]]]}},{"type":"Feature","properties":{"lu":"Educational Institution - Public","ct":"Existing","a":0.11},"geometry":{"type":"MultiPolygon","coordinates":[[[[73.73193,32.08874],[73.73185,32.08896],[73.73204,32.089],[73.73211,32.08879],[73.73193,32.08874]]]]}},{"type":"Feature","properties":{"lu":"Graveyard","ct":"Existing","a":4.05},"geometry":{"type":"MultiPolygon","coordinates":[[[[73.64407,32.06108],[73.64383,32.06021],[73.6425,32.06029],[73.64249,32.0612],[73.64416,32.06134],[73.64407,32.06108]]]]}},{"type":"Feature","properties":{"lu":"Religious Building","ct":"Existing","a":0.112},"geometry":{"type":"MultiPolygon","coordinates":[[[[73.65798,32.08478],[73.65782,32.08485],[73.65795,32.08506],[73.65811,32.08499],[73.65798,32.08478]]]]}},{"type":"Feature","properties":{"lu":"Religious Building","ct":"Existing","a":0.143},"geometry":{"type":"MultiPolygon","coordinates":[[[[73.65833,32.0847],[73.65804,32.08482],[73.65813,32.08498],[73.65842,32.08484],[73.65833,32.0847]]]]}},{"type":"Feature","properties":{"lu":"Religious Building","ct":"Existing","a":0.017},"geometry":{"type":"MultiPolygon","coordinates":[[[[73.66133,32.08341],[73.66129,32.08335],[73.66121,32.08339],[73.66125,32.08345],[73.66133,32.08341]]]]}},{"type":"Feature","properties":{"lu":"Educational Institution - Private","ct":"Existing","a":0.615,"nm":"Grammer Model School"},"geometry":{"type":"MultiPolygon","coordinates":[[[[73.70782,32.07928],[73.70791,32.07897],[73.70714,32.07903],[73.70704,32.07935],[73.70782,32.07928]]]]}},{"type":"Feature","properties":{"lu":"Educational Institution - Private","ct":"Existing","a":0.054},"geometry":{"type":"MultiPolygon","coordinates":[[[[73.74642,32.07575],[73.74629,32.07575],[73.7463,32.07592],[73.74641,32.07592],[73.74642,32.07575]]]]}},{"type":"Feature","properties":{"lu":"Public Building and Govt Office","ct":"Existing","a":0.032,"nm":"Public Health Engineering"},"geometry":{"type":"MultiPolygon","coordinates":[[[[73.69715,32.04812],[73.69713,32.04809],[73.69689,32.04825],[73.69693,32.04829],[73.69715,32.04812]]]]}},{"type":"Feature","properties":{"lu":"Religious Building","ct":"Existing","a":1.344},"geometry":{"type":"MultiPolygon","coordinates":[[[[73.72927,32.07654],[73.72973,32.07697],[73.73,32.0767],[73.73012,32.07688],[73.73052,32.07686],[73.72966,32.07601],[73.72927,32.07654]]]]}},{"type":"Feature","properties":{"lu":"Educational Institution - Public","ct":"Existing","a":20.653,"nm":"University Of Hafizabad"},"geometry":{"type":"MultiPolygon","coordinates":[[[[73.75073,32.07886],[73.75319,32.0797],[73.75381,32.07601],[73.75197,32.07565],[73.75073,32.07886]]]]}},{"type":"Feature","properties":{"lu":"Religious Building","ct":"Existing","a":0.1},"geometry":{"type":"MultiPolygon","coordinates":[[[[73.73622,32.07604],[73.73598,32.07603],[73.73598,32.07615],[73.73613,32.07615],[73.73613,32.07627],[73.73621,32.07627],[73.73622,32.07604]]]]}},{"type":"Feature","properties":{"lu":"Graveyard","ct":"Existing","a":1.282,"nm":"Graveyard Thatta Khokhraan"},"geometry":{"type":"MultiPolygon","coordinates":[[[[73.67505,32.03972],[73.67422,32.03988],[73.67435,32.04042],[73.67514,32.04036],[73.67505,32.03972]]]]}},{"type":"Feature","properties":{"lu":"Public Building and Govt Office","ct":"Existing","a":0.005,"nm":"District Jail Hafizabad"},"geometry":{"type":"MultiPolygon","coordinates":[[[[73.66588,32.08428],[73.66586,32.08429],[73.666,32.08452],[73.66597,32.08447],[73.66588,32.08428]]]]}},{"type":"Feature","properties":{"lu":"Graveyard","ct":"Existing","a":1.579},"geometry":{"type":"MultiPolygon","coordinates":[[[[73.69014,32.09339],[73.69014,32.09297],[73.68996,32.09291],[73.68995,32.09343],[73.69014,32.09339]]],[[[73.68976,32.09345],[73.68976,32.09286],[73.68952,32.09279],[73.68948,32.09324],[73.68898,32.09324],[73.68898,32.09386],[73.68949,32.09383],[73.68976,32.09345]]]]}},{"type":"Feature","properties":{"lu":"Educational Institution - Private","ct":"Existing","a":1.466},"geometry":{"type":"MultiPolygon","coordinates":[[[[73.72206,32.04052],[73.72198,32.04029],[73.72252,32.04018],[73.72249,32.03991],[73.7212,32.0401],[73.72132,32.0406],[73.72206,32.04052]]]]}},{"type":"Feature","properties":{"lu":"Educational Institution - Public","ct":"Existing","a":5.813,"nm":"GCU Sub Campus Hafizabad"},"geometry":{"type":"MultiPolygon","coordinates":[[[[73.72919,32.07335],[73.72924,32.07183],[73.72822,32.0718],[73.72824,32.07221],[73.72791,32.07223],[73.72794,32.07319],[73.72915,32.07414],[73.72919,32.07335]]]]}},{"type":"Feature","properties":{"lu":"Graveyard","ct":"Existing","a":0.963},"geometry":{"type":"MultiPolygon","coordinates":[[[[73.68147,32.108],[73.68172,32.108],[73.68164,32.10722],[73.68106,32.10727],[73.6812,32.10777],[73.68147,32.108]]]]}},{"type":"Feature","properties":{"lu":"Graveyard","ct":"Existing","a":5.388},"geometry":{"type":"MultiPolygon","coordinates":[[[[73.37232,32.0682],[73.37239,32.06782],[73.37271,32.06779],[73.37269,32.06808],[73.37286,32.06802],[73.37281,32.06775],[73.37294,32.06762],[73.37298,32.06734],[73.37291,32.06715],[73.37249,32.06708],[73.37186,32.06714],[73.37186,32.0673],[73.37161,32.06777],[73.3715,32.06777],[73.37135,32.06795],[73.37098,32.06804],[73.37086,32.06819],[73.37071,32.06825],[73.36983,32.06847],[73.37034,32.06886],[73.37232,32.0682]]]]}},{"type":"Feature","properties":{"lu":"Graveyard","ct":"Existing","a":1.038},"geometry":{"type":"MultiPolygon","coordinates":[[[[73.36569,32.06703],[73.36554,32.06672],[73.36495,32.0666],[73.36476,32.06681],[73.36466,32.0672],[73.36569,32.06703]]]]}},{"type":"Feature","properties":{"lu":"Graveyard","ct":"Existing","a":0.112},"geometry":{"type":"MultiPolygon","coordinates":[[[[73.36399,32.07964],[73.3641,32.0799],[73.36452,32.08004],[73.36399,32.07964]]]]}},{"type":"Feature","properties":{"lu":"Public Building and Govt Office","ct":"Existing","a":14.854,"nm":"GEPCO Jalalpur Bhattian"},"geometry":{"type":"MultiPolygon","coordinates":[[[[73.40688,32.06569],[73.4071,32.06514],[73.407,32.06514],[73.40707,32.0647],[73.40649,32.06462],[73.40673,32.0634],[73.40674,32.06277],[73.40589,32.06284],[73.40593,32.06323],[73.4054,32.0633],[73.40449,32.06379],[73.40429,32.06554],[73.40671,32.06575],[73.40688,32.06569]]]]}},{"type":"Feature","properties":{"lu":"Religious Building","ct":"Existing","a":0.541},"geometry":{"type":"MultiPolygon","coordinates":[[[[73.36252,32.06776],[73.36227,32.06762],[73.36196,32.06812],[73.36235,32.06832],[73.36252,32.06776]]]]}},{"type":"Feature","properties":{"lu":"Religious Building","ct":"Existing","a":0.131},"geometry":{"type":"MultiPolygon","coordinates":[[[[73.36388,32.06973],[73.36364,32.06969],[73.3636,32.0699],[73.36385,32.06992],[73.36388,32.06973]]]]}},{"type":"Feature","properties":{"lu":"Graveyard","ct":"Existing","a":2.033},"geometry":{"type":"MultiPolygon","coordinates":[[[[73.36392,32.0743],[73.36389,32.07435],[73.36367,32.07419],[73.36311,32.07487],[73.36358,32.0752],[73.36379,32.07496],[73.36411,32.07525],[73.36442,32.07505],[73.36431,32.07484],[73.36443,32.07479],[73.36392,32.0743]]]]}},{"type":"Feature","properties":{"lu":"Graveyard","ct":"Existing","a":0.434},"geometry":{"type":"MultiPolygon","coordinates":[[[[73.3697,32.06845],[73.36957,32.0686],[73.3696,32.06876],[73.36969,32.06883],[73.36994,32.0689],[73.36998,32.069],[73.37027,32.06889],[73.3697,32.06845]]]]}},{"type":"Feature","properties":{"lu":"Graveyard","ct":"Existing","a":0.671,"nm":"Peer Sarhanian Wala Graveyard"},"geometry":{"type":"MultiPolygon","coordinates":[[[[73.36996,32.06908],[73.37025,32.06936],[73.37045,32.06943],[73.37074,32.06915],[73.37071,32.06883],[73.36996,32.06908]]]]}},{"type":"Feature","properties":{"lu":"Educational Institution - Private","ct":"Existing","a":0.079},"geometry":{"type":"MultiPolygon","coordinates":[[[[73.36262,32.06984],[73.36261,32.06993],[73.36288,32.06998],[73.36288,32.06987],[73.36262,32.06984]]]]}},{"type":"Feature","properties":{"lu":"Graveyard","ct":"Existing","a":1.188},"geometry":{"type":"MultiPolygon","coordinates":[[[[73.36522,32.07982],[73.3638,32.07923],[73.36387,32.07951],[73.3646,32.08008],[73.36522,32.07982]]]]}},{"type":"Feature","properties":{"lu":"Graveyard","ct":"Existing","a":6.224},"geometry":{"type":"MultiPolygon","coordinates":[[[[73.36398,32.07796],[73.36478,32.07797],[73.36422,32.07766],[73.36398,32.07796]]],[[[73.36523,32.0795],[73.36552,32.07919],[73.36502,32.07882],[73.36538,32.0783],[73.36508,32.07814],[73.36385,32.07812],[73.36333,32.07868],[73.3636,32.07911],[73.3645,32.07942],[73.36475,32.07963],[73.36529,32.07978],[73.36548,32.07973],[73.36523,32.0795]]]]}},{"type":"Feature","properties":{"lu":"Graveyard","ct":"Existing","a":0.239},"geometry":{"type":"MultiPolygon","coordinates":[[[[73.36628,32.07305],[73.36651,32.07322],[73.36673,32.07297],[73.3665,32.07281],[73.36628,32.07305]]]]}},{"type":"Feature","properties":{"lu":"Educational Institution - Public","ct":"Existing","a":0.984},"geometry":{"type":"MultiPolygon","coordinates":[[[[73.39566,32.0699],[73.39501,32.06984],[73.39491,32.0704],[73.39557,32.07049],[73.39566,32.0699]]]]}},{"type":"Feature","properties":{"lu":"Educational Institution - Public","ct":"Existing","a":0.198},"geometry":{"type":"MultiPolygon","coordinates":[[[[73.36378,32.06872],[73.36354,32.06867],[73.36344,32.06894],[73.36372,32.069],[73.36378,32.06872]]]]}},{"type":"Feature","properties":{"lu":"Educational Institution - Public","ct":"Existing","a":0.235},"geometry":{"type":"MultiPolygon","coordinates":[[[[73.36277,32.06923],[73.36298,32.06927],[73.36307,32.06887],[73.36284,32.06883],[73.36277,32.06923]]]]}},{"type":"Feature","properties":{"lu":"Educational Institution - Public","ct":"Existing","a":0.184},"geometry":{"type":"MultiPolygon","coordinates":[[[[73.40134,32.06103],[73.40107,32.06101],[73.40103,32.06126],[73.4013,32.06129],[73.40134,32.06103]]]]}},{"type":"Feature","properties":{"lu":"Educational Institution - Public","ct":"Existing","a":5.072,"nm":"Women College"},"geometry":{"type":"MultiPolygon","coordinates":[[[[73.40168,32.05914],[73.40145,32.06079],[73.40232,32.06084],[73.40236,32.06055],[73.4029,32.06061],[73.40303,32.05968],[73.40234,32.05966],[73.4024,32.05906],[73.40168,32.05898],[73.40168,32.05914]]]]}},{"type":"Feature","properties":{"lu":"Religious Building","ct":"Existing","a":0.07},"geometry":{"type":"MultiPolygon","coordinates":[[[[73.36366,32.06958],[73.36391,32.06961],[73.36393,32.06951],[73.36369,32.06947],[73.36366,32.06958]]]]}},{"type":"Feature","properties":{"lu":"Religious Building","ct":"Existing","a":0.148},"geometry":{"type":"MultiPolygon","coordinates":[[[[73.36512,32.0684],[73.36541,32.06841],[73.36541,32.0682],[73.36515,32.06819],[73.36512,32.0684]]]]}},{"type":"Feature","properties":{"lu":"Graveyard","ct":"Existing","a":0.787,"nm":"Waan Qaberstan"},"geometry":{"type":"MultiPolygon","coordinates":[[[[73.40239,32.06358],[73.40262,32.06339],[73.40274,32.06318],[73.40175,32.06327],[73.40173,32.06355],[73.40239,32.06358]]]]}},{"type":"Feature","properties":{"lu":"Graveyard","ct":"Existing","a":4.67},"geometry":{"type":"MultiPolygon","coordinates":[[[[73.40261,32.06225],[73.40272,32.06213],[73.40335,32.06221],[73.40346,32.06158],[73.40278,32.06148],[73.40281,32.06126],[73.40143,32.06138],[73.40137,32.06133],[73.40137,32.0615],[73.40126,32.06164],[73.40127,32.06186],[73.40148,32.06208],[73.40156,32.06229],[73.40188,32.06252],[73.40216,32.06229],[73.40261,32.06225]]]]}},{"type":"Feature","properties":{"lu":"Educational Institution - Private","ct":"Existing","a":0.318,"nm":"Pak Swedish Primary School"},"geometry":{"type":"MultiPolygon","coordinates":[[[[73.40211,32.06298],[73.40209,32.06266],[73.40178,32.06265],[73.40176,32.06304],[73.40211,32.06304],[73.40211,32.06298]]]]}},{"type":"Feature","properties":{"lu":"Religious Building","ct":"Existing","a":1.643,"nm":"Markazi Eid Gah"},"geometry":{"type":"MultiPolygon","coordinates":[[[[73.37617,32.06903],[73.37618,32.06897],[73.37574,32.0691],[73.37574,32.06902],[73.37517,32.06903],[73.37513,32.06969],[73.37609,32.06971],[73.37617,32.06903]]]]}},{"type":"Feature","properties":{"lu":"Educational Institution - Private","ct":"Existing","a":0.066},"geometry":{"type":"MultiPolygon","coordinates":[[[[73.365,32.07128],[73.36493,32.07113],[73.36477,32.0712],[73.36484,32.07133],[73.365,32.07128]]]]}},{"type":"Feature","properties":{"lu":"Graveyard","ct":"Existing","a":3.385},"geometry":{"type":"MultiPolygon","coordinates":[[[[73.39242,32.06334],[73.39251,32.06264],[73.39182,32.06255],[73.39184,32.06219],[73.39101,32.06228],[73.39101,32.06265],[73.39094,32.06267],[73.39106,32.06273],[73.39106,32.06327],[73.39242,32.06334]]]]}},{"type":"Feature","properties":{"lu":"Disposal Site","ct":"Existing","a":0.548,"nm":"Disposal Station"},"geometry":{"type":"MultiPolygon","coordinates":[[[[73.3681,32.04893],[73.36758,32.04822],[73.36738,32.04837],[73.36783,32.04901],[73.3681,32.04893]]]]}},{"type":"Feature","properties":{"lu":"Religious Building","ct":"Existing","a":0.065,"nm":"Masjid E Bahar E Madina"},"geometry":{"type":"MultiPolygon","coordinates":[[[[73.36981,32.04782],[73.36979,32.04767],[73.36963,32.04772],[73.36964,32.04787],[73.36981,32.04782]]]]}},{"type":"Feature","properties":{"lu":"Graveyard","ct":"Existing","a":0.637,"nm":"Graveyard Qazian"},"geometry":{"type":"MultiPolygon","coordinates":[[[[73.37083,32.07172],[73.37057,32.07205],[73.37094,32.07227],[73.37132,32.07223],[73.37135,32.07206],[73.37083,32.07172]]]]}},{"type":"Feature","properties":{"lu":"Graveyard","ct":"Existing","a":16.541},"geometry":{"type":"MultiPolygon","coordinates":[[[[73.27826,31.84528],[73.278,31.84438],[73.27802,31.84406],[73.27794,31.84385],[73.27605,31.84417],[73.27487,31.84621],[73.27822,31.84645],[73.27841,31.84631],[73.27826,31.84528]]]]}},{"type":"Feature","properties":{"lu":"Graveyard","ct":"Existing","a":0.197},"geometry":{"type":"MultiPolygon","coordinates":[[[[73.27802,31.84406],[73.278,31.84438],[73.27826,31.84528],[73.27812,31.84433],[73.27802,31.84406]]]]}},{"type":"Feature","properties":{"lu":"Graveyard","ct":"Existing","a":0.001},"geometry":{"type":"MultiPolygon","coordinates":[[[[73.27665,31.89139],[73.27644,31.89137],[73.27634,31.89137],[73.27665,31.89139]]],[[[73.27676,31.89168],[73.27673,31.89157],[73.27672,31.89154],[73.27672,31.89151],[73.27671,31.8915],[73.27676,31.89168]]]]}},{"type":"Feature","properties":{"lu":"Educational Institution - Public","ct":"Existing","a":3.063,"nm":"Special Education Center"},"geometry":{"type":"MultiPolygon","coordinates":[[[[73.27988,31.92511],[73.27944,31.92448],[73.27782,31.92474],[73.27786,31.92534],[73.27988,31.92511]]]]}},{"type":"Feature","properties":{"lu":"Educational Institution - Private","ct":"Existing","a":0.917},"geometry":{"type":"MultiPolygon","coordinates":[[[[73.28782,31.90229],[73.28745,31.90202],[73.28685,31.90205],[73.28682,31.90241],[73.2876,31.90249],[73.28782,31.90229]]]]}},{"type":"Feature","properties":{"lu":"Public Building and Govt Office","ct":"Existing","a":39.3,"nm":"Tehsil Complex Pindi Bhattian"},"geometry":{"type":"MultiPolygon","coordinates":[[[[73.29663,31.90836],[73.29681,31.90841],[73.29592,31.90835],[73.29584,31.90828],[73.29553,31.90825],[73.29525,31.91095],[73.29526,31.91083],[73.29494,31.91081],[73.29526,31.9108],[73.29528,31.91054],[73.29414,31.91049],[73.29415,31.91042],[73.29528,31.9105],[73.29537,31.90956],[73.29508,31.90957],[73.29536,31.90954],[73.2954,31.90928],[73.29504,31.90925],[73.29503,31.90932],[73.29492,31.90932],[73.29491,31.90919],[73.2954,31.90921],[73.29545,31.90842],[73.29415,31.90835],[73.29415,31.90822],[73.29546,31.90833],[73.29552,31.90752],[73.29294,31.90727],[73.29273,31.91007],[73.292,31.91001],[73.29202,31.91053],[73.29277,31.9106],[73.2927,31.9114],[73.29478,31.91163],[73.29484,31.91101],[73.29692,31.91121],[73.29714,31.90831],[73.29663,31.90836]]]]}},{"type":"Feature","properties":{"lu":"Educational Institution - Public","ct":"Existing","a":0.15},"geometry":{"type":"MultiPolygon","coordinates":[[[[73.297,31.89319],[73.29692,31.89294],[73.29694,31.893],[73.29676,31.89304],[73.29679,31.89313],[73.29663,31.89318],[73.29667,31.89328],[73.297,31.89319]]]]}},{"type":"Feature","properties":{"lu":"Religious Building","ct":"Existing","a":1.848},"geometry":{"type":"MultiPolygon","coordinates":[[[[73.29062,31.89967],[73.28968,31.89905],[73.28922,31.89953],[73.29015,31.90012],[73.29062,31.89967]]]]}},{"type":"Feature","properties":{"lu":"Graveyard","ct":"Existing","a":0.005},"geometry":{"type":"MultiPolygon","coordinates":[[[[73.29653,31.89693],[73.29669,31.89702],[73.29631,31.8968],[73.29653,31.89693]]],[[[73.29683,31.89709],[73.29696,31.89715],[73.29669,31.89702],[73.29683,31.89709]]]]}},{"type":"Feature","properties":{"lu":"Graveyard","ct":"Existing","a":0.001},"geometry":{"type":"MultiPolygon","coordinates":[[[[73.297831,31.896882],[73.297818,31.896969],[73.297823,31.896968],[73.297831,31.896882]]]]}},{"type":"Feature","properties":{"lu":"Educational Institution - Public","ct":"Existing","a":18.066,"nm":"Govt. Degree College For Boys"},"geometry":{"type":"MultiPolygon","coordinates":[[[[73.26789,31.91595],[73.26805,31.91466],[73.26639,31.91458],[73.26632,31.9151],[73.26507,31.91495],[73.26395,31.91677],[73.26636,31.91694],[73.26637,31.9168],[73.26779,31.9169],[73.26789,31.91595]]]]}},{"type":"Feature","properties":{"lu":"Educational Institution - Private","ct":"Existing","a":0.594,"nm":"The Bright School"},"geometry":{"type":"MultiPolygon","coordinates":[[[[73.26528,31.91462],[73.26507,31.91495],[73.26584,31.915],[73.26588,31.91468],[73.26528,31.91462]]]]}},{"type":"Feature","properties":{"lu":"Educational Institution - Public","ct":"Existing","a":2.72,"nm":"Govt. College Of Technology Pindi Bhattian"},"geometry":{"type":"MultiPolygon","coordinates":[[[[73.26636,31.91701],[73.2639,31.91684],[73.26371,31.91721],[73.26634,31.91744],[73.26636,31.91701]]]]}},{"type":"Feature","properties":{"lu":"Public Building and Govt Office","ct":"Existing","a":9.939,"nm":"Prosecution Office Pind Bhattian"},"geometry":{"type":"MultiPolygon","coordinates":[[[[73.2915,31.90712],[73.2914,31.90874],[73.29117,31.90871],[73.29118,31.90896],[73.29141,31.90894],[73.29135,31.90996],[73.29263,31.91006],[73.29287,31.9072],[73.2915,31.90712]]]]}},{"type":"Feature","properties":{"lu":"Religious Building","ct":"Existing","a":0.001},"geometry":{"type":"MultiPolygon","coordinates":[[[[73.28395,31.9037],[73.28394,31.9037],[73.28395,31.90375],[73.28395,31.9037]]]]}},{"type":"Feature","properties":{"lu":"Educational Institution - Public","ct":"Existing","a":16.384,"nm":"Govt College For Women"},"geometry":{"type":"MultiPolygon","coordinates":[[[[73.26805,31.91466],[73.26836,31.91149],[73.26734,31.91145],[73.26528,31.91462],[73.26588,31.91468],[73.26584,31.91508],[73.26632,31.9151],[73.26639,31.91458],[73.26805,31.91466]]]]}},{"type":"Feature","properties":{"lu":"Religious Building","ct":"Existing","a":0.831},"geometry":{"type":"MultiPolygon","coordinates":[[[[73.25686,31.90828],[73.25691,31.9077],[73.25632,31.90771],[73.25632,31.90827],[73.25686,31.90828]]]]}},{"type":"Feature","properties":{"lu":"Educational Institution - Public","ct":"Existing","a":0.0},"geometry":{"type":"MultiPolygon","coordinates":[[[[73.280356,31.907098],[73.280356,31.9071],[73.280402,31.907102],[73.280356,31.907098]]]]}},{"type":"Feature","properties":{"lu":"Graveyard","ct":"Existing","a":2.624},"geometry":{"type":"MultiPolygon","coordinates":[[[[73.29529,31.86842],[73.29655,31.86855],[73.2967,31.86793],[73.29623,31.8677],[73.29547,31.86757],[73.29529,31.86842]]]]}},{"type":"Feature","properties":{"lu":"Graveyard","ct":"Existing","a":0.222},"geometry":{"type":"MultiPolygon","coordinates":[[[[73.27571,31.89122],[73.27566,31.89111],[73.27535,31.89111],[73.2753,31.89134],[73.27555,31.89135],[73.27571,31.89122]]]]}},{"type":"Feature","properties":{"lu":"Religious Building","ct":"Existing","a":0.347,"nm":"Darbar Baba Darwaish Shah"},"geometry":{"type":"MultiPolygon","coordinates":[[[[73.26059,31.91081],[73.26022,31.91077],[73.26015,31.91111],[73.26056,31.91115],[73.26059,31.91081]]]]}},{"type":"Feature","properties":{"lu":"Religious Building","ct":"Existing","a":0.002},"geometry":{"type":"MultiPolygon","coordinates":[[[[73.28194,31.89779],[73.28206,31.89778],[73.28193,31.89779],[73.28193,31.8978],[73.28194,31.89779]]]]}},{"type":"Feature","properties":{"lu":"Religious Building","ct":"Existing","a":0.699},"geometry":{"type":"MultiPolygon","coordinates":[[[[73.24911,31.91148],[73.24906,31.91181],[73.24891,31.9118],[73.24883,31.912],[73.24886,31.91208],[73.2493,31.91216],[73.24947,31.9118],[73.24941,31.91157],[73.24911,31.91148]]]]}},{"type":"Feature","properties":{"lu":"Religious Building","ct":"Existing","a":0.123,"nm":"Shabeeha Kazmeen"},"geometry":{"type":"MultiPolygon","coordinates":[[[[73.25808,31.89668],[73.2578,31.89667],[73.25781,31.89684],[73.25807,31.89686],[73.25808,31.89668]]]]}},{"type":"Feature","properties":{"lu":"Disposal Site","ct":"Existing","a":0.019,"nm":"Disposal Station"},"geometry":{"type":"MultiPolygon","coordinates":[[[[73.26844,31.90581],[73.2684,31.90575],[73.26831,31.90578],[73.26836,31.90585],[73.26844,31.90581]]]]}},{"type":"Feature","properties":{"lu":"Public Building and Govt Office","ct":"Existing","a":0.261,"nm":"FWO Weigh Station"},"geometry":{"type":"MultiPolygon","coordinates":[[[[73.28097,31.92572],[73.28075,31.92539],[73.28052,31.92551],[73.28071,31.92581],[73.28097,31.92572]]]]}},{"type":"Feature","properties":{"lu":"Public Building and Govt Office","ct":"Existing","a":1.478,"nm":"Tehsildar House"},"geometry":{"type":"MultiPolygon","coordinates":[[[[73.28069,31.92458],[73.28126,31.92426],[73.28108,31.924],[73.28078,31.92398],[73.28068,31.9238],[73.28004,31.9241],[73.28043,31.92467],[73.28069,31.92458]]]]}},{"type":"Feature","properties":{"lu":"Educational Institution - Private","ct":"Existing","a":1.107},"geometry":{"type":"MultiPolygon","coordinates":[[[[73.25966,31.9026],[73.25962,31.90181],[73.25914,31.9018],[73.25917,31.90276],[73.25966,31.9026]]]]}},{"type":"Feature","properties":{"lu":"Educational Institution - Private","ct":"Existing","a":1.299},"geometry":{"type":"MultiPolygon","coordinates":[[[[73.46453,31.88468],[73.4648,31.88418],[73.46351,31.8844],[73.4636,31.88483],[73.46453,31.88468]]]]}},{"type":"Feature","properties":{"lu":"Graveyard","ct":"Existing","a":13.769},"geometry":{"type":"MultiPolygon","coordinates":[[[[73.46575,31.85983],[73.46407,31.8591],[73.46405,31.85922],[73.46348,31.85966],[73.46347,31.86],[73.4634,31.86006],[73.46268,31.86019],[73.46307,31.86187],[73.46517,31.86156],[73.46505,31.86094],[73.46512,31.86046],[73.46563,31.86051],[73.46575,31.85983]]]]}},{"type":"Feature","properties":{"lu":"Graveyard","ct":"Existing","a":4.298},"geometry":{"type":"MultiPolygon","coordinates":[[[[73.46717,31.86157],[73.4675,31.86068],[73.46719,31.86054],[73.46721,31.86047],[73.46603,31.85996],[73.46597,31.86021],[73.46623,31.86161],[73.46717,31.86157]]]]}},{"type":"Feature","properties":{"lu":"Educational Institution - Public","ct":"Existing","a":0.266},"geometry":{"type":"MultiPolygon","coordinates":[[[[73.48357,31.86351],[73.48352,31.8638],[73.48389,31.86377],[73.48392,31.86347],[73.48357,31.86351]]]]}},{"type":"Feature","properties":{"lu":"Educational Institution - Public","ct":"Existing","a":0.169},"geometry":{"type":"MultiPolygon","coordinates":[[[[73.47759,31.86818],[73.47724,31.86823],[73.4773,31.86843],[73.47762,31.86837],[73.47759,31.86818]]]]}},{"type":"Feature","properties":{"lu":"Graveyard","ct":"Existing","a":0.002},"geometry":{"type":"MultiPolygon","coordinates":[[[[73.47633,31.87501],[73.47626,31.87502],[73.47627,31.87504],[73.47633,31.87501]]]]}},{"type":"Feature","properties":{"lu":"Educational Institution - Public","ct":"Existing","a":0.009,"nm":"GHSS Rashid Minhas"},"geometry":{"type":"MultiPolygon","coordinates":[[[[73.48943,31.87193],[73.48945,31.87198],[73.48943,31.87192],[73.48943,31.87193]]],[[[73.4874,31.87319],[73.48727,31.87323],[73.48728,31.87324],[73.48742,31.87322],[73.4874,31.87319]]]]}},{"type":"Feature","properties":{"lu":"Graveyard","ct":"Existing","a":0.581},"geometry":{"type":"MultiPolygon","coordinates":[[[[73.46765,31.86074],[73.4675,31.86068],[73.46717,31.86157],[73.46762,31.86154],[73.46755,31.86117],[73.46765,31.86074]]]]}},{"type":"Feature","properties":{"lu":"Educational Institution - Public","ct":"Existing","a":0.204},"geometry":{"type":"MultiPolygon","coordinates":[[[[73.46938,31.8674],[73.46931,31.86706],[73.4691,31.86709],[73.46912,31.86742],[73.46938,31.8674]]]]}},{"type":"Feature","properties":{"lu":"Educational Institution - Public","ct":"Existing","a":1.145},"geometry":{"type":"MultiPolygon","coordinates":[[[[73.51565,31.85947],[73.51551,31.85885],[73.51479,31.859],[73.5149,31.85949],[73.51505,31.85955],[73.51565,31.85947]]]]}},{"type":"Feature","properties":{"lu":"Educational Institution - Public","ct":"Existing","a":0.001,"nm":"Government Vocational Training Intitute For Women"},"geometry":{"type":"MultiPolygon","coordinates":[[[[73.47699,31.87458],[73.47698,31.87457],[73.47697,31.87457],[73.47713,31.87475],[73.47711,31.87473],[73.47699,31.87458]]]]}},{"type":"Feature","properties":{"lu":"Religious Building","ct":"Existing","a":0.141},"geometry":{"type":"MultiPolygon","coordinates":[[[[73.50641,31.86901],[73.50635,31.86885],[73.50604,31.86892],[73.50609,31.86908],[73.50641,31.86901]]]]}},{"type":"Feature","properties":{"lu":"Religious Building","ct":"Existing","a":0.195},"geometry":{"type":"MultiPolygon","coordinates":[[[[73.47128,31.86621],[73.47122,31.86593],[73.47107,31.86593],[73.47107,31.86609],[73.47096,31.86616],[73.47095,31.86631],[73.47128,31.86621]]]]}},{"type":"Feature","properties":{"lu":"Graveyard","ct":"Existing","a":0.911,"nm":"Sumail Taranger"},"geometry":{"type":"MultiPolygon","coordinates":[[[[73.4887,31.86735],[73.48868,31.86755],[73.48843,31.86752],[73.48843,31.86733],[73.48828,31.86736],[73.48834,31.86773],[73.48824,31.86782],[73.48799,31.86784],[73.48809,31.86816],[73.4884,31.86811],[73.48839,31.86799],[73.48874,31.86788],[73.48883,31.8677],[73.48877,31.86735],[73.4887,31.86735]]]]}},{"type":"Feature","properties":{"lu":"Religious Building","ct":"Existing","a":0.01},"geometry":{"type":"MultiPolygon","coordinates":[[[[73.50888,31.8645],[73.50885,31.86446],[73.50876,31.86448],[73.50878,31.86452],[73.50888,31.8645]]]]}},{"type":"Feature","properties":{"lu":"Public Building and Govt Office","ct":"Existing","a":1.184,"nm":"Irrigation Rest House"},"geometry":{"type":"MultiPolygon","coordinates":[[[[73.67463,32.11431],[73.674,32.11418],[73.6739,32.11489],[73.67435,32.11516],[73.67463,32.11431]]]]}},{"type":"Feature","properties":{"lu":"Graveyard","ct":"Existing","a":3.536},"geometry":{"type":"MultiPolygon","coordinates":[[[[73.59279,31.93408],[73.59321,31.93361],[73.59335,31.93321],[73.59226,31.93288],[73.59203,31.93346],[73.59128,31.93379],[73.59126,31.93397],[73.59187,31.93404],[73.59195,31.93391],[73.59279,31.93408]]]]}},{"type":"Feature","properties":{"lu":"Graveyard","ct":"Existing","a":10.601},"geometry":{"type":"MultiPolygon","coordinates":[[[[73.62893,31.96159],[73.62821,31.96052],[73.62768,31.96068],[73.62754,31.9605],[73.62676,31.96084],[73.62619,31.96135],[73.62597,31.96144],[73.62706,31.96303],[73.62775,31.96267],[73.6276,31.96244],[73.62893,31.96159]]]]}},{"type":"Feature","properties":{"lu":"Graveyard","ct":"Existing","a":2.086},"geometry":{"type":"MultiPolygon","coordinates":[[[[73.69771,31.97694],[73.69771,31.97585],[73.69707,31.97586],[73.69709,31.97601],[73.69702,31.97611],[73.69684,31.97611],[73.69688,31.97648],[73.69701,31.9768],[73.6971,31.97684],[73.69709,31.97695],[73.69771,31.97694]]]]}},{"type":"Feature","properties":{"lu":"Graveyard","ct":"Existing","a":2.756},"geometry":{"type":"MultiPolygon","coordinates":[[[[73.4939,31.83771],[73.49378,31.8377],[73.49363,31.83812],[73.49338,31.83838],[73.49316,31.83846],[73.49316,31.83951],[73.49394,31.8395],[73.4939,31.83771]]]]}},{"type":"Feature","properties":{"lu":"Graveyard","ct":"Existing","a":3.815},"geometry":{"type":"MultiPolygon","coordinates":[[[[73.53879,31.88375],[73.53875,31.88311],[73.53832,31.88314],[73.53824,31.88258],[73.53779,31.88259],[73.53773,31.88377],[73.5378,31.88439],[73.53855,31.88436],[73.53879,31.88375]]]]}},{"type":"Feature","properties":{"lu":"Graveyard","ct":"Existing","a":3.219},"geometry":{"type":"MultiPolygon","coordinates":[[[[73.56129,31.98954],[73.56055,31.98946],[73.56039,31.99118],[73.56109,31.99124],[73.56129,31.98954]]]]}},{"type":"Feature","properties":{"lu":"Graveyard","ct":"Existing","a":8.864},"geometry":{"type":"MultiPolygon","coordinates":[[[[73.39435,31.94827],[73.39405,31.94774],[73.39341,31.94786],[73.39265,31.94639],[73.39232,31.94642],[73.39167,31.94668],[73.39184,31.94701],[73.39168,31.94733],[73.39243,31.94893],[73.39435,31.94827]]]]}},{"type":"Feature","properties":{"lu":"Graveyard","ct":"Existing","a":2.701},"geometry":{"type":"MultiPolygon","coordinates":[[[[73.39213,31.94378],[73.39274,31.94383],[73.39273,31.94395],[73.3928,31.94394],[73.39292,31.94348],[73.39329,31.94329],[73.39269,31.94317],[73.39187,31.94286],[73.39166,31.94406],[73.39201,31.944],[73.39213,31.94378]]]]}},{"type":"Feature","properties":{"lu":"Graveyard","ct":"Existing","a":4.131},"geometry":{"type":"MultiPolygon","coordinates":[[[[73.3859,31.93553],[73.38611,31.93673],[73.3874,31.93658],[73.38722,31.9354],[73.3859,31.93553]]]]}},{"type":"Feature","properties":{"lu":"Graveyard","ct":"Existing","a":9.587},"geometry":{"type":"MultiPolygon","coordinates":[[[[73.34682,31.93661],[73.3467,31.93586],[73.34691,31.93513],[73.34668,31.93501],[73.34665,31.93492],[73.3457,31.93508],[73.34542,31.93504],[73.34534,31.93485],[73.34439,31.93498],[73.34461,31.93662],[73.3455,31.93647],[73.34612,31.93674],[73.34619,31.93666],[73.34682,31.93661]]]]}},{"type":"Feature","properties":{"lu":"Graveyard","ct":"Existing","a":4.195},"geometry":{"type":"MultiPolygon","coordinates":[[[[73.30483,31.95229],[73.30471,31.95078],[73.30365,31.95085],[73.30365,31.95139],[73.30358,31.95145],[73.30353,31.95202],[73.30456,31.95231],[73.30483,31.95229]]]]}},{"type":"Feature","properties":{"lu":"Graveyard","ct":"Existing","a":2.332},"geometry":{"type":"MultiPolygon","coordinates":[[[[73.2873,31.95905],[73.2873,31.95842],[73.28713,31.95843],[73.28706,31.95785],[73.28633,31.95789],[73.28638,31.95852],[73.28656,31.95851],[73.28661,31.9591],[73.2873,31.95905]]]]}},{"type":"Feature","properties":{"lu":"Graveyard","ct":"Existing","a":1.646},"geometry":{"type":"MultiPolygon","coordinates":[[[[73.23871,31.95662],[73.23841,31.95669],[73.23837,31.95654],[73.23823,31.95653],[73.23826,31.95666],[73.23797,31.95668],[73.23797,31.95662],[73.23752,31.95691],[73.23808,31.95745],[73.23834,31.95733],[73.23836,31.95722],[73.23856,31.95716],[73.2385,31.95706],[73.23882,31.95688],[73.23871,31.95662]]]]}},{"type":"Feature","properties":{"lu":"Graveyard","ct":"Existing","a":2.213},"geometry":{"type":"MultiPolygon","coordinates":[[[[73.25168,31.97169],[73.25135,31.97126],[73.25091,31.9709],[73.25032,31.9713],[73.25074,31.97205],[73.25168,31.97169]]]]}},{"type":"Feature","properties":{"lu":"Graveyard","ct":"Existing","a":11.989},"geometry":{"type":"MultiPolygon","coordinates":[[[[73.32906,31.99782],[73.32872,31.99702],[73.32793,31.99711],[73.32764,31.99629],[73.3261,31.99646],[73.32612,31.99735],[73.32584,31.99738],[73.32623,31.99781],[73.32628,31.99819],[73.32609,31.99822],[73.32634,31.9988],[73.3275,31.9985],[73.32739,31.99819],[73.32906,31.99782]]]]}},{"type":"Feature","properties":{"lu":"Graveyard","ct":"Existing","a":10.432},"geometry":{"type":"MultiPolygon","coordinates":[[[[73.53125,31.95929],[73.52945,31.95908],[73.5292,31.96086],[73.53164,31.96117],[73.53181,31.96034],[73.53154,31.95999],[73.5312,31.95993],[73.53125,31.95929]]]]}},{"type":"Feature","properties":{"lu":"Graveyard","ct":"Existing","a":22.201},"geometry":{"type":"MultiPolygon","coordinates":[[[[73.4423,31.89871],[73.44155,31.8981],[73.44143,31.8981],[73.44067,31.89868],[73.44025,31.89865],[73.43985,31.89881],[73.43983,31.89906],[73.43951,31.89909],[73.43966,31.8996],[73.43965,31.89986],[73.43948,31.90032],[73.43955,31.90081],[73.43971,31.9014],[73.43965,31.90142],[73.43997,31.90205],[73.44111,31.90166],[73.44099,31.90135],[73.44285,31.90078],[73.4424,31.89963],[73.44246,31.89918],[73.4423,31.89871]]]]}},{"type":"Feature","properties":{"lu":"Graveyard","ct":"Existing","a":8.638},"geometry":{"type":"MultiPolygon","coordinates":[[[[73.36703,32.00663],[73.36701,32.00652],[73.36566,32.00671],[73.36573,32.00742],[73.36592,32.00814],[73.36627,32.00907],[73.36759,32.00889],[73.36723,32.00776],[73.36703,32.00663]]]]}},{"type":"Feature","properties":{"lu":"Graveyard","ct":"Existing","a":9.653},"geometry":{"type":"MultiPolygon","coordinates":[[[[73.41456,31.99716],[73.41494,31.99715],[73.41511,31.99704],[73.41539,31.99702],[73.41565,31.99717],[73.4158,31.99549],[73.41368,31.99528],[73.41353,31.99714],[73.41415,31.9972],[73.41456,31.99716]]]]}},{"type":"Feature","properties":{"lu":"Graveyard","ct":"Existing","a":2.959},"geometry":{"type":"MultiPolygon","coordinates":[[[[73.38236,31.98556],[73.38237,31.98544],[73.38147,31.98548],[73.38162,31.98668],[73.38236,31.98661],[73.38263,31.98601],[73.38252,31.98562],[73.38236,31.98556]]]]}},{"type":"Feature","properties":{"lu":"Graveyard","ct":"Existing","a":1.902},"geometry":{"type":"MultiPolygon","coordinates":[[[[73.37513,31.98907],[73.37475,31.98908],[73.37408,31.98936],[73.37418,31.98993],[73.37486,31.98996],[73.37503,31.98987],[73.37513,31.98907]]]]}},{"type":"Feature","properties":{"lu":"Graveyard","ct":"Existing","a":1.221},"geometry":{"type":"MultiPolygon","coordinates":[[[[73.35786,31.95263],[73.35861,31.95292],[73.35891,31.95231],[73.35778,31.9523],[73.35786,31.95263]]]]}},{"type":"Feature","properties":{"lu":"Graveyard","ct":"Existing","a":11.268},"geometry":{"type":"MultiPolygon","coordinates":[[[[73.3541,31.97112],[73.35374,31.96934],[73.35124,31.96976],[73.35141,31.97117],[73.35269,31.97135],[73.35271,31.97114],[73.35301,31.97114],[73.353,31.97105],[73.35319,31.97102],[73.35321,31.97122],[73.3541,31.97112]]]]}},{"type":"Feature","properties":{"lu":"Graveyard","ct":"Existing","a":2.2},"geometry":{"type":"MultiPolygon","coordinates":[[[[73.23116,31.94496],[73.23037,31.94434],[73.23008,31.94471],[73.23016,31.94485],[73.23002,31.94536],[73.2306,31.94564],[73.23116,31.94496]]]]}},{"type":"Feature","properties":{"lu":"Graveyard","ct":"Existing","a":0.738},"geometry":{"type":"MultiPolygon","coordinates":[[[[73.23431,31.93791],[73.23413,31.9377],[73.2339,31.93783],[73.23397,31.93848],[73.23444,31.93827],[73.23431,31.93791]]]]}},{"type":"Feature","properties":{"lu":"Graveyard","ct":"Existing","a":5.062},"geometry":{"type":"MultiPolygon","coordinates":[[[[73.30402,32.03834],[73.30345,32.03734],[73.30301,32.03765],[73.30319,32.03806],[73.30311,32.03815],[73.30384,32.03961],[73.30415,32.03986],[73.30471,32.03977],[73.30475,32.03951],[73.30463,32.03915],[73.30402,32.03834]]]]}},{"type":"Feature","properties":{"lu":"Graveyard","ct":"Existing","a":3.607},"geometry":{"type":"MultiPolygon","coordinates":[[[[73.32226,32.02865],[73.3223,32.02846],[73.32275,32.02849],[73.32289,32.02862],[73.32317,32.02862],[73.32321,32.02818],[73.32346,32.02798],[73.32322,32.02795],[73.32313,32.02759],[73.32278,32.02759],[73.32272,32.02753],[73.32276,32.02737],[73.32256,32.02722],[73.32219,32.02725],[73.32191,32.02805],[73.32185,32.02837],[73.32215,32.02839],[73.32214,32.02863],[73.32226,32.02865]]]]}},{"type":"Feature","properties":{"lu":"Graveyard","ct":"Existing","a":3.709},"geometry":{"type":"MultiPolygon","coordinates":[[[[73.31661,32.01804],[73.31656,32.01712],[73.31554,32.01717],[73.31558,32.01739],[73.31479,32.01755],[73.31488,32.01814],[73.31661,32.01804]]]]}},{"type":"Feature","properties":{"lu":"Graveyard","ct":"Existing","a":4.997},"geometry":{"type":"MultiPolygon","coordinates":[[[[73.28874,31.9977],[73.2889,31.99754],[73.28919,31.99756],[73.28924,31.99727],[73.28907,31.99722],[73.28916,31.99695],[73.28908,31.99665],[73.28915,31.99645],[73.28979,31.99659],[73.28974,31.9955],[73.28871,31.99554],[73.28871,31.99616],[73.28858,31.99621],[73.2886,31.99685],[73.28821,31.99699],[73.28822,31.99735],[73.2884,31.99736],[73.28843,31.99766],[73.28874,31.9977]]]]}},{"type":"Feature","properties":{"lu":"Graveyard","ct":"Existing","a":0.638},"geometry":{"type":"MultiPolygon","coordinates":[[[[73.2746,31.99198],[73.27428,31.99205],[73.27421,31.99236],[73.27422,31.99252],[73.27446,31.99272],[73.27461,31.99256],[73.2746,31.99198]]]]}},{"type":"Feature","properties":{"lu":"Graveyard","ct":"Existing","a":0.687},"geometry":{"type":"MultiPolygon","coordinates":[[[[73.66903,31.9628],[73.66908,31.96249],[73.66875,31.96249],[73.66848,31.96262],[73.66889,31.96334],[73.66903,31.9628]]]]}},{"type":"Feature","properties":{"lu":"Graveyard","ct":"Existing","a":6.241},"geometry":{"type":"MultiPolygon","coordinates":[[[[73.34979,32.07385],[73.34865,32.07292],[73.3484,32.07287],[73.34672,32.07292],[73.34715,32.07327],[73.34939,32.07463],[73.34979,32.07385]]]]}},{"type":"Feature","properties":{"lu":"Graveyard","ct":"Existing","a":12.425},"geometry":{"type":"MultiPolygon","coordinates":[[[[73.26776,31.76711],[73.26788,31.76797],[73.26831,31.76825],[73.26874,31.76822],[73.26896,31.76803],[73.26961,31.76819],[73.26966,31.76806],[73.26985,31.76814],[73.27056,31.76739],[73.27061,31.76697],[73.27101,31.76615],[73.2704,31.76591],[73.26902,31.76641],[73.26776,31.76711]]]]}},{"type":"Feature","properties":{"lu":"Religious Building","ct":"Existing","a":0.005},"geometry":{"type":"MultiPolygon","coordinates":[[[[73.6481,32.04549],[73.64808,32.04546],[73.64805,32.0455],[73.64806,32.04553],[73.64809,32.0455],[73.6481,32.04549]]]]}},{"type":"Feature","properties":{"lu":"Religious Building","ct":"Existing","a":0.111},"geometry":{"type":"MultiPolygon","coordinates":[[[[73.20636,31.80755],[73.20632,31.80726],[73.20618,31.8074],[73.20618,31.80762],[73.20636,31.80755]]]]}},{"type":"Feature","properties":{"lu":"Educational Institution - Public","ct":"Existing","a":0.538,"nm":"Govt Primary School Attranwala"},"geometry":{"type":"MultiPolygon","coordinates":[[[[73.20567,31.80489],[73.20533,31.80488],[73.20537,31.8055],[73.2057,31.80551],[73.20567,31.80489]]]]}},{"type":"Feature","properties":{"lu":"Educational Institution - Public","ct":"Existing","a":1.438,"nm":"Govt High School Ghubrika"},"geometry":{"type":"MultiPolygon","coordinates":[[[[73.20281,31.81724],[73.20176,31.8172],[73.20179,31.81782],[73.20269,31.81777],[73.20281,31.81724]]]]}},{"type":"Feature","properties":{"lu":"Graveyard","ct":"Existing","a":22.41},"geometry":{"type":"MultiPolygon","coordinates":[[[[73.20176,31.8172],[73.20299,31.81722],[73.20361,31.81582],[73.20369,31.81539],[73.20413,31.81462],[73.20303,31.81472],[73.2029,31.81417],[73.20223,31.81415],[73.20228,31.81471],[73.20068,31.81495],[73.19999,31.8149],[73.20029,31.81728],[73.20176,31.8172]]]]}},{"type":"Feature","properties":{"lu":"Graveyard","ct":"Existing","a":18.624},"geometry":{"type":"MultiPolygon","coordinates":[[[[73.22947,31.82554],[73.22694,31.82699],[73.2272,31.82752],[73.22628,31.8289],[73.22694,31.82886],[73.227,31.82926],[73.22762,31.82924],[73.22756,31.8289],[73.22907,31.82882],[73.22901,31.82823],[73.22981,31.82813],[73.22947,31.82554]]]]}},{"type":"Feature","properties":{"lu":"Graveyard","ct":"Existing","a":10.002},"geometry":{"type":"MultiPolygon","coordinates":[[[[73.18562,31.87813],[73.18532,31.87927],[73.18506,31.87951],[73.1857,31.87971],[73.18597,31.87964],[73.18618,31.87999],[73.1869,31.87982],[73.18798,31.87908],[73.18721,31.87785],[73.1863,31.87807],[73.18562,31.87813]]]]}},{"type":"Feature","properties":{"lu":"Religious Building","ct":"Existing","a":0.051,"nm":"Jamia Masjid Tajdar e Madina"},"geometry":{"type":"MultiPolygon","coordinates":[[[[73.16954,31.83954],[73.16948,31.83942],[73.16932,31.83944],[73.16933,31.83954],[73.16954,31.83954]]]]}},{"type":"Feature","properties":{"lu":"Graveyard","ct":"Existing","a":4.994},"geometry":{"type":"MultiPolygon","coordinates":[[[[73.59059,32.14542],[73.59024,32.14602],[73.59006,32.1465],[73.58993,32.14655],[73.58988,32.14713],[73.59127,32.14726],[73.59139,32.14601],[73.59103,32.14596],[73.59111,32.14549],[73.59059,32.14542]]]]}},{"type":"Feature","properties":{"lu":"Educational Institution - Public","ct":"Existing","a":5.771,"nm":"Ghs Rasul Pur Tarar"},"geometry":{"type":"MultiPolygon","coordinates":[[[[73.4618,32.06219],[73.46171,32.0609],[73.46003,32.06096],[73.46019,32.06236],[73.4618,32.06219]]]]}},{"type":"Feature","properties":{"lu":"Graveyard","ct":"Existing","a":0.154},"geometry":{"type":"MultiPolygon","coordinates":[[[[73.45708,32.05652],[73.45726,32.05657],[73.45725,32.05626],[73.45708,32.05652]]],[[[73.45774,32.05701],[73.45772,32.0573],[73.45775,32.0573],[73.45775,32.05715],[73.45775,32.05713],[73.45774,32.05701]]],[[[73.4569,32.05739],[73.45703,32.05737],[73.4569,32.05738],[73.4569,32.05739]]],[[[73.45689,32.0575],[73.45684,32.05816],[73.4569,32.05816],[73.45689,32.0575]]]]}},{"type":"Feature","properties":{"lu":"Health Institution - Private","ct":"Existing","a":0.035},"geometry":{"type":"MultiPolygon","coordinates":[[[[73.45912,32.0547],[73.45901,32.05473],[73.45904,32.05484],[73.45915,32.05482],[73.45912,32.0547]]]]}},{"type":"Feature","properties":{"lu":"Religious Building","ct":"Existing","a":0.051},"geometry":{"type":"MultiPolygon","coordinates":[[[[73.45962,32.05566],[73.45942,32.05567],[73.45942,32.05577],[73.45962,32.05576],[73.45962,32.05566]]]]}},{"type":"Feature","properties":{"lu":"Public Building and Govt Office","ct":"Existing","a":0.303,"nm":"PTCL Exchange Office"},"geometry":{"type":"MultiPolygon","coordinates":[[[[73.45815,32.05774],[73.45819,32.05821],[73.45843,32.05822],[73.4584,32.05773],[73.45815,32.05774]]]]}},{"type":"Feature","properties":{"lu":"Religious Building","ct":"Existing","a":0.122},"geometry":{"type":"MultiPolygon","coordinates":[[[[73.4603,32.05721],[73.46031,32.05711],[73.46007,32.05711],[73.46007,32.05732],[73.46027,32.05733],[73.4603,32.05721]]]]}},{"type":"Feature","properties":{"lu":"Educational Institution - Private","ct":"Existing","a":0.095},"geometry":{"type":"MultiPolygon","coordinates":[[[[73.46323,32.05622],[73.46343,32.05623],[73.46344,32.05604],[73.46322,32.05606],[73.46323,32.05622]]]]}},{"type":"Feature","properties":{"lu":"Educational Institution - Public","ct":"Existing","a":0.614,"nm":"GGHS Rasool Pur Tarar"},"geometry":{"type":"MultiPolygon","coordinates":[[[[73.4644,32.05846],[73.46413,32.05848],[73.4641,32.05829],[73.46378,32.0583],[73.46383,32.05876],[73.46443,32.0588],[73.4644,32.05846]]]]}},{"type":"Feature","properties":{"lu":"Educational Institution - Private","ct":"Existing","a":0.141},"geometry":{"type":"MultiPolygon","coordinates":[[[[73.46376,32.05858],[73.46374,32.0583],[73.46353,32.05833],[73.46358,32.0586],[73.46376,32.05858]]]]}},{"type":"Feature","properties":{"lu":"Public Building and Govt Office","ct":"Existing","a":0.017},"geometry":{"type":"MultiPolygon","coordinates":[[[[73.46184,32.06102],[73.46175,32.06103],[73.46176,32.0611],[73.46184,32.0611],[73.46184,32.06102]]]]}},{"type":"Feature","properties":{"lu":"Educational Institution - Private","ct":"Existing","a":0.01},"geometry":{"type":"MultiPolygon","coordinates":[[[[73.46075,32.05752],[73.46081,32.05752],[73.46081,32.05745],[73.46075,32.05745],[73.46075,32.05752]]]]}},{"type":"Feature","properties":{"lu":"Religious Building","ct":"Existing","a":0.218},"geometry":{"type":"MultiPolygon","coordinates":[[[[73.45948,32.05786],[73.45935,32.05788],[73.45942,32.05821],[73.45966,32.0582],[73.45959,32.05785],[73.45948,32.05786]]]]}},{"type":"Feature","properties":{"lu":"Educational Institution - Private","ct":"Existing","a":0.083},"geometry":{"type":"MultiPolygon","coordinates":[[[[73.45888,32.05793],[73.45877,32.05793],[73.4588,32.05823],[73.4589,32.05823],[73.45888,32.05793]]]]}},{"type":"Feature","properties":{"lu":"Institutional Zone","ct":"Proposed","a":0.318},"geometry":{"type":"MultiPolygon","coordinates":[[[[73.69861,32.05703],[73.69828,32.0567],[73.69806,32.05672],[73.6981,32.05697],[73.69827,32.05696],[73.69828,32.05707],[73.69839,32.05712],[73.69861,32.05703]]]]}},{"type":"Feature","properties":{"lu":"Institutional Zone","ct":"Proposed","a":45.733},"geometry":{"type":"MultiPolygon","coordinates":[[[[73.69835,32.06157],[73.69814,32.06149],[73.69815,32.06131],[73.69794,32.06129],[73.69783,32.06065],[73.69926,32.06061],[73.69919,32.05983],[73.70011,32.05968],[73.70066,32.05895],[73.69861,32.05703],[73.69839,32.05712],[73.69811,32.05707],[73.69806,32.05672],[73.69828,32.0567],[73.69806,32.05648],[73.69516,32.05678],[73.69535,32.05789],[73.69682,32.05785],[73.69685,32.0584],[73.69619,32.0585],[73.69623,32.05896],[73.69508,32.05899],[73.69508,32.05957],[73.69554,32.05959],[73.69555,32.05975],[73.69634,32.0597],[73.6964,32.06029],[73.69708,32.06024],[73.69713,32.06077],[73.69438,32.06113],[73.69454,32.06164],[73.69647,32.06146],[73.69657,32.06204],[73.69805,32.06192],[73.69835,32.06157]]]]}},{"type":"Feature","properties":{"lu":"Institutional Zone","ct":"Proposed","a":3.14},"geometry":{"type":"MultiPolygon","coordinates":[[[[73.69616,32.06271],[73.69758,32.06253],[73.69799,32.062],[73.69556,32.06222],[73.69556,32.06278],[73.69616,32.06271]]]]}},{"type":"Feature","properties":{"lu":"Institutional Zone","ct":"Proposed","a":0.0},"geometry":{"type":"MultiPolygon","coordinates":[[[[73.6979852,32.0564698],[73.6979851,32.0564697],[73.6979061,32.0564884],[73.6979852,32.0564698]]]]}},{"type":"Feature","properties":{"lu":"Institutional Zone","ct":"Proposed","a":0.072},"geometry":{"type":"MultiPolygon","coordinates":[[[[73.69758,32.06253],[73.6974,32.06252],[73.69718,32.06264],[73.69751,32.0626],[73.69758,32.06253]]]]}},{"type":"Feature","properties":{"lu":"Institutional Zone","ct":"Proposed","a":3.379},"geometry":{"type":"MultiPolygon","coordinates":[[[[73.69555,32.05975],[73.69567,32.06095],[73.69713,32.06077],[73.69708,32.06024],[73.6964,32.06029],[73.69634,32.0597],[73.69555,32.05975]]]]}},{"type":"Feature","properties":{"lu":"Institutional Zone","ct":"Existing","a":9.157},"geometry":{"type":"MultiPolygon","coordinates":[[[[73.72421,32.07389],[73.72341,32.07326],[73.72247,32.07354],[73.72239,32.07325],[73.72314,32.07305],[73.72143,32.07169],[73.71982,32.07212],[73.72117,32.07296],[73.72301,32.07395],[73.72412,32.07409],[73.72421,32.07389]]]]}},{"type":"Feature","properties":{"lu":"Public Building and Govt Office","ct":"Existing","a":0.068,"nm":"DC Complex Hafizabad"},"geometry":{"type":"MultiPolygon","coordinates":[[[[73.72139,32.07171],[73.72136,32.07172],[73.72105,32.0718],[73.72042,32.07195],[73.71993,32.07208],[73.7198,32.07211],[73.71982,32.07212],[73.71988,32.07211],[73.71995,32.07209],[73.721,32.07182],[73.72141,32.07173],[73.72139,32.07171]]]]}},{"type":"Feature","properties":{"lu":"Public Building and Govt Office","ct":"Existing","a":0.037},"geometry":{"type":"MultiPolygon","coordinates":[[[[73.28022,31.89345],[73.28105,31.89353],[73.2803,31.89344],[73.28022,31.89343],[73.28022,31.89345]]],[[[73.28125,31.89477],[73.28128,31.89439],[73.28126,31.8944],[73.28125,31.89477]]],[[[73.28123,31.89548],[73.28122,31.89558],[73.28128,31.89557],[73.28128,31.89556],[73.28123,31.89548]]]]}},{"type":"Feature","properties":{"lu":"Health Institution - Private","ct":"Existing","a":0.01,"nm":"Abdullah Maternity Hospital"},"geometry":{"type":"MultiPolygon","coordinates":[[[[73.2826,31.89559],[73.28256,31.89557],[73.28234,31.89558],[73.2826,31.89559]]],[[[73.28264,31.89576],[73.28263,31.89561],[73.28262,31.8956],[73.28264,31.89576]]]]}},{"type":"Feature","properties":{"lu":"Educational Institution - Public","ct":"Existing","a":0.052},"geometry":{"type":"MultiPolygon","coordinates":[[[[73.29368,31.89439],[73.29337,31.89424],[73.2936,31.89441],[73.29367,31.89465],[73.29368,31.89439]]]]}},{"type":"Feature","properties":{"lu":"Educational Institution - Public","ct":"Existing","a":0.004,"nm":"Govt Boys Degree College"},"geometry":{"type":"MultiPolygon","coordinates":[[[[73.38927,32.06959],[73.38924,32.06958],[73.3892,32.06958],[73.38927,32.06959]]],[[[73.38943,32.06977],[73.3893,32.06961],[73.38927,32.06959],[73.38943,32.06977]]]]}},{"type":"Feature","properties":{"lu":"Educational Institution - Public","ct":"Existing","a":0.099},"geometry":{"type":"MultiPolygon","coordinates":[[[[73.2762,31.91131],[73.27618,31.9113],[73.27617,31.9113],[73.27616,31.9113],[73.27615,31.91129],[73.27614,31.91128],[73.27613,31.91127],[73.27545,31.911],[73.27515,31.91088],[73.27514,31.91092],[73.27534,31.91101],[73.27568,31.91113],[73.27619,31.91131],[73.2762,31.91131]]]]}},{"type":"Feature","properties":{"lu":"Institutional Zone","ct":"Proposed","a":32.0},"geometry":{"type":"MultiPolygon","coordinates":[[[[73.38865,32.04673],[73.38797,32.04668],[73.38737,32.04677],[73.38346,32.04786],[73.38343,32.04972],[73.38445,32.04979],[73.38468,32.04861],[73.38464,32.0484],[73.38471,32.04839],[73.38473,32.04855],[73.38491,32.04857],[73.38489,32.04871],[73.3848,32.04884],[73.38466,32.04886],[73.38449,32.04979],[73.38761,32.04999],[73.38865,32.04673]]]]}},{"type":"Feature","properties":{"lu":"Educational Institutional Zone","ct":"Proposed","a":25.812},"geometry":{"type":"MultiPolygon","coordinates":[[[[73.37147,32.05064],[73.3714,32.05066],[73.37152,32.05067],[73.37153,32.05062],[73.37147,32.05064]]],[[[73.37432,32.04992],[73.37283,32.05022],[73.37278,32.05324],[73.37452,32.05344],[73.37513,32.04977],[73.37432,32.04992]]],[[[73.37171,32.05057],[73.37159,32.0506],[73.37152,32.05078],[73.37138,32.05168],[73.37023,32.05154],[73.37042,32.05182],[73.37129,32.05191],[73.37119,32.05251],[73.37204,32.05261],[73.37197,32.05315],[73.37258,32.05322],[73.37263,32.05028],[73.37171,32.05057]]]]}},{"type":"Feature","properties":{"lu":"Public Building and Govt Office","ct":"Existing","a":0.003,"nm":"Police Line Hafizabad"},"geometry":{"type":"MultiPolygon","coordinates":[[[[73.67327,32.08532],[73.67291,32.08539],[73.67287,32.0854],[73.67326,32.08532],[73.67327,32.08532]]]]}},{"type":"Feature","properties":{"lu":"Educational Institution - Public","ct":"Existing","a":0.0},"geometry":{"type":"MultiPolygon","coordinates":[[[[73.67226,32.09146],[73.67223,32.09151],[73.67224,32.09151],[73.67226,32.09146]]]]}},{"type":"Feature","properties":{"lu":"Institutional Zone","ct":"Proposed","a":6.095},"geometry":{"type":"MultiPolygon","coordinates":[[[[73.58853,31.97789],[73.58841,31.97764],[73.58901,31.97739],[73.58856,31.97664],[73.58727,31.97692],[73.58732,31.97705],[73.58667,31.9773],[73.58721,31.9784],[73.58853,31.97789]]]]}},{"type":"Feature","properties":{"lu":"Educational Institution - Public","ct":"Existing","a":0.067},"geometry":{"type":"MultiPolygon","coordinates":[[[[73.58822,32.21623],[73.58893,32.21631],[73.58894,32.21623],[73.58822,32.21623]]]]}},{"type":"Feature","properties":{"lu":"Institutional Zone","ct":"Proposed","a":0.316},"geometry":{"type":"MultiPolygon","coordinates":[[[[73.5824,32.21564],[73.58251,32.21538],[73.58209,32.21535],[73.582,32.21564],[73.5824,32.21564]]]]}},{"type":"Feature","properties":{"lu":"Institutional Zone","ct":"Proposed","a":4.88},"geometry":{"type":"MultiPolygon","coordinates":[[[[73.58255,32.21653],[73.58255,32.21571],[73.58257,32.21564],[73.5828,32.21564],[73.58295,32.215],[73.58114,32.21498],[73.58113,32.21517],[73.58101,32.21517],[73.58097,32.21555],[73.58154,32.216],[73.5818,32.2157],[73.582,32.21564],[73.58209,32.21535],[73.58251,32.21538],[73.5824,32.21564],[73.58255,32.21564],[73.58181,32.21572],[73.58157,32.21602],[73.58249,32.21663],[73.58255,32.21653]]]]}},{"type":"Feature","properties":{"lu":"Public Building and Govt Office","ct":"Existing","a":0.001},"geometry":{"type":"MultiPolygon","coordinates":[[[[73.581803,32.219328],[73.581801,32.219223],[73.581798,32.219223],[73.581798,32.219225],[73.581801,32.219328],[73.581803,32.219328]]]]}},{"type":"Feature","properties":{"lu":"Public Building and Govt Office","ct":"Existing","a":0.001,"nm":"Slaughter House"},"geometry":{"type":"MultiPolygon","coordinates":[[[[73.65873,32.07244],[73.65869,32.07243],[73.6587,32.07245],[73.65873,32.07244]]]]}},{"type":"Feature","properties":{"lu":"Educational Institutional Zone","ct":"Proposed","a":4.235},"geometry":{"type":"MultiPolygon","coordinates":[[[[73.69949,32.05631],[73.69928,32.05511],[73.69715,32.05528],[73.69733,32.05544],[73.69771,32.05537],[73.69772,32.05546],[73.69739,32.0555],[73.6976,32.05571],[73.69792,32.05564],[73.69794,32.05586],[73.69882,32.05575],[73.69882,32.05593],[73.69814,32.056],[73.69816,32.05613],[73.69851,32.05611],[73.69853,32.05619],[73.69817,32.05626],[73.69835,32.05645],[73.69949,32.05631]],[[73.69829,32.05576],[73.69829,32.05567],[73.69813,32.05569],[73.69811,32.0555],[73.69844,32.05549],[73.69847,32.05575],[73.69829,32.05576]]]]}},{"type":"Feature","properties":{"lu":"Educational Institution - Private","ct":"Existing","a":0.007,"nm":"Beacon House"},"geometry":{"type":"MultiPolygon","coordinates":[[[[73.68544,32.05298],[73.68545,32.05294],[73.68544,32.05294],[73.68536,32.05258],[73.68543,32.05298],[73.68544,32.05298]]]]}},{"type":"Feature","properties":{"lu":"Educational Institution - Public","ct":"Existing","a":0.001},"geometry":{"type":"MultiPolygon","coordinates":[[[[73.68506,32.04847],[73.68506,32.04827],[73.68505,32.04827],[73.68506,32.04842],[73.68506,32.04847]]]]}},{"type":"Feature","properties":{"lu":"Educational Institution - Public","ct":"Existing","a":0.014},"geometry":{"type":"MultiPolygon","coordinates":[[[[73.69248,32.09211],[73.69247,32.09271],[73.69248,32.09271],[73.69249,32.09211],[73.69248,32.09211]]]]}},{"type":"Feature","properties":{"lu":"Public Building and Govt Office","ct":"Existing","a":0.01,"nm":"Police Fltas"},"geometry":{"type":"MultiPolygon","coordinates":[[[[73.6672,32.08923],[73.66623,32.08976],[73.66588,32.08996],[73.6672,32.08923]]]]}},{"type":"Feature","properties":{"lu":"Educational Neighbourhood","ct":"Proposed","a":32.472},"geometry":{"type":"MultiPolygon","coordinates":[[[[73.7503,32.07349],[73.74558,32.0734],[73.74556,32.07393],[73.74617,32.07393],[73.74619,32.0741],[73.74586,32.07415],[73.74583,32.07449],[73.74592,32.0745],[73.74591,32.07466],[73.74555,32.07467],[73.7455,32.07575],[73.74689,32.07575],[73.74685,32.07638],[73.74816,32.07639],[73.74815,32.07698],[73.74838,32.07696],[73.74837,32.07727],[73.74855,32.07728],[73.74855,32.07762],[73.74817,32.07761],[73.74813,32.07801],[73.74864,32.07817],[73.7503,32.07349]]]]}},{"type":"Feature","properties":{"lu":"Educational Institution - Public","ct":"Existing","a":0.982,"nm":"GGHS Chak Chatha"},"geometry":{"type":"MultiPolygon","coordinates":[[[[73.74337,32.07356],[73.74325,32.07335],[73.74266,32.07334],[73.74265,32.07389],[73.74336,32.0739],[73.74337,32.07356]]]]}},{"type":"Feature","properties":{"lu":"Health Zone","ct":"Proposed","a":0.157},"geometry":{"type":"MultiPolygon","coordinates":[[[[73.73921,32.07223],[73.73923,32.072],[73.73897,32.072],[73.73896,32.07224],[73.73921,32.07223]]]]}},{"type":"Feature","properties":{"lu":"Health Neighbourhood","ct":"Proposed","a":0.751},"geometry":{"type":"MultiPolygon","coordinates":[[[[73.73846,32.07299],[73.73845,32.07284],[73.73867,32.07284],[73.73867,32.07299],[73.73891,32.073],[73.73892,32.07269],[73.73777,32.0727],[73.73778,32.07295],[73.73846,32.07299]]]]}},{"type":"Feature","properties":{"lu":"Health Neighbourhood","ct":"Proposed","a":0.818},"geometry":{"type":"MultiPolygon","coordinates":[[[[73.73778,32.07235],[73.73778,32.07265],[73.73833,32.07266],[73.73833,32.07255],[73.73845,32.07254],[73.73845,32.07266],[73.73892,32.07264],[73.73892,32.07237],[73.73778,32.07235]]]]}},{"type":"Feature","properties":{"lu":"Health Neighbourhood","ct":"Proposed","a":0.817},"geometry":{"type":"MultiPolygon","coordinates":[[[[73.73779,32.07202],[73.73778,32.07231],[73.73832,32.07233],[73.73832,32.07217],[73.73845,32.07217],[73.73844,32.07233],[73.73892,32.07234],[73.73891,32.07204],[73.73779,32.07202]]]]}},{"type":"Feature","properties":{"lu":"Health Neighbourhood","ct":"Proposed","a":0.819},"geometry":{"type":"MultiPolygon","coordinates":[[[[73.73772,32.073],[73.73772,32.07315],[73.73797,32.07315],[73.73796,32.07331],[73.73891,32.07332],[73.73891,32.07302],[73.73772,32.073]]]]}},{"type":"Feature","properties":{"lu":"Health Neighbourhood","ct":"Proposed","a":1.633},"geometry":{"type":"MultiPolygon","coordinates":[[[[73.73894,32.07167],[73.73939,32.07167],[73.73939,32.07152],[73.73959,32.07153],[73.7396,32.07138],[73.73993,32.07141],[73.73992,32.07124],[73.73977,32.07124],[73.73976,32.07104],[73.73948,32.07104],[73.73948,32.07078],[73.73923,32.07078],[73.73921,32.07139],[73.73878,32.07137],[73.73876,32.07157],[73.73859,32.07157],[73.73858,32.07137],[73.73817,32.07137],[73.73823,32.07168],[73.73894,32.07167]]]]}},{"type":"Feature","properties":{"lu":"Health Neighbourhood","ct":"Proposed","a":0.58},"geometry":{"type":"MultiPolygon","coordinates":[[[[73.74033,32.07383],[73.73917,32.07375],[73.73917,32.07361],[73.73896,32.07361],[73.73896,32.0739],[73.74032,32.07394],[73.74033,32.07383]]]]}},{"type":"Feature","properties":{"lu":"Health Neighbourhood","ct":"Proposed","a":0.631},"geometry":{"type":"MultiPolygon","coordinates":[[[[73.73918,32.0734],[73.73921,32.0723],[73.73896,32.0723],[73.73896,32.0734],[73.73918,32.0734]]]]}},{"type":"Feature","properties":{"lu":"Health Neighbourhood","ct":"Proposed","a":38.397},"geometry":{"type":"MultiPolygon","coordinates":[[[[73.737,32.07288],[73.73756,32.07286],[73.73756,32.07263],[73.73777,32.07259],[73.73781,32.07136],[73.73921,32.07139],[73.73923,32.07078],[73.73991,32.07079],[73.73993,32.07141],[73.7396,32.07138],[73.73959,32.07167],[73.74117,32.07169],[73.74172,32.06971],[73.73385,32.06955],[73.73476,32.07069],[73.73535,32.07068],[73.73538,32.07086],[73.73492,32.07089],[73.73587,32.07211],[73.73639,32.07291],[73.737,32.07288]]]]}},{"type":"Feature","properties":{"lu":"Health Neighbourhood","ct":"Proposed","a":8.931},"geometry":{"type":"MultiPolygon","coordinates":[[[[73.74079,32.07314],[73.74117,32.07174],[73.73959,32.0717],[73.73958,32.07197],[73.73923,32.072],[73.73917,32.07375],[73.7406,32.07385],[73.74079,32.07314]]]]}},{"type":"Feature","properties":{"lu":"Educational Neighbourhood","ct":"Proposed","a":62.776},"geometry":{"type":"MultiPolygon","coordinates":[[[[73.27323,31.91584],[73.27356,31.91552],[73.27349,31.91539],[73.27318,31.91558],[73.2731,31.91551],[73.27345,31.91531],[73.27333,31.9151],[73.27349,31.915],[73.27194,31.91255],[73.27196,31.91335],[73.27185,31.91337],[73.27111,31.91273],[73.27116,31.91238],[73.27128,31.91241],[73.27175,31.91222],[73.26943,31.90831],[73.26928,31.90847],[73.26939,31.90855],[73.26927,31.90863],[73.26916,31.90858],[73.26853,31.90958],[73.26881,31.90965],[73.26869,31.91014],[73.26855,31.91013],[73.26854,31.91025],[73.26848,31.91024],[73.26789,31.91595],[73.26805,31.916],[73.2686,31.91586],[73.26863,31.91553],[73.26889,31.91543],[73.26909,31.91558],[73.26965,31.91553],[73.26966,31.91577],[73.27008,31.91578],[73.27014,31.91593],[73.27228,31.91611],[73.27258,31.91648],[73.27323,31.91584]],[[73.27251,31.91571],[73.27219,31.9157],[73.27216,31.91549],[73.27273,31.91554],[73.27301,31.91576],[73.27284,31.91593],[73.27251,31.91571]]]]}},{"type":"Feature","properties":{"lu":"Educational Neighbourhood","ct":"Proposed","a":2.107},"geometry":{"type":"MultiPolygon","coordinates":[[[[73.26848,31.91024],[73.26813,31.91022],[73.26734,31.91145],[73.26805,31.91148],[73.26813,31.91118],[73.26821,31.91119],[73.26822,31.91148],[73.26836,31.91149],[73.26848,31.91024]],[[73.26802,31.91124],[73.2679,31.91124],[73.26787,31.91104],[73.26794,31.91105],[73.26802,31.91124]]]]}},{"type":"Feature","properties":{"lu":"Educational Neighbourhood","ct":"Proposed","a":32.324},"geometry":{"type":"MultiPolygon","coordinates":[[[[73.26904,31.91761],[73.2691,31.91647],[73.27058,31.91653],[73.27058,31.91596],[73.27014,31.91593],[73.27008,31.91578],[73.26966,31.91577],[73.26965,31.91553],[73.26909,31.91558],[73.26889,31.91543],[73.26863,31.91553],[73.2686,31.91586],[73.26805,31.916],[73.26789,31.91595],[73.26779,31.9169],[73.26637,31.9168],[73.26634,31.91744],[73.26373,31.91721],[73.26369,31.9173],[73.2649,31.91811],[73.2664,31.91883],[73.26771,31.91927],[73.26921,31.91956],[73.27,31.91881],[73.26998,31.9185],[73.26983,31.91819],[73.26983,31.91773],[73.26916,31.91769],[73.26904,31.91761]]]]}},{"type":"Feature","properties":{"lu":"Religious Building","ct":"Existing","a":0.007,"nm":"Jamia Masjid Sukheke Mandi"},"geometry":{"type":"MultiPolygon","coordinates":[[[[73.49658,31.86949],[73.49635,31.86951],[73.49629,31.86952],[73.49658,31.8695],[73.49658,31.86949]]]]}},{"type":"Feature","properties":{"lu":"Graveyard","ct":"Existing","a":0.004},"geometry":{"type":"MultiPolygon","coordinates":[[[[73.68977,32.09289],[73.68986,32.09289],[73.68976,32.09286],[73.68977,32.09289]]],[[[73.68976,32.09345],[73.68969,32.09355],[73.68975,32.09347],[73.68976,32.09347],[73.68976,32.09345]]]]}},{"type":"Feature","properties":{"lu":"Religious Building","ct":"Existing","a":0.391,"nm":"Madrasa"},"geometry":{"type":"MultiPolygon","coordinates":[[[[73.68415,32.10085],[73.68414,32.10059],[73.68358,32.10059],[73.68358,32.10087],[73.68415,32.10085]]]]}},{"type":"Feature","properties":{"lu":"Educational Institution - Public","ct":"Existing","a":0.043},"geometry":{"type":"MultiPolygon","coordinates":[[[[73.51697,31.86135],[73.51804,31.86123],[73.51674,31.86137],[73.51697,31.86135]]]]}},{"type":"Feature","properties":{"lu":"Educational Institution - Public","ct":"Existing","a":0.024},"geometry":{"type":"MultiPolygon","coordinates":[[[[73.51879,31.86129],[73.5181,31.86142],[73.51806,31.86129],[73.51808,31.86144],[73.51879,31.86129]]]]}},{"type":"Feature","properties":{"lu":"Religious Building","ct":"Existing","a":0.0},"geometry":{"type":"MultiPolygon","coordinates":[[[[73.289277,31.89947],[73.289222,31.899528],[73.289223,31.899528],[73.289277,31.89947]]]]}},{"type":"Feature","properties":{"lu":"Educational Institution - Private","ct":"Existing","a":0.021},"geometry":{"type":"MultiPolygon","coordinates":[[[[73.28745,31.90202],[73.28702,31.90201],[73.28695,31.90204],[73.28685,31.90203],[73.28685,31.90205],[73.28745,31.90202]]]]}},{"type":"Feature","properties":{"lu":"Religious Building","ct":"Existing","a":0.004},"geometry":{"type":"MultiPolygon","coordinates":[[[[73.28238,31.8972],[73.28237,31.8972],[73.2824,31.89749],[73.28238,31.8972]]]]}},{"type":"Feature","properties":{"lu":"Educational Institution - Public","ct":"Existing","a":0.015},"geometry":{"type":"MultiPolygon","coordinates":[[[[73.29691,31.89289],[73.29653,31.89295],[73.29649,31.89288],[73.29651,31.89296],[73.29691,31.89289]]]]}},{"type":"Feature","properties":{"lu":"Educational Neighbourhood","ct":"Proposed","a":0.007},"geometry":{"type":"MultiPolygon","coordinates":[[[[73.69699,32.05504],[73.69698,32.05484],[73.69697,32.05508],[73.69699,32.05508],[73.69699,32.05504]]]]}},{"type":"Feature","properties":{"lu":"Educational Neighbourhood","ct":"Proposed","a":0.06},"geometry":{"type":"MultiPolygon","coordinates":[[[[73.69705,32.05504],[73.69697,32.05508],[73.69697,32.05483],[73.69693,32.05518],[73.69707,32.05527],[73.69705,32.05504]]]]}},{"type":"Feature","properties":{"lu":"Educational Neighbourhood","ct":"Proposed","a":0.046},"geometry":{"type":"MultiPolygon","coordinates":[[[[73.69715,32.05528],[73.69711,32.05504],[73.69705,32.05504],[73.69707,32.05527],[73.69715,32.05528]]]]}},{"type":"Feature","properties":{"lu":"Educational Neighbourhood","ct":"Proposed","a":1.123},"geometry":{"type":"MultiPolygon","coordinates":[[[[73.69955,32.05694],[73.6996,32.05686],[73.69949,32.05631],[73.69897,32.05638],[73.69899,32.05659],[73.69863,32.05671],[73.69896,32.05702],[73.69955,32.05694]]]]}},{"type":"Feature","properties":{"lu":"Educational Neighbourhood","ct":"Proposed","a":1.377},"geometry":{"type":"MultiPolygon","coordinates":[[[[73.70278,32.05834],[73.70312,32.05831],[73.7022,32.05725],[73.70195,32.05743],[73.70229,32.05798],[73.70235,32.05828],[73.70278,32.05834]]]]}},{"type":"Feature","properties":{"lu":"Educational Neighbourhood","ct":"Proposed","a":2.279},"geometry":{"type":"MultiPolygon","coordinates":[[[[73.70192,32.05739],[73.7022,32.05714],[73.70181,32.05669],[73.70054,32.05687],[73.70056,32.05726],[73.70079,32.05725],[73.70081,32.05744],[73.70157,32.05734],[73.70162,32.0574],[73.70184,32.05729],[73.70192,32.05739]]]]}},{"type":"Feature","properties":{"lu":"Educational Neighbourhood","ct":"Proposed","a":0.0},"geometry":{"type":"MultiPolygon","coordinates":[[[[73.69693,32.05353],[73.69693,32.05351],[73.69692,32.05351],[73.69692,32.05353],[73.69693,32.05353]]]]}},{"type":"Feature","properties":{"lu":"Educational Neighbourhood","ct":"Proposed","a":22.13},"geometry":{"type":"MultiPolygon","coordinates":[[[[73.70054,32.05687],[73.70181,32.05669],[73.69849,32.05279],[73.69753,32.05287],[73.69761,32.05347],[73.69693,32.05351],[73.69699,32.05475],[73.69706,32.05474],[73.69715,32.05528],[73.69928,32.05511],[73.6996,32.05686],[73.69955,32.05694],[73.70054,32.05687]]]]}},{"type":"Feature","properties":{"lu":"Health Neighbourhood","ct":"Proposed","a":6.843},"geometry":{"type":"MultiPolygon","coordinates":[[[[73.6977,32.05163],[73.69951,32.05147],[73.69938,32.05117],[73.6981,32.04975],[73.69751,32.05016],[73.69786,32.05047],[73.69756,32.0508],[73.6972,32.05048],[73.69691,32.05089],[73.69754,32.05165],[73.6977,32.05163]]]]}},{"type":"Feature","properties":{"lu":"Health Neighbourhood","ct":"Proposed","a":32.562},"geometry":{"type":"MultiPolygon","coordinates":[[[[73.70016,32.05201],[73.69971,32.05208],[73.69959,32.05222],[73.6993,32.05226],[73.69937,32.05269],[73.69864,32.05278],[73.70409,32.05921],[73.70476,32.05895],[73.70393,32.05716],[73.70324,32.05538],[73.70016,32.05201]]]]}},{"type":"Feature","properties":{"lu":"Health Neighbourhood","ct":"Proposed","a":0.011},"geometry":{"type":"MultiPolygon","coordinates":[[[[73.69983,32.05206],[73.69963,32.05209],[73.69962,32.05219],[73.69983,32.05206]]]]}},{"type":"Feature","properties":{"lu":"Health Neighbourhood","ct":"Proposed","a":0.427},"geometry":{"type":"MultiPolygon","coordinates":[[[[73.69962,32.05214],[73.69963,32.05209],[73.70016,32.052],[73.69992,32.05149],[73.69975,32.05149],[73.69998,32.05176],[73.69975,32.0518],[73.69972,32.05169],[73.69955,32.05171],[73.6995,32.05155],[73.69959,32.05222],[73.69962,32.05214]],[[73.69993,32.0519],[73.69994,32.05201],[73.6996,32.05205],[73.69958,32.05188],[73.69993,32.0519]]]]}},{"type":"Feature","properties":{"lu":"Health Neighbourhood","ct":"Proposed","a":0.01},"geometry":{"type":"MultiPolygon","coordinates":[[[[73.70016,32.052],[73.70011,32.05188],[73.7001,32.05187],[73.69994,32.05148],[73.69992,32.05149],[73.70016,32.052]]]]}},{"type":"Feature","properties":{"lu":"Educational Institution - Public","ct":"Existing","a":0.011,"nm":"Ghs Rasul Pur Tarar"},"geometry":{"type":"MultiPolygon","coordinates":[[[[73.46019,32.06236],[73.46012,32.06179],[73.46017,32.06232],[73.46017,32.06236],[73.46019,32.06236]]]]}},{"type":"Feature","properties":{"lu":"Graveyard","ct":"Existing","a":8.186},"geometry":{"type":"MultiPolygon","coordinates":[[[[73.69933,32.06732],[73.69929,32.0661],[73.69855,32.06615],[73.69834,32.06571],[73.69666,32.06612],[73.69668,32.06665],[73.69645,32.06664],[73.69646,32.0667],[73.6967,32.06676],[73.69745,32.06687],[73.69751,32.06716],[73.69763,32.06724],[73.69824,32.06734],[73.69933,32.06732]]]]}},{"type":"Feature","properties":{"lu":"Graveyard","ct":"Existing","a":9.677},"geometry":{"type":"MultiPolygon","coordinates":[[[[73.68619,32.06559],[73.68668,32.06554],[73.68662,32.06521],[73.68672,32.06497],[73.687,32.06486],[73.68726,32.06442],[73.68763,32.06423],[73.68752,32.06369],[73.68738,32.06373],[73.68739,32.06385],[73.68668,32.06409],[73.68662,32.06397],[73.68638,32.06405],[73.68616,32.06344],[73.68554,32.06362],[73.68558,32.06435],[73.68574,32.06469],[73.68578,32.06509],[73.6857,32.06465],[73.68555,32.06439],[73.68551,32.06402],[73.6855,32.06414],[73.68449,32.06437],[73.68506,32.06566],[73.68529,32.06562],[73.68528,32.0653],[73.68556,32.06529],[73.68565,32.06562],[73.68619,32.06559]]]]}},{"type":"Feature","properties":{"lu":"Graveyard","ct":"Existing","a":2.199},"geometry":{"type":"MultiPolygon","coordinates":[[[[73.68936,32.06486],[73.68903,32.06472],[73.68834,32.06526],[73.68891,32.06641],[73.68936,32.06486]]]]}},{"type":"Feature","properties":{"lu":"Graveyard","ct":"Existing","a":4.802},"geometry":{"type":"MultiPolygon","coordinates":[[[[73.68512,32.06591],[73.68422,32.06378],[73.68331,32.06367],[73.68314,32.0642],[73.68479,32.06594],[73.6849,32.06602],[73.68512,32.06591]]]]}},{"type":"Feature","properties":{"lu":"Graveyard","ct":"Existing","a":0.83},"geometry":{"type":"MultiPolygon","coordinates":[[[[73.6894,32.06618],[73.68919,32.06615],[73.68923,32.06604],[73.68897,32.06671],[73.68949,32.06667],[73.68954,32.06688],[73.68973,32.06683],[73.68963,32.06633],[73.68946,32.06635],[73.6894,32.06618]]]]}},{"type":"Feature","properties":{"lu":"Graveyard","ct":"Existing","a":0.612},"geometry":{"type":"MultiPolygon","coordinates":[[[[73.69039,32.06875],[73.69009,32.06885],[73.69006,32.06925],[73.69062,32.06923],[73.6906,32.06891],[73.6904,32.06887],[73.69039,32.06875]]]]}},{"type":"Feature","properties":{"lu":"Graveyard","ct":"Existing","a":1.471},"geometry":{"type":"MultiPolygon","coordinates":[[[[73.70077,32.07938],[73.70079,32.07881],[73.70014,32.07867],[73.69988,32.07874],[73.69983,32.07893],[73.70029,32.07951],[73.70045,32.07936],[73.70077,32.07938]]]]}},{"type":"Feature","properties":{"lu":"Disposal Site","ct":"Existing","a":0.143},"geometry":{"type":"MultiPolygon","coordinates":[[[[73.71917,32.07789],[73.71915,32.07774],[73.71879,32.07778],[73.71881,32.07792],[73.71917,32.07789]]]]}},{"type":"Feature","properties":{"lu":"Graveyard","ct":"Existing","a":3.433},"geometry":{"type":"MultiPolygon","coordinates":[[[[73.68964,32.08474],[73.68978,32.08412],[73.68825,32.08379],[73.68808,32.08439],[73.68801,32.08439],[73.68788,32.085],[73.68822,32.08507],[73.68834,32.08461],[73.68892,32.08473],[73.68914,32.08463],[73.68964,32.08474]]]]}},{"type":"Feature","properties":{"lu":"Graveyard","ct":"Existing","a":5.573},"geometry":{"type":"MultiPolygon","coordinates":[[[[73.66482,32.07167],[73.66429,32.07052],[73.66301,32.07055],[73.663,32.07067],[73.6627,32.07076],[73.66279,32.07125],[73.66345,32.07186],[73.66378,32.07171],[73.66393,32.072],[73.66482,32.07167]]]]}},{"type":"Feature","properties":{"lu":"Graveyard","ct":"Existing","a":0.962},"geometry":{"type":"MultiPolygon","coordinates":[[[[73.27659,31.89206],[73.27673,31.8919],[73.27671,31.8915],[73.27665,31.89139],[73.27634,31.89137],[73.27613,31.89152],[73.27607,31.89183],[73.27629,31.89202],[73.27659,31.89206]]]]}},{"type":"Feature","properties":{"lu":"Graveyard","ct":"Existing","a":4.408},"geometry":{"type":"MultiPolygon","coordinates":[[[[73.29813,31.89656],[73.29791,31.89564],[73.29652,31.89576],[73.29747,31.89691],[73.29782,31.89697],[73.29787,31.89663],[73.29793,31.89665],[73.2979,31.89687],[73.29821,31.89688],[73.2983,31.89726],[73.29883,31.8972],[73.29872,31.89652],[73.29813,31.89656]]]]}},{"type":"Feature","properties":{"lu":"Graveyard","ct":"Existing","a":3.963},"geometry":{"type":"MultiPolygon","coordinates":[[[[73.2976,31.89722],[73.29645,31.89577],[73.29554,31.89581],[73.29581,31.89653],[73.29789,31.89757],[73.2976,31.89722]]]]}},{"type":"Feature","properties":{"lu":"Graveyard","ct":"Existing","a":13.346},"geometry":{"type":"MultiPolygon","coordinates":[[[[73.26962,31.89876],[73.2694,31.89879],[73.26928,31.89862],[73.26933,31.89836],[73.26942,31.89835],[73.26943,31.8981],[73.26911,31.8981],[73.26901,31.89796],[73.26904,31.89749],[73.26879,31.89735],[73.26882,31.8973],[73.26776,31.89686],[73.2672,31.89703],[73.26688,31.89737],[73.26663,31.89793],[73.26674,31.89833],[73.26708,31.89882],[73.26713,31.89916],[73.26764,31.89931],[73.26821,31.89935],[73.2683,31.89945],[73.26878,31.89952],[73.26872,31.89918],[73.26924,31.89913],[73.26928,31.89897],[73.26943,31.89894],[73.26962,31.89876]]]]}},{"type":"Feature","properties":{"lu":"Graveyard","ct":"Existing","a":0.59},"geometry":{"type":"MultiPolygon","coordinates":[[[[73.2779,31.89828],[73.27798,31.89824],[73.27793,31.89812],[73.278,31.8981],[73.27793,31.89783],[73.27742,31.89792],[73.27754,31.89837],[73.2779,31.89828]]]]}},{"type":"Feature","properties":{"lu":"Graveyard","ct":"Existing","a":0.049},"geometry":{"type":"MultiPolygon","coordinates":[[[[73.27438,31.9019],[73.27439,31.90178],[73.27421,31.90182],[73.27421,31.90192],[73.27438,31.9019]]]]}},{"type":"Feature","properties":{"lu":"Graveyard","ct":"Existing","a":1.233},"geometry":{"type":"MultiPolygon","coordinates":[[[[73.3789,32.05974],[73.37889,32.05925],[73.37875,32.05925],[73.37875,32.05893],[73.37838,32.05891],[73.37838,32.05897],[73.37828,32.05897],[73.37822,32.05942],[73.37832,32.05976],[73.3789,32.05974]]]]}},{"type":"Feature","properties":{"lu":"Disposal Site","ct":"Existing","a":0.307},"geometry":{"type":"MultiPolygon","coordinates":[[[[73.49873,31.86066],[73.49866,31.86051],[73.49815,31.86078],[73.49829,31.86097],[73.49873,31.86066]]]]}},{"type":"Feature","properties":{"lu":"Graveyard","ct":"Existing","a":3.915},"geometry":{"type":"MultiPolygon","coordinates":[[[[73.50527,31.86116],[73.5058,31.86083],[73.50455,31.85917],[73.50394,31.85956],[73.50521,31.8612],[73.50527,31.86116]]]]}},{"type":"Feature","properties":{"lu":"Graveyard","ct":"Existing","a":3.966},"geometry":{"type":"MultiPolygon","coordinates":[[[[73.47633,31.87501],[73.47661,31.87481],[73.47731,31.87341],[73.47729,31.87317],[73.47568,31.87371],[73.47604,31.87444],[73.47617,31.87499],[73.47633,31.87501]]]]}},{"type":"Feature","properties":{"lu":"Disposal Site","ct":"Existing","a":0.162},"geometry":{"type":"MultiPolygon","coordinates":[[[[73.50634,31.86271],[73.50622,31.86255],[73.50596,31.86273],[73.50607,31.86289],[73.50634,31.86271]]]]}},{"type":"Feature","properties":{"lu":"Disposal Site","ct":"Existing","a":0.007},"geometry":{"type":"MultiPolygon","coordinates":[[[[73.46702,31.87648],[73.46701,31.87644],[73.46693,31.87646],[73.46694,31.87649],[73.46702,31.87648]]]]}},{"type":"Feature","properties":{"lu":"Graveyard","ct":"Existing","a":0.256},"geometry":{"type":"MultiPolygon","coordinates":[[[[73.47667,31.87481],[73.47611,31.87526],[73.47682,31.8751],[73.47667,31.87481]]]]}},{"type":"Feature","properties":{"lu":"Graveyard","ct":"Existing","a":0.541},"geometry":{"type":"MultiPolygon","coordinates":[[[[73.584,32.21199],[73.58348,32.212],[73.58337,32.21244],[73.58401,32.21228],[73.584,32.21199]]]]}},{"type":"Feature","properties":{"lu":"Graveyard","ct":"Existing","a":0.185},"geometry":{"type":"MultiPolygon","coordinates":[[[[73.58366,32.21244],[73.58369,32.21257],[73.58402,32.21263],[73.58404,32.21234],[73.58366,32.21244]]]]}},{"type":"Feature","properties":{"lu":"Graveyard","ct":"Existing","a":0.744},"geometry":{"type":"MultiPolygon","coordinates":[[[[73.58468,32.21219],[73.5841,32.21233],[73.58406,32.21273],[73.58471,32.21274],[73.58468,32.21219]]]]}},{"type":"Feature","properties":{"lu":"Graveyard","ct":"Existing","a":0.482},"geometry":{"type":"MultiPolygon","coordinates":[[[[73.5857,32.21744],[73.58573,32.21686],[73.58542,32.21686],[73.58538,32.21743],[73.5857,32.21744]]]]}},{"type":"Feature","properties":{"lu":"Graveyard","ct":"Existing","a":3.584},"geometry":{"type":"MultiPolygon","coordinates":[[[[73.60419,31.97957],[73.60503,31.97941],[73.60479,31.97839],[73.60367,31.97863],[73.60324,31.97882],[73.60398,31.97963],[73.60419,31.97957]]]]}},{"type":"Feature","properties":{"lu":"Graveyard","ct":"Existing","a":0.536},"geometry":{"type":"MultiPolygon","coordinates":[[[[73.69712,32.06598],[73.69699,32.06557],[73.69667,32.06561],[73.69657,32.06573],[73.69664,32.06609],[73.69712,32.06598]]]]}},{"type":"Feature","properties":{"lu":"Disposal Site","ct":"Existing","a":1.61},"geometry":{"type":"MultiPolygon","coordinates":[[[[73.67553,32.07683],[73.67514,32.07655],[73.67435,32.0771],[73.67462,32.07731],[73.67441,32.07742],[73.67451,32.07754],[73.67469,32.07758],[73.67536,32.07701],[73.67552,32.07711],[73.67567,32.07695],[73.67553,32.07683]]]]}},{"type":"Feature","properties":{"lu":"Disposal Site","ct":"Existing","a":0.592},"geometry":{"type":"MultiPolygon","coordinates":[[[[73.66506,32.05679],[73.66521,32.05665],[73.66481,32.0564],[73.66446,32.05676],[73.66484,32.057],[73.66506,32.05679]]]]}},{"type":"Feature","properties":{"lu":"Educational Institution - Private","ct":"Existing","a":1.511,"nm":"Superior College"},"geometry":{"type":"MultiPolygon","coordinates":[[[[73.26705,31.91021],[73.26704,31.91032],[73.26768,31.91037],[73.26812,31.90969],[73.26711,31.90963],[73.26705,31.91021]]]]}},{"type":"Feature","properties":{"lu":"Educational Institution - Public","ct":"Existing","a":0.269},"geometry":{"type":"MultiPolygon","coordinates":[[[[73.62848,32.06814],[73.62815,32.06795],[73.62803,32.06824],[73.62835,32.06836],[73.62848,32.06814]]]]}},{"type":"Feature","properties":{"lu":"Waste Water Treatment Plant","ct":"Proposed","a":85.084,"nm":"Proposed Treatment Plant 2"},"geometry":{"type":"MultiPolygon","coordinates":[[[[73.64346,32.057],[73.64434,32.05496],[73.64432,32.05181],[73.6378,32.0518],[73.63768,32.05684],[73.64346,32.057]]]]}}]}