{"type":"FeatureCollection","features":[{"type":"Feature","properties":{"lu":"Commercial","ct":"Existing","a":0.037},"geometry":{"type":"MultiPolygon","coordinates":[[[[73.79639,32.05828],[73.79631,32.05814],[73.79622,32.05817],[73.79629,32.0583],[73.79639,32.05828]]]]}},{"type":"Feature","properties":{"lu":"Commercial","ct":"Existing","a":0.036},"geometry":{"type":"MultiPolygon","coordinates":[[[[73.79642,32.05815],[73.79631,32.05814],[73.79639,32.05828],[73.79648,32.05825],[73.79642,32.05815]]]]}},{"type":"Feature","properties":{"lu":"Commercial","ct":"Existing","a":0.004},"geometry":{"type":"MultiPolygon","coordinates":[[[[73.79645,32.05814],[73.79644,32.05812],[73.79644,32.0581],[73.7964,32.05811],[73.7964,32.05813],[73.79642,32.05815],[73.79643,32.05815],[73.79645,32.05814]]]]}},{"type":"Feature","properties":{"lu":"Commercial","ct":"Existing","a":0.003},"geometry":{"type":"MultiPolygon","coordinates":[[[[73.79648,32.05813],[73.79646,32.05811],[73.79645,32.0581],[73.79644,32.0581],[73.79644,32.05812],[73.79645,32.05814],[73.79646,32.05814],[73.79648,32.05813]]]]}},{"type":"Feature","properties":{"lu":"Commercial","ct":"Existing","a":0.004},"geometry":{"type":"MultiPolygon","coordinates":[[[[73.79645,32.0581],[73.79646,32.05811],[73.79648,32.05813],[73.7965,32.05812],[73.79651,32.05811],[73.79648,32.05809],[73.79645,32.0581]]]]}},{"type":"Feature","properties":{"lu":"Commercial","ct":"Existing","a":0.011},"geometry":{"type":"MultiPolygon","coordinates":[[[[73.79721,32.05867],[73.79718,32.05865],[73.79711,32.05868],[73.79717,32.05872],[73.79722,32.05868],[73.79721,32.05867]]]]}},{"type":"Feature","properties":{"lu":"Commercial","ct":"Existing","a":0.004},"geometry":{"type":"MultiPolygon","coordinates":[[[[73.79729,32.05862],[73.79727,32.0586],[73.79726,32.0586],[73.79723,32.05862],[73.79725,32.05864],[73.79729,32.05862]]]]}},{"type":"Feature","properties":{"lu":"Commercial","ct":"Existing","a":0.004},"geometry":{"type":"MultiPolygon","coordinates":[[[[73.79732,32.05864],[73.7973,32.05862],[73.79729,32.05862],[73.79725,32.05864],[73.79729,32.05867],[73.79729,32.05866],[73.79732,32.05864]]]]}},{"type":"Feature","properties":{"lu":"Commercial","ct":"Existing","a":0.005},"geometry":{"type":"MultiPolygon","coordinates":[[[[73.79732,32.05874],[73.7973,32.05872],[73.79729,32.05873],[73.79725,32.05877],[73.79728,32.05878],[73.7973,32.05877],[73.79732,32.05874]]]]}},{"type":"Feature","properties":{"lu":"Commercial","ct":"Existing","a":0.003},"geometry":{"type":"MultiPolygon","coordinates":[[[[73.79732,32.05864],[73.79729,32.05866],[73.79729,32.05867],[73.7973,32.05867],[73.79732,32.05868],[73.79734,32.05865],[73.79733,32.05864],[73.79732,32.05864]]]]}},{"type":"Feature","properties":{"lu":"Commercial","ct":"Existing","a":0.002},"geometry":{"type":"MultiPolygon","coordinates":[[[[73.7974,32.0587],[73.79739,32.05867],[73.79736,32.0587],[73.79737,32.05871],[73.79739,32.05872],[73.7974,32.0587]]]]}},{"type":"Feature","properties":{"lu":"Commercial","ct":"Existing","a":0.006},"geometry":{"type":"MultiPolygon","coordinates":[[[[73.79735,32.05876],[73.79732,32.05874],[73.7973,32.05877],[73.79728,32.05878],[73.79733,32.0588],[73.79734,32.05878],[73.79735,32.05876]]]]}},{"type":"Feature","properties":{"lu":"Commercial","ct":"Existing","a":0.006},"geometry":{"type":"MultiPolygon","coordinates":[[[[73.79738,32.05881],[73.79739,32.05879],[73.7974,32.05879],[73.79735,32.05876],[73.79734,32.05878],[73.79733,32.0588],[73.79737,32.05882],[73.79738,32.05881]]]]}},{"type":"Feature","properties":{"lu":"Commercial","ct":"Existing","a":0.005},"geometry":{"type":"MultiPolygon","coordinates":[[[[73.7974,32.05879],[73.79739,32.05879],[73.79738,32.05881],[73.7974,32.05882],[73.79742,32.05884],[73.79744,32.05881],[73.79744,32.0588],[73.79742,32.05879],[73.7974,32.05879]]]]}},{"type":"Feature","properties":{"lu":"Commercial","ct":"Existing","a":0.002},"geometry":{"type":"MultiPolygon","coordinates":[[[[73.79743,32.05874],[73.79744,32.05871],[73.79742,32.0587],[73.7974,32.05872],[73.79743,32.05874]]]]}},{"type":"Feature","properties":{"lu":"Commercial","ct":"Existing","a":0.005},"geometry":{"type":"MultiPolygon","coordinates":[[[[73.79749,32.05873],[73.7975,32.05872],[73.79749,32.05871],[73.79747,32.05872],[73.79744,32.05871],[73.79743,32.05874],[73.79746,32.05876],[73.79749,32.05873]]]]}},{"type":"Feature","properties":{"lu":"Commercial","ct":"Existing","a":0.005},"geometry":{"type":"MultiPolygon","coordinates":[[[[73.79751,32.05883],[73.79747,32.05881],[73.79746,32.05882],[73.79745,32.05885],[73.79748,32.05888],[73.79749,32.05885],[73.79751,32.05883]]]]}},{"type":"Feature","properties":{"lu":"Commercial","ct":"Existing","a":0.003},"geometry":{"type":"MultiPolygon","coordinates":[[[[73.79749,32.05873],[73.79746,32.05876],[73.79748,32.05878],[73.79751,32.05875],[73.79749,32.05873]]]]}},{"type":"Feature","properties":{"lu":"Commercial","ct":"Existing","a":0.003},"geometry":{"type":"MultiPolygon","coordinates":[[[[73.7976,32.05874],[73.79759,32.05872],[73.79755,32.05873],[73.79757,32.05876],[73.7976,32.05874]]]]}},{"type":"Feature","properties":{"lu":"Commercial","ct":"Existing","a":0.004},"geometry":{"type":"MultiPolygon","coordinates":[[[[73.79755,32.05885],[73.79752,32.05884],[73.7975,32.05888],[73.79753,32.0589],[73.79755,32.05885]]]]}},{"type":"Feature","properties":{"lu":"Commercial","ct":"Existing","a":0.006},"geometry":{"type":"MultiPolygon","coordinates":[[[[73.79765,32.0588],[73.79764,32.05879],[73.7976,32.05881],[73.79761,32.05882],[73.79762,32.05883],[73.79763,32.05885],[73.79767,32.05883],[73.79766,32.05881],[73.79765,32.0588]]]]}},{"type":"Feature","properties":{"lu":"Commercial","ct":"Existing","a":0.003},"geometry":{"type":"MultiPolygon","coordinates":[[[[73.79761,32.0589],[73.79758,32.05888],[73.79757,32.05891],[73.79759,32.05893],[73.79761,32.0589]]]]}},{"type":"Feature","properties":{"lu":"Commercial","ct":"Existing","a":0.005},"geometry":{"type":"MultiPolygon","coordinates":[[[[73.79765,32.05899],[73.79767,32.05894],[73.79763,32.05892],[73.79762,32.05896],[73.79765,32.05899]]]]}},{"type":"Feature","properties":{"lu":"Commercial","ct":"Existing","a":0.002},"geometry":{"type":"MultiPolygon","coordinates":[[[[73.79765,32.05899],[73.79768,32.05901],[73.79769,32.05898],[73.79768,32.05896],[73.79765,32.05899]]]]}},{"type":"Feature","properties":{"lu":"Commercial","ct":"Existing","a":0.004},"geometry":{"type":"MultiPolygon","coordinates":[[[[73.79776,32.05893],[73.79774,32.0589],[73.79773,32.0589],[73.7977,32.05892],[73.79772,32.05894],[73.79776,32.05893]]]]}},{"type":"Feature","properties":{"lu":"Commercial","ct":"Existing","a":0.001},"geometry":{"type":"MultiPolygon","coordinates":[[[[73.79772,32.059],[73.7977,32.05899],[73.79769,32.05902],[73.79771,32.05903],[73.79772,32.059]]]]}},{"type":"Feature","properties":{"lu":"Commercial","ct":"Existing","a":0.004},"geometry":{"type":"MultiPolygon","coordinates":[[[[73.7978,32.05897],[73.79777,32.05894],[73.79773,32.05896],[73.79776,32.05898],[73.7978,32.05897]]]]}},{"type":"Feature","properties":{"lu":"Commercial","ct":"Existing","a":0.003},"geometry":{"type":"MultiPolygon","coordinates":[[[[73.79774,32.05909],[73.79775,32.05906],[73.79773,32.05904],[73.79771,32.05907],[73.79774,32.05909]]]]}},{"type":"Feature","properties":{"lu":"Commercial","ct":"Existing","a":0.002},"geometry":{"type":"MultiPolygon","coordinates":[[[[73.79774,32.05909],[73.79776,32.05911],[73.79778,32.05909],[73.79776,32.05907],[73.79774,32.05909]]]]}},{"type":"Feature","properties":{"lu":"Commercial","ct":"Existing","a":0.003},"geometry":{"type":"MultiPolygon","coordinates":[[[[73.79785,32.05903],[73.79784,32.059],[73.79783,32.059],[73.79779,32.05902],[73.79781,32.05904],[73.79785,32.05903]]]]}},{"type":"Feature","properties":{"lu":"Commercial","ct":"Existing","a":0.002},"geometry":{"type":"MultiPolygon","coordinates":[[[[73.79778,32.0591],[73.79777,32.05911],[73.79778,32.05914],[73.7978,32.05912],[73.79778,32.0591]]]]}},{"type":"Feature","properties":{"lu":"Commercial","ct":"Existing","a":0.003},"geometry":{"type":"MultiPolygon","coordinates":[[[[73.79827,32.06014],[73.79825,32.0601],[73.79822,32.0601],[73.79823,32.06012],[73.79824,32.06014],[73.79827,32.06014]]]]}},{"type":"Feature","properties":{"lu":"Commercial","ct":"Existing","a":0.008},"geometry":{"type":"MultiPolygon","coordinates":[[[[73.79819,32.06015],[73.79817,32.06009],[73.79812,32.06011],[73.79815,32.06017],[73.79819,32.06015]]]]}},{"type":"Feature","properties":{"lu":"Commercial","ct":"Existing","a":0.003},"geometry":{"type":"MultiPolygon","coordinates":[[[[73.79823,32.06026],[73.79821,32.06023],[73.79818,32.06023],[73.79819,32.06026],[73.79823,32.06026]]]]}},{"type":"Feature","properties":{"lu":"Commercial","ct":"Existing","a":0.006},"geometry":{"type":"MultiPolygon","coordinates":[[[[73.79833,32.06021],[73.79832,32.06017],[73.79826,32.06018],[73.79828,32.06023],[73.79833,32.06021]]]]}},{"type":"Feature","properties":{"lu":"Commercial","ct":"Existing","a":0.011},"geometry":{"type":"MultiPolygon","coordinates":[[[[73.79837,32.06026],[73.79836,32.06022],[73.79826,32.06025],[73.79827,32.06028],[73.79832,32.06028],[73.79837,32.06026]]]]}},{"type":"Feature","properties":{"lu":"Commercial","ct":"Existing","a":0.006},"geometry":{"type":"MultiPolygon","coordinates":[[[[73.79827,32.06042],[73.79826,32.06039],[73.7982,32.0604],[73.79822,32.06044],[73.79824,32.06043],[73.79827,32.06042]]]]}},{"type":"Feature","properties":{"lu":"Commercial","ct":"Existing","a":0.008},"geometry":{"type":"MultiPolygon","coordinates":[[[[73.79838,32.06038],[73.79838,32.06037],[73.7983,32.06039],[73.79831,32.06043],[73.79833,32.06043],[73.79838,32.06041],[73.79838,32.06038]]]]}},{"type":"Feature","properties":{"lu":"Commercial","ct":"Existing","a":0.009},"geometry":{"type":"MultiPolygon","coordinates":[[[[73.79829,32.06056],[73.79829,32.06051],[73.79828,32.06051],[73.79822,32.06051],[73.79823,32.06057],[73.79826,32.06056],[73.79829,32.06056]]]]}},{"type":"Feature","properties":{"lu":"Commercial","ct":"Existing","a":0.012},"geometry":{"type":"MultiPolygon","coordinates":[[[[73.79833,32.06063],[73.79832,32.06058],[73.79825,32.0606],[73.79827,32.06066],[73.79834,32.06065],[73.79833,32.06063]]]]}},{"type":"Feature","properties":{"lu":"Commercial","ct":"Existing","a":0.008},"geometry":{"type":"MultiPolygon","coordinates":[[[[73.79843,32.06058],[73.7984,32.06053],[73.79835,32.06054],[73.79838,32.0606],[73.79843,32.06058]]]]}},{"type":"Feature","properties":{"lu":"Commercial","ct":"Existing","a":0.013},"geometry":{"type":"MultiPolygon","coordinates":[[[[73.79837,32.06075],[73.79836,32.0607],[73.79832,32.0607],[73.79831,32.06071],[73.79826,32.06072],[73.79826,32.06073],[73.79827,32.06076],[73.79837,32.06075]]]]}},{"type":"Feature","properties":{"lu":"Commercial","ct":"Existing","a":0.014},"geometry":{"type":"MultiPolygon","coordinates":[[[[73.79837,32.06075],[73.79827,32.06076],[73.79829,32.06082],[73.79838,32.0608],[73.79837,32.06075]]]]}},{"type":"Feature","properties":{"lu":"Commercial","ct":"Existing","a":0.015},"geometry":{"type":"MultiPolygon","coordinates":[[[[73.79857,32.06088],[73.79853,32.06079],[73.79848,32.0608],[73.79848,32.06082],[73.79851,32.0609],[73.79857,32.06088]]]]}},{"type":"Feature","properties":{"lu":"Commercial","ct":"Existing","a":0.012},"geometry":{"type":"MultiPolygon","coordinates":[[[[73.79863,32.06101],[73.79861,32.06096],[73.79854,32.06098],[73.79855,32.06103],[73.79861,32.06102],[73.79863,32.06101]]]]}},{"type":"Feature","properties":{"lu":"Commercial","ct":"Existing","a":0.016},"geometry":{"type":"MultiPolygon","coordinates":[[[[73.79849,32.06108],[73.79846,32.06104],[73.79836,32.06106],[73.79838,32.06112],[73.79849,32.06108]]]]}},{"type":"Feature","properties":{"lu":"Commercial","ct":"Existing","a":0.014},"geometry":{"type":"MultiPolygon","coordinates":[[[[73.79851,32.06117],[73.7985,32.06112],[73.79839,32.06115],[73.7984,32.06116],[73.79841,32.06119],[73.79847,32.06118],[73.79851,32.06117]]]]}},{"type":"Feature","properties":{"lu":"Commercial","ct":"Existing","a":0.011},"geometry":{"type":"MultiPolygon","coordinates":[[[[73.79866,32.0611],[73.79865,32.06105],[73.79858,32.06107],[73.79856,32.06108],[73.79857,32.06113],[73.7986,32.06112],[73.79866,32.0611]]]]}},{"type":"Feature","properties":{"lu":"Commercial","ct":"Existing","a":0.017},"geometry":{"type":"MultiPolygon","coordinates":[[[[73.79871,32.06118],[73.79868,32.06112],[73.7986,32.06114],[73.79862,32.06121],[73.79871,32.06118]]]]}},{"type":"Feature","properties":{"lu":"Commercial","ct":"Existing","a":0.021},"geometry":{"type":"MultiPolygon","coordinates":[[[[73.79855,32.06132],[73.79853,32.06124],[73.79843,32.06127],[73.79846,32.06134],[73.79855,32.06132]]]]}},{"type":"Feature","properties":{"lu":"Commercial","ct":"Existing","a":0.022},"geometry":{"type":"MultiPolygon","coordinates":[[[[73.79883,32.06135],[73.79882,32.06131],[73.79879,32.06132],[73.79878,32.0613],[73.79873,32.06131],[73.79865,32.06134],[73.79867,32.06138],[73.79871,32.06137],[73.79883,32.06135]]]]}},{"type":"Feature","properties":{"lu":"Commercial","ct":"Existing","a":0.013},"geometry":{"type":"MultiPolygon","coordinates":[[[[73.79879,32.06142],[73.79869,32.06139],[73.7987,32.06145],[73.79879,32.06142]]]]}},{"type":"Feature","properties":{"lu":"Commercial","ct":"Existing","a":0.019},"geometry":{"type":"MultiPolygon","coordinates":[[[[73.79864,32.06152],[73.79863,32.06145],[73.79852,32.06147],[73.79855,32.06154],[73.79864,32.06152]]]]}},{"type":"Feature","properties":{"lu":"Commercial","ct":"Existing","a":0.043},"geometry":{"type":"MultiPolygon","coordinates":[[[[73.79879,32.06142],[73.7987,32.06145],[73.79873,32.06151],[73.79889,32.06153],[73.79879,32.06142]]]]}},{"type":"Feature","properties":{"lu":"Commercial","ct":"Existing","a":0.005},"geometry":{"type":"MultiPolygon","coordinates":[[[[73.79899,32.06157],[73.79897,32.06153],[73.79892,32.06155],[73.79893,32.06158],[73.79899,32.06157]]]]}},{"type":"Feature","properties":{"lu":"Commercial","ct":"Existing","a":0.031},"geometry":{"type":"MultiPolygon","coordinates":[[[[73.79874,32.06178],[73.7987,32.06168],[73.7986,32.06171],[73.79863,32.06181],[73.79874,32.06178]]]]}},{"type":"Feature","properties":{"lu":"Commercial","ct":"Existing","a":0.056},"geometry":{"type":"MultiPolygon","coordinates":[[[[73.79882,32.06201],[73.79877,32.06186],[73.79863,32.06191],[73.7987,32.06206],[73.79882,32.06201]]]]}},{"type":"Feature","properties":{"lu":"Commercial","ct":"Existing","a":0.018},"geometry":{"type":"MultiPolygon","coordinates":[[[[73.79896,32.06186],[73.79894,32.06181],[73.7989,32.06182],[73.79881,32.06184],[73.79883,32.06189],[73.79885,32.06188],[73.79896,32.06186]]]]}},{"type":"Feature","properties":{"lu":"Commercial","ct":"Existing","a":0.015},"geometry":{"type":"MultiPolygon","coordinates":[[[[73.79898,32.06203],[73.79897,32.06198],[73.79886,32.062],[73.79887,32.06205],[73.79898,32.06203]]]]}},{"type":"Feature","properties":{"lu":"Commercial","ct":"Existing","a":0.043},"geometry":{"type":"MultiPolygon","coordinates":[[[[73.79914,32.06217],[73.79909,32.0621],[73.79893,32.06213],[73.79896,32.06222],[73.79914,32.06217]]]]}},{"type":"Feature","properties":{"lu":"Commercial","ct":"Existing","a":0.032},"geometry":{"type":"MultiPolygon","coordinates":[[[[73.79916,32.06243],[73.79915,32.06233],[73.79901,32.06236],[73.79904,32.06245],[73.79916,32.06243]]]]}},{"type":"Feature","properties":{"lu":"Commercial","ct":"Existing","a":0.052},"geometry":{"type":"MultiPolygon","coordinates":[[[[73.79905,32.06263],[73.79902,32.06251],[73.79885,32.06255],[73.79888,32.06266],[73.79905,32.06263]]]]}},{"type":"Feature","properties":{"lu":"Commercial","ct":"Existing","a":0.025},"geometry":{"type":"MultiPolygon","coordinates":[[[[73.79918,32.06177],[73.79904,32.06167],[73.79905,32.06177],[73.79918,32.06177]]]]}},{"type":"Feature","properties":{"lu":"Commercial","ct":"Existing","a":0.047},"geometry":{"type":"MultiPolygon","coordinates":[[[[73.79918,32.06177],[73.79914,32.06188],[73.79935,32.06182],[73.79918,32.06177]]]]}},{"type":"Feature","properties":{"lu":"Commercial","ct":"Existing","a":0.026},"geometry":{"type":"MultiPolygon","coordinates":[[[[73.7995,32.06185],[73.79942,32.06183],[73.79942,32.06197],[73.79952,32.06196],[73.7995,32.06185]]]]}},{"type":"Feature","properties":{"lu":"Commercial","ct":"Existing","a":0.01},"geometry":{"type":"MultiPolygon","coordinates":[[[[73.79952,32.06175],[73.79945,32.06172],[73.79943,32.06176],[73.7995,32.0618],[73.79952,32.06175]]]]}},{"type":"Feature","properties":{"lu":"Commercial","ct":"Existing","a":0.012},"geometry":{"type":"MultiPolygon","coordinates":[[[[73.79963,32.0618],[73.79955,32.06176],[73.79953,32.06182],[73.79961,32.06184],[73.79963,32.0618]]]]}},{"type":"Feature","properties":{"lu":"Commercial","ct":"Existing","a":0.013},"geometry":{"type":"MultiPolygon","coordinates":[[[[73.79963,32.0618],[73.79967,32.06189],[73.79971,32.06185],[73.79963,32.0618]]]]}},{"type":"Feature","properties":{"lu":"Commercial","ct":"Existing","a":0.016},"geometry":{"type":"MultiPolygon","coordinates":[[[[73.79968,32.06198],[73.79955,32.06191],[73.79955,32.06199],[73.79968,32.06198]]]]}},{"type":"Feature","properties":{"lu":"Commercial","ct":"Existing","a":0.053},"geometry":{"type":"MultiPolygon","coordinates":[[[[73.79978,32.06199],[73.79967,32.06196],[73.79966,32.06215],[73.79978,32.06216],[73.79978,32.06199]]]]}},{"type":"Feature","properties":{"lu":"Commercial","ct":"Existing","a":0.079},"geometry":{"type":"MultiPolygon","coordinates":[[[[73.7999,32.06188],[73.79988,32.06174],[73.79973,32.06176],[73.79975,32.06191],[73.79994,32.06195],[73.7999,32.06188]]]]}},{"type":"Feature","properties":{"lu":"Commercial","ct":"Existing","a":0.058},"geometry":{"type":"MultiPolygon","coordinates":[[[[73.79978,32.06199],[73.79978,32.06217],[73.79992,32.06215],[73.79992,32.06203],[73.79978,32.06199]]]]}},{"type":"Feature","properties":{"lu":"Commercial","ct":"Existing","a":0.041},"geometry":{"type":"MultiPolygon","coordinates":[[[[73.79949,32.0626],[73.79944,32.06271],[73.7996,32.0627],[73.79958,32.0626],[73.79949,32.0626]]]]}},{"type":"Feature","properties":{"lu":"Commercial","ct":"Existing","a":0.017},"geometry":{"type":"MultiPolygon","coordinates":[[[[73.79355,32.04697],[73.79356,32.04689],[73.79348,32.04689],[73.79348,32.04697],[73.79355,32.04697]]]]}},{"type":"Feature","properties":{"lu":"Commercial","ct":"Existing","a":0.012},"geometry":{"type":"MultiPolygon","coordinates":[[[[73.79338,32.04688],[73.79334,32.04698],[73.7934,32.04698],[73.79338,32.04688]]]]}},{"type":"Feature","properties":{"lu":"Commercial","ct":"Existing","a":0.009},"geometry":{"type":"MultiPolygon","coordinates":[[[[73.79354,32.0468],[73.79349,32.0468],[73.79348,32.04686],[73.79354,32.04688],[73.79354,32.0468]]]]}},{"type":"Feature","properties":{"lu":"Commercial","ct":"Existing","a":0.005},"geometry":{"type":"MultiPolygon","coordinates":[[[[73.79353,32.04674],[73.79349,32.04673],[73.79349,32.04678],[73.79353,32.04677],[73.79353,32.04674]]]]}},{"type":"Feature","properties":{"lu":"Commercial","ct":"Existing","a":0.008},"geometry":{"type":"MultiPolygon","coordinates":[[[[73.79355,32.04669],[73.79355,32.04662],[73.7935,32.04662],[73.7935,32.04668],[73.79355,32.04669]]]]}},{"type":"Feature","properties":{"lu":"Commercial","ct":"Existing","a":0.004},"geometry":{"type":"MultiPolygon","coordinates":[[[[73.79355,32.04656],[73.7935,32.04655],[73.7935,32.04659],[73.79355,32.0466],[73.79355,32.04656]]]]}},{"type":"Feature","properties":{"lu":"Commercial","ct":"Existing","a":0.006},"geometry":{"type":"MultiPolygon","coordinates":[[[[73.79356,32.04653],[73.79356,32.04649],[73.7935,32.04649],[73.7935,32.04653],[73.79356,32.04653]]]]}},{"type":"Feature","properties":{"lu":"Commercial","ct":"Existing","a":0.014},"geometry":{"type":"MultiPolygon","coordinates":[[[[73.79162,32.01798],[73.79159,32.0179],[73.79153,32.01792],[73.79155,32.01799],[73.79162,32.01798]]]]}},{"type":"Feature","properties":{"lu":"Commercial","ct":"Existing","a":2.068},"geometry":{"type":"MultiPolygon","coordinates":[[[[73.81249,32.03167],[73.81208,32.03087],[73.81124,32.0311],[73.81187,32.03201],[73.81252,32.03173],[73.81249,32.03167]]]]}},{"type":"Feature","properties":{"lu":"Commercial","ct":"Existing","a":0.099},"geometry":{"type":"MultiPolygon","coordinates":[[[[73.80912,32.03185],[73.80933,32.03168],[73.80925,32.03159],[73.80903,32.03169],[73.80912,32.03185]]]]}},{"type":"Feature","properties":{"lu":"Commercial","ct":"Existing","a":0.058},"geometry":{"type":"MultiPolygon","coordinates":[[[[73.80864,32.03208],[73.80871,32.0322],[73.80883,32.03212],[73.80874,32.03193],[73.80876,32.03201],[73.80864,32.03208]]]]}},{"type":"Feature","properties":{"lu":"Commercial","ct":"Existing","a":0.043},"geometry":{"type":"MultiPolygon","coordinates":[[[[73.80871,32.0322],[73.80864,32.03208],[73.80854,32.03213],[73.80856,32.03224],[73.80871,32.0322]]]]}},{"type":"Feature","properties":{"lu":"Commercial","ct":"Existing","a":0.016},"geometry":{"type":"MultiPolygon","coordinates":[[[[73.80762,32.0326],[73.8076,32.03255],[73.8075,32.0326],[73.80752,32.03266],[73.80762,32.0326]]]]}},{"type":"Feature","properties":{"lu":"Commercial","ct":"Existing","a":0.011},"geometry":{"type":"MultiPolygon","coordinates":[[[[73.80763,32.0327],[73.80759,32.03263],[73.80754,32.03268],[73.80757,32.03273],[73.80763,32.0327]]]]}},{"type":"Feature","properties":{"lu":"Commercial","ct":"Existing","a":0.021},"geometry":{"type":"MultiPolygon","coordinates":[[[[73.80786,32.03389],[73.80778,32.03388],[73.80774,32.03396],[73.80782,32.03399],[73.80786,32.03389]]]]}},{"type":"Feature","properties":{"lu":"Commercial","ct":"Existing","a":0.042},"geometry":{"type":"MultiPolygon","coordinates":[[[[73.80806,32.03407],[73.80801,32.03397],[73.80787,32.03403],[73.8079,32.03413],[73.80806,32.03407]]]]}},{"type":"Feature","properties":{"lu":"Commercial","ct":"Existing","a":0.021},"geometry":{"type":"MultiPolygon","coordinates":[[[[73.80831,32.03399],[73.80827,32.03391],[73.80816,32.03393],[73.80822,32.03402],[73.80831,32.03399]]]]}},{"type":"Feature","properties":{"lu":"Commercial","ct":"Existing","a":0.007},"geometry":{"type":"MultiPolygon","coordinates":[[[[73.80819,32.03389],[73.80819,32.03384],[73.80813,32.03385],[73.80813,32.03389],[73.80819,32.03389]]]]}},{"type":"Feature","properties":{"lu":"Commercial","ct":"Existing","a":0.0},"geometry":{"type":"MultiPolygon","coordinates":[[[[73.8066,32.03457],[73.80661,32.03458],[73.80659,32.03455],[73.8066,32.03457]]]]}},{"type":"Feature","properties":{"lu":"Commercial","ct":"Existing","a":0.008},"geometry":{"type":"MultiPolygon","coordinates":[[[[73.8067,32.03454],[73.80663,32.03451],[73.80666,32.03458],[73.8067,32.03454]]]]}},{"type":"Feature","properties":{"lu":"Commercial","ct":"Existing","a":0.01},"geometry":{"type":"MultiPolygon","coordinates":[[[[73.80653,32.03437],[73.8065,32.03432],[73.80644,32.03437],[73.8065,32.0344],[73.80653,32.03437]]]]}},{"type":"Feature","properties":{"lu":"Commercial","ct":"Existing","a":0.01},"geometry":{"type":"MultiPolygon","coordinates":[[[[73.8063,32.03426],[73.80636,32.03429],[73.80639,32.03425],[73.80635,32.03421],[73.8063,32.03426]]]]}},{"type":"Feature","properties":{"lu":"Commercial","ct":"Existing","a":0.011},"geometry":{"type":"MultiPolygon","coordinates":[[[[73.8063,32.03426],[73.8063,32.03424],[73.80633,32.0342],[73.80628,32.03415],[73.80624,32.03419],[73.8063,32.03426]]]]}},{"type":"Feature","properties":{"lu":"Commercial","ct":"Existing","a":0.011},"geometry":{"type":"MultiPolygon","coordinates":[[[[73.80625,32.03409],[73.80627,32.03413],[73.80634,32.0341],[73.80629,32.03405],[73.80624,32.03408],[73.80625,32.03409]]]]}},{"type":"Feature","properties":{"lu":"Commercial","ct":"Existing","a":0.003},"geometry":{"type":"MultiPolygon","coordinates":[[[[73.80622,32.03423],[73.80626,32.03425],[73.80627,32.03423],[73.80624,32.0342],[73.80622,32.03423]]]]}},{"type":"Feature","properties":{"lu":"Commercial","ct":"Existing","a":0.015},"geometry":{"type":"MultiPolygon","coordinates":[[[[73.80625,32.03409],[73.80621,32.03401],[73.80614,32.03406],[73.80618,32.03412],[73.80625,32.03409]]]]}},{"type":"Feature","properties":{"lu":"Commercial","ct":"Existing","a":0.011},"geometry":{"type":"MultiPolygon","coordinates":[[[[73.80615,32.034],[73.80611,32.03396],[73.80606,32.03401],[73.8061,32.03405],[73.80615,32.034]]]]}},{"type":"Feature","properties":{"lu":"Commercial","ct":"Existing","a":0.011},"geometry":{"type":"MultiPolygon","coordinates":[[[[73.80606,32.03395],[73.80596,32.03396],[73.80602,32.03401],[73.80606,32.03395]]]]}},{"type":"Feature","properties":{"lu":"Commercial","ct":"Existing","a":0.01},"geometry":{"type":"MultiPolygon","coordinates":[[[[73.80585,32.03413],[73.80585,32.03412],[73.80579,32.03415],[73.80583,32.03422],[73.80586,32.03421],[73.80585,32.03413]]]]}},{"type":"Feature","properties":{"lu":"Commercial","ct":"Existing","a":0.016},"geometry":{"type":"MultiPolygon","coordinates":[[[[73.80574,32.03425],[73.80572,32.03417],[73.80565,32.03421],[73.80567,32.03428],[73.80574,32.03425]]]]}},{"type":"Feature","properties":{"lu":"Commercial","ct":"Existing","a":0.108},"geometry":{"type":"MultiPolygon","coordinates":[[[[73.80516,32.03269],[73.80505,32.03254],[73.80483,32.03261],[73.80504,32.03279],[73.80516,32.03269]]]]}},{"type":"Feature","properties":{"lu":"Commercial","ct":"Existing","a":0.022},"geometry":{"type":"MultiPolygon","coordinates":[[[[73.7919,31.98272],[73.79183,31.98272],[73.79185,31.98288],[73.7919,31.98272]]]]}},{"type":"Feature","properties":{"lu":"Commercial","ct":"Existing","a":0.245},"geometry":{"type":"MultiPolygon","coordinates":[[[[73.79169,31.98592],[73.79128,31.98592],[73.79132,31.98614],[73.79172,31.98617],[73.79169,31.98592]]]]}},{"type":"Feature","properties":{"lu":"Commercial","ct":"Existing","a":0.027},"geometry":{"type":"MultiPolygon","coordinates":[[[[73.79086,32.00444],[73.79081,32.00435],[73.79073,32.00438],[73.79076,32.00449],[73.79086,32.00444]]]]}},{"type":"Feature","properties":{"lu":"Commercial","ct":"Existing","a":0.021},"geometry":{"type":"MultiPolygon","coordinates":[[[[73.79058,32.00434],[73.79054,32.00428],[73.79045,32.00432],[73.79052,32.0044],[73.79058,32.00434]]]]}},{"type":"Feature","properties":{"lu":"Commercial","ct":"Existing","a":0.0},"geometry":{"type":"MultiPolygon","coordinates":[[[[73.79187,32.0154],[73.79188,32.01543],[73.79183,32.01542],[73.79189,32.01543],[73.79187,32.0154]]]]}},{"type":"Feature","properties":{"lu":"Commercial","ct":"Existing","a":0.13},"geometry":{"type":"MultiPolygon","coordinates":[[[[73.79222,32.01566],[73.79232,32.01586],[73.79254,32.01577],[73.79242,32.01558],[73.79222,32.01566]]]]}},{"type":"Feature","properties":{"lu":"Commercial","ct":"Existing","a":0.104},"geometry":{"type":"MultiPolygon","coordinates":[[[[73.78978,32.01725],[73.78957,32.01722],[73.78956,32.01739],[73.78974,32.01748],[73.78978,32.01725]]]]}},{"type":"Feature","properties":{"lu":"Commercial","ct":"Existing","a":0.012},"geometry":{"type":"MultiPolygon","coordinates":[[[[73.79229,32.01777],[73.79226,32.0181],[73.79232,32.01777],[73.79229,32.01777]]]]}},{"type":"Feature","properties":{"lu":"Commercial","ct":"Existing","a":0.114},"geometry":{"type":"MultiPolygon","coordinates":[[[[73.79412,32.03102],[73.79412,32.03085],[73.79389,32.03088],[73.79391,32.03106],[73.79411,32.03108],[73.79412,32.03102]]]]}},{"type":"Feature","properties":{"lu":"Commercial","ct":"Existing","a":0.047},"geometry":{"type":"MultiPolygon","coordinates":[[[[73.73025,32.03638],[73.73027,32.03629],[73.73009,32.03627],[73.73006,32.03638],[73.73025,32.03638]]]]}},{"type":"Feature","properties":{"lu":"Commercial","ct":"Existing","a":0.008},"geometry":{"type":"MultiPolygon","coordinates":[[[[73.73071,32.03512],[73.73071,32.03513],[73.73066,32.03512],[73.73065,32.03518],[73.7307,32.0352],[73.73071,32.03512]]]]}},{"type":"Feature","properties":{"lu":"Commercial","ct":"Existing","a":0.046},"geometry":{"type":"MultiPolygon","coordinates":[[[[73.73362,32.03477],[73.7336,32.03467],[73.7334,32.03469],[73.73342,32.03477],[73.73362,32.03477]]]]}},{"type":"Feature","properties":{"lu":"Commercial","ct":"Existing","a":0.241},"geometry":{"type":"MultiPolygon","coordinates":[[[[73.7136,32.12323],[73.71338,32.12287],[73.71319,32.12312],[73.71343,32.12334],[73.7136,32.12323]]]]}},{"type":"Feature","properties":{"lu":"Commercial","ct":"Existing","a":0.062},"geometry":{"type":"MultiPolygon","coordinates":[[[[73.76341,32.03054],[73.76341,32.03039],[73.76323,32.03042],[73.76325,32.03056],[73.76341,32.03054]]]]}},{"type":"Feature","properties":{"lu":"Commercial","ct":"Existing","a":0.04},"geometry":{"type":"MultiPolygon","coordinates":[[[[73.76394,32.03074],[73.76392,32.03061],[73.7638,32.03063],[73.76382,32.03073],[73.76394,32.03074]]]]}},{"type":"Feature","properties":{"lu":"Commercial","ct":"Existing","a":0.277},"geometry":{"type":"MultiPolygon","coordinates":[[[[73.76431,32.03043],[73.76428,32.0301],[73.76394,32.03014],[73.764,32.03047],[73.76431,32.03043]]]]}},{"type":"Feature","properties":{"lu":"Commercial","ct":"Existing","a":0.126},"geometry":{"type":"MultiPolygon","coordinates":[[[[73.80469,32.03275],[73.80458,32.03262],[73.80434,32.03274],[73.80445,32.0329],[73.80469,32.03275]]]]}},{"type":"Feature","properties":{"lu":"Commercial","ct":"Existing","a":0.032},"geometry":{"type":"MultiPolygon","coordinates":[[[[73.79843,32.06091],[73.7984,32.06082],[73.79828,32.06085],[73.79832,32.06095],[73.79843,32.06091]]]]}},{"type":"Feature","properties":{"lu":"Commercial","ct":"Existing","a":0.006},"geometry":{"type":"MultiPolygon","coordinates":[[[[73.79829,32.06049],[73.79827,32.06044],[73.79823,32.06045],[73.79823,32.06047],[73.79824,32.06049],[73.79824,32.0605],[73.79829,32.06049]]]]}},{"type":"Feature","properties":{"lu":"Commercial","ct":"Existing","a":0.01},"geometry":{"type":"MultiPolygon","coordinates":[[[[73.79824,32.06034],[73.79823,32.06029],[73.7982,32.0603],[73.79815,32.06032],[73.79816,32.06036],[73.7982,32.06035],[73.79824,32.06034]]]]}},{"type":"Feature","properties":{"lu":"Commercial","ct":"Existing","a":0.003},"geometry":{"type":"MultiPolygon","coordinates":[[[[73.79787,32.05907],[73.79786,32.05904],[73.79781,32.05905],[73.79784,32.05908],[73.79787,32.05907]]]]}},{"type":"Feature","properties":{"lu":"Commercial","ct":"Existing","a":0.003},"geometry":{"type":"MultiPolygon","coordinates":[[[[73.79763,32.05878],[73.79761,32.05875],[73.79758,32.05878],[73.79759,32.0588],[73.79763,32.05878]]]]}},{"type":"Feature","properties":{"lu":"Commercial","ct":"Existing","a":0.024},"geometry":{"type":"MultiPolygon","coordinates":[[[[73.79336,32.04693],[73.79338,32.04684],[73.79329,32.04683],[73.79328,32.04694],[73.79336,32.04693]]]]}},{"type":"Feature","properties":{"lu":"Commercial","ct":"Existing","a":0.062},"geometry":{"type":"MultiPolygon","coordinates":[[[[73.69118,32.01998],[73.69119,32.01985],[73.69099,32.01986],[73.69098,32.01998],[73.69118,32.01998]]]]}},{"type":"Feature","properties":{"lu":"Commercial","ct":"Existing","a":0.225},"geometry":{"type":"MultiPolygon","coordinates":[[[[73.69162,32.01814],[73.69156,32.01786],[73.69127,32.01788],[73.6913,32.01816],[73.69162,32.01814]]]]}},{"type":"Feature","properties":{"lu":"Commercial","ct":"Existing","a":0.528},"geometry":{"type":"MultiPolygon","coordinates":[[[[73.69616,32.01691],[73.69613,32.01643],[73.69569,32.01645],[73.69573,32.01693],[73.69616,32.01691]]]]}},{"type":"Feature","properties":{"lu":"Commercial","ct":"Existing","a":0.083},"geometry":{"type":"MultiPolygon","coordinates":[[[[73.69743,32.00382],[73.69742,32.00367],[73.69722,32.00369],[73.69723,32.00385],[73.69743,32.00382]]]]}},{"type":"Feature","properties":{"lu":"Commercial","ct":"Existing","a":0.639},"geometry":{"type":"MultiPolygon","coordinates":[[[[73.70159,32.02033],[73.70154,32.01985],[73.70103,32.01989],[73.70107,32.02036],[73.70159,32.02033]]]]}},{"type":"Feature","properties":{"lu":"Commercial","ct":"Existing","a":0.609},"geometry":{"type":"MultiPolygon","coordinates":[[[[73.70165,32.02075],[73.70159,32.02033],[73.70107,32.02036],[73.70109,32.02081],[73.70165,32.02075]]]]}},{"type":"Feature","properties":{"lu":"Commercial","ct":"Existing","a":0.171},"geometry":{"type":"MultiPolygon","coordinates":[[[[73.73457,32.01943],[73.73457,32.01935],[73.73443,32.01936],[73.73434,32.01971],[73.73457,32.01971],[73.73457,32.01943]]]]}},{"type":"Feature","properties":{"lu":"Commercial","ct":"Existing","a":2.711},"geometry":{"type":"MultiPolygon","coordinates":[[[[73.76728,32.08452],[73.76572,32.08403],[73.76574,32.08444],[73.76601,32.08442],[73.76615,32.08533],[73.76683,32.08532],[73.76701,32.08457],[73.76727,32.08465],[73.76728,32.08452]]]]}},{"type":"Feature","properties":{"lu":"Commercial","ct":"Existing","a":1.13},"geometry":{"type":"MultiPolygon","coordinates":[[[[73.77034,32.08479],[73.77031,32.0845],[73.76964,32.08456],[73.76972,32.08508],[73.77041,32.08528],[73.77034,32.08479]]]]}},{"type":"Feature","properties":{"lu":"Commercial","ct":"Existing","a":0.325},"geometry":{"type":"MultiPolygon","coordinates":[[[[73.77476,32.08651],[73.77441,32.08643],[73.77439,32.0868],[73.77471,32.08685],[73.77476,32.08651]]]]}},{"type":"Feature","properties":{"lu":"Commercial","ct":"Existing","a":0.15},"geometry":{"type":"MultiPolygon","coordinates":[[[[73.77839,32.08728],[73.77812,32.08725],[73.77809,32.08746],[73.77836,32.08749],[73.77839,32.08728]]]]}},{"type":"Feature","properties":{"lu":"Commercial","ct":"Existing","a":0.588},"geometry":{"type":"MultiPolygon","coordinates":[[[[73.76069,31.95469],[73.76021,31.95463],[73.76015,31.95486],[73.76006,31.95486],[73.76003,31.95511],[73.76033,31.95522],[73.76069,31.95469]]]]}},{"type":"Feature","properties":{"lu":"Commercial","ct":"Existing","a":3.909},"geometry":{"type":"MultiPolygon","coordinates":[[[[73.35979,31.87905],[73.35936,31.87777],[73.35829,31.87805],[73.35868,31.87933],[73.35979,31.87905]]]]}},{"type":"Feature","properties":{"lu":"Commercial","ct":"Existing","a":0.018},"geometry":{"type":"MultiPolygon","coordinates":[[[[73.33316,31.85992],[73.33314,31.85988],[73.333,31.85991],[73.33301,31.85995],[73.33316,31.85992]]]]}},{"type":"Feature","properties":{"lu":"Commercial","ct":"Existing","a":0.022},"geometry":{"type":"MultiPolygon","coordinates":[[[[73.33386,31.86024],[73.33384,31.86019],[73.33369,31.86027],[73.33371,31.86032],[73.33386,31.86024]]]]}},{"type":"Feature","properties":{"lu":"Commercial","ct":"Existing","a":0.163},"geometry":{"type":"MultiPolygon","coordinates":[[[[73.34086,31.89114],[73.34086,31.89096],[73.34049,31.891],[73.34048,31.89116],[73.34086,31.89114]]]]}},{"type":"Feature","properties":{"lu":"Commercial","ct":"Existing","a":0.134},"geometry":{"type":"MultiPolygon","coordinates":[[[[73.3396,31.89299],[73.33947,31.89277],[73.33935,31.89275],[73.33932,31.893],[73.3396,31.89299]]]]}},{"type":"Feature","properties":{"lu":"Commercial","ct":"Existing","a":0.027},"geometry":{"type":"MultiPolygon","coordinates":[[[[73.32763,31.86891],[73.32749,31.8689],[73.32748,31.86897],[73.32763,31.86899],[73.32763,31.86891]]]]}},{"type":"Feature","properties":{"lu":"Commercial","ct":"Existing","a":0.072},"geometry":{"type":"MultiPolygon","coordinates":[[[[73.39905,31.8845],[73.39904,31.88434],[73.39885,31.88435],[73.39887,31.8845],[73.39905,31.8845]]]]}},{"type":"Feature","properties":{"lu":"Commercial","ct":"Existing","a":1.175},"geometry":{"type":"MultiPolygon","coordinates":[[[[73.40574,31.8828],[73.40558,31.8828],[73.40557,31.88309],[73.40545,31.88309],[73.40545,31.8834],[73.40633,31.8833],[73.40634,31.88281],[73.40574,31.8828]]]]}},{"type":"Feature","properties":{"lu":"Commercial","ct":"Existing","a":0.094},"geometry":{"type":"MultiPolygon","coordinates":[[[[73.3412,31.91131],[73.34116,31.91109],[73.34099,31.9111],[73.34103,31.91132],[73.3412,31.91131]]]]}},{"type":"Feature","properties":{"lu":"Commercial","ct":"Existing","a":0.14},"geometry":{"type":"MultiPolygon","coordinates":[[[[73.34192,31.91171],[73.34165,31.91172],[73.3417,31.91193],[73.34193,31.91191],[73.34192,31.91171]]]]}},{"type":"Feature","properties":{"lu":"Commercial","ct":"Existing","a":0.309},"geometry":{"type":"MultiPolygon","coordinates":[[[[73.18512,31.88518],[73.18501,31.88489],[73.18462,31.88505],[73.18473,31.88529],[73.18512,31.88518]]]]}},{"type":"Feature","properties":{"lu":"Commercial","ct":"Existing","a":0.034},"geometry":{"type":"MultiPolygon","coordinates":[[[[73.20022,31.8688],[73.20023,31.86862],[73.20016,31.86862],[73.20015,31.8688],[73.20022,31.8688]]]]}},{"type":"Feature","properties":{"lu":"Commercial","ct":"Existing","a":0.265},"geometry":{"type":"MultiPolygon","coordinates":[[[[73.1841,31.88532],[73.18404,31.88522],[73.18378,31.88529],[73.18369,31.8854],[73.1837,31.88555],[73.18414,31.88547],[73.1841,31.88532]]]]}},{"type":"Feature","properties":{"lu":"Commercial","ct":"Existing","a":0.575},"geometry":{"type":"MultiPolygon","coordinates":[[[[73.20293,31.83847],[73.20335,31.83887],[73.20384,31.83879],[73.20343,31.83841],[73.20293,31.83847]]]]}},{"type":"Feature","properties":{"lu":"Commercial","ct":"Existing","a":0.048},"geometry":{"type":"MultiPolygon","coordinates":[[[[73.25155,31.78737],[73.25154,31.78726],[73.25136,31.78727],[73.25136,31.78736],[73.25155,31.78737]]]]}},{"type":"Feature","properties":{"lu":"Commercial","ct":"Existing","a":0.278},"geometry":{"type":"MultiPolygon","coordinates":[[[[73.2515,31.7909],[73.25143,31.79047],[73.25121,31.79047],[73.25125,31.79093],[73.2515,31.7909]]]]}},{"type":"Feature","properties":{"lu":"Commercial","ct":"Existing","a":0.196},"geometry":{"type":"MultiPolygon","coordinates":[[[[73.25029,31.79105],[73.25003,31.79102],[73.25003,31.79133],[73.25027,31.79133],[73.25029,31.79105]]]]}},{"type":"Feature","properties":{"lu":"Commercial","ct":"Existing","a":0.139},"geometry":{"type":"MultiPolygon","coordinates":[[[[73.26561,31.84418],[73.2653,31.84417],[73.26531,31.84438],[73.26555,31.84437],[73.26561,31.84418]]]]}},{"type":"Feature","properties":{"lu":"Commercial","ct":"Existing","a":0.189},"geometry":{"type":"MultiPolygon","coordinates":[[[[73.27725,31.82738],[73.27727,31.82707],[73.27702,31.82709],[73.277,31.82737],[73.27725,31.82738]]]]}},{"type":"Feature","properties":{"lu":"Commercial","ct":"Existing","a":0.085},"geometry":{"type":"MultiPolygon","coordinates":[[[[73.28005,31.82738],[73.28006,31.82723],[73.27983,31.82724],[73.27984,31.82738],[73.28005,31.82738]]]]}},{"type":"Feature","properties":{"lu":"Commercial","ct":"Existing","a":0.092},"geometry":{"type":"MultiPolygon","coordinates":[[[[73.22751,31.85384],[73.22745,31.8537],[73.22723,31.85376],[73.22731,31.85392],[73.22751,31.85384]]]]}},{"type":"Feature","properties":{"lu":"Commercial","ct":"Existing","a":0.098},"geometry":{"type":"MultiPolygon","coordinates":[[[[73.22576,31.85272],[73.22575,31.85252],[73.22555,31.85253],[73.22556,31.85272],[73.22576,31.85272]]]]}},{"type":"Feature","properties":{"lu":"Commercial","ct":"Existing","a":0.031},"geometry":{"type":"MultiPolygon","coordinates":[[[[73.22529,31.85351],[73.22526,31.85344],[73.22511,31.85348],[73.22514,31.85355],[73.22529,31.85351]]]]}},{"type":"Feature","properties":{"lu":"Commercial","ct":"Existing","a":0.905},"geometry":{"type":"MultiPolygon","coordinates":[[[[73.23247,31.86662],[73.23295,31.86707],[73.23338,31.86671],[73.23294,31.8663],[73.23247,31.86662]]]]}},{"type":"Feature","properties":{"lu":"Commercial","ct":"Existing","a":0.099},"geometry":{"type":"MultiPolygon","coordinates":[[[[73.43912,31.85698],[73.43904,31.8568],[73.43884,31.85684],[73.43888,31.857],[73.43912,31.85698]]]]}},{"type":"Feature","properties":{"lu":"Commercial","ct":"Existing","a":0.023},"geometry":{"type":"MultiPolygon","coordinates":[[[[73.32983,31.89245],[73.32969,31.89244],[73.32968,31.89249],[73.32981,31.89252],[73.32983,31.89245]]]]}},{"type":"Feature","properties":{"lu":"Commercial","ct":"Existing","a":0.906},"geometry":{"type":"MultiPolygon","coordinates":[[[[73.33227,31.862],[73.3313,31.86181],[73.33112,31.86222],[73.33154,31.86237],[73.33227,31.862]]]]}},{"type":"Feature","properties":{"lu":"Commercial","ct":"Existing","a":0.667},"geometry":{"type":"MultiPolygon","coordinates":[[[[73.34457,31.89099],[73.3448,31.8905],[73.34403,31.89059],[73.34391,31.8908],[73.34457,31.89099]]]]}},{"type":"Feature","properties":{"lu":"Commercial","ct":"Existing","a":0.145},"geometry":{"type":"MultiPolygon","coordinates":[[[[73.43778,31.85695],[73.43816,31.85688],[73.43812,31.85674],[73.43774,31.85681],[73.43778,31.85695]]]]}},{"type":"Feature","properties":{"lu":"Commercial","ct":"Existing","a":0.348},"geometry":{"type":"MultiPolygon","coordinates":[[[[73.43799,31.85572],[73.43743,31.85574],[73.43749,31.85603],[73.43797,31.85594],[73.43799,31.85572]]]]}},{"type":"Feature","properties":{"lu":"Commercial","ct":"Existing","a":0.539},"geometry":{"type":"MultiPolygon","coordinates":[[[[73.43799,31.85572],[73.43803,31.85538],[73.43735,31.85542],[73.43743,31.85574],[73.43799,31.85572]]]]}},{"type":"Feature","properties":{"lu":"Commercial","ct":"Existing","a":0.043},"geometry":{"type":"MultiPolygon","coordinates":[[[[73.43937,31.82884],[73.43937,31.82871],[73.43923,31.82872],[73.43923,31.82883],[73.43937,31.82884]]]]}},{"type":"Feature","properties":{"lu":"Commercial","ct":"Existing","a":0.101},"geometry":{"type":"MultiPolygon","coordinates":[[[[73.40983,31.88131],[73.40963,31.88127],[73.40964,31.88148],[73.40987,31.88147],[73.40983,31.88131]]]]}},{"type":"Feature","properties":{"lu":"Commercial","ct":"Existing","a":1.616},"geometry":{"type":"MultiPolygon","coordinates":[[[[73.41771,31.88215],[73.41633,31.8823],[73.41641,31.88268],[73.41773,31.88268],[73.41771,31.88215]]]]}},{"type":"Feature","properties":{"lu":"Commercial","ct":"Existing","a":0.107},"geometry":{"type":"MultiPolygon","coordinates":[[[[73.43384,31.88327],[73.43388,31.88305],[73.43365,31.88308],[73.43366,31.88326],[73.43384,31.88327]]]]}},{"type":"Feature","properties":{"lu":"Commercial","ct":"Existing","a":0.003},"geometry":{"type":"MultiPolygon","coordinates":[[[[73.588726,32.220119],[73.588724,32.220125],[73.588727,32.220119],[73.588726,32.220119]]],[[[73.58863,32.22027],[73.58862,32.22028],[73.58863,32.22029],[73.58866,32.22025],[73.58871,32.22016],[73.58863,32.22027]]]]}},{"type":"Feature","properties":{"lu":"Commercial","ct":"Existing","a":1.066},"geometry":{"type":"MultiPolygon","coordinates":[[[[73.59518,32.21477],[73.59522,32.21394],[73.59473,32.21393],[73.59469,32.21478],[73.59518,32.21477]]]]}},{"type":"Feature","properties":{"lu":"Commercial","ct":"Existing","a":1.863},"geometry":{"type":"MultiPolygon","coordinates":[[[[73.54366,32.14299],[73.54357,32.14308],[73.54352,32.14337],[73.54536,32.14353],[73.54544,32.14314],[73.54366,32.14299]]]]}},{"type":"Feature","properties":{"lu":"Commercial","ct":"Existing","a":0.006},"geometry":{"type":"MultiPolygon","coordinates":[[[[73.6096,32.22339],[73.60955,32.22338],[73.60954,32.22343],[73.6096,32.22343],[73.6096,32.22339]]]]}},{"type":"Feature","properties":{"lu":"Commercial","ct":"Existing","a":0.133},"geometry":{"type":"MultiPolygon","coordinates":[[[[73.59669,32.22349],[73.59647,32.2234],[73.59643,32.22365],[73.59664,32.22369],[73.59669,32.22349]]]]}},{"type":"Feature","properties":{"lu":"Commercial","ct":"Existing","a":0.184},"geometry":{"type":"MultiPolygon","coordinates":[[[[73.59394,32.24772],[73.59372,32.24763],[73.59356,32.24786],[73.59378,32.24798],[73.59394,32.24772]]]]}},{"type":"Feature","properties":{"lu":"Commercial","ct":"Existing","a":1.476},"geometry":{"type":"MultiPolygon","coordinates":[[[[73.57742,32.23535],[73.57695,32.23504],[73.57592,32.23471],[73.57588,32.23505],[73.57729,32.23562],[73.57742,32.23535]]]]}},{"type":"Feature","properties":{"lu":"Commercial","ct":"Existing","a":2.169},"geometry":{"type":"MultiPolygon","coordinates":[[[[73.55639,32.23441],[73.55687,32.23441],[73.55711,32.23398],[73.55724,32.23389],[73.55637,32.23338],[73.5559,32.23395],[73.55605,32.23426],[73.55639,32.23441]]]]}},{"type":"Feature","properties":{"lu":"Commercial","ct":"Existing","a":0.08},"geometry":{"type":"MultiPolygon","coordinates":[[[[73.55885,32.20593],[73.55867,32.2059],[73.55867,32.20609],[73.55883,32.2061],[73.55885,32.20593]]]]}},{"type":"Feature","properties":{"lu":"Commercial","ct":"Existing","a":0.018},"geometry":{"type":"MultiPolygon","coordinates":[[[[73.56614,32.20594],[73.56604,32.20593],[73.56603,32.206],[73.56613,32.20601],[73.56614,32.20594]]]]}},{"type":"Feature","properties":{"lu":"Commercial","ct":"Existing","a":0.189},"geometry":{"type":"MultiPolygon","coordinates":[[[[73.61612,32.20428],[73.61587,32.20425],[73.61581,32.20449],[73.61613,32.20451],[73.61612,32.20428]]]]}},{"type":"Feature","properties":{"lu":"Commercial","ct":"Existing","a":0.035},"geometry":{"type":"MultiPolygon","coordinates":[[[[73.57477,32.21528],[73.57465,32.21528],[73.57466,32.2154],[73.57477,32.21541],[73.57477,32.21528]]]]}},{"type":"Feature","properties":{"lu":"Commercial","ct":"Existing","a":0.117},"geometry":{"type":"MultiPolygon","coordinates":[[[[73.57329,32.21559],[73.57318,32.21538],[73.57301,32.21552],[73.57317,32.21571],[73.57329,32.21559]]]]}},{"type":"Feature","properties":{"lu":"Commercial","ct":"Existing","a":0.04},"geometry":{"type":"MultiPolygon","coordinates":[[[[73.57286,32.21589],[73.57296,32.21591],[73.57307,32.21579],[73.57301,32.21574],[73.57286,32.21589]]]]}},{"type":"Feature","properties":{"lu":"Commercial","ct":"Existing","a":0.025},"geometry":{"type":"MultiPolygon","coordinates":[[[[73.57671,32.211],[73.57667,32.21096],[73.57655,32.21109],[73.57671,32.211]]]]}},{"type":"Feature","properties":{"lu":"Commercial","ct":"Existing","a":0.577},"geometry":{"type":"MultiPolygon","coordinates":[[[[73.57553,32.21127],[73.57524,32.21163],[73.57567,32.21192],[73.57594,32.2116],[73.57553,32.21127]]]]}},{"type":"Feature","properties":{"lu":"Commercial","ct":"Existing","a":0.038},"geometry":{"type":"MultiPolygon","coordinates":[[[[73.57356,32.20992],[73.57355,32.20982],[73.57341,32.20983],[73.57343,32.20994],[73.57356,32.20992]]]]}},{"type":"Feature","properties":{"lu":"Commercial","ct":"Existing","a":0.072},"geometry":{"type":"MultiPolygon","coordinates":[[[[73.57232,32.20908],[73.57239,32.20912],[73.57248,32.20899],[73.5726,32.20911],[73.57265,32.20903],[73.57244,32.20891],[73.57232,32.20908]]]]}},{"type":"Feature","properties":{"lu":"Commercial","ct":"Existing","a":0.03},"geometry":{"type":"MultiPolygon","coordinates":[[[[73.57264,32.20823],[73.57263,32.20832],[73.57276,32.20834],[73.57277,32.20825],[73.57264,32.20823]]]]}},{"type":"Feature","properties":{"lu":"Commercial","ct":"Existing","a":0.016},"geometry":{"type":"MultiPolygon","coordinates":[[[[73.5727,32.20786],[73.57276,32.20796],[73.57279,32.20786],[73.5727,32.20786]]]]}},{"type":"Feature","properties":{"lu":"Commercial","ct":"Existing","a":0.027},"geometry":{"type":"MultiPolygon","coordinates":[[[[73.57205,32.20853],[73.57199,32.20852],[73.57195,32.2087],[73.57201,32.20871],[73.57205,32.20853]]]]}},{"type":"Feature","properties":{"lu":"Commercial","ct":"Existing","a":0.016},"geometry":{"type":"MultiPolygon","coordinates":[[[[73.57135,32.2063],[73.57129,32.20622],[73.57123,32.20625],[73.57135,32.2063]]]]}},{"type":"Feature","properties":{"lu":"Commercial","ct":"Existing","a":0.019},"geometry":{"type":"MultiPolygon","coordinates":[[[[73.5701,32.20668],[73.57005,32.20661],[73.56997,32.20667],[73.57002,32.20672],[73.5701,32.20668]]]]}},{"type":"Feature","properties":{"lu":"Commercial","ct":"Existing","a":0.031},"geometry":{"type":"MultiPolygon","coordinates":[[[[73.56963,32.20624],[73.5696,32.20616],[73.56949,32.20629],[73.56955,32.20634],[73.56963,32.20624]]]]}},{"type":"Feature","properties":{"lu":"Commercial","ct":"Existing","a":0.74},"geometry":{"type":"MultiPolygon","coordinates":[[[[73.56903,32.20518],[73.56837,32.20507],[73.56832,32.20534],[73.56885,32.20577],[73.56903,32.20518]]]]}},{"type":"Feature","properties":{"lu":"Commercial","ct":"Existing","a":0.055},"geometry":{"type":"MultiPolygon","coordinates":[[[[73.57803,32.21495],[73.57798,32.21507],[73.57814,32.21511],[73.57819,32.215],[73.57803,32.21495]]]]}},{"type":"Feature","properties":{"lu":"Commercial","ct":"Existing","a":0.392},"geometry":{"type":"MultiPolygon","coordinates":[[[[73.57773,32.21306],[73.57748,32.21285],[73.57717,32.21323],[73.57745,32.2134],[73.57773,32.21306]]]]}},{"type":"Feature","properties":{"lu":"Commercial","ct":"Existing","a":0.301},"geometry":{"type":"MultiPolygon","coordinates":[[[[73.57776,32.21247],[73.57762,32.21238],[73.57748,32.21242],[73.57762,32.21225],[73.57755,32.21221],[73.57725,32.21252],[73.57751,32.21274],[73.57776,32.21247]]]]}},{"type":"Feature","properties":{"lu":"Commercial","ct":"Existing","a":0.1},"geometry":{"type":"MultiPolygon","coordinates":[[[[73.57692,32.21225],[73.57703,32.21235],[73.57716,32.21222],[73.5771,32.21218],[73.57724,32.2121],[73.57714,32.21203],[73.57692,32.21225]]]]}},{"type":"Feature","properties":{"lu":"Commercial","ct":"Existing","a":0.019},"geometry":{"type":"MultiPolygon","coordinates":[[[[73.57874,32.21399],[73.57869,32.21392],[73.57863,32.21399],[73.57871,32.21405],[73.57874,32.21399]]]]}},{"type":"Feature","properties":{"lu":"Commercial","ct":"Existing","a":0.08},"geometry":{"type":"MultiPolygon","coordinates":[[[[73.58338,32.20953],[73.58354,32.20953],[73.58354,32.20933],[73.58339,32.20934],[73.58338,32.20953]]]]}},{"type":"Feature","properties":{"lu":"Commercial","ct":"Existing","a":0.104},"geometry":{"type":"MultiPolygon","coordinates":[[[[73.59503,32.20299],[73.59485,32.20323],[73.59499,32.2033],[73.59514,32.20306],[73.59503,32.20299]]]]}},{"type":"Feature","properties":{"lu":"Commercial","ct":"Existing","a":1.788},"geometry":{"type":"MultiPolygon","coordinates":[[[[73.59437,32.20372],[73.59393,32.20356],[73.59364,32.20401],[73.59344,32.20393],[73.593,32.20454],[73.59359,32.20476],[73.59437,32.20372]]]]}},{"type":"Feature","properties":{"lu":"Commercial","ct":"Existing","a":0.079},"geometry":{"type":"MultiPolygon","coordinates":[[[[73.60889,32.18606],[73.60867,32.18603],[73.60866,32.18618],[73.60886,32.18619],[73.60889,32.18606]]]]}},{"type":"Feature","properties":{"lu":"Commercial","ct":"Existing","a":0.156},"geometry":{"type":"MultiPolygon","coordinates":[[[[73.60851,32.18715],[73.60847,32.18677],[73.60833,32.18679],[73.60833,32.18717],[73.60851,32.18715]]]]}},{"type":"Feature","properties":{"lu":"Commercial","ct":"Existing","a":6.607},"geometry":{"type":"MultiPolygon","coordinates":[[[[73.62461,32.15591],[73.62386,32.15556],[73.62405,32.15511],[73.62372,32.15506],[73.62294,32.15544],[73.62276,32.15579],[73.62342,32.15605],[73.62308,32.15665],[73.62292,32.1566],[73.62257,32.15718],[73.62349,32.15756],[73.62461,32.15591]]]]}},{"type":"Feature","properties":{"lu":"Commercial","ct":"Existing","a":11.096},"geometry":{"type":"MultiPolygon","coordinates":[[[[73.62907,32.15843],[73.62916,32.15797],[73.62984,32.15804],[73.63016,32.15687],[73.62944,32.15673],[73.62984,32.15503],[73.62952,32.15509],[73.62895,32.15496],[73.62855,32.15575],[73.62802,32.15707],[73.62856,32.15718],[73.6283,32.15834],[73.62907,32.15843]]]]}},{"type":"Feature","properties":{"lu":"Commercial","ct":"Existing","a":0.054},"geometry":{"type":"MultiPolygon","coordinates":[[[[73.64527,32.13762],[73.64527,32.13752],[73.64506,32.13752],[73.64508,32.13763],[73.64527,32.13762]]]]}},{"type":"Feature","properties":{"lu":"Commercial","ct":"Existing","a":0.077},"geometry":{"type":"MultiPolygon","coordinates":[[[[73.64665,32.13689],[73.64647,32.13688],[73.6464,32.13697],[73.64667,32.137],[73.64665,32.13689]]]]}},{"type":"Feature","properties":{"lu":"Commercial","ct":"Existing","a":0.276},"geometry":{"type":"MultiPolygon","coordinates":[[[[73.64093,32.13502],[73.64092,32.13518],[73.64071,32.13524],[73.64116,32.13531],[73.64134,32.13506],[73.64093,32.13502]]]]}},{"type":"Feature","properties":{"lu":"Commercial","ct":"Existing","a":0.766},"geometry":{"type":"MultiPolygon","coordinates":[[[[73.54737,32.15211],[73.54678,32.1521],[73.54676,32.15254],[73.54746,32.15259],[73.54737,32.15211]]]]}},{"type":"Feature","properties":{"lu":"Commercial","ct":"Existing","a":14.14},"geometry":{"type":"MultiPolygon","coordinates":[[[[73.48749,32.1492],[73.48755,32.14953],[73.48771,32.14984],[73.48764,32.15014],[73.49018,32.15186],[73.49095,32.15021],[73.48968,32.15001],[73.48991,32.1494],[73.48989,32.14901],[73.48852,32.14903],[73.48818,32.14886],[73.48749,32.1492]]]]}},{"type":"Feature","properties":{"lu":"Commercial","ct":"Existing","a":0.379},"geometry":{"type":"MultiPolygon","coordinates":[[[[73.62468,32.07906],[73.62469,32.07871],[73.62447,32.0787],[73.62428,32.0793],[73.62451,32.07929],[73.62453,32.07912],[73.62468,32.07906]]]]}},{"type":"Feature","properties":{"lu":"Commercial","ct":"Existing","a":0.34},"geometry":{"type":"MultiPolygon","coordinates":[[[[73.59784,32.09204],[73.59774,32.09174],[73.5973,32.09187],[73.59741,32.09212],[73.59784,32.09204]]]]}},{"type":"Feature","properties":{"lu":"Commercial","ct":"Existing","a":0.181},"geometry":{"type":"MultiPolygon","coordinates":[[[[73.59838,32.08304],[73.59833,32.0829],[73.59791,32.08303],[73.59797,32.08319],[73.59838,32.08304]]]]}},{"type":"Feature","properties":{"lu":"Commercial","ct":"Existing","a":2.412},"geometry":{"type":"MultiPolygon","coordinates":[[[[73.60558,32.11191],[73.60522,32.11138],[73.6039,32.11212],[73.60426,32.11261],[73.60558,32.11191]]]]}},{"type":"Feature","properties":{"lu":"Commercial","ct":"Existing","a":1.172},"geometry":{"type":"MultiPolygon","coordinates":[[[[73.60996,32.13276],[73.60958,32.13261],[73.60901,32.13382],[73.6092,32.1339],[73.60944,32.13368],[73.60996,32.13276]]]]}},{"type":"Feature","properties":{"lu":"Commercial","ct":"Existing","a":0.214},"geometry":{"type":"MultiPolygon","coordinates":[[[[73.50549,32.21782],[73.50517,32.21761],[73.50504,32.21779],[73.50535,32.21799],[73.50549,32.21782]]]]}},{"type":"Feature","properties":{"lu":"Commercial","ct":"Existing","a":0.0},"geometry":{"type":"MultiPolygon","coordinates":[[[[73.5698,32.11709],[73.5698,32.11707],[73.56979,32.11707],[73.56979,32.11708],[73.5698,32.11709]]]]}},{"type":"Feature","properties":{"lu":"Commercial","ct":"Existing","a":1.701},"geometry":{"type":"MultiPolygon","coordinates":[[[[73.51115,32.1327],[73.5096,32.13234],[73.50943,32.13276],[73.51096,32.13305],[73.51115,32.1327]]]]}},{"type":"Feature","properties":{"lu":"Commercial","ct":"Existing","a":2.375},"geometry":{"type":"MultiPolygon","coordinates":[[[[73.51593,32.13041],[73.51345,32.13068],[73.51566,32.13119],[73.51593,32.13041]]]]}},{"type":"Feature","properties":{"lu":"Commercial","ct":"Existing","a":0.871},"geometry":{"type":"MultiPolygon","coordinates":[[[[73.67566,31.95433],[73.67513,31.95425],[73.67501,31.95486],[73.67559,31.95492],[73.67566,31.95433]]]]}},{"type":"Feature","properties":{"lu":"Commercial","ct":"Existing","a":0.081},"geometry":{"type":"MultiPolygon","coordinates":[[[[73.64769,32.04494],[73.64781,32.04505],[73.64795,32.045],[73.64786,32.04481],[73.64769,32.04494]]]]}},{"type":"Feature","properties":{"lu":"Commercial","ct":"Existing","a":0.006},"geometry":{"type":"MultiPolygon","coordinates":[[[[73.618,32.04808],[73.61796,32.04811],[73.61801,32.04814],[73.61804,32.04811],[73.618,32.04808]]]]}},{"type":"Feature","properties":{"lu":"Commercial","ct":"Existing","a":0.0},"geometry":{"type":"MultiPolygon","coordinates":[[[[73.61796,32.04808],[73.61796,32.04807],[73.61794,32.04807],[73.61794,32.04808],[73.61796,32.04808]]]]}},{"type":"Feature","properties":{"lu":"Commercial","ct":"Existing","a":0.006},"geometry":{"type":"MultiPolygon","coordinates":[[[[73.71289,31.96293],[73.71286,31.96291],[73.71282,31.96296],[73.71285,31.96298],[73.71286,31.96298],[73.71289,31.96293]]]]}},{"type":"Feature","properties":{"lu":"Commercial","ct":"Existing","a":0.005},"geometry":{"type":"MultiPolygon","coordinates":[[[[73.71236,31.96269],[73.71232,31.96268],[73.7123,31.96273],[73.71234,31.96274],[73.71236,31.96269]]]]}},{"type":"Feature","properties":{"lu":"Commercial","ct":"Existing","a":0.153},"geometry":{"type":"MultiPolygon","coordinates":[[[[73.7117,31.96302],[73.71171,31.96279],[73.71145,31.96281],[73.71141,31.96304],[73.7117,31.96302]]]]}},{"type":"Feature","properties":{"lu":"Commercial","ct":"Existing","a":0.034},"geometry":{"type":"MultiPolygon","coordinates":[[[[73.711109,31.962862],[73.711083,31.962857],[73.711084,31.962862],[73.711109,31.962862]]],[[[73.71102,31.96286],[73.71097,31.96299],[73.71109,31.96302],[73.71108,31.96286],[73.71102,31.96286]]]]}},{"type":"Feature","properties":{"lu":"Commercial","ct":"Existing","a":0.002},"geometry":{"type":"MultiPolygon","coordinates":[[[[73.71371,31.95836],[73.7137,31.95834],[73.71367,31.95834],[73.71368,31.95837],[73.71371,31.95836]]],[[[73.713681,31.958365],[73.713684,31.958369],[73.713682,31.958365],[73.713681,31.958365]]]]}},{"type":"Feature","properties":{"lu":"Commercial","ct":"Existing","a":0.001},"geometry":{"type":"MultiPolygon","coordinates":[[[[73.700105,31.962515],[73.700102,31.962515],[73.700105,31.962516],[73.700105,31.962515]]],[[[73.7001,31.96253],[73.70013,31.96253],[73.70013,31.96252],[73.7001,31.96252],[73.7001,31.96253]]]]}},{"type":"Feature","properties":{"lu":"Commercial","ct":"Existing","a":0.122},"geometry":{"type":"MultiPolygon","coordinates":[[[[73.6385,32.03618],[73.63834,32.03619],[73.63835,32.03647],[73.63852,32.03646],[73.6385,32.03618]]]]}},{"type":"Feature","properties":{"lu":"Commercial","ct":"Existing","a":0.011},"geometry":{"type":"MultiPolygon","coordinates":[[[[73.53941,31.94854],[73.53943,31.94861],[73.53945,31.94861],[73.53944,31.94854],[73.53941,31.94854]]],[[[73.53821,31.94943],[73.53821,31.94945],[73.53858,31.94937],[73.53821,31.94943]]]]}},{"type":"Feature","properties":{"lu":"Commercial","ct":"Existing","a":0.282},"geometry":{"type":"MultiPolygon","coordinates":[[[[73.60459,31.93187],[73.60451,31.93161],[73.6042,31.93161],[73.60414,31.93193],[73.60459,31.93187]]]]}},{"type":"Feature","properties":{"lu":"Commercial","ct":"Existing","a":0.024},"geometry":{"type":"MultiPolygon","coordinates":[[[[73.60304,31.88714],[73.60304,31.88705],[73.60294,31.88705],[73.60293,31.88713],[73.60304,31.88714]]]]}},{"type":"Feature","properties":{"lu":"Commercial","ct":"Existing","a":3.405},"geometry":{"type":"MultiPolygon","coordinates":[[[[73.7063,31.96644],[73.70492,31.9664],[73.70488,31.96701],[73.70697,31.96712],[73.70704,31.9665],[73.7063,31.96644]]]]}},{"type":"Feature","properties":{"lu":"Commercial","ct":"Existing","a":2.484},"geometry":{"type":"MultiPolygon","coordinates":[[[[73.71464,31.95844],[73.7146,31.95897],[73.71414,31.95902],[73.71457,31.95961],[73.71529,31.95961],[73.7153,31.95844],[73.71464,31.95844]]]]}},{"type":"Feature","properties":{"lu":"Commercial","ct":"Existing","a":0.185},"geometry":{"type":"MultiPolygon","coordinates":[[[[73.33492,31.99352],[73.33465,31.99346],[73.33465,31.99375],[73.33493,31.99374],[73.33492,31.99352]]]]}},{"type":"Feature","properties":{"lu":"Commercial","ct":"Existing","a":0.039},"geometry":{"type":"MultiPolygon","coordinates":[[[[73.36406,32.04194],[73.36401,32.04184],[73.36388,32.04187],[73.3639,32.04196],[73.36406,32.04194]]]]}},{"type":"Feature","properties":{"lu":"Commercial","ct":"Existing","a":0.083},"geometry":{"type":"MultiPolygon","coordinates":[[[[73.36179,32.03915],[73.36172,32.03902],[73.36149,32.03921],[73.36154,32.03927],[73.36179,32.03915]]]]}},{"type":"Feature","properties":{"lu":"Commercial","ct":"Existing","a":0.777},"geometry":{"type":"MultiPolygon","coordinates":[[[[73.3562,32.031],[73.35583,32.03096],[73.35551,32.03113],[73.3559,32.03154],[73.35636,32.03135],[73.3562,32.031]]]]}},{"type":"Feature","properties":{"lu":"Commercial","ct":"Existing","a":0.135},"geometry":{"type":"MultiPolygon","coordinates":[[[[73.33264,31.99801],[73.3326,31.99783],[73.33228,31.99792],[73.33234,31.99804],[73.33264,31.99801]]]]}},{"type":"Feature","properties":{"lu":"Commercial","ct":"Existing","a":0.311},"geometry":{"type":"MultiPolygon","coordinates":[[[[73.32625,31.98946],[73.32602,31.98915],[73.32569,31.98933],[73.32576,31.98952],[73.32625,31.98946]]]]}},{"type":"Feature","properties":{"lu":"Commercial","ct":"Existing","a":0.663},"geometry":{"type":"MultiPolygon","coordinates":[[[[73.32518,31.98787],[73.32515,31.98739],[73.32457,31.98746],[73.32473,31.98793],[73.32518,31.98787]]]]}},{"type":"Feature","properties":{"lu":"Commercial","ct":"Existing","a":0.077},"geometry":{"type":"MultiPolygon","coordinates":[[[[73.31789,31.97743],[73.31783,31.97725],[73.31764,31.97733],[73.31774,31.97745],[73.31789,31.97743]]]]}},{"type":"Feature","properties":{"lu":"Commercial","ct":"Existing","a":0.051},"geometry":{"type":"MultiPolygon","coordinates":[[[[73.29728,31.94898],[73.29716,31.94879],[73.29707,31.94883],[73.29719,31.94901],[73.29728,31.94898]]]]}},{"type":"Feature","properties":{"lu":"Commercial","ct":"Existing","a":0.921},"geometry":{"type":"MultiPolygon","coordinates":[[[[73.29765,31.9482],[73.29718,31.94831],[73.29756,31.94895],[73.29798,31.94878],[73.29775,31.94817],[73.29765,31.9482]]]]}},{"type":"Feature","properties":{"lu":"Commercial","ct":"Existing","a":0.035},"geometry":{"type":"MultiPolygon","coordinates":[[[[73.28576,31.9329],[73.28569,31.93282],[73.28558,31.93289],[73.28563,31.93297],[73.28576,31.9329]]]]}},{"type":"Feature","properties":{"lu":"Commercial","ct":"Existing","a":0.073},"geometry":{"type":"MultiPolygon","coordinates":[[[[73.28592,31.93304],[73.2858,31.9329],[73.28565,31.93298],[73.28575,31.9331],[73.28592,31.93304]]]]}},{"type":"Feature","properties":{"lu":"Commercial","ct":"Existing","a":0.098},"geometry":{"type":"MultiPolygon","coordinates":[[[[73.28604,31.93316],[73.28621,31.93305],[73.28616,31.93285],[73.28604,31.93287],[73.28604,31.93316]]]]}},{"type":"Feature","properties":{"lu":"Commercial","ct":"Existing","a":0.877},"geometry":{"type":"MultiPolygon","coordinates":[[[[73.28642,32.05682],[73.2866,32.05659],[73.28635,32.05641],[73.28555,32.05662],[73.28622,32.05705],[73.28642,32.05682]]]]}},{"type":"Feature","properties":{"lu":"Commercial","ct":"Existing","a":0.059},"geometry":{"type":"MultiPolygon","coordinates":[[[[73.31459,32.09176],[73.31445,32.09174],[73.31443,32.09189],[73.31459,32.09191],[73.31459,32.09176]]]]}},{"type":"Feature","properties":{"lu":"Commercial","ct":"Existing","a":0.09},"geometry":{"type":"MultiPolygon","coordinates":[[[[73.31781,32.08403],[73.31779,32.08385],[73.3176,32.08386],[73.3176,32.08402],[73.31781,32.08403]]]]}},{"type":"Feature","properties":{"lu":"Commercial","ct":"Existing","a":0.154},"geometry":{"type":"MultiPolygon","coordinates":[[[[73.30035,32.08418],[73.30032,32.08406],[73.30005,32.08402],[73.30008,32.08429],[73.30035,32.08418]]]]}},{"type":"Feature","properties":{"lu":"Commercial","ct":"Existing","a":0.064},"geometry":{"type":"MultiPolygon","coordinates":[[[[73.27334,32.01663],[73.27316,32.01664],[73.27317,32.01678],[73.27336,32.01675],[73.27334,32.01663]]]]}},{"type":"Feature","properties":{"lu":"Commercial","ct":"Existing","a":0.048},"geometry":{"type":"MultiPolygon","coordinates":[[[[73.27396,32.01592],[73.27388,32.01586],[73.27375,32.01599],[73.27383,32.01605],[73.27396,32.01592]]]]}},{"type":"Feature","properties":{"lu":"Commercial","ct":"Existing","a":0.409},"geometry":{"type":"MultiPolygon","coordinates":[[[[73.27159,32.01545],[73.27129,32.01546],[73.27127,32.01564],[73.27135,32.01577],[73.27187,32.01574],[73.27184,32.01563],[73.27159,32.01545]]]]}},{"type":"Feature","properties":{"lu":"Commercial","ct":"Existing","a":0.037},"geometry":{"type":"MultiPolygon","coordinates":[[[[73.27299,32.01512],[73.27279,32.015],[73.27275,32.01504],[73.27294,32.01517],[73.27299,32.01512]]]]}},{"type":"Feature","properties":{"lu":"Commercial","ct":"Existing","a":0.158},"geometry":{"type":"MultiPolygon","coordinates":[[[[73.27265,32.01446],[73.27245,32.01434],[73.2723,32.01453],[73.2725,32.01466],[73.27265,32.01446]]]]}},{"type":"Feature","properties":{"lu":"Commercial","ct":"Existing","a":0.005},"geometry":{"type":"MultiPolygon","coordinates":[[[[73.25628,31.98023],[73.25624,31.98019],[73.25621,31.98021],[73.25626,31.98025],[73.25628,31.98023]]]]}},{"type":"Feature","properties":{"lu":"Commercial","ct":"Existing","a":0.032},"geometry":{"type":"MultiPolygon","coordinates":[[[[73.25507,31.97959],[73.25497,31.97952],[73.2549,31.97959],[73.25501,31.97966],[73.25507,31.97959]]]]}},{"type":"Feature","properties":{"lu":"Commercial","ct":"Existing","a":0.02},"geometry":{"type":"MultiPolygon","coordinates":[[[[73.25189,31.97337],[73.25187,31.97331],[73.25173,31.97335],[73.25175,31.9734],[73.25189,31.97337]]]]}},{"type":"Feature","properties":{"lu":"Commercial","ct":"Existing","a":0.006},"geometry":{"type":"MultiPolygon","coordinates":[[[[73.25109,31.97316],[73.25107,31.97311],[73.25102,31.97313],[73.25104,31.97317],[73.25109,31.97316]]]]}},{"type":"Feature","properties":{"lu":"Commercial","ct":"Existing","a":0.201},"geometry":{"type":"MultiPolygon","coordinates":[[[[73.44713,32.03375],[73.44697,32.03357],[73.44665,32.03367],[73.44674,32.03385],[73.44713,32.03375]]]]}},{"type":"Feature","properties":{"lu":"Commercial","ct":"Existing","a":0.004},"geometry":{"type":"MultiPolygon","coordinates":[[[[73.325159,31.98733],[73.325159,31.987327],[73.324566,31.987421],[73.324567,31.987423],[73.325159,31.98733]]]]}},{"type":"Feature","properties":{"lu":"Commercial","ct":"Existing","a":0.011},"geometry":{"type":"MultiPolygon","coordinates":[[[[73.32211,32.02235],[73.32202,32.02234],[73.32201,32.02238],[73.3221,32.02239],[73.32211,32.02235]]]]}},{"type":"Feature","properties":{"lu":"Commercial","ct":"Existing","a":0.176},"geometry":{"type":"MultiPolygon","coordinates":[[[[73.32231,32.0213],[73.32219,32.0213],[73.32218,32.02143],[73.32245,32.02157],[73.32253,32.02132],[73.32231,32.0213]]]]}},{"type":"Feature","properties":{"lu":"Commercial","ct":"Existing","a":0.118},"geometry":{"type":"MultiPolygon","coordinates":[[[[73.31521,31.95219],[73.31514,31.95197],[73.31495,31.95202],[73.31498,31.95221],[73.31521,31.95219]]]]}},{"type":"Feature","properties":{"lu":"Commercial","ct":"Existing","a":0.044},"geometry":{"type":"MultiPolygon","coordinates":[[[[73.39848,32.01256],[73.39837,32.01255],[73.39834,32.01268],[73.39846,32.01271],[73.39848,32.01256]]]]}},{"type":"Feature","properties":{"lu":"Commercial","ct":"Existing","a":0.062},"geometry":{"type":"MultiPolygon","coordinates":[[[[73.39637,32.01721],[73.39634,32.01707],[73.39619,32.01708],[73.3962,32.01723],[73.39637,32.01721]]]]}},{"type":"Feature","properties":{"lu":"Commercial","ct":"Existing","a":0.037},"geometry":{"type":"MultiPolygon","coordinates":[[[[73.28461,32.00409],[73.2846,32.00395],[73.2845,32.00395],[73.2845,32.00409],[73.28461,32.00409]]]]}},{"type":"Feature","properties":{"lu":"Commercial","ct":"Existing","a":0.012},"geometry":{"type":"MultiPolygon","coordinates":[[[[73.3782,31.98665],[73.3782,31.98662],[73.37807,31.98663],[73.37807,31.98668],[73.3782,31.98665]]]]}},{"type":"Feature","properties":{"lu":"Commercial","ct":"Existing","a":0.052},"geometry":{"type":"MultiPolygon","coordinates":[[[[73.37805,31.98719],[73.37806,31.98712],[73.3778,31.98711],[73.37779,31.98718],[73.37805,31.98719]]]]}},{"type":"Feature","properties":{"lu":"Commercial","ct":"Existing","a":0.349},"geometry":{"type":"MultiPolygon","coordinates":[[[[73.37478,31.98606],[73.37486,31.98634],[73.37525,31.98627],[73.37519,31.98597],[73.37477,31.98601],[73.37478,31.98606]]]]}},{"type":"Feature","properties":{"lu":"Commercial","ct":"Existing","a":0.235},"geometry":{"type":"MultiPolygon","coordinates":[[[[73.34221,31.99896],[73.34223,31.99869],[73.34187,31.9987],[73.34189,31.99896],[73.34221,31.99896]]]]}},{"type":"Feature","properties":{"lu":"Commercial","ct":"Existing","a":0.208},"geometry":{"type":"MultiPolygon","coordinates":[[[[73.61803,32.04828],[73.61812,32.04808],[73.61782,32.04778],[73.61767,32.04784],[73.61803,32.04828]],[[73.61789,32.04786],[73.61792,32.04788],[73.61787,32.04792],[73.61786,32.0479],[73.61789,32.04786]],[[73.61779,32.04789],[73.61782,32.04788],[73.61783,32.0479],[73.6178,32.04791],[73.61779,32.04789]],[[73.61794,32.04802],[73.61799,32.048],[73.618,32.04801],[73.61794,32.04804],[73.61795,32.04804],[73.61794,32.04802]],[[73.61793,32.04806],[73.61801,32.04801],[73.61802,32.04804],[73.61793,32.04806]],[[73.61794,32.04807],[73.61796,32.04807],[73.61796,32.04808],[73.61794,32.04808],[73.61794,32.04807]],[[73.61798,32.0481],[73.61796,32.04807],[73.61798,32.04806],[73.618,32.04808],[73.61798,32.0481]],[[73.618,32.04808],[73.61804,32.04811],[73.61801,32.04814],[73.61796,32.04811],[73.618,32.04808]]]]}},{"type":"Feature","properties":{"lu":"Commercial","ct":"Existing","a":0.465},"geometry":{"type":"MultiPolygon","coordinates":[[[[73.52834,32.06067],[73.52907,32.06068],[73.52906,32.06055],[73.52902,32.06044],[73.52836,32.06039],[73.52834,32.06067]]]]}},{"type":"Feature","properties":{"lu":"Commercial","ct":"Existing","a":0.717},"geometry":{"type":"MultiPolygon","coordinates":[[[[73.52436,32.06059],[73.52549,32.06061],[73.52543,32.06026],[73.52495,32.06029],[73.52471,32.06037],[73.52471,32.06048],[73.52434,32.06047],[73.52436,32.06059]]]]}},{"type":"Feature","properties":{"lu":"Commercial","ct":"Existing","a":2.29},"geometry":{"type":"MultiPolygon","coordinates":[[[[73.25537,31.88996],[73.25712,31.88941],[73.25666,31.889],[73.25518,31.8895],[73.25537,31.88996]]]]}},{"type":"Feature","properties":{"lu":"Commercial","ct":"Existing","a":0.603},"geometry":{"type":"MultiPolygon","coordinates":[[[[73.53935,31.8569],[73.53885,31.85703],[73.53901,31.85749],[73.53946,31.85735],[73.53935,31.8569]]]]}},{"type":"Feature","properties":{"lu":"Commercial","ct":"Existing","a":0.981},"geometry":{"type":"MultiPolygon","coordinates":[[[[73.49757,32.05995],[73.49749,32.05983],[73.49723,32.05978],[73.49659,32.05977],[73.49664,32.06018],[73.49755,32.06024],[73.49749,32.05998],[73.49757,32.05995]]]]}},{"type":"Feature","properties":{"lu":"Commercial","ct":"Existing","a":0.04},"geometry":{"type":"MultiPolygon","coordinates":[[[[73.44146,32.05895],[73.44146,32.05901],[73.44167,32.05901],[73.44167,32.05891],[73.44146,32.05895]]]]}},{"type":"Feature","properties":{"lu":"Commercial","ct":"Existing","a":0.0},"geometry":{"type":"MultiPolygon","coordinates":[[[[73.45889,32.05221],[73.45887,32.05221],[73.4589,32.05222],[73.45889,32.05221]]]]}},{"type":"Feature","properties":{"lu":"Commercial","ct":"Existing","a":1.028},"geometry":{"type":"MultiPolygon","coordinates":[[[[73.46722,32.05758],[73.46722,32.05765],[73.46653,32.05763],[73.46661,32.05818],[73.4673,32.0582],[73.46722,32.05758]]]]}},{"type":"Feature","properties":{"lu":"Commercial","ct":"Existing","a":0.775},"geometry":{"type":"MultiPolygon","coordinates":[[[[73.4764,32.05778],[73.47644,32.05831],[73.47687,32.05832],[73.4768,32.05754],[73.4764,32.05765],[73.4764,32.05778]]]]}},{"type":"Feature","properties":{"lu":"Commercial","ct":"Existing","a":0.045},"geometry":{"type":"MultiPolygon","coordinates":[[[[73.47739,32.03359],[73.47755,32.0336],[73.47755,32.03349],[73.47739,32.03349],[73.47739,32.03359]]]]}},{"type":"Feature","properties":{"lu":"Commercial","ct":"Existing","a":0.772},"geometry":{"type":"MultiPolygon","coordinates":[[[[73.50488,32.06065],[73.50441,32.06071],[73.5045,32.06136],[73.50495,32.06127],[73.50488,32.06065]]]]}},{"type":"Feature","properties":{"lu":"Commercial","ct":"Existing","a":0.035},"geometry":{"type":"MultiPolygon","coordinates":[[[[73.50359,32.06098],[73.50357,32.06091],[73.50338,32.06093],[73.50339,32.06099],[73.50359,32.06098]]]]}},{"type":"Feature","properties":{"lu":"Commercial","ct":"Existing","a":0.054},"geometry":{"type":"MultiPolygon","coordinates":[[[[73.50284,32.06086],[73.5027,32.06086],[73.50273,32.06102],[73.50286,32.06101],[73.50284,32.06086]]]]}},{"type":"Feature","properties":{"lu":"Commercial","ct":"Existing","a":0.097},"geometry":{"type":"MultiPolygon","coordinates":[[[[73.5001,32.06065],[73.49993,32.06064],[73.49992,32.06085],[73.50008,32.06087],[73.5001,32.06065]]]]}},{"type":"Feature","properties":{"lu":"Commercial","ct":"Existing","a":0.022},"geometry":{"type":"MultiPolygon","coordinates":[[[[73.502,32.06568],[73.502,32.06553],[73.50194,32.06554],[73.50194,32.06568],[73.502,32.06568]]]]}},{"type":"Feature","properties":{"lu":"Commercial","ct":"Existing","a":0.065},"geometry":{"type":"MultiPolygon","coordinates":[[[[73.50177,32.06571],[73.50166,32.06572],[73.50167,32.06596],[73.50177,32.06596],[73.50177,32.06571]]]]}},{"type":"Feature","properties":{"lu":"Commercial","ct":"Existing","a":0.021},"geometry":{"type":"MultiPolygon","coordinates":[[[[73.50133,32.06623],[73.50122,32.06623],[73.50122,32.06631],[73.50132,32.06631],[73.50133,32.06623]]]]}},{"type":"Feature","properties":{"lu":"Commercial","ct":"Existing","a":0.122},"geometry":{"type":"MultiPolygon","coordinates":[[[[73.5024,32.06703],[73.50232,32.06675],[73.50217,32.06676],[73.50223,32.06711],[73.5024,32.06703]]]]}},{"type":"Feature","properties":{"lu":"Commercial","ct":"Existing","a":0.372},"geometry":{"type":"MultiPolygon","coordinates":[[[[73.48204,32.05815],[73.48127,32.0585],[73.48202,32.05853],[73.48204,32.0582],[73.48204,32.05815]]]]}},{"type":"Feature","properties":{"lu":"Commercial","ct":"Existing","a":0.01},"geometry":{"type":"MultiPolygon","coordinates":[[[[73.48262,32.05797],[73.48256,32.05797],[73.48256,32.05803],[73.48261,32.05804],[73.48262,32.05797]]]]}},{"type":"Feature","properties":{"lu":"Commercial","ct":"Existing","a":0.058},"geometry":{"type":"MultiPolygon","coordinates":[[[[73.48292,32.05858],[73.48304,32.05859],[73.48306,32.05841],[73.48294,32.0584],[73.48292,32.05858]]]]}},{"type":"Feature","properties":{"lu":"Commercial","ct":"Existing","a":0.025},"geometry":{"type":"MultiPolygon","coordinates":[[[[73.4837,32.05862],[73.4838,32.05863],[73.48381,32.05853],[73.48371,32.05852],[73.4837,32.05862]]]]}},{"type":"Feature","properties":{"lu":"Commercial","ct":"Existing","a":0.023},"geometry":{"type":"MultiPolygon","coordinates":[[[[73.48407,32.05864],[73.48415,32.05865],[73.48416,32.05853],[73.48408,32.05852],[73.48407,32.05864]]]]}},{"type":"Feature","properties":{"lu":"Commercial","ct":"Existing","a":0.033},"geometry":{"type":"MultiPolygon","coordinates":[[[[73.48729,32.05776],[73.48721,32.05777],[73.48721,32.05792],[73.48729,32.05792],[73.48729,32.05776]]]]}},{"type":"Feature","properties":{"lu":"Commercial","ct":"Existing","a":0.12},"geometry":{"type":"MultiPolygon","coordinates":[[[[73.48793,32.05889],[73.48808,32.0589],[73.48805,32.05859],[73.4879,32.05859],[73.48793,32.05889]]]]}},{"type":"Feature","properties":{"lu":"Commercial","ct":"Existing","a":0.079},"geometry":{"type":"MultiPolygon","coordinates":[[[[73.48246,32.05957],[73.48244,32.05976],[73.4826,32.05978],[73.48262,32.05958],[73.48246,32.05957]]]]}},{"type":"Feature","properties":{"lu":"Commercial","ct":"Existing","a":0.05},"geometry":{"type":"MultiPolygon","coordinates":[[[[73.48523,32.05898],[73.48511,32.05897],[73.48508,32.05914],[73.48518,32.05916],[73.48523,32.05898]]]]}},{"type":"Feature","properties":{"lu":"Commercial","ct":"Existing","a":0.092},"geometry":{"type":"MultiPolygon","coordinates":[[[[73.48936,32.05922],[73.48921,32.05919],[73.4892,32.05945],[73.48932,32.05947],[73.48936,32.05922]]]]}},{"type":"Feature","properties":{"lu":"Commercial","ct":"Existing","a":0.632},"geometry":{"type":"MultiPolygon","coordinates":[[[[73.57482,32.21068],[73.57435,32.21031],[73.57404,32.2106],[73.57442,32.21095],[73.57482,32.21068]]]]}},{"type":"Feature","properties":{"lu":"Commercial","ct":"Existing","a":1.053},"geometry":{"type":"MultiPolygon","coordinates":[[[[73.59503,32.20365],[73.59502,32.20348],[73.59493,32.20339],[73.59499,32.2033],[73.59485,32.20323],[73.59412,32.2042],[73.5945,32.20433],[73.59503,32.20365]]]]}},{"type":"Feature","properties":{"lu":"Commercial","ct":"Existing","a":0.117},"geometry":{"type":"MultiPolygon","coordinates":[[[[73.58442,32.22076],[73.58428,32.22076],[73.58411,32.22106],[73.58426,32.22106],[73.58442,32.22076]]]]}},{"type":"Feature","properties":{"lu":"Commercial","ct":"Existing","a":0.112},"geometry":{"type":"MultiPolygon","coordinates":[[[[73.46543,32.05816],[73.46567,32.05816],[73.46568,32.05798],[73.46544,32.05798],[73.46543,32.05816]]]]}},{"type":"Feature","properties":{"lu":"Commercial","ct":"Existing","a":0.02},"geometry":{"type":"MultiPolygon","coordinates":[[[[73.48215,32.05854],[73.48225,32.05855],[73.48226,32.05847],[73.48216,32.05846],[73.48215,32.05854]]]]}},{"type":"Feature","properties":{"lu":"Commercial","ct":"Existing","a":0.018},"geometry":{"type":"MultiPolygon","coordinates":[[[[73.48273,32.05857],[73.4828,32.05858],[73.4828,32.05846],[73.48274,32.05846],[73.48273,32.05857]]]]}},{"type":"Feature","properties":{"lu":"Commercial","ct":"Existing","a":0.014},"geometry":{"type":"MultiPolygon","coordinates":[[[[73.48285,32.05881],[73.48281,32.05881],[73.48279,32.05892],[73.48284,32.05893],[73.48285,32.05881]]]]}},{"type":"Feature","properties":{"lu":"Commercial","ct":"Existing","a":0.017},"geometry":{"type":"MultiPolygon","coordinates":[[[[73.48682,32.05882],[73.48694,32.05883],[73.48692,32.05876],[73.48682,32.05876],[73.48682,32.05882]]]]}},{"type":"Feature","properties":{"lu":"Commercial","ct":"Existing","a":0.014},"geometry":{"type":"MultiPolygon","coordinates":[[[[73.48759,32.0588],[73.48752,32.05881],[73.48752,32.05888],[73.4876,32.05888],[73.48759,32.0588]]]]}},{"type":"Feature","properties":{"lu":"Commercial","ct":"Existing","a":0.031},"geometry":{"type":"MultiPolygon","coordinates":[[[[73.50118,32.06048],[73.50114,32.06034],[73.50106,32.06035],[73.50109,32.06049],[73.50118,32.06048]]]]}},{"type":"Feature","properties":{"lu":"Commercial","ct":"Existing","a":0.282,"nm":"Patrol Pump"},"geometry":{"type":"MultiPolygon","coordinates":[[[[73.63428,32.06149],[73.63468,32.06165],[73.6348,32.06142],[73.63442,32.06127],[73.63428,32.06149]]]]}},{"type":"Feature","properties":{"lu":"Commercial","ct":"Existing","a":1.508},"geometry":{"type":"MultiPolygon","coordinates":[[[[73.59195,31.97998],[73.59109,31.98027],[73.59133,31.98085],[73.59225,31.98052],[73.59195,31.97998]]]]}},{"type":"Feature","properties":{"lu":"Commercial","ct":"Existing","a":1.198},"geometry":{"type":"MultiPolygon","coordinates":[[[[73.46207,32.13248],[73.462,32.1329],[73.46272,32.13338],[73.46275,32.13257],[73.46207,32.13248]]]]}},{"type":"Feature","properties":{"lu":"Commercial","ct":"Existing","a":0.066},"geometry":{"type":"MultiPolygon","coordinates":[[[[73.59116,32.20798],[73.59092,32.20796],[73.59093,32.2081],[73.59107,32.20811],[73.59116,32.20798]]]]}},{"type":"Feature","properties":{"lu":"Commercial","ct":"Existing","a":1.187},"geometry":{"type":"MultiPolygon","coordinates":[[[[73.24805,31.8798],[73.24724,31.88044],[73.24759,31.88074],[73.24839,31.88008],[73.24805,31.8798]]]]}},{"type":"Feature","properties":{"lu":"Commercial","ct":"Existing","a":3.453},"geometry":{"type":"MultiPolygon","coordinates":[[[[73.2535,31.88432],[73.2535,31.88413],[73.25298,31.88414],[73.25289,31.88359],[73.25089,31.88363],[73.25175,31.88437],[73.2535,31.88432]]]]}},{"type":"Feature","properties":{"lu":"Commercial","ct":"Existing","a":0.352},"geometry":{"type":"MultiPolygon","coordinates":[[[[73.25207,31.88477],[73.25247,31.88513],[73.25256,31.88506],[73.25248,31.88498],[73.25259,31.88491],[73.2523,31.88456],[73.25207,31.88477]]]]}},{"type":"Feature","properties":{"lu":"Commercial","ct":"Existing","a":4.445},"geometry":{"type":"MultiPolygon","coordinates":[[[[73.53897,31.85862],[73.53866,31.85708],[73.53747,31.85737],[73.53764,31.85824],[73.53789,31.85825],[73.53802,31.85875],[73.53897,31.85862]]]]}},{"type":"Feature","properties":{"lu":"Commercial","ct":"Existing","a":4.158},"geometry":{"type":"MultiPolygon","coordinates":[[[[73.53267,31.86268],[73.53295,31.8639],[73.53421,31.86372],[73.53399,31.86252],[73.53267,31.86268]]]]}},{"type":"Feature","properties":{"lu":"Commercial","ct":"Existing","a":0.985},"geometry":{"type":"MultiPolygon","coordinates":[[[[73.54371,31.8558],[73.54347,31.85586],[73.5437,31.85681],[73.54436,31.85673],[73.54435,31.85656],[73.544,31.85656],[73.54391,31.85619],[73.54383,31.85618],[73.54371,31.8558]]]]}},{"type":"Feature","properties":{"lu":"Commercial","ct":"Existing","a":1.094},"geometry":{"type":"MultiPolygon","coordinates":[[[[73.49726,31.90898],[73.49722,31.90849],[73.49623,31.90856],[73.49656,31.90904],[73.49726,31.90898]]]]}},{"type":"Feature","properties":{"lu":"Commercial","ct":"Existing","a":20.954},"geometry":{"type":"MultiPolygon","coordinates":[[[[73.5698,31.90834],[73.56727,31.90917],[73.5684,31.91155],[73.57141,31.91048],[73.57026,31.90817],[73.5698,31.90834]],[[73.56835,31.91007],[73.56808,31.91008],[73.5681,31.90972],[73.56838,31.90974],[73.56835,31.91007]]]]}},{"type":"Feature","properties":{"lu":"Commercial","ct":"Existing","a":0.144},"geometry":{"type":"MultiPolygon","coordinates":[[[[73.42054,32.0612],[73.42053,32.06099],[73.42024,32.06106],[73.42025,32.06122],[73.42054,32.0612]]]]}},{"type":"Feature","properties":{"lu":"Commercial","ct":"Existing","a":0.092},"geometry":{"type":"MultiPolygon","coordinates":[[[[73.42133,32.0611],[73.42133,32.061],[73.42099,32.06102],[73.421,32.06113],[73.42133,32.0611]]]]}},{"type":"Feature","properties":{"lu":"Commercial","ct":"Existing","a":0.229},"geometry":{"type":"MultiPolygon","coordinates":[[[[73.40888,32.06233],[73.40887,32.06225],[73.40878,32.06226],[73.40869,32.06179],[73.40855,32.06181],[73.40864,32.06235],[73.40888,32.06233]]]]}},{"type":"Feature","properties":{"lu":"Commercial","ct":"Existing","a":0.402},"geometry":{"type":"MultiPolygon","coordinates":[[[[73.40906,32.06232],[73.40902,32.06178],[73.40869,32.06179],[73.40878,32.06226],[73.40887,32.06225],[73.40888,32.06233],[73.40906,32.06232]]]]}},{"type":"Feature","properties":{"lu":"Commercial","ct":"Existing","a":20.364},"geometry":{"type":"MultiPolygon","coordinates":[[[[73.56975,31.90716],[73.56879,31.9052],[73.56584,31.90623],[73.56701,31.90859],[73.56994,31.90753],[73.56975,31.90716]],[[73.56703,31.90768],[73.56693,31.90738],[73.56728,31.90729],[73.56736,31.90758],[73.56703,31.90768]]]]}},{"type":"Feature","properties":{"lu":"Commercial","ct":"Existing","a":0.013,"nm":"Al-Hayat Refuelling Station"},"geometry":{"type":"MultiPolygon","coordinates":[[[[73.37662,32.06828],[73.37661,32.06825],[73.37649,32.06823],[73.37652,32.0683],[73.37662,32.06828]]]]}},{"type":"Feature","properties":{"lu":"Commercial","ct":"Existing","a":1.468},"geometry":{"type":"MultiPolygon","coordinates":[[[[73.40773,32.05886],[73.40764,32.05824],[73.4067,32.05829],[73.40683,32.05888],[73.40773,32.05886]]]]}},{"type":"Feature","properties":{"lu":"Commercial","ct":"Existing","a":0.428},"geometry":{"type":"MultiPolygon","coordinates":[[[[73.59271,31.97959],[73.59259,31.9795],[73.59265,31.97943],[73.59259,31.97932],[73.5925,31.97934],[73.59236,31.97908],[73.59214,31.97919],[73.5924,31.97969],[73.59271,31.97959]]]]}},{"type":"Feature","properties":{"lu":"Commercial","ct":"Existing","a":0.801,"nm":"Razzaq Petrol Pump"},"geometry":{"type":"MultiPolygon","coordinates":[[[[73.58194,31.9817],[73.58169,31.98121],[73.58116,31.98136],[73.58149,31.98187],[73.58166,31.98186],[73.58194,31.9817]]]]}},{"type":"Feature","properties":{"lu":"Commercial","ct":"Existing","a":0.017,"nm":"Millan Marriage Hall"},"geometry":{"type":"MultiPolygon","coordinates":[[[[73.60347,31.97534],[73.60333,31.97511],[73.60331,31.97512],[73.60342,31.97533],[73.60344,31.97535],[73.60347,31.97534]]]]}},{"type":"Feature","properties":{"lu":"Commercial","ct":"Existing","a":0.702},"geometry":{"type":"MultiPolygon","coordinates":[[[[73.5906,31.98037],[73.59033,31.97986],[73.58989,31.98002],[73.59016,31.98053],[73.5906,31.98037]]]]}},{"type":"Feature","properties":{"lu":"Commercial","ct":"Existing","a":1.722},"geometry":{"type":"MultiPolygon","coordinates":[[[[73.58643,31.98209],[73.58537,31.98249],[73.58571,31.98299],[73.58669,31.98262],[73.58643,31.98209]]]]}},{"type":"Feature","properties":{"lu":"Commercial","ct":"Existing","a":1.587},"geometry":{"type":"MultiPolygon","coordinates":[[[[73.58402,31.9843],[73.58354,31.98318],[73.58307,31.98334],[73.58353,31.98448],[73.58402,31.9843]]]]}},{"type":"Feature","properties":{"lu":"Commercial","ct":"Existing","a":0.009},"geometry":{"type":"MultiPolygon","coordinates":[[[[73.58197,31.98399],[73.58196,31.98397],[73.58185,31.98398],[73.58185,31.98401],[73.58197,31.98399]]]]}},{"type":"Feature","properties":{"lu":"Commercial","ct":"Existing","a":0.011},"geometry":{"type":"MultiPolygon","coordinates":[[[[73.58195,31.98388],[73.58195,31.98385],[73.58183,31.98387],[73.58183,31.9839],[73.58195,31.98388]]]]}},{"type":"Feature","properties":{"lu":"Commercial","ct":"Existing","a":0.011},"geometry":{"type":"MultiPolygon","coordinates":[[[[73.58196,31.98397],[73.58196,31.98393],[73.58184,31.98395],[73.58185,31.98396],[73.58185,31.98398],[73.58196,31.98397]]]]}},{"type":"Feature","properties":{"lu":"Commercial","ct":"Existing","a":0.012},"geometry":{"type":"MultiPolygon","coordinates":[[[[73.58197,31.98408],[73.58198,31.98407],[73.58197,31.98403],[73.58186,31.98406],[73.58186,31.9841],[73.58197,31.98408]]]]}},{"type":"Feature","properties":{"lu":"Commercial","ct":"Existing","a":0.013},"geometry":{"type":"MultiPolygon","coordinates":[[[[73.58195,31.98385],[73.58194,31.98381],[73.58182,31.98382],[73.58183,31.98387],[73.58195,31.98385]]]]}},{"type":"Feature","properties":{"lu":"Commercial","ct":"Existing","a":0.014},"geometry":{"type":"MultiPolygon","coordinates":[[[[73.58197,31.98403],[73.58197,31.98399],[73.58185,31.98401],[73.58186,31.98406],[73.58197,31.98403]]]]}},{"type":"Feature","properties":{"lu":"Commercial","ct":"Existing","a":0.015},"geometry":{"type":"MultiPolygon","coordinates":[[[[73.58194,31.98381],[73.58194,31.98377],[73.58181,31.98378],[73.58182,31.98382],[73.58194,31.98381]]]]}},{"type":"Feature","properties":{"lu":"Commercial","ct":"Existing","a":0.015},"geometry":{"type":"MultiPolygon","coordinates":[[[[73.58196,31.98393],[73.58195,31.98388],[73.58183,31.9839],[73.58184,31.98395],[73.58196,31.98393]]]]}},{"type":"Feature","properties":{"lu":"Commercial","ct":"Existing","a":0.02},"geometry":{"type":"MultiPolygon","coordinates":[[[[73.58194,31.98377],[73.58193,31.98371],[73.58179,31.98372],[73.58181,31.98378],[73.58194,31.98377]]]]}},{"type":"Feature","properties":{"lu":"Commercial","ct":"Existing","a":0.05},"geometry":{"type":"MultiPolygon","coordinates":[[[[73.58193,31.98371],[73.58191,31.98357],[73.58176,31.9836],[73.58179,31.98372],[73.58193,31.98371]]]]}},{"type":"Feature","properties":{"lu":"Commercial","ct":"Existing","a":0.017},"geometry":{"type":"MultiPolygon","coordinates":[[[[73.58235,31.98367],[73.58233,31.98361],[73.58224,31.98364],[73.58226,31.9837],[73.58235,31.98367]]]]}},{"type":"Feature","properties":{"lu":"Commercial","ct":"Existing","a":0.013},"geometry":{"type":"MultiPolygon","coordinates":[[[[73.58242,31.98365],[73.5824,31.98358],[73.58233,31.98361],[73.58235,31.98367],[73.58242,31.98365]]]]}},{"type":"Feature","properties":{"lu":"Commercial","ct":"Existing","a":0.015},"geometry":{"type":"MultiPolygon","coordinates":[[[[73.58248,31.98364],[73.58247,31.98356],[73.5824,31.98358],[73.58248,31.98364]]]]}},{"type":"Feature","properties":{"lu":"Commercial","ct":"Existing","a":0.039},"geometry":{"type":"MultiPolygon","coordinates":[[[[73.58315,31.98353],[73.58311,31.98342],[73.58298,31.98345],[73.58305,31.98357],[73.58315,31.98353]]]]}},{"type":"Feature","properties":{"lu":"Commercial","ct":"Existing","a":0.045},"geometry":{"type":"MultiPolygon","coordinates":[[[[73.58305,31.98357],[73.58298,31.98345],[73.58286,31.98348],[73.58293,31.98361],[73.58305,31.98357]]]]}},{"type":"Feature","properties":{"lu":"Commercial","ct":"Existing","a":0.003},"geometry":{"type":"MultiPolygon","coordinates":[[[[73.6042,31.97638],[73.60412,31.97623],[73.60418,31.97638],[73.6042,31.97638]]]]}},{"type":"Feature","properties":{"lu":"Commercial","ct":"Existing","a":0.003},"geometry":{"type":"MultiPolygon","coordinates":[[[[73.60333,31.97511],[73.6033,31.97506],[73.60329,31.97506],[73.6033,31.9751],[73.60331,31.97512],[73.60333,31.97511]]]]}},{"type":"Feature","properties":{"lu":"Commercial","ct":"Existing","a":0.001},"geometry":{"type":"MultiPolygon","coordinates":[[[[73.60318,31.97485],[73.60315,31.97478],[73.60314,31.97478],[73.60318,31.97485]]]]}},{"type":"Feature","properties":{"lu":"Commercial","ct":"Existing","a":0.037},"geometry":{"type":"MultiPolygon","coordinates":[[[[73.583,31.97781],[73.58296,31.97768],[73.58286,31.97771],[73.5829,31.97784],[73.583,31.97781]]]]}},{"type":"Feature","properties":{"lu":"Commercial","ct":"Existing","a":0.043},"geometry":{"type":"MultiPolygon","coordinates":[[[[73.58393,31.97758],[73.58391,31.97751],[73.58371,31.97754],[73.5837,31.97763],[73.58393,31.97758]]]]}},{"type":"Feature","properties":{"lu":"Commercial","ct":"Existing","a":0.258},"geometry":{"type":"MultiPolygon","coordinates":[[[[73.51219,31.92664],[73.51177,31.92664],[73.51176,31.92687],[73.51219,31.92687],[73.51219,31.92664]]]]}},{"type":"Feature","properties":{"lu":"Commercial","ct":"Existing","a":1.056},"geometry":{"type":"MultiPolygon","coordinates":[[[[73.44024,32.05929],[73.43969,32.05874],[73.4391,32.05852],[73.43951,32.05925],[73.43945,32.05937],[73.44024,32.05929]]]]}},{"type":"Feature","properties":{"lu":"Commercial","ct":"Existing","a":0.155},"geometry":{"type":"MultiPolygon","coordinates":[[[[73.54746,32.1283],[73.54725,32.12827],[73.5472,32.12857],[73.54739,32.12859],[73.54746,32.1283]]]]}},{"type":"Feature","properties":{"lu":"Commercial","ct":"Existing","a":0.088},"geometry":{"type":"MultiPolygon","coordinates":[[[[73.54738,32.12757],[73.54711,32.12755],[73.5471,32.12769],[73.54737,32.12769],[73.54738,32.12757]]]]}},{"type":"Feature","properties":{"lu":"Commercial","ct":"Existing","a":0.038},"geometry":{"type":"MultiPolygon","coordinates":[[[[73.54944,32.12833],[73.5493,32.1283],[73.54927,32.1284],[73.54941,32.12844],[73.54944,32.12833]]]]}},{"type":"Feature","properties":{"lu":"Commercial","ct":"Existing","a":0.068},"geometry":{"type":"MultiPolygon","coordinates":[[[[73.54873,32.12778],[73.54879,32.12778],[73.54878,32.12762],[73.54862,32.12763],[73.54863,32.1278],[73.54873,32.12778]]]]}},{"type":"Feature","properties":{"lu":"Commercial","ct":"Existing","a":0.004},"geometry":{"type":"MultiPolygon","coordinates":[[[[73.54885,32.12767],[73.54885,32.12772],[73.54888,32.12772],[73.54888,32.12767],[73.54885,32.12767]]]]}},{"type":"Feature","properties":{"lu":"Commercial","ct":"Existing","a":0.009},"geometry":{"type":"MultiPolygon","coordinates":[[[[73.54887,32.12759],[73.54887,32.12763],[73.54894,32.12764],[73.54894,32.12759],[73.54887,32.12759]]]]}},{"type":"Feature","properties":{"lu":"Commercial","ct":"Existing","a":0.009},"geometry":{"type":"MultiPolygon","coordinates":[[[[73.55189,32.12725],[73.55187,32.12723],[73.55179,32.12726],[73.55181,32.12729],[73.5519,32.12726],[73.55189,32.12725]]]]}},{"type":"Feature","properties":{"lu":"Commercial","ct":"Existing","a":0.029},"geometry":{"type":"MultiPolygon","coordinates":[[[[73.55196,32.12511],[73.55186,32.12517],[73.55186,32.12527],[73.55195,32.12526],[73.55196,32.12511]]]]}},{"type":"Feature","properties":{"lu":"Commercial","ct":"Existing","a":3.305},"geometry":{"type":"MultiPolygon","coordinates":[[[[73.55262,32.11915],[73.55081,32.11901],[73.55037,32.11916],[73.55036,32.11954],[73.55261,32.11971],[73.55262,32.11915]]]]}},{"type":"Feature","properties":{"lu":"Commercial","ct":"Existing","a":0.02},"geometry":{"type":"MultiPolygon","coordinates":[[[[73.5516,32.12586],[73.55147,32.12584],[73.55147,32.12591],[73.55159,32.12592],[73.5516,32.12586]]]]}},{"type":"Feature","properties":{"lu":"Commercial","ct":"Existing","a":0.014},"geometry":{"type":"MultiPolygon","coordinates":[[[[73.54883,32.12784],[73.54873,32.12778],[73.54874,32.12785],[73.54883,32.12784]]]]}},{"type":"Feature","properties":{"lu":"Commercial","ct":"Existing","a":0.01},"geometry":{"type":"MultiPolygon","coordinates":[[[[73.54862,32.12768],[73.54862,32.12763],[73.54854,32.12763],[73.54855,32.12768],[73.54862,32.12768]]]]}},{"type":"Feature","properties":{"lu":"Commercial","ct":"Existing","a":0.02},"geometry":{"type":"MultiPolygon","coordinates":[[[[73.55227,32.12705],[73.55217,32.127],[73.55213,32.12705],[73.55223,32.12712],[73.55227,32.12705]]]]}},{"type":"Feature","properties":{"lu":"Commercial","ct":"Existing","a":0.028},"geometry":{"type":"MultiPolygon","coordinates":[[[[73.5519,32.12539],[73.55195,32.12546],[73.5521,32.12546],[73.55211,32.1254],[73.5519,32.12539]]]]}},{"type":"Feature","properties":{"lu":"Commercial","ct":"Existing","a":0.025},"geometry":{"type":"MultiPolygon","coordinates":[[[[73.58237,31.97854],[73.58234,31.97842],[73.58226,31.97845],[73.58228,31.97855],[73.58237,31.97854]]]]}},{"type":"Feature","properties":{"lu":"Commercial","ct":"Existing","a":0.022},"geometry":{"type":"MultiPolygon","coordinates":[[[[73.55229,32.12495],[73.55222,32.12498],[73.55222,32.12509],[73.55229,32.12509],[73.55229,32.12495]]]]}},{"type":"Feature","properties":{"lu":"Commercial","ct":"Existing","a":0.036},"geometry":{"type":"MultiPolygon","coordinates":[[[[73.55255,32.12484],[73.55247,32.12487],[73.55246,32.12502],[73.55256,32.12502],[73.55255,32.12484]]]]}},{"type":"Feature","properties":{"lu":"Commercial","ct":"Existing","a":0.065},"geometry":{"type":"MultiPolygon","coordinates":[[[[73.553,32.12464],[73.55287,32.1247],[73.55288,32.12486],[73.55301,32.12486],[73.553,32.12464]]]]}},{"type":"Feature","properties":{"lu":"Commercial","ct":"Existing","a":0.011},"geometry":{"type":"MultiPolygon","coordinates":[[[[73.55363,32.12436],[73.55356,32.12439],[73.5536,32.12444],[73.55366,32.12442],[73.55363,32.12436]]]]}},{"type":"Feature","properties":{"lu":"Commercial","ct":"Existing","a":0.033},"geometry":{"type":"MultiPolygon","coordinates":[[[[73.55414,32.12422],[73.55413,32.12414],[73.55403,32.12419],[73.55403,32.12429],[73.55414,32.12428],[73.55414,32.12422]]]]}},{"type":"Feature","properties":{"lu":"Commercial","ct":"Existing","a":0.029},"geometry":{"type":"MultiPolygon","coordinates":[[[[73.55424,32.12409],[73.55413,32.12414],[73.55414,32.12422],[73.55424,32.12422],[73.55424,32.12409]]]]}},{"type":"Feature","properties":{"lu":"Commercial","ct":"Existing","a":0.814},"geometry":{"type":"MultiPolygon","coordinates":[[[[73.55526,32.12351],[73.55526,32.1232],[73.55461,32.12317],[73.55459,32.12382],[73.55526,32.12351]]]]}},{"type":"Feature","properties":{"lu":"Commercial","ct":"Existing","a":0.747},"geometry":{"type":"MultiPolygon","coordinates":[[[[73.55722,32.12263],[73.55725,32.12233],[73.55657,32.12232],[73.5566,32.12291],[73.55722,32.12263]]]]}},{"type":"Feature","properties":{"lu":"Commercial","ct":"Existing","a":0.063},"geometry":{"type":"MultiPolygon","coordinates":[[[[73.58944,31.98079],[73.58932,31.98061],[73.58922,31.98065],[73.58933,31.98083],[73.58944,31.98079]]]]}},{"type":"Feature","properties":{"lu":"Commercial","ct":"Existing","a":0.066},"geometry":{"type":"MultiPolygon","coordinates":[[[[73.59,31.98058],[73.5899,31.98039],[73.58979,31.98043],[73.58989,31.98062],[73.59,31.98058]]]]}},{"type":"Feature","properties":{"lu":"Commercial","ct":"Existing","a":0.074},"geometry":{"type":"MultiPolygon","coordinates":[[[[73.58895,31.98098],[73.58884,31.98079],[73.58872,31.98084],[73.58882,31.98103],[73.58895,31.98098]]]]}},{"type":"Feature","properties":{"lu":"Commercial","ct":"Existing","a":0.078},"geometry":{"type":"MultiPolygon","coordinates":[[[[73.58971,31.98069],[73.5896,31.9805],[73.58946,31.98055],[73.58957,31.98074],[73.58971,31.98069]]]]}},{"type":"Feature","properties":{"lu":"Commercial","ct":"Existing","a":0.079},"geometry":{"type":"MultiPolygon","coordinates":[[[[73.58957,31.98074],[73.58946,31.98055],[73.58932,31.98061],[73.58944,31.98079],[73.58957,31.98074]]]]}},{"type":"Feature","properties":{"lu":"Commercial","ct":"Existing","a":0.098},"geometry":{"type":"MultiPolygon","coordinates":[[[[73.58911,31.98092],[73.58901,31.98073],[73.58884,31.98079],[73.58895,31.98098],[73.58911,31.98092]]]]}},{"type":"Feature","properties":{"lu":"Commercial","ct":"Existing","a":0.11},"geometry":{"type":"MultiPolygon","coordinates":[[[[73.58989,31.98062],[73.58979,31.98043],[73.5896,31.9805],[73.58971,31.98069],[73.58989,31.98062]]]]}},{"type":"Feature","properties":{"lu":"Commercial","ct":"Existing","a":0.128},"geometry":{"type":"MultiPolygon","coordinates":[[[[73.58933,31.98083],[73.58922,31.98065],[73.58901,31.98073],[73.58911,31.98092],[73.58933,31.98083]]]]}},{"type":"Feature","properties":{"lu":"Commercial","ct":"Existing","a":0.516},"geometry":{"type":"MultiPolygon","coordinates":[[[[73.59066,31.98046],[73.5908,31.98072],[73.59108,31.98061],[73.59095,31.98034],[73.59066,31.98046]]],[[[73.5905,31.98083],[73.59065,31.98079],[73.5905,31.98048],[73.59035,31.98057],[73.5905,31.98083]]],[[[73.59005,31.98079],[73.59019,31.98074],[73.5903,31.9809],[73.59042,31.98085],[73.59029,31.9806],[73.58999,31.98071],[73.59005,31.98079]]]]}},{"type":"Feature","properties":{"lu":"Commercial","ct":"Existing","a":4.116},"geometry":{"type":"MultiPolygon","coordinates":[[[[73.59389,31.97922],[73.59263,31.97972],[73.59316,31.98074],[73.59444,31.98029],[73.59389,31.97922]]]]}},{"type":"Feature","properties":{"lu":"Commercial","ct":"Existing","a":0.247},"geometry":{"type":"MultiPolygon","coordinates":[[[[73.58022,31.97835],[73.57988,31.97844],[73.57998,31.97867],[73.58037,31.97857],[73.58022,31.97835]]]]}},{"type":"Feature","properties":{"lu":"Commercial","ct":"Existing","a":0.039},"geometry":{"type":"MultiPolygon","coordinates":[[[[73.58059,31.98004],[73.58059,31.97994],[73.58043,31.97996],[73.58046,31.98006],[73.58059,31.98004]]]]}},{"type":"Feature","properties":{"lu":"Commercial","ct":"Existing","a":0.067},"geometry":{"type":"MultiPolygon","coordinates":[[[[73.58068,31.98016],[73.58068,31.98004],[73.58046,31.98006],[73.58052,31.98019],[73.58068,31.98016]]]]}},{"type":"Feature","properties":{"lu":"Commercial","ct":"Existing","a":0.144},"geometry":{"type":"MultiPolygon","coordinates":[[[[73.58068,31.98016],[73.58052,31.98019],[73.58059,31.98038],[73.58086,31.98031],[73.58083,31.98014],[73.58068,31.98016]]]]}},{"type":"Feature","properties":{"lu":"Commercial","ct":"Existing","a":0.065},"geometry":{"type":"MultiPolygon","coordinates":[[[[73.57022,32.20664],[73.57004,32.20673],[73.57017,32.20683],[73.5703,32.20669],[73.57022,32.20664]]]]}},{"type":"Feature","properties":{"lu":"Commercial","ct":"Existing","a":0.03},"geometry":{"type":"MultiPolygon","coordinates":[[[[73.79603,31.98264],[73.79599,31.98251],[73.79589,31.98255],[73.79596,31.98268],[73.79603,31.98264]]]]}},{"type":"Feature","properties":{"lu":"Commercial","ct":"Existing","a":0.039},"geometry":{"type":"MultiPolygon","coordinates":[[[[73.79569,31.98276],[73.79567,31.98267],[73.79548,31.9827],[73.79554,31.9828],[73.79569,31.98276]]]]}},{"type":"Feature","properties":{"lu":"Commercial","ct":"Existing","a":0.496},"geometry":{"type":"MultiPolygon","coordinates":[[[[73.32877,31.8639],[73.32848,31.86383],[73.32808,31.86422],[73.32872,31.86429],[73.32877,31.8639]]]]}},{"type":"Feature","properties":{"lu":"Commercial","ct":"Existing","a":0.041},"geometry":{"type":"MultiPolygon","coordinates":[[[[73.21351,31.84995],[73.21351,31.84988],[73.21326,31.84987],[73.21328,31.84996],[73.21351,31.84995]]]]}},{"type":"Feature","properties":{"lu":"Commercial","ct":"Existing","a":0.078},"geometry":{"type":"MultiPolygon","coordinates":[[[[73.176,31.84932],[73.17594,31.84918],[73.17575,31.84927],[73.17584,31.8494],[73.176,31.84932]]]]}},{"type":"Feature","properties":{"lu":"Commercial","ct":"Existing","a":0.221},"geometry":{"type":"MultiPolygon","coordinates":[[[[73.57323,32.08142],[73.5733,32.08118],[73.57296,32.08122],[73.57291,32.08149],[73.57323,32.08142]]]]}},{"type":"Feature","properties":{"lu":"Commercial","ct":"Existing","a":0.03},"geometry":{"type":"MultiPolygon","coordinates":[[[[73.71111,31.96286],[73.71117,31.96303],[73.71118,31.9628],[73.71111,31.96286]]]]}},{"type":"Feature","properties":{"lu":"Commercial","ct":"Existing","a":0.001},"geometry":{"type":"MultiPolygon","coordinates":[[[[73.591344,31.980047],[73.591297,31.97997],[73.591295,31.979971],[73.591337,31.980051],[73.591344,31.980047]]]]}},{"type":"Feature","properties":{"lu":"Commercial","ct":"Existing","a":0.017},"geometry":{"type":"MultiPolygon","coordinates":[[[[73.59268,31.97951],[73.59265,31.97943],[73.59257,31.97947],[73.59268,31.97951]]]]}},{"type":"Feature","properties":{"lu":"Commercial","ct":"Existing","a":0.037},"geometry":{"type":"MultiPolygon","coordinates":[[[[73.59292,31.97945],[73.59291,31.97939],[73.59271,31.97945],[73.59276,31.97953],[73.59292,31.97945]]]]}},{"type":"Feature","properties":{"lu":"Commercial","ct":"Existing","a":0.001},"geometry":{"type":"MultiPolygon","coordinates":[[[[73.60084,31.97904],[73.60083,31.97904],[73.60085,31.97906],[73.60087,31.9791],[73.60084,31.97904]]]]}},{"type":"Feature","properties":{"lu":"Commercial","ct":"Existing","a":0.479,"nm":"Exceed Petro Pump"},"geometry":{"type":"MultiPolygon","coordinates":[[[[73.6009,32.0067],[73.60062,32.00645],[73.6002,32.00675],[73.60044,32.007],[73.6009,32.0067]]]]}},{"type":"Feature","properties":{"lu":"Commercial","ct":"Existing","a":0.506,"nm":"Ilam Deen Petrol Pump"},"geometry":{"type":"MultiPolygon","coordinates":[[[[73.60076,32.00568],[73.60027,32.00568],[73.60004,32.00577],[73.60045,32.00608],[73.60048,32.00601],[73.60086,32.00592],[73.60076,32.00568]]]]}},{"type":"Feature","properties":{"lu":"Commercial","ct":"Existing","a":0.612,"nm":"Pakistan Petrolium"},"geometry":{"type":"MultiPolygon","coordinates":[[[[73.6656,32.17823],[73.66511,32.17822],[73.66509,32.17872],[73.66556,32.17871],[73.6656,32.17823]]]]}},{"type":"Feature","properties":{"lu":"Commercial","ct":"Existing","a":0.013},"geometry":{"type":"MultiPolygon","coordinates":[[[[73.60657,32.22856],[73.60665,32.2285],[73.60659,32.22847],[73.60657,32.22856]]]]}},{"type":"Feature","properties":{"lu":"Commercial","ct":"Existing","a":0.029},"geometry":{"type":"MultiPolygon","coordinates":[[[[73.60686,32.22817],[73.60677,32.22814],[73.60671,32.22824],[73.60679,32.22828],[73.60686,32.22817]]]]}},{"type":"Feature","properties":{"lu":"Commercial","ct":"Existing","a":0.067},"geometry":{"type":"MultiPolygon","coordinates":[[[[73.60666,32.228],[73.60657,32.22814],[73.60668,32.2282],[73.60682,32.22799],[73.60666,32.228]]]]}},{"type":"Feature","properties":{"lu":"Commercial","ct":"Existing","a":0.057},"geometry":{"type":"MultiPolygon","coordinates":[[[[73.60666,32.228],[73.60655,32.22795],[73.60646,32.22811],[73.60657,32.22814],[73.60666,32.228]]]]}},{"type":"Feature","properties":{"lu":"Commercial","ct":"Existing","a":0.333,"nm":"Al Hayat Marriage Hall"},"geometry":{"type":"MultiPolygon","coordinates":[[[[73.66515,32.21244],[73.66509,32.21222],[73.66454,32.21231],[73.6646,32.21254],[73.66515,32.21244]]]]}},{"type":"Feature","properties":{"lu":"Commercial","ct":"Existing","a":0.035},"geometry":{"type":"MultiPolygon","coordinates":[[[[73.66398,32.21127],[73.66379,32.21128],[73.66381,32.21135],[73.664,32.21133],[73.66398,32.21127]]]]}},{"type":"Feature","properties":{"lu":"Commercial","ct":"Existing","a":0.064},"geometry":{"type":"MultiPolygon","coordinates":[[[[73.66461,32.21195],[73.66457,32.21181],[73.66441,32.21183],[73.66444,32.21198],[73.66461,32.21195]]]]}},{"type":"Feature","properties":{"lu":"Commercial","ct":"Existing","a":1.051,"nm":"Hanjra Palace"},"geometry":{"type":"MultiPolygon","coordinates":[[[[73.66492,32.2082],[73.66483,32.20776],[73.66488,32.20757],[73.66416,32.20769],[73.66426,32.20829],[73.66492,32.2082]]]]}},{"type":"Feature","properties":{"lu":"Commercial","ct":"Existing","a":0.094},"geometry":{"type":"MultiPolygon","coordinates":[[[[73.66513,32.21342],[73.66511,32.21334],[73.66481,32.21339],[73.66485,32.21352],[73.66513,32.21342]]]]}},{"type":"Feature","properties":{"lu":"Commercial","ct":"Existing","a":0.033},"geometry":{"type":"MultiPolygon","coordinates":[[[[73.6648,32.21299],[73.66471,32.21299],[73.66475,32.21315],[73.66483,32.21314],[73.6648,32.21299]]]]}},{"type":"Feature","properties":{"lu":"Commercial","ct":"Existing","a":0.886,"nm":"Mahla Filling Station"},"geometry":{"type":"MultiPolygon","coordinates":[[[[73.64599,32.12887],[73.64541,32.12959],[73.64569,32.12973],[73.64577,32.12961],[73.646,32.1297],[73.64621,32.1294],[73.64599,32.12887]]]]}},{"type":"Feature","properties":{"lu":"Commercial","ct":"Existing","a":0.413},"geometry":{"type":"MultiPolygon","coordinates":[[[[73.65925,32.11108],[73.65916,32.11065],[73.65878,32.11072],[73.6589,32.11112],[73.65925,32.11108]]]]}},{"type":"Feature","properties":{"lu":"Commercial","ct":"Existing","a":0.173,"nm":"Al Marwa Marble Factory"},"geometry":{"type":"MultiPolygon","coordinates":[[[[73.40588,32.05446],[73.40552,32.05453],[73.40565,32.05473],[73.40584,32.05473],[73.40588,32.05446]]]]}},{"type":"Feature","properties":{"lu":"Commercial","ct":"Existing","a":1.272},"geometry":{"type":"MultiPolygon","coordinates":[[[[73.28343,31.92935],[73.28241,31.9278],[73.28213,31.92796],[73.28322,31.92944],[73.28343,31.92935]]]]}},{"type":"Feature","properties":{"lu":"Commercial","ct":"Existing","a":2.815},"geometry":{"type":"MultiPolygon","coordinates":[[[[73.58289,31.98332],[73.58208,31.98167],[73.58149,31.98187],[73.58177,31.98235],[73.58224,31.98352],[73.58289,31.98332]]]]}},{"type":"Feature","properties":{"lu":"Commercial","ct":"Existing","a":1.133},"geometry":{"type":"MultiPolygon","coordinates":[[[[73.58417,31.98282],[73.58395,31.98233],[73.58321,31.98257],[73.58348,31.98311],[73.58417,31.98282]]]]}},{"type":"Feature","properties":{"lu":"Commercial","ct":"Existing","a":2.07},"geometry":{"type":"MultiPolygon","coordinates":[[[[73.59271,31.97945],[73.59299,31.97943],[73.59279,31.97896],[73.59236,31.97908],[73.5925,31.97934],[73.59259,31.97932],[73.59271,31.97959],[73.59276,31.97953],[73.59271,31.97945]]],[[[73.59214,31.97919],[73.59109,31.97958],[73.59134,31.98005],[73.5924,31.97969],[73.59214,31.97919]]]]}},{"type":"Feature","properties":{"lu":"Commercial","ct":"Existing","a":0.352},"geometry":{"type":"MultiPolygon","coordinates":[[[[73.59111,31.98016],[73.59103,31.98],[73.59092,31.98005],[73.59089,31.97998],[73.59047,31.98012],[73.5906,31.98037],[73.59111,31.98016]]]]}},{"type":"Feature","properties":{"lu":"Commercial","ct":"Existing","a":0.56},"geometry":{"type":"MultiPolygon","coordinates":[[[[73.25936,31.77154],[73.25934,31.77143],[73.25869,31.77151],[73.25873,31.77208],[73.25936,31.77154]]]]}},{"type":"Feature","properties":{"lu":"Commercial","ct":"Existing","a":0.078},"geometry":{"type":"MultiPolygon","coordinates":[[[[73.57677,32.21184],[73.57664,32.21176],[73.5765,32.21191],[73.57661,32.21199],[73.57677,32.21184]]]]}},{"type":"Feature","properties":{"lu":"Commercial","ct":"Existing","a":0.205},"geometry":{"type":"MultiPolygon","coordinates":[[[[73.57418,32.20979],[73.57395,32.20974],[73.5739,32.20982],[73.57425,32.21009],[73.57435,32.20984],[73.57418,32.20979]]]]}},{"type":"Feature","properties":{"lu":"Commercial","ct":"Existing","a":0.662},"geometry":{"type":"MultiPolygon","coordinates":[[[[73.5387,32.18395],[73.53853,32.18443],[73.53957,32.18454],[73.5387,32.18395]]]]}},{"type":"Feature","properties":{"lu":"Commercial","ct":"Existing","a":2.774},"geometry":{"type":"MultiPolygon","coordinates":[[[[73.51557,32.16826],[73.515,32.16801],[73.51443,32.1675],[73.51433,32.16732],[73.51401,32.16737],[73.51368,32.16757],[73.51582,32.16902],[73.51604,32.16884],[73.51557,32.16826]]]]}},{"type":"Feature","properties":{"lu":"Commercial","ct":"Existing","a":0.202},"geometry":{"type":"MultiPolygon","coordinates":[[[[73.59457,32.20346],[73.59411,32.20329],[73.59402,32.20343],[73.59446,32.2036],[73.59457,32.20346]]]]}},{"type":"Feature","properties":{"lu":"Commercial","ct":"Existing","a":0.173},"geometry":{"type":"MultiPolygon","coordinates":[[[[73.70128,32.01742],[73.70127,32.01713],[73.70123,32.0172],[73.70099,32.01723],[73.70104,32.01745],[73.70128,32.01742]]]]}},{"type":"Feature","properties":{"lu":"Commercial","ct":"Existing","a":0.023},"geometry":{"type":"MultiPolygon","coordinates":[[[[73.70134,32.01775],[73.70133,32.01764],[73.70132,32.01749],[73.70131,32.01744],[73.70131,32.01742],[73.70128,32.01742],[73.70132,32.01776],[73.70134,32.01775]]]]}},{"type":"Feature","properties":{"lu":"Commercial","ct":"Existing","a":2.522},"geometry":{"type":"MultiPolygon","coordinates":[[[[73.41292,32.06199],[73.4128,32.06085],[73.41231,32.06084],[73.41227,32.06047],[73.41206,32.06045],[73.41216,32.0621],[73.41292,32.06199]]]]}},{"type":"Feature","properties":{"lu":"Commercial","ct":"Existing","a":1.944},"geometry":{"type":"MultiPolygon","coordinates":[[[[73.5526,32.12048],[73.55261,32.11971],[73.55165,32.11967],[73.55161,32.1202],[73.55204,32.12059],[73.5526,32.12048]]]]}},{"type":"Feature","properties":{"lu":"Commercial","ct":"Existing","a":3.05},"geometry":{"type":"MultiPolygon","coordinates":[[[[73.71783,32.01596],[73.71678,32.01603],[73.71613,32.01618],[73.7163,32.01669],[73.71671,32.01687],[73.71667,32.01699],[73.71708,32.01715],[73.71783,32.01596]]]]}},{"type":"Feature","properties":{"lu":"Commercial","ct":"Existing","a":0.034},"geometry":{"type":"MultiPolygon","coordinates":[[[[73.73663,32.07435],[73.73658,32.07435],[73.73659,32.07449],[73.73669,32.07448],[73.73663,32.07435]]],[[[73.7367,32.07461],[73.73675,32.07461],[73.73669,32.07449],[73.7367,32.07461]]]]}},{"type":"Feature","properties":{"lu":"Commercial","ct":"Existing","a":0.02},"geometry":{"type":"MultiPolygon","coordinates":[[[[73.74579,32.0777],[73.7458,32.07759],[73.74572,32.0776],[73.74572,32.07768],[73.74579,32.0777]]]]}},{"type":"Feature","properties":{"lu":"Commercial","ct":"Existing","a":0.084},"geometry":{"type":"MultiPolygon","coordinates":[[[[73.73842,32.07618],[73.73834,32.07613],[73.73831,32.07667],[73.73836,32.07667],[73.73842,32.07618]]]]}},{"type":"Feature","properties":{"lu":"Commercial","ct":"Existing","a":0.051},"geometry":{"type":"MultiPolygon","coordinates":[[[[73.74666,32.07764],[73.74664,32.07783],[73.74673,32.07784],[73.74677,32.07765],[73.74666,32.07764]]]]}},{"type":"Feature","properties":{"lu":"Commercial","ct":"Existing","a":0.023},"geometry":{"type":"MultiPolygon","coordinates":[[[[73.74563,32.07782],[73.74558,32.07781],[73.74557,32.07796],[73.74563,32.07796],[73.74563,32.07782]]]]}},{"type":"Feature","properties":{"lu":"Commercial","ct":"Existing","a":0.037},"geometry":{"type":"MultiPolygon","coordinates":[[[[73.74312,32.07748],[73.74301,32.07747],[73.74301,32.07762],[73.7431,32.07762],[73.74312,32.07748]]]]}},{"type":"Feature","properties":{"lu":"Commercial","ct":"Existing","a":0.065},"geometry":{"type":"MultiPolygon","coordinates":[[[[73.74386,32.07757],[73.74385,32.07777],[73.74398,32.07777],[73.744,32.07759],[73.74386,32.07757]]]]}},{"type":"Feature","properties":{"lu":"Commercial","ct":"Existing","a":0.395},"geometry":{"type":"MultiPolygon","coordinates":[[[[73.68476,32.09535],[73.68477,32.09505],[73.68441,32.09505],[73.68442,32.09548],[73.68475,32.09549],[73.68476,32.09535]]]]}},{"type":"Feature","properties":{"lu":"Commercial","ct":"Existing","a":0.339},"geometry":{"type":"MultiPolygon","coordinates":[[[[73.68463,32.09967],[73.68459,32.09937],[73.68414,32.09936],[73.68422,32.09968],[73.68463,32.09967]]]]}},{"type":"Feature","properties":{"lu":"Commercial","ct":"Existing","a":0.363,"nm":"Filling Station"},"geometry":{"type":"MultiPolygon","coordinates":[[[[73.68425,32.09795],[73.68417,32.09841],[73.68449,32.09843],[73.68451,32.09797],[73.68425,32.09795]]]]}},{"type":"Feature","properties":{"lu":"Commercial","ct":"Existing","a":0.053},"geometry":{"type":"MultiPolygon","coordinates":[[[[73.70071,32.04342],[73.70066,32.04336],[73.70052,32.04362],[73.70058,32.04364],[73.70071,32.04342]]]]}},{"type":"Feature","properties":{"lu":"Commercial","ct":"Existing","a":0.007},"geometry":{"type":"MultiPolygon","coordinates":[[[[73.69952,32.04527],[73.69948,32.04534],[73.69951,32.04536],[73.69954,32.04528],[73.69952,32.04527]]]]}},{"type":"Feature","properties":{"lu":"Commercial","ct":"Existing","a":0.197},"geometry":{"type":"MultiPolygon","coordinates":[[[[73.69913,32.04573],[73.69913,32.04562],[73.69897,32.0457],[73.69873,32.04597],[73.69879,32.04606],[73.6989,32.0461],[73.69913,32.04573]]]]}},{"type":"Feature","properties":{"lu":"Commercial","ct":"Existing","a":0.058},"geometry":{"type":"MultiPolygon","coordinates":[[[[73.70317,32.03889],[73.70325,32.03876],[73.70304,32.03877],[73.70303,32.0389],[73.70317,32.03889]]]]}},{"type":"Feature","properties":{"lu":"Commercial","ct":"Existing","a":0.034},"geometry":{"type":"MultiPolygon","coordinates":[[[[73.70758,32.04339],[73.70753,32.0433],[73.70742,32.04338],[73.70746,32.04347],[73.70758,32.04339]]]]}},{"type":"Feature","properties":{"lu":"Commercial","ct":"Existing","a":0.035},"geometry":{"type":"MultiPolygon","coordinates":[[[[73.70786,32.04333],[73.70772,32.04339],[73.70778,32.04347],[73.70789,32.04343],[73.70786,32.04333]]]]}},{"type":"Feature","properties":{"lu":"Commercial","ct":"Existing","a":0.039},"geometry":{"type":"MultiPolygon","coordinates":[[[[73.70791,32.04327],[73.70804,32.04316],[73.70796,32.04309],[73.70785,32.04318],[73.70791,32.04327]]]]}},{"type":"Feature","properties":{"lu":"Commercial","ct":"Existing","a":0.019},"geometry":{"type":"MultiPolygon","coordinates":[[[[73.7083,32.04313],[73.70839,32.04308],[73.70836,32.04301],[73.70827,32.04306],[73.7083,32.04313]]]]}},{"type":"Feature","properties":{"lu":"Commercial","ct":"Existing","a":0.001},"geometry":{"type":"MultiPolygon","coordinates":[[[[73.68444,32.11132],[73.68444,32.11131],[73.68437,32.11133],[73.68444,32.11132]]]]}},{"type":"Feature","properties":{"lu":"Commercial","ct":"Existing","a":0.004},"geometry":{"type":"MultiPolygon","coordinates":[[[[73.69932,32.04615],[73.69923,32.04615],[73.69931,32.04618],[73.69932,32.04615]]]]}},{"type":"Feature","properties":{"lu":"Commercial","ct":"Existing","a":0.118},"geometry":{"type":"MultiPolygon","coordinates":[[[[73.6997,32.04538],[73.69979,32.04521],[73.69959,32.04514],[73.69951,32.04536],[73.6997,32.04538]]]]}},{"type":"Feature","properties":{"lu":"Commercial","ct":"Existing","a":0.022},"geometry":{"type":"MultiPolygon","coordinates":[[[[73.70061,32.04316],[73.70065,32.04309],[73.70053,32.04308],[73.70051,32.04316],[73.70061,32.04316]]]]}},{"type":"Feature","properties":{"lu":"Commercial","ct":"Existing","a":0.355},"geometry":{"type":"MultiPolygon","coordinates":[[[[73.69989,32.04432],[73.70042,32.04347],[73.70016,32.04352],[73.70018,32.04364],[73.70002,32.04366],[73.70003,32.04396],[73.69988,32.04396],[73.69989,32.04421],[73.69983,32.04421],[73.69989,32.04432]]]]}},{"type":"Feature","properties":{"lu":"Commercial","ct":"Existing","a":0.053},"geometry":{"type":"MultiPolygon","coordinates":[[[[73.70393,32.03772],[73.70397,32.03762],[73.70371,32.03767],[73.70371,32.03775],[73.70393,32.03772]]]]}},{"type":"Feature","properties":{"lu":"Commercial","ct":"Existing","a":0.663},"geometry":{"type":"MultiPolygon","coordinates":[[[[73.71018,32.03855],[73.70998,32.03822],[73.70933,32.03836],[73.70942,32.03869],[73.71018,32.03855]]]]}},{"type":"Feature","properties":{"lu":"Commercial","ct":"Existing","a":0.077},"geometry":{"type":"MultiPolygon","coordinates":[[[[73.7015,32.04164],[73.70136,32.04164],[73.70128,32.04187],[73.70139,32.04188],[73.7015,32.04164]]]]}},{"type":"Feature","properties":{"lu":"Commercial","ct":"Existing","a":0.032},"geometry":{"type":"MultiPolygon","coordinates":[[[[73.7015,32.04158],[73.70129,32.04163],[73.7015,32.04164],[73.7015,32.04158]]]]}},{"type":"Feature","properties":{"lu":"Commercial","ct":"Existing","a":0.07},"geometry":{"type":"MultiPolygon","coordinates":[[[[73.70158,32.04239],[73.7016,32.04229],[73.70136,32.0423],[73.70129,32.04241],[73.70158,32.04239]]]]}},{"type":"Feature","properties":{"lu":"Commercial","ct":"Existing","a":0.015},"geometry":{"type":"MultiPolygon","coordinates":[[[[73.7008,32.04288],[73.70082,32.04284],[73.7008,32.04284],[73.70065,32.04287],[73.70065,32.0429],[73.7008,32.04288]]]]}},{"type":"Feature","properties":{"lu":"Commercial","ct":"Existing","a":0.058},"geometry":{"type":"MultiPolygon","coordinates":[[[[73.70114,32.04311],[73.70115,32.04303],[73.70095,32.04303],[73.70088,32.04314],[73.70114,32.04311]]]]}},{"type":"Feature","properties":{"lu":"Commercial","ct":"Existing","a":0.042},"geometry":{"type":"MultiPolygon","coordinates":[[[[73.70098,32.04318],[73.7008,32.04327],[73.70098,32.04329],[73.70098,32.04318]]]]}},{"type":"Feature","properties":{"lu":"Commercial","ct":"Existing","a":0.032},"geometry":{"type":"MultiPolygon","coordinates":[[[[73.70098,32.04318],[73.70114,32.04311],[73.70085,32.04319],[73.70098,32.04318]]]]}},{"type":"Feature","properties":{"lu":"Commercial","ct":"Existing","a":0.032},"geometry":{"type":"MultiPolygon","coordinates":[[[[73.70049,32.04335],[73.70053,32.04328],[73.70033,32.0433],[73.70032,32.04337],[73.70049,32.04335]]]]}},{"type":"Feature","properties":{"lu":"Commercial","ct":"Existing","a":0.033},"geometry":{"type":"MultiPolygon","coordinates":[[[[73.73275,32.07567],[73.7327,32.07567],[73.7327,32.07592],[73.73275,32.07592],[73.73275,32.07567]]]]}},{"type":"Feature","properties":{"lu":"Commercial","ct":"Existing","a":0.025},"geometry":{"type":"MultiPolygon","coordinates":[[[[73.70423,32.03791],[73.70415,32.03788],[73.70411,32.03799],[73.70419,32.03801],[73.70423,32.03791]]]]}},{"type":"Feature","properties":{"lu":"Commercial","ct":"Existing","a":0.063},"geometry":{"type":"MultiPolygon","coordinates":[[[[73.70368,32.03787],[73.70384,32.03786],[73.70393,32.03772],[73.70371,32.03775],[73.70368,32.03787]]]]}},{"type":"Feature","properties":{"lu":"Commercial","ct":"Existing","a":0.126},"geometry":{"type":"MultiPolygon","coordinates":[[[[73.73293,32.07565],[73.73275,32.07567],[73.73275,32.07592],[73.73292,32.07595],[73.73293,32.07565]]]]}},{"type":"Feature","properties":{"lu":"Commercial","ct":"Existing","a":0.121},"geometry":{"type":"MultiPolygon","coordinates":[[[[73.73309,32.07567],[73.73293,32.07565],[73.73292,32.07595],[73.73308,32.07597],[73.73309,32.07567]]]]}},{"type":"Feature","properties":{"lu":"Commercial","ct":"Existing","a":0.109},"geometry":{"type":"MultiPolygon","coordinates":[[[[73.73323,32.07569],[73.73309,32.07567],[73.73308,32.07597],[73.73322,32.07599],[73.73323,32.07569]]]]}},{"type":"Feature","properties":{"lu":"Commercial","ct":"Existing","a":0.011},"geometry":{"type":"MultiPolygon","coordinates":[[[[73.73328,32.07623],[73.73327,32.07629],[73.73335,32.0763],[73.73336,32.07624],[73.73328,32.07623]]]]}},{"type":"Feature","properties":{"lu":"Commercial","ct":"Existing","a":0.03},"geometry":{"type":"MultiPolygon","coordinates":[[[[73.73363,32.07626],[73.73348,32.07625],[73.73348,32.07633],[73.73362,32.07634],[73.73363,32.07626]]]]}},{"type":"Feature","properties":{"lu":"Commercial","ct":"Existing","a":0.246},"geometry":{"type":"MultiPolygon","coordinates":[[[[73.73256,32.0765],[73.73257,32.07614],[73.73235,32.07612],[73.73234,32.07656],[73.73256,32.07657],[73.73256,32.0765]]]]}},{"type":"Feature","properties":{"lu":"Commercial","ct":"Existing","a":0.068},"geometry":{"type":"MultiPolygon","coordinates":[[[[73.73235,32.07612],[73.73225,32.07611],[73.73223,32.07636],[73.73234,32.07636],[73.73235,32.07612]]]]}},{"type":"Feature","properties":{"lu":"Commercial","ct":"Existing","a":0.094},"geometry":{"type":"MultiPolygon","coordinates":[[[[73.73429,32.0766],[73.7343,32.07634],[73.73418,32.07632],[73.73418,32.07663],[73.73429,32.0766]]]]}},{"type":"Feature","properties":{"lu":"Commercial","ct":"Existing","a":0.857},"geometry":{"type":"MultiPolygon","coordinates":[[[[73.7341,32.07559],[73.73345,32.07552],[73.73343,32.07602],[73.73409,32.0761],[73.7341,32.07559]]]]}},{"type":"Feature","properties":{"lu":"Commercial","ct":"Existing","a":0.049},"geometry":{"type":"MultiPolygon","coordinates":[[[[73.73498,32.07642],[73.73493,32.07665],[73.73504,32.07665],[73.73498,32.07642]]]]}},{"type":"Feature","properties":{"lu":"Commercial","ct":"Existing","a":0.031},"geometry":{"type":"MultiPolygon","coordinates":[[[[73.73493,32.07662],[73.7349,32.07641],[73.73488,32.07662],[73.73493,32.07662]]]]}},{"type":"Feature","properties":{"lu":"Commercial","ct":"Existing","a":0.027},"geometry":{"type":"MultiPolygon","coordinates":[[[[73.73581,32.07652],[73.73571,32.07651],[73.73571,32.07662],[73.7358,32.07662],[73.73581,32.07652]]]]}},{"type":"Feature","properties":{"lu":"Commercial","ct":"Existing","a":0.092},"geometry":{"type":"MultiPolygon","coordinates":[[[[73.73671,32.07679],[73.7367,32.07664],[73.73657,32.07662],[73.73656,32.07696],[73.73663,32.07696],[73.73664,32.07679],[73.73671,32.07679]]]]}},{"type":"Feature","properties":{"lu":"Commercial","ct":"Existing","a":0.08},"geometry":{"type":"MultiPolygon","coordinates":[[[[73.73722,32.07685],[73.73722,32.07672],[73.73694,32.07668],[73.73694,32.07674],[73.73714,32.07679],[73.73713,32.07692],[73.73722,32.07692],[73.73722,32.07685]]]]}},{"type":"Feature","properties":{"lu":"Commercial","ct":"Existing","a":0.052},"geometry":{"type":"MultiPolygon","coordinates":[[[[73.73738,32.07674],[73.73722,32.07672],[73.73722,32.07685],[73.73737,32.07686],[73.73738,32.07674]]]]}},{"type":"Feature","properties":{"lu":"Commercial","ct":"Existing","a":0.109},"geometry":{"type":"MultiPolygon","coordinates":[[[[73.73755,32.07634],[73.73742,32.07632],[73.73742,32.07655],[73.73766,32.07658],[73.73755,32.07634]]]]}},{"type":"Feature","properties":{"lu":"Commercial","ct":"Existing","a":0.013},"geometry":{"type":"MultiPolygon","coordinates":[[[[73.73677,32.07465],[73.73676,32.07465],[73.73676,32.07478],[73.73683,32.07479],[73.73677,32.07465]]]]}},{"type":"Feature","properties":{"lu":"Commercial","ct":"Existing","a":0.068},"geometry":{"type":"MultiPolygon","coordinates":[[[[73.73663,32.07435],[73.73658,32.07424],[73.73636,32.07424],[73.73636,32.07435],[73.73663,32.07435]]]]}},{"type":"Feature","properties":{"lu":"Commercial","ct":"Existing","a":0.051},"geometry":{"type":"MultiPolygon","coordinates":[[[[73.73636,32.07376],[73.73632,32.07365],[73.73613,32.07366],[73.73616,32.07376],[73.73636,32.07376]]]]}},{"type":"Feature","properties":{"lu":"Commercial","ct":"Existing","a":0.071},"geometry":{"type":"MultiPolygon","coordinates":[[[[73.73632,32.07365],[73.73622,32.07344],[73.73614,32.07345],[73.73613,32.07366],[73.73632,32.07365]]]]}},{"type":"Feature","properties":{"lu":"Commercial","ct":"Existing","a":0.203},"geometry":{"type":"MultiPolygon","coordinates":[[[[73.73622,32.07344],[73.73608,32.07314],[73.73586,32.07317],[73.73592,32.07345],[73.73622,32.07344]]]]}},{"type":"Feature","properties":{"lu":"Commercial","ct":"Existing","a":0.041},"geometry":{"type":"MultiPolygon","coordinates":[[[[73.73681,32.07331],[73.73658,32.07331],[73.73661,32.07338],[73.73681,32.07338],[73.73681,32.07331]]]]}},{"type":"Feature","properties":{"lu":"Commercial","ct":"Existing","a":0.037},"geometry":{"type":"MultiPolygon","coordinates":[[[[73.73681,32.07331],[73.73681,32.07325],[73.73655,32.07325],[73.73658,32.07331],[73.73681,32.07331]]]]}},{"type":"Feature","properties":{"lu":"Commercial","ct":"Existing","a":0.001},"geometry":{"type":"MultiPolygon","coordinates":[[[[73.73686,32.07393],[73.73685,32.07393],[73.73687,32.07398],[73.73686,32.07393]]]]}},{"type":"Feature","properties":{"lu":"Commercial","ct":"Existing","a":0.11},"geometry":{"type":"MultiPolygon","coordinates":[[[[73.73708,32.07393],[73.73686,32.07393],[73.73697,32.07418],[73.73708,32.07418],[73.73708,32.07393]]]]}},{"type":"Feature","properties":{"lu":"Commercial","ct":"Existing","a":0.002},"geometry":{"type":"MultiPolygon","coordinates":[[[[73.73765,32.07565],[73.73764,32.07558],[73.73761,32.07558],[73.73765,32.07566],[73.73765,32.07565]]]]}},{"type":"Feature","properties":{"lu":"Commercial","ct":"Existing","a":0.084},"geometry":{"type":"MultiPolygon","coordinates":[[[[73.73775,32.0754],[73.73753,32.0754],[73.73761,32.07558],[73.73776,32.07558],[73.73775,32.0754]]]]}},{"type":"Feature","properties":{"lu":"Commercial","ct":"Existing","a":0.464},"geometry":{"type":"MultiPolygon","coordinates":[[[[73.73834,32.07613],[73.73786,32.07612],[73.73811,32.07664],[73.73831,32.07667],[73.73834,32.07613]]]]}},{"type":"Feature","properties":{"lu":"Commercial","ct":"Existing","a":0.591},"geometry":{"type":"MultiPolygon","coordinates":[[[[73.74151,32.07766],[73.74157,32.07724],[73.74109,32.07718],[73.74109,32.07773],[73.74151,32.07773],[73.74151,32.07766]]]]}},{"type":"Feature","properties":{"lu":"Commercial","ct":"Existing","a":0.053},"geometry":{"type":"MultiPolygon","coordinates":[[[[73.74262,32.07694],[73.74255,32.07693],[73.74252,32.0772],[73.7426,32.07721],[73.74262,32.07694]]]]}},{"type":"Feature","properties":{"lu":"Commercial","ct":"Existing","a":0.024},"geometry":{"type":"MultiPolygon","coordinates":[[[[73.74424,32.07762],[73.74424,32.07772],[73.74433,32.07772],[73.74434,32.07763],[73.74424,32.07762]]]]}},{"type":"Feature","properties":{"lu":"Commercial","ct":"Existing","a":0.046},"geometry":{"type":"MultiPolygon","coordinates":[[[[73.74503,32.07772],[73.74474,32.07768],[73.74473,32.07773],[73.74502,32.07779],[73.74503,32.07772]]]]}},{"type":"Feature","properties":{"lu":"Commercial","ct":"Existing","a":0.059},"geometry":{"type":"MultiPolygon","coordinates":[[[[73.73975,32.07665],[73.73963,32.07664],[73.73962,32.07683],[73.73974,32.07684],[73.73975,32.07665]]]]}},{"type":"Feature","properties":{"lu":"Commercial","ct":"Existing","a":0.04},"geometry":{"type":"MultiPolygon","coordinates":[[[[73.74039,32.0767],[73.74032,32.0767],[73.74031,32.07691],[73.74039,32.07692],[73.74039,32.0767]]]]}},{"type":"Feature","properties":{"lu":"Commercial","ct":"Existing","a":0.111},"geometry":{"type":"MultiPolygon","coordinates":[[[[73.73595,32.07654],[73.73581,32.07652],[73.7358,32.07684],[73.73593,32.07686],[73.73595,32.07654]]]]}},{"type":"Feature","properties":{"lu":"Commercial","ct":"Existing","a":0.076},"geometry":{"type":"MultiPolygon","coordinates":[[[[73.73571,32.07662],[73.73571,32.07651],[73.73553,32.07648],[73.73552,32.07665],[73.73571,32.07662]]]]}},{"type":"Feature","properties":{"lu":"Commercial","ct":"Existing","a":0.05},"geometry":{"type":"MultiPolygon","coordinates":[[[[73.74032,32.0767],[73.74022,32.0767],[73.74021,32.0769],[73.74031,32.07691],[73.74032,32.0767]]]]}},{"type":"Feature","properties":{"lu":"Commercial","ct":"Existing","a":0.197},"geometry":{"type":"MultiPolygon","coordinates":[[[[73.73873,32.07641],[73.73849,32.07637],[73.73847,32.07669],[73.73871,32.07672],[73.73873,32.07641]]]]}},{"type":"Feature","properties":{"lu":"Commercial","ct":"Existing","a":0.089},"geometry":{"type":"MultiPolygon","coordinates":[[[[73.73884,32.07643],[73.73873,32.07641],[73.73871,32.07672],[73.73882,32.07673],[73.73884,32.07643]]]]}},{"type":"Feature","properties":{"lu":"Commercial","ct":"Existing","a":0.325},"geometry":{"type":"MultiPolygon","coordinates":[[[[73.73885,32.07623],[73.73882,32.07673],[73.73908,32.07677],[73.73908,32.07624],[73.73885,32.07623]]]]}},{"type":"Feature","properties":{"lu":"Commercial","ct":"Existing","a":0.243},"geometry":{"type":"MultiPolygon","coordinates":[[[[73.73916,32.07648],[73.73915,32.07677],[73.7393,32.07679],[73.73931,32.07649],[73.73916,32.07648]]],[[[73.73941,32.0768],[73.73956,32.07682],[73.73958,32.0765],[73.73941,32.07649],[73.73941,32.0768]]]]}},{"type":"Feature","properties":{"lu":"Commercial","ct":"Existing","a":0.084},"geometry":{"type":"MultiPolygon","coordinates":[[[[73.73941,32.07649],[73.73931,32.07649],[73.7393,32.07679],[73.73941,32.0768],[73.73941,32.07649]]]]}},{"type":"Feature","properties":{"lu":"Commercial","ct":"Existing","a":0.068},"geometry":{"type":"MultiPolygon","coordinates":[[[[73.74007,32.07671],[73.74007,32.07662],[73.73994,32.07662],[73.73998,32.07686],[73.74006,32.07688],[73.74007,32.07671]]]]}},{"type":"Feature","properties":{"lu":"Commercial","ct":"Existing","a":0.054},"geometry":{"type":"MultiPolygon","coordinates":[[[[73.73994,32.07666],[73.73986,32.07665],[73.73986,32.07685],[73.73998,32.07686],[73.73994,32.07666]]]]}},{"type":"Feature","properties":{"lu":"Commercial","ct":"Existing","a":0.051},"geometry":{"type":"MultiPolygon","coordinates":[[[[73.74255,32.07693],[73.74248,32.07692],[73.74245,32.07719],[73.74252,32.0772],[73.74255,32.07693]]]]}},{"type":"Feature","properties":{"lu":"Commercial","ct":"Existing","a":0.135},"geometry":{"type":"MultiPolygon","coordinates":[[[[73.74187,32.07713],[73.74208,32.07715],[73.74211,32.07689],[73.74191,32.07688],[73.74187,32.07713]]]]}},{"type":"Feature","properties":{"lu":"Commercial","ct":"Existing","a":0.063},"geometry":{"type":"MultiPolygon","coordinates":[[[[73.743307,32.077121],[73.74338,32.077127],[73.743307,32.077118],[73.743307,32.077121]]],[[[73.74326,32.07704],[73.74329,32.07729],[73.74332,32.07704],[73.74326,32.07704]]],[[[73.74337,32.0773],[73.74343,32.07731],[73.74346,32.07713],[73.74338,32.07713],[73.74337,32.0773]]]]}},{"type":"Feature","properties":{"lu":"Commercial","ct":"Existing","a":0.036},"geometry":{"type":"MultiPolygon","coordinates":[[[[73.74338,32.07713],[73.7433,32.07712],[73.74329,32.07729],[73.74337,32.0773],[73.74338,32.07713]]]]}},{"type":"Feature","properties":{"lu":"Commercial","ct":"Existing","a":0.078},"geometry":{"type":"MultiPolygon","coordinates":[[[[73.74382,32.07717],[73.74365,32.07715],[73.74363,32.07733],[73.74379,32.07735],[73.74382,32.07717]]]]}},{"type":"Feature","properties":{"lu":"Commercial","ct":"Existing","a":0.072},"geometry":{"type":"MultiPolygon","coordinates":[[[[73.74365,32.07715],[73.74349,32.07714],[73.74347,32.07731],[73.74363,32.07733],[73.74365,32.07715]]]]}},{"type":"Feature","properties":{"lu":"Commercial","ct":"Existing","a":0.034},"geometry":{"type":"MultiPolygon","coordinates":[[[[73.74411,32.07725],[73.74402,32.07725],[73.74401,32.07738],[73.74412,32.07739],[73.74411,32.07725]]]]}},{"type":"Feature","properties":{"lu":"Commercial","ct":"Existing","a":0.03},"geometry":{"type":"MultiPolygon","coordinates":[[[[73.74412,32.0776],[73.74402,32.07759],[73.74401,32.0777],[73.74412,32.07771],[73.74412,32.0776]]]]}},{"type":"Feature","properties":{"lu":"Commercial","ct":"Existing","a":0.021},"geometry":{"type":"MultiPolygon","coordinates":[[[[73.74419,32.07771],[73.74419,32.07761],[73.74412,32.0776],[73.74412,32.07771],[73.74419,32.07771]]]]}},{"type":"Feature","properties":{"lu":"Commercial","ct":"Existing","a":0.034},"geometry":{"type":"MultiPolygon","coordinates":[[[[73.74319,32.07764],[73.7432,32.07749],[73.74312,32.07748],[73.74309,32.07764],[73.74319,32.07764]]]]}},{"type":"Feature","properties":{"lu":"Commercial","ct":"Existing","a":0.028},"geometry":{"type":"MultiPolygon","coordinates":[[[[73.74301,32.07747],[73.74293,32.07746],[73.74292,32.07759],[73.74301,32.07759],[73.74301,32.07747]]]]}},{"type":"Feature","properties":{"lu":"Commercial","ct":"Existing","a":0.015},"geometry":{"type":"MultiPolygon","coordinates":[[[[73.74264,32.07742],[73.74256,32.07741],[73.74256,32.07749],[73.74264,32.07749],[73.74264,32.07742]]]]}},{"type":"Feature","properties":{"lu":"Commercial","ct":"Existing","a":0.023},"geometry":{"type":"MultiPolygon","coordinates":[[[[73.74426,32.07729],[73.74419,32.07729],[73.74418,32.0774],[73.74426,32.07741],[73.74426,32.07729]]]]}},{"type":"Feature","properties":{"lu":"Commercial","ct":"Existing","a":0.043},"geometry":{"type":"MultiPolygon","coordinates":[[[[73.74443,32.0773],[73.7443,32.07729],[73.74431,32.07742],[73.74444,32.07744],[73.74443,32.0773]]]]}},{"type":"Feature","properties":{"lu":"Commercial","ct":"Existing","a":0.024},"geometry":{"type":"MultiPolygon","coordinates":[[[[73.74479,32.07736],[73.74471,32.07736],[73.74471,32.07748],[73.74478,32.07749],[73.74479,32.07736]]]]}},{"type":"Feature","properties":{"lu":"Commercial","ct":"Existing","a":0.022},"geometry":{"type":"MultiPolygon","coordinates":[[[[73.74499,32.07744],[73.74488,32.07743],[73.74487,32.07751],[73.74498,32.07752],[73.74499,32.07744]]]]}},{"type":"Feature","properties":{"lu":"Commercial","ct":"Existing","a":0.035},"geometry":{"type":"MultiPolygon","coordinates":[[[[73.74488,32.07743],[73.74489,32.07736],[73.74479,32.07735],[73.74478,32.07749],[73.74487,32.07751],[73.74488,32.07743]]]]}},{"type":"Feature","properties":{"lu":"Commercial","ct":"Existing","a":0.054},"geometry":{"type":"MultiPolygon","coordinates":[[[[73.74466,32.07728],[73.74454,32.07728],[73.74454,32.07745],[73.74465,32.07747],[73.74466,32.07728]]]]}},{"type":"Feature","properties":{"lu":"Commercial","ct":"Existing","a":0.029},"geometry":{"type":"MultiPolygon","coordinates":[[[[73.74471,32.07736],[73.74466,32.07728],[73.74465,32.07747],[73.74471,32.07748],[73.74471,32.07736]]]]}},{"type":"Feature","properties":{"lu":"Commercial","ct":"Existing","a":0.071},"geometry":{"type":"MultiPolygon","coordinates":[[[[73.74454,32.07765],[73.74453,32.07781],[73.74471,32.07782],[73.74472,32.07768],[73.74454,32.07765]]]]}},{"type":"Feature","properties":{"lu":"Commercial","ct":"Existing","a":0.016},"geometry":{"type":"MultiPolygon","coordinates":[[[[73.74244,32.07739],[73.74244,32.07748],[73.74252,32.07748],[73.74252,32.0774],[73.74244,32.07739]]]]}},{"type":"Feature","properties":{"lu":"Commercial","ct":"Existing","a":0.032},"geometry":{"type":"MultiPolygon","coordinates":[[[[73.74454,32.07765],[73.74444,32.07764],[73.74444,32.07777],[73.74453,32.07778],[73.74454,32.07765]]]]}},{"type":"Feature","properties":{"lu":"Commercial","ct":"Existing","a":0.171},"geometry":{"type":"MultiPolygon","coordinates":[[[[73.74513,32.07773],[73.74512,32.07798],[73.7454,32.07799],[73.74541,32.07777],[73.74513,32.07773]]]]}},{"type":"Feature","properties":{"lu":"Commercial","ct":"Existing","a":0.076},"geometry":{"type":"MultiPolygon","coordinates":[[[[73.74522,32.07741],[73.74501,32.07739],[73.74499,32.07752],[73.74519,32.07756],[73.74522,32.07741]]]]}},{"type":"Feature","properties":{"lu":"Commercial","ct":"Existing","a":0.045},"geometry":{"type":"MultiPolygon","coordinates":[[[[73.7457,32.07753],[73.74559,32.07752],[73.74558,32.07766],[73.74571,32.07768],[73.7457,32.07753]]]]}},{"type":"Feature","properties":{"lu":"Commercial","ct":"Existing","a":0.098},"geometry":{"type":"MultiPolygon","coordinates":[[[[73.74309,32.07711],[73.7431,32.07701],[73.74295,32.07699],[73.74293,32.07725],[73.74308,32.07726],[73.74309,32.07711]]]]}},{"type":"Feature","properties":{"lu":"Commercial","ct":"Existing","a":0.022},"geometry":{"type":"MultiPolygon","coordinates":[[[[73.74549,32.07756],[73.7455,32.07749],[73.74544,32.07751],[73.74543,32.07763],[73.74549,32.07764],[73.74549,32.07756]]]]}},{"type":"Feature","properties":{"lu":"Commercial","ct":"Existing","a":0.03},"geometry":{"type":"MultiPolygon","coordinates":[[[[73.74444,32.07764],[73.74436,32.07763],[73.74435,32.07776],[73.74444,32.07777],[73.74444,32.07764]]]]}},{"type":"Feature","properties":{"lu":"Commercial","ct":"Existing","a":0.093},"geometry":{"type":"MultiPolygon","coordinates":[[[[73.73529,32.07645],[73.73514,32.07644],[73.73511,32.07665],[73.7353,32.07666],[73.73529,32.07645]]]]}},{"type":"Feature","properties":{"lu":"Commercial","ct":"Existing","a":0.052},"geometry":{"type":"MultiPolygon","coordinates":[[[[73.73465,32.07647],[73.73465,32.07638],[73.73458,32.07637],[73.73457,32.07663],[73.73465,32.07664],[73.73465,32.07647]]]]}},{"type":"Feature","properties":{"lu":"Commercial","ct":"Existing","a":0.024},"geometry":{"type":"MultiPolygon","coordinates":[[[[73.74559,32.07755],[73.74549,32.07756],[73.74549,32.07764],[73.74558,32.07766],[73.74559,32.07755]]]]}},{"type":"Feature","properties":{"lu":"Commercial","ct":"Existing","a":0.059},"geometry":{"type":"MultiPolygon","coordinates":[[[[73.74656,32.07763],[73.74645,32.07759],[73.74644,32.0778],[73.74658,32.07782],[73.74656,32.07763]]]]}},{"type":"Feature","properties":{"lu":"Commercial","ct":"Existing","a":0.044},"geometry":{"type":"MultiPolygon","coordinates":[[[[73.74594,32.07759],[73.7458,32.07759],[73.74579,32.0777],[73.74594,32.07772],[73.74594,32.07759]]]]}},{"type":"Feature","properties":{"lu":"Commercial","ct":"Existing","a":0.017},"geometry":{"type":"MultiPolygon","coordinates":[[[[73.74568,32.07783],[73.74563,32.07782],[73.74563,32.07796],[73.74567,32.07797],[73.74568,32.07783]]]]}},{"type":"Feature","properties":{"lu":"Commercial","ct":"Existing","a":0.016},"geometry":{"type":"MultiPolygon","coordinates":[[[[73.74597,32.07788],[73.74587,32.07786],[73.74587,32.07793],[73.74597,32.07794],[73.74597,32.07788]]]]}},{"type":"Feature","properties":{"lu":"Commercial","ct":"Existing","a":0.031},"geometry":{"type":"MultiPolygon","coordinates":[[[[73.74587,32.07793],[73.74581,32.07785],[73.7458,32.07804],[73.74587,32.07804],[73.74587,32.07793]]]]}},{"type":"Feature","properties":{"lu":"Commercial","ct":"Existing","a":0.01},"geometry":{"type":"MultiPolygon","coordinates":[[[[73.74627,32.07793],[73.74625,32.07799],[73.74631,32.078],[73.74633,32.07794],[73.74627,32.07793]]]]}},{"type":"Feature","properties":{"lu":"Commercial","ct":"Existing","a":0.015},"geometry":{"type":"MultiPolygon","coordinates":[[[[73.74627,32.07793],[73.74619,32.07791],[73.74617,32.07798],[73.74625,32.07799],[73.74627,32.07793]]]]}},{"type":"Feature","properties":{"lu":"Commercial","ct":"Existing","a":0.028},"geometry":{"type":"MultiPolygon","coordinates":[[[[73.74581,32.07785],[73.74573,32.07784],[73.74572,32.07797],[73.7458,32.07797],[73.74581,32.07785]]]]}},{"type":"Feature","properties":{"lu":"Commercial","ct":"Existing","a":0.016},"geometry":{"type":"MultiPolygon","coordinates":[[[[73.74573,32.07784],[73.74568,32.07783],[73.74567,32.07797],[73.74572,32.07797],[73.74573,32.07784]]]]}},{"type":"Feature","properties":{"lu":"Commercial","ct":"Existing","a":0.165},"geometry":{"type":"MultiPolygon","coordinates":[[[[73.73274,32.07639],[73.73275,32.07616],[73.73257,32.07614],[73.73256,32.0765],[73.73273,32.07651],[73.73274,32.07639]]]]}},{"type":"Feature","properties":{"lu":"Commercial","ct":"Existing","a":0.133},"geometry":{"type":"MultiPolygon","coordinates":[[[[73.732,32.07621],[73.73201,32.07607],[73.73188,32.07605],[73.73182,32.07634],[73.73198,32.07646],[73.732,32.07621]]]]}},{"type":"Feature","properties":{"lu":"Commercial","ct":"Existing","a":0.052},"geometry":{"type":"MultiPolygon","coordinates":[[[[73.74612,32.07798],[73.74605,32.07789],[73.74596,32.07805],[73.74612,32.07806],[73.74612,32.07798]]]]}},{"type":"Feature","properties":{"lu":"Commercial","ct":"Existing","a":0.013},"geometry":{"type":"MultiPolygon","coordinates":[[[[73.74605,32.07789],[73.74597,32.07788],[73.74597,32.07794],[73.74604,32.07795],[73.74605,32.07789]]]]}},{"type":"Feature","properties":{"lu":"Commercial","ct":"Existing","a":0.029},"geometry":{"type":"MultiPolygon","coordinates":[[[[73.74551,32.0778],[73.74545,32.07779],[73.74543,32.07795],[73.74551,32.07796],[73.74551,32.0778]]]]}},{"type":"Feature","properties":{"lu":"Commercial","ct":"Existing","a":0.024},"geometry":{"type":"MultiPolygon","coordinates":[[[[73.74558,32.07781],[73.74551,32.0778],[73.74551,32.07796],[73.74557,32.07796],[73.74558,32.07781]]]]}},{"type":"Feature","properties":{"lu":"Commercial","ct":"Existing","a":0.019},"geometry":{"type":"MultiPolygon","coordinates":[[[[73.74644,32.07796],[73.74637,32.07795],[73.74634,32.07803],[73.74644,32.07804],[73.74644,32.07796]]]]}},{"type":"Feature","properties":{"lu":"Commercial","ct":"Existing","a":0.012},"geometry":{"type":"MultiPolygon","coordinates":[[[[73.74675,32.07802],[73.74673,32.07808],[73.74681,32.07809],[73.74682,32.07803],[73.74675,32.07802]]]]}},{"type":"Feature","properties":{"lu":"Commercial","ct":"Existing","a":0.007},"geometry":{"type":"MultiPolygon","coordinates":[[[[73.74654,32.07798],[73.74648,32.07797],[73.74648,32.07802],[73.74653,32.07803],[73.74654,32.07798]]]]}},{"type":"Feature","properties":{"lu":"Commercial","ct":"Existing","a":0.034},"geometry":{"type":"MultiPolygon","coordinates":[[[[73.7471,32.07815],[73.74696,32.07807],[73.74695,32.07818],[73.7471,32.07815]]]]}},{"type":"Feature","properties":{"lu":"Commercial","ct":"Existing","a":0.03},"geometry":{"type":"MultiPolygon","coordinates":[[[[73.74696,32.07807],[73.74684,32.07806],[73.74683,32.07816],[73.74695,32.07817],[73.74696,32.07807]]]]}},{"type":"Feature","properties":{"lu":"Commercial","ct":"Existing","a":0.486},"geometry":{"type":"MultiPolygon","coordinates":[[[[73.70483,32.03714],[73.70511,32.03657],[73.70493,32.03658],[73.70437,32.03749],[73.70454,32.0375],[73.70456,32.03737],[73.70473,32.03738],[73.70469,32.03716],[73.70483,32.03714]]]]}},{"type":"Feature","properties":{"lu":"Commercial","ct":"Existing","a":0.059},"geometry":{"type":"MultiPolygon","coordinates":[[[[73.70107,32.03607],[73.70095,32.03599],[73.70081,32.03601],[73.70087,32.03613],[73.70107,32.03607]]]]}},{"type":"Feature","properties":{"lu":"Commercial","ct":"Existing","a":0.034},"geometry":{"type":"MultiPolygon","coordinates":[[[[73.70179,32.04123],[73.70165,32.0412],[73.70165,32.04132],[73.70172,32.04134],[73.70179,32.04123]]]]}},{"type":"Feature","properties":{"lu":"Commercial","ct":"Existing","a":0.047},"geometry":{"type":"MultiPolygon","coordinates":[[[[73.70172,32.04134],[73.70156,32.0413],[73.70155,32.04143],[73.70166,32.04144],[73.70172,32.04134]]]]}},{"type":"Feature","properties":{"lu":"Commercial","ct":"Existing","a":0.065},"geometry":{"type":"MultiPolygon","coordinates":[[[[73.70185,32.04112],[73.70189,32.04097],[73.70171,32.04098],[73.70168,32.04114],[73.70185,32.04112]]]]}},{"type":"Feature","properties":{"lu":"Commercial","ct":"Existing","a":0.03},"geometry":{"type":"MultiPolygon","coordinates":[[[[73.70185,32.04112],[73.70167,32.04119],[73.70179,32.04123],[73.70185,32.04112]]]]}},{"type":"Feature","properties":{"lu":"Commercial","ct":"Existing","a":0.299},"geometry":{"type":"MultiPolygon","coordinates":[[[[73.7016,32.04229],[73.70164,32.04206],[73.70215,32.04196],[73.70209,32.04179],[73.70163,32.04187],[73.70156,32.042],[73.70163,32.04203],[73.70156,32.04212],[73.7016,32.04229]]]]}},{"type":"Feature","properties":{"lu":"Commercial","ct":"Existing","a":0.201},"geometry":{"type":"MultiPolygon","coordinates":[[[[73.70209,32.04179],[73.70207,32.04159],[73.70176,32.04165],[73.70163,32.04187],[73.70209,32.04179]]]]}},{"type":"Feature","properties":{"lu":"Commercial","ct":"Existing","a":0.026},"geometry":{"type":"MultiPolygon","coordinates":[[[[73.70223,32.04102],[73.70209,32.04102],[73.70206,32.04108],[73.70222,32.04109],[73.70223,32.04102]]]]}},{"type":"Feature","properties":{"lu":"Commercial","ct":"Existing","a":0.024},"geometry":{"type":"MultiPolygon","coordinates":[[[[73.70222,32.04109],[73.70206,32.04108],[73.70203,32.04114],[73.70221,32.04115],[73.70222,32.04109]]]]}},{"type":"Feature","properties":{"lu":"Commercial","ct":"Existing","a":0.021},"geometry":{"type":"MultiPolygon","coordinates":[[[[73.7022,32.04118],[73.70221,32.04115],[73.70203,32.04114],[73.70201,32.04119],[73.7022,32.04118]]]]}},{"type":"Feature","properties":{"lu":"Commercial","ct":"Existing","a":0.066},"geometry":{"type":"MultiPolygon","coordinates":[[[[73.70156,32.0423],[73.70157,32.04212],[73.70151,32.04208],[73.70137,32.0423],[73.70156,32.0423]]]]}},{"type":"Feature","properties":{"lu":"Commercial","ct":"Existing","a":0.107},"geometry":{"type":"MultiPolygon","coordinates":[[[[73.70325,32.0394],[73.70307,32.03931],[73.70296,32.03949],[73.70315,32.03958],[73.70325,32.0394]]]]}},{"type":"Feature","properties":{"lu":"Commercial","ct":"Existing","a":0.102},"geometry":{"type":"MultiPolygon","coordinates":[[[[73.70317,32.03971],[73.70291,32.03959],[73.70284,32.03971],[73.7031,32.03983],[73.70317,32.03971]]]]}},{"type":"Feature","properties":{"lu":"Commercial","ct":"Existing","a":0.103},"geometry":{"type":"MultiPolygon","coordinates":[[[[73.70315,32.03958],[73.70296,32.03949],[73.70291,32.03959],[73.70323,32.03972],[73.70328,32.03963],[73.70315,32.03958]]]]}},{"type":"Feature","properties":{"lu":"Commercial","ct":"Existing","a":0.469},"geometry":{"type":"MultiPolygon","coordinates":[[[[73.70291,32.04001],[73.70272,32.03991],[73.70216,32.04089],[73.70248,32.04085],[73.70231,32.04082],[73.70236,32.04074],[73.70259,32.04071],[73.70256,32.04043],[73.70291,32.04001]]]]}},{"type":"Feature","properties":{"lu":"Commercial","ct":"Existing","a":0.083},"geometry":{"type":"MultiPolygon","coordinates":[[[[73.70299,32.03988],[73.70279,32.03978],[73.70272,32.03991],[73.70291,32.04001],[73.70299,32.03988]]]]}},{"type":"Feature","properties":{"lu":"Commercial","ct":"Existing","a":0.066},"geometry":{"type":"MultiPolygon","coordinates":[[[[73.7031,32.03983],[73.70283,32.03971],[73.70279,32.03978],[73.70306,32.0399],[73.7031,32.03983]]]]}},{"type":"Feature","properties":{"lu":"Commercial","ct":"Existing","a":0.158},"geometry":{"type":"MultiPolygon","coordinates":[[[[73.70307,32.03905],[73.70317,32.03889],[73.70273,32.03891],[73.70273,32.03906],[73.70307,32.03905]]]]}},{"type":"Feature","properties":{"lu":"Commercial","ct":"Existing","a":0.076},"geometry":{"type":"MultiPolygon","coordinates":[[[[73.70379,32.03867],[73.70367,32.03849],[73.70358,32.03866],[73.70382,32.03877],[73.70379,32.03867]]]]}},{"type":"Feature","properties":{"lu":"Commercial","ct":"Existing","a":0.12},"geometry":{"type":"MultiPolygon","coordinates":[[[[73.70382,32.03877],[73.70358,32.03866],[73.7035,32.03883],[73.70375,32.03892],[73.70382,32.03877]]]]}},{"type":"Feature","properties":{"lu":"Commercial","ct":"Existing","a":0.064},"geometry":{"type":"MultiPolygon","coordinates":[[[[73.70371,32.03841],[73.70367,32.03849],[73.70379,32.03867],[73.70389,32.0386],[73.70371,32.03841]]]]}},{"type":"Feature","properties":{"lu":"Commercial","ct":"Existing","a":0.242},"geometry":{"type":"MultiPolygon","coordinates":[[[[73.70329,32.03869],[73.70366,32.03813],[73.70354,32.03814],[73.70345,32.03829],[73.70326,32.03828],[73.70329,32.03847],[73.7032,32.03848],[73.70319,32.0386],[73.70322,32.0387],[73.70329,32.03869]]]]}},{"type":"Feature","properties":{"lu":"Commercial","ct":"Existing","a":0.04},"geometry":{"type":"MultiPolygon","coordinates":[[[[73.70371,32.03803],[73.70377,32.03796],[73.70355,32.03797],[73.70354,32.03805],[73.70371,32.03803]]]]}},{"type":"Feature","properties":{"lu":"Commercial","ct":"Existing","a":0.157},"geometry":{"type":"MultiPolygon","coordinates":[[[[73.71383,32.02232],[73.71338,32.02218],[73.7133,32.0223],[73.71376,32.02243],[73.71383,32.02232]]]]}},{"type":"Feature","properties":{"lu":"Commercial","ct":"Existing","a":0.033},"geometry":{"type":"MultiPolygon","coordinates":[[[[73.70354,32.03814],[73.70365,32.03814],[73.70371,32.03803],[73.70354,32.03805],[73.70354,32.03814]]]]}},{"type":"Feature","properties":{"lu":"Commercial","ct":"Existing","a":0.015},"geometry":{"type":"MultiPolygon","coordinates":[[[[73.7038,32.0379],[73.70383,32.03786],[73.70368,32.03787],[73.7038,32.0379]]]]}},{"type":"Feature","properties":{"lu":"Commercial","ct":"Existing","a":0.012},"geometry":{"type":"MultiPolygon","coordinates":[[[[73.7038,32.0379],[73.70369,32.03791],[73.70369,32.03796],[73.70377,32.03796],[73.7038,32.0379]]]]}},{"type":"Feature","properties":{"lu":"Commercial","ct":"Existing","a":0.016},"geometry":{"type":"MultiPolygon","coordinates":[[[[73.70416,32.03784],[73.70425,32.03788],[73.70427,32.03781],[73.70418,32.03778],[73.70416,32.03784]]]]}},{"type":"Feature","properties":{"lu":"Commercial","ct":"Existing","a":0.016},"geometry":{"type":"MultiPolygon","coordinates":[[[[73.70425,32.03788],[73.70415,32.03788],[73.7043,32.03793],[73.70425,32.03788]]]]}},{"type":"Feature","properties":{"lu":"Commercial","ct":"Existing","a":0.061},"geometry":{"type":"MultiPolygon","coordinates":[[[[73.70493,32.03658],[73.70514,32.03657],[73.7052,32.03646],[73.70499,32.03647],[73.70493,32.03658]]]]}},{"type":"Feature","properties":{"lu":"Commercial","ct":"Existing","a":0.072},"geometry":{"type":"MultiPolygon","coordinates":[[[[73.70454,32.0375],[73.70437,32.03749],[73.7043,32.03761],[73.70452,32.03762],[73.70454,32.0375]]]]}},{"type":"Feature","properties":{"lu":"Commercial","ct":"Existing","a":0.169,"nm":"Nursery"},"geometry":{"type":"MultiPolygon","coordinates":[[[[73.7056,32.03548],[73.70552,32.0356],[73.70597,32.03575],[73.70607,32.03563],[73.7056,32.03548]]]]}},{"type":"Feature","properties":{"lu":"Commercial","ct":"Existing","a":0.044},"geometry":{"type":"MultiPolygon","coordinates":[[[[73.70599,32.04332],[73.70602,32.04344],[73.70617,32.04337],[73.70609,32.04328],[73.70599,32.04332]]]]}},{"type":"Feature","properties":{"lu":"Commercial","ct":"Existing","a":0.116},"geometry":{"type":"MultiPolygon","coordinates":[[[[73.70669,32.04291],[73.70641,32.04297],[73.7065,32.04312],[73.70674,32.04305],[73.70669,32.04291]]]]}},{"type":"Feature","properties":{"lu":"Commercial","ct":"Existing","a":0.328},"geometry":{"type":"MultiPolygon","coordinates":[[[[73.70249,32.02499],[73.70243,32.0247],[73.70198,32.02477],[73.70206,32.02505],[73.70249,32.02499]]]]}},{"type":"Feature","properties":{"lu":"Commercial","ct":"Existing","a":0.335},"geometry":{"type":"MultiPolygon","coordinates":[[[[73.70255,32.02528],[73.70249,32.02499],[73.70206,32.02505],[73.70214,32.02535],[73.70255,32.02528]]]]}},{"type":"Feature","properties":{"lu":"Commercial","ct":"Existing","a":0.185},"geometry":{"type":"MultiPolygon","coordinates":[[[[73.70352,32.02673],[73.70366,32.02695],[73.70389,32.02691],[73.70384,32.02665],[73.70352,32.02673]]]]}},{"type":"Feature","properties":{"lu":"Commercial","ct":"Existing","a":0.563},"geometry":{"type":"MultiPolygon","coordinates":[[[[73.70394,32.02814],[73.7038,32.02817],[73.70384,32.02835],[73.70403,32.0283],[73.70394,32.02814]]],[[[73.70461,32.02927],[73.70438,32.02888],[73.704,32.02894],[73.7041,32.02935],[73.70461,32.02927]]]]}},{"type":"Feature","properties":{"lu":"Commercial","ct":"Existing","a":0.329},"geometry":{"type":"MultiPolygon","coordinates":[[[[73.70424,32.02863],[73.70403,32.0283],[73.70383,32.02835],[73.70392,32.02878],[73.70425,32.02871],[73.70424,32.02863]]]]}},{"type":"Feature","properties":{"lu":"Commercial","ct":"Existing","a":0.2},"geometry":{"type":"MultiPolygon","coordinates":[[[[73.704,32.02894],[73.70438,32.02888],[73.70424,32.02863],[73.70425,32.02871],[73.70392,32.02878],[73.704,32.02894]]]]}},{"type":"Feature","properties":{"lu":"Commercial","ct":"Existing","a":0.417},"geometry":{"type":"MultiPolygon","coordinates":[[[[73.70495,32.02983],[73.70461,32.02927],[73.70445,32.0293],[73.70459,32.02989],[73.70495,32.02983]]]]}},{"type":"Feature","properties":{"lu":"Commercial","ct":"Existing","a":0.119},"geometry":{"type":"MultiPolygon","coordinates":[[[[73.6847,32.09697],[73.68435,32.09679],[73.68437,32.09694],[73.68462,32.09706],[73.6847,32.09697]]]]}},{"type":"Feature","properties":{"lu":"Commercial","ct":"Existing","a":0.0},"geometry":{"type":"MultiPolygon","coordinates":[[[[73.6847,32.095916],[73.684692,32.095988],[73.684701,32.095916],[73.6847,32.095916]]]]}},{"type":"Feature","properties":{"lu":"Commercial","ct":"Existing","a":0.001},"geometry":{"type":"MultiPolygon","coordinates":[[[[73.684429,32.110187],[73.684428,32.1103],[73.68443,32.110187],[73.684429,32.110187]]],[[[73.6842,32.11021],[73.6842,32.11031],[73.6842,32.1102],[73.6842,32.11021]]]]}},{"type":"Feature","properties":{"lu":"Commercial","ct":"Existing","a":0.001},"geometry":{"type":"MultiPolygon","coordinates":[[[[73.684432,32.110103],[73.68443,32.110103],[73.684429,32.110187],[73.68443,32.110187],[73.684432,32.110103]]],[[[73.6842,32.11012],[73.6842,32.11021],[73.6842,32.1102],[73.6842,32.11012]]]]}},{"type":"Feature","properties":{"lu":"Commercial","ct":"Existing","a":0.339},"geometry":{"type":"MultiPolygon","coordinates":[[[[73.7166,32.01788],[73.71626,32.01783],[73.71609,32.01822],[73.71636,32.01825],[73.7166,32.01788]]]]}},{"type":"Feature","properties":{"lu":"Commercial","ct":"Existing","a":0.049},"geometry":{"type":"MultiPolygon","coordinates":[[[[73.71627,32.01838],[73.71636,32.01825],[73.71619,32.01823],[73.71618,32.01838],[73.71627,32.01838]]]]}},{"type":"Feature","properties":{"lu":"Commercial","ct":"Existing","a":0.261},"geometry":{"type":"MultiPolygon","coordinates":[[[[73.71674,32.01837],[73.71647,32.01824],[73.7163,32.01853],[73.71655,32.01865],[73.71674,32.01837]]]]}},{"type":"Feature","properties":{"lu":"Commercial","ct":"Existing","a":0.083},"geometry":{"type":"MultiPolygon","coordinates":[[[[73.71609,32.01928],[73.7159,32.01921],[73.71582,32.01935],[73.71604,32.01942],[73.71609,32.01928]]]]}},{"type":"Feature","properties":{"lu":"Commercial","ct":"Existing","a":0.052},"geometry":{"type":"MultiPolygon","coordinates":[[[[73.71589,32.01959],[73.7157,32.01955],[73.71565,32.01964],[73.71585,32.01968],[73.71589,32.01959]]]]}},{"type":"Feature","properties":{"lu":"Commercial","ct":"Existing","a":0.126},"geometry":{"type":"MultiPolygon","coordinates":[[[[73.71576,32.01998],[73.71545,32.01995],[73.71535,32.0201],[73.71575,32.02009],[73.71576,32.01998]]]]}},{"type":"Feature","properties":{"lu":"Commercial","ct":"Existing","a":0.524},"geometry":{"type":"MultiPolygon","coordinates":[[[[73.71459,32.02115],[73.71479,32.02084],[73.71374,32.021],[73.71379,32.02118],[73.71459,32.02115]]]]}},{"type":"Feature","properties":{"lu":"Commercial","ct":"Existing","a":0.178},"geometry":{"type":"MultiPolygon","coordinates":[[[[73.71376,32.02243],[73.7133,32.0223],[73.71322,32.02242],[73.71368,32.02255],[73.71376,32.02243]]]]}},{"type":"Feature","properties":{"lu":"Commercial","ct":"Existing","a":0.226},"geometry":{"type":"MultiPolygon","coordinates":[[[[73.71354,32.02277],[73.71304,32.02261],[73.71306,32.02277],[73.71341,32.02297],[73.71354,32.02277]]]]}},{"type":"Feature","properties":{"lu":"Commercial","ct":"Existing","a":0.107},"geometry":{"type":"MultiPolygon","coordinates":[[[[73.71341,32.02297],[73.71306,32.02277],[73.71309,32.0229],[73.71334,32.02308],[73.71341,32.02297]]]]}},{"type":"Feature","properties":{"lu":"Commercial","ct":"Existing","a":0.072},"geometry":{"type":"MultiPolygon","coordinates":[[[[73.71334,32.02308],[73.71309,32.0229],[73.71327,32.0232],[73.71334,32.02308]]]]}},{"type":"Feature","properties":{"lu":"Commercial","ct":"Existing","a":0.145},"geometry":{"type":"MultiPolygon","coordinates":[[[[73.74282,32.07696],[73.74262,32.07694],[73.7426,32.07721],[73.74281,32.07723],[73.74282,32.07696]]]]}},{"type":"Feature","properties":{"lu":"Commercial","ct":"Existing","a":0.117},"geometry":{"type":"MultiPolygon","coordinates":[[[[73.74248,32.07692],[73.74232,32.0769],[73.74229,32.07718],[73.74245,32.07719],[73.74248,32.07692]]]]}},{"type":"Feature","properties":{"lu":"Commercial","ct":"Existing","a":1.457},"geometry":{"type":"MultiPolygon","coordinates":[[[[73.71251,32.02438],[73.71296,32.02368],[73.71252,32.02365],[73.71189,32.02376],[73.71202,32.02444],[73.71251,32.02438]]]]}},{"type":"Feature","properties":{"lu":"Commercial","ct":"Existing","a":0.42},"geometry":{"type":"MultiPolygon","coordinates":[[[[73.71097,32.02638],[73.71092,32.02617],[73.71026,32.02625],[73.71033,32.02653],[73.71097,32.02638]]]]}},{"type":"Feature","properties":{"lu":"Commercial","ct":"Existing","a":0.08},"geometry":{"type":"MultiPolygon","coordinates":[[[[73.70945,32.0299],[73.70919,32.02989],[73.70912,32.03],[73.70942,32.03001],[73.70945,32.0299]]]]}},{"type":"Feature","properties":{"lu":"Commercial","ct":"Existing","a":0.16},"geometry":{"type":"MultiPolygon","coordinates":[[[[73.7096,32.0297],[73.70929,32.02973],[73.70919,32.02989],[73.7096,32.02988],[73.7096,32.0297]]]]}},{"type":"Feature","properties":{"lu":"Commercial","ct":"Existing","a":0.884},"geometry":{"type":"MultiPolygon","coordinates":[[[[73.7096,32.0297],[73.71008,32.02961],[73.71003,32.02903],[73.70968,32.0291],[73.70929,32.02973],[73.7096,32.0297]]]]}},{"type":"Feature","properties":{"lu":"Commercial","ct":"Existing","a":0.05},"geometry":{"type":"MultiPolygon","coordinates":[[[[73.708793,32.030808],[73.70881,32.030807],[73.708794,32.030808],[73.708793,32.030808]]],[[[73.70862,32.03108],[73.70868,32.03098],[73.70853,32.03097],[73.70844,32.03111],[73.70862,32.03108]]]]}},{"type":"Feature","properties":{"lu":"Commercial","ct":"Existing","a":0.035},"geometry":{"type":"MultiPolygon","coordinates":[[[[73.70873,32.0309],[73.70858,32.03089],[73.70853,32.03097],[73.70868,32.03098],[73.70873,32.0309]]]]}},{"type":"Feature","properties":{"lu":"Commercial","ct":"Existing","a":0.035},"geometry":{"type":"MultiPolygon","coordinates":[[[[73.70879,32.03081],[73.70862,32.03081],[73.70858,32.03089],[73.70873,32.0309],[73.70879,32.03081]]]]}},{"type":"Feature","properties":{"lu":"Commercial","ct":"Existing","a":0.115},"geometry":{"type":"MultiPolygon","coordinates":[[[[73.70846,32.03076],[73.70854,32.03063],[73.70817,32.03063],[73.70816,32.03077],[73.70846,32.03076]]]]}},{"type":"Feature","properties":{"lu":"Commercial","ct":"Existing","a":0.126},"geometry":{"type":"MultiPolygon","coordinates":[[[[73.70838,32.03089],[73.70846,32.03076],[73.70806,32.03076],[73.70807,32.03091],[73.70838,32.03089]]]]}},{"type":"Feature","properties":{"lu":"Commercial","ct":"Existing","a":0.016},"geometry":{"type":"MultiPolygon","coordinates":[[[[73.70704,32.0326],[73.70705,32.03259],[73.70701,32.03254],[73.70704,32.0326]]],[[[73.70707,32.03264],[73.70712,32.03273],[73.70715,32.03278],[73.7072,32.03271],[73.70707,32.03264]]]]}},{"type":"Feature","properties":{"lu":"Commercial","ct":"Existing","a":0.107},"geometry":{"type":"MultiPolygon","coordinates":[[[[73.70568,32.02985],[73.70565,32.02972],[73.70534,32.02977],[73.70543,32.02991],[73.70568,32.02985]]]]}},{"type":"Feature","properties":{"lu":"Commercial","ct":"Existing","a":0.206},"geometry":{"type":"MultiPolygon","coordinates":[[[[73.70568,32.02985],[73.70543,32.02991],[73.70567,32.0303],[73.70577,32.03029],[73.70568,32.02985]]]]}},{"type":"Feature","properties":{"lu":"Commercial","ct":"Existing","a":6.462},"geometry":{"type":"MultiPolygon","coordinates":[[[[73.70694,32.03312],[73.70626,32.03201],[73.70486,32.0323],[73.70492,32.03285],[73.70433,32.03296],[73.70438,32.03312],[73.70448,32.03314],[73.70463,32.03356],[73.70656,32.03324],[73.7066,32.03345],[73.7065,32.03368],[73.7066,32.03372],[73.70694,32.03312]]]]}},{"type":"Feature","properties":{"lu":"Commercial","ct":"Existing","a":0.123},"geometry":{"type":"MultiPolygon","coordinates":[[[[73.70681,32.03389],[73.70727,32.0339],[73.70727,32.03379],[73.7068,32.0338],[73.70681,32.03389]]]]}},{"type":"Feature","properties":{"lu":"Commercial","ct":"Existing","a":0.018},"geometry":{"type":"MultiPolygon","coordinates":[[[[73.70712,32.0334],[73.70701,32.03333],[73.70702,32.03342],[73.70712,32.0334]]]]}},{"type":"Feature","properties":{"lu":"Commercial","ct":"Existing","a":1.824,"nm":"Godown"},"geometry":{"type":"MultiPolygon","coordinates":[[[[73.73246,32.06644],[73.73245,32.06702],[73.73255,32.06704],[73.73253,32.06763],[73.73323,32.06764],[73.73326,32.06705],[73.73293,32.06703],[73.73292,32.06644],[73.73246,32.06644]]]]}},{"type":"Feature","properties":{"lu":"Commercial","ct":"Existing","a":0.193},"geometry":{"type":"MultiPolygon","coordinates":[[[[73.73301,32.06851],[73.73314,32.06867],[73.73357,32.06867],[73.73357,32.06853],[73.73301,32.06851]]]]}},{"type":"Feature","properties":{"lu":"Commercial","ct":"Existing","a":0.209},"geometry":{"type":"MultiPolygon","coordinates":[[[[73.73347,32.06967],[73.73337,32.06954],[73.73282,32.06953],[73.73284,32.06968],[73.73347,32.06967]]]]}},{"type":"Feature","properties":{"lu":"Commercial","ct":"Existing","a":0.256},"geometry":{"type":"MultiPolygon","coordinates":[[[[73.73492,32.07089],[73.73538,32.07086],[73.73535,32.07068],[73.73476,32.07069],[73.73492,32.07089]]]]}},{"type":"Feature","properties":{"lu":"Commercial","ct":"Existing","a":0.913},"geometry":{"type":"MultiPolygon","coordinates":[[[[73.73608,32.07314],[73.7357,32.07251],[73.73537,32.07252],[73.73532,32.07302],[73.73541,32.07316],[73.73608,32.07314]]]]}},{"type":"Feature","properties":{"lu":"Commercial","ct":"Existing","a":0.098},"geometry":{"type":"MultiPolygon","coordinates":[[[[73.7005,32.04406],[73.7005,32.04397],[73.70031,32.04394],[73.7002,32.04411],[73.7005,32.04406]]]]}},{"type":"Feature","properties":{"lu":"Commercial","ct":"Existing","a":0.107},"geometry":{"type":"MultiPolygon","coordinates":[[[[73.70002,32.04542],[73.69962,32.04547],[73.69969,32.04555],[73.70005,32.04555],[73.70002,32.04542]]]]}},{"type":"Feature","properties":{"lu":"Commercial","ct":"Existing","a":0.024},"geometry":{"type":"MultiPolygon","coordinates":[[[[73.69962,32.04547],[73.69949,32.04552],[73.69969,32.04555],[73.69962,32.04547]]]]}},{"type":"Feature","properties":{"lu":"Commercial","ct":"Existing","a":0.003},"geometry":{"type":"MultiPolygon","coordinates":[[[[73.69949,32.04552],[73.69947,32.04555],[73.69955,32.04555],[73.69949,32.04552]]]]}},{"type":"Feature","properties":{"lu":"Commercial","ct":"Existing","a":0.024},"geometry":{"type":"MultiPolygon","coordinates":[[[[73.70086,32.04337],[73.70087,32.04327],[73.7008,32.04327],[73.70074,32.04337],[73.70086,32.04337]]]]}},{"type":"Feature","properties":{"lu":"Commercial","ct":"Existing","a":0.082},"geometry":{"type":"MultiPolygon","coordinates":[[[[73.69733,32.05544],[73.69739,32.0555],[73.69772,32.05546],[73.69771,32.05537],[73.69733,32.05544]]]]}},{"type":"Feature","properties":{"lu":"Commercial","ct":"Existing","a":0.036},"geometry":{"type":"MultiPolygon","coordinates":[[[[73.69792,32.05567],[73.69792,32.05564],[73.69787,32.05564],[73.6976,32.05571],[73.69764,32.05575],[73.69792,32.05567]]]]}},{"type":"Feature","properties":{"lu":"Commercial","ct":"Existing","a":0.059},"geometry":{"type":"MultiPolygon","coordinates":[[[[73.69793,32.05577],[73.69792,32.05567],[73.69764,32.05575],[73.69771,32.05582],[73.69793,32.05577]]]]}},{"type":"Feature","properties":{"lu":"Commercial","ct":"Existing","a":0.027},"geometry":{"type":"MultiPolygon","coordinates":[[[[73.69794,32.05583],[73.69793,32.05577],[73.69771,32.05582],[73.69775,32.05586],[73.69794,32.05583]]]]}},{"type":"Feature","properties":{"lu":"Commercial","ct":"Existing","a":0.04},"geometry":{"type":"MultiPolygon","coordinates":[[[[73.69803,32.05585],[73.69775,32.05586],[73.69783,32.05594],[73.69803,32.05585]]]]}},{"type":"Feature","properties":{"lu":"Commercial","ct":"Existing","a":0.354},"geometry":{"type":"MultiPolygon","coordinates":[[[[73.69897,32.05638],[73.69835,32.05645],[73.69863,32.05671],[73.69899,32.05659],[73.69897,32.05638]]]]}},{"type":"Feature","properties":{"lu":"Commercial","ct":"Existing","a":0.106},"geometry":{"type":"MultiPolygon","coordinates":[[[[73.69816,32.05613],[73.69811,32.05621],[73.69817,32.05626],[73.69853,32.05619],[73.69851,32.05611],[73.69816,32.05613]]]]}},{"type":"Feature","properties":{"lu":"Commercial","ct":"Existing","a":0.386},"geometry":{"type":"MultiPolygon","coordinates":[[[[73.69814,32.056],[73.69882,32.05593],[73.69882,32.05575],[73.69783,32.05594],[73.69793,32.05604],[73.69814,32.056]]]]}},{"type":"Feature","properties":{"lu":"Commercial","ct":"Existing","a":0.069},"geometry":{"type":"MultiPolygon","coordinates":[[[[73.69816,32.05613],[73.69814,32.056],[73.69793,32.05604],[73.69811,32.05621],[73.69816,32.05613]]]]}},{"type":"Feature","properties":{"lu":"Commercial","ct":"Existing","a":0.388},"geometry":{"type":"MultiPolygon","coordinates":[[[[73.73674,32.07497],[73.73647,32.07497],[73.73647,32.07478],[73.73676,32.07478],[73.73676,32.07465],[73.7363,32.07464],[73.7363,32.07509],[73.73674,32.0751],[73.73674,32.07497]]]]}},{"type":"Feature","properties":{"lu":"Commercial","ct":"Existing","a":0.258},"geometry":{"type":"MultiPolygon","coordinates":[[[[73.73699,32.07376],[73.7368,32.07376],[73.73681,32.07315],[73.7365,32.07314],[73.73655,32.07325],[73.73681,32.07325],[73.73681,32.07338],[73.73661,32.07338],[73.73683,32.07388],[73.73699,32.07389],[73.73699,32.07376]]]]}},{"type":"Feature","properties":{"lu":"Commercial","ct":"Existing","a":0.267},"geometry":{"type":"MultiPolygon","coordinates":[[[[73.70176,32.04165],[73.70209,32.04159],[73.7021,32.04126],[73.70219,32.04126],[73.7022,32.04118],[73.70199,32.04119],[73.70176,32.04165]]]]}},{"type":"Feature","properties":{"lu":"Commercial","ct":"Existing","a":0.089},"geometry":{"type":"MultiPolygon","coordinates":[[[[73.70158,32.04239],[73.70129,32.04241],[73.70124,32.0425],[73.70155,32.04253],[73.70158,32.04239]]]]}},{"type":"Feature","properties":{"lu":"Commercial","ct":"Existing","a":0.791,"nm":"PSO Petrol Pump"},"geometry":{"type":"MultiPolygon","coordinates":[[[[73.65405,32.06852],[73.65315,32.06858],[73.65336,32.06872],[73.65413,32.06919],[73.65405,32.06852]]]]}},{"type":"Feature","properties":{"lu":"Commercial","ct":"Existing","a":0.893},"geometry":{"type":"MultiPolygon","coordinates":[[[[73.65535,32.06817],[73.65531,32.06772],[73.65457,32.06778],[73.65459,32.06824],[73.65535,32.06817]]]]}},{"type":"Feature","properties":{"lu":"Commercial","ct":"Existing","a":1.259},"geometry":{"type":"MultiPolygon","coordinates":[[[[73.64408,32.06973],[73.64411,32.0691],[73.64331,32.06914],[73.64336,32.0698],[73.64408,32.06973]]]]}},{"type":"Feature","properties":{"lu":"Commercial","ct":"Existing","a":0.336},"geometry":{"type":"MultiPolygon","coordinates":[[[[73.6535,32.06791],[73.65317,32.06793],[73.65318,32.06829],[73.65351,32.06834],[73.6535,32.06791]]]]}},{"type":"Feature","properties":{"lu":"Commercial","ct":"Existing","a":0.234},"geometry":{"type":"MultiPolygon","coordinates":[[[[73.6548,32.06847],[73.65483,32.06881],[73.6551,32.06879],[73.65506,32.06844],[73.6548,32.06847]]]]}},{"type":"Feature","properties":{"lu":"Commercial","ct":"Existing","a":0.0,"nm":"Godown"},"geometry":{"type":"MultiPolygon","coordinates":[[[[73.65658,32.06807],[73.65658,32.06808],[73.65658,32.06809],[73.65658,32.06807]]]]}},{"type":"Feature","properties":{"lu":"Commercial","ct":"Existing","a":0.807,"nm":"Total Pump"},"geometry":{"type":"MultiPolygon","coordinates":[[[[73.65466,32.06922],[73.65448,32.06923],[73.65437,32.06851],[73.65405,32.06852],[73.65413,32.06919],[73.65471,32.06954],[73.65466,32.06922]]]]}},{"type":"Feature","properties":{"lu":"Commercial","ct":"Existing","a":0.112},"geometry":{"type":"MultiPolygon","coordinates":[[[[73.65458,32.06875],[73.65454,32.0685],[73.65437,32.06851],[73.65441,32.06875],[73.65458,32.06875]]]]}},{"type":"Feature","properties":{"lu":"Commercial","ct":"Existing","a":0.864,"nm":"Shall Pump"},"geometry":{"type":"MultiPolygon","coordinates":[[[[73.65459,32.06824],[73.65457,32.06778],[73.65387,32.06783],[73.65388,32.06831],[73.65459,32.06824]]]]}},{"type":"Feature","properties":{"lu":"Commercial","ct":"Existing","a":0.037},"geometry":{"type":"MultiPolygon","coordinates":[[[[73.65388,32.06831],[73.65388,32.06822],[73.65373,32.06822],[73.65373,32.06832],[73.65388,32.06831]]]]}},{"type":"Feature","properties":{"lu":"Commercial","ct":"Existing","a":1.09,"nm":"Fuel Station"},"geometry":{"type":"MultiPolygon","coordinates":[[[[73.64475,32.06906],[73.64411,32.0691],[73.64408,32.06973],[73.64478,32.06967],[73.64475,32.06906]]]]}},{"type":"Feature","properties":{"lu":"Commercial","ct":"Existing","a":0.225},"geometry":{"type":"MultiPolygon","coordinates":[[[[73.66463,32.08218],[73.66487,32.08206],[73.66474,32.08183],[73.66444,32.08197],[73.66463,32.08218]]]]}},{"type":"Feature","properties":{"lu":"Commercial","ct":"Existing","a":0.26},"geometry":{"type":"MultiPolygon","coordinates":[[[[73.64307,32.06916],[73.64263,32.06918],[73.64267,32.06942],[73.6431,32.06938],[73.64307,32.06916]]]]}},{"type":"Feature","properties":{"lu":"Commercial","ct":"Existing","a":0.332},"geometry":{"type":"MultiPolygon","coordinates":[[[[73.6652,32.0816],[73.66474,32.08183],[73.66487,32.08206],[73.66532,32.08181],[73.6652,32.0816]]]]}},{"type":"Feature","properties":{"lu":"Commercial","ct":"Existing","a":0.001},"geometry":{"type":"MultiPolygon","coordinates":[[[[73.69812,32.04972],[73.6981,32.04975],[73.69811,32.04976],[73.69813,32.04973],[73.69812,32.04972]]]]}},{"type":"Feature","properties":{"lu":"Commercial","ct":"Existing","a":0.05},"geometry":{"type":"MultiPolygon","coordinates":[[[[73.6847,32.09592],[73.68442,32.09589],[73.68442,32.09596],[73.68469,32.09599],[73.6847,32.09592]]]]}},{"type":"Feature","properties":{"lu":"Commercial","ct":"Existing","a":0.065},"geometry":{"type":"MultiPolygon","coordinates":[[[[73.68439,32.10847],[73.68438,32.10832],[73.68421,32.10832],[73.68422,32.10846],[73.68439,32.10847]]]]}},{"type":"Feature","properties":{"lu":"Commercial","ct":"Existing","a":0.06},"geometry":{"type":"MultiPolygon","coordinates":[[[[73.6844,32.10929],[73.68411,32.10929],[73.6841,32.10937],[73.6844,32.10937],[73.6844,32.10929]]]]}},{"type":"Feature","properties":{"lu":"Commercial","ct":"Existing","a":0.108},"geometry":{"type":"MultiPolygon","coordinates":[[[[73.6844,32.10929],[73.6844,32.10914],[73.68409,32.10916],[73.68411,32.10929],[73.6844,32.10929]]]]}},{"type":"Feature","properties":{"lu":"Commercial","ct":"Existing","a":0.027},"geometry":{"type":"MultiPolygon","coordinates":[[[[73.74386,32.07757],[73.74379,32.07756],[73.74378,32.07771],[73.74385,32.07771],[73.74386,32.07757]]]]}},{"type":"Feature","properties":{"lu":"Commercial","ct":"Existing","a":0.028},"geometry":{"type":"MultiPolygon","coordinates":[[[[73.74379,32.07756],[73.74372,32.07756],[73.74371,32.07771],[73.74378,32.07771],[73.74379,32.07756]]]]}},{"type":"Feature","properties":{"lu":"Commercial","ct":"Existing","a":0.031},"geometry":{"type":"MultiPolygon","coordinates":[[[[73.74328,32.0776],[73.74329,32.0775],[73.7432,32.07749],[73.74319,32.07764],[73.74328,32.0776]]]]}},{"type":"Feature","properties":{"lu":"Commercial","ct":"Existing","a":0.035},"geometry":{"type":"MultiPolygon","coordinates":[[[[73.74361,32.07754],[73.74355,32.07754],[73.74353,32.07775],[73.7436,32.07776],[73.74361,32.07754]]]]}},{"type":"Feature","properties":{"lu":"Commercial","ct":"Existing","a":0.036},"geometry":{"type":"MultiPolygon","coordinates":[[[[73.74345,32.07752],[73.74329,32.0775],[73.74328,32.0776],[73.74343,32.0776],[73.74345,32.07752]]]]}},{"type":"Feature","properties":{"lu":"Commercial","ct":"Existing","a":0.056},"geometry":{"type":"MultiPolygon","coordinates":[[[[73.74371,32.07771],[73.74372,32.07756],[73.74361,32.07754],[73.7436,32.07776],[73.74371,32.07771]]]]}},{"type":"Feature","properties":{"lu":"Commercial","ct":"Existing","a":0.018},"geometry":{"type":"MultiPolygon","coordinates":[[[[73.74275,32.07744],[73.74264,32.07742],[73.74264,32.07749],[73.74275,32.0775],[73.74275,32.07744]]]]}},{"type":"Feature","properties":{"lu":"Commercial","ct":"Existing","a":0.01},"geometry":{"type":"MultiPolygon","coordinates":[[[[73.74195,32.07732],[73.74187,32.07731],[73.74187,32.07736],[73.74194,32.07737],[73.74195,32.07732]]]]}},{"type":"Feature","properties":{"lu":"Commercial","ct":"Existing","a":0.012},"geometry":{"type":"MultiPolygon","coordinates":[[[[73.74203,32.07733],[73.74195,32.07732],[73.74194,32.07737],[73.74203,32.07738],[73.74203,32.07733]]]]}},{"type":"Feature","properties":{"lu":"Commercial","ct":"Existing","a":0.015},"geometry":{"type":"MultiPolygon","coordinates":[[[[73.74187,32.07731],[73.74178,32.07729],[73.74178,32.07735],[73.74187,32.07736],[73.74187,32.07731]]]]}},{"type":"Feature","properties":{"lu":"Commercial","ct":"Existing","a":0.017},"geometry":{"type":"MultiPolygon","coordinates":[[[[73.74178,32.07729],[73.74167,32.07728],[73.74168,32.07734],[73.74178,32.07735],[73.74178,32.07729]]]]}},{"type":"Feature","properties":{"lu":"Commercial","ct":"Existing","a":0.032},"geometry":{"type":"MultiPolygon","coordinates":[[[[73.7321,32.07609],[73.73201,32.07607],[73.732,32.07621],[73.7321,32.07621],[73.7321,32.07609]]]]}},{"type":"Feature","properties":{"lu":"Commercial","ct":"Existing","a":0.066},"geometry":{"type":"MultiPolygon","coordinates":[[[[73.73188,32.07605],[73.73179,32.07604],[73.73173,32.07627],[73.73182,32.07634],[73.73188,32.07605]]]]}},{"type":"Feature","properties":{"lu":"Commercial","ct":"Existing","a":0.072},"geometry":{"type":"MultiPolygon","coordinates":[[[[73.73162,32.07601],[73.7313,32.07595],[73.7316,32.07617],[73.73162,32.07601]]]]}},{"type":"Feature","properties":{"lu":"Commercial","ct":"Existing","a":0.086},"geometry":{"type":"MultiPolygon","coordinates":[[[[73.73179,32.07604],[73.73162,32.07601],[73.7316,32.07617],[73.73173,32.07627],[73.73179,32.07604]]]]}},{"type":"Feature","properties":{"lu":"Commercial","ct":"Existing","a":0.037},"geometry":{"type":"MultiPolygon","coordinates":[[[[73.73292,32.07618],[73.73284,32.07617],[73.73284,32.07636],[73.73292,32.07636],[73.73292,32.07618]]]]}},{"type":"Feature","properties":{"lu":"Commercial","ct":"Existing","a":0.043},"geometry":{"type":"MultiPolygon","coordinates":[[[[73.73302,32.0762],[73.73292,32.07618],[73.73292,32.07636],[73.73302,32.07636],[73.73302,32.0762]]]]}},{"type":"Feature","properties":{"lu":"Commercial","ct":"Existing","a":0.049},"geometry":{"type":"MultiPolygon","coordinates":[[[[73.73284,32.07636],[73.73284,32.07617],[73.73275,32.07616],[73.73274,32.07639],[73.73284,32.07636]]]]}},{"type":"Feature","properties":{"lu":"Commercial","ct":"Existing","a":0.014},"geometry":{"type":"MultiPolygon","coordinates":[[[[73.7332,32.07622],[73.73315,32.07622],[73.73314,32.07634],[73.7332,32.07622]]]]}},{"type":"Feature","properties":{"lu":"Commercial","ct":"Existing","a":0.078},"geometry":{"type":"MultiPolygon","coordinates":[[[[73.73314,32.07634],[73.73315,32.07622],[73.73302,32.0762],[73.73301,32.07644],[73.73315,32.07645],[73.73314,32.07634]]]]}},{"type":"Feature","properties":{"lu":"Commercial","ct":"Existing","a":0.021},"geometry":{"type":"MultiPolygon","coordinates":[[[[73.73348,32.07625],[73.73339,32.07624],[73.73338,32.07633],[73.73348,32.07633],[73.73348,32.07625]]]]}},{"type":"Feature","properties":{"lu":"Commercial","ct":"Existing","a":0.107},"geometry":{"type":"MultiPolygon","coordinates":[[[[73.7343,32.07634],[73.73429,32.0766],[73.73445,32.0766],[73.73446,32.07635],[73.7343,32.07634]]]]}},{"type":"Feature","properties":{"lu":"Commercial","ct":"Existing","a":0.057},"geometry":{"type":"MultiPolygon","coordinates":[[[[73.73418,32.07632],[73.7341,32.07631],[73.73411,32.07663],[73.73418,32.07663],[73.73418,32.07632]]]]}},{"type":"Feature","properties":{"lu":"Commercial","ct":"Existing","a":0.061},"geometry":{"type":"MultiPolygon","coordinates":[[[[73.73379,32.07649],[73.7338,32.07628],[73.73373,32.07627],[73.73371,32.07659],[73.73378,32.0766],[73.73379,32.07649]]]]}},{"type":"Feature","properties":{"lu":"Commercial","ct":"Existing","a":0.064},"geometry":{"type":"MultiPolygon","coordinates":[[[[73.7341,32.07631],[73.73403,32.07631],[73.73403,32.07662],[73.73411,32.07663],[73.7341,32.07631]]]]}},{"type":"Feature","properties":{"lu":"Commercial","ct":"Existing","a":0.071},"geometry":{"type":"MultiPolygon","coordinates":[[[[73.73403,32.07631],[73.73395,32.0763],[73.73394,32.07662],[73.73403,32.07662],[73.73403,32.07631]]]]}},{"type":"Feature","properties":{"lu":"Commercial","ct":"Existing","a":0.077},"geometry":{"type":"MultiPolygon","coordinates":[[[[73.73395,32.0763],[73.7338,32.07628],[73.73379,32.07649],[73.73393,32.0765],[73.73395,32.0763]]]]}},{"type":"Feature","properties":{"lu":"Commercial","ct":"Existing","a":0.028},"geometry":{"type":"MultiPolygon","coordinates":[[[[73.73488,32.07653],[73.7349,32.07641],[73.73481,32.0764],[73.7348,32.07654],[73.73488,32.07653]]]]}},{"type":"Feature","properties":{"lu":"Commercial","ct":"Existing","a":0.036},"geometry":{"type":"MultiPolygon","coordinates":[[[[73.73481,32.0764],[73.73465,32.07638],[73.73465,32.07647],[73.73481,32.07648],[73.73481,32.0764]]]]}},{"type":"Feature","properties":{"lu":"Commercial","ct":"Existing","a":0.043},"geometry":{"type":"MultiPolygon","coordinates":[[[[73.73458,32.07637],[73.73452,32.07636],[73.7345,32.07663],[73.73457,32.07663],[73.73458,32.07637]]]]}},{"type":"Feature","properties":{"lu":"Commercial","ct":"Existing","a":0.028},"geometry":{"type":"MultiPolygon","coordinates":[[[[73.73534,32.07662],[73.73535,32.07646],[73.73529,32.07645],[73.7353,32.07666],[73.73534,32.07662]]]]}},{"type":"Feature","properties":{"lu":"Commercial","ct":"Existing","a":0.034},"geometry":{"type":"MultiPolygon","coordinates":[[[[73.73544,32.07647],[73.73535,32.07646],[73.73534,32.07662],[73.73543,32.07662],[73.73544,32.07647]]]]}},{"type":"Feature","properties":{"lu":"Commercial","ct":"Existing","a":0.061},"geometry":{"type":"MultiPolygon","coordinates":[[[[73.73514,32.07644],[73.73498,32.07642],[73.73504,32.07665],[73.73511,32.07665],[73.73514,32.07644]]]]}},{"type":"Feature","properties":{"lu":"Commercial","ct":"Existing","a":0.083},"geometry":{"type":"MultiPolygon","coordinates":[[[[73.73595,32.07654],[73.73593,32.07686],[73.73603,32.07687],[73.73604,32.07655],[73.73595,32.07654]]]]}},{"type":"Feature","properties":{"lu":"Commercial","ct":"Existing","a":0.033},"geometry":{"type":"MultiPolygon","coordinates":[[[[73.73623,32.07658],[73.73608,32.07656],[73.73608,32.07664],[73.73624,32.07665],[73.73623,32.07658]]]]}},{"type":"Feature","properties":{"lu":"Commercial","ct":"Existing","a":0.045},"geometry":{"type":"MultiPolygon","coordinates":[[[[73.73657,32.0767],[73.73657,32.07662],[73.73639,32.0766],[73.7364,32.07671],[73.73657,32.0767]]]]}},{"type":"Feature","properties":{"lu":"Commercial","ct":"Existing","a":0.051},"geometry":{"type":"MultiPolygon","coordinates":[[[[73.7364,32.07671],[73.73639,32.0766],[73.73623,32.07658],[73.73624,32.07671],[73.7364,32.07671]]]]}},{"type":"Feature","properties":{"lu":"Commercial","ct":"Existing","a":0.085},"geometry":{"type":"MultiPolygon","coordinates":[[[[73.7367,32.07664],[73.73672,32.07683],[73.73689,32.07684],[73.73689,32.07666],[73.7367,32.07664]]]]}},{"type":"Feature","properties":{"lu":"Commercial","ct":"Existing","a":0.31},"geometry":{"type":"MultiPolygon","coordinates":[[[[73.73746,32.07706],[73.73738,32.07706],[73.73737,32.07686],[73.73713,32.07692],[73.73709,32.07675],[73.73694,32.07674],[73.73693,32.07706],[73.73746,32.07713],[73.73746,32.07706]]]]}},{"type":"Feature","properties":{"lu":"Commercial","ct":"Existing","a":0.13},"geometry":{"type":"MultiPolygon","coordinates":[[[[73.73765,32.07677],[73.73748,32.07675],[73.73748,32.07707],[73.73764,32.07708],[73.73765,32.07677]]]]}},{"type":"Feature","properties":{"lu":"Commercial","ct":"Existing","a":0.012},"geometry":{"type":"MultiPolygon","coordinates":[[[[73.74424,32.07762],[73.74419,32.07761],[73.74419,32.07771],[73.74424,32.07772],[73.74424,32.07762]]]]}},{"type":"Feature","properties":{"lu":"Commercial","ct":"Existing","a":0.005},"geometry":{"type":"MultiPolygon","coordinates":[[[[73.74658,32.07799],[73.74654,32.07798],[73.74653,32.07803],[73.74657,32.07804],[73.74656,32.07806],[73.74658,32.07799]]]]}},{"type":"Feature","properties":{"lu":"Commercial","ct":"Existing","a":0.009},"geometry":{"type":"MultiPolygon","coordinates":[[[[73.74662,32.07806],[73.74663,32.078],[73.74658,32.07799],[73.74656,32.07806],[73.74662,32.07806],[73.74662,32.07805],[73.74662,32.07806]]]]}},{"type":"Feature","properties":{"lu":"Commercial","ct":"Existing","a":0.011},"geometry":{"type":"MultiPolygon","coordinates":[[[[73.74669,32.078],[73.74664,32.07797],[73.74662,32.07806],[73.74669,32.078]]]]}},{"type":"Feature","properties":{"lu":"Commercial","ct":"Existing","a":0.011},"geometry":{"type":"MultiPolygon","coordinates":[[[[73.74675,32.07802],[73.74669,32.078],[73.74667,32.07806],[73.74673,32.07808],[73.74675,32.07802]]]]}},{"type":"Feature","properties":{"lu":"Commercial","ct":"Existing","a":0.005},"geometry":{"type":"MultiPolygon","coordinates":[[[[73.74721,32.07812],[73.74721,32.07817],[73.74725,32.07817],[73.74725,32.07812],[73.74721,32.07812]]]]}},{"type":"Feature","properties":{"lu":"Commercial","ct":"Existing","a":0.014},"geometry":{"type":"MultiPolygon","coordinates":[[[[73.74716,32.07816],[73.74711,32.0781],[73.7471,32.07819],[73.74716,32.07816]]]]}},{"type":"Feature","properties":{"lu":"Commercial","ct":"Existing","a":0.015},"geometry":{"type":"MultiPolygon","coordinates":[[[[73.74727,32.07818],[73.74739,32.07821],[73.74739,32.07816],[73.74727,32.07818]]]]}},{"type":"Feature","properties":{"lu":"Commercial","ct":"Existing","a":0.019},"geometry":{"type":"MultiPolygon","coordinates":[[[[73.74628,32.07757],[73.74625,32.07756],[73.74624,32.07777],[73.74628,32.07777],[73.74628,32.07757]]]]}},{"type":"Feature","properties":{"lu":"Commercial","ct":"Existing","a":0.026},"geometry":{"type":"MultiPolygon","coordinates":[[[[73.74625,32.07756],[73.7462,32.07756],[73.74619,32.07776],[73.74624,32.07777],[73.74625,32.07756]]]]}},{"type":"Feature","properties":{"lu":"Commercial","ct":"Existing","a":0.038},"geometry":{"type":"MultiPolygon","coordinates":[[[[73.7462,32.07756],[73.74613,32.07755],[73.74611,32.07775],[73.74619,32.07776],[73.7462,32.07756]]]]}},{"type":"Feature","properties":{"lu":"Commercial","ct":"Existing","a":0.038},"geometry":{"type":"MultiPolygon","coordinates":[[[[73.74664,32.07783],[73.74666,32.07764],[73.74656,32.07763],[73.74658,32.07782],[73.74664,32.07783]]]]}},{"type":"Feature","properties":{"lu":"Commercial","ct":"Existing","a":0.041},"geometry":{"type":"MultiPolygon","coordinates":[[[[73.74602,32.07754],[73.74594,32.07759],[73.74594,32.07772],[73.74604,32.07773],[73.74602,32.07754]]]]}},{"type":"Feature","properties":{"lu":"Commercial","ct":"Existing","a":0.043},"geometry":{"type":"MultiPolygon","coordinates":[[[[73.74645,32.07759],[73.74637,32.07757],[73.74637,32.07779],[73.74644,32.0778],[73.74645,32.07759]]]]}},{"type":"Feature","properties":{"lu":"Commercial","ct":"Existing","a":0.049},"geometry":{"type":"MultiPolygon","coordinates":[[[[73.74637,32.07757],[73.74628,32.07757],[73.74628,32.07777],[73.74637,32.07779],[73.74637,32.07757]]]]}},{"type":"Feature","properties":{"lu":"Commercial","ct":"Existing","a":0.05},"geometry":{"type":"MultiPolygon","coordinates":[[[[73.74613,32.07755],[73.74602,32.07754],[73.74604,32.07773],[73.74611,32.07775],[73.74613,32.07755]]]]}},{"type":"Feature","properties":{"lu":"Commercial","ct":"Existing","a":0.093},"geometry":{"type":"MultiPolygon","coordinates":[[[[73.74541,32.07742],[73.74522,32.07741],[73.74519,32.07756],[73.74539,32.07762],[73.74541,32.07742]]]]}},{"type":"Feature","properties":{"lu":"Commercial","ct":"Existing","a":0.013},"geometry":{"type":"MultiPolygon","coordinates":[[[[73.7443,32.07729],[73.74426,32.07741],[73.74418,32.0774],[73.74431,32.07742],[73.7443,32.07729]]]]}},{"type":"Feature","properties":{"lu":"Commercial","ct":"Existing","a":0.033},"geometry":{"type":"MultiPolygon","coordinates":[[[[73.74443,32.0773],[73.74444,32.07744],[73.74453,32.07745],[73.74453,32.07731],[73.74443,32.0773]]]]}},{"type":"Feature","properties":{"lu":"Commercial","ct":"Existing","a":0.042},"geometry":{"type":"MultiPolygon","coordinates":[[[[73.74393,32.07719],[73.74384,32.07719],[73.74381,32.07735],[73.74391,32.07736],[73.74393,32.07719]]]]}},{"type":"Feature","properties":{"lu":"Commercial","ct":"Existing","a":0.046},"geometry":{"type":"MultiPolygon","coordinates":[[[[73.74402,32.07725],[73.74402,32.07719],[73.74393,32.07719],[73.74391,32.07736],[73.74401,32.07738],[73.74402,32.07725]]]]}},{"type":"Feature","properties":{"lu":"Commercial","ct":"Existing","a":0.02},"geometry":{"type":"MultiPolygon","coordinates":[[[[73.74417,32.07726],[73.74411,32.07725],[73.74412,32.07739],[73.74417,32.07726]]]]}},{"type":"Feature","properties":{"lu":"Commercial","ct":"Existing","a":0.058},"geometry":{"type":"MultiPolygon","coordinates":[[[[73.74295,32.07699],[73.74287,32.07698],[73.74284,32.07724],[73.74293,32.07725],[73.74295,32.07699]]]]}},{"type":"Feature","properties":{"lu":"Commercial","ct":"Existing","a":0.027},"geometry":{"type":"MultiPolygon","coordinates":[[[[73.74262,32.0766],[73.74263,32.07671],[73.74263,32.07662],[73.74262,32.0766]]],[[[73.7432,32.07712],[73.74317,32.07728],[73.74323,32.07728],[73.7432,32.07712]]]]}},{"type":"Feature","properties":{"lu":"Commercial","ct":"Existing","a":0.035},"geometry":{"type":"MultiPolygon","coordinates":[[[[73.74318,32.07712],[73.74309,32.07711],[73.74308,32.07726],[73.74317,32.07728],[73.74318,32.07712]]]]}},{"type":"Feature","properties":{"lu":"Commercial","ct":"Existing","a":0.058},"geometry":{"type":"MultiPolygon","coordinates":[[[[73.73986,32.07685],[73.73986,32.07665],[73.73975,32.07665],[73.73974,32.07684],[73.73986,32.07685]]]]}},{"type":"Feature","properties":{"lu":"Commercial","ct":"Existing","a":0.059},"geometry":{"type":"MultiPolygon","coordinates":[[[[73.73742,32.07653],[73.73742,32.07632],[73.73733,32.07631],[73.7373,32.07654],[73.73742,32.07653]]]]}},{"type":"Feature","properties":{"lu":"Commercial","ct":"Existing","a":0.06},"geometry":{"type":"MultiPolygon","coordinates":[[[[73.73733,32.07631],[73.73722,32.07628],[73.73721,32.07648],[73.73731,32.0765],[73.73733,32.07631]]]]}},{"type":"Feature","properties":{"lu":"Commercial","ct":"Existing","a":0.01},"geometry":{"type":"MultiPolygon","coordinates":[[[[73.73634,32.07626],[73.73631,32.07626],[73.73631,32.07637],[73.73634,32.07638],[73.73634,32.07626]]]]}},{"type":"Feature","properties":{"lu":"Commercial","ct":"Existing","a":0.016},"geometry":{"type":"MultiPolygon","coordinates":[[[[73.73631,32.07626],[73.73625,32.07626],[73.73625,32.07637],[73.73631,32.07637],[73.73631,32.07626]]]]}},{"type":"Feature","properties":{"lu":"Commercial","ct":"Existing","a":0.024},"geometry":{"type":"MultiPolygon","coordinates":[[[[73.73658,32.07627],[73.73651,32.07627],[73.7365,32.0764],[73.73657,32.07641],[73.73658,32.07627]]]]}},{"type":"Feature","properties":{"lu":"Commercial","ct":"Existing","a":0.027},"geometry":{"type":"MultiPolygon","coordinates":[[[[73.73651,32.07627],[73.73642,32.07626],[73.73642,32.07639],[73.7365,32.0764],[73.73651,32.07627]]]]}},{"type":"Feature","properties":{"lu":"Commercial","ct":"Existing","a":0.043},"geometry":{"type":"MultiPolygon","coordinates":[[[[73.73642,32.07626],[73.73642,32.07618],[73.73634,32.07617],[73.73634,32.07638],[73.73642,32.07639],[73.73642,32.07626]]]]}},{"type":"Feature","properties":{"lu":"Commercial","ct":"Existing","a":0.062},"geometry":{"type":"MultiPolygon","coordinates":[[[[73.73703,32.07621],[73.73693,32.0762],[73.73691,32.07645],[73.73701,32.07646],[73.73703,32.07621]]]]}},{"type":"Feature","properties":{"lu":"Commercial","ct":"Existing","a":0.017},"geometry":{"type":"MultiPolygon","coordinates":[[[[73.73674,32.07638],[73.73674,32.07627],[73.73668,32.07628],[73.73667,32.07638],[73.73674,32.07638]]]]}},{"type":"Feature","properties":{"lu":"Commercial","ct":"Existing","a":0.022},"geometry":{"type":"MultiPolygon","coordinates":[[[[73.73511,32.07612],[73.73511,32.07622],[73.73519,32.07623],[73.73519,32.07613],[73.73511,32.07612]]]]}},{"type":"Feature","properties":{"lu":"Commercial","ct":"Existing","a":0.259},"geometry":{"type":"MultiPolygon","coordinates":[[[[73.73576,32.07601],[73.73567,32.076],[73.73567,32.07585],[73.73551,32.07584],[73.73551,32.07628],[73.73576,32.07632],[73.73576,32.07601]]]]}},{"type":"Feature","properties":{"lu":"Commercial","ct":"Existing","a":0.018},"geometry":{"type":"MultiPolygon","coordinates":[[[[73.73588,32.07612],[73.73583,32.07612],[73.73583,32.07627],[73.73587,32.07627],[73.73588,32.07612]]]]}},{"type":"Feature","properties":{"lu":"Commercial","ct":"Existing","a":0.411},"geometry":{"type":"MultiPolygon","coordinates":[[[[73.73439,32.07594],[73.73442,32.07551],[73.73413,32.07551],[73.73412,32.07607],[73.73437,32.0761],[73.73439,32.07594]]]]}},{"type":"Feature","properties":{"lu":"Commercial","ct":"Existing","a":0.075},"geometry":{"type":"MultiPolygon","coordinates":[[[[73.73439,32.07594],[73.73437,32.0761],[73.73455,32.07612],[73.73456,32.07596],[73.73439,32.07594]]]]}},{"type":"Feature","properties":{"lu":"Commercial","ct":"Existing","a":0.085},"geometry":{"type":"MultiPolygon","coordinates":[[[[73.73506,32.07591],[73.73497,32.07591],[73.73492,32.07612],[73.73505,32.07625],[73.73506,32.07591]]]]}},{"type":"Feature","properties":{"lu":"Commercial","ct":"Existing","a":0.095},"geometry":{"type":"MultiPolygon","coordinates":[[[[73.73497,32.07591],[73.73482,32.0759],[73.73481,32.07615],[73.73497,32.07612],[73.73497,32.07591]]]]}},{"type":"Feature","properties":{"lu":"Commercial","ct":"Existing","a":0.014},"geometry":{"type":"MultiPolygon","coordinates":[[[[73.73467,32.07614],[73.73471,32.07614],[73.73472,32.07602],[73.73468,32.07601],[73.73467,32.07614]]]]}},{"type":"Feature","properties":{"lu":"Commercial","ct":"Existing","a":0.052},"geometry":{"type":"MultiPolygon","coordinates":[[[[73.7334,32.07579],[73.73332,32.0758],[73.73329,32.076],[73.73339,32.07601],[73.7334,32.07579]]]]}},{"type":"Feature","properties":{"lu":"Commercial","ct":"Existing","a":0.155},"geometry":{"type":"MultiPolygon","coordinates":[[[[73.65924,32.05286],[73.65908,32.05276],[73.65889,32.05304],[73.65907,32.05312],[73.65924,32.05286]]]]}},{"type":"Feature","properties":{"lu":"Commercial","ct":"Existing","a":0.037},"geometry":{"type":"MultiPolygon","coordinates":[[[[73.65697,32.05149],[73.65689,32.05144],[73.65673,32.05154],[73.65678,32.05158],[73.65697,32.05149]]]]}},{"type":"Feature","properties":{"lu":"Commercial","ct":"Existing","a":0.698},"geometry":{"type":"MultiPolygon","coordinates":[[[[73.65315,32.05133],[73.65311,32.05097],[73.65236,32.05099],[73.65237,32.05134],[73.65315,32.05133]]]]}},{"type":"Feature","properties":{"lu":"Commercial","ct":"Existing","a":0.06},"geometry":{"type":"MultiPolygon","coordinates":[[[[73.66392,32.08151],[73.66387,32.08144],[73.66363,32.08164],[73.66367,32.08169],[73.66392,32.08151]]]]}},{"type":"Feature","properties":{"lu":"Commercial","ct":"Existing","a":0.064},"geometry":{"type":"MultiPolygon","coordinates":[[[[73.66389,32.0809],[73.66394,32.08087],[73.66378,32.08062],[73.66371,32.08067],[73.66389,32.0809]]]]}},{"type":"Feature","properties":{"lu":"Commercial","ct":"Existing","a":0.075},"geometry":{"type":"MultiPolygon","coordinates":[[[[73.64181,32.06923],[73.64166,32.06924],[73.64166,32.06942],[73.64182,32.06942],[73.64181,32.06923]]]]}},{"type":"Feature","properties":{"lu":"Commercial","ct":"Existing","a":0.192},"geometry":{"type":"MultiPolygon","coordinates":[[[[73.64135,32.06913],[73.64112,32.06911],[73.64115,32.06945],[73.64137,32.06945],[73.64135,32.06913]]]]}},{"type":"Feature","properties":{"lu":"Commercial","ct":"Existing","a":0.304},"geometry":{"type":"MultiPolygon","coordinates":[[[[73.6489,32.06881],[73.64848,32.06881],[73.6485,32.06911],[73.6489,32.06908],[73.6489,32.06881]]]]}},{"type":"Feature","properties":{"lu":"Commercial","ct":"Existing","a":0.045},"geometry":{"type":"MultiPolygon","coordinates":[[[[73.65373,32.06832],[73.65373,32.06822],[73.65356,32.06823],[73.65356,32.06834],[73.65373,32.06832]]]]}},{"type":"Feature","properties":{"lu":"Commercial","ct":"Existing","a":0.177},"geometry":{"type":"MultiPolygon","coordinates":[[[[73.65483,32.06881],[73.6548,32.06847],[73.65459,32.06849],[73.65464,32.06882],[73.65483,32.06881]]]]}},{"type":"Feature","properties":{"lu":"Commercial","ct":"Existing","a":0.213},"geometry":{"type":"MultiPolygon","coordinates":[[[[73.65576,32.06839],[73.65561,32.0684],[73.65563,32.06893],[73.65579,32.06892],[73.65576,32.06839]]]]}},{"type":"Feature","properties":{"lu":"Commercial","ct":"Existing","a":0.218},"geometry":{"type":"MultiPolygon","coordinates":[[[[73.65551,32.0684],[73.65513,32.06844],[73.65516,32.06865],[73.65553,32.06864],[73.65551,32.0684]]]]}},{"type":"Feature","properties":{"lu":"Commercial","ct":"Existing","a":0.016},"geometry":{"type":"MultiPolygon","coordinates":[[[[73.65925,32.05419],[73.65917,32.05415],[73.65914,32.05421],[73.65921,32.05425],[73.65925,32.05419]]]]}},{"type":"Feature","properties":{"lu":"Commercial","ct":"Existing","a":0.018},"geometry":{"type":"MultiPolygon","coordinates":[[[[73.69921,32.04615],[73.69912,32.04615],[73.69908,32.04623],[73.69913,32.04625],[73.69921,32.04615]]]]}},{"type":"Feature","properties":{"lu":"Commercial","ct":"Existing","a":0.093},"geometry":{"type":"MultiPolygon","coordinates":[[[[73.64567,32.06468],[73.6459,32.06472],[73.6459,32.06454],[73.64569,32.06454],[73.64567,32.06468]]]]}},{"type":"Feature","properties":{"lu":"Commercial","ct":"Existing","a":0.11},"geometry":{"type":"MultiPolygon","coordinates":[[[[73.6461,32.06475],[73.64645,32.0648],[73.64643,32.06465],[73.6461,32.06464],[73.6461,32.06475]]]]}},{"type":"Feature","properties":{"lu":"Commercial","ct":"Existing","a":0.082},"geometry":{"type":"MultiPolygon","coordinates":[[[[73.74031,32.08203],[73.7402,32.08204],[73.7402,32.08228],[73.74034,32.0823],[73.74031,32.08203]]]]}},{"type":"Feature","properties":{"lu":"Commercial","ct":"Existing","a":0.314},"geometry":{"type":"MultiPolygon","coordinates":[[[[73.74034,32.08138],[73.74014,32.08137],[73.74002,32.08185],[73.74032,32.08187],[73.74034,32.08138]]]]}},{"type":"Feature","properties":{"lu":"Commercial","ct":"Existing","a":0.072},"geometry":{"type":"MultiPolygon","coordinates":[[[[73.66679,32.10309],[73.66674,32.10299],[73.66658,32.10311],[73.66664,32.10327],[73.66679,32.10309]]]]}},{"type":"Feature","properties":{"lu":"Commercial","ct":"Existing","a":0.073},"geometry":{"type":"MultiPolygon","coordinates":[[[[73.6669,32.10281],[73.66674,32.10299],[73.66679,32.10309],[73.667,32.10282],[73.6669,32.10281]]]]}},{"type":"Feature","properties":{"lu":"Commercial","ct":"Existing","a":0.036},"geometry":{"type":"MultiPolygon","coordinates":[[[[73.66585,32.10393],[73.66581,32.10399],[73.66599,32.10407],[73.66603,32.10401],[73.66585,32.10393]]]]}},{"type":"Feature","properties":{"lu":"Commercial","ct":"Existing","a":0.026},"geometry":{"type":"MultiPolygon","coordinates":[[[[73.66616,32.10419],[73.66606,32.10414],[73.666,32.10422],[73.66611,32.10426],[73.66616,32.10419]]]]}},{"type":"Feature","properties":{"lu":"Commercial","ct":"Existing","a":0.046},"geometry":{"type":"MultiPolygon","coordinates":[[[[73.66641,32.10333],[73.66633,32.10343],[73.66646,32.1035],[73.66654,32.10339],[73.66641,32.10333]]]]}},{"type":"Feature","properties":{"lu":"Commercial","ct":"Existing","a":0.153},"geometry":{"type":"MultiPolygon","coordinates":[[[[73.66741,32.10219],[73.66729,32.10216],[73.667,32.10258],[73.66713,32.10262],[73.66741,32.10219]]]]}},{"type":"Feature","properties":{"lu":"Commercial","ct":"Existing","a":0.244},"geometry":{"type":"MultiPolygon","coordinates":[[[[73.64997,32.06847],[73.64896,32.06851],[73.64897,32.06861],[73.64997,32.06855],[73.64997,32.06847]]]]}},{"type":"Feature","properties":{"lu":"Commercial","ct":"Existing","a":0.146},"geometry":{"type":"MultiPolygon","coordinates":[[[[73.6514,32.06848],[73.6514,32.06835],[73.65095,32.06839],[73.65097,32.06851],[73.6514,32.06848]]]]}},{"type":"Feature","properties":{"lu":"Commercial","ct":"Existing","a":0.192},"geometry":{"type":"MultiPolygon","coordinates":[[[[73.6507,32.06852],[73.65069,32.06841],[73.64999,32.06846],[73.65,32.06856],[73.6507,32.06852]]]]}},{"type":"Feature","properties":{"lu":"Commercial","ct":"Existing","a":0.085},"geometry":{"type":"MultiPolygon","coordinates":[[[[73.6515,32.06887],[73.65148,32.06877],[73.65116,32.06879],[73.65117,32.06889],[73.6515,32.06887]]]]}},{"type":"Feature","properties":{"lu":"Commercial","ct":"Existing","a":0.245},"geometry":{"type":"MultiPolygon","coordinates":[[[[73.70248,32.04004],[73.7022,32.04011],[73.70226,32.04024],[73.70213,32.04035],[73.70214,32.04046],[73.70195,32.04047],[73.70195,32.04058],[73.70211,32.04067],[73.70248,32.04004]]]]}},{"type":"Feature","properties":{"lu":"Commercial","ct":"Existing","a":0.112},"geometry":{"type":"MultiPolygon","coordinates":[[[[73.70505,32.03609],[73.70516,32.03591],[73.70481,32.03597],[73.70484,32.03611],[73.70505,32.03609]]]]}},{"type":"Feature","properties":{"lu":"Commercial","ct":"Existing","a":0.099},"geometry":{"type":"MultiPolygon","coordinates":[[[[73.71114,32.04016],[73.71099,32.0399],[73.71076,32.03996],[73.7108,32.04005],[73.71096,32.04001],[73.71106,32.04019],[73.71114,32.04016]]]]}},{"type":"Feature","properties":{"lu":"Commercial","ct":"Existing","a":0.023},"geometry":{"type":"MultiPolygon","coordinates":[[[[73.71154,32.04085],[73.71148,32.04074],[73.71141,32.04077],[73.71147,32.04086],[73.71154,32.04085]]]]}},{"type":"Feature","properties":{"lu":"Commercial","ct":"Existing","a":0.073},"geometry":{"type":"MultiPolygon","coordinates":[[[[73.71163,32.04099],[73.71154,32.04085],[73.71136,32.04089],[73.71144,32.04102],[73.71163,32.04099]]]]}},{"type":"Feature","properties":{"lu":"Commercial","ct":"Existing","a":0.274},"geometry":{"type":"MultiPolygon","coordinates":[[[[73.71099,32.0399],[73.71031,32.03875],[73.71023,32.03877],[73.7109,32.03993],[73.71099,32.0399]]]]}},{"type":"Feature","properties":{"lu":"Commercial","ct":"Existing","a":0.28},"geometry":{"type":"MultiPolygon","coordinates":[[[[73.73174,32.06749],[73.7317,32.06761],[73.73132,32.06762],[73.7313,32.06777],[73.73197,32.06779],[73.73174,32.06749]]]]}},{"type":"Feature","properties":{"lu":"Commercial","ct":"Existing","a":0.006},"geometry":{"type":"MultiPolygon","coordinates":[[[[73.7317,32.06744],[73.73166,32.06739],[73.73164,32.06739],[73.73164,32.06745],[73.7317,32.06744]]]]}},{"type":"Feature","properties":{"lu":"Commercial","ct":"Existing","a":0.135},"geometry":{"type":"MultiPolygon","coordinates":[[[[73.73699,32.07512],[73.73694,32.07539],[73.73714,32.07545],[73.73699,32.07512]]],[[[73.7372,32.07558],[73.73712,32.07556],[73.73713,32.07574],[73.73727,32.07573],[73.7372,32.07558]]]]}},{"type":"Feature","properties":{"lu":"Commercial","ct":"Existing","a":0.042},"geometry":{"type":"MultiPolygon","coordinates":[[[[73.73743,32.07607],[73.73741,32.07607],[73.73743,32.07633],[73.73755,32.07634],[73.73743,32.07607]]]]}},{"type":"Feature","properties":{"lu":"Commercial","ct":"Existing","a":0.051},"geometry":{"type":"MultiPolygon","coordinates":[[[[73.74237,32.07738],[73.74203,32.07733],[73.74215,32.07741],[73.74237,32.07738]]]]}},{"type":"Feature","properties":{"lu":"Commercial","ct":"Existing","a":0.062},"geometry":{"type":"MultiPolygon","coordinates":[[[[73.66423,32.08203],[73.66418,32.08194],[73.66397,32.08203],[73.66403,32.08211],[73.66423,32.08203]]]]}},{"type":"Feature","properties":{"lu":"Commercial","ct":"Existing","a":0.029},"geometry":{"type":"MultiPolygon","coordinates":[[[[73.66403,32.08211],[73.66397,32.08203],[73.66386,32.08208],[73.66392,32.08216],[73.66403,32.08211]]]]}},{"type":"Feature","properties":{"lu":"Commercial","ct":"Existing","a":0.086},"geometry":{"type":"MultiPolygon","coordinates":[[[[73.66418,32.08241],[73.664,32.0822],[73.66389,32.08226],[73.66406,32.08246],[73.66418,32.08241]]]]}},{"type":"Feature","properties":{"lu":"Commercial","ct":"Existing","a":0.083},"geometry":{"type":"MultiPolygon","coordinates":[[[[73.66288,32.08299],[73.66276,32.08284],[73.66261,32.08292],[73.66273,32.08307],[73.66288,32.08299]]]]}},{"type":"Feature","properties":{"lu":"Commercial","ct":"Existing","a":0.042},"geometry":{"type":"MultiPolygon","coordinates":[[[[73.6573,32.08556],[73.65726,32.08551],[73.65703,32.08561],[73.65706,32.08566],[73.6573,32.08556]]]]}},{"type":"Feature","properties":{"lu":"Commercial","ct":"Existing","a":0.029},"geometry":{"type":"MultiPolygon","coordinates":[[[[73.65704,32.08567],[73.65683,32.08571],[73.65687,32.08576],[73.65704,32.08567]]]]}},{"type":"Feature","properties":{"lu":"Commercial","ct":"Existing","a":0.0,"nm":"Marble Factory"},"geometry":{"type":"MultiPolygon","coordinates":[[[[73.6695599,32.0942135],[73.669584,32.0942802],[73.6695841,32.0942803],[73.6695599,32.0942135]]]]}},{"type":"Feature","properties":{"lu":"Commercial","ct":"Existing","a":0.017},"geometry":{"type":"MultiPolygon","coordinates":[[[[73.66653,32.10366],[73.66647,32.10363],[73.6664,32.10372],[73.66647,32.10374],[73.66653,32.10366]]]]}},{"type":"Feature","properties":{"lu":"Commercial","ct":"Existing","a":0.051},"geometry":{"type":"MultiPolygon","coordinates":[[[[73.68471,32.11155],[73.68456,32.11154],[73.68456,32.11167],[73.68471,32.11168],[73.68471,32.11155]]]]}},{"type":"Feature","properties":{"lu":"Commercial","ct":"Existing","a":0.014},"geometry":{"type":"MultiPolygon","coordinates":[[[[73.68456,32.11172],[73.68457,32.11177],[73.6847,32.11177],[73.68468,32.11173],[73.68456,32.11172]]]]}},{"type":"Feature","properties":{"lu":"Commercial","ct":"Existing","a":0.002},"geometry":{"type":"MultiPolygon","coordinates":[[[[73.37529,32.06526],[73.37529,32.06521],[73.37528,32.06521],[73.37527,32.06521],[73.37528,32.06526],[73.37529,32.06526]]]]}},{"type":"Feature","properties":{"lu":"Commercial","ct":"Existing","a":3.173,"nm":"Marriage Hall"},"geometry":{"type":"MultiPolygon","coordinates":[[[[73.39331,32.04346],[73.39336,32.04295],[73.39241,32.04287],[73.39226,32.04408],[73.39322,32.04424],[73.39331,32.04346]]]]}},{"type":"Feature","properties":{"lu":"Commercial","ct":"Existing","a":0.538},"geometry":{"type":"MultiPolygon","coordinates":[[[[73.39294,32.06326],[73.39301,32.06291],[73.39255,32.06286],[73.39249,32.06335],[73.39292,32.06335],[73.39294,32.06326]]]]}},{"type":"Feature","properties":{"lu":"Commercial","ct":"Existing","a":0.0},"geometry":{"type":"MultiPolygon","coordinates":[[[[73.369127,32.048138],[73.369126,32.048137],[73.369042,32.048163],[73.369043,32.048164],[73.369127,32.048138]]]]}},{"type":"Feature","properties":{"lu":"Commercial","ct":"Existing","a":0.211},"geometry":{"type":"MultiPolygon","coordinates":[[[[73.40478,32.06258],[73.40449,32.06252],[73.40444,32.06282],[73.40475,32.06279],[73.40478,32.06258]]]]}},{"type":"Feature","properties":{"lu":"Commercial","ct":"Existing","a":0.705,"nm":"PSO Petrol Pump"},"geometry":{"type":"MultiPolygon","coordinates":[[[[73.39802,32.06329],[73.39802,32.06277],[73.39752,32.06276],[73.39749,32.06331],[73.39802,32.06329]]]]}},{"type":"Feature","properties":{"lu":"Commercial","ct":"Existing","a":0.247},"geometry":{"type":"MultiPolygon","coordinates":[[[[73.40209,32.06266],[73.40209,32.06297],[73.40235,32.06302],[73.40233,32.06259],[73.40216,32.06259],[73.40209,32.06266]]]]}},{"type":"Feature","properties":{"lu":"Commercial","ct":"Existing","a":0.553},"geometry":{"type":"MultiPolygon","coordinates":[[[[73.40176,32.06304],[73.40178,32.06265],[73.40186,32.06266],[73.40188,32.06252],[73.40156,32.06229],[73.40147,32.06292],[73.40137,32.06292],[73.40135,32.06305],[73.40176,32.06304]]]]}},{"type":"Feature","properties":{"lu":"Commercial","ct":"Existing","a":0.475},"geometry":{"type":"MultiPolygon","coordinates":[[[[73.3737,32.05868],[73.37304,32.05866],[73.37305,32.05887],[73.3738,32.059],[73.3737,32.05868]]]]}},{"type":"Feature","properties":{"lu":"Commercial","ct":"Existing","a":0.137},"geometry":{"type":"MultiPolygon","coordinates":[[[[73.37358,32.05831],[73.37322,32.05826],[73.37321,32.0584],[73.37362,32.05843],[73.37358,32.05831]]]]}},{"type":"Feature","properties":{"lu":"Commercial","ct":"Existing","a":0.252},"geometry":{"type":"MultiPolygon","coordinates":[[[[73.39636,32.06333],[73.39638,32.06302],[73.39609,32.06301],[73.39606,32.06335],[73.39636,32.06333]]]]}},{"type":"Feature","properties":{"lu":"Commercial","ct":"Existing","a":0.15},"geometry":{"type":"MultiPolygon","coordinates":[[[[73.39874,32.06304],[73.39846,32.06303],[73.39847,32.06324],[73.39875,32.06325],[73.39874,32.06304]]]]}},{"type":"Feature","properties":{"lu":"Commercial","ct":"Existing","a":0.026},"geometry":{"type":"MultiPolygon","coordinates":[[[[73.39388,32.06357],[73.39377,32.06356],[73.39376,32.06366],[73.39386,32.06366],[73.39388,32.06357]]]]}},{"type":"Feature","properties":{"lu":"Commercial","ct":"Existing","a":0.053},"geometry":{"type":"MultiPolygon","coordinates":[[[[73.39279,32.06353],[73.39265,32.06352],[73.39262,32.06365],[73.39281,32.06365],[73.39279,32.06353]]]]}},{"type":"Feature","properties":{"lu":"Commercial","ct":"Existing","a":0.053},"geometry":{"type":"MultiPolygon","coordinates":[[[[73.39377,32.06356],[73.39355,32.06355],[73.39356,32.06365],[73.39376,32.06366],[73.39377,32.06356]]]]}},{"type":"Feature","properties":{"lu":"Commercial","ct":"Existing","a":0.08},"geometry":{"type":"MultiPolygon","coordinates":[[[[73.39356,32.06365],[73.39355,32.06355],[73.39345,32.06355],[73.39343,32.06383],[73.39353,32.06383],[73.39356,32.06365]]]]}},{"type":"Feature","properties":{"lu":"Commercial","ct":"Existing","a":0.056},"geometry":{"type":"MultiPolygon","coordinates":[[[[73.39695,32.06349],[73.39687,32.06349],[73.39684,32.06375],[73.39693,32.06376],[73.39695,32.06349]]]]}},{"type":"Feature","properties":{"lu":"Commercial","ct":"Existing","a":0.082},"geometry":{"type":"MultiPolygon","coordinates":[[[[73.39669,32.0635],[73.3965,32.06351],[73.39647,32.06366],[73.39667,32.06366],[73.39669,32.0635]]]]}},{"type":"Feature","properties":{"lu":"Commercial","ct":"Existing","a":0.053},"geometry":{"type":"MultiPolygon","coordinates":[[[[73.39753,32.06361],[73.39753,32.06346],[73.39747,32.06347],[73.39747,32.06377],[73.39754,32.06378],[73.39753,32.06361]]]]}},{"type":"Feature","properties":{"lu":"Commercial","ct":"Existing","a":0.058},"geometry":{"type":"MultiPolygon","coordinates":[[[[73.39793,32.06345],[73.39786,32.06345],[73.39785,32.06372],[73.39793,32.06372],[73.39793,32.06345]]]]}},{"type":"Feature","properties":{"lu":"Commercial","ct":"Existing","a":0.063},"geometry":{"type":"MultiPolygon","coordinates":[[[[73.39802,32.06344],[73.39793,32.06345],[73.39793,32.06372],[73.39802,32.06372],[73.39802,32.06344]]]]}},{"type":"Feature","properties":{"lu":"Commercial","ct":"Existing","a":0.074},"geometry":{"type":"MultiPolygon","coordinates":[[[[73.39715,32.06348],[73.39705,32.06348],[73.39701,32.06375],[73.39712,32.06376],[73.39715,32.06348]]]]}},{"type":"Feature","properties":{"lu":"Commercial","ct":"Existing","a":0.078},"geometry":{"type":"MultiPolygon","coordinates":[[[[73.39747,32.06347],[73.39738,32.06347],[73.39735,32.06377],[73.39747,32.06377],[73.39747,32.06347]]]]}},{"type":"Feature","properties":{"lu":"Commercial","ct":"Existing","a":0.084},"geometry":{"type":"MultiPolygon","coordinates":[[[[73.39738,32.06347],[73.39728,32.06347],[73.39724,32.06376],[73.39735,32.06377],[73.39738,32.06347]]]]}},{"type":"Feature","properties":{"lu":"Commercial","ct":"Existing","a":0.09},"geometry":{"type":"MultiPolygon","coordinates":[[[[73.39728,32.06347],[73.39715,32.06348],[73.39712,32.06376],[73.39724,32.06376],[73.39728,32.06347]]]]}},{"type":"Feature","properties":{"lu":"Commercial","ct":"Existing","a":0.127},"geometry":{"type":"MultiPolygon","coordinates":[[[[73.39785,32.06361],[73.39786,32.06345],[73.39753,32.06346],[73.39753,32.06361],[73.39785,32.06361]]]]}},{"type":"Feature","properties":{"lu":"Commercial","ct":"Existing","a":0.016},"geometry":{"type":"MultiPolygon","coordinates":[[[[73.396,32.06367],[73.39601,32.06352],[73.39597,32.06353],[73.39597,32.06355],[73.39596,32.06359],[73.39595,32.06367],[73.396,32.06367]]]]}},{"type":"Feature","properties":{"lu":"Commercial","ct":"Existing","a":0.023},"geometry":{"type":"MultiPolygon","coordinates":[[[[73.39607,32.06366],[73.39607,32.06352],[73.39601,32.06352],[73.396,32.06367],[73.39607,32.06366]]]]}},{"type":"Feature","properties":{"lu":"Commercial","ct":"Existing","a":0.062},"geometry":{"type":"MultiPolygon","coordinates":[[[[73.39623,32.06366],[73.39623,32.06352],[73.39607,32.06352],[73.39607,32.06366],[73.39623,32.06366]]]]}},{"type":"Feature","properties":{"lu":"Commercial","ct":"Existing","a":0.082},"geometry":{"type":"MultiPolygon","coordinates":[[[[73.39645,32.06351],[73.39623,32.06352],[73.39623,32.06366],[73.39643,32.06366],[73.39645,32.06351]]]]}},{"type":"Feature","properties":{"lu":"Commercial","ct":"Existing","a":0.048},"geometry":{"type":"MultiPolygon","coordinates":[[[[73.39687,32.06349],[73.39679,32.06349],[73.39678,32.06375],[73.39684,32.06375],[73.39687,32.06349]]]]}},{"type":"Feature","properties":{"lu":"Commercial","ct":"Existing","a":0.049},"geometry":{"type":"MultiPolygon","coordinates":[[[[73.39679,32.06349],[73.39669,32.0635],[73.39667,32.06366],[73.39678,32.06368],[73.39679,32.06349]]]]}},{"type":"Feature","properties":{"lu":"Commercial","ct":"Existing","a":0.049},"geometry":{"type":"MultiPolygon","coordinates":[[[[73.39703,32.06348],[73.39695,32.06349],[73.39693,32.06376],[73.39699,32.06376],[73.39703,32.06348]]]]}},{"type":"Feature","properties":{"lu":"Commercial","ct":"Existing","a":0.022},"geometry":{"type":"MultiPolygon","coordinates":[[[[73.39833,32.06343],[73.39827,32.06343],[73.39827,32.06357],[73.39833,32.06357],[73.39833,32.06343]]]]}},{"type":"Feature","properties":{"lu":"Commercial","ct":"Existing","a":0.032},"geometry":{"type":"MultiPolygon","coordinates":[[[[73.39827,32.06357],[73.39827,32.06343],[73.39818,32.06344],[73.39818,32.06358],[73.39827,32.06357]]]]}},{"type":"Feature","properties":{"lu":"Commercial","ct":"Existing","a":0.053},"geometry":{"type":"MultiPolygon","coordinates":[[[[73.39818,32.06358],[73.39818,32.06344],[73.39804,32.06344],[73.39804,32.06359],[73.39818,32.06358]]]]}},{"type":"Feature","properties":{"lu":"Commercial","ct":"Existing","a":0.05},"geometry":{"type":"MultiPolygon","coordinates":[[[[73.39711,32.06332],[73.39712,32.06314],[73.39702,32.06314],[73.39701,32.06333],[73.39711,32.06332]]]]}},{"type":"Feature","properties":{"lu":"Commercial","ct":"Existing","a":0.03},"geometry":{"type":"MultiPolygon","coordinates":[[[[73.39701,32.06333],[73.39702,32.06318],[73.39695,32.06317],[73.39693,32.06333],[73.39701,32.06333]]]]}},{"type":"Feature","properties":{"lu":"Commercial","ct":"Existing","a":0.039},"geometry":{"type":"MultiPolygon","coordinates":[[[[73.39742,32.06331],[73.39743,32.06309],[73.39736,32.06309],[73.39735,32.06331],[73.39742,32.06331]]]]}},{"type":"Feature","properties":{"lu":"Commercial","ct":"Existing","a":0.041},"geometry":{"type":"MultiPolygon","coordinates":[[[[73.39749,32.06331],[73.3975,32.06309],[73.39743,32.06309],[73.39742,32.06331],[73.39749,32.06331]]]]}},{"type":"Feature","properties":{"lu":"Commercial","ct":"Existing","a":0.052},"geometry":{"type":"MultiPolygon","coordinates":[[[[73.39735,32.06331],[73.39736,32.06309],[73.39728,32.06309],[73.39726,32.06332],[73.39735,32.06331]]]]}},{"type":"Feature","properties":{"lu":"Commercial","ct":"Existing","a":0.076},"geometry":{"type":"MultiPolygon","coordinates":[[[[73.39821,32.06328],[73.39823,32.06313],[73.39802,32.06313],[73.39802,32.06329],[73.39821,32.06328]]]]}},{"type":"Feature","properties":{"lu":"Commercial","ct":"Existing","a":0.048},"geometry":{"type":"MultiPolygon","coordinates":[[[[73.39721,32.06332],[73.39723,32.06314],[73.39712,32.06314],[73.39711,32.06332],[73.39721,32.06332]]]]}},{"type":"Feature","properties":{"lu":"Commercial","ct":"Existing","a":0.124},"geometry":{"type":"MultiPolygon","coordinates":[[[[73.39574,32.063],[73.39561,32.063],[73.39561,32.06337],[73.39574,32.06337],[73.39574,32.063]]]]}},{"type":"Feature","properties":{"lu":"Commercial","ct":"Existing","a":0.152},"geometry":{"type":"MultiPolygon","coordinates":[[[[73.39588,32.06337],[73.39591,32.06299],[73.39574,32.063],[73.39574,32.06337],[73.39588,32.06337]]]]}},{"type":"Feature","properties":{"lu":"Commercial","ct":"Existing","a":0.151},"geometry":{"type":"MultiPolygon","coordinates":[[[[73.39606,32.06336],[73.39609,32.06299],[73.39591,32.06299],[73.39588,32.06337],[73.39606,32.06336]]]]}},{"type":"Feature","properties":{"lu":"Commercial","ct":"Existing","a":0.094},"geometry":{"type":"MultiPolygon","coordinates":[[[[73.39461,32.06336],[73.39475,32.06336],[73.39476,32.06309],[73.39462,32.06309],[73.39461,32.06336]]]]}},{"type":"Feature","properties":{"lu":"Commercial","ct":"Existing","a":0.0},"geometry":{"type":"MultiPolygon","coordinates":[[[[73.390941,32.062668],[73.390937,32.062668],[73.390937,32.062672],[73.39094,32.062673],[73.390941,32.062668]]]]}},{"type":"Feature","properties":{"lu":"Commercial","ct":"Existing","a":0.018},"geometry":{"type":"MultiPolygon","coordinates":[[[[73.40419,32.06226],[73.40421,32.06239],[73.40424,32.06226],[73.40419,32.06226]]],[[[73.40422,32.06242],[73.40424,32.06255],[73.40427,32.06242],[73.40422,32.06242]]]]}},{"type":"Feature","properties":{"lu":"Commercial","ct":"Existing","a":0.107},"geometry":{"type":"MultiPolygon","coordinates":[[[[73.40441,32.06242],[73.40427,32.06242],[73.40429,32.06278],[73.40435,32.06278],[73.40441,32.06242]]]]}},{"type":"Feature","properties":{"lu":"Commercial","ct":"Existing","a":0.093},"geometry":{"type":"MultiPolygon","coordinates":[[[[73.39901,32.0634],[73.39884,32.06341],[73.39885,32.06361],[73.39901,32.06362],[73.39901,32.0634]]]]}},{"type":"Feature","properties":{"lu":"Commercial","ct":"Existing","a":0.027},"geometry":{"type":"MultiPolygon","coordinates":[[[[73.39908,32.06354],[73.39911,32.0634],[73.39904,32.0634],[73.39908,32.06354]]]]}},{"type":"Feature","properties":{"lu":"Commercial","ct":"Existing","a":0.03},"geometry":{"type":"MultiPolygon","coordinates":[[[[73.39943,32.06339],[73.39939,32.06339],[73.3994,32.06362],[73.39945,32.06362],[73.39943,32.06339]]]]}},{"type":"Feature","properties":{"lu":"Commercial","ct":"Existing","a":0.039},"geometry":{"type":"MultiPolygon","coordinates":[[[[73.39929,32.06362],[73.39929,32.06339],[73.39922,32.0634],[73.39922,32.06362],[73.39929,32.06362]]]]}},{"type":"Feature","properties":{"lu":"Commercial","ct":"Existing","a":0.062},"geometry":{"type":"MultiPolygon","coordinates":[[[[73.3994,32.06362],[73.39939,32.06339],[73.39929,32.06339],[73.39929,32.06362],[73.3994,32.06362]]]]}},{"type":"Feature","properties":{"lu":"Commercial","ct":"Existing","a":0.109},"geometry":{"type":"MultiPolygon","coordinates":[[[[73.39922,32.06362],[73.39922,32.0634],[73.39911,32.0634],[73.39908,32.06374],[73.39921,32.06375],[73.39922,32.06362]]]]}},{"type":"Feature","properties":{"lu":"Commercial","ct":"Existing","a":0.017},"geometry":{"type":"MultiPolygon","coordinates":[[[[73.39851,32.06356],[73.39851,32.06342],[73.39846,32.06342],[73.39847,32.06356],[73.39851,32.06356]]]]}},{"type":"Feature","properties":{"lu":"Commercial","ct":"Existing","a":0.019},"geometry":{"type":"MultiPolygon","coordinates":[[[[73.39847,32.06356],[73.39846,32.06342],[73.39841,32.06343],[73.39842,32.06356],[73.39847,32.06356]]]]}},{"type":"Feature","properties":{"lu":"Commercial","ct":"Existing","a":0.024},"geometry":{"type":"MultiPolygon","coordinates":[[[[73.39842,32.06356],[73.39841,32.06343],[73.39834,32.06343],[73.39835,32.06357],[73.39842,32.06356]]]]}},{"type":"Feature","properties":{"lu":"Commercial","ct":"Existing","a":0.027},"geometry":{"type":"MultiPolygon","coordinates":[[[[73.39859,32.06356],[73.39859,32.06342],[73.39851,32.06342],[73.39851,32.06356],[73.39859,32.06356]]]]}},{"type":"Feature","properties":{"lu":"Commercial","ct":"Existing","a":0.029},"geometry":{"type":"MultiPolygon","coordinates":[[[[73.39867,32.06342],[73.39859,32.06342],[73.39859,32.06356],[73.39867,32.06355],[73.39867,32.06342]]]]}},{"type":"Feature","properties":{"lu":"Commercial","ct":"Existing","a":0.038},"geometry":{"type":"MultiPolygon","coordinates":[[[[73.39971,32.06352],[73.39971,32.06338],[73.39964,32.06338],[73.39965,32.06361],[73.39972,32.0636],[73.39971,32.06352]]]]}},{"type":"Feature","properties":{"lu":"Commercial","ct":"Existing","a":0.042},"geometry":{"type":"MultiPolygon","coordinates":[[[[73.39982,32.06338],[73.39971,32.06338],[73.39971,32.06352],[73.39982,32.06352],[73.39982,32.06338]]]]}},{"type":"Feature","properties":{"lu":"Commercial","ct":"Existing","a":0.052},"geometry":{"type":"MultiPolygon","coordinates":[[[[73.39965,32.06361],[73.39964,32.06338],[73.39955,32.06339],[73.39957,32.06361],[73.39965,32.06361]]]]}},{"type":"Feature","properties":{"lu":"Commercial","ct":"Existing","a":0.059},"geometry":{"type":"MultiPolygon","coordinates":[[[[73.39957,32.06361],[73.39955,32.06339],[73.39945,32.06339],[73.39947,32.06362],[73.39957,32.06361]]]]}},{"type":"Feature","properties":{"lu":"Commercial","ct":"Existing","a":0.016},"geometry":{"type":"MultiPolygon","coordinates":[[[[73.40003,32.06337],[73.39998,32.06337],[73.39998,32.06348],[73.40003,32.0635],[73.40003,32.06337]]]]}},{"type":"Feature","properties":{"lu":"Commercial","ct":"Existing","a":0.03},"geometry":{"type":"MultiPolygon","coordinates":[[[[73.40008,32.06352],[73.40003,32.06337],[73.40003,32.06361],[73.40008,32.06352]]]]}},{"type":"Feature","properties":{"lu":"Commercial","ct":"Existing","a":0.036},"geometry":{"type":"MultiPolygon","coordinates":[[[[73.39998,32.06337],[73.39984,32.06338],[73.39984,32.06348],[73.39998,32.06348],[73.39998,32.06337]]]]}},{"type":"Feature","properties":{"lu":"Commercial","ct":"Existing","a":0.05},"geometry":{"type":"MultiPolygon","coordinates":[[[[73.4002,32.06337],[73.40008,32.06337],[73.40008,32.06352],[73.4002,32.06352],[73.4002,32.06337]]]]}},{"type":"Feature","properties":{"lu":"Commercial","ct":"Existing","a":0.02},"geometry":{"type":"MultiPolygon","coordinates":[[[[73.39874,32.06341],[73.39868,32.06341],[73.39868,32.06355],[73.39874,32.06356],[73.39874,32.06341]]]]}},{"type":"Feature","properties":{"lu":"Commercial","ct":"Existing","a":0.039},"geometry":{"type":"MultiPolygon","coordinates":[[[[73.39884,32.06341],[73.39874,32.06341],[73.39874,32.06356],[73.39885,32.06356],[73.39884,32.06341]]]]}},{"type":"Feature","properties":{"lu":"Commercial","ct":"Existing","a":0.102},"geometry":{"type":"MultiPolygon","coordinates":[[[[73.40068,32.06335],[73.40051,32.06336],[73.4005,32.0636],[73.40065,32.06361],[73.40068,32.06335]]]]}},{"type":"Feature","properties":{"lu":"Commercial","ct":"Existing","a":0.031},"geometry":{"type":"MultiPolygon","coordinates":[[[[73.4004,32.06336],[73.40028,32.06336],[73.40027,32.06346],[73.40039,32.06346],[73.4004,32.06336]]]]}},{"type":"Feature","properties":{"lu":"Commercial","ct":"Existing","a":0.033},"geometry":{"type":"MultiPolygon","coordinates":[[[[73.40051,32.06336],[73.4004,32.06336],[73.40039,32.06346],[73.40051,32.06346],[73.40051,32.06336]]]]}},{"type":"Feature","properties":{"lu":"Commercial","ct":"Existing","a":0.067},"geometry":{"type":"MultiPolygon","coordinates":[[[[73.40155,32.06345],[73.40155,32.06331],[73.40139,32.06331],[73.40136,32.06346],[73.40155,32.06345]]]]}},{"type":"Feature","properties":{"lu":"Commercial","ct":"Existing","a":0.019},"geometry":{"type":"MultiPolygon","coordinates":[[[[73.40168,32.0633],[73.40163,32.06331],[73.40162,32.06345],[73.40167,32.06345],[73.40168,32.0633]]]]}},{"type":"Feature","properties":{"lu":"Commercial","ct":"Existing","a":0.03},"geometry":{"type":"MultiPolygon","coordinates":[[[[73.40162,32.06345],[73.40163,32.06331],[73.40155,32.06331],[73.40155,32.06345],[73.40162,32.06345]]]]}},{"type":"Feature","properties":{"lu":"Commercial","ct":"Existing","a":0.156},"geometry":{"type":"MultiPolygon","coordinates":[[[[73.40466,32.063],[73.40448,32.063],[73.40442,32.06333],[73.40458,32.06335],[73.40466,32.063]]]]}},{"type":"Feature","properties":{"lu":"Commercial","ct":"Existing","a":0.135,"nm":"Coca Cola Agency"},"geometry":{"type":"MultiPolygon","coordinates":[[[[73.40508,32.06305],[73.40482,32.06302],[73.40478,32.06323],[73.40505,32.06324],[73.40508,32.06305]]]]}},{"type":"Feature","properties":{"lu":"Commercial","ct":"Existing","a":0.14},"geometry":{"type":"MultiPolygon","coordinates":[[[[73.40539,32.06272],[73.40543,32.0625],[73.40521,32.06248],[73.40518,32.06275],[73.40539,32.06272]]]]}},{"type":"Feature","properties":{"lu":"Commercial","ct":"Existing","a":0.138},"geometry":{"type":"MultiPolygon","coordinates":[[[[73.40518,32.06275],[73.4052,32.06257],[73.40494,32.06255],[73.4049,32.06278],[73.40518,32.06275]]]]}},{"type":"Feature","properties":{"lu":"Commercial","ct":"Existing","a":0.037},"geometry":{"type":"MultiPolygon","coordinates":[[[[73.39501,32.06356],[73.39487,32.06357],[73.39486,32.06367],[73.39499,32.06367],[73.39501,32.06356]]]]}},{"type":"Feature","properties":{"lu":"Commercial","ct":"Existing","a":0.118},"geometry":{"type":"MultiPolygon","coordinates":[[[[73.39455,32.06375],[73.39455,32.06358],[73.39432,32.06358],[73.39433,32.06378],[73.39455,32.06375]]]]}},{"type":"Feature","properties":{"lu":"Commercial","ct":"Existing","a":0.022},"geometry":{"type":"MultiPolygon","coordinates":[[[[73.39535,32.06365],[73.39537,32.06355],[73.39528,32.06355],[73.39527,32.06365],[73.39535,32.06365]]]]}},{"type":"Feature","properties":{"lu":"Commercial","ct":"Existing","a":0.022},"geometry":{"type":"MultiPolygon","coordinates":[[[[73.39545,32.06355],[73.39537,32.06355],[73.39535,32.06365],[73.39543,32.06365],[73.39545,32.06355]]]]}},{"type":"Feature","properties":{"lu":"Commercial","ct":"Existing","a":0.03},"geometry":{"type":"MultiPolygon","coordinates":[[[[73.39555,32.06354],[73.39545,32.06355],[73.39543,32.06365],[73.39554,32.06367],[73.39555,32.06354]]]]}},{"type":"Feature","properties":{"lu":"Commercial","ct":"Existing","a":0.046},"geometry":{"type":"MultiPolygon","coordinates":[[[[73.39527,32.06365],[73.39528,32.06355],[73.39515,32.06356],[73.39513,32.06368],[73.39527,32.06365]]]]}},{"type":"Feature","properties":{"lu":"Commercial","ct":"Existing","a":0.077},"geometry":{"type":"MultiPolygon","coordinates":[[[[73.39569,32.06354],[73.39555,32.06354],[73.39553,32.06375],[73.39566,32.06375],[73.39569,32.06354]]]]}},{"type":"Feature","properties":{"lu":"Commercial","ct":"Existing","a":0.105},"geometry":{"type":"MultiPolygon","coordinates":[[[[73.39587,32.06353],[73.39569,32.06354],[73.39566,32.06375],[73.39585,32.06376],[73.39587,32.06353]]]]}},{"type":"Feature","properties":{"lu":"Commercial","ct":"Existing","a":0.027},"geometry":{"type":"MultiPolygon","coordinates":[[[[73.36326,32.07114],[73.36324,32.07101],[73.36315,32.07105],[73.36318,32.07115],[73.36326,32.07114]]]]}},{"type":"Feature","properties":{"lu":"Commercial","ct":"Existing","a":0.029},"geometry":{"type":"MultiPolygon","coordinates":[[[[73.36461,32.07176],[73.36454,32.07166],[73.36446,32.07169],[73.36453,32.07181],[73.36461,32.07176]]]]}},{"type":"Feature","properties":{"lu":"Commercial","ct":"Existing","a":0.002},"geometry":{"type":"MultiPolygon","coordinates":[[[[73.3753,32.06531],[73.37529,32.06526],[73.37528,32.06526],[73.37529,32.06531],[73.3753,32.06531]]]]}},{"type":"Feature","properties":{"lu":"Commercial","ct":"Existing","a":0.005,"nm":"Alfarid Filling Station"},"geometry":{"type":"MultiPolygon","coordinates":[[[[73.37524,32.06571],[73.37524,32.06575],[73.37548,32.06576],[73.37532,32.06574],[73.37525,32.06575],[73.37524,32.06571]]]]}},{"type":"Feature","properties":{"lu":"Commercial","ct":"Existing","a":0.022},"geometry":{"type":"MultiPolygon","coordinates":[[[[73.39606,32.06335],[73.39609,32.06301],[73.39606,32.063],[73.39604,32.06335],[73.39606,32.06335]]]]}},{"type":"Feature","properties":{"lu":"Commercial","ct":"Existing","a":0.001},"geometry":{"type":"MultiPolygon","coordinates":[[[[73.37548,32.06577],[73.37549,32.06576],[73.37548,32.06576],[73.37548,32.06577]]],[[[73.37552,32.06589],[73.37551,32.06584],[73.3755,32.06584],[73.37552,32.06589]]]]}},{"type":"Feature","properties":{"lu":"Commercial","ct":"Existing","a":0.083},"geometry":{"type":"MultiPolygon","coordinates":[[[[73.4049,32.06278],[73.40494,32.06255],[73.40488,32.06255],[73.40479,32.06258],[73.40476,32.06279],[73.4049,32.06278]]]]}},{"type":"Feature","properties":{"lu":"Commercial","ct":"Existing","a":0.195,"nm":"Al Marwa Motors"},"geometry":{"type":"MultiPolygon","coordinates":[[[[73.40588,32.05446],[73.40569,32.05439],[73.40558,32.05423],[73.40533,32.0543],[73.40552,32.05453],[73.40588,32.05446]]]]}},{"type":"Feature","properties":{"lu":"Commercial","ct":"Existing","a":1.061,"nm":"Pakistan Builders"},"geometry":{"type":"MultiPolygon","coordinates":[[[[73.40072,32.06314],[73.4009,32.06207],[73.40053,32.06206],[73.40034,32.06318],[73.40072,32.06314]]]]}},{"type":"Feature","properties":{"lu":"Commercial","ct":"Existing","a":0.09},"geometry":{"type":"MultiPolygon","coordinates":[[[[73.39915,32.06321],[73.39919,32.06303],[73.39901,32.06302],[73.39898,32.06322],[73.39915,32.06321]]]]}},{"type":"Feature","properties":{"lu":"Commercial","ct":"Existing","a":0.056,"nm":"Nursery"},"geometry":{"type":"MultiPolygon","coordinates":[[[[73.40508,32.06305],[73.40508,32.06295],[73.40482,32.06298],[73.40489,32.06306],[73.40508,32.06305]]]]}},{"type":"Feature","properties":{"lu":"Commercial","ct":"Existing","a":0.463,"nm":"Marble Fatctory"},"geometry":{"type":"MultiPolygon","coordinates":[[[[73.40552,32.06327],[73.40553,32.0629],[73.40509,32.063],[73.40504,32.06349],[73.40552,32.06327]]]]}},{"type":"Feature","properties":{"lu":"Commercial","ct":"Existing","a":0.051},"geometry":{"type":"MultiPolygon","coordinates":[[[[73.37133,32.04763],[73.37127,32.04748],[73.3712,32.0475],[73.37117,32.04768],[73.37133,32.04763]]]]}},{"type":"Feature","properties":{"lu":"Commercial","ct":"Existing","a":0.052},"geometry":{"type":"MultiPolygon","coordinates":[[[[73.39231,32.06351],[73.39223,32.06351],[73.39219,32.06372],[73.39229,32.06374],[73.39231,32.06351]]]]}},{"type":"Feature","properties":{"lu":"Commercial","ct":"Existing","a":0.054},"geometry":{"type":"MultiPolygon","coordinates":[[[[73.39486,32.06367],[73.39487,32.06357],[73.39475,32.06357],[73.39475,32.06376],[73.39485,32.06376],[73.39486,32.06367]]]]}},{"type":"Feature","properties":{"lu":"Commercial","ct":"Existing","a":0.125},"geometry":{"type":"MultiPolygon","coordinates":[[[[73.39898,32.06322],[73.399,32.06303],[73.39874,32.06304],[73.39875,32.06325],[73.39898,32.06322]]]]}},{"type":"Feature","properties":{"lu":"Commercial","ct":"Existing","a":0.079},"geometry":{"type":"MultiPolygon","coordinates":[[[[73.39847,32.06324],[73.39847,32.06314],[73.39823,32.06313],[73.39821,32.06328],[73.39847,32.06324]]]]}},{"type":"Feature","properties":{"lu":"Commercial","ct":"Existing","a":0.018},"geometry":{"type":"MultiPolygon","coordinates":[[[[73.3981,32.06207],[73.3981,32.06201],[73.39799,32.06202],[73.39798,32.06208],[73.3981,32.06207]]]]}},{"type":"Feature","properties":{"lu":"Commercial","ct":"Existing","a":0.084},"geometry":{"type":"MultiPolygon","coordinates":[[[[73.406,32.06266],[73.40606,32.06243],[73.40593,32.06241],[73.40587,32.06267],[73.406,32.06266]]]]}},{"type":"Feature","properties":{"lu":"Commercial","ct":"Existing","a":0.154},"geometry":{"type":"MultiPolygon","coordinates":[[[[73.40688,32.0626],[73.40688,32.06229],[73.40673,32.06227],[73.40667,32.06262],[73.40688,32.0626]]]]}},{"type":"Feature","properties":{"lu":"Commercial","ct":"Existing","a":0.19},"geometry":{"type":"MultiPolygon","coordinates":[[[[73.40667,32.06262],[73.40673,32.06227],[73.40656,32.06224],[73.40645,32.06263],[73.40667,32.06262]]]]}},{"type":"Feature","properties":{"lu":"Commercial","ct":"Existing","a":0.059,"nm":"Umer Traders"},"geometry":{"type":"MultiPolygon","coordinates":[[[[73.36828,32.04853],[73.36823,32.04869],[73.36841,32.04866],[73.36843,32.04857],[73.36828,32.04853]]]]}},{"type":"Feature","properties":{"lu":"Commercial","ct":"Existing","a":0.005,"nm":"Al-Hayat Refuelling Station"},"geometry":{"type":"MultiPolygon","coordinates":[[[[73.37611,32.06778],[73.37585,32.06785],[73.37585,32.06786],[73.37611,32.06778]]]]}},{"type":"Feature","properties":{"lu":"Commercial","ct":"Existing","a":0.039},"geometry":{"type":"MultiPolygon","coordinates":[[[[73.3629,32.06718],[73.36287,32.06729],[73.36302,32.0673],[73.36303,32.0672],[73.3629,32.06718]]]]}},{"type":"Feature","properties":{"lu":"Commercial","ct":"Existing","a":0.037},"geometry":{"type":"MultiPolygon","coordinates":[[[[73.36515,32.07037],[73.36517,32.07027],[73.36505,32.07026],[73.36501,32.07039],[73.36515,32.07037]]]]}},{"type":"Feature","properties":{"lu":"Commercial","ct":"Existing","a":0.073},"geometry":{"type":"MultiPolygon","coordinates":[[[[73.36551,32.07124],[73.3655,32.07107],[73.36535,32.07106],[73.36539,32.07127],[73.36551,32.07124]]]]}},{"type":"Feature","properties":{"lu":"Commercial","ct":"Existing","a":0.068},"geometry":{"type":"MultiPolygon","coordinates":[[[[73.36611,32.07031],[73.36602,32.07032],[73.36623,32.07053],[73.36632,32.07047],[73.36611,32.07031]]]]}},{"type":"Feature","properties":{"lu":"Commercial","ct":"Existing","a":0.047},"geometry":{"type":"MultiPolygon","coordinates":[[[[73.36559,32.07051],[73.36559,32.07039],[73.36546,32.07039],[73.36544,32.07051],[73.36559,32.07051]]]]}},{"type":"Feature","properties":{"lu":"Commercial","ct":"Existing","a":0.07},"geometry":{"type":"MultiPolygon","coordinates":[[[[73.36571,32.07062],[73.3657,32.07036],[73.36559,32.07039],[73.3656,32.07062],[73.36571,32.07062]]]]}},{"type":"Feature","properties":{"lu":"Commercial","ct":"Existing","a":0.007},"geometry":{"type":"MultiPolygon","coordinates":[[[[73.36497,32.07052],[73.36495,32.07046],[73.3649,32.07048],[73.36493,32.07053],[73.36497,32.07052]]]]}},{"type":"Feature","properties":{"lu":"Commercial","ct":"Existing","a":0.009},"geometry":{"type":"MultiPolygon","coordinates":[[[[73.36533,32.07046],[73.36533,32.0704],[73.36527,32.07041],[73.36528,32.07047],[73.36533,32.07046]]]]}},{"type":"Feature","properties":{"lu":"Commercial","ct":"Existing","a":0.009},"geometry":{"type":"MultiPolygon","coordinates":[[[[73.36539,32.07045],[73.36539,32.07039],[73.36533,32.0704],[73.36533,32.07046],[73.36539,32.07045]]]]}},{"type":"Feature","properties":{"lu":"Commercial","ct":"Existing","a":0.011},"geometry":{"type":"MultiPolygon","coordinates":[[[[73.3651,32.0705],[73.36509,32.07043],[73.36503,32.07044],[73.36504,32.07051],[73.3651,32.0705]]]]}},{"type":"Feature","properties":{"lu":"Commercial","ct":"Existing","a":0.011},"geometry":{"type":"MultiPolygon","coordinates":[[[[73.36528,32.07047],[73.36527,32.07041],[73.3652,32.07042],[73.3652,32.07048],[73.36528,32.07047]]]]}},{"type":"Feature","properties":{"lu":"Commercial","ct":"Existing","a":0.014},"geometry":{"type":"MultiPolygon","coordinates":[[[[73.36504,32.07051],[73.36503,32.07044],[73.36495,32.07046],[73.36497,32.07052],[73.36504,32.07051]]]]}},{"type":"Feature","properties":{"lu":"Commercial","ct":"Existing","a":0.018},"geometry":{"type":"MultiPolygon","coordinates":[[[[73.3652,32.07048],[73.3652,32.07042],[73.36509,32.07043],[73.3651,32.0705],[73.3652,32.07048]]]]}},{"type":"Feature","properties":{"lu":"Commercial","ct":"Existing","a":0.023},"geometry":{"type":"MultiPolygon","coordinates":[[[[73.36338,32.07097],[73.36331,32.07099],[73.36335,32.07112],[73.3634,32.07111],[73.36338,32.07097]]]]}},{"type":"Feature","properties":{"lu":"Commercial","ct":"Existing","a":0.027},"geometry":{"type":"MultiPolygon","coordinates":[[[[73.36335,32.07112],[73.36331,32.07099],[73.36324,32.07101],[73.36326,32.07114],[73.36335,32.07112]]]]}},{"type":"Feature","properties":{"lu":"Commercial","ct":"Existing","a":0.028},"geometry":{"type":"MultiPolygon","coordinates":[[[[73.36357,32.07083],[73.36357,32.07074],[73.36347,32.07074],[73.36347,32.07087],[73.36357,32.07083]]]]}},{"type":"Feature","properties":{"lu":"Commercial","ct":"Existing","a":0.035},"geometry":{"type":"MultiPolygon","coordinates":[[[[73.3644,32.07073],[73.36437,32.07063],[73.36423,32.07067],[73.36426,32.07076],[73.3644,32.07073]]]]}},{"type":"Feature","properties":{"lu":"Commercial","ct":"Existing","a":0.0},"geometry":{"type":"MultiPolygon","coordinates":[[[[73.375522,32.065888],[73.37552,32.065888],[73.375524,32.065903],[73.375522,32.065888]]]]}},{"type":"Feature","properties":{"lu":"Commercial","ct":"Existing","a":0.44},"geometry":{"type":"MultiPolygon","coordinates":[[[[73.36911,32.04803],[73.36918,32.04768],[73.36886,32.04761],[73.36867,32.04817],[73.36911,32.04803]]]]}},{"type":"Feature","properties":{"lu":"Commercial","ct":"Existing","a":0.011},"geometry":{"type":"MultiPolygon","coordinates":[[[[73.36477,32.07243],[73.36472,32.07241],[73.36471,32.0724],[73.36466,32.07244],[73.36469,32.07248],[73.36477,32.07243]]]]}},{"type":"Feature","properties":{"lu":"Commercial","ct":"Existing","a":0.017},"geometry":{"type":"MultiPolygon","coordinates":[[[[73.36317,32.07084],[73.36311,32.07084],[73.36309,32.07093],[73.36316,32.07094],[73.36317,32.07084]]]]}},{"type":"Feature","properties":{"lu":"Commercial","ct":"Existing","a":0.009},"geometry":{"type":"MultiPolygon","coordinates":[[[[73.36344,32.07083],[73.36338,32.07083],[73.36338,32.0709],[73.36343,32.07088],[73.36344,32.07083]]]]}},{"type":"Feature","properties":{"lu":"Commercial","ct":"Existing","a":0.021},"geometry":{"type":"MultiPolygon","coordinates":[[[[73.28327,31.9062],[73.28311,31.90634],[73.28317,31.90635],[73.28329,31.90623],[73.28327,31.9062]]]]}},{"type":"Feature","properties":{"lu":"Commercial","ct":"Existing","a":0.0},"geometry":{"type":"MultiPolygon","coordinates":[[[[73.27603,31.89008],[73.27597,31.89011],[73.27597,31.89012],[73.27603,31.89008]]]]}},{"type":"Feature","properties":{"lu":"Commercial","ct":"Existing","a":0.001},"geometry":{"type":"MultiPolygon","coordinates":[[[[73.276142,31.890536],[73.276013,31.8906],[73.276014,31.890602],[73.276144,31.890539],[73.276142,31.890536]]]]}},{"type":"Feature","properties":{"lu":"Commercial","ct":"Existing","a":0.0},"geometry":{"type":"MultiPolygon","coordinates":[[[[73.27597,31.89012],[73.27597,31.89011],[73.27594,31.89012],[73.27595,31.89013],[73.27597,31.89012]]]]}},{"type":"Feature","properties":{"lu":"Commercial","ct":"Existing","a":1.799},"geometry":{"type":"MultiPolygon","coordinates":[[[[73.30063,31.89518],[73.30049,31.89449],[73.3004,31.89443],[73.29951,31.89461],[73.29965,31.89527],[73.30063,31.89518]]]]}},{"type":"Feature","properties":{"lu":"Commercial","ct":"Existing","a":1.006,"nm":"Nestle Paksitan Ltd"},"geometry":{"type":"MultiPolygon","coordinates":[[[[73.30219,31.89534],[73.3016,31.89538],[73.30176,31.89606],[73.30233,31.89596],[73.30219,31.89534]]]]}},{"type":"Feature","properties":{"lu":"Commercial","ct":"Existing","a":0.789,"nm":"Ali Petroleum"},"geometry":{"type":"MultiPolygon","coordinates":[[[[73.28278,31.92655],[73.28171,31.92656],[73.2819,31.92686],[73.28275,31.92689],[73.28278,31.92655]]]]}},{"type":"Feature","properties":{"lu":"Commercial","ct":"Existing","a":2.6,"nm":"PSO Petrol Pump"},"geometry":{"type":"MultiPolygon","coordinates":[[[[73.26685,31.92174],[73.2655,31.92166],[73.26536,31.92314],[73.26604,31.9225],[73.26685,31.92174]]]]}},{"type":"Feature","properties":{"lu":"Commercial","ct":"Existing","a":2.725,"nm":"Pakistan Concrete"},"geometry":{"type":"MultiPolygon","coordinates":[[[[73.28844,31.9019],[73.28784,31.90245],[73.28987,31.9026],[73.28993,31.90201],[73.28844,31.9019]]]]}},{"type":"Feature","properties":{"lu":"Commercial","ct":"Existing","a":3.349,"nm":"Sabzi Mandi"},"geometry":{"type":"MultiPolygon","coordinates":[[[[73.25808,31.89154],[73.25905,31.89111],[73.25893,31.89101],[73.25639,31.89102],[73.25617,31.89133],[73.25615,31.89161],[73.25682,31.89162],[73.25685,31.89152],[73.25808,31.89154]]]]}},{"type":"Feature","properties":{"lu":"Commercial","ct":"Existing","a":1.758,"nm":"PSO Petrol Pump"},"geometry":{"type":"MultiPolygon","coordinates":[[[[73.27109,31.91794],[73.26988,31.91784],[73.26983,31.91819],[73.26998,31.9185],[73.27,31.91881],[73.27009,31.91886],[73.27109,31.91794]]]]}},{"type":"Feature","properties":{"lu":"Commercial","ct":"Existing","a":1.251},"geometry":{"type":"MultiPolygon","coordinates":[[[[73.27045,31.90893],[73.27033,31.90894],[73.27032,31.90908],[73.27008,31.9091],[73.27044,31.90969],[73.27104,31.90966],[73.27104,31.90925],[73.27072,31.90922],[73.27076,31.90894],[73.27045,31.90893]]]]}},{"type":"Feature","properties":{"lu":"Commercial","ct":"Existing","a":0.271},"geometry":{"type":"MultiPolygon","coordinates":[[[[73.3067,31.89518],[73.30669,31.89511],[73.30647,31.89512],[73.30654,31.89547],[73.30684,31.89543],[73.30683,31.89518],[73.3067,31.89518]]]]}},{"type":"Feature","properties":{"lu":"Commercial","ct":"Existing","a":0.245},"geometry":{"type":"MultiPolygon","coordinates":[[[[73.27374,31.91535],[73.27349,31.915],[73.27333,31.9151],[73.27356,31.91552],[73.27374,31.91535]]]]}},{"type":"Feature","properties":{"lu":"Commercial","ct":"Existing","a":0.15},"geometry":{"type":"MultiPolygon","coordinates":[[[[73.28432,31.90572],[73.28416,31.90587],[73.28456,31.90591],[73.28458,31.90574],[73.28432,31.90572]]]]}},{"type":"Feature","properties":{"lu":"Commercial","ct":"Existing","a":6.51,"nm":"Grain Market"},"geometry":{"type":"MultiPolygon","coordinates":[[[[73.24962,31.90599],[73.24906,31.90617],[73.24886,31.909],[73.2498,31.90904],[73.24992,31.90655],[73.24954,31.90649],[73.24962,31.90599]]]]}},{"type":"Feature","properties":{"lu":"Commercial","ct":"Existing","a":1.248,"nm":"Hascol Fuel Station"},"geometry":{"type":"MultiPolygon","coordinates":[[[[73.2821,31.92737],[73.28145,31.92644],[73.28102,31.92663],[73.28154,31.92741],[73.28181,31.9273],[73.28191,31.92744],[73.2821,31.92737]]]]}},{"type":"Feature","properties":{"lu":"Commercial","ct":"Existing","a":0.13},"geometry":{"type":"MultiPolygon","coordinates":[[[[73.27669,31.91265],[73.27637,31.91235],[73.27629,31.91241],[73.2766,31.91275],[73.27669,31.91265]]]]}},{"type":"Feature","properties":{"lu":"Commercial","ct":"Existing","a":0.305},"geometry":{"type":"MultiPolygon","coordinates":[[[[73.29199,31.8984],[73.29162,31.89786],[73.29145,31.89791],[73.29185,31.89853],[73.29199,31.8984]]]]}},{"type":"Feature","properties":{"lu":"Commercial","ct":"Existing","a":0.168},"geometry":{"type":"MultiPolygon","coordinates":[[[[73.28043,31.88738],[73.28005,31.88732],[73.28,31.88747],[73.28041,31.88754],[73.28043,31.88738]]]]}},{"type":"Feature","properties":{"lu":"Commercial","ct":"Existing","a":0.192},"geometry":{"type":"MultiPolygon","coordinates":[[[[73.28041,31.88754],[73.28,31.88747],[73.27996,31.88766],[73.28036,31.88771],[73.28041,31.88754]]]]}},{"type":"Feature","properties":{"lu":"Commercial","ct":"Existing","a":0.818},"geometry":{"type":"MultiPolygon","coordinates":[[[[73.28024,31.88791],[73.27944,31.88786],[73.27934,31.88821],[73.27991,31.8884],[73.28024,31.88791]]]]}},{"type":"Feature","properties":{"lu":"Commercial","ct":"Existing","a":0.609},"geometry":{"type":"MultiPolygon","coordinates":[[[[73.26866,31.90655],[73.26888,31.90691],[73.26944,31.90693],[73.26952,31.90662],[73.26866,31.90655]]]]}},{"type":"Feature","properties":{"lu":"Commercial","ct":"Existing","a":0.034},"geometry":{"type":"MultiPolygon","coordinates":[[[[73.26968,31.90763],[73.26958,31.90753],[73.26953,31.90756],[73.2696,31.90772],[73.26968,31.90763]]]]}},{"type":"Feature","properties":{"lu":"Commercial","ct":"Existing","a":0.273},"geometry":{"type":"MultiPolygon","coordinates":[[[[73.26495,31.89518],[73.26463,31.89508],[73.26463,31.89523],[73.26508,31.89546],[73.26517,31.89527],[73.26495,31.89518]]]]}},{"type":"Feature","properties":{"lu":"Commercial","ct":"Existing","a":0.095},"geometry":{"type":"MultiPolygon","coordinates":[[[[73.26458,31.89497],[73.26438,31.89496],[73.26437,31.8951],[73.26457,31.8952],[73.26458,31.89497]]]]}},{"type":"Feature","properties":{"lu":"Commercial","ct":"Existing","a":0.005},"geometry":{"type":"MultiPolygon","coordinates":[[[[73.26875,31.90912],[73.26872,31.9091],[73.26869,31.90916],[73.26872,31.90917],[73.26875,31.90912]]]]}},{"type":"Feature","properties":{"lu":"Commercial","ct":"Existing","a":0.001},"geometry":{"type":"MultiPolygon","coordinates":[[[[73.26786,31.91052],[73.26785,31.91052],[73.26781,31.91058],[73.26782,31.91058],[73.26786,31.91052]]]]}},{"type":"Feature","properties":{"lu":"Commercial","ct":"Existing","a":0.005},"geometry":{"type":"MultiPolygon","coordinates":[[[[73.26925,31.90827],[73.26924,31.90826],[73.26918,31.90836],[73.2692,31.90838],[73.26925,31.90827]]]]}},{"type":"Feature","properties":{"lu":"Commercial","ct":"Existing","a":0.197},"geometry":{"type":"MultiPolygon","coordinates":[[[[73.26853,31.90958],[73.26841,31.90977],[73.26875,31.90989],[73.26881,31.90965],[73.26853,31.90958]]]]}},{"type":"Feature","properties":{"lu":"Commercial","ct":"Existing","a":0.065},"geometry":{"type":"MultiPolygon","coordinates":[[[[73.26928,31.90847],[73.26916,31.90858],[73.26927,31.90863],[73.2694,31.90853],[73.26928,31.90847]]]]}},{"type":"Feature","properties":{"lu":"Commercial","ct":"Existing","a":0.094},"geometry":{"type":"MultiPolygon","coordinates":[[[[73.27349,31.91539],[73.27345,31.91531],[73.2731,31.91551],[73.27318,31.91558],[73.27349,31.91539]]]]}},{"type":"Feature","properties":{"lu":"Commercial","ct":"Existing","a":0.027},"geometry":{"type":"MultiPolygon","coordinates":[[[[73.26581,31.89566],[73.26574,31.89562],[73.26568,31.89573],[73.26579,31.89575],[73.26581,31.89566]]]]}},{"type":"Feature","properties":{"lu":"Commercial","ct":"Existing","a":0.015,"nm":"Jahangeer Industury"},"geometry":{"type":"MultiPolygon","coordinates":[[[[73.26764,31.91086],[73.26753,31.91085],[73.26751,31.9109],[73.2676,31.91092],[73.26764,31.91086]]]]}},{"type":"Feature","properties":{"lu":"Commercial","ct":"Existing","a":0.43,"nm":"Total Pump"},"geometry":{"type":"MultiPolygon","coordinates":[[[[73.46063,31.87719],[73.4606,31.8769],[73.46002,31.87698],[73.46005,31.87725],[73.46063,31.87719]]]]}},{"type":"Feature","properties":{"lu":"Commercial","ct":"Existing","a":0.003},"geometry":{"type":"MultiPolygon","coordinates":[[[[73.47843,31.87217],[73.47843,31.87216],[73.47767,31.87232],[73.47782,31.87229],[73.478,31.87225],[73.47843,31.87217]]]]}},{"type":"Feature","properties":{"lu":"Commercial","ct":"Existing","a":0.0},"geometry":{"type":"MultiPolygon","coordinates":[[[[73.482367,31.871537],[73.482315,31.871412],[73.482365,31.871538],[73.482367,31.871537]]]]}},{"type":"Feature","properties":{"lu":"Commercial","ct":"Existing","a":0.001},"geometry":{"type":"MultiPolygon","coordinates":[[[[73.52513,31.86027],[73.52511,31.86017],[73.5251,31.86017],[73.52513,31.86027]]]]}},{"type":"Feature","properties":{"lu":"Commercial","ct":"Existing","a":0.058},"geometry":{"type":"MultiPolygon","coordinates":[[[[73.47108,31.86736],[73.47094,31.86741],[73.47094,31.8676],[73.47103,31.86756],[73.47108,31.86736]]]]}},{"type":"Feature","properties":{"lu":"Commercial","ct":"Existing","a":0.009},"geometry":{"type":"MultiPolygon","coordinates":[[[[73.47006,31.8783],[73.47002,31.87829],[73.46999,31.87837],[73.47002,31.87838],[73.47006,31.8783]]]]}},{"type":"Feature","properties":{"lu":"Commercial","ct":"Existing","a":0.026},"geometry":{"type":"MultiPolygon","coordinates":[[[[73.47015,31.87834],[73.47009,31.87832],[73.47003,31.87845],[73.4701,31.87848],[73.47015,31.87834]]]]}},{"type":"Feature","properties":{"lu":"Commercial","ct":"Existing","a":0.026},"geometry":{"type":"MultiPolygon","coordinates":[[[[73.4654,31.8724],[73.46537,31.87235],[73.46523,31.87238],[73.46524,31.87245],[73.4654,31.8724]]]]}},{"type":"Feature","properties":{"lu":"Commercial","ct":"Existing","a":0.176,"nm":"Godown"},"geometry":{"type":"MultiPolygon","coordinates":[[[[73.46577,31.88272],[73.46566,31.88292],[73.46617,31.88284],[73.46616,31.88272],[73.46577,31.88272]]]]}},{"type":"Feature","properties":{"lu":"Commercial","ct":"Existing","a":0.018},"geometry":{"type":"MultiPolygon","coordinates":[[[[73.47107,31.87874],[73.47098,31.8787],[73.47099,31.87881],[73.47107,31.87874]]]]}},{"type":"Feature","properties":{"lu":"Commercial","ct":"Existing","a":0.031},"geometry":{"type":"MultiPolygon","coordinates":[[[[73.47948,31.8726],[73.47946,31.87253],[73.47931,31.87257],[73.47935,31.87264],[73.47948,31.8726]]]]}},{"type":"Feature","properties":{"lu":"Commercial","ct":"Existing","a":0.0},"geometry":{"type":"MultiPolygon","coordinates":[[[[73.525139,31.860311],[73.525129,31.86027],[73.525125,31.860271],[73.525135,31.860312],[73.525139,31.860311]]]]}},{"type":"Feature","properties":{"lu":"Commercial","ct":"Existing","a":0.008,"nm":"Al Mezan Traders"},"geometry":{"type":"MultiPolygon","coordinates":[[[[73.45945,31.87711],[73.45939,31.87712],[73.45939,31.87714],[73.4594,31.87718],[73.45941,31.87718],[73.45942,31.87722],[73.45945,31.87711]]]]}},{"type":"Feature","properties":{"lu":"Commercial","ct":"Existing","a":0.0},"geometry":{"type":"MultiPolygon","coordinates":[[[[73.388252,32.082417],[73.388253,32.08242],[73.388258,32.082427],[73.388252,32.082417]]]]}},{"type":"Feature","properties":{"lu":"Commercial","ct":"Existing","a":0.634,"nm":"Petrol Pump"},"geometry":{"type":"MultiPolygon","coordinates":[[[[73.28687,31.93399],[73.28716,31.93439],[73.2873,31.93424],[73.28774,31.93418],[73.28766,31.93386],[73.28687,31.93399]]]]}},{"type":"Feature","properties":{"lu":"Commercial","ct":"Existing","a":0.018},"geometry":{"type":"MultiPolygon","coordinates":[[[[73.38802,32.08345],[73.3881,32.08353],[73.38849,32.08378],[73.38808,32.08349],[73.38802,32.08345]]]]}},{"type":"Feature","properties":{"lu":"Commercial","ct":"Existing","a":2.146},"geometry":{"type":"MultiPolygon","coordinates":[[[[73.64461,32.04251],[73.64389,32.04187],[73.64317,32.042],[73.6437,32.04278],[73.64417,32.04294],[73.64461,32.04251]]]]}},{"type":"Feature","properties":{"lu":"Commercial","ct":"Existing","a":0.455,"nm":"Petrol Pump"},"geometry":{"type":"MultiPolygon","coordinates":[[[[73.22067,31.80052],[73.22,31.80056],[73.22005,31.80108],[73.22031,31.80085],[73.22067,31.80052]]]]}},{"type":"Feature","properties":{"lu":"Commercial","ct":"Existing","a":1.086},"geometry":{"type":"MultiPolygon","coordinates":[[[[73.21652,31.80559],[73.21566,31.80563],[73.21565,31.80585],[73.21535,31.80587],[73.21536,31.80622],[73.21581,31.80623],[73.21652,31.80559]]]]}},{"type":"Feature","properties":{"lu":"Commercial","ct":"Existing","a":0.881,"nm":"Petrol Pump"},"geometry":{"type":"MultiPolygon","coordinates":[[[[73.21079,31.81373],[73.21019,31.81375],[73.21023,31.81433],[73.21077,31.81433],[73.21079,31.81373]]]]}},{"type":"Feature","properties":{"lu":"Commercial","ct":"Existing","a":0.585},"geometry":{"type":"MultiPolygon","coordinates":[[[[73.58411,32.22106],[73.58428,32.22076],[73.58442,32.22076],[73.58446,32.22069],[73.58327,32.22091],[73.58331,32.2212],[73.58349,32.22118],[73.58348,32.22104],[73.58411,32.22106]]]]}},{"type":"Feature","properties":{"lu":"Commercial","ct":"Existing","a":0.073},"geometry":{"type":"MultiPolygon","coordinates":[[[[73.45898,32.05237],[73.4589,32.05222],[73.45875,32.05225],[73.4588,32.05241],[73.45898,32.05237]]]]}},{"type":"Feature","properties":{"lu":"Commercial","ct":"Existing","a":0.026},"geometry":{"type":"MultiPolygon","coordinates":[[[[73.4596,32.05434],[73.45958,32.05428],[73.45941,32.05432],[73.45943,32.05438],[73.4596,32.05434]]]]}},{"type":"Feature","properties":{"lu":"Commercial","ct":"Existing","a":0.009},"geometry":{"type":"MultiPolygon","coordinates":[[[[73.45991,32.05626],[73.45997,32.05627],[73.45998,32.05621],[73.45992,32.05621],[73.45991,32.05626]]]]}},{"type":"Feature","properties":{"lu":"Commercial","ct":"Existing","a":0.065},"geometry":{"type":"MultiPolygon","coordinates":[[[[73.46269,32.05616],[73.46241,32.05616],[73.46241,32.05625],[73.46269,32.05625],[73.46269,32.05616]]]]}},{"type":"Feature","properties":{"lu":"Commercial","ct":"Existing","a":0.184},"geometry":{"type":"MultiPolygon","coordinates":[[[[73.45915,32.05822],[73.4591,32.05792],[73.45888,32.05793],[73.4589,32.05823],[73.45915,32.05822]]]]}},{"type":"Feature","properties":{"lu":"Commercial","ct":"Existing","a":0.094},"geometry":{"type":"MultiPolygon","coordinates":[[[[73.45871,32.05799],[73.45871,32.05792],[73.45859,32.05792],[73.45859,32.05822],[73.45871,32.05823],[73.45871,32.05799]]]]}},{"type":"Feature","properties":{"lu":"Commercial","ct":"Existing","a":0.031},"geometry":{"type":"MultiPolygon","coordinates":[[[[73.46026,32.0582],[73.46038,32.05821],[73.46039,32.0581],[73.46027,32.0581],[73.46026,32.0582]]]]}},{"type":"Feature","properties":{"lu":"Commercial","ct":"Existing","a":0.084},"geometry":{"type":"MultiPolygon","coordinates":[[[[73.46263,32.05452],[73.46266,32.05468],[73.46283,32.05468],[73.46285,32.05451],[73.46263,32.05452]]]]}},{"type":"Feature","properties":{"lu":"Commercial","ct":"Existing","a":0.047},"geometry":{"type":"MultiPolygon","coordinates":[[[[73.46323,32.05825],[73.46323,32.05819],[73.46298,32.05819],[73.46298,32.05828],[73.46323,32.05825]]]]}},{"type":"Feature","properties":{"lu":"Commercial","ct":"Existing","a":0.097},"geometry":{"type":"MultiPolygon","coordinates":[[[[73.4647,32.05828],[73.46445,32.05828],[73.46446,32.05844],[73.4647,32.05843],[73.4647,32.05828]]]]}},{"type":"Feature","properties":{"lu":"Commercial","ct":"Existing","a":0.054},"geometry":{"type":"MultiPolygon","coordinates":[[[[73.4604,32.05831],[73.46027,32.0583],[73.46026,32.05846],[73.4604,32.05845],[73.4604,32.05831]]]]}},{"type":"Feature","properties":{"lu":"Commercial","ct":"Existing","a":0.01},"geometry":{"type":"MultiPolygon","coordinates":[[[[73.46142,32.05837],[73.46136,32.05836],[73.46137,32.05844],[73.46142,32.05844],[73.46142,32.05837]]]]}},{"type":"Feature","properties":{"lu":"Commercial","ct":"Existing","a":0.047},"geometry":{"type":"MultiPolygon","coordinates":[[[[73.45991,32.05987],[73.45992,32.05996],[73.46011,32.05993],[73.46011,32.05984],[73.45991,32.05987]]]]}},{"type":"Feature","properties":{"lu":"Commercial","ct":"Existing","a":0.012},"geometry":{"type":"MultiPolygon","coordinates":[[[[73.45938,32.05836],[73.45933,32.05837],[73.45934,32.05846],[73.4594,32.05845],[73.45938,32.05836]]]]}},{"type":"Feature","properties":{"lu":"Commercial","ct":"Existing","a":0.027},"geometry":{"type":"MultiPolygon","coordinates":[[[[73.45878,32.0584],[73.45863,32.05839],[73.45863,32.05847],[73.45878,32.05846],[73.45878,32.0584]]]]}},{"type":"Feature","properties":{"lu":"Commercial","ct":"Existing","a":0.016},"geometry":{"type":"MultiPolygon","coordinates":[[[[73.45976,32.05954],[73.45975,32.05947],[73.45967,32.05947],[73.45967,32.05954],[73.45976,32.05954]]]]}},{"type":"Feature","properties":{"lu":"Commercial","ct":"Existing","a":0.027},"geometry":{"type":"MultiPolygon","coordinates":[[[[73.45977,32.05978],[73.4597,32.05979],[73.4597,32.05992],[73.45979,32.05992],[73.45977,32.05978]]]]}},{"type":"Feature","properties":{"lu":"Commercial","ct":"Existing","a":0.027},"geometry":{"type":"MultiPolygon","coordinates":[[[[73.46281,32.05817],[73.46272,32.05817],[73.4627,32.05828],[73.4628,32.05828],[73.46281,32.05817]]]]}},{"type":"Feature","properties":{"lu":"Commercial","ct":"Existing","a":0.026},"geometry":{"type":"MultiPolygon","coordinates":[[[[73.46187,32.05817],[73.46178,32.05817],[73.46177,32.05828],[73.46186,32.05828],[73.46187,32.05817]]]]}},{"type":"Feature","properties":{"lu":"Commercial","ct":"Existing","a":0.006},"geometry":{"type":"MultiPolygon","coordinates":[[[[73.46084,32.05721],[73.46079,32.05721],[73.46079,32.05725],[73.46084,32.05726],[73.46084,32.05721]]]]}},{"type":"Feature","properties":{"lu":"Commercial","ct":"Existing","a":0.006},"geometry":{"type":"MultiPolygon","coordinates":[[[[73.46065,32.05733],[73.46065,32.05728],[73.46061,32.05728],[73.46061,32.05733],[73.46065,32.05733]]]]}},{"type":"Feature","properties":{"lu":"Commercial","ct":"Existing","a":0.006},"geometry":{"type":"MultiPolygon","coordinates":[[[[73.46106,32.05733],[73.46106,32.05729],[73.46101,32.05729],[73.461,32.05733],[73.46106,32.05733]]]]}},{"type":"Feature","properties":{"lu":"Commercial","ct":"Existing","a":0.045},"geometry":{"type":"MultiPolygon","coordinates":[[[[73.45878,32.05799],[73.45871,32.05799],[73.45871,32.05823],[73.4588,32.05823],[73.45878,32.05799]]]]}},{"type":"Feature","properties":{"lu":"Commercial","ct":"Existing","a":0.006},"geometry":{"type":"MultiPolygon","coordinates":[[[[73.46011,32.05788],[73.46012,32.05792],[73.46018,32.05792],[73.46018,32.05788],[73.46011,32.05788]]]]}},{"type":"Feature","properties":{"lu":"Commercial","ct":"Existing","a":0.008},"geometry":{"type":"MultiPolygon","coordinates":[[[[73.46282,32.05811],[73.46272,32.05811],[73.46272,32.05814],[73.46281,32.05815],[73.46282,32.05811]]]]}},{"type":"Feature","properties":{"lu":"Commercial","ct":"Existing","a":0.008},"geometry":{"type":"MultiPolygon","coordinates":[[[[73.46283,32.058],[73.46274,32.05799],[73.46274,32.05803],[73.46282,32.05803],[73.46283,32.058]]]]}},{"type":"Feature","properties":{"lu":"Commercial","ct":"Existing","a":0.077},"geometry":{"type":"MultiPolygon","coordinates":[[[[73.46267,32.05828],[73.46269,32.05802],[73.46258,32.05801],[73.46256,32.05828],[73.46267,32.05828]]]]}},{"type":"Feature","properties":{"lu":"Commercial","ct":"Existing","a":0.014},"geometry":{"type":"MultiPolygon","coordinates":[[[[73.46298,32.05828],[73.46298,32.05819],[73.46298,32.05818],[73.46292,32.05818],[73.46292,32.05821],[73.46292,32.05828],[73.46298,32.05828]]]]}},{"type":"Feature","properties":{"lu":"Commercial","ct":"Existing","a":0.015},"geometry":{"type":"MultiPolygon","coordinates":[[[[73.46292,32.05828],[73.46292,32.05821],[73.46283,32.05822],[73.46282,32.05828],[73.46292,32.05828]]]]}},{"type":"Feature","properties":{"lu":"Commercial","ct":"Existing","a":0.007},"geometry":{"type":"MultiPolygon","coordinates":[[[[73.46343,32.05822],[73.46342,32.05818],[73.46337,32.05818],[73.46337,32.05823],[73.46343,32.05822]]]]}},{"type":"Feature","properties":{"lu":"Commercial","ct":"Existing","a":0.02},"geometry":{"type":"MultiPolygon","coordinates":[[[[73.46337,32.05823],[73.46337,32.05818],[73.46323,32.05819],[73.46323,32.05825],[73.46337,32.05823]]]]}},{"type":"Feature","properties":{"lu":"Commercial","ct":"Existing","a":0.047},"geometry":{"type":"MultiPolygon","coordinates":[[[[73.46368,32.05812],[73.46342,32.05815],[73.46343,32.05822],[73.46368,32.05819],[73.46368,32.05812]]]]}},{"type":"Feature","properties":{"lu":"Commercial Zone","ct":"Proposed","a":0.002},"geometry":{"type":"MultiPolygon","coordinates":[[[[73.46787,31.87871],[73.46786,31.87871],[73.46784,31.87871],[73.46785,31.87875],[73.46787,31.87871]]]]}},{"type":"Feature","properties":{"lu":"Commercial Zone","ct":"Proposed","a":0.004},"geometry":{"type":"MultiPolygon","coordinates":[[[[73.463,31.87728],[73.46302,31.87743],[73.46302,31.87744],[73.46304,31.87744],[73.46302,31.87737],[73.463,31.87728]]]]}},{"type":"Feature","properties":{"lu":"Commercial Zone","ct":"Proposed","a":0.53},"geometry":{"type":"MultiPolygon","coordinates":[[[[73.49002,31.86934],[73.48999,31.86925],[73.48794,31.86959],[73.48797,31.86969],[73.49002,31.86934]]]]}},{"type":"Feature","properties":{"lu":"Commercial Zone","ct":"Proposed","a":0.049},"geometry":{"type":"MultiPolygon","coordinates":[[[[73.49049,31.86926],[73.49049,31.86917],[73.49027,31.86921],[73.49027,31.86929],[73.49049,31.86926]]]]}},{"type":"Feature","properties":{"lu":"Commercial Zone","ct":"Proposed","a":3.382},"geometry":{"type":"MultiPolygon","coordinates":[[[[73.48909,31.87019],[73.49021,31.87],[73.49002,31.86934],[73.48797,31.86969],[73.48807,31.87009],[73.48823,31.87019],[73.48906,31.8701],[73.48909,31.87019]]]]}},{"type":"Feature","properties":{"lu":"Commercial Zone","ct":"Proposed","a":0.21},"geometry":{"type":"MultiPolygon","coordinates":[[[[73.49049,31.86926],[73.49027,31.86929],[73.49035,31.86969],[73.49046,31.8698],[73.49049,31.86926]]]]}},{"type":"Feature","properties":{"lu":"Commercial Zone","ct":"Proposed","a":0.069},"geometry":{"type":"MultiPolygon","coordinates":[[[[73.48904,31.8702],[73.48844,31.87023],[73.48845,31.8703],[73.48904,31.8702]]]]}},{"type":"Feature","properties":{"lu":"Mixed Use Zone","ct":"Proposed","a":12.281},"geometry":{"type":"MultiPolygon","coordinates":[[[[73.59629,31.97822],[73.59653,31.97813],[73.59649,31.97804],[73.59666,31.97798],[73.59613,31.97697],[73.59249,31.97837],[73.59299,31.97943],[73.59629,31.97822]]]]}},{"type":"Feature","properties":{"lu":"Mixed Use Zone","ct":"Proposed","a":0.453},"geometry":{"type":"MultiPolygon","coordinates":[[[[73.58634,32.21899],[73.58587,32.21879],[73.58574,32.21906],[73.58559,32.219],[73.58546,32.21922],[73.58601,32.21926],[73.58611,32.21891],[73.58634,32.21899]]]]}},{"type":"Feature","properties":{"lu":"Mixed Use Zone","ct":"Proposed","a":0.009},"geometry":{"type":"MultiPolygon","coordinates":[[[[73.58536,32.21982],[73.5851,32.21979],[73.58509,32.21981],[73.58536,32.21983],[73.58536,32.21982]]]]}},{"type":"Feature","properties":{"lu":"Mixed Use Zone","ct":"Proposed","a":8.224},"geometry":{"type":"MultiPolygon","coordinates":[[[[73.58817,32.22055],[73.58818,32.21993],[73.58752,32.21964],[73.58742,32.21998],[73.58606,32.21985],[73.5861,32.21927],[73.58546,32.21922],[73.5851,32.21979],[73.58593,32.21989],[73.58592,32.22047],[73.58603,32.22047],[73.58603,32.22109],[73.58817,32.22112],[73.58817,32.22055]]]]}},{"type":"Feature","properties":{"lu":"Commercial Zone","ct":"Proposed","a":19.815},"geometry":{"type":"MultiPolygon","coordinates":[[[[73.66847,32.07997],[73.66832,32.0797],[73.66924,32.07918],[73.66901,32.07888],[73.6687,32.07901],[73.66859,32.0789],[73.66887,32.07871],[73.66867,32.07843],[73.6693,32.07801],[73.67015,32.07761],[73.67055,32.07731],[73.66981,32.07643],[73.66583,32.07862],[73.66694,32.08012],[73.66754,32.07979],[73.66789,32.08022],[73.66847,32.07997]]]]}},{"type":"Feature","properties":{"lu":"Commercial Zone","ct":"Proposed","a":0.003},"geometry":{"type":"MultiPolygon","coordinates":[[[[73.67053,32.07732],[73.67052,32.07731],[73.67038,32.07741],[73.67038,32.07742],[73.67049,32.07734],[73.67051,32.07733],[73.67053,32.07732]]]]}},{"type":"Feature","properties":{"lu":"Commercial Zone","ct":"Proposed","a":34.362},"geometry":{"type":"MultiPolygon","coordinates":[[[[73.65263,32.07107],[73.65241,32.06869],[73.65183,32.06874],[73.65179,32.06903],[73.65155,32.06901],[73.65152,32.06923],[73.6512,32.06928],[73.65121,32.06975],[73.6517,32.06978],[73.65171,32.06962],[73.65192,32.06958],[73.65195,32.07039],[73.65132,32.07042],[73.65131,32.06986],[73.64908,32.07001],[73.64904,32.06939],[73.6476,32.06952],[73.64757,32.06887],[73.6452,32.06897],[73.64554,32.07137],[73.65263,32.07107]]]]}},{"type":"Feature","properties":{"lu":"Commercial Zone","ct":"Proposed","a":44.31},"geometry":{"type":"MultiPolygon","coordinates":[[[[73.74885,32.06985],[73.74837,32.06984],[73.74838,32.07031],[73.74775,32.07032],[73.74779,32.06983],[73.74643,32.06981],[73.74644,32.06992],[73.74613,32.06991],[73.74613,32.0698],[73.74572,32.06979],[73.74566,32.0727],[73.74581,32.07271],[73.74581,32.07299],[73.74565,32.07298],[73.74565,32.07324],[73.75036,32.07333],[73.75066,32.07253],[73.75086,32.07172],[73.75096,32.07089],[73.75096,32.0699],[73.74885,32.06985]],[[73.74986,32.07079],[73.74986,32.07102],[73.74956,32.07102],[73.74957,32.07077],[73.74986,32.07079]],[[73.74653,32.07275],[73.74622,32.07274],[73.74624,32.07243],[73.74654,32.07242],[73.74653,32.07275]]]]}},{"type":"Feature","properties":{"lu":"CBD Zone","ct":"Proposed","a":9.647},"geometry":{"type":"MultiPolygon","coordinates":[[[[73.28595,31.90728],[73.28555,31.9073],[73.28557,31.90701],[73.28607,31.9069],[73.2861,31.9067],[73.28454,31.9066],[73.28436,31.90759],[73.2843,31.90889],[73.28605,31.90912],[73.28595,31.90728]]]]}},{"type":"Feature","properties":{"lu":"CBD Zone","ct":"Proposed","a":0.678},"geometry":{"type":"MultiPolygon","coordinates":[[[[73.28238,31.91117],[73.2824,31.91101],[73.2823,31.91089],[73.282,31.91085],[73.28158,31.91105],[73.28164,31.91121],[73.28194,31.91131],[73.28238,31.91117]]]]}},{"type":"Feature","properties":{"lu":"CBD Zone","ct":"Proposed","a":7.795},"geometry":{"type":"MultiPolygon","coordinates":[[[[73.28576,31.91163],[73.28589,31.91148],[73.28585,31.91129],[73.28527,31.91087],[73.28447,31.9111],[73.28359,31.91097],[73.28327,31.91062],[73.28237,31.91058],[73.28198,31.91074],[73.28239,31.91087],[73.28252,31.9111],[73.2826,31.91106],[73.28288,31.9112],[73.28388,31.91214],[73.2846,31.9121],[73.28576,31.91163]]]]}},{"type":"Feature","properties":{"lu":"CBD Zone","ct":"Proposed","a":17.145},"geometry":{"type":"MultiPolygon","coordinates":[[[[73.2898,31.90698],[73.2862,31.90671],[73.28615,31.90687],[73.28631,31.90695],[73.28633,31.9072],[73.28595,31.90728],[73.28605,31.90912],[73.28787,31.9092],[73.2898,31.90698]]]]}},{"type":"Feature","properties":{"lu":"CBD Zone","ct":"Proposed","a":15.173},"geometry":{"type":"MultiPolygon","coordinates":[[[[73.28149,31.90837],[73.28115,31.90871],[73.28289,31.90941],[73.28303,31.90905],[73.28308,31.90851],[73.28244,31.90798],[73.2821,31.90779],[73.28149,31.90837]]],[[[73.28237,31.91058],[73.28228,31.9104],[73.28231,31.9102],[73.2827,31.90994],[73.28283,31.90957],[73.28099,31.90883],[73.27959,31.91015],[73.28103,31.91104],[73.28148,31.91095],[73.28237,31.91058]]]]}},{"type":"Feature","properties":{"lu":"CBD Zone","ct":"Proposed","a":32.096},"geometry":{"type":"MultiPolygon","coordinates":[[[[73.28788,31.90918],[73.28605,31.90912],[73.2843,31.90889],[73.28436,31.90759],[73.28454,31.9066],[73.28347,31.90651],[73.2821,31.90779],[73.28308,31.90851],[73.28303,31.90905],[73.28289,31.90941],[73.28645,31.91084],[73.28788,31.90918]]],[[[73.28283,31.90958],[73.2827,31.90994],[73.28231,31.9102],[73.28228,31.9104],[73.28237,31.91058],[73.28327,31.91062],[73.28359,31.91097],[73.28447,31.9111],[73.28527,31.91087],[73.28585,31.91129],[73.28589,31.91148],[73.28633,31.91098],[73.28283,31.90958]]],[[[73.28388,31.91214],[73.28496,31.91256],[73.28576,31.91163],[73.2846,31.9121],[73.28388,31.91214]]]]}},{"type":"Feature","properties":{"lu":"Economic Zone","ct":"Proposed","a":33.747},"geometry":{"type":"MultiPolygon","coordinates":[[[[73.31458,31.89355],[73.31616,31.89344],[73.31623,31.88966],[73.31167,31.88963],[73.31371,31.89385],[73.31458,31.89355]],[[73.31367,31.89236],[73.3141,31.8924],[73.31401,31.893],[73.31445,31.89305],[73.31451,31.89275],[73.31482,31.89278],[73.31483,31.89265],[73.31507,31.89268],[73.315,31.89314],[73.31559,31.89318],[73.31554,31.89342],[73.31426,31.89341],[73.31393,31.89356],[73.31347,31.89269],[73.31359,31.89266],[73.31367,31.89236]]]]}},{"type":"Feature","properties":{"lu":"Economic Zone","ct":"Proposed","a":45.122},"geometry":{"type":"MultiPolygon","coordinates":[[[[73.31134,31.88978],[73.31127,31.88963],[73.30852,31.88962],[73.30855,31.89438],[73.31274,31.89405],[73.31332,31.8939],[73.31134,31.88978]]]]}},{"type":"Feature","properties":{"lu":"Economic Zone","ct":"Proposed","a":39.284},"geometry":{"type":"MultiPolygon","coordinates":[[[[73.49916,31.91353],[73.49857,31.91355],[73.49851,31.91302],[73.49879,31.91293],[73.49872,31.9124],[73.49368,31.91276],[73.49407,31.91529],[73.4942,31.9155],[73.49445,31.91563],[73.49868,31.91557],[73.49886,31.9154],[73.49895,31.91514],[73.49916,31.91353]]]]}},{"type":"Feature","properties":{"lu":"Economic Zone","ct":"Proposed","a":34.717},"geometry":{"type":"MultiPolygon","coordinates":[[[[73.50463,31.91408],[73.50446,31.91202],[73.50043,31.91228],[73.50475,31.91554],[73.50463,31.91408]]],[[[73.50368,31.91483],[73.50031,31.91229],[73.49911,31.91237],[73.49942,31.9128],[73.49995,31.91257],[73.50021,31.91296],[73.49997,31.91309],[73.50011,31.91341],[73.49998,31.91354],[73.50093,31.915],[73.50263,31.91507],[73.50271,31.91555],[73.50281,31.91565],[73.50456,31.91555],[73.50368,31.91483]]]]}},{"type":"Feature","properties":{"lu":"Commercial Zone","ct":"Proposed","a":4.902},"geometry":{"type":"MultiPolygon","coordinates":[[[[73.40587,32.06267],[73.40593,32.06241],[73.40606,32.06243],[73.40613,32.06211],[73.40716,32.06234],[73.40738,32.0622],[73.40729,32.06159],[73.40411,32.06187],[73.40419,32.06226],[73.40474,32.06233],[73.40481,32.06198],[73.405,32.062],[73.40501,32.06209],[73.40554,32.06214],[73.40545,32.0624],[73.40494,32.06231],[73.40488,32.06255],[73.4052,32.06257],[73.40521,32.06248],[73.40543,32.0625],[73.40539,32.06272],[73.40587,32.06267]]]]}},{"type":"Feature","properties":{"lu":"Commercial Zone","ct":"Proposed","a":0.077},"geometry":{"type":"MultiPolygon","coordinates":[[[[73.40441,32.06242],[73.40443,32.06228],[73.40424,32.06226],[73.40422,32.06242],[73.40441,32.06242]]]]}},{"type":"Feature","properties":{"lu":"Commercial Zone","ct":"Proposed","a":0.266},"geometry":{"type":"MultiPolygon","coordinates":[[[[73.40478,32.06258],[73.40487,32.06258],[73.40491,32.06237],[73.40459,32.06231],[73.40458,32.0624],[73.40443,32.06239],[73.40438,32.06277],[73.40445,32.06277],[73.40449,32.06252],[73.40478,32.06258]]]]}},{"type":"Feature","properties":{"lu":"Commercial Zone","ct":"Proposed","a":0.089},"geometry":{"type":"MultiPolygon","coordinates":[[[[73.40721,32.0623],[73.40704,32.06232],[73.40708,32.06256],[73.40721,32.0625],[73.40721,32.0623]]]]}},{"type":"Feature","properties":{"lu":"Commercial Zone","ct":"Proposed","a":0.126},"geometry":{"type":"MultiPolygon","coordinates":[[[[73.40708,32.06256],[73.40704,32.06232],[73.40688,32.06229],[73.40688,32.0626],[73.40708,32.06256]]]]}},{"type":"Feature","properties":{"lu":"Commercial Zone","ct":"Proposed","a":0.0},"geometry":{"type":"MultiPolygon","coordinates":[[[[73.41127,32.0611],[73.41127,32.06104],[73.41126,32.0611],[73.41127,32.0611]]]]}},{"type":"Feature","properties":{"lu":"Commercial Zone","ct":"Proposed","a":9.686},"geometry":{"type":"MultiPolygon","coordinates":[[[[73.41018,32.06224],[73.41012,32.06179],[73.41044,32.06174],[73.4104,32.06115],[73.41063,32.06114],[73.41063,32.06088],[73.41086,32.06088],[73.41084,32.0611],[73.41126,32.0611],[73.41124,32.06066],[73.40761,32.06083],[73.40796,32.0621],[73.40859,32.06203],[73.40857,32.0618],[73.40915,32.06177],[73.40919,32.06231],[73.41018,32.06224]]]]}},{"type":"Feature","properties":{"lu":"Commercial Zone","ct":"Proposed","a":22.819},"geometry":{"type":"MultiPolygon","coordinates":[[[[73.39284,32.0443],[73.38993,32.04383],[73.38967,32.04387],[73.38946,32.04409],[73.38882,32.04642],[73.39194,32.04691],[73.39284,32.0443]]]]}},{"type":"Feature","properties":{"lu":"Commercial Zone","ct":"Proposed","a":24.211},"geometry":{"type":"MultiPolygon","coordinates":[[[[73.38874,32.04641],[73.38939,32.04407],[73.38925,32.04376],[73.38893,32.04368],[73.38774,32.04364],[73.38686,32.04374],[73.38581,32.044],[73.38566,32.0469],[73.38757,32.04639],[73.38874,32.04641]]]]}},{"type":"Feature","properties":{"lu":"Economic Zone","ct":"Proposed","a":111.328},"geometry":{"type":"MultiPolygon","coordinates":[[[[73.32021,31.89332],[73.31768,31.89355],[73.31518,31.89365],[73.31469,31.89522],[73.31483,31.8958],[73.31632,31.89808],[73.31917,31.89788],[73.31958,31.89772],[73.3199,31.89744],[73.32012,31.89705],[73.32018,31.8967],[73.32021,31.89332]]],[[[73.3145,31.89594],[73.31396,31.89556],[73.31186,31.89465],[73.30971,31.89468],[73.30858,31.89477],[73.30889,31.89761],[73.30924,31.89814],[73.30987,31.89847],[73.31022,31.8985],[73.31589,31.89811],[73.3145,31.89594]]]]}},{"type":"Feature","properties":{"lu":"Commercial Urban Block","ct":"Existing","a":0.714},"geometry":{"type":"MultiPolygon","coordinates":[[[[73.66966,32.05965],[73.6692,32.06013],[73.66938,32.06034],[73.6701,32.05986],[73.66969,32.05961],[73.66966,32.05965]]]]}},{"type":"Feature","properties":{"lu":"Commercial Urban Block","ct":"Existing","a":0.06},"geometry":{"type":"MultiPolygon","coordinates":[[[[73.65929,32.06584],[73.65922,32.06571],[73.65908,32.06576],[73.65915,32.0659],[73.65929,32.06584]]]]}},{"type":"Feature","properties":{"lu":"Commercial Urban Block","ct":"Existing","a":3.73},"geometry":{"type":"MultiPolygon","coordinates":[[[[73.68361,32.06686],[73.68293,32.06703],[73.68288,32.06692],[73.68161,32.06729],[73.68163,32.06761],[73.68256,32.06746],[73.68278,32.06797],[73.68337,32.06785],[73.6839,32.06763],[73.68361,32.06686]]]]}},{"type":"Feature","properties":{"lu":"Commercial Urban Block","ct":"Existing","a":1.63},"geometry":{"type":"MultiPolygon","coordinates":[[[[73.69845,32.06826],[73.69812,32.06822],[73.69815,32.06804],[73.69804,32.06804],[73.69765,32.06844],[73.69786,32.06918],[73.69843,32.0691],[73.69845,32.06826]]]]}},{"type":"Feature","properties":{"lu":"Commercial Urban Block","ct":"Existing","a":0.653},"geometry":{"type":"MultiPolygon","coordinates":[[[[73.69682,32.06968],[73.69688,32.06967],[73.69678,32.06936],[73.69665,32.06938],[73.69662,32.06924],[73.69612,32.06936],[73.6962,32.06971],[73.69682,32.06968]]]]}},{"type":"Feature","properties":{"lu":"Commercial Urban Block","ct":"Existing","a":2.051},"geometry":{"type":"MultiPolygon","coordinates":[[[[73.69141,32.07042],[73.69117,32.07039],[73.69115,32.07065],[73.69114,32.07056],[73.69034,32.07047],[73.69062,32.07049],[73.69064,32.07033],[73.69027,32.0703],[73.69017,32.07107],[73.69131,32.07118],[73.69141,32.07042]]]]}},{"type":"Feature","properties":{"lu":"Commercial Urban Block","ct":"Existing","a":0.416},"geometry":{"type":"MultiPolygon","coordinates":[[[[73.68668,32.07142],[73.68656,32.0705],[73.68638,32.07051],[73.68651,32.07151],[73.68668,32.07142]]]]}},{"type":"Feature","properties":{"lu":"Commercial Urban Block","ct":"Existing","a":0.65},"geometry":{"type":"MultiPolygon","coordinates":[[[[73.71799,32.07209],[73.71805,32.07244],[73.71888,32.07212],[73.71857,32.07193],[73.71799,32.07209]]]]}},{"type":"Feature","properties":{"lu":"Commercial Urban Block","ct":"Existing","a":0.088},"geometry":{"type":"MultiPolygon","coordinates":[[[[73.68561,32.07283],[73.68523,32.07273],[73.6852,32.0728],[73.68559,32.07292],[73.68561,32.07283]]]]}},{"type":"Feature","properties":{"lu":"Commercial Urban Block","ct":"Existing","a":0.124},"geometry":{"type":"MultiPolygon","coordinates":[[[[73.68355,32.07278],[73.68325,32.07296],[73.68353,32.07309],[73.68355,32.07278]]]]}},{"type":"Feature","properties":{"lu":"Commercial Urban Block","ct":"Existing","a":1.947},"geometry":{"type":"MultiPolygon","coordinates":[[[[73.69404,32.07405],[73.6934,32.07402],[73.69358,32.07483],[73.69445,32.07485],[73.69445,32.07407],[73.69404,32.07405]]]]}},{"type":"Feature","properties":{"lu":"Commercial Urban Block","ct":"Existing","a":0.859},"geometry":{"type":"MultiPolygon","coordinates":[[[[73.68736,32.07461],[73.68687,32.07458],[73.68689,32.07436],[73.6865,32.07427],[73.6864,32.0746],[73.68703,32.07469],[73.68689,32.07496],[73.6874,32.07502],[73.68746,32.07477],[73.68735,32.07475],[73.68736,32.07461]]]]}},{"type":"Feature","properties":{"lu":"Commercial Urban Block","ct":"Existing","a":0.128},"geometry":{"type":"MultiPolygon","coordinates":[[[[73.69476,32.07563],[73.69473,32.07537],[73.69455,32.07538],[73.69456,32.07564],[73.69476,32.07563]]]]}},{"type":"Feature","properties":{"lu":"Commercial Urban Block","ct":"Existing","a":0.419},"geometry":{"type":"MultiPolygon","coordinates":[[[[73.67959,32.07617],[73.67954,32.07613],[73.67924,32.07645],[73.67955,32.07665],[73.67987,32.07636],[73.67959,32.07617]]]]}},{"type":"Feature","properties":{"lu":"Commercial Urban Block","ct":"Existing","a":0.38},"geometry":{"type":"MultiPolygon","coordinates":[[[[73.68264,32.08585],[73.68234,32.08578],[73.6822,32.0862],[73.68253,32.08627],[73.68264,32.08585]]]]}},{"type":"Feature","properties":{"lu":"Commercial Urban Block","ct":"Existing","a":2.411},"geometry":{"type":"MultiPolygon","coordinates":[[[[73.66633,32.0907],[73.66727,32.08918],[73.66588,32.08996],[73.66558,32.09052],[73.6661,32.09072],[73.66617,32.09063],[73.66633,32.0907]]]]}},{"type":"Feature","properties":{"lu":"Commercial Urban Block","ct":"Existing","a":2.18},"geometry":{"type":"MultiPolygon","coordinates":[[[[73.66762,32.08955],[73.66732,32.08874],[73.66726,32.08877],[73.66733,32.08913],[73.66636,32.09071],[73.66681,32.09087],[73.66762,32.08955]]]]}},{"type":"Feature","properties":{"lu":"Commercial Urban Block","ct":"Existing","a":1.862},"geometry":{"type":"MultiPolygon","coordinates":[[[[73.71112,32.06262],[73.71011,32.06178],[73.70967,32.06215],[73.71071,32.06297],[73.71112,32.06262]]]]}},{"type":"Feature","properties":{"lu":"Commercial Urban Block","ct":"Existing","a":2.029},"geometry":{"type":"MultiPolygon","coordinates":[[[[73.68491,32.0539],[73.68489,32.05379],[73.68554,32.05369],[73.68536,32.05258],[73.68465,32.05266],[73.68491,32.0539]]]]}},{"type":"Feature","properties":{"lu":"Commercial Urban Block","ct":"Existing","a":0.56},"geometry":{"type":"MultiPolygon","coordinates":[[[[73.66105,32.06698],[73.6606,32.06709],[73.66054,32.06698],[73.66026,32.06704],[73.66129,32.06752],[73.66105,32.06698]]]]}},{"type":"Feature","properties":{"lu":"Commercial Urban Block","ct":"Existing","a":0.737},"geometry":{"type":"MultiPolygon","coordinates":[[[[73.68946,32.07028],[73.68961,32.07068],[73.69018,32.07073],[73.69023,32.0703],[73.68946,32.07028]]]]}},{"type":"Feature","properties":{"lu":"Commercial Urban Block","ct":"Existing","a":0.878},"geometry":{"type":"MultiPolygon","coordinates":[[[[73.68748,32.07097],[73.68758,32.07188],[73.68815,32.07112],[73.68748,32.07097]]]]}},{"type":"Feature","properties":{"lu":"Commercial Urban Block","ct":"Existing","a":130.789},"geometry":{"type":"MultiPolygon","coordinates":[[[[73.70953,32.06341],[73.70791,32.06401],[73.70712,32.06413],[73.7073,32.06481],[73.70808,32.06547],[73.70803,32.0655],[73.71602,32.07304],[73.71664,32.07286],[73.71656,32.07268],[73.71747,32.0724],[73.71698,32.07121],[73.7179,32.07091],[73.71975,32.07214],[73.72139,32.07171],[73.71505,32.06659],[73.71071,32.06297],[73.70953,32.06341]]]]}},{"type":"Feature","properties":{"lu":"Commercial Urban Block","ct":"Existing","a":0.357},"geometry":{"type":"MultiPolygon","coordinates":[[[[73.72081,32.07537],[73.72073,32.07496],[73.72042,32.07493],[73.72049,32.07539],[73.72081,32.07537]]]]}},{"type":"Feature","properties":{"lu":"Commercial Urban Block","ct":"Existing","a":0.611},"geometry":{"type":"MultiPolygon","coordinates":[[[[73.68933,32.07451],[73.68899,32.07456],[73.68897,32.07463],[73.68874,32.07469],[73.6887,32.07499],[73.68942,32.07488],[73.68933,32.07451]]]]}},{"type":"Feature","properties":{"lu":"Commercial Urban Block","ct":"Existing","a":0.218},"geometry":{"type":"MultiPolygon","coordinates":[[[[73.6856,32.075],[73.68547,32.07493],[73.68513,32.07545],[73.68525,32.07551],[73.6856,32.075]]]]}},{"type":"Feature","properties":{"lu":"Commercial Urban Block","ct":"Existing","a":17.697},"geometry":{"type":"MultiPolygon","coordinates":[[[[73.72269,32.0786],[73.72546,32.07677],[73.72534,32.07674],[73.72454,32.07589],[73.72389,32.07627],[73.72324,32.07557],[73.72313,32.07564],[73.72324,32.07576],[73.72121,32.07711],[73.72103,32.07713],[73.72096,32.07728],[73.72116,32.07742],[73.72122,32.07792],[73.7215,32.07787],[73.72154,32.07798],[73.72149,32.07798],[73.72187,32.07806],[73.72232,32.07854],[73.72217,32.07864],[73.72237,32.0788],[73.72269,32.0786]]]]}},{"type":"Feature","properties":{"lu":"Commercial Urban Block","ct":"Existing","a":0.268},"geometry":{"type":"MultiPolygon","coordinates":[[[[73.68971,32.07072],[73.68983,32.071],[73.69014,32.07103],[73.69018,32.07077],[73.68971,32.07072]]]]}},{"type":"Feature","properties":{"lu":"Commercial Urban Block","ct":"Existing","a":1.705},"geometry":{"type":"MultiPolygon","coordinates":[[[[73.67413,32.09283],[73.67392,32.09277],[73.67377,32.09301],[73.67565,32.09381],[73.6758,32.09353],[73.67413,32.09283]]]]}},{"type":"Feature","properties":{"lu":"Commercial Urban Block","ct":"Existing","a":1.787},"geometry":{"type":"MultiPolygon","coordinates":[[[[73.68739,32.06384],[73.68699,32.06319],[73.68616,32.06344],[73.68638,32.06405],[73.68662,32.06397],[73.68668,32.06409],[73.68739,32.06384]]]]}},{"type":"Feature","properties":{"lu":"Commercial Urban Block","ct":"Existing","a":1.111},"geometry":{"type":"MultiPolygon","coordinates":[[[[73.6772,32.06304],[73.67692,32.06236],[73.6763,32.06254],[73.67674,32.06321],[73.6772,32.06304]]]]}},{"type":"Feature","properties":{"lu":"Commercial Urban Block","ct":"Existing","a":3.823},"geometry":{"type":"MultiPolygon","coordinates":[[[[73.67417,32.05688],[73.67459,32.05678],[73.67451,32.05628],[73.67425,32.0563],[73.67417,32.05559],[73.67314,32.05568],[73.67321,32.05691],[73.67417,32.05688]]]]}},{"type":"Feature","properties":{"lu":"Commercial Urban Block","ct":"Existing","a":2.387},"geometry":{"type":"MultiPolygon","coordinates":[[[[73.69224,32.07291],[73.69226,32.07255],[73.69209,32.0722],[73.69156,32.07225],[73.69177,32.07291],[73.69197,32.0729],[73.69171,32.07299],[73.6916,32.07274],[73.69142,32.07171],[73.69133,32.07171],[73.69132,32.07192],[73.69118,32.07192],[73.6912,32.07171],[73.69095,32.07167],[73.69094,32.07179],[73.69073,32.07174],[73.69166,32.07315],[73.69224,32.07291]]]]}},{"type":"Feature","properties":{"lu":"Commercial Urban Block","ct":"Existing","a":3.683},"geometry":{"type":"MultiPolygon","coordinates":[[[[73.69044,32.07585],[73.69135,32.07533],[73.69048,32.07403],[73.68993,32.07401],[73.69019,32.07521],[73.69044,32.07585]]]]}},{"type":"Feature","properties":{"lu":"Commercial Urban Block","ct":"Existing","a":0.104},"geometry":{"type":"MultiPolygon","coordinates":[[[[73.71938,32.07271],[73.71936,32.07288],[73.71959,32.0729],[73.71962,32.07274],[73.71938,32.07271]]]]}},{"type":"Feature","properties":{"lu":"Commercial Urban Block","ct":"Existing","a":1.884},"geometry":{"type":"MultiPolygon","coordinates":[[[[73.70484,32.06036],[73.70462,32.06008],[73.70337,32.06023],[73.70331,32.05982],[73.70296,32.05988],[73.70299,32.06007],[73.70253,32.06012],[73.70257,32.0603],[73.70323,32.06026],[73.70325,32.06057],[73.70484,32.06036]]]]}},{"type":"Feature","properties":{"lu":"Commercial Urban Block","ct":"Existing","a":1.143},"geometry":{"type":"MultiPolygon","coordinates":[[[[73.70649,32.07212],[73.70718,32.07206],[73.70716,32.07188],[73.7073,32.07188],[73.70729,32.0718],[73.70715,32.07181],[73.70709,32.07145],[73.70639,32.07153],[73.70649,32.07212]]]]}},{"type":"Feature","properties":{"lu":"Commercial Urban Block","ct":"Existing","a":0.133},"geometry":{"type":"MultiPolygon","coordinates":[[[[73.7102,32.07163],[73.71025,32.07182],[73.7105,32.07178],[73.71046,32.07158],[73.7102,32.07163]]]]}},{"type":"Feature","properties":{"lu":"Commercial Urban Block","ct":"Existing","a":0.485},"geometry":{"type":"MultiPolygon","coordinates":[[[[73.70979,32.07138],[73.70958,32.07085],[73.70929,32.07093],[73.70945,32.07145],[73.70979,32.07138]]]]}},{"type":"Feature","properties":{"lu":"Commercial Urban Block","ct":"Existing","a":0.175},"geometry":{"type":"MultiPolygon","coordinates":[[[[73.71006,32.07132],[73.70996,32.07108],[73.70971,32.07114],[73.70979,32.07138],[73.71006,32.07132]]]]}},{"type":"Feature","properties":{"lu":"Commercial Urban Block","ct":"Existing","a":2.662},"geometry":{"type":"MultiPolygon","coordinates":[[[[73.70684,32.0655],[73.70494,32.0656],[73.70501,32.06618],[73.70689,32.06599],[73.70684,32.0655]]]]}},{"type":"Feature","properties":{"lu":"Commercial Urban Block","ct":"Existing","a":0.307},"geometry":{"type":"MultiPolygon","coordinates":[[[[73.70017,32.06724],[73.69996,32.06719],[73.69996,32.06705],[73.69977,32.06706],[73.69976,32.06712],[73.69958,32.06712],[73.69957,32.06731],[73.70008,32.06736],[73.70017,32.06724]]]]}},{"type":"Feature","properties":{"lu":"Commercial Urban Block","ct":"Existing","a":0.447},"geometry":{"type":"MultiPolygon","coordinates":[[[[73.69479,32.06272],[73.6948,32.06241],[73.69425,32.06247],[73.69428,32.06279],[73.69479,32.06272]]]]}},{"type":"Feature","properties":{"lu":"Commercial Urban Block","ct":"Existing","a":0.08},"geometry":{"type":"MultiPolygon","coordinates":[[[[73.69294,32.06034],[73.69274,32.06034],[73.69268,32.06047],[73.69295,32.06047],[73.69294,32.06034]]]]}},{"type":"Feature","properties":{"lu":"Commercial Urban Block","ct":"Existing","a":0.33},"geometry":{"type":"MultiPolygon","coordinates":[[[[73.69386,32.05747],[73.69354,32.05749],[73.69355,32.05786],[73.69392,32.05783],[73.69386,32.05747]]]]}},{"type":"Feature","properties":{"lu":"Commercial Urban Block","ct":"Existing","a":0.112},"geometry":{"type":"MultiPolygon","coordinates":[[[[73.69361,32.05745],[73.69361,32.05727],[73.69327,32.05729],[73.69327,32.05736],[73.69343,32.05735],[73.69345,32.05746],[73.69361,32.05745]]]]}},{"type":"Feature","properties":{"lu":"Commercial Urban Block","ct":"Existing","a":0.044},"geometry":{"type":"MultiPolygon","coordinates":[[[[73.69324,32.05766],[73.69323,32.05752],[73.69312,32.05752],[73.6931,32.05767],[73.69324,32.05766]]]]}},{"type":"Feature","properties":{"lu":"Commercial Urban Block","ct":"Existing","a":0.027},"geometry":{"type":"MultiPolygon","coordinates":[[[[73.69353,32.05596],[73.69352,32.05589],[73.6934,32.05589],[73.69337,32.05597],[73.69353,32.05596]]]]}},{"type":"Feature","properties":{"lu":"Commercial Urban Block","ct":"Existing","a":0.019},"geometry":{"type":"MultiPolygon","coordinates":[[[[73.69342,32.05581],[73.69341,32.05588],[73.69351,32.05587],[73.69342,32.05581]]]]}},{"type":"Feature","properties":{"lu":"Commercial Urban Block","ct":"Existing","a":0.051},"geometry":{"type":"MultiPolygon","coordinates":[[[[73.69081,32.05297],[73.69078,32.05286],[73.69062,32.05289],[73.69064,32.053],[73.69081,32.05297]]]]}},{"type":"Feature","properties":{"lu":"Commercial Urban Block","ct":"Existing","a":0.069},"geometry":{"type":"MultiPolygon","coordinates":[[[[73.69835,32.07163],[73.6982,32.07164],[73.6982,32.0718],[73.69838,32.0718],[73.69835,32.07163]]]]}},{"type":"Feature","properties":{"lu":"Commercial Urban Block","ct":"Existing","a":0.124},"geometry":{"type":"MultiPolygon","coordinates":[[[[73.69353,32.07123],[73.69355,32.07109],[73.69334,32.07106],[73.6933,32.07129],[73.69352,32.0713],[73.69353,32.07123]]]]}},{"type":"Feature","properties":{"lu":"Commercial Urban Block","ct":"Existing","a":0.214},"geometry":{"type":"MultiPolygon","coordinates":[[[[73.69323,32.07105],[73.69321,32.0712],[73.69234,32.07105],[73.69233,32.07116],[73.69327,32.07128],[73.6933,32.07106],[73.69323,32.07105]]]]}},{"type":"Feature","properties":{"lu":"Commercial Urban Block","ct":"Existing","a":0.127},"geometry":{"type":"MultiPolygon","coordinates":[[[[73.69275,32.07008],[73.69259,32.0698],[73.69244,32.06986],[73.69262,32.07013],[73.69275,32.07008]]]]}},{"type":"Feature","properties":{"lu":"Commercial Urban Block","ct":"Existing","a":0.142},"geometry":{"type":"MultiPolygon","coordinates":[[[[73.6923,32.0711],[73.69192,32.07106],[73.69193,32.07101],[73.69174,32.07104],[73.69175,32.07089],[73.69167,32.07088],[73.69164,32.07109],[73.69229,32.07116],[73.6923,32.0711]]]]}},{"type":"Feature","properties":{"lu":"Commercial Urban Block","ct":"Existing","a":0.059},"geometry":{"type":"MultiPolygon","coordinates":[[[[73.69177,32.07071],[73.69178,32.07057],[73.69163,32.07056],[73.69162,32.07071],[73.69177,32.07071]]]]}},{"type":"Feature","properties":{"lu":"Commercial Urban Block","ct":"Existing","a":0.081},"geometry":{"type":"MultiPolygon","coordinates":[[[[73.69175,32.06873],[73.69157,32.06878],[73.69172,32.06895],[73.69183,32.06891],[73.69175,32.06873]]]]}},{"type":"Feature","properties":{"lu":"Commercial Urban Block","ct":"Existing","a":0.157},"geometry":{"type":"MultiPolygon","coordinates":[[[[73.6921,32.0662],[73.69208,32.06606],[73.69169,32.06613],[73.69172,32.06629],[73.6921,32.0662]]]]}},{"type":"Feature","properties":{"lu":"Commercial Urban Block","ct":"Existing","a":0.242},"geometry":{"type":"MultiPolygon","coordinates":[[[[73.69417,32.0657],[73.69393,32.06572],[73.69396,32.06609],[73.69421,32.06604],[73.69417,32.0657]]]]}},{"type":"Feature","properties":{"lu":"Commercial Urban Block","ct":"Existing","a":0.328},"geometry":{"type":"MultiPolygon","coordinates":[[[[73.69623,32.06606],[73.69622,32.06575],[73.69592,32.06579],[73.6959,32.06564],[73.6957,32.06567],[73.69572,32.06582],[73.69588,32.06579],[73.69589,32.06604],[73.69606,32.06602],[73.69606,32.06611],[73.69623,32.06606]]]]}},{"type":"Feature","properties":{"lu":"Commercial Urban Block","ct":"Existing","a":0.098},"geometry":{"type":"MultiPolygon","coordinates":[[[[73.68976,32.07013],[73.68943,32.07012],[73.68947,32.07026],[73.68977,32.07026],[73.68976,32.07013]]]]}},{"type":"Feature","properties":{"lu":"Commercial Urban Block","ct":"Existing","a":0.047},"geometry":{"type":"MultiPolygon","coordinates":[[[[73.68849,32.06226],[73.68854,32.06237],[73.68868,32.06232],[73.68864,32.06222],[73.68849,32.06226]]]]}},{"type":"Feature","properties":{"lu":"Commercial Urban Block","ct":"Existing","a":0.064},"geometry":{"type":"MultiPolygon","coordinates":[[[[73.68701,32.0615],[73.68697,32.06136],[73.68681,32.0614],[73.68685,32.06154],[73.68701,32.0615]]]]}},{"type":"Feature","properties":{"lu":"Commercial Urban Block","ct":"Existing","a":0.16},"geometry":{"type":"MultiPolygon","coordinates":[[[[73.68387,32.05743],[73.68383,32.05718],[73.68349,32.05721],[73.68353,32.05733],[73.6837,32.05732],[73.68373,32.05746],[73.68387,32.05743]]]]}},{"type":"Feature","properties":{"lu":"Commercial Urban Block","ct":"Existing","a":1.928},"geometry":{"type":"MultiPolygon","coordinates":[[[[73.68742,32.06521],[73.68738,32.06511],[73.68803,32.06487],[73.68763,32.06423],[73.68726,32.06442],[73.687,32.06486],[73.68672,32.06497],[73.68662,32.06521],[73.68664,32.06528],[73.68683,32.06529],[73.68742,32.06521]]]]}},{"type":"Feature","properties":{"lu":"Commercial Urban Block","ct":"Existing","a":0.093},"geometry":{"type":"MultiPolygon","coordinates":[[[[73.68533,32.06302],[73.685,32.0631],[73.68503,32.0632],[73.68536,32.06313],[73.68533,32.06302]]]]}},{"type":"Feature","properties":{"lu":"Commercial Urban Block","ct":"Existing","a":0.999},"geometry":{"type":"MultiPolygon","coordinates":[[[[73.68621,32.06574],[73.68619,32.06559],[73.68565,32.06562],[73.68556,32.06529],[73.68528,32.0653],[73.68529,32.06562],[73.68506,32.06566],[73.68523,32.06607],[73.68576,32.06583],[73.68621,32.06574]]]]}},{"type":"Feature","properties":{"lu":"Commercial Urban Block","ct":"Existing","a":0.055},"geometry":{"type":"MultiPolygon","coordinates":[[[[73.68175,32.061],[73.68182,32.06113],[73.68192,32.06112],[73.68188,32.06094],[73.68175,32.061]]]]}},{"type":"Feature","properties":{"lu":"Commercial Urban Block","ct":"Existing","a":0.111},"geometry":{"type":"MultiPolygon","coordinates":[[[[73.68129,32.06156],[73.6812,32.06141],[73.68097,32.06151],[73.68108,32.06166],[73.68129,32.06156]]]]}},{"type":"Feature","properties":{"lu":"Commercial Urban Block","ct":"Existing","a":0.266},"geometry":{"type":"MultiPolygon","coordinates":[[[[73.6812,32.05636],[73.68119,32.05603],[73.68088,32.05604],[73.6809,32.05638],[73.6812,32.05636]]]]}},{"type":"Feature","properties":{"lu":"Commercial Urban Block","ct":"Existing","a":0.078},"geometry":{"type":"MultiPolygon","coordinates":[[[[73.68437,32.06663],[73.68431,32.06649],[73.68412,32.06655],[73.68417,32.06669],[73.68437,32.06663]]]]}},{"type":"Feature","properties":{"lu":"Commercial Urban Block","ct":"Existing","a":0.058},"geometry":{"type":"MultiPolygon","coordinates":[[[[73.68368,32.06608],[73.68353,32.06616],[73.6836,32.06627],[73.68376,32.06618],[73.68368,32.06608]]]]}},{"type":"Feature","properties":{"lu":"Commercial Urban Block","ct":"Existing","a":0.178},"geometry":{"type":"MultiPolygon","coordinates":[[[[73.6849,32.06647],[73.68491,32.0664],[73.68469,32.0662],[73.68452,32.06634],[73.6847,32.06653],[73.6849,32.06647]]]]}},{"type":"Feature","properties":{"lu":"Commercial Urban Block","ct":"Existing","a":0.108},"geometry":{"type":"MultiPolygon","coordinates":[[[[73.6844,32.0686],[73.68425,32.06814],[73.68417,32.06816],[73.68432,32.06862],[73.6844,32.0686]]]]}},{"type":"Feature","properties":{"lu":"Commercial Urban Block","ct":"Existing","a":0.047},"geometry":{"type":"MultiPolygon","coordinates":[[[[73.68405,32.06806],[73.68401,32.06794],[73.68384,32.06797],[73.68388,32.06807],[73.68405,32.06806]]]]}},{"type":"Feature","properties":{"lu":"Commercial Urban Block","ct":"Existing","a":0.079},"geometry":{"type":"MultiPolygon","coordinates":[[[[73.68415,32.06842],[73.68408,32.06817],[73.68389,32.0682],[73.684,32.06824],[73.68405,32.06844],[73.68415,32.06842]]]]}},{"type":"Feature","properties":{"lu":"Commercial Urban Block","ct":"Existing","a":0.01},"geometry":{"type":"MultiPolygon","coordinates":[[[[73.68179,32.06821],[73.68171,32.06822],[73.68172,32.06827],[73.6818,32.06826],[73.68179,32.06821]]]]}},{"type":"Feature","properties":{"lu":"Commercial Urban Block","ct":"Existing","a":9.147},"geometry":{"type":"MultiPolygon","coordinates":[[[[73.68099,32.0649],[73.68042,32.06507],[73.68031,32.06482],[73.67872,32.06543],[73.67936,32.06673],[73.67937,32.06663],[73.68096,32.06675],[73.68086,32.06629],[73.6814,32.06617],[73.68143,32.06609],[73.68099,32.0649]]]]}},{"type":"Feature","properties":{"lu":"Commercial Urban Block","ct":"Existing","a":0.077},"geometry":{"type":"MultiPolygon","coordinates":[[[[73.67426,32.0591],[73.67404,32.05911],[73.67408,32.05926],[73.67426,32.05925],[73.67426,32.0591]]]]}},{"type":"Feature","properties":{"lu":"Commercial Urban Block","ct":"Existing","a":0.048},"geometry":{"type":"MultiPolygon","coordinates":[[[[73.67143,32.0599],[73.6713,32.05992],[73.67132,32.06006],[73.67146,32.06004],[73.67143,32.0599]]]]}},{"type":"Feature","properties":{"lu":"Commercial Urban Block","ct":"Existing","a":0.065},"geometry":{"type":"MultiPolygon","coordinates":[[[[73.67118,32.06008],[73.67116,32.05992],[73.67096,32.06],[73.67104,32.0601],[73.67118,32.06008]]]]}},{"type":"Feature","properties":{"lu":"Commercial Urban Block","ct":"Existing","a":0.167},"geometry":{"type":"MultiPolygon","coordinates":[[[[73.67838,32.0545],[73.67837,32.05428],[73.67808,32.05429],[73.6781,32.05453],[73.67838,32.0545]]]]}},{"type":"Feature","properties":{"lu":"Commercial Urban Block","ct":"Existing","a":0.201},"geometry":{"type":"MultiPolygon","coordinates":[[[[73.67857,32.0519],[73.67855,32.05154],[73.67833,32.05155],[73.67836,32.05191],[73.67857,32.0519]]]]}},{"type":"Feature","properties":{"lu":"Commercial Urban Block","ct":"Existing","a":0.108},"geometry":{"type":"MultiPolygon","coordinates":[[[[73.66944,32.05157],[73.66946,32.05135],[73.66926,32.05136],[73.66925,32.05158],[73.66944,32.05157]]]]}},{"type":"Feature","properties":{"lu":"Commercial Urban Block","ct":"Existing","a":0.63},"geometry":{"type":"MultiPolygon","coordinates":[[[[73.66924,32.0567],[73.66854,32.05707],[73.66871,32.05733],[73.66941,32.05697],[73.66924,32.0567]]]]}},{"type":"Feature","properties":{"lu":"Commercial Urban Block","ct":"Existing","a":0.135},"geometry":{"type":"MultiPolygon","coordinates":[[[[73.66683,32.06158],[73.66666,32.06138],[73.66649,32.06149],[73.66666,32.06169],[73.66683,32.06158]]]]}},{"type":"Feature","properties":{"lu":"Commercial Urban Block","ct":"Existing","a":0.225},"geometry":{"type":"MultiPolygon","coordinates":[[[[73.66109,32.05559],[73.66086,32.05536],[73.66066,32.05551],[73.66083,32.05576],[73.66109,32.05559]]]]}},{"type":"Feature","properties":{"lu":"Commercial Urban Block","ct":"Existing","a":0.577},"geometry":{"type":"MultiPolygon","coordinates":[[[[73.66055,32.05388],[73.66005,32.05358],[73.65982,32.05395],[73.6603,32.05417],[73.66055,32.05388]]]]}},{"type":"Feature","properties":{"lu":"Commercial Urban Block","ct":"Existing","a":0.586},"geometry":{"type":"MultiPolygon","coordinates":[[[[73.6646,32.06344],[73.66428,32.06277],[73.66401,32.06286],[73.66433,32.06358],[73.6646,32.06344]]]]}},{"type":"Feature","properties":{"lu":"Commercial Urban Block","ct":"Existing","a":0.05},"geometry":{"type":"MultiPolygon","coordinates":[[[[73.66039,32.06717],[73.66026,32.06711],[73.66013,32.06724],[73.66039,32.06717]]]]}},{"type":"Feature","properties":{"lu":"Commercial Urban Block","ct":"Existing","a":0.075},"geometry":{"type":"MultiPolygon","coordinates":[[[[73.66516,32.06686],[73.6651,32.06675],[73.66488,32.06682],[73.66494,32.06694],[73.66516,32.06686]]]]}},{"type":"Feature","properties":{"lu":"Commercial Urban Block","ct":"Existing","a":0.025},"geometry":{"type":"MultiPolygon","coordinates":[[[[73.66684,32.06309],[73.66678,32.06296],[73.66671,32.06299],[73.66679,32.06311],[73.66684,32.06309]]]]}},{"type":"Feature","properties":{"lu":"Commercial Urban Block","ct":"Existing","a":0.447},"geometry":{"type":"MultiPolygon","coordinates":[[[[73.66828,32.06299],[73.66836,32.06282],[73.66788,32.06267],[73.66748,32.06299],[73.66764,32.06312],[73.66787,32.06293],[73.66828,32.06299]]]]}},{"type":"Feature","properties":{"lu":"Commercial Urban Block","ct":"Existing","a":0.75},"geometry":{"type":"MultiPolygon","coordinates":[[[[73.66938,32.06104],[73.66889,32.06149],[73.6693,32.06176],[73.66975,32.06127],[73.66938,32.06104]]]]}},{"type":"Feature","properties":{"lu":"Commercial Urban Block","ct":"Existing","a":0.099},"geometry":{"type":"MultiPolygon","coordinates":[[[[73.67092,32.06126],[73.67078,32.06117],[73.67062,32.06134],[73.67076,32.06143],[73.67092,32.06126]]]]}},{"type":"Feature","properties":{"lu":"Commercial Urban Block","ct":"Existing","a":0.122},"geometry":{"type":"MultiPolygon","coordinates":[[[[73.6704,32.06109],[73.67066,32.06126],[73.67077,32.06116],[73.6705,32.06098],[73.6704,32.06109]]]]}},{"type":"Feature","properties":{"lu":"Commercial Urban Block","ct":"Existing","a":0.064},"geometry":{"type":"MultiPolygon","coordinates":[[[[73.6717,32.06118],[73.67159,32.0613],[73.67173,32.06139],[73.67182,32.06126],[73.6717,32.06118]]]]}},{"type":"Feature","properties":{"lu":"Commercial Urban Block","ct":"Existing","a":0.197},"geometry":{"type":"MultiPolygon","coordinates":[[[[73.67631,32.0648],[73.67623,32.06475],[73.67635,32.06464],[73.67621,32.06454],[73.67593,32.0647],[73.67619,32.0649],[73.67631,32.0648]]]]}},{"type":"Feature","properties":{"lu":"Commercial Urban Block","ct":"Existing","a":0.068},"geometry":{"type":"MultiPolygon","coordinates":[[[[73.68608,32.07039],[73.68583,32.07042],[73.68579,32.07052],[73.68609,32.07049],[73.68608,32.07039]]]]}},{"type":"Feature","properties":{"lu":"Commercial Urban Block","ct":"Existing","a":0.039},"geometry":{"type":"MultiPolygon","coordinates":[[[[73.68577,32.07048],[73.68549,32.07049],[73.6855,32.07055],[73.68577,32.07048]]]]}},{"type":"Feature","properties":{"lu":"Commercial Urban Block","ct":"Existing","a":0.093},"geometry":{"type":"MultiPolygon","coordinates":[[[[73.68548,32.07049],[73.68499,32.07052],[73.685,32.07062],[73.68548,32.07055],[73.68548,32.07049]]]]}},{"type":"Feature","properties":{"lu":"Commercial Urban Block","ct":"Existing","a":0.322},"geometry":{"type":"MultiPolygon","coordinates":[[[[73.68497,32.07055],[73.68461,32.07059],[73.68462,32.0704],[73.6845,32.07033],[73.6845,32.0701],[73.68458,32.07009],[73.68459,32.0699],[73.68451,32.0699],[73.68455,32.06963],[73.68447,32.06964],[73.68444,32.07037],[73.68451,32.07068],[73.68498,32.07062],[73.68497,32.07055]]]]}},{"type":"Feature","properties":{"lu":"Commercial Urban Block","ct":"Existing","a":0.179},"geometry":{"type":"MultiPolygon","coordinates":[[[[73.68689,32.07046],[73.68688,32.07036],[73.6861,32.0704],[73.68611,32.07049],[73.68689,32.07046]]]]}},{"type":"Feature","properties":{"lu":"Commercial Urban Block","ct":"Existing","a":0.207},"geometry":{"type":"MultiPolygon","coordinates":[[[[73.68534,32.06952],[73.68541,32.0698],[73.68568,32.06976],[73.6856,32.06947],[73.68534,32.06952]]]]}},{"type":"Feature","properties":{"lu":"Commercial Urban Block","ct":"Existing","a":0.082},"geometry":{"type":"MultiPolygon","coordinates":[[[[73.68433,32.06957],[73.68429,32.06984],[73.6844,32.06984],[73.68444,32.06957],[73.68433,32.06957]]]]}},{"type":"Feature","properties":{"lu":"Commercial Urban Block","ct":"Existing","a":0.069},"geometry":{"type":"MultiPolygon","coordinates":[[[[73.68427,32.06986],[73.68426,32.07],[73.68441,32.07009],[73.6844,32.06985],[73.68427,32.06986]]]]}},{"type":"Feature","properties":{"lu":"Commercial Urban Block","ct":"Existing","a":0.187},"geometry":{"type":"MultiPolygon","coordinates":[[[[73.68435,32.0701],[73.68445,32.07057],[73.68381,32.07063],[73.68381,32.07069],[73.6845,32.07068],[73.68441,32.0701],[73.68435,32.0701]]]]}},{"type":"Feature","properties":{"lu":"Commercial Urban Block","ct":"Existing","a":0.091},"geometry":{"type":"MultiPolygon","coordinates":[[[[73.68379,32.07063],[73.6834,32.0706],[73.6834,32.07071],[73.68379,32.07069],[73.68379,32.07063]]]]}},{"type":"Feature","properties":{"lu":"Commercial Urban Block","ct":"Existing","a":0.034},"geometry":{"type":"MultiPolygon","coordinates":[[[[73.68337,32.07065],[73.68314,32.07068],[73.68315,32.07073],[73.68337,32.07072],[73.68337,32.07065]]]]}},{"type":"Feature","properties":{"lu":"Commercial Urban Block","ct":"Existing","a":0.027},"geometry":{"type":"MultiPolygon","coordinates":[[[[73.68312,32.07067],[73.68296,32.07071],[73.68298,32.07077],[73.68313,32.07074],[73.68312,32.07067]]]]}},{"type":"Feature","properties":{"lu":"Commercial Urban Block","ct":"Existing","a":0.049},"geometry":{"type":"MultiPolygon","coordinates":[[[[73.68577,32.07067],[73.68576,32.07055],[73.68558,32.07057],[73.68559,32.07066],[73.68577,32.07067]]]]}},{"type":"Feature","properties":{"lu":"Commercial Urban Block","ct":"Existing","a":0.027},"geometry":{"type":"MultiPolygon","coordinates":[[[[73.68609,32.07075],[73.68608,32.07065],[73.68599,32.07065],[73.68598,32.07076],[73.68609,32.07075]]]]}},{"type":"Feature","properties":{"lu":"Commercial Urban Block","ct":"Existing","a":0.06},"geometry":{"type":"MultiPolygon","coordinates":[[[[73.68599,32.07064],[73.68599,32.07053],[73.68577,32.07055],[73.68578,32.07067],[73.68599,32.07064]]]]}},{"type":"Feature","properties":{"lu":"Commercial Urban Block","ct":"Existing","a":0.112},"geometry":{"type":"MultiPolygon","coordinates":[[[[73.68637,32.07063],[73.68636,32.07051],[73.686,32.07053],[73.686,32.07064],[73.68637,32.07063]]]]}},{"type":"Feature","properties":{"lu":"Commercial Urban Block","ct":"Existing","a":0.137},"geometry":{"type":"MultiPolygon","coordinates":[[[[73.6855,32.07066],[73.68558,32.07065],[73.68557,32.07057],[73.68496,32.07065],[73.68499,32.07075],[73.6855,32.07066]]]]}},{"type":"Feature","properties":{"lu":"Commercial Urban Block","ct":"Existing","a":0.21},"geometry":{"type":"MultiPolygon","coordinates":[[[[73.68461,32.07136],[73.6846,32.07083],[73.68497,32.07073],[73.68495,32.07065],[73.68453,32.07071],[73.68451,32.07136],[73.68461,32.07136]]]]}},{"type":"Feature","properties":{"lu":"Commercial Urban Block","ct":"Existing","a":0.033},"geometry":{"type":"MultiPolygon","coordinates":[[[[73.68457,32.07159],[73.68457,32.07138],[73.68451,32.07138],[73.68452,32.07159],[73.68457,32.07159]]]]}},{"type":"Feature","properties":{"lu":"Commercial Urban Block","ct":"Existing","a":0.105},"geometry":{"type":"MultiPolygon","coordinates":[[[[73.68449,32.07148],[73.68449,32.0713],[73.68427,32.07131],[73.68426,32.0715],[73.68449,32.07148]]]]}},{"type":"Feature","properties":{"lu":"Commercial Urban Block","ct":"Existing","a":0.021},"geometry":{"type":"MultiPolygon","coordinates":[[[[73.68449,32.0713],[73.68449,32.07124],[73.68435,32.07125],[73.68435,32.07131],[73.68449,32.0713]]]]}},{"type":"Feature","properties":{"lu":"Commercial Urban Block","ct":"Existing","a":0.224},"geometry":{"type":"MultiPolygon","coordinates":[[[[73.68394,32.0707],[73.68394,32.07076],[73.68439,32.07076],[73.68442,32.07101],[73.68435,32.07124],[73.68448,32.07123],[73.68451,32.07071],[73.68394,32.0707]]]]}},{"type":"Feature","properties":{"lu":"Commercial Urban Block","ct":"Existing","a":0.045},"geometry":{"type":"MultiPolygon","coordinates":[[[[73.68394,32.07076],[73.68394,32.0707],[73.68382,32.07071],[73.6838,32.07083],[73.68395,32.07084],[73.68394,32.07076]]]]}},{"type":"Feature","properties":{"lu":"Commercial Urban Block","ct":"Existing","a":0.155},"geometry":{"type":"MultiPolygon","coordinates":[[[[73.68319,32.07089],[73.68315,32.07079],[73.68345,32.07082],[73.68382,32.07076],[73.68382,32.07071],[73.68298,32.07079],[73.68305,32.07092],[73.68319,32.07089]]]]}},{"type":"Feature","properties":{"lu":"Commercial Urban Block","ct":"Existing","a":0.051},"geometry":{"type":"MultiPolygon","coordinates":[[[[73.68523,32.07269],[73.68499,32.07268],[73.68502,32.07276],[73.68519,32.0728],[73.68523,32.07269]]]]}},{"type":"Feature","properties":{"lu":"Commercial Urban Block","ct":"Existing","a":0.081},"geometry":{"type":"MultiPolygon","coordinates":[[[[73.68588,32.07288],[73.68563,32.07283],[73.6856,32.07293],[73.68584,32.07301],[73.68588,32.07288]]]]}},{"type":"Feature","properties":{"lu":"Commercial Urban Block","ct":"Existing","a":0.068},"geometry":{"type":"MultiPolygon","coordinates":[[[[73.68607,32.07295],[73.68589,32.07288],[73.68585,32.07302],[73.68602,32.07308],[73.68607,32.07295]]]]}},{"type":"Feature","properties":{"lu":"Commercial Urban Block","ct":"Existing","a":0.161},"geometry":{"type":"MultiPolygon","coordinates":[[[[73.68613,32.07331],[73.68617,32.07322],[73.68633,32.07323],[73.68584,32.07305],[73.68579,32.07319],[73.68613,32.07331]]]]}},{"type":"Feature","properties":{"lu":"Commercial Urban Block","ct":"Existing","a":0.088},"geometry":{"type":"MultiPolygon","coordinates":[[[[73.6858,32.07312],[73.68583,32.07304],[73.68552,32.07294],[73.68547,32.07308],[73.6858,32.07312]]]]}},{"type":"Feature","properties":{"lu":"Commercial Urban Block","ct":"Existing","a":0.005},"geometry":{"type":"MultiPolygon","coordinates":[[[[73.68478,32.07205],[73.68471,32.07205],[73.68473,32.07209],[73.68475,32.07209],[73.68478,32.07208],[73.68478,32.07205]]]]}},{"type":"Feature","properties":{"lu":"Commercial Urban Block","ct":"Existing","a":0.005},"geometry":{"type":"MultiPolygon","coordinates":[[[[73.68475,32.07213],[73.68477,32.07217],[73.68481,32.07215],[73.68481,32.07212],[73.68475,32.07213]]]]}},{"type":"Feature","properties":{"lu":"Commercial Urban Block","ct":"Existing","a":0.054},"geometry":{"type":"MultiPolygon","coordinates":[[[[73.68495,32.07277],[73.68475,32.07275],[73.68472,32.07283],[73.68495,32.07288],[73.68495,32.07277]]]]}},{"type":"Feature","properties":{"lu":"Commercial Urban Block","ct":"Existing","a":0.112},"geometry":{"type":"MultiPolygon","coordinates":[[[[73.68506,32.07392],[73.68488,32.07387],[73.68482,32.07411],[73.685,32.07414],[73.68506,32.07392]]]]}},{"type":"Feature","properties":{"lu":"Commercial Urban Block","ct":"Existing","a":0.041},"geometry":{"type":"MultiPolygon","coordinates":[[[[73.68271,32.07396],[73.68262,32.07391],[73.68253,32.07407],[73.68262,32.07409],[73.68271,32.07396]]]]}},{"type":"Feature","properties":{"lu":"Commercial Urban Block","ct":"Existing","a":0.091},"geometry":{"type":"MultiPolygon","coordinates":[[[[73.68582,32.07523],[73.68565,32.07521],[73.68562,32.07541],[73.68579,32.07543],[73.68582,32.07523]]]]}},{"type":"Feature","properties":{"lu":"Commercial Urban Block","ct":"Existing","a":0.016},"geometry":{"type":"MultiPolygon","coordinates":[[[[73.68751,32.07539],[73.68745,32.07538],[73.68745,32.0755],[73.68751,32.07539]]]]}},{"type":"Feature","properties":{"lu":"Commercial Urban Block","ct":"Existing","a":0.514},"geometry":{"type":"MultiPolygon","coordinates":[[[[73.68638,32.07382],[73.68706,32.07403],[73.68721,32.07398],[73.68725,32.07382],[73.68656,32.07357],[73.68638,32.07382]]]]}},{"type":"Feature","properties":{"lu":"Commercial Urban Block","ct":"Existing","a":0.086},"geometry":{"type":"MultiPolygon","coordinates":[[[[73.68893,32.07601],[73.68891,32.07584],[73.68872,32.07586],[73.68874,32.07603],[73.68893,32.07601]]]]}},{"type":"Feature","properties":{"lu":"Commercial Urban Block","ct":"Existing","a":0.02},"geometry":{"type":"MultiPolygon","coordinates":[[[[73.68919,32.07684],[73.68917,32.07675],[73.68909,32.07677],[73.68911,32.07686],[73.68919,32.07684]]]]}},{"type":"Feature","properties":{"lu":"Commercial Urban Block","ct":"Existing","a":0.109},"geometry":{"type":"MultiPolygon","coordinates":[[[[73.68893,32.07456],[73.68845,32.07463],[73.68846,32.07473],[73.68866,32.07473],[73.68893,32.07456]]]]}},{"type":"Feature","properties":{"lu":"Commercial Urban Block","ct":"Existing","a":0.134},"geometry":{"type":"MultiPolygon","coordinates":[[[[73.68866,32.07473],[73.68838,32.07473],[73.68839,32.07492],[73.68864,32.07493],[73.68866,32.07473]]]]}},{"type":"Feature","properties":{"lu":"Commercial Urban Block","ct":"Existing","a":0.715},"geometry":{"type":"MultiPolygon","coordinates":[[[[73.69091,32.07775],[73.69079,32.07736],[73.69008,32.0775],[73.6901,32.07773],[73.69026,32.07771],[73.69029,32.0778],[73.69091,32.07775]]]]}},{"type":"Feature","properties":{"lu":"Commercial Urban Block","ct":"Existing","a":0.104},"geometry":{"type":"MultiPolygon","coordinates":[[[[73.69284,32.07747],[73.69272,32.07729],[73.69255,32.07738],[73.69267,32.07756],[73.69284,32.07747]]]]}},{"type":"Feature","properties":{"lu":"Commercial Urban Block","ct":"Existing","a":0.055},"geometry":{"type":"MultiPolygon","coordinates":[[[[73.69313,32.07383],[73.69315,32.07395],[73.6933,32.07396],[73.69329,32.07381],[73.69313,32.07383]]]]}},{"type":"Feature","properties":{"lu":"Commercial Urban Block","ct":"Existing","a":0.091},"geometry":{"type":"MultiPolygon","coordinates":[[[[73.69245,32.07394],[73.6922,32.07393],[73.69235,32.07415],[73.69243,32.07416],[73.69245,32.07394]]]]}},{"type":"Feature","properties":{"lu":"Commercial Urban Block","ct":"Existing","a":0.132},"geometry":{"type":"MultiPolygon","coordinates":[[[[73.69472,32.07536],[73.6947,32.07506],[73.69453,32.07507],[73.69455,32.07537],[73.69472,32.07536]]]]}},{"type":"Feature","properties":{"lu":"Commercial Urban Block","ct":"Existing","a":0.176},"geometry":{"type":"MultiPolygon","coordinates":[[[[73.69773,32.08062],[73.69809,32.08083],[73.69815,32.08074],[73.69815,32.08062],[73.69796,32.08062],[73.69793,32.08048],[73.69782,32.08048],[73.69773,32.08062]]]]}},{"type":"Feature","properties":{"lu":"Commercial Urban Block","ct":"Existing","a":0.178},"geometry":{"type":"MultiPolygon","coordinates":[[[[73.69949,32.07794],[73.69935,32.07808],[73.69966,32.07829],[73.69978,32.07818],[73.69949,32.07794]]]]}},{"type":"Feature","properties":{"lu":"Commercial Urban Block","ct":"Existing","a":0.238},"geometry":{"type":"MultiPolygon","coordinates":[[[[73.69926,32.07816],[73.69913,32.0783],[73.69967,32.07859],[73.69974,32.07847],[73.69926,32.07816]]]]}},{"type":"Feature","properties":{"lu":"Commercial Urban Block","ct":"Existing","a":0.153},"geometry":{"type":"MultiPolygon","coordinates":[[[[73.69866,32.07269],[73.69841,32.07277],[73.6984,32.07293],[73.69862,32.07291],[73.69863,32.07301],[73.69871,32.073],[73.69866,32.07269]]]]}},{"type":"Feature","properties":{"lu":"Commercial Urban Block","ct":"Existing","a":0.057},"geometry":{"type":"MultiPolygon","coordinates":[[[[73.69863,32.07303],[73.69867,32.0733],[73.69875,32.07329],[73.69871,32.07302],[73.69863,32.07303]]]]}},{"type":"Feature","properties":{"lu":"Commercial Urban Block","ct":"Existing","a":0.061},"geometry":{"type":"MultiPolygon","coordinates":[[[[73.69867,32.07334],[73.69871,32.07362],[73.6988,32.07361],[73.69876,32.07334],[73.69867,32.07334]]]]}},{"type":"Feature","properties":{"lu":"Commercial Urban Block","ct":"Existing","a":0.077},"geometry":{"type":"MultiPolygon","coordinates":[[[[73.69871,32.07364],[73.69876,32.07397],[73.69885,32.07397],[73.6988,32.07364],[73.69871,32.07364]]]]}},{"type":"Feature","properties":{"lu":"Commercial Urban Block","ct":"Existing","a":0.041},"geometry":{"type":"MultiPolygon","coordinates":[[[[73.69876,32.074],[73.69876,32.07415],[73.69888,32.07415],[73.69885,32.074],[73.69876,32.074]]]]}},{"type":"Feature","properties":{"lu":"Commercial Urban Block","ct":"Existing","a":0.161},"geometry":{"type":"MultiPolygon","coordinates":[[[[73.69885,32.07299],[73.69879,32.07241],[73.69867,32.07242],[73.69875,32.073],[73.69885,32.07299]]]]}},{"type":"Feature","properties":{"lu":"Commercial Urban Block","ct":"Existing","a":0.026},"geometry":{"type":"MultiPolygon","coordinates":[[[[73.69888,32.07328],[73.69887,32.07317],[73.69878,32.07318],[73.69879,32.07329],[73.69888,32.07328]]]]}},{"type":"Feature","properties":{"lu":"Commercial Urban Block","ct":"Existing","a":0.144},"geometry":{"type":"MultiPolygon","coordinates":[[[[73.6991,32.07361],[73.69908,32.07345],[73.69891,32.07347],[73.69889,32.0733],[73.6988,32.07331],[73.69884,32.07363],[73.6991,32.07361]]]]}},{"type":"Feature","properties":{"lu":"Commercial Urban Block","ct":"Existing","a":0.126},"geometry":{"type":"MultiPolygon","coordinates":[[[[73.69905,32.07388],[73.69909,32.07363],[73.69884,32.07366],[73.69888,32.07389],[73.69905,32.07388]]]]}},{"type":"Feature","properties":{"lu":"Commercial Urban Block","ct":"Existing","a":0.051},"geometry":{"type":"MultiPolygon","coordinates":[[[[73.69901,32.07411],[73.69898,32.0739],[73.69889,32.07391],[73.69893,32.07417],[73.69901,32.07411]]]]}},{"type":"Feature","properties":{"lu":"Commercial Urban Block","ct":"Existing","a":0.076},"geometry":{"type":"MultiPolygon","coordinates":[[[[73.70186,32.07363],[73.70187,32.07376],[73.70209,32.07375],[73.70209,32.07362],[73.70186,32.07363]]]]}},{"type":"Feature","properties":{"lu":"Commercial Urban Block","ct":"Existing","a":0.108},"geometry":{"type":"MultiPolygon","coordinates":[[[[73.7021,32.07398],[73.7021,32.07379],[73.70187,32.07381],[73.70191,32.074],[73.7021,32.07398]]]]}},{"type":"Feature","properties":{"lu":"Commercial Urban Block","ct":"Existing","a":0.416},"geometry":{"type":"MultiPolygon","coordinates":[[[[73.70202,32.07292],[73.70176,32.07292],[73.70186,32.0736],[73.70209,32.07359],[73.70202,32.07292]]]]}},{"type":"Feature","properties":{"lu":"Commercial Urban Block","ct":"Existing","a":0.881},"geometry":{"type":"MultiPolygon","coordinates":[[[[73.70246,32.07434],[73.70236,32.07369],[73.70225,32.0737],[73.70223,32.07349],[73.70251,32.07348],[73.70237,32.07301],[73.7021,32.073],[73.70218,32.07434],[73.70246,32.07434]]]]}},{"type":"Feature","properties":{"lu":"Commercial Urban Block","ct":"Existing","a":0.116},"geometry":{"type":"MultiPolygon","coordinates":[[[[73.71079,32.0754],[73.71077,32.07524],[73.71047,32.07528],[73.71049,32.07542],[73.71079,32.0754]]]]}},{"type":"Feature","properties":{"lu":"Commercial Urban Block","ct":"Existing","a":0.805},"geometry":{"type":"MultiPolygon","coordinates":[[[[73.71154,32.07454],[73.71151,32.07432],[73.71105,32.07432],[73.71103,32.07419],[73.7107,32.07422],[73.71077,32.07482],[73.7111,32.07479],[73.71107,32.07458],[73.71154,32.07454]]]]}},{"type":"Feature","properties":{"lu":"Commercial Urban Block","ct":"Existing","a":0.232},"geometry":{"type":"MultiPolygon","coordinates":[[[[73.72086,32.07569],[73.72082,32.07541],[73.7205,32.07544],[73.72052,32.0757],[73.72086,32.07569]]]]}},{"type":"Feature","properties":{"lu":"Commercial Urban Block","ct":"Existing","a":0.367},"geometry":{"type":"MultiPolygon","coordinates":[[[[73.7035,32.07524],[73.7034,32.07549],[73.70332,32.07549],[73.70335,32.07571],[73.70376,32.07561],[73.70374,32.07528],[73.7035,32.07524]]]]}},{"type":"Feature","properties":{"lu":"Commercial Urban Block","ct":"Existing","a":0.079},"geometry":{"type":"MultiPolygon","coordinates":[[[[73.69724,32.08894],[73.69723,32.0888],[73.69701,32.08883],[73.69703,32.08896],[73.69724,32.08894]]]]}},{"type":"Feature","properties":{"lu":"Commercial Urban Block","ct":"Existing","a":0.191},"geometry":{"type":"MultiPolygon","coordinates":[[[[73.69031,32.07897],[73.69035,32.07918],[73.69072,32.0791],[73.69067,32.07893],[73.69031,32.07897]]]]}},{"type":"Feature","properties":{"lu":"Commercial Urban Block","ct":"Existing","a":0.237},"geometry":{"type":"MultiPolygon","coordinates":[[[[73.69143,32.09055],[73.69144,32.09028],[73.69111,32.09028],[73.6911,32.09056],[73.69143,32.09055]]]]}},{"type":"Feature","properties":{"lu":"Commercial Urban Block","ct":"Existing","a":1.611},"geometry":{"type":"MultiPolygon","coordinates":[[[[73.69248,32.09211],[73.69146,32.09209],[73.69145,32.09271],[73.69247,32.09271],[73.69248,32.09211]]]]}},{"type":"Feature","properties":{"lu":"Commercial Urban Block","ct":"Existing","a":0.106},"geometry":{"type":"MultiPolygon","coordinates":[[[[73.68481,32.07947],[73.68476,32.07965],[73.68497,32.07971],[73.68503,32.07952],[73.68481,32.07947]]]]}},{"type":"Feature","properties":{"lu":"Commercial Urban Block","ct":"Existing","a":0.062},"geometry":{"type":"MultiPolygon","coordinates":[[[[73.68211,32.08633],[73.68195,32.08628],[73.6819,32.08642],[73.68207,32.08646],[73.68211,32.08633]]]]}},{"type":"Feature","properties":{"lu":"Commercial Urban Block","ct":"Existing","a":0.168},"geometry":{"type":"MultiPolygon","coordinates":[[[[73.67934,32.08826],[73.6791,32.08817],[73.679,32.08839],[73.67923,32.08851],[73.67934,32.08826]]]]}},{"type":"Feature","properties":{"lu":"Commercial Urban Block","ct":"Existing","a":0.42},"geometry":{"type":"MultiPolygon","coordinates":[[[[73.67288,32.09132],[73.67244,32.09114],[73.67224,32.09151],[73.6725,32.0916],[73.67259,32.09145],[73.67274,32.09155],[73.67288,32.09132]]]]}},{"type":"Feature","properties":{"lu":"Commercial Urban Block","ct":"Existing","a":0.013},"geometry":{"type":"MultiPolygon","coordinates":[[[[73.67604,32.08864],[73.67595,32.0886],[73.67591,32.08863],[73.67602,32.08868],[73.67604,32.08864]]]]}},{"type":"Feature","properties":{"lu":"Commercial Urban Block","ct":"Existing","a":105.14},"geometry":{"type":"MultiPolygon","coordinates":[[[[73.67287,32.0854],[73.67388,32.08517],[73.67275,32.0839],[73.67097,32.08153],[73.66588,32.08428],[73.66639,32.0853],[73.66701,32.08698],[73.66712,32.08707],[73.66706,32.08712],[73.66775,32.08913],[73.6684,32.08949],[73.66977,32.09],[73.67007,32.08941],[73.67127,32.08993],[73.67348,32.08606],[73.67218,32.08561],[73.67287,32.0854]]]]}},{"type":"Feature","properties":{"lu":"Commercial Urban Block","ct":"Existing","a":0.741},"geometry":{"type":"MultiPolygon","coordinates":[[[[73.67798,32.08445],[73.6781,32.08409],[73.67759,32.08389],[73.67742,32.08439],[73.67795,32.08458],[73.67798,32.08445]]]]}},{"type":"Feature","properties":{"lu":"Commercial Urban Block","ct":"Existing","a":0.066},"geometry":{"type":"MultiPolygon","coordinates":[[[[73.68052,32.07715],[73.68036,32.07709],[73.68029,32.07722],[73.68045,32.07728],[73.68052,32.07715]]]]}},{"type":"Feature","properties":{"lu":"Commercial Urban Block","ct":"Existing","a":0.076},"geometry":{"type":"MultiPolygon","coordinates":[[[[73.68104,32.07677],[73.68096,32.07692],[73.68112,32.07698],[73.68121,32.07683],[73.68104,32.07677]]]]}},{"type":"Feature","properties":{"lu":"Commercial Urban Block","ct":"Existing","a":0.285},"geometry":{"type":"MultiPolygon","coordinates":[[[[73.68216,32.07549],[73.68193,32.07544],[73.68189,32.07562],[73.68172,32.07557],[73.68167,32.07575],[73.68204,32.07584],[73.68216,32.07549]]]]}},{"type":"Feature","properties":{"lu":"Commercial Urban Block","ct":"Existing","a":0.171},"geometry":{"type":"MultiPolygon","coordinates":[[[[73.68057,32.0758],[73.68036,32.07599],[73.68062,32.07613],[73.68075,32.07588],[73.68057,32.0758]]]]}},{"type":"Feature","properties":{"lu":"Commercial Urban Block","ct":"Existing","a":0.119},"geometry":{"type":"MultiPolygon","coordinates":[[[[73.68219,32.07555],[73.68215,32.07567],[73.68248,32.07575],[73.68252,32.07561],[73.68219,32.07555]]]]}},{"type":"Feature","properties":{"lu":"Commercial Urban Block","ct":"Existing","a":0.22},"geometry":{"type":"MultiPolygon","coordinates":[[[[73.67593,32.0814],[73.67587,32.08153],[73.67575,32.08149],[73.67569,32.08171],[73.67594,32.0818],[73.67606,32.08146],[73.67593,32.0814]]]]}},{"type":"Feature","properties":{"lu":"Commercial Urban Block","ct":"Existing","a":0.051},"geometry":{"type":"MultiPolygon","coordinates":[[[[73.67916,32.07506],[73.67905,32.07499],[73.67894,32.07511],[73.67906,32.07517],[73.67916,32.07506]]]]}},{"type":"Feature","properties":{"lu":"Commercial Urban Block","ct":"Existing","a":0.272},"geometry":{"type":"MultiPolygon","coordinates":[[[[73.68068,32.0753],[73.6803,32.07572],[73.68047,32.07583],[73.68084,32.0754],[73.68068,32.0753]]]]}},{"type":"Feature","properties":{"lu":"Commercial Urban Block","ct":"Existing","a":0.109},"geometry":{"type":"MultiPolygon","coordinates":[[[[73.68,32.07598],[73.67991,32.07609],[73.67999,32.07614],[73.67985,32.07627],[73.67992,32.07632],[73.68016,32.0761],[73.68,32.07598]]]]}},{"type":"Feature","properties":{"lu":"Commercial Urban Block","ct":"Existing","a":0.166},"geometry":{"type":"MultiPolygon","coordinates":[[[[73.68029,32.07573],[73.68005,32.07599],[73.68018,32.07609],[73.68046,32.07584],[73.68029,32.07573]]]]}},{"type":"Feature","properties":{"lu":"Commercial Urban Block","ct":"Existing","a":0.067},"geometry":{"type":"MultiPolygon","coordinates":[[[[73.67621,32.0764],[73.67608,32.07631],[73.67598,32.07643],[73.67611,32.07652],[73.67621,32.0764]]]]}},{"type":"Feature","properties":{"lu":"Commercial Urban Block","ct":"Existing","a":0.086},"geometry":{"type":"MultiPolygon","coordinates":[[[[73.67699,32.07678],[73.67684,32.07695],[73.67696,32.07703],[73.67711,32.07685],[73.67699,32.07678]]]]}},{"type":"Feature","properties":{"lu":"Commercial Urban Block","ct":"Existing","a":1.745},"geometry":{"type":"MultiPolygon","coordinates":[[[[73.66765,32.08332],[73.66713,32.08258],[73.66622,32.0831],[73.66632,32.08324],[73.66685,32.08321],[73.66709,32.08363],[73.66765,32.08332]]]]}},{"type":"Feature","properties":{"lu":"Commercial Urban Block","ct":"Existing","a":0.955},"geometry":{"type":"MultiPolygon","coordinates":[[[[73.66713,32.08144],[73.6669,32.08148],[73.66663,32.08109],[73.66645,32.08118],[73.66657,32.08135],[73.66597,32.08159],[73.66619,32.08194],[73.66713,32.08144]]]]}},{"type":"Feature","properties":{"lu":"Commercial Urban Block","ct":"Existing","a":0.336},"geometry":{"type":"MultiPolygon","coordinates":[[[[73.66921,32.07855],[73.66899,32.07821],[73.66871,32.0784],[73.66895,32.07871],[73.66921,32.07855]]]]}},{"type":"Feature","properties":{"lu":"Commercial Urban Block","ct":"Existing","a":0.44},"geometry":{"type":"MultiPolygon","coordinates":[[[[73.67465,32.07563],[73.67439,32.07533],[73.674,32.07553],[73.67418,32.07582],[73.67465,32.07563]]]]}},{"type":"Feature","properties":{"lu":"Commercial Urban Block","ct":"Existing","a":0.375},"geometry":{"type":"MultiPolygon","coordinates":[[[[73.67567,32.07404],[73.67547,32.07426],[73.67587,32.07454],[73.67608,32.07434],[73.67567,32.07404]]]]}},{"type":"Feature","properties":{"lu":"Commercial Urban Block","ct":"Existing","a":0.014},"geometry":{"type":"MultiPolygon","coordinates":[[[[73.68174,32.06984],[73.68168,32.06987],[73.68174,32.06994],[73.68179,32.06991],[73.68174,32.06984]]]]}},{"type":"Feature","properties":{"lu":"Commercial Urban Block","ct":"Existing","a":0.028},"geometry":{"type":"MultiPolygon","coordinates":[[[[73.68121,32.07014],[73.68114,32.07018],[73.68123,32.07029],[73.6813,32.07025],[73.68121,32.07014]]]]}},{"type":"Feature","properties":{"lu":"Commercial Urban Block","ct":"Existing","a":0.103},"geometry":{"type":"MultiPolygon","coordinates":[[[[73.67178,32.06987],[73.67147,32.06984],[73.6714,32.06996],[73.67178,32.06995],[73.67178,32.06987]]]]}},{"type":"Feature","properties":{"lu":"Commercial Urban Block","ct":"Existing","a":0.125},"geometry":{"type":"MultiPolygon","coordinates":[[[[73.66846,32.06947],[73.6683,32.06914],[73.66818,32.06919],[73.66834,32.06953],[73.66846,32.06947]]]]}},{"type":"Feature","properties":{"lu":"Commercial Urban Block","ct":"Existing","a":0.249},"geometry":{"type":"MultiPolygon","coordinates":[[[[73.68506,32.04847],[73.68505,32.0481],[73.68476,32.04814],[73.68477,32.04841],[73.6849,32.04842],[73.6849,32.0485],[73.68506,32.04847]]]]}},{"type":"Feature","properties":{"lu":"Commercial Urban Block","ct":"Existing","a":0.474},"geometry":{"type":"MultiPolygon","coordinates":[[[[73.29667,31.89328],[73.29663,31.89318],[73.29679,31.89313],[73.29676,31.89304],[73.29694,31.893],[73.29691,31.89289],[73.29651,31.89296],[73.29649,31.89288],[73.29626,31.8929],[73.29639,31.89335],[73.29667,31.89328]]]]}},{"type":"Feature","properties":{"lu":"Commercial Urban Block","ct":"Existing","a":0.073},"geometry":{"type":"MultiPolygon","coordinates":[[[[73.27024,31.89512],[73.27025,31.89494],[73.27008,31.89495],[73.2701,31.89512],[73.27024,31.89512]]]]}},{"type":"Feature","properties":{"lu":"Commercial Urban Block","ct":"Existing","a":17.584},"geometry":{"type":"MultiPolygon","coordinates":[[[[73.28265,31.89586],[73.28262,31.89559],[73.28197,31.89561],[73.28175,31.89553],[73.28122,31.89558],[73.28126,31.8944],[73.28139,31.89434],[73.28148,31.89357],[73.27867,31.89332],[73.27849,31.89465],[73.27879,31.89482],[73.2798,31.89614],[73.28265,31.89586]]]]}},{"type":"Feature","properties":{"lu":"Commercial Urban Block","ct":"Existing","a":5.908},"geometry":{"type":"MultiPolygon","coordinates":[[[[73.27831,31.89643],[73.27835,31.89625],[73.2787,31.89618],[73.27876,31.89582],[73.27843,31.89578],[73.27854,31.89508],[73.2785,31.89483],[73.27792,31.89459],[73.2778,31.89476],[73.27782,31.89497],[73.27788,31.89498],[73.27785,31.89521],[73.27719,31.89515],[73.27698,31.89611],[73.27685,31.89634],[73.2776,31.89642],[73.27762,31.89667],[73.27831,31.89643]]],[[[73.278206,31.896469],[73.278207,31.896468],[73.278207,31.896469],[73.278206,31.896469]]]]}},{"type":"Feature","properties":{"lu":"Commercial Urban Block","ct":"Existing","a":13.058},"geometry":{"type":"MultiPolygon","coordinates":[[[[73.26883,31.89418],[73.26598,31.89579],[73.26886,31.89702],[73.26964,31.89742],[73.26937,31.8964],[73.26888,31.89526],[73.26883,31.89418]]]]}},{"type":"Feature","properties":{"lu":"Commercial Urban Block","ct":"Existing","a":0.947},"geometry":{"type":"MultiPolygon","coordinates":[[[[73.27363,31.90232],[73.27327,31.90212],[73.27324,31.90205],[73.27338,31.902],[73.27335,31.90189],[73.27319,31.90184],[73.2732,31.90177],[73.27298,31.90178],[73.27289,31.9026],[73.27333,31.9026],[73.27356,31.90229],[73.27363,31.90232]]]]}},{"type":"Feature","properties":{"lu":"Commercial Urban Block","ct":"Existing","a":0.995},"geometry":{"type":"MultiPolygon","coordinates":[[[[73.27095,31.90367],[73.27078,31.9037],[73.27037,31.90398],[73.2704,31.90414],[73.27049,31.90413],[73.27048,31.90438],[73.27119,31.90441],[73.27113,31.90418],[73.27096,31.90422],[73.27094,31.90415],[73.27108,31.90411],[73.27095,31.90367]]]]}},{"type":"Feature","properties":{"lu":"Commercial Urban Block","ct":"Existing","a":0.601},"geometry":{"type":"MultiPolygon","coordinates":[[[[73.27355,31.90912],[73.2744,31.90916],[73.27445,31.90923],[73.27449,31.90892],[73.27358,31.90887],[73.27355,31.90912]]]]}},{"type":"Feature","properties":{"lu":"Commercial Urban Block","ct":"Existing","a":2.097},"geometry":{"type":"MultiPolygon","coordinates":[[[[73.27619,31.91131],[73.27514,31.91092],[73.27511,31.9116],[73.27541,31.91155],[73.27541,31.91197],[73.27615,31.91203],[73.27619,31.91131]]]]}},{"type":"Feature","properties":{"lu":"Commercial Urban Block","ct":"Existing","a":0.032},"geometry":{"type":"MultiPolygon","coordinates":[[[[73.29501,31.89512],[73.29501,31.89521],[73.29517,31.8952],[73.29516,31.89512],[73.29501,31.89512]]]]}},{"type":"Feature","properties":{"lu":"Commercial Urban Block","ct":"Existing","a":0.026},"geometry":{"type":"MultiPolygon","coordinates":[[[[73.29511,31.89371],[73.29505,31.89373],[73.29507,31.89388],[73.29511,31.89371]]]]}},{"type":"Feature","properties":{"lu":"Commercial Urban Block","ct":"Existing","a":0.255},"geometry":{"type":"MultiPolygon","coordinates":[[[[73.29367,31.89465],[73.2936,31.89441],[73.29337,31.89429],[73.29338,31.89471],[73.29367,31.89473],[73.29367,31.89465]]]]}},{"type":"Feature","properties":{"lu":"Commercial Urban Block","ct":"Existing","a":0.036},"geometry":{"type":"MultiPolygon","coordinates":[[[[73.28962,31.89361],[73.28948,31.89363],[73.2895,31.89373],[73.28964,31.89371],[73.28962,31.89361]]]]}},{"type":"Feature","properties":{"lu":"Commercial Urban Block","ct":"Existing","a":0.134},"geometry":{"type":"MultiPolygon","coordinates":[[[[73.28816,31.89503],[73.28813,31.89487],[73.28781,31.89491],[73.28785,31.89507],[73.28816,31.89503]]]]}},{"type":"Feature","properties":{"lu":"Commercial Urban Block","ct":"Existing","a":0.235},"geometry":{"type":"MultiPolygon","coordinates":[[[[73.28809,31.8947],[73.28804,31.89441],[73.28773,31.89446],[73.28778,31.89474],[73.28809,31.8947]]]]}},{"type":"Feature","properties":{"lu":"Commercial Urban Block","ct":"Existing","a":0.115},"geometry":{"type":"MultiPolygon","coordinates":[[[[73.28833,31.89329],[73.2883,31.89309],[73.28808,31.89312],[73.28811,31.89332],[73.28833,31.89329]]]]}},{"type":"Feature","properties":{"lu":"Commercial Urban Block","ct":"Existing","a":0.798},"geometry":{"type":"MultiPolygon","coordinates":[[[[73.28193,31.8978],[73.28243,31.89774],[73.28237,31.8972],[73.28204,31.89728],[73.28205,31.89746],[73.282,31.89728],[73.28176,31.8973],[73.28182,31.8978],[73.28193,31.8978]]]]}},{"type":"Feature","properties":{"lu":"Commercial Urban Block","ct":"Existing","a":1.059},"geometry":{"type":"MultiPolygon","coordinates":[[[[73.28237,31.8972],[73.28234,31.89669],[73.28284,31.89664],[73.28282,31.89632],[73.28258,31.89633],[73.28256,31.89643],[73.28253,31.8963],[73.28224,31.89632],[73.28227,31.89658],[73.282,31.89658],[73.28204,31.89728],[73.28237,31.8972]]]]}},{"type":"Feature","properties":{"lu":"Commercial Urban Block","ct":"Existing","a":0.19},"geometry":{"type":"MultiPolygon","coordinates":[[[[73.27928,31.89927],[73.27929,31.89909],[73.27909,31.89908],[73.27889,31.89932],[73.27927,31.89934],[73.27928,31.89927]]]]}},{"type":"Feature","properties":{"lu":"Commercial Urban Block","ct":"Existing","a":0.074},"geometry":{"type":"MultiPolygon","coordinates":[[[[73.27904,31.89862],[73.27885,31.89867],[73.2789,31.8988],[73.27909,31.89876],[73.27904,31.89862]]]]}},{"type":"Feature","properties":{"lu":"Commercial Urban Block","ct":"Existing","a":0.044},"geometry":{"type":"MultiPolygon","coordinates":[[[[73.27755,31.90034],[73.27767,31.90035],[73.27767,31.90021],[73.27755,31.9002],[73.27755,31.90034]]]]}},{"type":"Feature","properties":{"lu":"Commercial Urban Block","ct":"Existing","a":0.048},"geometry":{"type":"MultiPolygon","coordinates":[[[[73.28101,31.90215],[73.28085,31.90215],[73.28084,31.90226],[73.28101,31.90227],[73.28101,31.90215]]]]}},{"type":"Feature","properties":{"lu":"Commercial Urban Block","ct":"Existing","a":0.25},"geometry":{"type":"MultiPolygon","coordinates":[[[[73.28407,31.90402],[73.28394,31.9037],[73.2837,31.90373],[73.28376,31.90408],[73.28407,31.90402]]]]}},{"type":"Feature","properties":{"lu":"Commercial Urban Block","ct":"Existing","a":0.031},"geometry":{"type":"MultiPolygon","coordinates":[[[[73.28174,31.90423],[73.2817,31.9041],[73.28162,31.90411],[73.28164,31.90424],[73.28174,31.90423]]]]}},{"type":"Feature","properties":{"lu":"Commercial Urban Block","ct":"Existing","a":0.072},"geometry":{"type":"MultiPolygon","coordinates":[[[[73.28249,31.90454],[73.28251,31.90469],[73.2827,31.90466],[73.28267,31.90452],[73.28249,31.90454]]]]}},{"type":"Feature","properties":{"lu":"Commercial Urban Block","ct":"Existing","a":0.278},"geometry":{"type":"MultiPolygon","coordinates":[[[[73.28074,31.90684],[73.28037,31.90682],[73.28034,31.9071],[73.28071,31.90713],[73.28074,31.90684]]]]}},{"type":"Feature","properties":{"lu":"Commercial Urban Block","ct":"Existing","a":0.106},"geometry":{"type":"MultiPolygon","coordinates":[[[[73.27785,31.90411],[73.27782,31.90435],[73.27799,31.90435],[73.27803,31.90413],[73.27785,31.90411]]]]}},{"type":"Feature","properties":{"lu":"Commercial Urban Block","ct":"Existing","a":0.112},"geometry":{"type":"MultiPolygon","coordinates":[[[[73.27632,31.90378],[73.27614,31.90378],[73.27614,31.90403],[73.27631,31.90403],[73.27632,31.90378]]]]}},{"type":"Feature","properties":{"lu":"Commercial Urban Block","ct":"Existing","a":0.12},"geometry":{"type":"MultiPolygon","coordinates":[[[[73.2753,31.9046],[73.27497,31.90463],[73.27499,31.90476],[73.27533,31.90474],[73.2753,31.9046]]]]}},{"type":"Feature","properties":{"lu":"Commercial Urban Block","ct":"Existing","a":0.054},"geometry":{"type":"MultiPolygon","coordinates":[[[[73.27698,31.90197],[73.27711,31.90198],[73.27713,31.90181],[73.27702,31.9018],[73.27698,31.90197]]]]}},{"type":"Feature","properties":{"lu":"Commercial Urban Block","ct":"Existing","a":0.035},"geometry":{"type":"MultiPolygon","coordinates":[[[[73.27726,31.90237],[73.27725,31.90245],[73.27741,31.90247],[73.27742,31.90239],[73.27726,31.90237]]]]}},{"type":"Feature","properties":{"lu":"Commercial Urban Block","ct":"Existing","a":0.2},"geometry":{"type":"MultiPolygon","coordinates":[[[[73.27864,31.90538],[73.27865,31.9052],[73.27824,31.9052],[73.27823,31.9054],[73.27864,31.90538]]]]}},{"type":"Feature","properties":{"lu":"Commercial Urban Block","ct":"Existing","a":0.46},"geometry":{"type":"MultiPolygon","coordinates":[[[[73.2762,31.9072],[73.27578,31.90717],[73.27576,31.9076],[73.27617,31.90763],[73.2762,31.9072]]]]}},{"type":"Feature","properties":{"lu":"Commercial Urban Block","ct":"Existing","a":0.045},"geometry":{"type":"MultiPolygon","coordinates":[[[[73.27326,31.90661],[73.27325,31.90671],[73.27343,31.90671],[73.27343,31.90661],[73.27326,31.90661]]]]}},{"type":"Feature","properties":{"lu":"Commercial Urban Block","ct":"Existing","a":0.041},"geometry":{"type":"MultiPolygon","coordinates":[[[[73.27315,31.90744],[73.27327,31.90744],[73.27328,31.90731],[73.27316,31.90731],[73.27315,31.90744]]]]}},{"type":"Feature","properties":{"lu":"Commercial Urban Block","ct":"Existing","a":0.252},"geometry":{"type":"MultiPolygon","coordinates":[[[[73.27343,31.90061],[73.27338,31.90029],[73.2731,31.90033],[73.27315,31.90066],[73.27343,31.90061]]]]}},{"type":"Feature","properties":{"lu":"Commercial Urban Block","ct":"Existing","a":0.041},"geometry":{"type":"MultiPolygon","coordinates":[[[[73.27654,31.90141],[73.27652,31.90131],[73.27637,31.90133],[73.27638,31.90142],[73.27654,31.90141]]]]}},{"type":"Feature","properties":{"lu":"Commercial Urban Block","ct":"Existing","a":0.314},"geometry":{"type":"MultiPolygon","coordinates":[[[[73.27222,31.90891],[73.27215,31.90928],[73.27242,31.90929],[73.27242,31.90942],[73.27247,31.90942],[73.27251,31.90894],[73.27222,31.90891]]]]}},{"type":"Feature","properties":{"lu":"Commercial Urban Block","ct":"Existing","a":0.379},"geometry":{"type":"MultiPolygon","coordinates":[[[[73.26997,31.90798],[73.27015,31.90783],[73.27014,31.90765],[73.2699,31.90752],[73.26963,31.90783],[73.26997,31.90798]]]]}},{"type":"Feature","properties":{"lu":"Commercial Urban Block","ct":"Existing","a":0.283},"geometry":{"type":"MultiPolygon","coordinates":[[[[73.27709,31.91883],[73.27714,31.91845],[73.27682,31.91844],[73.27685,31.91877],[73.27691,31.91885],[73.27709,31.91883]]]]}},{"type":"Feature","properties":{"lu":"Commercial Urban Block","ct":"Existing","a":0.05},"geometry":{"type":"MultiPolygon","coordinates":[[[[73.27792,31.91957],[73.27788,31.91941],[73.27777,31.91943],[73.2778,31.91958],[73.27792,31.91957]]]]}},{"type":"Feature","properties":{"lu":"Commercial Urban Block","ct":"Existing","a":0.077},"geometry":{"type":"MultiPolygon","coordinates":[[[[73.27784,31.91796],[73.27766,31.91797],[73.27765,31.91813],[73.27783,31.91813],[73.27784,31.91796]]]]}},{"type":"Feature","properties":{"lu":"Commercial Urban Block","ct":"Existing","a":0.03},"geometry":{"type":"MultiPolygon","coordinates":[[[[73.27101,31.9031],[73.27098,31.90299],[73.27087,31.90301],[73.27091,31.90312],[73.27101,31.9031]]]]}},{"type":"Feature","properties":{"lu":"Commercial Urban Block","ct":"Existing","a":0.138},"geometry":{"type":"MultiPolygon","coordinates":[[[[73.26756,31.90281],[73.2674,31.9028],[73.26736,31.90309],[73.26755,31.9031],[73.26756,31.90281]]]]}},{"type":"Feature","properties":{"lu":"Commercial Urban Block","ct":"Existing","a":0.037},"geometry":{"type":"MultiPolygon","coordinates":[[[[73.26854,31.90013],[73.26854,31.90021],[73.26872,31.90021],[73.26873,31.90014],[73.26854,31.90013]]]]}},{"type":"Feature","properties":{"lu":"Commercial Urban Block","ct":"Existing","a":0.087},"geometry":{"type":"MultiPolygon","coordinates":[[[[73.26668,31.90076],[73.26653,31.90075],[73.26651,31.90098],[73.26665,31.90099],[73.26668,31.90076]]]]}},{"type":"Feature","properties":{"lu":"Commercial Urban Block","ct":"Existing","a":0.016},"geometry":{"type":"MultiPolygon","coordinates":[[[[73.27089,31.8993],[73.27087,31.89924],[73.27078,31.89926],[73.2708,31.89932],[73.27089,31.8993]]]]}},{"type":"Feature","properties":{"lu":"Commercial Urban Block","ct":"Existing","a":0.027},"geometry":{"type":"MultiPolygon","coordinates":[[[[73.27446,31.89978],[73.27444,31.8997],[73.27431,31.89972],[73.27434,31.8998],[73.27446,31.89978]]]]}},{"type":"Feature","properties":{"lu":"Commercial Urban Block","ct":"Existing","a":0.08},"geometry":{"type":"MultiPolygon","coordinates":[[[[73.27496,31.89969],[73.27495,31.89953],[73.27479,31.89949],[73.27482,31.8997],[73.27496,31.89969]]]]}},{"type":"Feature","properties":{"lu":"Commercial Urban Block","ct":"Existing","a":0.246},"geometry":{"type":"MultiPolygon","coordinates":[[[[73.26478,31.90181],[73.26451,31.90175],[73.26444,31.9021],[73.2647,31.90215],[73.26478,31.90181]]]]}},{"type":"Feature","properties":{"lu":"Commercial Urban Block","ct":"Existing","a":0.058},"geometry":{"type":"MultiPolygon","coordinates":[[[[73.26643,31.90396],[73.26628,31.90374],[73.26632,31.90382],[73.26622,31.90385],[73.2663,31.90401],[73.26643,31.90396]]]]}},{"type":"Feature","properties":{"lu":"Commercial Urban Block","ct":"Existing","a":0.416},"geometry":{"type":"MultiPolygon","coordinates":[[[[73.26882,31.8973],[73.26879,31.89735],[73.26931,31.89762],[73.2693,31.89774],[73.26955,31.89778],[73.26956,31.89771],[73.26968,31.8978],[73.26998,31.89852],[73.26991,31.89806],[73.2697,31.89772],[73.26882,31.8973]]]]}},{"type":"Feature","properties":{"lu":"Commercial Urban Block","ct":"Existing","a":0.124},"geometry":{"type":"MultiPolygon","coordinates":[[[[73.26962,31.89876],[73.26987,31.89859],[73.26983,31.89854],[73.26959,31.89869],[73.26944,31.89869],[73.26939,31.89855],[73.26929,31.89854],[73.2694,31.89879],[73.26962,31.89876]]]]}},{"type":"Feature","properties":{"lu":"Commercial Urban Block","ct":"Existing","a":0.045},"geometry":{"type":"MultiPolygon","coordinates":[[[[73.26682,31.89985],[73.26651,31.89983],[73.2665,31.89989],[73.26682,31.89985]]]]}},{"type":"Feature","properties":{"lu":"Commercial Urban Block","ct":"Existing","a":0.111},"geometry":{"type":"MultiPolygon","coordinates":[[[[73.26622,31.90013],[73.26617,31.9],[73.26588,31.90007],[73.26593,31.9002],[73.26622,31.90013]]]]}},{"type":"Feature","properties":{"lu":"Commercial Urban Block","ct":"Existing","a":0.139},"geometry":{"type":"MultiPolygon","coordinates":[[[[73.26663,31.89652],[73.26624,31.89635],[73.26621,31.89654],[73.26658,31.89659],[73.26663,31.89652]]]]}},{"type":"Feature","properties":{"lu":"Commercial Urban Block","ct":"Existing","a":0.046},"geometry":{"type":"MultiPolygon","coordinates":[[[[73.27206,31.89456],[73.27193,31.89455],[73.27193,31.89469],[73.27205,31.8947],[73.27206,31.89456]]]]}},{"type":"Feature","properties":{"lu":"Commercial Urban Block","ct":"Existing","a":0.068},"geometry":{"type":"MultiPolygon","coordinates":[[[[73.27109,31.89398],[73.2709,31.89401],[73.27092,31.89414],[73.2711,31.89412],[73.27109,31.89398]]]]}},{"type":"Feature","properties":{"lu":"Commercial Urban Block","ct":"Existing","a":0.074},"geometry":{"type":"MultiPolygon","coordinates":[[[[73.27022,31.89423],[73.2702,31.89407],[73.27002,31.89409],[73.27004,31.89424],[73.27022,31.89423]]]]}},{"type":"Feature","properties":{"lu":"Commercial Urban Block","ct":"Existing","a":0.011},"geometry":{"type":"MultiPolygon","coordinates":[[[[73.27288,31.89441],[73.27284,31.89441],[73.27283,31.89441],[73.27284,31.89451],[73.27288,31.89451],[73.27288,31.89441]]]]}},{"type":"Feature","properties":{"lu":"Commercial Urban Block","ct":"Existing","a":0.125},"geometry":{"type":"MultiPolygon","coordinates":[[[[73.27268,31.89574],[73.27266,31.89589],[73.27299,31.89591],[73.273,31.89577],[73.27268,31.89574]]]]}},{"type":"Feature","properties":{"lu":"Commercial Urban Block","ct":"Existing","a":0.054},"geometry":{"type":"MultiPolygon","coordinates":[[[[73.27195,31.89602],[73.27177,31.89601],[73.27176,31.89613],[73.27194,31.89614],[73.27195,31.89602]]]]}},{"type":"Feature","properties":{"lu":"Commercial Urban Block","ct":"Existing","a":1.11},"geometry":{"type":"MultiPolygon","coordinates":[[[[73.27246,31.89251],[73.27216,31.89259],[73.2723,31.89315],[73.273,31.89303],[73.27286,31.89244],[73.27246,31.89251]]]]}},{"type":"Feature","properties":{"lu":"Commercial Urban Block","ct":"Existing","a":0.125},"geometry":{"type":"MultiPolygon","coordinates":[[[[73.26829,31.89033],[73.26826,31.89019],[73.26792,31.89029],[73.26797,31.89042],[73.26829,31.89033]]]]}},{"type":"Feature","properties":{"lu":"Commercial Urban Block","ct":"Existing","a":0.119},"geometry":{"type":"MultiPolygon","coordinates":[[[[73.27693,31.89217],[73.27675,31.89211],[73.27665,31.89234],[73.27682,31.8924],[73.27693,31.89217]]]]}},{"type":"Feature","properties":{"lu":"Commercial Urban Block","ct":"Existing","a":0.238},"geometry":{"type":"MultiPolygon","coordinates":[[[[73.27627,31.89357],[73.27655,31.8937],[73.27669,31.89344],[73.27641,31.89331],[73.27627,31.89357]]]]}},{"type":"Feature","properties":{"lu":"Commercial Urban Block","ct":"Existing","a":0.051},"geometry":{"type":"MultiPolygon","coordinates":[[[[73.27932,31.89321],[73.27949,31.89322],[73.2795,31.89312],[73.27934,31.89307],[73.27932,31.89321]]]]}},{"type":"Feature","properties":{"lu":"Commercial Urban Block","ct":"Existing","a":0.074},"geometry":{"type":"MultiPolygon","coordinates":[[[[73.27906,31.8926],[73.27884,31.89258],[73.27882,31.89271],[73.27904,31.89273],[73.27906,31.8926]]]]}},{"type":"Feature","properties":{"lu":"Commercial Urban Block","ct":"Existing","a":0.066},"geometry":{"type":"MultiPolygon","coordinates":[[[[73.27427,31.89204],[73.27426,31.8919],[73.27407,31.89191],[73.2741,31.89205],[73.27427,31.89204]]]]}},{"type":"Feature","properties":{"lu":"Commercial Urban Block","ct":"Existing","a":0.021},"geometry":{"type":"MultiPolygon","coordinates":[[[[73.27777,31.88973],[73.27767,31.88973],[73.27766,31.88981],[73.27776,31.88981],[73.27777,31.88973]]]]}},{"type":"Feature","properties":{"lu":"Commercial Urban Block","ct":"Existing","a":0.097},"geometry":{"type":"MultiPolygon","coordinates":[[[[73.27812,31.88974],[73.27796,31.88974],[73.27794,31.88996],[73.2781,31.88997],[73.27812,31.88974]]]]}},{"type":"Feature","properties":{"lu":"Commercial Urban Block","ct":"Existing","a":0.122},"geometry":{"type":"MultiPolygon","coordinates":[[[[73.2828,31.89068],[73.28248,31.89065],[73.28246,31.89079],[73.28278,31.89082],[73.2828,31.89068]]]]}},{"type":"Feature","properties":{"lu":"Commercial Urban Block","ct":"Existing","a":0.371},"geometry":{"type":"MultiPolygon","coordinates":[[[[73.28067,31.89179],[73.28016,31.89174],[73.28013,31.89202],[73.28064,31.89207],[73.28067,31.89179]]]]}},{"type":"Feature","properties":{"lu":"Commercial Urban Block","ct":"Existing","a":0.015},"geometry":{"type":"MultiPolygon","coordinates":[[[[73.27846,31.89337],[73.27845,31.89342],[73.27858,31.89343],[73.27859,31.89338],[73.27846,31.89337]]]]}},{"type":"Feature","properties":{"lu":"Commercial Urban Block","ct":"Existing","a":0.185},"geometry":{"type":"MultiPolygon","coordinates":[[[[73.27955,31.89607],[73.27913,31.89555],[73.27897,31.89561],[73.27902,31.89569],[73.27912,31.89564],[73.27929,31.89583],[73.27934,31.89611],[73.27955,31.89607]]]]}},{"type":"Feature","properties":{"lu":"Commercial Urban Block","ct":"Existing","a":0.052},"geometry":{"type":"MultiPolygon","coordinates":[[[[73.27888,31.89604],[73.27874,31.89602],[73.27871,31.89618],[73.27886,31.89616],[73.27888,31.89604]]]]}},{"type":"Feature","properties":{"lu":"Commercial Urban Block","ct":"Existing","a":0.031},"geometry":{"type":"MultiPolygon","coordinates":[[[[73.27911,31.89596],[73.279,31.89595],[73.27898,31.89606],[73.27908,31.89609],[73.27911,31.89596]]]]}},{"type":"Feature","properties":{"lu":"Commercial Urban Block","ct":"Existing","a":0.031},"geometry":{"type":"MultiPolygon","coordinates":[[[[73.27228,31.8999],[73.27225,31.8998],[73.27214,31.89982],[73.27219,31.89995],[73.27228,31.8999]]]]}},{"type":"Feature","properties":{"lu":"Commercial Urban Block","ct":"Existing","a":0.056},"geometry":{"type":"MultiPolygon","coordinates":[[[[73.28313,31.90582],[73.2831,31.90569],[73.28294,31.90573],[73.28296,31.90585],[73.28313,31.90582]]]]}},{"type":"Feature","properties":{"lu":"Commercial Urban Block","ct":"Existing","a":0.436},"geometry":{"type":"MultiPolygon","coordinates":[[[[73.28311,31.90634],[73.28327,31.9062],[73.28316,31.90598],[73.28265,31.90646],[73.28266,31.90673],[73.28311,31.90634]]]]}},{"type":"Feature","properties":{"lu":"Commercial Urban Block","ct":"Existing","a":0.192},"geometry":{"type":"MultiPolygon","coordinates":[[[[73.28453,31.90505],[73.2845,31.90496],[73.28406,31.90537],[73.2841,31.90548],[73.28453,31.90505]]]]}},{"type":"Feature","properties":{"lu":"Commercial Urban Block","ct":"Existing","a":2.916},"geometry":{"type":"MultiPolygon","coordinates":[[[[73.37374,32.05399],[73.3738,32.05345],[73.37145,32.05323],[73.37183,32.05378],[73.37374,32.05399]]]]}},{"type":"Feature","properties":{"lu":"Commercial Urban Block","ct":"Existing","a":0.557},"geometry":{"type":"MultiPolygon","coordinates":[[[[73.38986,32.0626],[73.38987,32.06247],[73.38911,32.06241],[73.3891,32.06272],[73.38985,32.06274],[73.38986,32.0626]]]]}},{"type":"Feature","properties":{"lu":"Commercial Urban Block","ct":"Existing","a":0.611},"geometry":{"type":"MultiPolygon","coordinates":[[[[73.37989,32.06377],[73.37967,32.06376],[73.37969,32.06468],[73.37999,32.06467],[73.37989,32.06377]]]]}},{"type":"Feature","properties":{"lu":"Commercial Urban Block","ct":"Existing","a":0.838},"geometry":{"type":"MultiPolygon","coordinates":[[[[73.38051,32.06535],[73.38051,32.06471],[73.38002,32.06472],[73.38006,32.06512],[73.37999,32.06542],[73.38051,32.06535]]]]}},{"type":"Feature","properties":{"lu":"Commercial Urban Block","ct":"Existing","a":0.711},"geometry":{"type":"MultiPolygon","coordinates":[[[[73.38671,32.05441],[73.38645,32.05443],[73.3862,32.05529],[73.38655,32.05533],[73.38671,32.05441]]]]}},{"type":"Feature","properties":{"lu":"Commercial Urban Block","ct":"Existing","a":3.742},"geometry":{"type":"MultiPolygon","coordinates":[[[[73.39004,32.06137],[73.39067,32.0614],[73.39069,32.06118],[73.3908,32.0612],[73.39087,32.06074],[73.38995,32.06065],[73.38985,32.06134],[73.38956,32.06131],[73.38947,32.0617],[73.38938,32.06177],[73.38904,32.0619],[73.38884,32.06187],[73.38882,32.06209],[73.38895,32.06211],[73.38889,32.06271],[73.38903,32.06272],[73.38905,32.06206],[73.38911,32.06205],[73.38909,32.06236],[73.38988,32.06243],[73.39004,32.06137]]]]}},{"type":"Feature","properties":{"lu":"Commercial Urban Block","ct":"Existing","a":0.052},"geometry":{"type":"MultiPolygon","coordinates":[[[[73.38671,32.05867],[73.3865,32.05866],[73.38649,32.05875],[73.3867,32.05876],[73.38671,32.05867]]]]}},{"type":"Feature","properties":{"lu":"Commercial Urban Block","ct":"Existing","a":0.056},"geometry":{"type":"MultiPolygon","coordinates":[[[[73.38616,32.05897],[73.38635,32.05899],[73.38636,32.05887],[73.38617,32.05886],[73.38616,32.05897]]]]}},{"type":"Feature","properties":{"lu":"Commercial Urban Block","ct":"Existing","a":0.335},"geometry":{"type":"MultiPolygon","coordinates":[[[[73.38535,32.06278],[73.38536,32.06263],[73.385,32.06258],[73.38497,32.06283],[73.3848,32.06282],[73.38479,32.06289],[73.38524,32.06295],[73.38535,32.06278]]]]}},{"type":"Feature","properties":{"lu":"Commercial Urban Block","ct":"Existing","a":0.033},"geometry":{"type":"MultiPolygon","coordinates":[[[[73.38372,32.05405],[73.38371,32.05413],[73.38388,32.05414],[73.38389,32.05408],[73.38372,32.05405]]]]}},{"type":"Feature","properties":{"lu":"Commercial Urban Block","ct":"Existing","a":0.02},"geometry":{"type":"MultiPolygon","coordinates":[[[[73.38074,32.06051],[73.38069,32.0605],[73.38067,32.06064],[73.38072,32.06064],[73.38074,32.06051]]]]}},{"type":"Feature","properties":{"lu":"Commercial Urban Block","ct":"Existing","a":0.082},"geometry":{"type":"MultiPolygon","coordinates":[[[[73.38342,32.06114],[73.38328,32.0611],[73.38324,32.0613],[73.3834,32.06133],[73.38342,32.06114]]]]}},{"type":"Feature","properties":{"lu":"Commercial Urban Block","ct":"Existing","a":0.237},"geometry":{"type":"MultiPolygon","coordinates":[[[[73.3827,32.06147],[73.38266,32.06174],[73.38298,32.06178],[73.38303,32.06151],[73.3827,32.06147]]]]}},{"type":"Feature","properties":{"lu":"Commercial Urban Block","ct":"Existing","a":0.06},"geometry":{"type":"MultiPolygon","coordinates":[[[[73.38358,32.06174],[73.38338,32.06172],[73.38336,32.06183],[73.38356,32.06185],[73.38358,32.06174]]]]}},{"type":"Feature","properties":{"lu":"Commercial Urban Block","ct":"Existing","a":0.071},"geometry":{"type":"MultiPolygon","coordinates":[[[[73.38039,32.06244],[73.38021,32.06243],[73.38019,32.06258],[73.38037,32.06259],[73.38039,32.06244]]]]}},{"type":"Feature","properties":{"lu":"Commercial Urban Block","ct":"Existing","a":0.038},"geometry":{"type":"MultiPolygon","coordinates":[[[[73.38002,32.06178],[73.37989,32.06178],[73.37987,32.06188],[73.38,32.0619],[73.38002,32.06178]]]]}},{"type":"Feature","properties":{"lu":"Commercial Urban Block","ct":"Existing","a":0.016},"geometry":{"type":"MultiPolygon","coordinates":[[[[73.37838,32.05891],[73.37829,32.0589],[73.37828,32.05897],[73.37838,32.05897],[73.37838,32.05891]]]]}},{"type":"Feature","properties":{"lu":"Commercial Urban Block","ct":"Existing","a":0.108},"geometry":{"type":"MultiPolygon","coordinates":[[[[73.37819,32.05925],[73.37794,32.05924],[73.37792,32.0594],[73.37817,32.05942],[73.37819,32.05925]]]]}},{"type":"Feature","properties":{"lu":"Commercial Urban Block","ct":"Existing","a":0.061},"geometry":{"type":"MultiPolygon","coordinates":[[[[73.37735,32.06002],[73.3773,32.05989],[73.37715,32.05992],[73.3772,32.06006],[73.37735,32.06002]]]]}},{"type":"Feature","properties":{"lu":"Commercial Urban Block","ct":"Existing","a":0.039},"geometry":{"type":"MultiPolygon","coordinates":[[[[73.37831,32.06036],[73.3783,32.06028],[73.37812,32.06027],[73.37812,32.06036],[73.37831,32.06036]]]]}},{"type":"Feature","properties":{"lu":"Commercial Urban Block","ct":"Existing","a":0.097},"geometry":{"type":"MultiPolygon","coordinates":[[[[73.37552,32.05732],[73.37529,32.0573],[73.37525,32.05746],[73.37549,32.05748],[73.37552,32.05732]]]]}},{"type":"Feature","properties":{"lu":"Commercial Urban Block","ct":"Existing","a":0.194},"geometry":{"type":"MultiPolygon","coordinates":[[[[73.3755,32.05819],[73.37581,32.05825],[73.37584,32.05801],[73.37556,32.05795],[73.3755,32.05819]]]]}},{"type":"Feature","properties":{"lu":"Commercial Urban Block","ct":"Existing","a":0.198},"geometry":{"type":"MultiPolygon","coordinates":[[[[73.37674,32.05666],[73.37648,32.05663],[73.37642,32.0569],[73.3767,32.05694],[73.37674,32.05666]]]]}},{"type":"Feature","properties":{"lu":"Commercial Urban Block","ct":"Existing","a":0.399},"geometry":{"type":"MultiPolygon","coordinates":[[[[73.37375,32.05561],[73.37382,32.05594],[73.37396,32.0559],[73.37416,32.05625],[73.37418,32.05563],[73.37375,32.05561]]]]}},{"type":"Feature","properties":{"lu":"Commercial Urban Block","ct":"Existing","a":0.046},"geometry":{"type":"MultiPolygon","coordinates":[[[[73.37689,32.06296],[73.37672,32.06294],[73.37671,32.06305],[73.37688,32.06305],[73.37689,32.06296]]]]}},{"type":"Feature","properties":{"lu":"Commercial Urban Block","ct":"Existing","a":0.072},"geometry":{"type":"MultiPolygon","coordinates":[[[[73.37745,32.06321],[73.37743,32.06312],[73.37722,32.06315],[73.37728,32.06329],[73.37745,32.06321]]]]}},{"type":"Feature","properties":{"lu":"Commercial Urban Block","ct":"Existing","a":0.153},"geometry":{"type":"MultiPolygon","coordinates":[[[[73.37783,32.06363],[73.37781,32.06344],[73.37749,32.06346],[73.3775,32.06364],[73.37783,32.06363]]]]}},{"type":"Feature","properties":{"lu":"Commercial Urban Block","ct":"Existing","a":0.077},"geometry":{"type":"MultiPolygon","coordinates":[[[[73.37782,32.06324],[73.37782,32.0631],[73.37761,32.06312],[73.37762,32.06326],[73.37782,32.06324]]]]}},{"type":"Feature","properties":{"lu":"Commercial Urban Block","ct":"Existing","a":0.071},"geometry":{"type":"MultiPolygon","coordinates":[[[[73.37699,32.06405],[73.37698,32.06391],[73.37679,32.06392],[73.3768,32.06407],[73.37699,32.06405]]]]}},{"type":"Feature","properties":{"lu":"Commercial Urban Block","ct":"Existing","a":0.025},"geometry":{"type":"MultiPolygon","coordinates":[[[[73.37767,32.06397],[73.37766,32.06391],[73.37751,32.06391],[73.37751,32.06398],[73.37767,32.06397]]]]}},{"type":"Feature","properties":{"lu":"Commercial Urban Block","ct":"Existing","a":0.071},"geometry":{"type":"MultiPolygon","coordinates":[[[[73.37754,32.06368],[73.37736,32.06368],[73.37738,32.06384],[73.37756,32.06383],[73.37754,32.06368]]]]}},{"type":"Feature","properties":{"lu":"Commercial Urban Block","ct":"Existing","a":0.035},"geometry":{"type":"MultiPolygon","coordinates":[[[[73.3771,32.06528],[73.377,32.06527],[73.37698,32.0654],[73.37708,32.06542],[73.3771,32.06528]]]]}},{"type":"Feature","properties":{"lu":"Commercial Urban Block","ct":"Existing","a":0.071},"geometry":{"type":"MultiPolygon","coordinates":[[[[73.37703,32.06467],[73.37703,32.06453],[73.37682,32.06454],[73.37683,32.06468],[73.37703,32.06467]]]]}},{"type":"Feature","properties":{"lu":"Commercial Urban Block","ct":"Existing","a":0.037},"geometry":{"type":"MultiPolygon","coordinates":[[[[73.37681,32.06585],[73.37681,32.06574],[73.37671,32.06573],[73.37669,32.06587],[73.37681,32.06585]]]]}},{"type":"Feature","properties":{"lu":"Commercial Urban Block","ct":"Existing","a":0.041},"geometry":{"type":"MultiPolygon","coordinates":[[[[73.37748,32.06574],[73.37749,32.06564],[73.37732,32.0657],[73.37732,32.06577],[73.37748,32.06574]]]]}},{"type":"Feature","properties":{"lu":"Commercial Urban Block","ct":"Existing","a":0.023},"geometry":{"type":"MultiPolygon","coordinates":[[[[73.37721,32.06579],[73.37722,32.06569],[73.37714,32.06568],[73.37713,32.0658],[73.37721,32.06579]]]]}},{"type":"Feature","properties":{"lu":"Commercial Urban Block","ct":"Existing","a":0.134},"geometry":{"type":"MultiPolygon","coordinates":[[[[73.37853,32.06586],[73.37849,32.06567],[73.37822,32.06571],[73.37826,32.06587],[73.37853,32.06586]]]]}},{"type":"Feature","properties":{"lu":"Commercial Urban Block","ct":"Existing","a":0.649},"geometry":{"type":"MultiPolygon","coordinates":[[[[73.37755,32.066],[73.3775,32.06582],[73.37636,32.066],[73.37641,32.06628],[73.37669,32.06622],[73.37667,32.06614],[73.37736,32.06605],[73.37736,32.06591],[73.37744,32.06603],[73.37755,32.066]]]]}},{"type":"Feature","properties":{"lu":"Commercial Urban Block","ct":"Existing","a":0.04},"geometry":{"type":"MultiPolygon","coordinates":[[[[73.37661,32.06659],[73.37657,32.06644],[73.37648,32.06646],[73.37651,32.06661],[73.37661,32.06659]]]]}},{"type":"Feature","properties":{"lu":"Commercial Urban Block","ct":"Existing","a":0.067},"geometry":{"type":"MultiPolygon","coordinates":[[[[73.37767,32.06579],[73.37751,32.06581],[73.37759,32.066],[73.3777,32.06597],[73.37767,32.06579]]]]}},{"type":"Feature","properties":{"lu":"Commercial Urban Block","ct":"Existing","a":0.182},"geometry":{"type":"MultiPolygon","coordinates":[[[[73.37725,32.06818],[73.37699,32.06822],[73.37711,32.06856],[73.37721,32.06856],[73.37717,32.06835],[73.37735,32.0683],[73.37733,32.06818],[73.37725,32.06818]]]]}},{"type":"Feature","properties":{"lu":"Commercial Urban Block","ct":"Existing","a":0.562},"geometry":{"type":"MultiPolygon","coordinates":[[[[73.38558,32.08178],[73.38603,32.08209],[73.3863,32.08182],[73.386,32.08151],[73.38579,32.08151],[73.38582,32.08167],[73.38558,32.08178]]]]}},{"type":"Feature","properties":{"lu":"Commercial Urban Block","ct":"Existing","a":0.502},"geometry":{"type":"MultiPolygon","coordinates":[[[[73.37595,32.06686],[73.37589,32.06672],[73.37571,32.06678],[73.37572,32.06685],[73.37531,32.06696],[73.37519,32.06675],[73.37503,32.06679],[73.37512,32.06704],[73.37495,32.06711],[73.37491,32.06703],[73.37482,32.06705],[73.37488,32.06726],[73.37595,32.06686]]]]}},{"type":"Feature","properties":{"lu":"Commercial Urban Block","ct":"Existing","a":0.035},"geometry":{"type":"MultiPolygon","coordinates":[[[[73.37478,32.0673],[73.37474,32.06721],[73.37463,32.06722],[73.37466,32.06734],[73.37478,32.0673]]]]}},{"type":"Feature","properties":{"lu":"Commercial Urban Block","ct":"Existing","a":0.023},"geometry":{"type":"MultiPolygon","coordinates":[[[[73.37457,32.06738],[73.37452,32.06727],[73.37445,32.06733],[73.3745,32.0674],[73.37457,32.06738]]]]}},{"type":"Feature","properties":{"lu":"Commercial Urban Block","ct":"Existing","a":0.286},"geometry":{"type":"MultiPolygon","coordinates":[[[[73.37387,32.06252],[73.37378,32.06253],[73.37374,32.06233],[73.37352,32.06237],[73.37354,32.06273],[73.37391,32.0627],[73.37387,32.06252]]]]}},{"type":"Feature","properties":{"lu":"Commercial Urban Block","ct":"Existing","a":0.16},"geometry":{"type":"MultiPolygon","coordinates":[[[[73.37481,32.06234],[73.37474,32.06212],[73.37448,32.06215],[73.3745,32.06236],[73.37481,32.06234]]]]}},{"type":"Feature","properties":{"lu":"Commercial Urban Block","ct":"Existing","a":0.312},"geometry":{"type":"MultiPolygon","coordinates":[[[[73.38138,32.06458],[73.38055,32.06454],[73.37999,32.06461],[73.38,32.06467],[73.38141,32.06464],[73.38138,32.06458]]]]}},{"type":"Feature","properties":{"lu":"Commercial Urban Block","ct":"Existing","a":0.083},"geometry":{"type":"MultiPolygon","coordinates":[[[[73.38018,32.06546],[73.37995,32.06545],[73.3799,32.06557],[73.38009,32.06566],[73.38018,32.06546]]]]}},{"type":"Feature","properties":{"lu":"Commercial Urban Block","ct":"Existing","a":0.568},"geometry":{"type":"MultiPolygon","coordinates":[[[[73.37971,32.06594],[73.3798,32.06561],[73.37918,32.06558],[73.37914,32.06594],[73.37971,32.06594]]]]}},{"type":"Feature","properties":{"lu":"Commercial Urban Block","ct":"Existing","a":0.048},"geometry":{"type":"MultiPolygon","coordinates":[[[[73.38291,32.06449],[73.38273,32.06449],[73.38271,32.06458],[73.38294,32.06457],[73.38291,32.06449]]]]}},{"type":"Feature","properties":{"lu":"Commercial Urban Block","ct":"Existing","a":0.061},"geometry":{"type":"MultiPolygon","coordinates":[[[[73.38235,32.06465],[73.38204,32.06467],[73.38206,32.06475],[73.38236,32.06472],[73.38235,32.06465]]]]}},{"type":"Feature","properties":{"lu":"Commercial Urban Block","ct":"Existing","a":0.015},"geometry":{"type":"MultiPolygon","coordinates":[[[[73.38092,32.06516],[73.38092,32.06522],[73.38104,32.06521],[73.38103,32.06516],[73.38092,32.06516]]]]}},{"type":"Feature","properties":{"lu":"Commercial Urban Block","ct":"Existing","a":0.062},"geometry":{"type":"MultiPolygon","coordinates":[[[[73.38098,32.0647],[73.38058,32.06471],[73.38058,32.06476],[73.38099,32.06475],[73.38098,32.0647]]]]}},{"type":"Feature","properties":{"lu":"Commercial Urban Block","ct":"Existing","a":0.072},"geometry":{"type":"MultiPolygon","coordinates":[[[[73.38159,32.06531],[73.38144,32.06532],[73.38145,32.0655],[73.38161,32.06549],[73.38159,32.06531]]]]}},{"type":"Feature","properties":{"lu":"Commercial Urban Block","ct":"Existing","a":0.163},"geometry":{"type":"MultiPolygon","coordinates":[[[[73.38403,32.06521],[73.38404,32.06553],[73.38421,32.06553],[73.38426,32.0652],[73.38403,32.06521]]]]}},{"type":"Feature","properties":{"lu":"Commercial Urban Block","ct":"Existing","a":0.08},"geometry":{"type":"MultiPolygon","coordinates":[[[[73.3846,32.06519],[73.38484,32.06521],[73.38486,32.06508],[73.38462,32.06506],[73.3846,32.06519]]]]}},{"type":"Feature","properties":{"lu":"Commercial Urban Block","ct":"Existing","a":0.408},"geometry":{"type":"MultiPolygon","coordinates":[[[[73.38012,32.06624],[73.38012,32.06583],[73.37984,32.0657],[73.37978,32.06624],[73.38012,32.06624]]]]}},{"type":"Feature","properties":{"lu":"Commercial Urban Block","ct":"Existing","a":0.068},"geometry":{"type":"MultiPolygon","coordinates":[[[[73.3797,32.06666],[73.37967,32.06647],[73.37953,32.06648],[73.37957,32.06667],[73.3797,32.06666]]]]}},{"type":"Feature","properties":{"lu":"Commercial Urban Block","ct":"Existing","a":10.577},"geometry":{"type":"MultiPolygon","coordinates":[[[[73.3905,32.07061],[73.38988,32.0703],[73.38927,32.06959],[73.38865,32.0698],[73.38816,32.06977],[73.38781,32.0715],[73.39035,32.07173],[73.3905,32.07061]]]]}},{"type":"Feature","properties":{"lu":"Commercial Urban Block","ct":"Existing","a":0.09},"geometry":{"type":"MultiPolygon","coordinates":[[[[73.38281,32.07265],[73.38251,32.07261],[73.38251,32.07275],[73.3828,32.07275],[73.38281,32.07265]]]]}},{"type":"Feature","properties":{"lu":"Commercial Urban Block","ct":"Existing","a":0.038},"geometry":{"type":"MultiPolygon","coordinates":[[[[73.38266,32.072],[73.38254,32.07199],[73.38252,32.07211],[73.38264,32.07213],[73.38266,32.072]]]]}},{"type":"Feature","properties":{"lu":"Commercial Urban Block","ct":"Existing","a":0.131},"geometry":{"type":"MultiPolygon","coordinates":[[[[73.38253,32.07233],[73.38228,32.07229],[73.38226,32.0725],[73.38248,32.07253],[73.38253,32.07233]]]]}},{"type":"Feature","properties":{"lu":"Commercial Urban Block","ct":"Existing","a":0.193},"geometry":{"type":"MultiPolygon","coordinates":[[[[73.38459,32.06438],[73.38428,32.06443],[73.38433,32.06466],[73.38465,32.0646],[73.38459,32.06438]]]]}},{"type":"Feature","properties":{"lu":"Commercial Urban Block","ct":"Existing","a":0.273},"geometry":{"type":"MultiPolygon","coordinates":[[[[73.50067,31.85745],[73.50041,31.85712],[73.5002,31.85727],[73.50045,31.85759],[73.50067,31.85745]]]]}},{"type":"Feature","properties":{"lu":"Commercial Urban Block","ct":"Existing","a":5.32},"geometry":{"type":"MultiPolygon","coordinates":[[[[73.50414,31.862],[73.50527,31.86138],[73.5045,31.86041],[73.50296,31.86123],[73.50342,31.86165],[73.50365,31.8615],[73.50368,31.86156],[73.50346,31.8617],[73.50391,31.86211],[73.50414,31.862]]]]}},{"type":"Feature","properties":{"lu":"Commercial Urban Block","ct":"Existing","a":3.608},"geometry":{"type":"MultiPolygon","coordinates":[[[[73.51879,31.86129],[73.51808,31.86144],[73.51805,31.86122],[73.51697,31.86135],[73.51719,31.86228],[73.5189,31.86188],[73.51879,31.86129]]]]}},{"type":"Feature","properties":{"lu":"Commercial Urban Block","ct":"Existing","a":6.014},"geometry":{"type":"MultiPolygon","coordinates":[[[[73.51549,31.86273],[73.5153,31.86165],[73.51326,31.86217],[73.51346,31.86326],[73.51549,31.86273]]]]}},{"type":"Feature","properties":{"lu":"Commercial Urban Block","ct":"Existing","a":0.246},"geometry":{"type":"MultiPolygon","coordinates":[[[[73.51122,31.86417],[73.51125,31.86426],[73.51114,31.86429],[73.51122,31.86445],[73.51161,31.86432],[73.51149,31.8641],[73.51122,31.86417]]]]}},{"type":"Feature","properties":{"lu":"Commercial Urban Block","ct":"Existing","a":2.202},"geometry":{"type":"MultiPolygon","coordinates":[[[[73.50377,31.86564],[73.50358,31.86453],[73.50288,31.86463],[73.50305,31.8656],[73.50288,31.86564],[73.50291,31.86577],[73.50377,31.86564]]]]}},{"type":"Feature","properties":{"lu":"Commercial Urban Block","ct":"Existing","a":0.591},"geometry":{"type":"MultiPolygon","coordinates":[[[[73.50416,31.86863],[73.50395,31.86809],[73.50346,31.86821],[73.50366,31.86839],[73.50382,31.86872],[73.50416,31.86863]]]]}},{"type":"Feature","properties":{"lu":"Commercial Urban Block","ct":"Existing","a":4.885},"geometry":{"type":"MultiPolygon","coordinates":[[[[73.48628,31.86872],[73.48416,31.86952],[73.48483,31.8703],[73.48665,31.86965],[73.48655,31.86941],[73.48563,31.86974],[73.48612,31.86953],[73.48601,31.86923],[73.48522,31.86944],[73.48643,31.86909],[73.48628,31.86872]]]]}},{"type":"Feature","properties":{"lu":"Commercial Urban Block","ct":"Existing","a":0.058},"geometry":{"type":"MultiPolygon","coordinates":[[[[73.48029,31.87254],[73.48022,31.87234],[73.48012,31.87236],[73.48018,31.87257],[73.48029,31.87254]]]]}},{"type":"Feature","properties":{"lu":"Commercial Urban Block","ct":"Existing","a":3.363},"geometry":{"type":"MultiPolygon","coordinates":[[[[73.46693,31.87646],[73.46748,31.87631],[73.46689,31.87515],[73.46607,31.87529],[73.46634,31.87656],[73.46693,31.87646]]]]}},{"type":"Feature","properties":{"lu":"Commercial Urban Block","ct":"Existing","a":0.243},"geometry":{"type":"MultiPolygon","coordinates":[[[[73.51675,31.86181],[73.51682,31.86215],[73.51708,31.86214],[73.51699,31.86177],[73.51675,31.86181]]]]}},{"type":"Feature","properties":{"lu":"Commercial Urban Block","ct":"Existing","a":0.07},"geometry":{"type":"MultiPolygon","coordinates":[[[[73.50656,31.86231],[73.50644,31.86215],[73.50632,31.86223],[73.50644,31.86238],[73.50656,31.86231]]]]}},{"type":"Feature","properties":{"lu":"Commercial Urban Block","ct":"Existing","a":0.451},"geometry":{"type":"MultiPolygon","coordinates":[[[[73.501,31.85537],[73.50057,31.8548],[73.50032,31.85493],[73.50075,31.85543],[73.501,31.85537]]]]}},{"type":"Feature","properties":{"lu":"Commercial Urban Block","ct":"Existing","a":0.128},"geometry":{"type":"MultiPolygon","coordinates":[[[[73.49876,31.85634],[73.49863,31.85618],[73.49844,31.85633],[73.49856,31.85649],[73.49876,31.85634]]]]}},{"type":"Feature","properties":{"lu":"Commercial Urban Block","ct":"Existing","a":0.056},"geometry":{"type":"MultiPolygon","coordinates":[[[[73.49988,31.85641],[73.49978,31.85628],[73.49967,31.85635],[73.49978,31.85648],[73.49988,31.85641]]]]}},{"type":"Feature","properties":{"lu":"Commercial Urban Block","ct":"Existing","a":0.143},"geometry":{"type":"MultiPolygon","coordinates":[[[[73.50157,31.85716],[73.50144,31.857],[73.50122,31.85715],[73.50135,31.85731],[73.50157,31.85716]]]]}},{"type":"Feature","properties":{"lu":"Commercial Urban Block","ct":"Existing","a":0.346},"geometry":{"type":"MultiPolygon","coordinates":[[[[73.50149,31.85758],[73.50117,31.85718],[73.50095,31.85732],[73.50126,31.85772],[73.50149,31.85758]]]]}},{"type":"Feature","properties":{"lu":"Commercial Urban Block","ct":"Existing","a":0.129},"geometry":{"type":"MultiPolygon","coordinates":[[[[73.50323,31.85907],[73.50311,31.85893],[73.50287,31.85906],[73.50298,31.8592],[73.50323,31.85907]]]]}},{"type":"Feature","properties":{"lu":"Commercial Urban Block","ct":"Existing","a":0.066},"geometry":{"type":"MultiPolygon","coordinates":[[[[73.50278,31.85943],[73.50289,31.85957],[73.50301,31.8595],[73.5029,31.85936],[73.50278,31.85943]]]]}},{"type":"Feature","properties":{"lu":"Commercial Urban Block","ct":"Existing","a":2.198},"geometry":{"type":"MultiPolygon","coordinates":[[[[73.50263,31.86102],[73.50141,31.85958],[73.50126,31.85953],[73.50104,31.85962],[73.501,31.85974],[73.50225,31.86122],[73.50263,31.86102]]]]}},{"type":"Feature","properties":{"lu":"Commercial Urban Block","ct":"Existing","a":0.217},"geometry":{"type":"MultiPolygon","coordinates":[[[[73.50658,31.86486],[73.50643,31.86462],[73.50607,31.86483],[73.50612,31.86491],[73.50658,31.86486]]]]}},{"type":"Feature","properties":{"lu":"Commercial Urban Block","ct":"Existing","a":0.137},"geometry":{"type":"MultiPolygon","coordinates":[[[[73.50058,31.86574],[73.50062,31.86589],[73.50094,31.86586],[73.50091,31.86569],[73.50058,31.86574]]]]}},{"type":"Feature","properties":{"lu":"Commercial Urban Block","ct":"Existing","a":0.067},"geometry":{"type":"MultiPolygon","coordinates":[[[[73.46931,31.87464],[73.46928,31.87449],[73.46912,31.8745],[73.46915,31.87466],[73.46931,31.87464]]]]}},{"type":"Feature","properties":{"lu":"Commercial Urban Block","ct":"Existing","a":0.069},"geometry":{"type":"MultiPolygon","coordinates":[[[[73.4659,31.87337],[73.46582,31.87322],[73.46569,31.87323],[73.46575,31.87342],[73.4659,31.87337]]]]}},{"type":"Feature","properties":{"lu":"Commercial Urban Block","ct":"Existing","a":0.088},"geometry":{"type":"MultiPolygon","coordinates":[[[[73.46409,31.87644],[73.46391,31.87647],[73.46393,31.87661],[73.4641,31.87668],[73.46409,31.87644]]]]}},{"type":"Feature","properties":{"lu":"Commercial Urban Block","ct":"Existing","a":0.084},"geometry":{"type":"MultiPolygon","coordinates":[[[[73.46984,31.87593],[73.4697,31.87595],[73.46972,31.87615],[73.4699,31.87611],[73.46984,31.87593]]]]}},{"type":"Feature","properties":{"lu":"Commercial Urban Block","ct":"Existing","a":0.151},"geometry":{"type":"MultiPolygon","coordinates":[[[[73.47165,31.88122],[73.47185,31.88123],[73.47183,31.88091],[73.47163,31.88091],[73.47165,31.88122]]]]}},{"type":"Feature","properties":{"lu":"Commercial Urban Block","ct":"Existing","a":0.146},"geometry":{"type":"MultiPolygon","coordinates":[[[[73.47251,31.87903],[73.47251,31.87895],[73.47197,31.87881],[73.47196,31.87889],[73.47223,31.87902],[73.47251,31.87903]]]]}},{"type":"Feature","properties":{"lu":"Commercial Urban Block","ct":"Existing","a":5.65},"geometry":{"type":"MultiPolygon","coordinates":[[[[73.47902,31.87465],[73.47832,31.87356],[73.47699,31.87458],[73.47773,31.87538],[73.47836,31.8753],[73.47915,31.87481],[73.47902,31.87465]]]]}},{"type":"Feature","properties":{"lu":"Commercial Urban Block","ct":"Existing","a":6.049},"geometry":{"type":"MultiPolygon","coordinates":[[[[73.48742,31.87322],[73.4889,31.87298],[73.48918,31.87257],[73.48957,31.8725],[73.48943,31.87193],[73.48776,31.87217],[73.48659,31.87247],[73.48727,31.87323],[73.48742,31.87322]]]]}},{"type":"Feature","properties":{"lu":"Commercial Urban Block","ct":"Existing","a":0.133},"geometry":{"type":"MultiPolygon","coordinates":[[[[73.49183,31.86977],[73.49178,31.86943],[73.49161,31.86946],[73.4917,31.86979],[73.49183,31.86977]]]]}},{"type":"Feature","properties":{"lu":"Commercial Urban Block","ct":"Existing","a":0.129},"geometry":{"type":"MultiPolygon","coordinates":[[[[73.49658,31.86949],[73.49657,31.86932],[73.49627,31.86935],[73.49629,31.86952],[73.49658,31.86949]]]]}},{"type":"Feature","properties":{"lu":"Commercial Urban Block","ct":"Existing","a":0.254},"geometry":{"type":"MultiPolygon","coordinates":[[[[73.49702,31.86829],[73.49698,31.86813],[73.49639,31.86825],[73.49643,31.8684],[73.49702,31.86829]]]]}},{"type":"Feature","properties":{"lu":"Commercial Urban Block","ct":"Existing","a":0.11},"geometry":{"type":"MultiPolygon","coordinates":[[[[73.50077,31.86753],[73.50073,31.86734],[73.50053,31.86736],[73.50056,31.86757],[73.50077,31.86753]]]]}},{"type":"Feature","properties":{"lu":"Commercial Urban Block","ct":"Existing","a":0.118},"geometry":{"type":"MultiPolygon","coordinates":[[[[73.50336,31.86809],[73.5034,31.86819],[73.50382,31.86809],[73.50378,31.86799],[73.50336,31.86809]]]]}},{"type":"Feature","properties":{"lu":"Commercial Urban Block","ct":"Existing","a":0.078},"geometry":{"type":"MultiPolygon","coordinates":[[[[73.50736,31.86581],[73.50734,31.86575],[73.50712,31.86584],[73.50708,31.86575],[73.50687,31.86577],[73.50679,31.8657],[73.50684,31.86581],[73.50707,31.86579],[73.50711,31.8659],[73.50736,31.86581]]]]}},{"type":"Feature","properties":{"lu":"Commercial Urban Block","ct":"Existing","a":0.173},"geometry":{"type":"MultiPolygon","coordinates":[[[[73.50683,31.86566],[73.50674,31.8654],[73.50597,31.8656],[73.50603,31.86566],[73.50669,31.86547],[73.50677,31.86569],[73.50683,31.86566]]]]}},{"type":"Feature","properties":{"lu":"Commercial Urban Block","ct":"Existing","a":0.041},"geometry":{"type":"MultiPolygon","coordinates":[[[[73.50734,31.86574],[73.50731,31.86568],[73.5071,31.86574],[73.50714,31.86581],[73.50734,31.86574]]]]}},{"type":"Feature","properties":{"lu":"Commercial Urban Block","ct":"Existing","a":0.106},"geometry":{"type":"MultiPolygon","coordinates":[[[[73.5071,31.86574],[73.50699,31.86563],[73.50689,31.86565],[73.50686,31.86556],[73.50695,31.86554],[73.50691,31.86543],[73.50675,31.8654],[73.50688,31.86575],[73.5071,31.86574]]]]}},{"type":"Feature","properties":{"lu":"Commercial Urban Block","ct":"Existing","a":0.016},"geometry":{"type":"MultiPolygon","coordinates":[[[[73.50699,31.86563],[73.50705,31.86561],[73.50701,31.86553],[73.50695,31.86554],[73.50699,31.86563]]]]}},{"type":"Feature","properties":{"lu":"Commercial Urban Block","ct":"Existing","a":0.063},"geometry":{"type":"MultiPolygon","coordinates":[[[[73.50724,31.86683],[73.50717,31.86672],[73.50698,31.86678],[73.50707,31.86688],[73.50724,31.86683]]]]}},{"type":"Feature","properties":{"lu":"Commercial Urban Block","ct":"Existing","a":0.185},"geometry":{"type":"MultiPolygon","coordinates":[[[[73.50957,31.86587],[73.50945,31.86571],[73.50912,31.86588],[73.50911,31.86602],[73.50957,31.86587]]]]}},{"type":"Feature","properties":{"lu":"Commercial Urban Block","ct":"Existing","a":0.34},"geometry":{"type":"MultiPolygon","coordinates":[[[[73.51211,31.86527],[73.51202,31.8651],[73.51163,31.86524],[73.51176,31.86554],[73.51216,31.86537],[73.51211,31.86527]]]]}},{"type":"Feature","properties":{"lu":"Commercial Urban Block","ct":"Existing","a":0.166},"geometry":{"type":"MultiPolygon","coordinates":[[[[73.51259,31.86471],[73.51251,31.86473],[73.51247,31.86464],[73.51222,31.8647],[73.51229,31.8649],[73.5126,31.86482],[73.51259,31.86471]]]]}},{"type":"Feature","properties":{"lu":"Commercial Urban Block","ct":"Existing","a":0.041},"geometry":{"type":"MultiPolygon","coordinates":[[[[73.51776,31.86276],[73.51766,31.86278],[73.51772,31.86293],[73.51781,31.8629],[73.51776,31.86276]]]]}},{"type":"Feature","properties":{"lu":"Commercial Urban Block","ct":"Existing","a":0.142},"geometry":{"type":"MultiPolygon","coordinates":[[[[73.50004,31.85976],[73.49988,31.85984],[73.50002,31.86003],[73.5002,31.8599],[73.5001,31.85973],[73.50004,31.85976]]]]}},{"type":"Feature","properties":{"lu":"Commercial Urban Block","ct":"Existing","a":0.466},"geometry":{"type":"MultiPolygon","coordinates":[[[[73.5852,32.20986],[73.5852,32.20941],[73.58481,32.20946],[73.58477,32.20988],[73.5852,32.20986]]]]}},{"type":"Feature","properties":{"lu":"Commercial Urban Block","ct":"Existing","a":0.03},"geometry":{"type":"MultiPolygon","coordinates":[[[[73.58587,32.21411],[73.58587,32.21403],[73.58572,32.21402],[73.58574,32.21412],[73.58587,32.21411]]]]}},{"type":"Feature","properties":{"lu":"Commercial Urban Block","ct":"Existing","a":0.741},"geometry":{"type":"MultiPolygon","coordinates":[[[[73.58916,32.21549],[73.58917,32.21535],[73.58942,32.21534],[73.5894,32.21497],[73.58971,32.21496],[73.58881,32.21495],[73.58881,32.2155],[73.58916,32.21549]]]]}},{"type":"Feature","properties":{"lu":"Commercial Urban Block","ct":"Existing","a":1.039},"geometry":{"type":"MultiPolygon","coordinates":[[[[73.58893,32.21631],[73.58822,32.21626],[73.58822,32.21613],[73.58821,32.21681],[73.58894,32.21685],[73.58893,32.21631]]]]}},{"type":"Feature","properties":{"lu":"Commercial Urban Block","ct":"Existing","a":0.15},"geometry":{"type":"MultiPolygon","coordinates":[[[[73.5922,32.20932],[73.59221,32.20906],[73.59201,32.20905],[73.59198,32.20932],[73.5922,32.20932]]]]}},{"type":"Feature","properties":{"lu":"Commercial Urban Block","ct":"Existing","a":0.447},"geometry":{"type":"MultiPolygon","coordinates":[[[[73.58978,32.21086],[73.58916,32.21084],[73.58897,32.21108],[73.58972,32.2111],[73.58978,32.21086]]]]}},{"type":"Feature","properties":{"lu":"Commercial Urban Block","ct":"Existing","a":0.093},"geometry":{"type":"MultiPolygon","coordinates":[[[[73.58882,32.2149],[73.58892,32.21461],[73.58877,32.2146],[73.58873,32.2149],[73.58882,32.2149]]]]}},{"type":"Feature","properties":{"lu":"Commercial Urban Block","ct":"Existing","a":0.337},"geometry":{"type":"MultiPolygon","coordinates":[[[[73.58816,32.21646],[73.58766,32.21658],[73.58766,32.21678],[73.58815,32.21679],[73.58816,32.21646]]]]}},{"type":"Feature","properties":{"lu":"Commercial Urban Block","ct":"Existing","a":0.042},"geometry":{"type":"MultiPolygon","coordinates":[[[[73.58231,32.21284],[73.58213,32.21289],[73.58215,32.21297],[73.58234,32.21293],[73.58231,32.21284]]]]}},{"type":"Feature","properties":{"lu":"Commercial Urban Block","ct":"Existing","a":0.408},"geometry":{"type":"MultiPolygon","coordinates":[[[[73.58561,32.21176],[73.58561,32.21212],[73.58597,32.21213],[73.58596,32.21159],[73.58561,32.21176]]]]}},{"type":"Feature","properties":{"lu":"Commercial Urban Block","ct":"Existing","a":0.76},"geometry":{"type":"MultiPolygon","coordinates":[[[[73.58492,32.21324],[73.58429,32.2132],[73.58428,32.21334],[73.58447,32.21333],[73.58447,32.21382],[73.58491,32.21381],[73.58492,32.21324]]]]}},{"type":"Feature","properties":{"lu":"Commercial Urban Block","ct":"Existing","a":1.433},"geometry":{"type":"MultiPolygon","coordinates":[[[[73.5867,32.21262],[73.5867,32.21204],[73.58659,32.21202],[73.58652,32.21131],[73.58616,32.21149],[73.58616,32.21263],[73.5867,32.21262]]]]}},{"type":"Feature","properties":{"lu":"Commercial Urban Block","ct":"Existing","a":0.12},"geometry":{"type":"MultiPolygon","coordinates":[[[[73.5877,32.21308],[73.5874,32.21306],[73.58739,32.21323],[73.58766,32.21323],[73.5877,32.21308]]]]}},{"type":"Feature","properties":{"lu":"Commercial Urban Block","ct":"Existing","a":0.07},"geometry":{"type":"MultiPolygon","coordinates":[[[[73.58543,32.21406],[73.58544,32.21394],[73.58528,32.21394],[73.58527,32.21415],[73.58543,32.21406]]]]}},{"type":"Feature","properties":{"lu":"Commercial Urban Block","ct":"Existing","a":0.031},"geometry":{"type":"MultiPolygon","coordinates":[[[[73.58549,32.2148],[73.58562,32.21491],[73.58566,32.21478],[73.58549,32.2148]]]]}},{"type":"Feature","properties":{"lu":"Commercial Urban Block","ct":"Existing","a":0.058},"geometry":{"type":"MultiPolygon","coordinates":[[[[73.58401,32.21409],[73.58389,32.21409],[73.58389,32.21427],[73.58401,32.21427],[73.58401,32.21409]]]]}},{"type":"Feature","properties":{"lu":"Commercial Urban Block","ct":"Existing","a":0.038},"geometry":{"type":"MultiPolygon","coordinates":[[[[73.58335,32.21433],[73.58326,32.21434],[73.58326,32.21449],[73.58335,32.2145],[73.58335,32.21433]]]]}},{"type":"Feature","properties":{"lu":"Commercial Urban Block","ct":"Existing","a":0.03},"geometry":{"type":"MultiPolygon","coordinates":[[[[73.58406,32.21483],[73.58393,32.21485],[73.58395,32.21493],[73.58407,32.21493],[73.58406,32.21483]]]]}},{"type":"Feature","properties":{"lu":"Commercial Urban Block","ct":"Existing","a":0.012},"geometry":{"type":"MultiPolygon","coordinates":[[[[73.58572,32.2153],[73.58572,32.21533],[73.58577,32.21532],[73.58577,32.21529],[73.58581,32.2153],[73.5858,32.21526],[73.58572,32.21526],[73.58572,32.2153]]]]}},{"type":"Feature","properties":{"lu":"Commercial Urban Block","ct":"Existing","a":0.022},"geometry":{"type":"MultiPolygon","coordinates":[[[[73.58407,32.21504],[73.58395,32.21503],[73.58395,32.21511],[73.58407,32.21511],[73.58407,32.21504]]]]}},{"type":"Feature","properties":{"lu":"Commercial Urban Block","ct":"Existing","a":0.035},"geometry":{"type":"MultiPolygon","coordinates":[[[[73.58514,32.21542],[73.58505,32.21542],[73.58498,32.21554],[73.58513,32.21555],[73.58514,32.21542]]]]}},{"type":"Feature","properties":{"lu":"Commercial Urban Block","ct":"Existing","a":0.043},"geometry":{"type":"MultiPolygon","coordinates":[[[[73.58291,32.21586],[73.58307,32.21589],[73.58308,32.21581],[73.58292,32.21575],[73.58291,32.21586]]]]}},{"type":"Feature","properties":{"lu":"Commercial Urban Block","ct":"Existing","a":0.063},"geometry":{"type":"MultiPolygon","coordinates":[[[[73.58329,32.21592],[73.58357,32.21598],[73.58358,32.2159],[73.58332,32.21584],[73.58329,32.21592]]]]}},{"type":"Feature","properties":{"lu":"Commercial Urban Block","ct":"Existing","a":0.055},"geometry":{"type":"MultiPolygon","coordinates":[[[[73.58505,32.21586],[73.58521,32.21594],[73.58525,32.2158],[73.58507,32.21578],[73.58505,32.21586]]]]}},{"type":"Feature","properties":{"lu":"Commercial Urban Block","ct":"Existing","a":0.134},"geometry":{"type":"MultiPolygon","coordinates":[[[[73.58688,32.21603],[73.58667,32.21598],[73.58663,32.21626],[73.58679,32.21628],[73.58688,32.21603]]]]}},{"type":"Feature","properties":{"lu":"Commercial Urban Block","ct":"Existing","a":0.089},"geometry":{"type":"MultiPolygon","coordinates":[[[[73.58589,32.21695],[73.58573,32.21694],[73.58572,32.21716],[73.58588,32.21717],[73.58589,32.21695]]]]}},{"type":"Feature","properties":{"lu":"Commercial Urban Block","ct":"Existing","a":0.027},"geometry":{"type":"MultiPolygon","coordinates":[[[[73.58448,32.21734],[73.58437,32.2173],[73.58433,32.21737],[73.58444,32.21742],[73.58448,32.21734]]]]}},{"type":"Feature","properties":{"lu":"Commercial Urban Block","ct":"Existing","a":0.047},"geometry":{"type":"MultiPolygon","coordinates":[[[[73.58198,32.21933],[73.58198,32.21922],[73.5818,32.21922],[73.5818,32.21933],[73.58198,32.21933]]]]}},{"type":"Feature","properties":{"lu":"Commercial Urban Block","ct":"Existing","a":0.379},"geometry":{"type":"MultiPolygon","coordinates":[[[[73.58183,32.21879],[73.58183,32.2189],[73.58219,32.21891],[73.58226,32.21923],[73.58246,32.21923],[73.58246,32.2188],[73.58183,32.21879]]]]}},{"type":"Feature","properties":{"lu":"Commercial Urban Block","ct":"Existing","a":1.757},"geometry":{"type":"MultiPolygon","coordinates":[[[[73.58251,32.2177],[73.58183,32.21769],[73.58183,32.21874],[73.58246,32.21876],[73.58251,32.2177]]]]}},{"type":"Feature","properties":{"lu":"Commercial Urban Block","ct":"Existing","a":2.303},"geometry":{"type":"MultiPolygon","coordinates":[[[[73.58318,32.21741],[73.58287,32.21733],[73.58299,32.21707],[73.58229,32.21667],[73.58173,32.21737],[73.58223,32.21755],[73.58236,32.21728],[73.58258,32.21739],[73.58252,32.21794],[73.58299,32.21797],[73.58318,32.21741]]]]}},{"type":"Feature","properties":{"lu":"Commercial Urban Block","ct":"Existing","a":0.936},"geometry":{"type":"MultiPolygon","coordinates":[[[[73.58252,32.21859],[73.58314,32.21859],[73.58315,32.21801],[73.58253,32.21799],[73.58252,32.21859]]]]}},{"type":"Feature","properties":{"lu":"Commercial Urban Block","ct":"Existing","a":0.037},"geometry":{"type":"MultiPolygon","coordinates":[[[[73.60155,31.97584],[73.60149,31.97574],[73.60137,31.97579],[73.60141,31.97588],[73.60155,31.97584]]]]}},{"type":"Feature","properties":{"lu":"Commercial Urban Block","ct":"Existing","a":4.2},"geometry":{"type":"MultiPolygon","coordinates":[[[[73.60368,31.97863],[73.60338,31.97809],[73.6047,31.97769],[73.60446,31.97711],[73.60424,31.97716],[73.6041,31.97688],[73.603,31.97722],[73.6031,31.97759],[73.60284,31.97766],[73.60338,31.97874],[73.60368,31.97863]]]]}},{"type":"Feature","properties":{"lu":"Commercial Urban Block","ct":"Existing","a":0.085},"geometry":{"type":"MultiPolygon","coordinates":[[[[73.6025,31.97726],[73.60233,31.97734],[73.60242,31.97747],[73.6026,31.97742],[73.6025,31.97726]]]]}},{"type":"Feature","properties":{"lu":"Commercial Urban Block","ct":"Existing","a":1.835},"geometry":{"type":"MultiPolygon","coordinates":[[[[73.60313,31.97612],[73.60252,31.97631],[73.60258,31.97643],[73.60249,31.97645],[73.60254,31.97656],[73.60232,31.97665],[73.60257,31.97713],[73.6035,31.97685],[73.60313,31.97612]]]]}},{"type":"Feature","properties":{"lu":"Commercial Urban Block","ct":"Existing","a":0.083},"geometry":{"type":"MultiPolygon","coordinates":[[[[73.60418,31.97638],[73.60412,31.97623],[73.60396,31.97628],[73.60391,31.97638],[73.60418,31.97638]]]]}},{"type":"Feature","properties":{"lu":"Commercial Urban Block","ct":"Existing","a":0.066},"geometry":{"type":"MultiPolygon","coordinates":[[[[73.6031,31.97591],[73.60317,31.97606],[73.60331,31.976],[73.60325,31.97586],[73.6031,31.97591]]]]}},{"type":"Feature","properties":{"lu":"Commercial Urban Block","ct":"Existing","a":0.027},"geometry":{"type":"MultiPolygon","coordinates":[[[[73.60318,31.97485],[73.60314,31.97478],[73.60301,31.97482],[73.60304,31.97489],[73.60318,31.97485]]]]}},{"type":"Feature","properties":{"lu":"Commercial Urban Block","ct":"Existing","a":0.091},"geometry":{"type":"MultiPolygon","coordinates":[[[[73.60121,31.97472],[73.60114,31.97457],[73.60091,31.97467],[73.60096,31.97476],[73.60121,31.97472]]]]}},{"type":"Feature","properties":{"lu":"Commercial Urban Block","ct":"Existing","a":0.062},"geometry":{"type":"MultiPolygon","coordinates":[[[[73.60078,31.97353],[73.6007,31.97339],[73.60057,31.97344],[73.60063,31.97358],[73.60078,31.97353]]]]}},{"type":"Feature","properties":{"lu":"Commercial Urban Block","ct":"Existing","a":0.43},"geometry":{"type":"MultiPolygon","coordinates":[[[[73.60177,31.97215],[73.60151,31.97177],[73.60113,31.97193],[73.60129,31.9722],[73.60148,31.97214],[73.60154,31.97223],[73.60177,31.97215]]]]}},{"type":"Feature","properties":{"lu":"Commercial Urban Block","ct":"Existing","a":0.78},"geometry":{"type":"MultiPolygon","coordinates":[[[[73.59969,31.97361],[73.59955,31.97366],[73.59971,31.97394],[73.5995,31.97406],[73.5997,31.97427],[73.60021,31.97404],[73.59994,31.97351],[73.59969,31.97361]]]]}},{"type":"Feature","properties":{"lu":"Commercial Urban Block","ct":"Existing","a":0.117},"geometry":{"type":"MultiPolygon","coordinates":[[[[73.60145,31.97173],[73.60137,31.97157],[73.60114,31.97166],[73.60121,31.97181],[73.60145,31.97173]]]]}},{"type":"Feature","properties":{"lu":"Commercial Urban Block","ct":"Existing","a":0.035},"geometry":{"type":"MultiPolygon","coordinates":[[[[73.59905,31.97727],[73.59899,31.9773],[73.59907,31.97745],[73.59914,31.97742],[73.59905,31.97727]]]]}},{"type":"Feature","properties":{"lu":"Commercial Urban Block","ct":"Existing","a":0.048},"geometry":{"type":"MultiPolygon","coordinates":[[[[73.60055,31.9774],[73.60048,31.97732],[73.60031,31.97742],[73.60036,31.97748],[73.60055,31.9774]]]]}},{"type":"Feature","properties":{"lu":"Commercial Urban Block","ct":"Existing","a":0.734},"geometry":{"type":"MultiPolygon","coordinates":[[[[73.60055,31.97825],[73.60043,31.9781],[73.60018,31.97819],[73.59929,31.97808],[73.59825,31.97758],[73.59811,31.97764],[73.59937,31.97821],[73.6,31.97831],[73.60055,31.97825]]]]}},{"type":"Feature","properties":{"lu":"Commercial Urban Block","ct":"Existing","a":0.1},"geometry":{"type":"MultiPolygon","coordinates":[[[[73.60065,31.97775],[73.60082,31.97766],[73.60071,31.97753],[73.60051,31.97762],[73.60065,31.97775]]]]}},{"type":"Feature","properties":{"lu":"Commercial Urban Block","ct":"Existing","a":0.098},"geometry":{"type":"MultiPolygon","coordinates":[[[[73.60152,31.97755],[73.60135,31.97766],[73.60147,31.9778],[73.60164,31.97767],[73.60152,31.97755]]]]}},{"type":"Feature","properties":{"lu":"Commercial Urban Block","ct":"Existing","a":0.656},"geometry":{"type":"MultiPolygon","coordinates":[[[[73.59862,31.97534],[73.59818,31.97488],[73.59786,31.97503],[73.59813,31.97553],[73.59862,31.97534]]]]}},{"type":"Feature","properties":{"lu":"Commercial Urban Block","ct":"Existing","a":0.836},"geometry":{"type":"MultiPolygon","coordinates":[[[[73.59113,31.97557],[73.59088,31.97511],[73.5903,31.97537],[73.59057,31.97581],[73.59113,31.97557]]]]}},{"type":"Feature","properties":{"lu":"Commercial Urban Block","ct":"Existing","a":0.09},"geometry":{"type":"MultiPolygon","coordinates":[[[[73.59709,31.97712],[73.59722,31.97719],[73.59746,31.97711],[73.5974,31.97699],[73.59709,31.97712]]]]}},{"type":"Feature","properties":{"lu":"Commercial Urban Block","ct":"Existing","a":0.057},"geometry":{"type":"MultiPolygon","coordinates":[[[[73.59834,31.97749],[73.59825,31.97734],[73.59814,31.97739],[73.5982,31.97754],[73.59834,31.97749]]]]}},{"type":"Feature","properties":{"lu":"Commercial Urban Block","ct":"Existing","a":0.203},"geometry":{"type":"MultiPolygon","coordinates":[[[[73.59827,31.97585],[73.59797,31.97594],[73.5981,31.97618],[73.59839,31.97608],[73.59827,31.97585]]]]}},{"type":"Feature","properties":{"lu":"Commercial Urban Block","ct":"Existing","a":0.589},"geometry":{"type":"MultiPolygon","coordinates":[[[[73.60085,31.97906],[73.60054,31.9784],[73.60027,31.97843],[73.60062,31.97923],[73.60087,31.97912],[73.60085,31.97906]]]]}},{"type":"Feature","properties":{"lu":"Commercial Urban Block","ct":"Existing","a":0.063},"geometry":{"type":"MultiPolygon","coordinates":[[[[73.6001,31.97953],[73.60006,31.97945],[73.59983,31.97955],[73.59987,31.97962],[73.6001,31.97953]]]]}},{"type":"Feature","properties":{"lu":"Commercial Urban Block","ct":"Existing","a":0.097},"geometry":{"type":"MultiPolygon","coordinates":[[[[73.5992,31.97935],[73.5991,31.97912],[73.59895,31.97919],[73.59906,31.97939],[73.5992,31.97935]]]]}},{"type":"Feature","properties":{"lu":"Commercial Urban Block","ct":"Existing","a":0.155},"geometry":{"type":"MultiPolygon","coordinates":[[[[73.59833,31.97842],[73.59817,31.97849],[73.59827,31.9788],[73.59849,31.97874],[73.59833,31.97842]]]]}},{"type":"Feature","properties":{"lu":"Commercial Urban Block","ct":"Existing","a":0.049},"geometry":{"type":"MultiPolygon","coordinates":[[[[73.59855,31.978],[73.59842,31.97793],[73.59827,31.97801],[73.59831,31.97807],[73.59855,31.978]]]]}},{"type":"Feature","properties":{"lu":"Commercial Urban Block","ct":"Existing","a":0.054},"geometry":{"type":"MultiPolygon","coordinates":[[[[73.59715,31.97732],[73.59699,31.97724],[73.59687,31.97731],[73.59693,31.97738],[73.59715,31.97732]]]]}},{"type":"Feature","properties":{"lu":"Commercial Urban Block","ct":"Existing","a":3.952},"geometry":{"type":"MultiPolygon","coordinates":[[[[73.58979,31.97741],[73.5905,31.97713],[73.58995,31.97627],[73.58856,31.97664],[73.58919,31.97764],[73.58979,31.97741]]]]}},{"type":"Feature","properties":{"lu":"Commercial Urban Block","ct":"Existing","a":0.086},"geometry":{"type":"MultiPolygon","coordinates":[[[[73.59803,31.97976],[73.59799,31.9796],[73.59781,31.97966],[73.59782,31.97983],[73.59803,31.97976]]]]}},{"type":"Feature","properties":{"lu":"Commercial Urban Block","ct":"Existing","a":0.155},"geometry":{"type":"MultiPolygon","coordinates":[[[[73.59723,31.97822],[73.59712,31.978],[73.59679,31.97812],[73.59683,31.97818],[73.59696,31.97814],[73.59705,31.9783],[73.59723,31.97822]]]]}},{"type":"Feature","properties":{"lu":"Commercial Urban Block","ct":"Existing","a":0.181},"geometry":{"type":"MultiPolygon","coordinates":[[[[73.59684,31.97826],[73.59677,31.97813],[73.59632,31.97829],[73.59639,31.97843],[73.59684,31.97826]]]]}},{"type":"Feature","properties":{"lu":"Commercial Urban Block","ct":"Existing","a":0.411},"geometry":{"type":"MultiPolygon","coordinates":[[[[73.68097,32.07874],[73.68087,32.07898],[73.68148,32.07906],[73.68152,32.07878],[73.68097,32.07874]]]]}},{"type":"Feature","properties":{"lu":"Commercial Urban Block","ct":"Existing","a":0.041},"geometry":{"type":"MultiPolygon","coordinates":[[[[73.69053,32.06621],[73.69052,32.06611],[73.69036,32.06612],[73.69039,32.06623],[73.69053,32.06621]]]]}},{"type":"Feature","properties":{"lu":"Commercial Urban Block","ct":"Existing","a":0.061},"geometry":{"type":"MultiPolygon","coordinates":[[[[73.60081,31.97348],[73.60097,31.97343],[73.6009,31.97332],[73.60073,31.97338],[73.60081,31.97348]]]]}},{"type":"Feature","properties":{"lu":"CBD Zone","ct":"Proposed","a":114.213},"geometry":{"type":"MultiPolygon","coordinates":[[[[73.70166,32.07196],[73.70256,32.07189],[73.7027,32.07179],[73.70269,32.07142],[73.70222,32.07153],[73.70216,32.07116],[73.70267,32.07096],[73.70267,32.07066],[73.70342,32.07057],[73.70353,32.07148],[73.70454,32.07138],[73.70467,32.07162],[73.70525,32.07166],[73.70932,32.07125],[73.70935,32.07108],[73.70895,32.07003],[73.70766,32.07024],[73.70732,32.06784],[73.70729,32.06738],[73.70801,32.06733],[73.70794,32.06709],[73.70805,32.06706],[73.70826,32.06675],[73.70886,32.06661],[73.70747,32.06531],[73.70684,32.0655],[73.70689,32.06599],[73.70501,32.06618],[73.70494,32.0656],[73.70697,32.06541],[73.70737,32.06522],[73.70694,32.06481],[73.70607,32.06486],[73.70604,32.06456],[73.70662,32.0645],[73.70635,32.06423],[73.70528,32.06434],[73.70527,32.0641],[73.70473,32.06416],[73.7047,32.06381],[73.70311,32.06393],[73.70327,32.06513],[73.70343,32.0651],[73.70351,32.06573],[73.70265,32.06581],[73.70271,32.06638],[73.7015,32.06652],[73.70158,32.06753],[73.70085,32.0676],[73.70082,32.06719],[73.70017,32.06729],[73.70011,32.0677],[73.70046,32.06771],[73.70046,32.06816],[73.70068,32.06822],[73.70055,32.06826],[73.70057,32.0684],[73.70033,32.06844],[73.70048,32.06993],[73.70118,32.06989],[73.7011,32.06913],[73.70101,32.06914],[73.70099,32.069],[73.70183,32.06892],[73.70196,32.07034],[73.70141,32.0703],[73.70142,32.07045],[73.70164,32.07045],[73.7017,32.0709],[73.70163,32.07091],[73.70163,32.07099],[73.70132,32.07101],[73.7013,32.07079],[73.70061,32.07085],[73.70075,32.07204],[73.70166,32.07196]],[[73.7028,32.06732],[73.70279,32.06724],[73.70265,32.06723],[73.70262,32.06702],[73.70296,32.06699],[73.70299,32.06728],[73.7028,32.06732]]]]}},{"type":"Feature","properties":{"lu":"Commercial","ct":"Existing","a":0.017},"geometry":{"type":"MultiPolygon","coordinates":[[[[73.26872,31.9091],[73.26862,31.90907],[73.26859,31.90911],[73.26869,31.90916],[73.26872,31.9091]]]]}},{"type":"Feature","properties":{"lu":"Commercial","ct":"Existing","a":0.039},"geometry":{"type":"MultiPolygon","coordinates":[[[[73.26897,31.90783],[73.26892,31.90774],[73.26876,31.90777],[73.26877,31.90784],[73.26897,31.90783]]]]}},{"type":"Feature","properties":{"lu":"Commercial","ct":"Existing","a":0.085},"geometry":{"type":"MultiPolygon","coordinates":[[[[73.26924,31.90826],[73.26917,31.90815],[73.26895,31.9082],[73.269,31.90832],[73.2691,31.90827],[73.26918,31.90836],[73.26924,31.90826]]]]}},{"type":"Feature","properties":{"lu":"Commercial","ct":"Existing","a":0.034},"geometry":{"type":"MultiPolygon","coordinates":[[[[73.36913,32.04814],[73.36904,32.04816],[73.36912,32.04831],[73.36919,32.0483],[73.36913,32.04814]]]]}},{"type":"Feature","properties":{"lu":"Commercial","ct":"Existing","a":0.259},"geometry":{"type":"MultiPolygon","coordinates":[[[[73.28649,31.90638],[73.28558,31.90631],[73.28555,31.90643],[73.28648,31.90648],[73.28649,31.90638]]]]}},{"type":"Feature","properties":{"lu":"Commercial","ct":"Existing","a":0.072},"geometry":{"type":"MultiPolygon","coordinates":[[[[73.28647,31.90406],[73.2864,31.904],[73.28617,31.90421],[73.28623,31.90426],[73.28647,31.90406]]]]}},{"type":"Feature","properties":{"lu":"Commercial Zone","ct":"Proposed","a":0.004},"geometry":{"type":"MultiPolygon","coordinates":[[[[73.6457,32.07139],[73.64554,32.07137],[73.64555,32.07139],[73.6457,32.07139]]]]}},{"type":"Feature","properties":{"lu":"Commercial Zone","ct":"Proposed","a":107.205},"geometry":{"type":"MultiPolygon","coordinates":[[[[73.46453,31.88468],[73.4636,31.88483],[73.46351,31.8844],[73.4648,31.88418],[73.46551,31.88291],[73.46541,31.88291],[73.46541,31.88284],[73.46554,31.88284],[73.46576,31.88247],[73.4651,31.88247],[73.4651,31.88241],[73.46537,31.88236],[73.46542,31.88208],[73.46521,31.8821],[73.46505,31.88152],[73.46577,31.8814],[73.46588,31.88173],[73.46621,31.88169],[73.46785,31.87875],[73.46774,31.87826],[73.46789,31.87827],[73.46808,31.87773],[73.46791,31.87772],[73.46789,31.87763],[73.4676,31.87765],[73.46747,31.87722],[73.46803,31.87713],[73.46806,31.877],[73.46774,31.87648],[73.4675,31.87657],[73.46752,31.87662],[73.46666,31.87679],[73.463,31.87719],[73.46311,31.87783],[73.46271,31.87792],[73.46268,31.87779],[73.46222,31.87786],[73.46214,31.87754],[73.46202,31.87754],[73.46196,31.87727],[73.45983,31.87752],[73.45984,31.87809],[73.46008,31.87883],[73.46075,31.88031],[73.46214,31.88383],[73.46242,31.88436],[73.4631,31.88513],[73.464,31.88566],[73.46453,31.88468]],[[73.46162,31.8775],[73.46153,31.8775],[73.46152,31.87743],[73.46161,31.87743],[73.46162,31.8775]],[[73.46166,31.87785],[73.46161,31.87785],[73.46159,31.87772],[73.46165,31.87772],[73.46166,31.87785]],[[73.46519,31.88272],[73.46502,31.88275],[73.465,31.8826],[73.46516,31.88257],[73.46519,31.88272]],[[73.46479,31.88278],[73.46475,31.88265],[73.46488,31.88262],[73.4649,31.88277],[73.46479,31.88278]]]]}}]}