{"type":"FeatureCollection","features":[{"type":"Feature","properties":{"lu":"Park and Open Spaces","ct":"Existing","a":4.311},"geometry":{"type":"MultiPolygon","coordinates":[[[[73.65711,32.11018],[73.65686,32.11025],[73.65679,32.11004],[73.65567,32.11032],[73.65611,32.11149],[73.65745,32.11113],[73.65711,32.11018]]]]}},{"type":"Feature","properties":{"lu":"Park and Open Spaces","ct":"Existing","a":1.881},"geometry":{"type":"MultiPolygon","coordinates":[[[[73.58078,32.21555],[73.58024,32.21635],[73.58106,32.21661],[73.58152,32.21612],[73.58078,32.21555]]]]}},{"type":"Feature","properties":{"lu":"Water Body","ct":"Existing","a":29.887},"geometry":{"type":"MultiPolygon","coordinates":[[[[73.75115,32.1383],[73.74928,32.13762],[73.73575,32.1315],[73.73505,32.13121],[73.73473,32.13117],[73.73538,32.13157],[73.73542,32.1317],[73.73604,32.132],[73.73839,32.13308],[73.7402,32.1338],[73.74652,32.13675],[73.74883,32.13775],[73.75233,32.139],[73.75241,32.13871],[73.75227,32.13862],[73.75115,32.1383]]],[[[73.7654,32.14052],[73.76273,32.14071],[73.76073,32.14057],[73.75722,32.13995],[73.75261,32.13872],[73.75252,32.13905],[73.757,32.14021],[73.75916,32.14068],[73.76094,32.14088],[73.76204,32.14097],[73.76441,32.14094],[73.76705,32.14066],[73.76695,32.14037],[73.7654,32.14052]]],[[[73.77115,32.1392],[73.76949,32.13976],[73.76715,32.14035],[73.76724,32.14063],[73.76734,32.14061],[73.76919,32.14018],[73.77159,32.13938],[73.77142,32.13907],[73.77115,32.1392]]]]}},{"type":"Feature","properties":{"lu":"Water Body","ct":"Existing","a":0.275},"geometry":{"type":"MultiPolygon","coordinates":[[[[73.48188,31.84927],[73.48183,31.84897],[73.48156,31.84898],[73.48159,31.84938],[73.48188,31.84927]]]]}},{"type":"Feature","properties":{"lu":"Park and Open Spaces","ct":"Existing","a":0.065},"geometry":{"type":"MultiPolygon","coordinates":[[[[73.26192,31.77049],[73.2618,31.7703],[73.26158,31.77042],[73.26192,31.77049]]]]}},{"type":"Feature","properties":{"lu":"Park and Open Spaces","ct":"Existing","a":0.08},"geometry":{"type":"MultiPolygon","coordinates":[[[[73.26213,31.7702],[73.26222,31.77008],[73.26192,31.77023],[73.26206,31.77043],[73.26213,31.7702]]]]}},{"type":"Feature","properties":{"lu":"Water Body","ct":"Existing","a":3148.736,"nm":"Hide"},"geometry":{"type":"MultiPolygon","coordinates":[[[[73.35736,32.13002],[73.35699,32.12972],[73.3563,32.1288],[73.35601,32.12823],[73.35561,32.12779],[73.35524,32.12694],[73.35441,32.1257],[73.35342,32.12488],[73.35179,32.12409],[73.35147,32.12414],[73.35128,32.12406],[73.35118,32.12392],[73.35081,32.1238],[73.3495,32.12307],[73.34628,32.12094],[73.34441,32.11993],[73.34338,32.11901],[73.3406,32.11732],[73.33948,32.11653],[73.33896,32.11577],[73.33457,32.11331],[73.33392,32.11308],[73.33247,32.11237],[73.32867,32.1114],[73.32815,32.11117],[73.32656,32.11088],[73.32407,32.11015],[73.32263,32.10998],[73.32243,32.11004],[73.32145,32.11005],[73.32092,32.10989],[73.31963,32.10985],[73.31816,32.10932],[73.31691,32.10919],[73.31685,32.10905],[73.31689,32.10877],[73.31712,32.10864],[73.31765,32.1087],[73.31769,32.10857],[73.31745,32.10845],[73.31833,32.10856],[73.31829,32.10764],[73.31805,32.10731],[73.31787,32.10718],[73.31804,32.10694],[73.31808,32.10666],[73.31845,32.10668],[73.31853,32.10583],[73.31913,32.10534],[73.31863,32.10483],[73.31852,32.1042],[73.31836,32.10382],[73.31709,32.10258],[73.31657,32.10229],[73.31671,32.10203],[73.31701,32.10182],[73.3165,32.10171],[73.31612,32.1018],[73.316,32.10192],[73.3152,32.10194],[73.31482,32.10213],[73.3126,32.10263],[73.31205,32.10259],[73.31112,32.10226],[73.31151,32.10176],[73.30985,32.10058],[73.30892,32.10163],[73.30832,32.10129],[73.30793,32.10169],[73.30677,32.10076],[73.30666,32.10053],[73.30685,32.10037],[73.30721,32.10064],[73.30738,32.1004],[73.3071,32.10013],[73.30694,32.09956],[73.307,32.09949],[73.30677,32.09915],[73.30656,32.099],[73.30669,32.09887],[73.30622,32.09853],[73.30616,32.09866],[73.30589,32.09874],[73.30578,32.09803],[73.306,32.09774],[73.30596,32.09761],[73.30575,32.09751],[73.30555,32.09701],[73.30471,32.09561],[73.30448,32.09505],[73.30428,32.0949],[73.30427,32.09473],[73.30338,32.09413],[73.30032,32.09298],[73.29964,32.09281],[73.29906,32.09273],[73.29844,32.09283],[73.29664,32.09237],[73.29605,32.09232],[73.29523,32.09202],[73.29467,32.09168],[73.29424,32.09207],[73.29367,32.09178],[73.29343,32.09198],[73.29262,32.09208],[73.29182,32.09298],[73.29156,32.09345],[73.29029,32.09396],[73.28842,32.09487],[73.288,32.09465],[73.28765,32.09528],[73.28731,32.09568],[73.28481,32.09757],[73.28331,32.09773],[73.28207,32.09753],[73.28157,32.09713],[73.28117,32.09638],[73.28108,32.09583],[73.28193,32.09635],[73.28269,32.09551],[73.28213,32.09502],[73.28205,32.09471],[73.28171,32.09293],[73.28206,32.09137],[73.28171,32.09042],[73.28154,32.08944],[73.28133,32.08878],[73.28072,32.08822],[73.28016,32.08755],[73.27927,32.08696],[73.27892,32.08637],[73.27685,32.08431],[73.27592,32.08373],[73.27543,32.08362],[73.27455,32.08298],[73.27418,32.08258],[73.27355,32.0821],[73.27304,32.08147],[73.27251,32.08108],[73.2714,32.07932],[73.2695,32.07719],[73.26901,32.07563],[73.26883,32.0742],[73.26822,32.07319],[73.26757,32.07257],[73.26695,32.07208],[73.26607,32.07161],[73.26517,32.07086],[73.26423,32.0705],[73.26394,32.0703],[73.26327,32.06951],[73.26188,32.06857],[73.25977,32.06763],[73.25881,32.06711],[73.25753,32.06659],[73.25656,32.06601],[73.25597,32.06728],[73.25527,32.06979],[73.25531,32.07055],[73.2555,32.071],[73.25641,32.07178],[73.25904,32.072],[73.26019,32.07262],[73.26125,32.07389],[73.26156,32.07486],[73.26164,32.07583],[73.26093,32.07866],[73.26082,32.0803],[73.26139,32.08249],[73.26307,32.08446],[73.26491,32.08581],[73.26543,32.08652],[73.26566,32.08712],[73.2659,32.08752],[73.26794,32.09045],[73.26961,32.09191],[73.27149,32.09323],[73.2799,32.09688],[73.28103,32.09753],[73.28168,32.09835],[73.28334,32.10137],[73.28461,32.10279],[73.28645,32.10382],[73.29762,32.1079],[73.30407,32.11183],[73.30529,32.11289],[73.30604,32.11379],[73.30661,32.11552],[73.30696,32.11703],[73.30718,32.12027],[73.30803,32.12211],[73.30916,32.12261],[73.30933,32.12193],[73.31946,32.12386],[73.34493,32.13543],[73.36066,32.14428],[73.36069,32.14364],[73.36033,32.14255],[73.35962,32.14196],[73.35949,32.13751],[73.35995,32.13631],[73.35964,32.13454],[73.35905,32.13347],[73.35788,32.13057],[73.35736,32.13002]],[[73.31354,32.10952],[73.31225,32.10942],[73.31171,32.10925],[73.31114,32.1092],[73.30733,32.10851],[73.30681,32.10823],[73.30606,32.10825],[73.30516,32.10806],[73.303,32.10792],[73.30117,32.10756],[73.29996,32.10752],[73.29689,32.10649],[73.29485,32.10511],[73.29439,32.10513],[73.29412,32.105],[73.29292,32.10488],[73.29219,32.10386],[73.29158,32.1034],[73.2906,32.10305],[73.28887,32.10184],[73.28806,32.10096],[73.28826,32.10063],[73.2873,32.09997],[73.28609,32.09977],[73.2858,32.09965],[73.28558,32.09989],[73.28496,32.09969],[73.28558,32.0988],[73.28526,32.09858],[73.28594,32.09804],[73.2864,32.09779],[73.28673,32.09787],[73.28843,32.09582],[73.28901,32.09523],[73.29209,32.09407],[73.29241,32.09403],[73.29318,32.09459],[73.29373,32.09417],[73.29357,32.09325],[73.29492,32.09302],[73.29722,32.09318],[73.2983,32.09333],[73.29911,32.09359],[73.30211,32.09484],[73.30331,32.09555],[73.30392,32.09605],[73.30433,32.09659],[73.30519,32.09811],[73.30555,32.09889],[73.30553,32.09938],[73.30571,32.09985],[73.3063,32.10082],[73.30664,32.10127],[73.30771,32.1022],[73.30897,32.10298],[73.30949,32.10323],[73.31013,32.10338],[73.31335,32.1033],[73.31418,32.10295],[73.31463,32.10291],[73.31571,32.10321],[73.31698,32.10409],[73.31706,32.10456],[73.31745,32.1054],[73.31737,32.10618],[73.31687,32.10719],[73.31677,32.10764],[73.31631,32.1083],[73.31627,32.10857],[73.31642,32.10912],[73.31452,32.10901],[73.31368,32.10923],[73.31354,32.10952]]]]}},{"type":"Feature","properties":{"lu":"Water Body","ct":"Existing","a":1.312},"geometry":{"type":"MultiPolygon","coordinates":[[[[73.56026,32.20495],[73.55952,32.20473],[73.55908,32.20534],[73.5598,32.20552],[73.55982,32.20536],[73.56005,32.20531],[73.55999,32.20511],[73.56025,32.20513],[73.56026,32.20495]]]]}},{"type":"Feature","properties":{"lu":"Water Body","ct":"Existing","a":0.033},"geometry":{"type":"MultiPolygon","coordinates":[[[[73.49322,32.05315],[73.49304,32.05324],[73.49329,32.05313],[73.49399,32.05282],[73.49322,32.05315]]],[[[73.49133,32.054],[73.49156,32.05391],[73.49208,32.05368],[73.49171,32.05383],[73.49133,32.054]]],[[[73.4872,32.05583],[73.48798,32.05548],[73.48777,32.05557],[73.4872,32.05583]]]]}},{"type":"Feature","properties":{"lu":"Water Body","ct":"Existing","a":0.27},"geometry":{"type":"MultiPolygon","coordinates":[[[[73.47897,32.05944],[73.47739,32.06008],[73.48073,32.05865],[73.47897,32.05944]]],[[[73.47696,32.06023],[73.47654,32.06036],[73.47671,32.06032],[73.47696,32.06023]]],[[[73.47231,32.06108],[73.47158,32.06117],[73.47446,32.06084],[73.47521,32.06067],[73.47231,32.06108]]],[[[73.47052,32.06136],[73.47181,32.06122],[73.47228,32.06117],[73.47204,32.06119],[73.47073,32.06134],[73.47052,32.06136]]],[[[73.46508,32.06193],[73.46531,32.0619],[73.46454,32.06199],[73.46424,32.06202],[73.46508,32.06193]]],[[[73.46181,32.06231],[73.46167,32.06232],[73.46382,32.06207],[73.46181,32.06231]]],[[[73.46018,32.06249],[73.46038,32.06248],[73.46083,32.06243],[73.46032,32.06248],[73.46018,32.06249]]],[[[73.460194,32.062586],[73.460188,32.062585],[73.460188,32.062587],[73.460194,32.062586]]]]}},{"type":"Feature","properties":{"lu":"Water Body","ct":"Existing","a":1.462},"geometry":{"type":"MultiPolygon","coordinates":[[[[73.47929,32.03217],[73.47885,32.03218],[73.47838,32.03235],[73.47844,32.03271],[73.47891,32.03321],[73.47929,32.03217]]]]}},{"type":"Feature","properties":{"lu":"Water Body","ct":"Existing","a":0.809},"geometry":{"type":"MultiPolygon","coordinates":[[[[73.49243,32.04616],[73.4922,32.04587],[73.4919,32.04591],[73.49175,32.04606],[73.49183,32.04645],[73.49247,32.04636],[73.49243,32.04616]]]]}},{"type":"Feature","properties":{"lu":"Park and Open Spaces","ct":"Existing","a":0.102},"geometry":{"type":"MultiPolygon","coordinates":[[[[73.46583,32.05901],[73.46568,32.05902],[73.46571,32.05925],[73.46585,32.05923],[73.46583,32.05901]]]]}},{"type":"Feature","properties":{"lu":"Water Body","ct":"Existing","a":0.282},"geometry":{"type":"MultiPolygon","coordinates":[[[[73.50192,32.0612],[73.50185,32.0608],[73.50158,32.06077],[73.50169,32.06124],[73.50192,32.0612]]]]}},{"type":"Feature","properties":{"lu":"Water Body","ct":"Existing","a":0.323},"geometry":{"type":"MultiPolygon","coordinates":[[[[73.57817,32.19804],[73.57915,32.19866],[73.57751,32.19763],[73.57817,32.19804]]],[[[73.5838,32.20126],[73.5809,32.19988],[73.583,32.20094],[73.58417,32.20145],[73.5838,32.20126]]],[[[73.58417,32.20132],[73.58417,32.20131],[73.5836,32.20108],[73.58373,32.20113],[73.58417,32.20132]]]]}},{"type":"Feature","properties":{"lu":"Water Body","ct":"Existing","a":0.023},"geometry":{"type":"MultiPolygon","coordinates":[[[[73.65605,32.00281],[73.65611,32.00277],[73.65604,32.00269],[73.65599,32.00273],[73.65605,32.00281]]]]}},{"type":"Feature","properties":{"lu":"Water Body","ct":"Existing","a":45.816},"geometry":{"type":"MultiPolygon","coordinates":[[[[73.572,32.2458],[73.57211,32.24589],[73.57236,32.2457],[73.57391,32.24606],[73.57496,32.24607],[73.57549,32.24623],[73.57596,32.24648],[73.57613,32.24635],[73.57694,32.24653],[73.57809,32.24712],[73.57951,32.24851],[73.5801,32.24883],[73.58081,32.24943],[73.58224,32.25017],[73.58349,32.25037],[73.58353,32.25007],[73.5825,32.24992],[73.58157,32.24956],[73.58093,32.24922],[73.57927,32.24785],[73.57879,32.24729],[73.57761,32.24635],[73.57512,32.24578],[73.57478,32.24559],[73.57413,32.24552],[73.57272,32.24468],[73.57254,32.24498],[73.5717,32.24497],[73.57034,32.24481],[73.56937,32.24488],[73.56849,32.24545],[73.56807,32.2456],[73.56631,32.24674],[73.56609,32.24664],[73.56546,32.24713],[73.5652,32.24755],[73.56501,32.24766],[73.56355,32.24802],[73.56264,32.24797],[73.56201,32.24769],[73.56136,32.24688],[73.56089,32.24656],[73.56029,32.24638],[73.55919,32.24661],[73.55889,32.24662],[73.55849,32.24647],[73.55793,32.24655],[73.55755,32.24648],[73.55694,32.24661],[73.55639,32.24693],[73.55627,32.24691],[73.55592,32.24718],[73.55588,32.24735],[73.5553,32.24751],[73.55486,32.24726],[73.55482,32.24697],[73.55442,32.24629],[73.55417,32.24558],[73.55375,32.24531],[73.55276,32.24512],[73.55194,32.24536],[73.55178,32.24551],[73.55064,32.24699],[73.55021,32.24791],[73.54965,32.24846],[73.54934,32.24854],[73.54911,32.24883],[73.54905,32.24901],[73.5493,32.24955],[73.54921,32.25019],[73.54925,32.25042],[73.54945,32.25064],[73.54986,32.25082],[73.55024,32.25121],[73.55027,32.25148],[73.55016,32.25179],[73.54939,32.2526],[73.54948,32.25281],[73.54936,32.25314],[73.54941,32.25345],[73.54919,32.25385],[73.54927,32.25418],[73.54888,32.2548],[73.54813,32.25542],[73.54813,32.25559],[73.54798,32.25581],[73.54781,32.25594],[73.54748,32.256],[73.54687,32.25603],[73.5468,32.25588],[73.54662,32.256],[73.54633,32.256],[73.54582,32.25583],[73.54501,32.25572],[73.54481,32.25564],[73.54451,32.2553],[73.54398,32.25507],[73.54345,32.25502],[73.5435,32.2551],[73.54428,32.25526],[73.54449,32.25538],[73.54485,32.25575],[73.54506,32.25584],[73.54555,32.25586],[73.546,32.25604],[73.54663,32.25614],[73.54658,32.25619],[73.54675,32.25627],[73.54681,32.25615],[73.54783,32.25603],[73.54841,32.2556],[73.54849,32.25536],[73.54922,32.25464],[73.54968,32.25388],[73.54986,32.25311],[73.55072,32.252],[73.55085,32.25172],[73.55085,32.25152],[73.55074,32.25135],[73.55007,32.25055],[73.54966,32.25049],[73.54945,32.25028],[73.54942,32.25009],[73.54956,32.24972],[73.54939,32.24902],[73.54942,32.24889],[73.5502,32.24855],[73.55048,32.24821],[73.55082,32.24732],[73.55125,32.2468],[73.55147,32.24673],[73.55207,32.24591],[73.55219,32.24556],[73.55241,32.24539],[73.55265,32.24534],[73.55338,32.24551],[73.55347,32.24539],[73.55377,32.24551],[73.55419,32.24624],[73.55424,32.24665],[73.55454,32.24698],[73.55478,32.24758],[73.55505,32.24767],[73.55564,32.24766],[73.5559,32.24755],[73.55653,32.24704],[73.55705,32.24679],[73.55901,32.24688],[73.55945,32.24683],[73.55989,32.24663],[73.56119,32.24711],[73.56181,32.24775],[73.56229,32.24804],[73.56319,32.2482],[73.56479,32.24791],[73.56539,32.24764],[73.56576,32.24712],[73.56642,32.24695],[73.56729,32.24652],[73.56769,32.2462],[73.56899,32.24568],[73.57186,32.24557],[73.572,32.2458]]]]}},{"type":"Feature","properties":{"lu":"Water Body","ct":"Existing","a":30.735},"geometry":{"type":"MultiPolygon","coordinates":[[[[73.4566,32.12944],[73.44661,32.12926],[73.44449,32.12913],[73.443,32.12865],[73.43472,32.12504],[73.43216,32.12419],[73.43215,32.12424],[73.43469,32.12517],[73.4433,32.12888],[73.4439,32.12908],[73.4455,32.12932],[73.45683,32.12956],[73.45684,32.12949],[73.4566,32.12944]]],[[[73.54998,32.1367],[73.55004,32.13655],[73.54901,32.13639],[73.51388,32.13412],[73.51103,32.13354],[73.49309,32.12909],[73.48653,32.12757],[73.48474,32.12731],[73.47425,32.12684],[73.47238,32.12721],[73.46713,32.12932],[73.46605,32.12958],[73.46488,32.12965],[73.46202,32.12958],[73.46194,32.12965],[73.46007,32.12965],[73.4649,32.12977],[73.46659,32.12957],[73.4679,32.12913],[73.47245,32.12726],[73.4743,32.12693],[73.48004,32.12714],[73.48532,32.12745],[73.48775,32.12794],[73.49215,32.12898],[73.49907,32.13074],[73.51325,32.13417],[73.5261,32.13507],[73.54914,32.13653],[73.54998,32.1367]]]]}},{"type":"Feature","properties":{"lu":"Water Body","ct":"Existing","a":50.507},"geometry":{"type":"MultiPolygon","coordinates":[[[[73.67375,32.24742],[73.67281,32.24715],[73.67145,32.24662],[73.66862,32.24541],[73.66556,32.24376],[73.65759,32.23969],[73.63861,32.22978],[73.63721,32.22896],[73.61408,32.21324],[73.61065,32.21128],[73.60886,32.21047],[73.60692,32.20972],[73.58668,32.2023],[73.58373,32.20113],[73.58094,32.19973],[73.56645,32.19068],[73.56421,32.18904],[73.56258,32.18757],[73.5536,32.17874],[73.55352,32.1788],[73.56114,32.18636],[73.56443,32.18935],[73.56735,32.19134],[73.58007,32.19942],[73.58424,32.20151],[73.59412,32.20511],[73.59796,32.20655],[73.59975,32.2073],[73.60261,32.20824],[73.60509,32.20922],[73.60801,32.21026],[73.6115,32.21191],[73.61402,32.21339],[73.62708,32.22218],[73.63234,32.22582],[73.63431,32.22708],[73.63534,32.22787],[73.63881,32.23004],[73.65938,32.24071],[73.66054,32.24133],[73.66082,32.24158],[73.66542,32.24396],[73.66563,32.244],[73.6689,32.24566],[73.67075,32.24647],[73.67402,32.24765],[73.67441,32.24777],[73.67449,32.24765],[73.67375,32.24742]]],[[[73.69144,32.25008],[73.68993,32.25005],[73.68881,32.24993],[73.68764,32.2497],[73.67973,32.24879],[73.67618,32.24811],[73.67467,32.24771],[73.67459,32.24783],[73.6779,32.24868],[73.67969,32.24897],[73.685,32.2495],[73.68879,32.25],[73.69242,32.25022],[73.69241,32.2501],[73.69144,32.25008]]],[[[73.71124,32.24944],[73.70599,32.24964],[73.70601,32.24978],[73.70693,32.24976],[73.71192,32.24954],[73.71195,32.24943],[73.71124,32.24944]]]]}},{"type":"Feature","properties":{"lu":"Water Body","ct":"Existing","a":347.897},"geometry":{"type":"MultiPolygon","coordinates":[[[[73.47154,32.09696],[73.46996,32.09707],[73.46889,32.09718],[73.47,32.09709],[73.47154,32.09696]]],[[[73.46902,32.09734],[73.46908,32.09733],[73.46493,32.09768],[73.46902,32.09734]]],[[[73.46296,32.09768],[73.46283,32.0977],[73.46327,32.09766],[73.46296,32.09768]]],[[[73.45587,32.10141],[73.4564,32.10104],[73.46168,32.09802],[73.46252,32.09773],[73.46177,32.09787],[73.45551,32.10142],[73.4553,32.10175],[73.45257,32.1049],[73.45266,32.10495],[73.453,32.1046],[73.45587,32.10141]]],[[[73.43792,32.11373],[73.4398,32.11202],[73.44969,32.10842],[73.44995,32.10827],[73.4526,32.10512],[73.45243,32.10514],[73.45053,32.10753],[73.44993,32.10814],[73.44958,32.10838],[73.43967,32.112],[73.43578,32.11555],[73.43568,32.11548],[73.43222,32.11855],[73.43068,32.12005],[73.42344,32.12663],[73.42303,32.12666],[73.41963,32.12592],[73.419,32.12585],[73.41518,32.12798],[73.41357,32.12818],[73.41356,32.12834],[73.41539,32.12802],[73.41782,32.12659],[73.41861,32.12619],[73.41919,32.12603],[73.41956,32.12605],[73.42306,32.12679],[73.42343,32.12678],[73.43792,32.11373]]],[[[73.41155,32.13451],[73.41101,32.13384],[73.40938,32.13277],[73.4088,32.13207],[73.40833,32.13177],[73.40791,32.13103],[73.40681,32.12995],[73.40628,32.1296],[73.40613,32.12942],[73.40618,32.12933],[73.41337,32.12837],[73.41338,32.12821],[73.40616,32.12921],[73.40528,32.12901],[73.40359,32.12915],[73.40291,32.12903],[73.40162,32.1285],[73.40012,32.12831],[73.39968,32.12838],[73.39915,32.12884],[73.3987,32.12904],[73.39793,32.12915],[73.39754,32.12952],[73.39731,32.12963],[73.39487,32.12893],[73.39354,32.12879],[73.39283,32.12854],[73.39264,32.12815],[73.39202,32.12825],[73.39027,32.12758],[73.3893,32.12735],[73.38897,32.12741],[73.38822,32.12802],[73.38791,32.12816],[73.38776,32.12845],[73.38748,32.1285],[73.38444,32.12848],[73.38357,32.12832],[73.38318,32.12837],[73.3829,32.12826],[73.38048,32.12889],[73.37996,32.12918],[73.37883,32.12929],[73.37842,32.12959],[73.37806,32.12972],[73.37756,32.12975],[73.3769,32.12962],[73.37668,32.12965],[73.37634,32.12984],[73.37594,32.12993],[73.37504,32.12993],[73.37444,32.13024],[73.37428,32.13042],[73.37399,32.13053],[73.37285,32.13044],[73.37235,32.13051],[73.37199,32.13064],[73.37166,32.1313],[73.37115,32.13127],[73.37096,32.13099],[73.37032,32.13071],[73.37011,32.13045],[73.36996,32.13053],[73.36912,32.13143],[73.36859,32.13132],[73.36835,32.1314],[73.36831,32.1316],[73.36919,32.13157],[73.36937,32.13149],[73.36988,32.13092],[73.37004,32.13085],[73.37034,32.13089],[73.37083,32.13112],[73.37097,32.13138],[73.37126,32.13147],[73.37175,32.13143],[73.3719,32.13127],[73.37206,32.13075],[73.37228,32.13065],[73.37271,32.13059],[73.37368,32.13067],[73.37415,32.13062],[73.3751,32.13005],[73.37584,32.13011],[73.37689,32.12985],[73.37795,32.12989],[73.37847,32.12976],[73.37878,32.12951],[73.38024,32.12927],[73.38112,32.12883],[73.38293,32.12852],[73.38339,32.12846],[73.38458,32.12865],[73.3872,32.12861],[73.3875,32.12869],[73.38784,32.12854],[73.38904,32.12753],[73.3895,32.12752],[73.39209,32.12845],[73.39209,32.12859],[73.39239,32.12885],[73.39262,32.1287],[73.39282,32.1287],[73.39395,32.12906],[73.39429,32.12903],[73.39525,32.12917],[73.3975,32.12989],[73.398,32.12962],[73.39808,32.12934],[73.39887,32.12916],[73.39941,32.12889],[73.39962,32.12868],[73.40044,32.12851],[73.40162,32.12873],[73.40269,32.12915],[73.40344,32.12934],[73.40488,32.12914],[73.40562,32.12924],[73.40586,32.12937],[73.40611,32.1297],[73.40691,32.13029],[73.40748,32.13091],[73.40824,32.13198],[73.40917,32.1329],[73.41085,32.13411],[73.41196,32.13587],[73.4122,32.13642],[73.41248,32.13608],[73.41241,32.13584],[73.41155,32.13451]]],[[[73.44325,32.14823],[73.44254,32.14732],[73.44187,32.14677],[73.44168,32.14665],[73.44104,32.14656],[73.44059,32.14608],[73.44023,32.14593],[73.43979,32.14541],[73.4395,32.14486],[73.43913,32.14466],[73.43693,32.14445],[73.43684,32.1445],[73.43681,32.14503],[73.43601,32.14502],[73.43535,32.14546],[73.4348,32.14529],[73.43449,32.14531],[73.43402,32.14514],[73.43353,32.14528],[73.43301,32.14507],[73.43252,32.14521],[73.4315,32.1452],[73.43075,32.14549],[73.42996,32.14563],[73.42873,32.146],[73.42847,32.14613],[73.42842,32.14633],[73.42738,32.14674],[73.42698,32.14699],[73.42629,32.14689],[73.42561,32.14698],[73.4252,32.14684],[73.42474,32.14694],[73.42366,32.14698],[73.42277,32.14659],[73.42221,32.14656],[73.42201,32.14648],[73.4213,32.14584],[73.42033,32.14549],[73.42003,32.14521],[73.4199,32.14493],[73.41944,32.14454],[73.41934,32.14466],[73.42037,32.1458],[73.42111,32.146],[73.42164,32.14643],[73.42218,32.1467],[73.42256,32.14668],[73.42298,32.14685],[73.42349,32.14721],[73.42519,32.14709],[73.42568,32.14726],[73.42624,32.14713],[73.42697,32.14719],[73.42773,32.14713],[73.4282,32.14688],[73.42815,32.14671],[73.42878,32.14625],[73.43026,32.14578],[73.43089,32.14573],[73.43148,32.14545],[73.43176,32.14542],[73.43224,32.14555],[73.43265,32.14555],[73.43289,32.14529],[73.43298,32.14529],[73.43345,32.14545],[73.43391,32.14542],[73.43449,32.14554],[73.43491,32.1455],[73.43534,32.14563],[73.43561,32.14558],[73.43623,32.14523],[73.43689,32.14526],[73.43704,32.14508],[73.43703,32.1448],[73.43718,32.14469],[73.43792,32.14472],[73.43817,32.14482],[73.43882,32.14482],[73.43941,32.14512],[73.43987,32.14591],[73.4406,32.1464],[73.44083,32.14674],[73.44101,32.14684],[73.44156,32.14684],[73.4429,32.1481],[73.44313,32.14864],[73.44306,32.14926],[73.44311,32.14939],[73.44348,32.14933],[73.44325,32.14823]]],[[[73.45305,32.17686],[73.45301,32.17672],[73.45281,32.17653],[73.45185,32.17627],[73.45173,32.17597],[73.45135,32.17563],[73.45125,32.17491],[73.45059,32.17249],[73.45046,32.17173],[73.45071,32.17158],[73.45075,32.1713],[73.45064,32.17076],[73.45071,32.17033],[73.45105,32.16961],[73.45032,32.16749],[73.45039,32.16732],[73.45024,32.16715],[73.45049,32.1666],[73.45039,32.16631],[73.45047,32.16618],[73.45049,32.16587],[73.45037,32.16537],[73.45024,32.16529],[73.45022,32.16509],[73.45008,32.16485],[73.45015,32.1647],[73.44997,32.16451],[73.45,32.16429],[73.44983,32.16409],[73.44992,32.16397],[73.44989,32.16326],[73.4496,32.16188],[73.44916,32.16093],[73.44892,32.16068],[73.44885,32.16047],[73.44792,32.16012],[73.44765,32.1598],[73.44741,32.15918],[73.44706,32.15879],[73.44668,32.15863],[73.44659,32.15849],[73.44604,32.15835],[73.4458,32.1581],[73.44575,32.15788],[73.44602,32.15765],[73.44608,32.15735],[73.44562,32.15706],[73.44527,32.15636],[73.44537,32.15611],[73.44534,32.15598],[73.44586,32.1551],[73.44595,32.15443],[73.44547,32.1541],[73.44545,32.15339],[73.44529,32.15302],[73.44544,32.15239],[73.44536,32.15201],[73.44491,32.15152],[73.44465,32.1514],[73.44431,32.15108],[73.44419,32.15072],[73.44385,32.15042],[73.44356,32.14948],[73.44317,32.14955],[73.4434,32.1498],[73.44359,32.15031],[73.44432,32.15142],[73.44514,32.15208],[73.44513,32.15271],[73.44493,32.15301],[73.44518,32.15341],[73.44507,32.15377],[73.44511,32.15403],[73.44517,32.15424],[73.44568,32.15449],[73.44572,32.15471],[73.44568,32.15491],[73.44516,32.15585],[73.44523,32.15604],[73.44509,32.15656],[73.44532,32.15711],[73.44582,32.15745],[73.44569,32.15755],[73.44551,32.15794],[73.44558,32.15817],[73.44593,32.15853],[73.4464,32.15869],[73.44709,32.15909],[73.44745,32.15983],[73.44776,32.16024],[73.44858,32.1606],[73.44928,32.16179],[73.44947,32.16257],[73.4495,32.16289],[73.44941,32.16322],[73.44958,32.16381],[73.44951,32.1646],[73.44977,32.16485],[73.45008,32.16568],[73.4503,32.16658],[73.44993,32.16685],[73.44986,32.16723],[73.45019,32.16784],[73.45072,32.16941],[73.45059,32.17012],[73.45036,32.17043],[73.45048,32.17139],[73.45017,32.17169],[73.45016,32.17207],[73.45106,32.17502],[73.45116,32.17571],[73.45163,32.17629],[73.45207,32.17648],[73.45256,32.17651],[73.45279,32.17662],[73.4529,32.17682],[73.4528,32.17711],[73.45296,32.17746],[73.45315,32.1774],[73.45307,32.17731],[73.45305,32.17686]]],[[[73.4761,32.09657],[73.47502,32.09666],[73.47436,32.09671],[73.47386,32.09676],[73.4761,32.09657]]],[[[73.47316,32.0968],[73.47162,32.09695],[73.47382,32.09676],[73.47316,32.0968]]],[[[73.5082,32.10517],[73.49849,32.09792],[73.49775,32.09748],[73.49667,32.09733],[73.48203,32.09615],[73.48076,32.09616],[73.47698,32.0965],[73.47774,32.09643],[73.47775,32.09653],[73.48154,32.09623],[73.4942,32.09727],[73.49783,32.09764],[73.50978,32.10648],[73.5113,32.10841],[73.51145,32.10833],[73.50999,32.10653],[73.5082,32.10517]]],[[[73.55962,32.15799],[73.56012,32.15806],[73.56118,32.15819],[73.56024,32.15804],[73.55962,32.15799]]],[[[73.57319,32.15984],[73.57329,32.15981],[73.57271,32.15972],[73.57319,32.15984]]],[[[73.57666,32.16034],[73.57339,32.15982],[73.57343,32.15989],[73.57666,32.16034]]],[[[73.72772,32.20497],[73.72735,32.20452],[73.72728,32.20411],[73.72698,32.20341],[73.72683,32.20325],[73.72606,32.20147],[73.72536,32.20097],[73.72441,32.20088],[73.72378,32.20009],[73.72322,32.19954],[73.7224,32.1996],[73.72134,32.19883],[73.72098,32.19869],[73.71684,32.19882],[73.71664,32.19868],[73.716,32.19856],[73.71447,32.19807],[73.71406,32.19798],[73.71313,32.19799],[73.71173,32.19837],[73.71118,32.199],[73.71095,32.19914],[73.70998,32.19943],[73.70896,32.19952],[73.70733,32.19924],[73.7065,32.19933],[73.7051,32.19966],[73.70292,32.19911],[73.70181,32.19865],[73.7016,32.19843],[73.70152,32.19817],[73.70102,32.19738],[73.70055,32.19707],[73.69997,32.19644],[73.69966,32.19633],[73.69886,32.1964],[73.6984,32.19654],[73.69797,32.19645],[73.69554,32.19483],[73.69456,32.19447],[73.69398,32.19394],[73.69363,32.19377],[73.69288,32.1932],[73.69291,32.19314],[73.68937,32.19177],[73.68862,32.19141],[73.68745,32.18918],[73.68711,32.18815],[73.68673,32.18781],[73.68542,32.18698],[73.68436,32.18607],[73.68433,32.18561],[73.68392,32.18554],[73.68338,32.18454],[73.68261,32.18411],[73.68244,32.18382],[73.68242,32.18363],[73.68214,32.18365],[73.68194,32.18309],[73.68148,32.18253],[73.68077,32.1824],[73.68077,32.18199],[73.67897,32.17956],[73.67858,32.17865],[73.67819,32.17823],[73.67773,32.17804],[73.6774,32.17773],[73.67653,32.17714],[73.66694,32.17364],[73.66478,32.17295],[73.65976,32.17086],[73.65911,32.17076],[73.6517,32.17162],[73.64521,32.17253],[73.64421,32.17254],[73.64339,32.1722],[73.64307,32.17219],[73.64035,32.17155],[73.62966,32.16888],[73.61775,32.16607],[73.61675,32.16569],[73.61424,32.16443],[73.61032,32.16275],[73.60964,32.16257],[73.59797,32.16111],[73.59639,32.16124],[73.59296,32.16192],[73.59141,32.16208],[73.58441,32.16116],[73.5824,32.16087],[73.58228,32.16079],[73.57966,32.16051],[73.57889,32.16034],[73.57741,32.16018],[73.57357,32.15956],[73.56698,32.1588],[73.56339,32.15817],[73.55657,32.15721],[73.55606,32.15725],[73.5556,32.15743],[73.55385,32.1584],[73.55107,32.15977],[73.55036,32.1599],[73.54556,32.16024],[73.54126,32.16068],[73.54088,32.16078],[73.54062,32.16097],[73.53553,32.16532],[73.52192,32.17128],[73.51786,32.17357],[73.51688,32.174],[73.50549,32.17822],[73.50506,32.17847],[73.5048,32.17865],[73.50466,32.17892],[73.50337,32.18208],[73.50282,32.18321],[73.50307,32.18331],[73.50329,32.18298],[73.50367,32.18189],[73.50496,32.1789],[73.50534,32.17848],[73.51769,32.17395],[73.5199,32.17265],[73.52055,32.17245],[73.52139,32.17185],[73.5224,32.1713],[73.53116,32.16747],[73.53321,32.16673],[73.53553,32.16568],[73.53796,32.16386],[73.5386,32.16324],[73.54077,32.16144],[73.54066,32.16135],[73.54091,32.16116],[73.5413,32.16098],[73.54371,32.16079],[73.54555,32.16052],[73.54798,32.16041],[73.54831,32.16034],[73.54831,32.1602],[73.55061,32.16024],[73.55222,32.15951],[73.55437,32.15831],[73.55457,32.15828],[73.55601,32.15752],[73.56027,32.15788],[73.56905,32.15928],[73.57195,32.15943],[73.583,32.16116],[73.59165,32.16232],[73.59216,32.16229],[73.59748,32.16142],[73.59943,32.16148],[73.61009,32.16294],[73.61748,32.16628],[73.61973,32.16677],[73.62182,32.16734],[73.62368,32.16772],[73.62392,32.16795],[73.62496,32.16808],[73.62821,32.16882],[73.63014,32.16946],[73.63251,32.16992],[73.6348,32.17053],[73.63495,32.17064],[73.6359,32.17091],[73.6366,32.17106],[73.63666,32.17094],[73.63685,32.17089],[73.64058,32.17183],[73.6427,32.17228],[73.64281,32.17236],[73.64309,32.17237],[73.64403,32.17273],[73.64461,32.17281],[73.64588,32.1727],[73.6488,32.17231],[73.64962,32.17225],[73.64973,32.17231],[73.65141,32.17213],[73.65529,32.17158],[73.65789,32.17131],[73.65884,32.171],[73.65932,32.171],[73.65978,32.17115],[73.66168,32.17192],[73.66236,32.17229],[73.66293,32.17238],[73.66319,32.17268],[73.66382,32.17296],[73.66534,32.17336],[73.66648,32.17393],[73.6668,32.17397],[73.66994,32.17499],[73.67611,32.17718],[73.67801,32.17839],[73.67835,32.17867],[73.67915,32.18018],[73.68027,32.18173],[73.68048,32.18252],[73.68063,32.18262],[73.68146,32.1828],[73.6817,32.18313],[73.68185,32.18385],[73.68304,32.18456],[73.68353,32.18545],[73.68419,32.18629],[73.68507,32.18696],[73.68667,32.18797],[73.68699,32.18847],[73.6884,32.19135],[73.68864,32.1916],[73.69275,32.19325],[73.69351,32.1939],[73.69389,32.19411],[73.69455,32.19471],[73.69561,32.19511],[73.69812,32.19669],[73.69829,32.19674],[73.69942,32.19653],[73.69982,32.19663],[73.70035,32.19722],[73.70088,32.19757],[73.70131,32.19853],[73.70154,32.19883],[73.70184,32.19901],[73.70399,32.19984],[73.70467,32.19993],[73.70574,32.19979],[73.70721,32.19945],[73.7091,32.1998],[73.70973,32.19975],[73.71084,32.19942],[73.71123,32.19921],[73.71205,32.19845],[73.71322,32.19813],[73.7144,32.19819],[73.71526,32.19845],[73.71659,32.19899],[73.71675,32.1989],[73.71733,32.19896],[73.71943,32.1988],[73.72093,32.19879],[73.72241,32.19978],[73.72256,32.19983],[73.72301,32.19965],[73.72318,32.19969],[73.72362,32.20012],[73.72407,32.20079],[73.72429,32.20098],[73.72457,32.20105],[73.72514,32.20103],[73.72584,32.20143],[73.72741,32.20488],[73.7278,32.2055],[73.72877,32.20628],[73.72969,32.20718],[73.73042,32.2077],[73.73041,32.20751],[73.72978,32.20704],[73.72772,32.20497]]],[[[73.57039,32.22412],[73.57202,32.22285],[73.57264,32.22267],[73.5838,32.22084],[73.58445,32.22069],[73.5845,32.22062],[73.58034,32.22123],[73.57365,32.22239],[73.57186,32.22278],[73.56649,32.22698],[73.56023,32.22808],[73.55873,32.22828],[73.55664,32.22749],[73.55543,32.22674],[73.55199,32.22485],[73.5489,32.2238],[73.54329,32.22168],[73.52846,32.21269],[73.52421,32.21026],[73.52386,32.20986],[73.52135,32.2059],[73.5174,32.20169],[73.51637,32.19778],[73.51619,32.1974],[73.51369,32.19543],[73.51336,32.19507],[73.51197,32.19277],[73.51144,32.19173],[73.51148,32.19152],[73.51362,32.18909],[73.51474,32.18703],[73.51499,32.18682],[73.51518,32.18627],[73.51627,32.18437],[73.51704,32.18378],[73.51882,32.18302],[73.5219,32.18254],[73.52236,32.18254],[73.5271,32.1817],[73.52717,32.1816],[73.52712,32.18142],[73.52732,32.18133],[73.53034,32.1808],[73.53136,32.18083],[73.53214,32.18096],[73.53298,32.18169],[73.5341,32.18293],[73.5344,32.18312],[73.54007,32.18262],[73.54063,32.18297],[73.54086,32.18303],[73.54209,32.1829],[73.54208,32.18283],[73.54087,32.18292],[73.54026,32.18258],[73.53989,32.18252],[73.53738,32.18273],[73.53683,32.18287],[73.53467,32.18305],[73.53436,32.18302],[73.53261,32.18121],[73.53202,32.18085],[73.53058,32.1807],[73.52714,32.18128],[73.52703,32.18132],[73.52694,32.18165],[73.52661,32.18173],[73.52229,32.18248],[73.52208,32.18245],[73.51915,32.18285],[73.51744,32.1835],[73.51689,32.18379],[73.51631,32.18425],[73.51568,32.18515],[73.51354,32.18911],[73.51138,32.19146],[73.5114,32.19156],[73.51089,32.19155],[73.50986,32.19242],[73.50748,32.19246],[73.50671,32.19214],[73.50535,32.19072],[73.50459,32.18977],[73.50384,32.18841],[73.50363,32.1886],[73.50314,32.18815],[73.50321,32.18804],[73.50308,32.18804],[73.50273,32.18776],[73.50206,32.18701],[73.5017,32.18681],[73.50129,32.18641],[73.50028,32.18591],[73.49976,32.1858],[73.49961,32.18566],[73.49993,32.18534],[73.50264,32.18398],[73.50298,32.18346],[73.50273,32.18337],[73.50225,32.18388],[73.49986,32.18509],[73.49896,32.18577],[73.49879,32.18581],[73.49843,32.18573],[73.4961,32.18429],[73.49598,32.18413],[73.49587,32.18367],[73.49561,32.18327],[73.4952,32.18294],[73.49503,32.18258],[73.49484,32.1824],[73.49435,32.18095],[73.49405,32.18065],[73.49253,32.17953],[73.4918,32.17924],[73.49004,32.17805],[73.48938,32.17765],[73.48923,32.17763],[73.48882,32.17702],[73.48856,32.17611],[73.48832,32.17589],[73.48745,32.17528],[73.48661,32.17491],[73.48512,32.1741],[73.48431,32.17406],[73.48363,32.17386],[73.48298,32.17346],[73.48283,32.17334],[73.48269,32.17278],[73.48075,32.1715],[73.48053,32.17146],[73.48021,32.17123],[73.48008,32.17065],[73.47993,32.17037],[73.47925,32.17013],[73.47869,32.16998],[73.4783,32.17002],[73.47644,32.16978],[73.47591,32.16985],[73.47384,32.16975],[73.47307,32.16949],[73.47289,32.16969],[73.47187,32.16928],[73.47154,32.16927],[73.47106,32.16962],[73.47102,32.16979],[73.47073,32.17013],[73.47085,32.17116],[73.47082,32.17149],[73.47046,32.17211],[73.47027,32.17225],[73.46995,32.1723],[73.46979,32.17247],[73.46972,32.17266],[73.46984,32.17292],[73.46976,32.17319],[73.46956,32.17343],[73.46938,32.17344],[73.46915,32.17383],[73.46902,32.17388],[73.46877,32.1742],[73.46785,32.17502],[73.46765,32.17517],[73.46736,32.17517],[73.46713,32.17527],[73.46669,32.17573],[73.46648,32.17584],[73.4654,32.17621],[73.46457,32.17611],[73.46409,32.17594],[73.46332,32.17512],[73.46308,32.17471],[73.46278,32.17446],[73.46263,32.17421],[73.46245,32.17402],[73.46215,32.17397],[73.46191,32.17402],[73.46148,32.17435],[73.46013,32.17505],[73.45972,32.1753],[73.45931,32.17567],[73.45893,32.17586],[73.45854,32.17594],[73.45814,32.1764],[73.45596,32.17818],[73.45513,32.17897],[73.45479,32.17902],[73.45455,32.17865],[73.4539,32.17806],[73.45355,32.17788],[73.45326,32.17754],[73.45305,32.17764],[73.45331,32.17796],[73.45424,32.17862],[73.45456,32.17919],[73.45489,32.17939],[73.455,32.17936],[73.45619,32.1783],[73.45655,32.17814],[73.45655,32.17801],[73.45674,32.17799],[73.45682,32.1778],[73.45734,32.17743],[73.45885,32.17607],[73.45906,32.17605],[73.45968,32.17577],[73.45973,32.17564],[73.46023,32.17526],[73.46114,32.17478],[73.46121,32.17487],[73.46138,32.17486],[73.4615,32.17464],[73.46203,32.17429],[73.46242,32.17435],[73.46298,32.17492],[73.46324,32.17546],[73.46339,32.17555],[73.46337,32.17563],[73.46326,32.17562],[73.46328,32.17572],[73.46412,32.1762],[73.46427,32.17637],[73.46489,32.17648],[73.4655,32.17642],[73.46566,32.17652],[73.46617,32.17618],[73.46639,32.17619],[73.46894,32.17464],[73.46977,32.17374],[73.47012,32.17346],[73.47019,32.17327],[73.47009,32.1727],[73.47014,32.17243],[73.47044,32.1724],[73.47079,32.17206],[73.47104,32.17122],[73.47094,32.17047],[73.47099,32.17023],[73.47139,32.16944],[73.47184,32.1694],[73.47219,32.16964],[73.47272,32.16981],[73.47273,32.17011],[73.47282,32.1702],[73.47327,32.1702],[73.474,32.16998],[73.47451,32.17012],[73.47545,32.17003],[73.47709,32.17016],[73.47787,32.17044],[73.47821,32.17045],[73.4785,32.17027],[73.47914,32.17039],[73.47954,32.17057],[73.47987,32.17086],[73.48029,32.17163],[73.48075,32.1718],[73.48219,32.17276],[73.48252,32.17317],[73.48248,32.17331],[73.48255,32.17346],[73.48276,32.17367],[73.48354,32.1741],[73.48469,32.17438],[73.48488,32.17435],[73.48505,32.17454],[73.48732,32.17541],[73.48813,32.17593],[73.48847,32.17628],[73.48859,32.17692],[73.48924,32.17785],[73.49181,32.17949],[73.49276,32.17992],[73.49347,32.18053],[73.494,32.18083],[73.494,32.18097],[73.49424,32.18128],[73.49497,32.18286],[73.49564,32.18367],[73.49581,32.18428],[73.49708,32.18517],[73.49815,32.18581],[73.49828,32.18601],[73.49977,32.18614],[73.50052,32.18631],[73.50067,32.18648],[73.50151,32.18697],[73.50168,32.18716],[73.50238,32.1875],[73.50345,32.18875],[73.50344,32.18886],[73.50367,32.18902],[73.50663,32.19221],[73.50729,32.19249],[73.5079,32.19258],[73.50925,32.19258],[73.50927,32.19267],[73.51004,32.19252],[73.5106,32.19203],[73.51087,32.19168],[73.51128,32.19179],[73.51156,32.19235],[73.51334,32.19523],[73.51614,32.1975],[73.51702,32.20102],[73.51726,32.20172],[73.52124,32.20594],[73.52181,32.20674],[73.52397,32.21022],[73.52425,32.21046],[73.52509,32.21087],[73.52907,32.21321],[73.53507,32.21691],[73.53921,32.21929],[73.54357,32.22196],[73.55157,32.22482],[73.55664,32.22759],[73.55862,32.22836],[73.55934,32.22833],[73.5666,32.22709],[73.57039,32.22412]],[[73.51142,32.1916],[73.51142,32.19158],[73.51143,32.19159],[73.51142,32.1916]]]]}},{"type":"Feature","properties":{"lu":"Water Body","ct":"Existing","a":18.629},"geometry":{"type":"MultiPolygon","coordinates":[[[[73.4199,31.99697],[73.40703,31.98764],[73.407,31.98771],[73.42052,31.99743],[73.4199,31.99697]]],[[[73.4229,31.99914],[73.42268,31.99898],[73.42342,31.99952],[73.4229,31.99914]]],[[[73.42804,32.00288],[73.42961,32.00389],[73.433,32.00561],[73.43583,32.0067],[73.43879,32.00756],[73.44105,32.00801],[73.45904,32.01112],[73.46659,32.01249],[73.48129,32.01492],[73.53131,32.01684],[73.53199,32.01679],[73.5323,32.01669],[73.53305,32.0162],[73.533,32.01612],[73.53291,32.01613],[73.53252,32.01649],[73.53211,32.01668],[73.53108,32.01676],[73.48429,32.01503],[73.48152,32.0149],[73.48032,32.01476],[73.4466,32.00893],[73.44025,32.00779],[73.43843,32.00739],[73.4357,32.00659],[73.4326,32.00539],[73.42913,32.00353],[73.42647,32.00173],[73.42804,32.00288]]]]}},{"type":"Feature","properties":{"lu":"Water Body","ct":"Existing","a":7201.558,"nm":"Hide"},"geometry":{"type":"MultiPolygon","coordinates":[[[[73.54345,32.25502],[73.54213,32.25275],[73.53742,32.24946],[73.531,32.24547],[73.52314,32.24304],[73.51101,32.2409],[73.51071,32.24501],[73.51162,32.25235],[73.51683,32.26509],[73.53362,32.27724],[73.55967,32.29055],[73.57587,32.29692],[73.59555,32.30155],[73.60454,32.30547],[73.60138,32.30129],[73.59695,32.29629],[73.59053,32.29429],[73.58782,32.29001],[73.58368,32.28444],[73.57839,32.2823],[73.57168,32.28044],[73.56169,32.28002],[73.5537,32.2773],[73.54741,32.27259],[73.5457,32.25889],[73.54345,32.25502]]],[[[73.68163,32.32828],[73.68172,32.32785],[73.68188,32.32787],[73.6852,32.31383],[73.68304,32.31242],[73.68009,32.30987],[73.67971,32.30967],[73.67977,32.30959],[73.67876,32.30871],[73.67234,32.30786],[73.6652,32.30629],[73.65406,32.30643],[73.64507,32.30471],[73.63579,32.30728],[73.62751,32.31014],[73.61995,32.31236],[73.64417,32.32528],[73.65633,32.33107],[73.66617,32.33339],[73.67832,32.34207],[73.67852,32.34213],[73.68178,32.32829],[73.68163,32.32828]]]]}},{"type":"Feature","properties":{"lu":"Water Body","ct":"Existing","a":8.591},"geometry":{"type":"MultiPolygon","coordinates":[[[[73.54444,32.02126],[73.54668,32.01741],[73.5475,32.01558],[73.54808,32.01401],[73.54841,32.01296],[73.54884,32.01114],[73.54912,32.00948],[73.54926,32.00788],[73.54928,32.00565],[73.54912,32.0037],[73.54887,32.00199],[73.54841,32.00009],[73.5477,31.99803],[73.54638,31.99515],[73.53344,31.97152],[73.53267,31.9702],[73.53169,31.96875],[73.52959,31.96615],[73.5282,31.96472],[73.52699,31.96363],[73.5259,31.96276],[73.52365,31.96119],[73.50588,31.95049],[73.52351,31.96114],[73.52656,31.96333],[73.52809,31.96467],[73.52951,31.96611],[73.53133,31.96833],[73.53293,31.97071],[73.54638,31.99521],[73.54696,31.99638],[73.5479,31.9987],[73.54847,32.00051],[73.54884,32.00205],[73.54922,32.00533],[73.54923,32.00788],[73.54899,32.01019],[73.54864,32.01193],[73.54827,32.01335],[73.5478,32.0147],[73.54656,32.01758],[73.54436,32.02131],[73.54444,32.02126]]]]}},{"type":"Feature","properties":{"lu":"Water Body","ct":"Existing","a":20.625},"geometry":{"type":"MultiPolygon","coordinates":[[[[73.59678,31.99819],[73.59164,31.99618],[73.59095,31.99626],[73.58554,31.99407],[73.57571,31.99108],[73.5738,31.99043],[73.57255,31.98979],[73.56726,31.98652],[73.55841,31.98254],[73.55515,31.98146],[73.55511,31.9815],[73.55834,31.98256],[73.56719,31.98653],[73.57193,31.98954],[73.57344,31.99036],[73.57407,31.99062],[73.58568,31.99422],[73.59104,31.99641],[73.59164,31.99633],[73.59695,31.99836],[73.59746,31.99847],[73.59752,31.9984],[73.59678,31.99819]]],[[[73.63557,32.00119],[73.62578,31.99942],[73.62248,31.99932],[73.62205,31.99958],[73.62189,31.9996],[73.6215,31.99948],[73.61626,31.99999],[73.6134,32.00005],[73.61217,31.99993],[73.60747,31.99924],[73.5997,31.99876],[73.59771,31.99844],[73.59765,31.99853],[73.60016,31.99889],[73.60738,31.99934],[73.61017,31.99967],[73.61212,32.00001],[73.61332,32.00011],[73.61533,32.00012],[73.62034,31.99966],[73.62037,31.99975],[73.6216,31.99963],[73.62205,31.99973],[73.62265,31.99939],[73.62552,31.9995],[73.63664,32.00148],[73.63664,32.00139],[73.63557,32.00119]]],[[[73.65396,32.00376],[73.65504,32.00339],[73.6557,32.00305],[73.65602,32.00283],[73.65599,32.00276],[73.65501,32.00331],[73.65341,32.00385],[73.65227,32.00396],[73.65084,32.00394],[73.63711,32.0015],[73.63684,32.0015],[73.65092,32.00398],[73.65326,32.00394],[73.65396,32.00376]]]]}},{"type":"Feature","properties":{"lu":"Water Body","ct":"Existing","a":723.385},"geometry":{"type":"MultiPolygon","coordinates":[[[[73.74746,32.10352],[73.74579,32.10302],[73.74436,32.10681],[73.74428,32.10667],[73.74418,32.10695],[73.74365,32.10713],[73.74396,32.10757],[73.74303,32.1093],[73.7392,32.11776],[73.74056,32.11821],[73.74695,32.10449],[73.74754,32.10354],[73.74746,32.10352]]],[[[73.72261,32.15813],[73.72852,32.1449],[73.73103,32.13956],[73.73379,32.13318],[73.73619,32.12802],[73.74049,32.11837],[73.73921,32.11794],[73.7391,32.11802],[73.73804,32.12002],[73.73694,32.12272],[73.73137,32.13534],[73.72911,32.14005],[73.72778,32.14324],[73.72585,32.14742],[73.72486,32.14939],[73.72278,32.15426],[73.72103,32.1578],[73.72067,32.15896],[73.72204,32.15943],[73.72261,32.15813]]],[[[73.71584,32.17308],[73.72197,32.15958],[73.72061,32.15912],[73.72026,32.15961],[73.71983,32.16078],[73.71039,32.18152],[73.70835,32.18623],[73.70255,32.19899],[73.70391,32.19939],[73.70596,32.19468],[73.70821,32.18992],[73.71253,32.18024],[73.71584,32.17308]]],[[[73.70124,32.20192],[73.69456,32.21644],[73.69244,32.22131],[73.69054,32.22541],[73.68974,32.22766],[73.68911,32.23016],[73.68864,32.23256],[73.68826,32.23552],[73.68812,32.23878],[73.68872,32.24992],[73.69001,32.25005],[73.6895,32.23748],[73.68971,32.23479],[73.69015,32.23222],[73.69079,32.22925],[73.69165,32.22661],[73.69279,32.22379],[73.70375,32.19975],[73.70243,32.19927],[73.70124,32.20192]]],[[[73.69133,32.2731],[73.69093,32.26627],[73.69068,32.26015],[73.69002,32.25011],[73.68873,32.24999],[73.68882,32.25359],[73.68918,32.25877],[73.68982,32.27052],[73.69069,32.28951],[73.69201,32.28784],[73.69133,32.2731]]]]}},{"type":"Feature","properties":{"lu":"Water Body","ct":"Existing","a":13.753},"geometry":{"type":"MultiPolygon","coordinates":[[[[73.75012,31.97013],[73.74674,31.9678],[73.74525,31.96668],[73.74251,31.96486],[73.73954,31.96271],[73.73933,31.96265],[73.73353,31.95857],[73.73279,31.95796],[73.73121,31.9563],[73.73037,31.9552],[73.72863,31.95265],[73.72857,31.95267],[73.73052,31.95556],[73.73152,31.95681],[73.73269,31.95797],[73.73384,31.95887],[73.77148,31.98507],[73.77818,31.98967],[73.77863,31.99005],[73.77898,31.99014],[73.77898,31.99006],[73.77845,31.98984],[73.77184,31.98514],[73.75012,31.97013]]]]}},{"type":"Feature","properties":{"lu":"Water Body","ct":"Existing","a":20.393},"geometry":{"type":"MultiPolygon","coordinates":[[[[73.79102,32.01304],[73.78958,32.01162],[73.78618,32.00443],[73.78349,32.00062],[73.78298,31.99961],[73.78282,31.99953],[73.78258,31.99968],[73.78271,31.99997],[73.78307,32.00025],[73.7863,32.00487],[73.78677,32.0061],[73.78934,32.01149],[73.78989,32.01223],[73.79246,32.01466],[73.79253,32.01462],[73.79102,32.01304]]],[[[73.8212,32.03199],[73.81686,32.02912],[73.80686,32.02547],[73.80233,32.02397],[73.80198,32.02374],[73.80048,32.0223],[73.79273,32.01471],[73.79259,32.01478],[73.80205,32.02398],[73.80582,32.02527],[73.81666,32.02922],[73.82285,32.03323],[73.82287,32.03305],[73.8212,32.03199]]]]}},{"type":"Feature","properties":{"lu":"Water Body","ct":"Existing","a":14.325},"geometry":{"type":"MultiPolygon","coordinates":[[[[73.5436,31.92715],[73.5528,31.92703],[73.55332,31.92694],[73.55354,31.92687],[73.55674,31.92486],[73.55724,31.92463],[73.55819,31.92446],[73.56193,31.92432],[73.56254,31.92422],[73.56356,31.9235],[73.5664,31.92104],[73.56726,31.92039],[73.56715,31.92032],[73.56359,31.92336],[73.56253,31.92415],[73.56161,31.92431],[73.55759,31.92446],[73.55642,31.92497],[73.55332,31.92684],[73.55173,31.92697],[73.53951,31.92717],[73.5381,31.92713],[73.50625,31.91665],[73.5061,31.91661],[73.50598,31.91667],[73.51385,31.91926],[73.51488,31.91967],[73.52448,31.9227],[73.53789,31.92718],[73.53863,31.92727],[73.5436,31.92715]]]]}},{"type":"Feature","properties":{"lu":"Water Body","ct":"Existing","a":22.71},"geometry":{"type":"MultiPolygon","coordinates":[[[[73.61691,31.96207],[73.61432,31.9602],[73.61369,31.95988],[73.6116,31.95902],[73.60615,31.95702],[73.60338,31.95571],[73.60189,31.95488],[73.60006,31.95373],[73.59799,31.95224],[73.59613,31.95055],[73.59592,31.95024],[73.59422,31.94845],[73.58532,31.93688],[73.58446,31.93594],[73.57161,31.92323],[73.56994,31.92177],[73.56881,31.92104],[73.56772,31.92047],[73.56587,31.91969],[73.5648,31.91933],[73.55851,31.91765],[73.55715,31.91722],[73.55566,31.91662],[73.55451,31.91602],[73.55222,31.91453],[73.55211,31.91463],[73.55492,31.91643],[73.55586,31.91683],[73.55877,31.91783],[73.56579,31.91979],[73.56715,31.92032],[73.56823,31.92088],[73.56923,31.92146],[73.56998,31.922],[73.57225,31.92402],[73.57453,31.92634],[73.57904,31.9307],[73.58317,31.93491],[73.58495,31.93659],[73.5857,31.93747],[73.5941,31.94849],[73.59563,31.95015],[73.59825,31.95251],[73.59973,31.95362],[73.60171,31.9549],[73.6034,31.95581],[73.60643,31.9572],[73.61351,31.95985],[73.61393,31.96007],[73.61851,31.96324],[73.61903,31.96337],[73.61921,31.96333],[73.61846,31.96312],[73.61691,31.96207]]]]}},{"type":"Feature","properties":{"lu":"Water Body","ct":"Existing","a":3.603},"geometry":{"type":"MultiPolygon","coordinates":[[[[73.8207,32.02738],[73.81914,32.02687],[73.81852,32.02652],[73.81789,32.02604],[73.81429,32.022],[73.8137,32.02107],[73.80776,32.01012],[73.8077,32.01014],[73.81402,32.02168],[73.81723,32.02546],[73.81829,32.02647],[73.8192,32.02697],[73.82335,32.02824],[73.82338,32.02813],[73.8232,32.02806],[73.82282,32.02802],[73.8207,32.02738]]]]}},{"type":"Feature","properties":{"lu":"Water Body","ct":"Existing","a":5.979},"geometry":{"type":"MultiPolygon","coordinates":[[[[73.80352,32.03738],[73.80201,32.03666],[73.80355,32.03747],[73.8036,32.03743],[73.80352,32.03738]]],[[[73.82485,32.05343],[73.81498,32.04305],[73.81398,32.04238],[73.8126,32.04169],[73.80455,32.03788],[73.80372,32.03756],[73.81369,32.04228],[73.81455,32.04279],[73.81522,32.04335],[73.82536,32.05415],[73.82547,32.05409],[73.82485,32.05343]]]]}},{"type":"Feature","properties":{"lu":"Water Body","ct":"Existing","a":15.657},"geometry":{"type":"MultiPolygon","coordinates":[[[[73.66307,32.20664],[73.66314,32.19914],[73.66305,32.1944],[73.66274,32.19286],[73.66165,32.19115],[73.66065,32.19012],[73.65991,32.18956],[73.65806,32.18873],[73.6567,32.18825],[73.65456,32.18768],[73.64839,32.18642],[73.65538,32.18792],[73.65797,32.18874],[73.65984,32.18958],[73.66071,32.19023],[73.66164,32.19121],[73.66264,32.19287],[73.66296,32.19445],[73.66302,32.19617],[73.66299,32.20641],[73.66307,32.20726],[73.66316,32.20724],[73.66307,32.20664]]],[[[73.67022,32.24122],[73.67049,32.24055],[73.67075,32.23945],[73.67077,32.23896],[73.66969,32.22315],[73.66948,32.22175],[73.66899,32.22041],[73.66884,32.22044],[73.66907,32.22083],[73.66946,32.22216],[73.6696,32.22323],[73.66964,32.22515],[73.6701,32.2307],[73.67058,32.23957],[73.66982,32.24183],[73.66764,32.24486],[73.6678,32.24484],[73.66988,32.24197],[73.67022,32.24122]]]]}},{"type":"Feature","properties":{"lu":"Water Body","ct":"Existing","a":53.985},"geometry":{"type":"MultiPolygon","coordinates":[[[[73.77977,32.13257],[73.76904,32.1212],[73.76875,32.12098],[73.76757,32.12052],[73.76489,32.11925],[73.76442,32.1186],[73.76393,32.11751],[73.76343,32.11687],[73.76312,32.11555],[73.7623,32.11413],[73.76182,32.11267],[73.75984,32.10933],[73.75846,32.10673],[73.75821,32.10644],[73.7569,32.10589],[73.75639,32.10555],[73.75435,32.10372],[73.75349,32.10185],[73.75163,32.09894],[73.75152,32.09863],[73.7516,32.09826],[73.75113,32.09671],[73.75088,32.09618],[73.75085,32.09589],[73.75091,32.09563],[73.75085,32.09559],[73.74993,32.09772],[73.7503,32.09824],[73.75077,32.09851],[73.75098,32.09879],[73.75428,32.10445],[73.75513,32.10531],[73.75574,32.10543],[73.75634,32.10595],[73.75794,32.10674],[73.76012,32.11039],[73.76097,32.11195],[73.76143,32.11261],[73.76211,32.1145],[73.76269,32.11551],[73.763,32.11634],[73.76307,32.11685],[73.76319,32.1171],[73.76358,32.11746],[73.76408,32.11864],[73.76473,32.11939],[73.76881,32.12136],[73.77974,32.13295],[73.77997,32.13272],[73.77977,32.13257]]],[[[73.79297,32.13983],[73.79248,32.13935],[73.7917,32.13887],[73.7838,32.13542],[73.78181,32.13447],[73.78148,32.13426],[73.78069,32.13348],[73.78056,32.13311],[73.78012,32.13283],[73.77987,32.13308],[73.78026,32.13341],[73.78058,32.13349],[73.78087,32.13395],[73.7817,32.13458],[73.78222,32.13487],[73.78612,32.13664],[73.79196,32.13914],[73.79254,32.1396],[73.79321,32.14036],[73.79332,32.14023],[73.79297,32.13983]]]]}},{"type":"Feature","properties":{"lu":"Water Body","ct":"Existing","a":25.588},"geometry":{"type":"MultiPolygon","coordinates":[[[[73.69545,32.15945],[73.69521,32.15927],[73.69507,32.15938],[73.68271,32.17101],[73.68234,32.17125],[73.68209,32.1716],[73.6774,32.17596],[73.67629,32.17685],[73.67596,32.17692],[73.67653,32.17714],[73.6869,32.16745],[73.68723,32.16736],[73.68839,32.16636],[73.69472,32.16046],[73.6949,32.16015],[73.69492,32.15992],[73.69545,32.15945]]]]}},{"type":"Feature","properties":{"lu":"Water Body","ct":"Existing","a":13.812},"geometry":{"type":"MultiPolygon","coordinates":[[[[73.69476,32.15893],[73.69468,32.15886],[73.69349,32.1599],[73.69282,32.16032],[73.69138,32.16106],[73.68888,32.16172],[73.68748,32.16182],[73.68577,32.16173],[73.68482,32.16154],[73.6756,32.15934],[73.67428,32.1591],[73.67136,32.15891],[73.65227,32.15824],[73.64975,32.15787],[73.64788,32.15737],[73.64577,32.1565],[73.64249,32.15482],[73.64185,32.15442],[73.63999,32.1536],[73.63823,32.15307],[73.63698,32.1528],[73.63696,32.15286],[73.63934,32.15346],[73.64053,32.1539],[73.64564,32.1565],[73.64695,32.15708],[73.64915,32.15778],[73.65105,32.15817],[73.65195,32.15829],[73.65565,32.15845],[73.66943,32.15892],[73.67162,32.15907],[73.67293,32.15903],[73.67549,32.15941],[73.68515,32.16175],[73.6871,32.16192],[73.68728,32.16201],[73.68744,32.16193],[73.68931,32.16179],[73.69047,32.16156],[73.69139,32.16125],[73.69341,32.1601],[73.69476,32.15893]]]]}},{"type":"Feature","properties":{"lu":"Water Body","ct":"Existing","a":35.766},"geometry":{"type":"MultiPolygon","coordinates":[[[[73.71398,32.14502],[73.72928,32.13348],[73.73032,32.13278],[73.7311,32.13205],[73.73206,32.1309],[73.73267,32.12987],[73.73417,32.12616],[73.73432,32.12596],[73.7347,32.12571],[73.73552,32.12593],[73.73564,32.12568],[73.73477,32.1255],[73.73431,32.12558],[73.73419,32.1257],[73.73354,32.127],[73.73222,32.13],[73.7313,32.13136],[73.73014,32.13258],[73.72965,32.13289],[73.72927,32.13299],[73.72869,32.13356],[73.71842,32.14141],[73.69843,32.1564],[73.69526,32.15915],[73.69554,32.15937],[73.69678,32.15815],[73.69841,32.15677],[73.71398,32.14502]]]]}},{"type":"Feature","properties":{"lu":"Water Body","ct":"Existing","a":19.415},"geometry":{"type":"MultiPolygon","coordinates":[[[[73.75274,32.15203],[73.743,32.14437],[73.74218,32.14381],[73.73288,32.13559],[73.73288,32.13578],[73.74112,32.1431],[73.75286,32.15229],[73.75287,32.15212],[73.75274,32.15203]]],[[[73.76316,32.15951],[73.75728,32.15559],[73.75306,32.15226],[73.75305,32.15237],[73.75766,32.15607],[73.76484,32.16068],[73.76484,32.16057],[73.76316,32.15951]]],[[[73.77277,32.16619],[73.77037,32.1634],[73.76999,32.16312],[73.76589,32.16121],[73.76503,32.16069],[73.76503,32.16086],[73.76579,32.16138],[73.76624,32.16153],[73.76992,32.16331],[73.7734,32.16714],[73.77452,32.16868],[73.77472,32.16853],[73.77277,32.16619]]]]}},{"type":"Feature","properties":{"lu":"Water Body","ct":"Existing","a":25.693},"geometry":{"type":"MultiPolygon","coordinates":[[[[73.75551,32.12027],[73.75329,32.12107],[73.75329,32.12123],[73.7575,32.11997],[73.76067,32.11883],[73.761,32.11877],[73.76103,32.11864],[73.76074,32.11818],[73.76055,32.11856],[73.76034,32.11866],[73.75551,32.12027]]],[[[73.7531,32.12128],[73.7531,32.12112],[73.75004,32.12216],[73.74894,32.12244],[73.74783,32.12261],[73.74046,32.12023],[73.74021,32.12002],[73.74007,32.11966],[73.7397,32.12047],[73.73977,32.12066],[73.73993,32.12068],[73.74026,32.12055],[73.74051,32.1206],[73.74758,32.12293],[73.74524,32.1238],[73.73773,32.12626],[73.73754,32.12627],[73.73727,32.12616],[73.73712,32.12594],[73.73692,32.12639],[73.73716,32.1265],[73.73784,32.1265],[73.73841,32.12634],[73.74255,32.12487],[73.74425,32.12445],[73.74572,32.12384],[73.74819,32.12315],[73.75313,32.12133],[73.7531,32.12128]]]]}},{"type":"Feature","properties":{"lu":"Water Body","ct":"Existing","a":18.293},"geometry":{"type":"MultiPolygon","coordinates":[[[[73.75162,32.14541],[73.74547,32.14486],[73.74343,32.14453],[73.74302,32.14439],[73.74344,32.14473],[73.74503,32.14498],[73.75234,32.14562],[73.75232,32.14547],[73.75162,32.14541]]],[[[73.76485,32.14544],[73.75871,32.14601],[73.75251,32.14549],[73.75259,32.14566],[73.75867,32.14615],[73.76491,32.14559],[73.76485,32.14544]]],[[[73.77934,32.15499],[73.77657,32.15167],[73.77422,32.14723],[73.77262,32.14399],[73.76826,32.14501],[73.76507,32.14547],[73.76512,32.14559],[73.76526,32.14559],[73.76704,32.14535],[73.77254,32.14418],[73.7752,32.14944],[73.77644,32.15169],[73.77947,32.15536],[73.78121,32.15779],[73.78135,32.15755],[73.77934,32.15499]]]]}},{"type":"Feature","properties":{"lu":"Water Body","ct":"Existing","a":3.046},"geometry":{"type":"MultiPolygon","coordinates":[[[[73.71982,32.15709],[73.71426,32.14944],[73.71388,32.14914],[73.71092,32.14742],[73.71082,32.14749],[73.71369,32.14912],[73.7143,32.1496],[73.71935,32.1566],[73.7205,32.15802],[73.72047,32.15816],[73.72053,32.15817],[73.72053,32.158],[73.71982,32.15709]]]]}},{"type":"Feature","properties":{"lu":"Water Body","ct":"Existing","a":2.882},"geometry":{"type":"MultiPolygon","coordinates":[[[[73.72816,32.14233],[73.72082,32.13986],[73.72056,32.14006],[73.72069,32.14003],[73.72218,32.14048],[73.72809,32.14249],[73.72816,32.14233]]]]}},{"type":"Feature","properties":{"lu":"Water Body","ct":"Existing","a":4.989},"geometry":{"type":"MultiPolygon","coordinates":[[[[73.72952,32.14278],[73.72944,32.14294],[73.72994,32.14309],[73.73228,32.14372],[73.73419,32.14404],[73.73481,32.14446],[73.7399,32.15155],[73.74367,32.1539],[73.74473,32.1551],[73.74496,32.15512],[73.74459,32.15485],[73.74389,32.15394],[73.74003,32.15152],[73.73954,32.15097],[73.73478,32.14433],[73.73423,32.14398],[73.73376,32.14384],[73.73164,32.14347],[73.72952,32.14278]]]]}},{"type":"Feature","properties":{"lu":"Water Body","ct":"Existing","a":4.12},"geometry":{"type":"MultiPolygon","coordinates":[[[[73.66283,32.21823],[73.65945,32.21646],[73.6544,32.21397],[73.65388,32.21363],[73.64882,32.21115],[73.64309,32.20817],[73.64278,32.20803],[73.64261,32.20805],[73.64259,32.20814],[73.64284,32.20812],[73.66286,32.21836],[73.66283,32.21823]]]]}},{"type":"Feature","properties":{"lu":"Water Body","ct":"Existing","a":28.904},"geometry":{"type":"MultiPolygon","coordinates":[[[[73.54077,32.03958],[73.56596,32.03551],[73.56875,32.03512],[73.57053,32.03509],[73.57316,32.03532],[73.57578,32.03598],[73.57656,32.03631],[73.577,32.03627],[73.57657,32.03624],[73.576,32.03598],[73.5738,32.03537],[73.57301,32.03523],[73.57065,32.03502],[73.5687,32.03506],[73.56715,32.03524],[73.55898,32.03655],[73.54072,32.03954],[73.54077,32.03958]]],[[[73.50966,32.0471],[73.51569,32.04515],[73.51833,32.04447],[73.53415,32.04071],[73.54057,32.03965],[73.54049,32.03957],[73.53967,32.03969],[73.53429,32.04058],[73.52583,32.04261],[73.51594,32.04501],[73.50913,32.0472],[73.50914,32.04729],[73.50947,32.04724],[73.50966,32.0471]]],[[[73.50575,32.04827],[73.50548,32.04836],[73.50877,32.04739],[73.50895,32.04732],[73.50894,32.04724],[73.50575,32.04827]]],[[[73.50146,32.04975],[73.50536,32.04849],[73.50527,32.04845],[73.50146,32.04975]]],[[[73.48777,32.05557],[73.49887,32.05064],[73.48485,32.05686],[73.48777,32.05557]]],[[[73.45844,32.06273],[73.46001,32.06255],[73.46022,32.06259],[73.47432,32.06092],[73.47627,32.06053],[73.47743,32.06017],[73.47813,32.05991],[73.48086,32.05864],[73.4785,32.05965],[73.47671,32.06032],[73.47446,32.06084],[73.45623,32.06294],[73.45392,32.0629],[73.45223,32.06271],[73.45125,32.06254],[73.44924,32.06199],[73.42226,32.05258],[73.42003,32.05155],[73.41825,32.05038],[73.4169,32.04918],[73.41605,32.04822],[73.41592,32.04818],[73.4166,32.04898],[73.41801,32.05028],[73.41952,32.05132],[73.42126,32.05225],[73.44969,32.06224],[73.45189,32.06274],[73.45375,32.063],[73.45622,32.063],[73.45844,32.06273]]]]}},{"type":"Feature","properties":{"lu":"Water Body","ct":"Existing","a":25.146},"geometry":{"type":"MultiPolygon","coordinates":[[[[73.61127,32.25419],[73.61061,32.25384],[73.61055,32.25389],[73.62215,32.26001],[73.63255,32.26572],[73.63504,32.26701],[73.65478,32.27889],[73.65526,32.27905],[73.65951,32.27947],[73.69021,32.28225],[73.69022,32.28209],[73.65556,32.27901],[73.65433,32.27853],[73.63859,32.269],[73.63512,32.26698],[73.6252,32.26163],[73.62093,32.25922],[73.61127,32.25419]]]]}},{"type":"Feature","properties":{"lu":"Water Body","ct":"Existing","a":15.881},"geometry":{"type":"MultiPolygon","coordinates":[[[[73.53916,31.94406],[73.53712,31.94359],[73.53482,31.94267],[73.51705,31.93365],[73.51502,31.93278],[73.51423,31.93253],[73.51248,31.93206],[73.51095,31.93181],[73.4974,31.93095],[73.4959,31.93075],[73.49458,31.93035],[73.49345,31.92978],[73.49245,31.92909],[73.48706,31.92421],[73.48669,31.92401],[73.48572,31.9237],[73.4774,31.92155],[73.47618,31.92144],[73.475,31.92158],[73.4742,31.92179],[73.46683,31.92405],[73.47458,31.92172],[73.4757,31.9215],[73.47707,31.92153],[73.48051,31.92238],[73.48466,31.92348],[73.48704,31.92424],[73.49241,31.9291],[73.49301,31.92956],[73.49467,31.93043],[73.4961,31.93087],[73.49697,31.93098],[73.50997,31.93179],[73.51087,31.93188],[73.51324,31.93231],[73.51505,31.93288],[73.51685,31.93364],[73.53485,31.94274],[73.53716,31.94364],[73.5602,31.94879],[73.56364,31.94953],[73.56678,31.95009],[73.56847,31.95023],[73.57086,31.94998],[73.5755,31.94896],[73.57607,31.94893],[73.57653,31.94872],[73.5774,31.94859],[73.57961,31.94798],[73.58126,31.94731],[73.58238,31.94674],[73.5896,31.94271],[73.58957,31.94266],[73.58234,31.94671],[73.58022,31.94767],[73.57809,31.94836],[73.57658,31.94866],[73.57614,31.94888],[73.57562,31.94889],[73.57069,31.94996],[73.5685,31.95017],[73.56655,31.95004],[73.56479,31.9497],[73.53916,31.94406]]]]}},{"type":"Feature","properties":{"lu":"Water Body","ct":"Existing","a":8.399},"geometry":{"type":"MultiPolygon","coordinates":[[[[73.80042,32.10044],[73.80044,32.10039],[73.79958,32.10036],[73.79489,32.10038],[73.79074,32.10069],[73.78976,32.10067],[73.78864,32.10041],[73.78757,32.09993],[73.78688,32.09942],[73.78634,32.09883],[73.78449,32.09622],[73.78409,32.09534],[73.78389,32.09419],[73.784,32.08909],[73.78406,32.08835],[73.78421,32.08811],[73.78438,32.08281],[73.78444,32.08266],[73.78415,32.08264],[73.78391,32.08676],[73.78397,32.08839],[73.78381,32.09409],[73.78386,32.09459],[73.78406,32.09542],[73.78443,32.09625],[73.78643,32.09906],[73.78706,32.09965],[73.78799,32.10023],[73.78912,32.10062],[73.78969,32.10072],[73.79035,32.10075],[73.79496,32.10043],[73.80042,32.10044]]]]}},{"type":"Feature","properties":{"lu":"Water Body","ct":"Existing","a":14.636},"geometry":{"type":"MultiPolygon","coordinates":[[[[73.53561,32.15026],[73.54569,32.14061],[73.54989,32.13672],[73.54941,32.13661],[73.54946,32.13679],[73.54938,32.13703],[73.54827,32.13814],[73.5459,32.14028],[73.53625,32.14953],[73.53321,32.15231],[73.53357,32.15216],[73.53561,32.15026]]],[[[73.52443,32.15388],[73.53172,32.15305],[73.52383,32.1539],[73.52156,32.15423],[73.52316,32.1541],[73.52443,32.15388]]],[[[73.48412,32.15481],[73.47726,32.15393],[73.47662,32.15388],[73.47599,32.154],[73.47519,32.15395],[73.47502,32.15383],[73.4747,32.15376],[73.47278,32.15416],[73.47281,32.15428],[73.47464,32.15389],[73.47492,32.15393],[73.47528,32.1541],[73.47633,32.15407],[73.47674,32.15395],[73.48528,32.15506],[73.48529,32.15499],[73.48412,32.15481]]],[[[73.51934,32.15439],[73.51925,32.1544],[73.51893,32.15445],[73.51934,32.15439]]],[[[73.49672,32.15642],[73.48607,32.15506],[73.48549,32.155],[73.48547,32.15509],[73.49711,32.15657],[73.49714,32.15645],[73.49672,32.15642]]],[[[73.51711,32.15503],[73.51799,32.15467],[73.51598,32.15539],[73.51152,32.1574],[73.51711,32.15503]]],[[[73.497199,32.156446],[73.497222,32.156449],[73.497202,32.156446],[73.497199,32.156446]]],[[[73.50351,32.15719],[73.5011,32.15691],[73.50494,32.15737],[73.50351,32.15719]]]]}},{"type":"Feature","properties":{"lu":"Water Body","ct":"Existing","a":126.211},"geometry":{"type":"MultiPolygon","coordinates":[[[[73.39913,32.17191],[73.39787,32.17106],[73.39809,32.17069],[73.39833,32.17061],[73.3979,32.16945],[73.39473,32.16761],[73.39331,32.16628],[73.39262,32.16523],[73.39174,32.16319],[73.39017,32.16164],[73.38838,32.16043],[73.38572,32.15993],[73.38551,32.16136],[73.39934,32.17248],[73.39985,32.17264],[73.39913,32.17191]]],[[[73.41392,32.17629],[73.41354,32.17512],[73.41204,32.17403],[73.40957,32.17355],[73.40747,32.17291],[73.40404,32.1731],[73.40257,32.1731],[73.40084,32.17295],[73.4139,32.17705],[73.41392,32.17629]]]]}},{"type":"Feature","properties":{"lu":"Water Body","ct":"Existing","a":45.065},"geometry":{"type":"MultiPolygon","coordinates":[[[[73.7122,32.17221],[73.67138,32.14074],[73.6598,32.13172],[73.65898,32.13122],[73.65711,32.13069],[73.65568,32.13068],[73.65448,32.1308],[73.65309,32.13117],[73.6511,32.13215],[73.64909,32.13328],[73.64695,32.13411],[73.64418,32.13473],[73.64253,32.13485],[73.6409,32.13486],[73.64081,32.13502],[73.64363,32.13491],[73.64509,32.13469],[73.64655,32.13434],[73.64912,32.13343],[73.65213,32.13177],[73.65328,32.13125],[73.65446,32.13092],[73.65532,32.13078],[73.6563,32.13078],[73.65725,32.13088],[73.65897,32.13143],[73.65955,32.13174],[73.6607,32.13261],[73.67356,32.14261],[73.68471,32.15113],[73.68554,32.15184],[73.71398,32.17371],[73.71402,32.1736],[73.7122,32.17221]]],[[[73.74083,32.18461],[73.74629,32.18356],[73.74983,32.18275],[73.74985,32.18282],[73.75236,32.18247],[73.75494,32.18234],[73.75494,32.18216],[73.75181,32.18239],[73.74951,32.18274],[73.74232,32.18426],[73.73912,32.18466],[73.73702,32.18471],[73.73449,32.18463],[73.73134,32.18423],[73.72981,32.18378],[73.72787,32.183],[73.72619,32.18224],[73.72424,32.18119],[73.72281,32.18031],[73.71519,32.1745],[73.71513,32.17462],[73.72272,32.18042],[73.72601,32.18232],[73.72758,32.18307],[73.73058,32.18417],[73.73224,32.18453],[73.73339,32.18466],[73.73551,32.18483],[73.73711,32.18486],[73.7385,32.18484],[73.74083,32.18461]]]]}},{"type":"Feature","properties":{"lu":"Water Body","ct":"Existing","a":27.421},"geometry":{"type":"MultiPolygon","coordinates":[[[[73.55926,32.13328],[73.58508,32.1237],[73.58541,32.12371],[73.58788,32.12421],[73.61426,32.12974],[73.6143,32.12963],[73.6113,32.12894],[73.60313,32.1273],[73.60001,32.12655],[73.58512,32.12355],[73.55962,32.13308],[73.55002,32.13658],[73.55005,32.13663],[73.55618,32.13446],[73.55926,32.13328]]],[[[73.6409,32.13486],[73.63901,32.13471],[73.63768,32.13448],[73.61714,32.1302],[73.61449,32.12967],[73.61445,32.12978],[73.61531,32.1299],[73.63859,32.13474],[73.64064,32.13502],[73.64081,32.13502],[73.6409,32.13486]]]]}},{"type":"Feature","properties":{"lu":"Water Body","ct":"Existing","a":156.437},"geometry":{"type":"MultiPolygon","coordinates":[[[[73.7603,32.1152],[73.75677,32.10818],[73.75595,32.10699],[73.75519,32.10642],[73.75356,32.10568],[73.75232,32.10488],[73.7512,32.10433],[73.74955,32.10366],[73.74833,32.10325],[73.74758,32.10324],[73.74746,32.10352],[73.74808,32.10401],[73.74994,32.1046],[73.75165,32.1053],[73.75285,32.10604],[73.75513,32.10797],[73.75615,32.10924],[73.75963,32.11589],[73.76049,32.11557],[73.7603,32.1152]]],[[[73.76812,32.13029],[73.76057,32.11572],[73.75971,32.11605],[73.77002,32.13596],[73.77127,32.13852],[73.7722,32.1382],[73.76812,32.13029]]],[[[73.77965,32.15218],[73.77759,32.14892],[73.77228,32.13835],[73.77137,32.13867],[73.77481,32.14557],[73.77768,32.151],[73.77833,32.15205],[73.77979,32.15393],[73.78197,32.15651],[73.78245,32.15568],[73.77965,32.15218]]]]}},{"type":"Feature","properties":{"lu":"Water Body","ct":"Existing","a":4.235},"geometry":{"type":"MultiPolygon","coordinates":[[[[73.57775,32.07238],[73.57778,32.07231],[73.57425,32.07105],[73.572,32.07039],[73.56958,32.07006],[73.56754,32.07001],[73.55869,32.07051],[73.55579,32.07086],[73.55434,32.07119],[73.55172,32.07221],[73.55045,32.07289],[73.54882,32.07392],[73.55092,32.07266],[73.55178,32.07222],[73.55379,32.07142],[73.55524,32.07103],[73.55661,32.07078],[73.55829,32.07058],[73.56475,32.07021],[73.56825,32.07007],[73.56989,32.07013],[73.57151,32.07038],[73.57435,32.07115],[73.57775,32.07238]]]]}},{"type":"Feature","properties":{"lu":"Water Body","ct":"Existing","a":5.269},"geometry":{"type":"MultiPolygon","coordinates":[[[[73.5214,32.06066],[73.52205,32.059],[73.52244,32.05742],[73.52256,32.05652],[73.52263,32.05566],[73.52243,32.05213],[73.52236,32.05129],[73.52211,32.0501],[73.52013,32.04411],[73.52008,32.04411],[73.52,32.04415],[73.52193,32.04981],[73.52227,32.05143],[73.52254,32.05602],[73.52232,32.05769],[73.52189,32.0593],[73.52125,32.06083],[73.52071,32.0618],[73.51987,32.06298],[73.51905,32.0639],[73.51786,32.06504],[73.51453,32.06758],[73.51703,32.06579],[73.51877,32.06428],[73.5202,32.06264],[73.52102,32.06139],[73.5214,32.06066]]]]}},{"type":"Feature","properties":{"lu":"Water Body","ct":"Existing","a":5.929},"geometry":{"type":"MultiPolygon","coordinates":[[[[73.56147,32.20007],[73.56172,32.19985],[73.56237,32.20011],[73.56333,32.20011],[73.5734,32.19972],[73.57468,32.19948],[73.57573,32.19909],[73.57668,32.19847],[73.5774,32.19773],[73.57733,32.19769],[73.57676,32.19833],[73.57631,32.19867],[73.57521,32.19929],[73.57316,32.1997],[73.56337,32.20002],[73.56231,32.2],[73.56169,32.19975],[73.56142,32.19987],[73.56123,32.20008],[73.56108,32.2001],[73.56047,32.20007],[73.55285,32.20038],[73.55175,32.20033],[73.54955,32.19998],[73.54491,32.19884],[73.54931,32.2],[73.55144,32.20037],[73.55391,32.20041],[73.56125,32.20016],[73.56147,32.20007]]]]}},{"type":"Feature","properties":{"lu":"Water Body","ct":"Existing","a":3.179},"geometry":{"type":"MultiPolygon","coordinates":[[[[73.61497,32.13003],[73.61489,32.13002],[73.6142,32.13207],[73.61319,32.13406],[73.6118,32.1359],[73.6101,32.13751],[73.60882,32.13842],[73.60691,32.13949],[73.60429,32.14052],[73.60431,32.14058],[73.6061,32.13995],[73.60749,32.13929],[73.60841,32.13875],[73.61056,32.13722],[73.61162,32.1361],[73.61187,32.13594],[73.61246,32.13523],[73.61352,32.13366],[73.61426,32.13213],[73.61497,32.13003]]]]}},{"type":"Feature","properties":{"lu":"Water Body","ct":"Existing","a":15.131},"geometry":{"type":"MultiPolygon","coordinates":[[[[73.80699,32.13752],[73.79629,32.13602],[73.79428,32.13567],[73.79404,32.13571],[73.7881,32.13491],[73.78064,32.13315],[73.78095,32.1337],[73.78113,32.13352],[73.78825,32.13514],[73.80698,32.13774],[73.80699,32.13752]]]]}},{"type":"Feature","properties":{"lu":"Water Body","ct":"Existing","a":23.664},"geometry":{"type":"MultiPolygon","coordinates":[[[[73.37565,31.80228],[73.3756,31.80209],[73.37491,31.80209],[73.37412,31.80214],[73.3721,31.80249],[73.37134,31.80255],[73.37064,31.80251],[73.36947,31.80224],[73.36858,31.80178],[73.36792,31.80131],[73.36586,31.79882],[73.3653,31.79803],[73.36421,31.79681],[73.36367,31.79635],[73.36305,31.79596],[73.3625,31.79572],[73.34381,31.78977],[73.3434,31.78989],[73.36255,31.796],[73.36314,31.79629],[73.36378,31.79678],[73.36439,31.7974],[73.36499,31.79828],[73.36751,31.80128],[73.36805,31.80174],[73.36911,31.80239],[73.36985,31.80264],[73.37131,31.80279],[73.37499,31.80228],[73.37565,31.80228]]]]}},{"type":"Feature","properties":{"lu":"Water Body","ct":"Existing","a":19.952},"geometry":{"type":"MultiPolygon","coordinates":[[[[73.64669,31.90699],[73.64607,31.90688],[73.64543,31.90664],[73.63683,31.89992],[73.63115,31.89642],[73.62499,31.88861],[73.62482,31.88852],[73.62427,31.88851],[73.62346,31.88874],[73.6229,31.88882],[73.60438,31.88675],[73.604,31.88659],[73.59848,31.88333],[73.59414,31.88057],[73.59349,31.88032],[73.59309,31.88025],[73.58052,31.88114],[73.57988,31.88109],[73.57978,31.88119],[73.58023,31.88123],[73.5905,31.8805],[73.59331,31.88036],[73.594,31.88061],[73.59859,31.88348],[73.60435,31.88685],[73.62272,31.88891],[73.62359,31.88883],[73.6244,31.88853],[73.62469,31.88857],[73.62567,31.88971],[73.63079,31.89626],[73.63113,31.89659],[73.63323,31.89782],[73.6371,31.90028],[73.64532,31.90669],[73.64534,31.90681],[73.64661,31.90715],[73.64669,31.90699]]]]}},{"type":"Feature","properties":{"lu":"Water Body","ct":"Existing","a":2.79},"geometry":{"type":"MultiPolygon","coordinates":[[[[73.73826,31.92795],[73.74034,31.93137],[73.74109,31.93229],[73.74582,31.9363],[73.74582,31.93619],[73.74117,31.93223],[73.74069,31.93171],[73.73954,31.92971],[73.73837,31.92795],[73.73826,31.92795]]]]}},{"type":"Feature","properties":{"lu":"Water Body","ct":"Existing","a":5.007},"geometry":{"type":"MultiPolygon","coordinates":[[[[73.71252,31.91989],[73.71244,31.92728],[73.71254,31.92818],[73.71268,31.92865],[73.7131,31.92959],[73.72064,31.94084],[73.72061,31.9407],[73.71318,31.92963],[73.71274,31.92865],[73.71257,31.92806],[73.71249,31.92706],[73.71257,31.91991],[73.71252,31.91989]]],[[[73.72078,31.94096],[73.72438,31.94645],[73.72853,31.95261],[73.72864,31.95264],[73.72078,31.94096]]]]}},{"type":"Feature","properties":{"lu":"Water Body","ct":"Existing","a":7.894},"geometry":{"type":"MultiPolygon","coordinates":[[[[73.38551,31.97804],[73.36717,31.97022],[73.36363,31.96862],[73.36064,31.96682],[73.34634,31.95674],[73.34575,31.95648],[73.34541,31.95644],[73.34501,31.9565],[73.345,31.95656],[73.34539,31.95647],[73.34569,31.9565],[73.34624,31.95671],[73.36038,31.9667],[73.36324,31.96845],[73.36642,31.96995],[73.38584,31.97819],[73.38551,31.97804]]],[[[73.40702,31.98766],[73.4035,31.98573],[73.38598,31.9783],[73.40226,31.98524],[73.40424,31.98615],[73.40698,31.98773],[73.40702,31.98766]]]]}},{"type":"Feature","properties":{"lu":"Water Body","ct":"Existing","a":14.938},"geometry":{"type":"MultiPolygon","coordinates":[[[[73.43088,31.95539],[73.43164,31.95521],[73.43332,31.95435],[73.43433,31.95351],[73.43477,31.95295],[73.43465,31.95288],[73.43415,31.95357],[73.4334,31.95421],[73.43227,31.95486],[73.43168,31.95511],[73.41108,31.96079],[73.40826,31.96121],[73.40634,31.9613],[73.40302,31.9612],[73.40103,31.96097],[73.39953,31.96068],[73.39792,31.9602],[73.39612,31.95947],[73.38253,31.95178],[73.38099,31.95101],[73.37897,31.95031],[73.37054,31.94862],[73.36851,31.94809],[73.36723,31.94766],[73.3656,31.94698],[73.36137,31.945],[73.35635,31.94261],[73.35438,31.94155],[73.35434,31.94159],[73.35681,31.94287],[73.36062,31.9447],[73.36694,31.9476],[73.3692,31.94835],[73.37184,31.94895],[73.37805,31.95017],[73.38052,31.95092],[73.38154,31.95135],[73.38405,31.9527],[73.39194,31.95717],[73.39359,31.95818],[73.3964,31.9597],[73.39927,31.9607],[73.40081,31.96101],[73.40253,31.96122],[73.40565,31.96136],[73.40839,31.96127],[73.4102,31.96101],[73.41199,31.96067],[73.43088,31.95539]]]]}},{"type":"Feature","properties":{"lu":"Water Body","ct":"Existing","a":5.299},"geometry":{"type":"MultiPolygon","coordinates":[[[[73.64957,31.90089],[73.64939,31.90088],[73.64903,31.90064],[73.64774,31.89893],[73.64727,31.89815],[73.64647,31.8964],[73.64563,31.88665],[73.6455,31.88661],[73.64627,31.8961],[73.64637,31.89652],[73.64705,31.89798],[73.64769,31.89908],[73.64846,31.90013],[73.6491,31.90087],[73.64949,31.90106],[73.64957,31.90089]]]]}},{"type":"Feature","properties":{"lu":"Water Body","ct":"Existing","a":5.864},"geometry":{"type":"MultiPolygon","coordinates":[[[[73.63373,31.93432],[73.61946,31.92921],[73.61851,31.92871],[73.6175,31.92804],[73.61664,31.92734],[73.61566,31.92637],[73.61485,31.92531],[73.61422,31.92414],[73.61367,31.92258],[73.61349,31.92151],[73.6134,31.92012],[73.61347,31.91933],[73.61393,31.91687],[73.61386,31.9156],[73.61345,31.91433],[73.61305,31.91358],[73.61214,31.9125],[73.61095,31.91144],[73.6101,31.91089],[73.59641,31.9035],[73.59499,31.90265],[73.59385,31.90182],[73.59071,31.89893],[73.59066,31.89896],[73.59367,31.9017],[73.59502,31.90272],[73.61045,31.91115],[73.61122,31.9117],[73.61234,31.91278],[73.61296,31.91349],[73.61332,31.91414],[73.61358,31.91475],[73.61384,31.91572],[73.61392,31.91631],[73.61389,31.91704],[73.61346,31.91915],[73.61336,31.92029],[73.6135,31.92183],[73.61372,31.92285],[73.61424,31.92425],[73.61507,31.92568],[73.61611,31.92692],[73.61706,31.92772],[73.61798,31.92841],[73.61973,31.92935],[73.6337,31.93441],[73.63373,31.93432]]]]}},{"type":"Feature","properties":{"lu":"Water Body","ct":"Existing","a":12.865},"geometry":{"type":"MultiPolygon","coordinates":[[[[73.67379,31.90568],[73.67473,31.90647],[73.68082,31.91022],[73.68082,31.91013],[73.67517,31.9067],[73.67379,31.90568]]],[[[73.6812,31.91036],[73.68119,31.91046],[73.68206,31.91111],[73.68268,31.91176],[73.68344,31.91309],[73.6915,31.93741],[73.69182,31.9383],[73.69222,31.93901],[73.69314,31.94009],[73.69422,31.94086],[73.69519,31.94133],[73.6993,31.94299],[73.70027,31.94353],[73.70129,31.94445],[73.70191,31.94527],[73.70215,31.94575],[73.70254,31.94699],[73.70331,31.95616],[73.70333,31.95622],[73.70346,31.95623],[73.70331,31.95521],[73.7026,31.94694],[73.70238,31.94608],[73.70205,31.94538],[73.70143,31.94449],[73.70096,31.94399],[73.7,31.94326],[73.69957,31.94302],[73.69498,31.94114],[73.694,31.94061],[73.69313,31.93997],[73.69215,31.93875],[73.69177,31.93791],[73.69109,31.93597],[73.68632,31.92141],[73.68342,31.91285],[73.683,31.91205],[73.68256,31.91145],[73.6812,31.91036]]]]}},{"type":"Feature","properties":{"lu":"Water Body","ct":"Existing","a":0.11},"geometry":{"type":"MultiPolygon","coordinates":[[[[73.55218,31.91456],[73.55162,31.9142],[73.55155,31.91422],[73.55214,31.9146],[73.55218,31.91456]]]]}},{"type":"Feature","properties":{"lu":"Water Body","ct":"Existing","a":20.816},"geometry":{"type":"MultiPolygon","coordinates":[[[[73.32976,31.89211],[73.33474,31.89149],[73.33563,31.89097],[73.33818,31.88921],[73.34035,31.88877],[73.34474,31.88568],[73.345,31.88542],[73.34563,31.88422],[73.34944,31.87628],[73.35001,31.87315],[73.35013,31.87292],[73.35262,31.87031],[73.36643,31.86654],[73.36677,31.86677],[73.36699,31.86678],[73.36783,31.86649],[73.36854,31.86663],[73.36965,31.86618],[73.3699,31.8662],[73.37038,31.86643],[73.37099,31.86658],[73.37184,31.86651],[73.37351,31.86656],[73.37588,31.86601],[73.3759,31.8659],[73.37339,31.86651],[73.37224,31.86643],[73.37068,31.86645],[73.36979,31.8661],[73.36932,31.86615],[73.36844,31.86652],[73.36779,31.86641],[73.36694,31.86672],[73.36684,31.86671],[73.36654,31.86644],[73.36398,31.86707],[73.36228,31.86759],[73.35658,31.86908],[73.3525,31.87025],[73.34987,31.87302],[73.34931,31.87609],[73.34515,31.88477],[73.34488,31.88532],[73.34472,31.88547],[73.34055,31.88858],[73.3402,31.88874],[73.33812,31.88913],[73.33616,31.89046],[73.33471,31.89133],[73.32739,31.89224],[73.32551,31.89192],[73.32582,31.89213],[73.32628,31.89229],[73.32705,31.89234],[73.32976,31.89211]]]]}},{"type":"Feature","properties":{"lu":"Water Body","ct":"Existing","a":10.956},"geometry":{"type":"MultiPolygon","coordinates":[[[[73.4348,31.8815],[73.43375,31.88343],[73.42672,31.8934],[73.42663,31.89362],[73.43356,31.8838],[73.43483,31.88164],[73.43489,31.88153],[73.4348,31.8815]]],[[[73.4264,31.89388],[73.42465,31.89629],[73.4243,31.89757],[73.42328,31.90038],[73.42273,31.90295],[73.41995,31.91143],[73.41969,31.91202],[73.4189,31.91293],[73.4168,31.91435],[73.41721,31.91817],[73.41727,31.91961],[73.41719,31.91972],[73.40028,31.92019],[73.37429,31.9214],[73.37157,31.92139],[73.36522,31.92087],[73.36251,31.9209],[73.3611,31.92106],[73.3629,31.92093],[73.36544,31.92093],[73.371,31.92139],[73.37362,31.92146],[73.39814,31.92032],[73.41721,31.91974],[73.41734,31.91955],[73.41724,31.9181],[73.41684,31.91438],[73.41694,31.91424],[73.41842,31.91336],[73.41902,31.91288],[73.41971,31.91205],[73.41994,31.91155],[73.42251,31.90374],[73.4229,31.90238],[73.42325,31.90059],[73.42416,31.89813],[73.42462,31.89652],[73.42483,31.89603],[73.4264,31.89395],[73.42648,31.89375],[73.4264,31.89388]]],[[[73.36095,31.92111],[73.35835,31.92141],[73.35416,31.92214],[73.35372,31.92227],[73.35875,31.92139],[73.36056,31.92116],[73.36081,31.9212],[73.36106,31.92107],[73.36095,31.92111]]]]}},{"type":"Feature","properties":{"lu":"Water Body","ct":"Existing","a":57.536},"geometry":{"type":"MultiPolygon","coordinates":[[[[73.65452,31.8891],[73.65431,31.88904],[73.65379,31.89137],[73.65267,31.8944],[73.65124,31.89724],[73.63295,31.93609],[73.62078,31.96167],[73.62093,31.96192],[73.62116,31.96165],[73.62767,31.94776],[73.63835,31.92531],[73.64059,31.92042],[73.6497,31.90121],[73.65123,31.89813],[73.65335,31.89333],[73.65393,31.89178],[73.65419,31.89093],[73.65452,31.8891]]]]}},{"type":"Feature","properties":{"lu":"Water Body","ct":"Existing","a":2.127},"geometry":{"type":"MultiPolygon","coordinates":[[[[73.54793,31.8946],[73.54996,31.89341],[73.55303,31.89175],[73.55445,31.89084],[73.55531,31.89017],[73.55649,31.88887],[73.5552,31.8902],[73.55419,31.89098],[73.54806,31.89447],[73.5419,31.89873],[73.54197,31.89879],[73.54793,31.8946]]]]}},{"type":"Feature","properties":{"lu":"Water Body","ct":"Existing","a":0.911},"geometry":{"type":"MultiPolygon","coordinates":[[[[73.53794,31.89545],[73.53321,31.89156],[73.53316,31.89159],[73.53614,31.89403],[73.53785,31.89554],[73.53794,31.89545]]]]}},{"type":"Feature","properties":{"lu":"Water Body","ct":"Existing","a":8.294},"geometry":{"type":"MultiPolygon","coordinates":[[[[73.36832,32.13169],[73.36835,32.1314],[73.36664,32.13138],[73.36586,32.13112],[73.36552,32.13071],[73.36504,32.1305],[73.36451,32.13004],[73.36408,32.12979],[73.36319,32.12896],[73.36197,32.12822],[73.36093,32.12708],[73.36022,32.12701],[73.35982,32.12678],[73.3594,32.12669],[73.3591,32.1267],[73.35885,32.1269],[73.3586,32.1276],[73.3584,32.12777],[73.3583,32.12818],[73.3581,32.12861],[73.35772,32.12911],[73.35736,32.13002],[73.35756,32.13018],[73.35771,32.12996],[73.35838,32.12843],[73.35878,32.12785],[73.35902,32.12706],[73.3591,32.12694],[73.35946,32.12687],[73.35979,32.12695],[73.36006,32.12714],[73.36063,32.12728],[73.36086,32.12748],[73.36128,32.12766],[73.36196,32.12843],[73.36309,32.12911],[73.36326,32.12929],[73.36331,32.12948],[73.36368,32.12982],[73.36415,32.13015],[73.36465,32.13037],[73.3649,32.13068],[73.36528,32.13088],[73.3656,32.13135],[73.36648,32.13153],[73.36746,32.13153],[73.36822,32.13177],[73.36832,32.13169]]]]}},{"type":"Feature","properties":{"lu":"Water Body","ct":"Existing","a":5.639},"geometry":{"type":"MultiPolygon","coordinates":[[[[73.35155,32.12412],[73.35178,32.12372],[73.35196,32.12248],[73.35221,32.12149],[73.35207,32.12101],[73.35188,32.12081],[73.35167,32.12031],[73.35106,32.1199],[73.35046,32.11965],[73.34992,32.11963],[73.34967,32.1197],[73.3481,32.11959],[73.34691,32.11965],[73.34627,32.11986],[73.34567,32.12023],[73.34543,32.12049],[73.34565,32.1206],[73.34595,32.1203],[73.34677,32.1199],[73.34794,32.11979],[73.34964,32.11989],[73.35025,32.11982],[73.3508,32.11998],[73.35118,32.12019],[73.35147,32.12043],[73.35196,32.12138],[73.35158,32.12353],[73.35149,32.12372],[73.35121,32.12396],[73.35128,32.12406],[73.35155,32.12412]]]]}},{"type":"Feature","properties":{"lu":"Water Body","ct":"Existing","a":9.058},"geometry":{"type":"MultiPolygon","coordinates":[[[[73.29468,31.85152],[73.30511,31.84874],[73.31854,31.84496],[73.3203,31.84436],[73.32072,31.84411],[73.32211,31.84241],[73.32391,31.83973],[73.32416,31.83953],[73.32509,31.83913],[73.32554,31.83882],[73.32699,31.83738],[73.33216,31.83596],[73.33461,31.83407],[73.33514,31.83261],[73.33563,31.83092],[73.33551,31.83089],[73.3351,31.83252],[73.3345,31.83405],[73.332,31.83594],[73.32721,31.83721],[73.3268,31.83742],[73.32546,31.83878],[73.3239,31.83965],[73.32294,31.84117],[73.32102,31.84368],[73.32047,31.84419],[73.31991,31.84443],[73.317,31.84533],[73.30511,31.84867],[73.29943,31.85024],[73.29425,31.85156],[73.2934,31.8514],[73.28857,31.84954],[73.28855,31.8496],[73.2933,31.85142],[73.29427,31.85162],[73.29468,31.85152]]]]}},{"type":"Feature","properties":{"lu":"Water Body","ct":"Existing","a":2.088},"geometry":{"type":"MultiPolygon","coordinates":[[[[73.23721,31.8157],[73.2406,31.81505],[73.24119,31.81472],[73.24202,31.81389],[73.24213,31.81387],[73.24204,31.81381],[73.24106,31.81479],[73.24045,31.81506],[73.23546,31.816],[73.23316,31.8157],[73.22583,31.81447],[73.22588,31.81455],[73.23486,31.81602],[73.23548,31.81604],[73.23721,31.8157]]]]}},{"type":"Feature","properties":{"lu":"Water Body","ct":"Existing","a":8.625},"geometry":{"type":"MultiPolygon","coordinates":[[[[73.25291,31.82131],[73.25263,31.82137],[73.23251,31.80696],[73.23205,31.80664],[73.23145,31.80657],[73.22261,31.80026],[73.22178,31.79975],[73.22017,31.79919],[73.21912,31.799],[73.21805,31.79898],[73.21675,31.79919],[73.21519,31.79974],[73.20921,31.80263],[73.21059,31.80642],[73.21067,31.80642],[73.20932,31.80267],[73.21516,31.7998],[73.21636,31.79935],[73.21757,31.79909],[73.21874,31.79903],[73.21984,31.79919],[73.22111,31.79954],[73.22205,31.79997],[73.23145,31.80661],[73.23204,31.80669],[73.23239,31.80693],[73.24669,31.81712],[73.25255,31.82139],[73.25275,31.8214],[73.25291,31.82131]]]]}},{"type":"Feature","properties":{"lu":"Water Body","ct":"Existing","a":2.986},"geometry":{"type":"MultiPolygon","coordinates":[[[[73.22694,31.82699],[73.2438,31.81724],[73.2451,31.816],[73.24503,31.81595],[73.24376,31.81722],[73.22503,31.82807],[73.22694,31.82699]]]]}},{"type":"Feature","properties":{"lu":"Water Body","ct":"Existing","a":7.396},"geometry":{"type":"MultiPolygon","coordinates":[[[[73.26948,31.83256],[73.26698,31.83614],[73.26632,31.83681],[73.25639,31.84294],[73.25555,31.84325],[73.25425,31.84358],[73.2529,31.84369],[73.24338,31.84335],[73.23959,31.84089],[73.23893,31.84054],[73.23847,31.84045],[73.23409,31.84069],[73.23839,31.8405],[73.23891,31.84059],[73.24112,31.84194],[73.24294,31.84318],[73.24338,31.84342],[73.24366,31.84347],[73.25385,31.84374],[73.25508,31.84348],[73.25607,31.84314],[73.25741,31.84238],[73.26631,31.83689],[73.26696,31.83625],[73.2676,31.83544],[73.26956,31.83261],[73.26948,31.83256]]],[[[73.23402,31.8407],[73.23299,31.84074],[73.23155,31.84082],[73.23098,31.84083],[73.23065,31.84086],[73.23063,31.8409],[73.23077,31.84092],[73.23167,31.84087],[73.23261,31.8408],[73.23322,31.84078],[73.2336,31.84076],[73.23376,31.84074],[73.23403,31.84073],[73.23402,31.8407]]]]}},{"type":"Feature","properties":{"lu":"Water Body","ct":"Existing","a":7.935},"geometry":{"type":"MultiPolygon","coordinates":[[[[73.27276,31.79814],[73.27364,31.7925],[73.27354,31.79178],[73.27335,31.79133],[73.26346,31.77899],[73.26268,31.77832],[73.26199,31.77787],[73.26117,31.77748],[73.25971,31.77705],[73.24733,31.77398],[73.24705,31.77385],[73.24668,31.77351],[73.24647,31.77313],[73.24642,31.77279],[73.24641,31.76192],[73.2464,31.77278],[73.2465,31.77326],[73.24672,31.77361],[73.24692,31.7738],[73.24752,31.77405],[73.26109,31.77749],[73.26258,31.77828],[73.26352,31.77912],[73.26444,31.78025],[73.27314,31.79108],[73.27347,31.79169],[73.2736,31.79246],[73.27347,31.79355],[73.27078,31.81027],[73.27067,31.81086],[73.27046,31.81141],[73.2699,31.81234],[73.26935,31.81295],[73.26171,31.82079],[73.26175,31.82082],[73.26979,31.81257],[73.27061,31.8112],[73.27085,31.81018],[73.27276,31.79814]]],[[[73.25981,31.82273],[73.2587,31.82387],[73.2615,31.821],[73.25981,31.82273]]],[[[73.25849,31.82412],[73.25849,31.82411],[73.25849,31.8241],[73.2585,31.82409],[73.25819,31.82439],[73.25822,31.82441],[73.25837,31.82426],[73.25849,31.82413],[73.25849,31.82412]]]]}},{"type":"Feature","properties":{"lu":"Water Body","ct":"Existing","a":1.979},"geometry":{"type":"MultiPolygon","coordinates":[[[[73.281,31.79794],[73.28569,31.79721],[73.28667,31.79682],[73.2873,31.7963],[73.29103,31.79138],[73.28728,31.79628],[73.28682,31.79665],[73.28602,31.79705],[73.28513,31.79727],[73.27651,31.79861],[73.27569,31.79865],[73.27351,31.79824],[73.27276,31.79814],[73.27275,31.79821],[73.27589,31.7987],[73.27654,31.79866],[73.281,31.79794]]]]}},{"type":"Feature","properties":{"lu":"Water Body","ct":"Existing","a":2.071},"geometry":{"type":"MultiPolygon","coordinates":[[[[73.26661,31.77509],[73.27063,31.76837],[73.27058,31.76836],[73.26856,31.77168],[73.26478,31.77804],[73.26456,31.77834],[73.26358,31.77916],[73.26363,31.77922],[73.26467,31.77833],[73.26661,31.77509]]]]}},{"type":"Feature","properties":{"lu":"Water Body","ct":"Existing","a":7.805},"geometry":{"type":"MultiPolygon","coordinates":[[[[73.33181,31.8047],[73.33281,31.80549],[73.3332,31.8057],[73.33126,31.80426],[73.33181,31.8047]]],[[[73.33734,31.80678],[73.34509,31.81148],[73.33728,31.80674],[73.33734,31.80678]]],[[[73.3472,31.81265],[73.35557,31.81719],[73.35511,31.81685],[73.35391,31.81618],[73.34714,31.81262],[73.3472,31.81265]]],[[[73.36184,31.82333],[73.36553,31.8271],[73.36926,31.83076],[73.37022,31.83197],[73.37142,31.83374],[73.3719,31.83496],[73.37242,31.83688],[73.3731,31.84305],[73.37343,31.84458],[73.37431,31.84742],[73.37564,31.85091],[73.37603,31.85179],[73.3764,31.8524],[73.37739,31.85344],[73.38376,31.85876],[73.38374,31.85899],[73.38251,31.86168],[73.38259,31.86171],[73.38382,31.859],[73.38384,31.85884],[73.38372,31.85862],[73.37709,31.85312],[73.37633,31.85212],[73.37599,31.85154],[73.37555,31.85042],[73.37374,31.84558],[73.37346,31.84456],[73.37305,31.84224],[73.3725,31.83704],[73.37189,31.83479],[73.3714,31.83361],[73.37003,31.83168],[73.36922,31.83069],[73.36177,31.82326],[73.36184,31.82333]]]]}},{"type":"Feature","properties":{"lu":"Water Body","ct":"Existing","a":4.565},"geometry":{"type":"MultiPolygon","coordinates":[[[[73.37618,31.8589],[73.37612,31.85887],[73.37585,31.85922],[73.37549,31.85947],[73.35555,31.85901],[73.35331,31.85915],[73.35085,31.85961],[73.34792,31.86069],[73.34353,31.86305],[73.34211,31.86408],[73.34088,31.86516],[73.34006,31.86608],[73.33923,31.86724],[73.33994,31.86634],[73.34111,31.86506],[73.34204,31.86423],[73.34363,31.86304],[73.34785,31.86078],[73.34997,31.85992],[73.35088,31.85966],[73.35322,31.85921],[73.35529,31.85905],[73.3755,31.8595],[73.37567,31.85942],[73.37618,31.8589]]]]}},{"type":"Feature","properties":{"lu":"Water Body","ct":"Existing","a":1.227},"geometry":{"type":"MultiPolygon","coordinates":[[[[73.39461,31.81952],[73.40236,31.81612],[73.39371,31.81988],[73.39326,31.81995],[73.39267,31.81987],[73.38757,31.81759],[73.38663,31.81731],[73.38549,31.81743],[73.38664,31.81733],[73.38756,31.81761],[73.39285,31.81995],[73.39366,31.81993],[73.39461,31.81952]]]]}},{"type":"Feature","properties":{"lu":"Water Body","ct":"Existing","a":6.875},"geometry":{"type":"MultiPolygon","coordinates":[[[[73.44184,31.87952],[73.41709,31.8585],[73.41639,31.85804],[73.4148,31.85734],[73.41372,31.85702],[73.41279,31.85685],[73.4117,31.85675],[73.41071,31.85678],[73.40958,31.85692],[73.40884,31.85709],[73.40687,31.8578],[73.40678,31.85778],[73.40354,31.85423],[73.4028,31.85355],[73.40099,31.85219],[73.396,31.84916],[73.39451,31.84801],[73.39363,31.84717],[73.39424,31.84783],[73.39581,31.84908],[73.4005,31.85192],[73.40259,31.85342],[73.40387,31.85463],[73.40676,31.85784],[73.4069,31.85788],[73.40821,31.85734],[73.40907,31.85709],[73.41002,31.8569],[73.41153,31.8568],[73.41271,31.85686],[73.41495,31.85743],[73.41576,31.85777],[73.41677,31.85832],[73.41735,31.85875],[73.44171,31.87948],[73.44512,31.88222],[73.44416,31.8844],[73.44422,31.88442],[73.44517,31.88223],[73.44184,31.87952]]]]}},{"type":"Feature","properties":{"lu":"Water Body","ct":"Existing","a":9.533},"geometry":{"type":"MultiPolygon","coordinates":[[[[73.334,31.9017],[73.33215,31.90092],[73.33145,31.90055],[73.33069,31.89998],[73.33116,31.90038],[73.33198,31.90086],[73.33622,31.90279],[73.334,31.9017]]],[[[73.33893,31.90439],[73.33964,31.90488],[73.33901,31.90444],[73.33893,31.90439]]],[[[73.3426,31.90711],[73.34109,31.9059],[73.34018,31.90526],[73.34113,31.90595],[73.34193,31.90657],[73.3426,31.90711]]],[[[73.34364,31.90794],[73.34333,31.90769],[73.34358,31.90789],[73.34364,31.90794]]],[[[73.39447,31.92742],[73.39142,31.92615],[73.38878,31.92525],[73.38705,31.92478],[73.38397,31.92415],[73.38123,31.92384],[73.36731,31.92291],[73.36419,31.92239],[73.36189,31.92162],[73.36124,31.92131],[73.36109,31.92102],[73.36052,31.92097],[73.359,31.92005],[73.3567,31.91831],[73.35863,31.91983],[73.36057,31.92102],[73.36106,31.92107],[73.36117,31.92132],[73.36316,31.92214],[73.3646,31.92253],[73.3675,31.92297],[73.38032,31.9238],[73.38381,31.92416],[73.38716,31.92484],[73.38967,31.92556],[73.39113,31.92607],[73.39584,31.92801],[73.39447,31.92742]]],[[[73.43807,31.9547],[73.43706,31.95421],[73.42856,31.94933],[73.42526,31.9473],[73.41052,31.93534],[73.40806,31.93365],[73.40609,31.93251],[73.4048,31.9319],[73.40752,31.93343],[73.40997,31.93499],[73.42517,31.94729],[73.4279,31.94902],[73.4366,31.95401],[73.43771,31.95463],[73.43864,31.95483],[73.43864,31.95476],[73.43807,31.9547]]]]}},{"type":"Feature","properties":{"lu":"Water Body","ct":"Existing","a":25.878},"geometry":{"type":"MultiPolygon","coordinates":[[[[73.61086,32.10149],[73.61074,32.10153],[73.61081,32.10186],[73.60385,32.10421],[73.60388,32.10428],[73.6109,32.10191],[73.61095,32.10185],[73.61086,32.10149]]],[[[73.59088,32.10831],[73.59199,32.10843],[73.6037,32.10435],[73.60367,32.10427],[73.59202,32.10834],[73.57008,32.10611],[73.569,32.1066],[73.56259,32.10882],[73.56018,32.10857],[73.55773,32.1085],[73.55391,32.11052],[73.54892,32.11301],[73.54868,32.11306],[73.53793,32.11066],[73.53586,32.11044],[73.52439,32.10985],[73.51987,32.11062],[73.51994,32.11075],[73.52448,32.10997],[73.53643,32.11062],[73.53801,32.1108],[73.54405,32.11218],[73.54877,32.11316],[73.5535,32.11087],[73.55766,32.10863],[73.55839,32.10857],[73.55929,32.10862],[73.55975,32.10872],[73.56075,32.10872],[73.56262,32.10895],[73.56885,32.10678],[73.57005,32.10624],[73.57785,32.10696],[73.59088,32.10831]]]]}},{"type":"Feature","properties":{"lu":"Water Body","ct":"Existing","a":3.543},"geometry":{"type":"MultiPolygon","coordinates":[[[[73.51976,32.11079],[73.51961,32.11064],[73.51478,32.11154],[73.51427,32.11143],[73.51398,32.1113],[73.51364,32.11101],[73.51148,32.10836],[73.51134,32.10845],[73.51363,32.11122],[73.51389,32.11144],[73.51431,32.11162],[73.51492,32.11167],[73.51976,32.11079]]]]}},{"type":"Feature","properties":{"lu":"Park and Open Spaces","ct":"Existing","a":2.473,"nm":"Vanike Cricket Ground"},"geometry":{"type":"MultiPolygon","coordinates":[[[[73.58888,32.21758],[73.58891,32.21687],[73.58764,32.21683],[73.58756,32.21759],[73.58888,32.21758]]]]}},{"type":"Feature","properties":{"lu":"Park and Open Spaces","ct":"Existing","a":7.092},"geometry":{"type":"MultiPolygon","coordinates":[[[[73.4182,32.06142],[73.4182,32.06133],[73.41828,32.06133],[73.41824,32.06088],[73.41766,32.06087],[73.41758,32.05974],[73.41623,32.05976],[73.41635,32.06161],[73.4182,32.06142]]]]}},{"type":"Feature","properties":{"lu":"Water Body","ct":"Existing","a":3.608},"geometry":{"type":"MultiPolygon","coordinates":[[[[73.48298,31.85438],[73.48276,31.85348],[73.48244,31.85261],[73.48188,31.84927],[73.48159,31.84938],[73.48207,31.85201],[73.48227,31.85286],[73.4826,31.85374],[73.48273,31.85441],[73.48298,31.85438]]]]}},{"type":"Feature","properties":{"lu":"Water Body","ct":"Existing","a":0.002},"geometry":{"type":"MultiPolygon","coordinates":[[[[73.39536,32.07292],[73.39553,32.07292],[73.39553,32.07291],[73.39552,32.07291],[73.39536,32.07292]]]]}},{"type":"Feature","properties":{"lu":"Park and Open Spaces","ct":"Existing","a":2.189},"geometry":{"type":"MultiPolygon","coordinates":[[[[73.30973,31.88717],[73.30906,31.8856],[73.30893,31.88561],[73.30873,31.88704],[73.30973,31.88717]]]]}},{"type":"Feature","properties":{"lu":"Water Body","ct":"Existing","a":9.125},"geometry":{"type":"MultiPolygon","coordinates":[[[[73.72716,32.07623],[73.72671,32.07588],[73.72661,32.07595],[73.72703,32.07627],[73.72832,32.07779],[73.72829,32.07755],[73.72716,32.07623]]],[[[73.73039,32.07909],[73.73031,32.07896],[73.72996,32.07917],[73.72955,32.07913],[73.72869,32.07805],[73.72867,32.07822],[73.72955,32.07931],[73.73004,32.0793],[73.73035,32.07917],[73.73039,32.07909]]],[[[73.72144,32.07932],[73.71875,32.08092],[73.71875,32.08101],[73.71916,32.08085],[73.72019,32.08024],[73.72237,32.0788],[73.7223,32.07875],[73.72144,32.07932]]],[[[73.71815,32.08163],[73.71855,32.08115],[73.71855,32.08101],[73.71841,32.08105],[73.71819,32.0813],[73.7172,32.08287],[73.71599,32.08433],[73.71057,32.09017],[73.71069,32.09018],[73.71616,32.08431],[73.71709,32.08319],[73.71815,32.08163]]],[[[73.71044,32.09033],[73.71016,32.09066],[73.71023,32.09071],[73.71017,32.09076],[73.71056,32.09034],[73.71044,32.09033]]],[[[73.70467,32.09408],[73.7064,32.09337],[73.70728,32.09292],[73.7086,32.09206],[73.71009,32.09083],[73.71003,32.09079],[73.70815,32.09232],[73.70755,32.09267],[73.70642,32.09327],[73.70453,32.09406],[73.703,32.09445],[73.7011,32.09474],[73.69847,32.09487],[73.70026,32.09487],[73.70189,32.0947],[73.70373,32.09436],[73.70467,32.09408]]],[[[73.69691,32.09465],[73.69509,32.09427],[73.68753,32.09217],[73.688,32.09236],[73.69575,32.09444],[73.69661,32.09464],[73.69842,32.09486],[73.69836,32.0948],[73.69691,32.09465]]]]}},{"type":"Feature","properties":{"lu":"Water Body","ct":"Existing","a":265.488},"geometry":{"type":"MultiPolygon","coordinates":[[[[73.78478,31.96962],[73.78436,31.97253],[73.78382,31.98122],[73.78365,31.98699],[73.78269,31.9946],[73.78133,31.99906],[73.77918,32.00501],[73.76923,32.03136],[73.77086,32.03178],[73.77432,32.02205],[73.77816,32.01173],[73.77964,32.0074],[73.78098,32.00384],[73.78261,31.99927],[73.78389,31.99533],[73.78479,31.99073],[73.7851,31.98686],[73.78513,31.98507],[73.78539,31.9813],[73.78534,31.97888],[73.78549,31.97796],[73.78535,31.97747],[73.78581,31.97216],[73.78731,31.96407],[73.78601,31.96255],[73.78496,31.96825],[73.78478,31.96962]]]]}},{"type":"Feature","properties":{"lu":"Water Body","ct":"Existing","a":142.421},"geometry":{"type":"MultiPolygon","coordinates":[[[[73.78314,31.97289],[73.784,31.9678],[73.78526,31.96166],[73.7845,31.96208],[73.78435,31.96209],[73.78342,31.96753],[73.78305,31.96916],[73.7817,31.97677],[73.78039,31.98317],[73.77933,31.98918],[73.77751,31.99857],[73.77678,32.00136],[73.77601,32.00417],[73.77443,32.00898],[73.76858,32.02512],[73.76799,32.02709],[73.76725,32.02885],[73.76665,32.03069],[73.76743,32.03089],[73.77491,32.01008],[73.77777,32.00018],[73.77923,31.99435],[73.78021,31.98816],[73.78098,31.98459],[73.78241,31.97721],[73.78314,31.97289]]]]}},{"type":"Feature","properties":{"lu":"Park and Open Spaces","ct":"Existing","a":0.315},"geometry":{"type":"MultiPolygon","coordinates":[[[[73.74818,32.09696],[73.74806,32.09699],[73.748,32.09713],[73.748,32.09728],[73.74812,32.09737],[73.74826,32.09733],[73.74835,32.0972],[73.74832,32.09704],[73.74818,32.09696]]]]}},{"type":"Feature","properties":{"lu":"Water Body","ct":"Existing","a":88.043},"geometry":{"type":"MultiPolygon","coordinates":[[[[73.75261,32.09203],[73.75402,32.08818],[73.75571,32.08079],[73.75427,32.08031],[73.75283,32.08823],[73.74859,32.0972],[73.74868,32.0973],[73.74997,32.09762],[73.75057,32.09617],[73.75261,32.09203]]],[[[73.74989,32.09782],[73.74991,32.09776],[73.74854,32.0973],[73.74586,32.10304],[73.74746,32.10352],[73.74758,32.10324],[73.74765,32.10321],[73.74989,32.09782]]]]}},{"type":"Feature","properties":{"lu":"Water Body","ct":"Existing","a":0.251},"geometry":{"type":"MultiPolygon","coordinates":[[[[73.58946,31.98191],[73.58941,31.98167],[73.58899,31.98182],[73.58913,31.98203],[73.58946,31.98191]]]]}},{"type":"Feature","properties":{"lu":"Park and Open Spaces","ct":"Existing","a":0.61},"geometry":{"type":"MultiPolygon","coordinates":[[[[73.2672,31.77075],[73.26713,31.77069],[73.26704,31.77104],[73.26673,31.77123],[73.26716,31.77131],[73.26757,31.77157],[73.26764,31.77154],[73.2672,31.77075]]]]}},{"type":"Feature","properties":{"lu":"Park and Open Spaces","ct":"Existing","a":0.175},"geometry":{"type":"MultiPolygon","coordinates":[[[[73.40748,32.06226],[73.40733,32.06258],[73.40777,32.06252],[73.40748,32.06226]]]]}},{"type":"Feature","properties":{"lu":"Water Body","ct":"Existing","a":16.597},"geometry":{"type":"MultiPolygon","coordinates":[[[[73.71058,32.01663],[73.70355,32.01337],[73.70245,32.01253],[73.7015,32.01123],[73.70127,32.01069],[73.70118,32.0108],[73.70126,32.01104],[73.70203,32.0122],[73.70351,32.01344],[73.71053,32.0167],[73.71066,32.01667],[73.71058,32.01663]]],[[[73.75733,32.0317],[73.7437,32.02224],[73.74238,32.02143],[73.73955,32.0202],[73.73714,32.01958],[73.73453,32.01923],[73.71942,32.01923],[73.71945,32.0193],[73.72027,32.01934],[73.73473,32.01933],[73.73599,32.01945],[73.73753,32.01972],[73.73994,32.02047],[73.74246,32.02158],[73.74391,32.02248],[73.75089,32.02747],[73.75704,32.03164],[73.76039,32.03404],[73.76152,32.03473],[73.76298,32.03547],[73.76395,32.03592],[73.7646,32.03608],[73.76462,32.03594],[73.7639,32.03574],[73.76101,32.03431],[73.75733,32.0317]]]]}},{"type":"Feature","properties":{"lu":"Water Body","ct":"Existing","a":46.324},"geometry":{"type":"MultiPolygon","coordinates":[[[[73.60921,32.06226],[73.59498,32.06117],[73.59282,32.06119],[73.59175,32.0613],[73.59175,32.06155],[73.59246,32.06144],[73.59474,32.06141],[73.61152,32.06266],[73.61153,32.06245],[73.60921,32.06226]]],[[[73.62291,32.06502],[73.62081,32.06423],[73.61636,32.06309],[73.61402,32.06263],[73.61172,32.06246],[73.61173,32.06264],[73.61307,32.06274],[73.61471,32.06301],[73.61753,32.06356],[73.61926,32.06401],[73.62179,32.06481],[73.6244,32.06591],[73.6245,32.06569],[73.62291,32.06502]]],[[[73.63036,32.06912],[73.62985,32.06877],[73.62777,32.0676],[73.62774,32.06735],[73.62467,32.06577],[73.62457,32.06599],[73.6264,32.06687],[73.62918,32.06847],[73.6304,32.06926],[73.63098,32.06949],[73.63151,32.06956],[73.63036,32.06912]]],[[[73.5697,32.0873],[73.57121,32.08558],[73.57202,32.08425],[73.57867,32.0708],[73.57983,32.06876],[73.58074,32.06742],[73.58278,32.06531],[73.58437,32.06417],[73.58547,32.06353],[73.58716,32.06274],[73.58813,32.06238],[73.59075,32.06167],[73.59155,32.06158],[73.59156,32.06133],[73.5896,32.06166],[73.58807,32.06212],[73.58696,32.06254],[73.5847,32.06364],[73.58311,32.06483],[73.58221,32.06562],[73.58072,32.06724],[73.57997,32.06824],[73.57941,32.06917],[73.57509,32.07776],[73.57461,32.07889],[73.57222,32.0837],[73.57159,32.08483],[73.57097,32.08574],[73.56947,32.0874],[73.56767,32.08891],[73.56855,32.08834],[73.5697,32.0873]]],[[[73.56679,32.08958],[73.56561,32.09023],[73.56634,32.08986],[73.56679,32.08958]]],[[[73.54925,32.09352],[73.56072,32.09185],[73.56316,32.09126],[73.56393,32.09095],[73.56306,32.09124],[73.56066,32.09182],[73.54242,32.09443],[73.54244,32.09448],[73.54925,32.09352]]],[[[73.54147,32.09455],[73.53493,32.09549],[73.53427,32.09595],[73.52945,32.10135],[73.52899,32.10183],[73.52851,32.10215],[73.51967,32.10512],[73.51977,32.10516],[73.52004,32.10508],[73.52753,32.10259],[73.52869,32.1021],[73.52951,32.10137],[73.53441,32.09594],[73.53492,32.09558],[73.54225,32.09453],[73.54223,32.09446],[73.54147,32.09455]]],[[[73.51781,32.10574],[73.51351,32.10715],[73.51233,32.1077],[73.51147,32.10822],[73.51154,32.10828],[73.5124,32.10776],[73.51397,32.10706],[73.51953,32.10524],[73.51949,32.10518],[73.51781,32.10574]]]]}},{"type":"Feature","properties":{"lu":"Park and Open Spaces","ct":"Existing","a":0.755},"geometry":{"type":"MultiPolygon","coordinates":[[[[73.72341,32.07326],[73.72345,32.07316],[73.72324,32.07301],[73.72239,32.07325],[73.72247,32.07354],[73.72341,32.07326]]]]}},{"type":"Feature","properties":{"lu":"Oil Depot Buffer Zone","ct":"Proposed","a":1.782},"geometry":{"type":"MultiPolygon","coordinates":[[[[73.70835,32.076],[73.7077,32.07595],[73.70773,32.07669],[73.70835,32.07716],[73.70843,32.07712],[73.70853,32.07678],[73.70835,32.076]]]]}},{"type":"Feature","properties":{"lu":"Park and Open Spaces","ct":"Existing","a":0.426},"geometry":{"type":"MultiPolygon","coordinates":[[[[73.73863,32.07936],[73.73798,32.07933],[73.73796,32.07939],[73.73851,32.0798],[73.73863,32.07936]]]]}},{"type":"Feature","properties":{"lu":"Water Body","ct":"Existing","a":0.114},"geometry":{"type":"MultiPolygon","coordinates":[[[[73.70228,32.0571],[73.70189,32.05668],[73.70181,32.05669],[73.7022,32.05714],[73.70228,32.0571]]]]}},{"type":"Feature","properties":{"lu":"Water Body","ct":"Existing","a":0.934},"geometry":{"type":"MultiPolygon","coordinates":[[[[73.70407,32.05921],[73.70233,32.05716],[73.7022,32.05725],[73.70398,32.05924],[73.70407,32.05921]]]]}},{"type":"Feature","properties":{"lu":"Oil Depot Buffer Zone","ct":"Proposed","a":17.223},"geometry":{"type":"MultiPolygon","coordinates":[[[[73.71067,32.07912],[73.71056,32.07925],[73.71022,32.07906],[73.71013,32.07914],[73.71,32.07906],[73.70902,32.07915],[73.70901,32.07889],[73.70882,32.07888],[73.70879,32.07904],[73.708,32.07893],[73.70759,32.08043],[73.70767,32.08049],[73.71325,32.08096],[73.71297,32.08067],[73.71127,32.07955],[73.71123,32.07961],[73.7112,32.0795],[73.71067,32.07912]]]]}},{"type":"Feature","properties":{"lu":"Water Body","ct":"Existing","a":0.208},"geometry":{"type":"MultiPolygon","coordinates":[[[[73.6638,32.10699],[73.66378,32.107],[73.6638,32.10703],[73.66399,32.10723],[73.6638,32.10699]]],[[[73.66548,32.10879],[73.66577,32.10907],[73.66559,32.10889],[73.66548,32.10879]]],[[[73.66601,32.10957],[73.66637,32.1099],[73.66658,32.11007],[73.66601,32.10957]]],[[[73.66623,32.10951],[73.66648,32.10975],[73.66695,32.11014],[73.66686,32.11006],[73.66623,32.10951]]],[[[73.66812,32.1111],[73.66818,32.11114],[73.66806,32.11106],[73.66812,32.1111]]],[[[73.6694,32.11198],[73.66916,32.11183],[73.66981,32.11228],[73.67006,32.11244],[73.6694,32.11198]]],[[[73.67108,32.11334],[73.67101,32.11329],[73.67066,32.11306],[73.66891,32.11189],[73.66854,32.11163],[73.66875,32.11179],[73.66984,32.11254],[73.67086,32.1132],[73.67108,32.11334]]],[[[73.67172,32.11376],[73.672,32.11395],[73.6721,32.11401],[73.67178,32.1138],[73.67172,32.11376]]],[[[73.67341,32.11458],[73.6729,32.11425],[73.67341,32.11459],[73.67341,32.11458]]],[[[73.67311,32.11471],[73.67307,32.11459],[73.67252,32.11427],[73.67306,32.1146],[73.67311,32.11471]]],[[[73.67315,32.11474],[73.67318,32.11476],[73.67313,32.11473],[73.67315,32.11474]]]]}},{"type":"Feature","properties":{"lu":"Water Body","ct":"Existing","a":12.89},"geometry":{"type":"MultiPolygon","coordinates":[[[[73.66613,32.0523],[73.66607,32.0513],[73.66595,32.05102],[73.66524,32.05106],[73.66516,32.05008],[73.66444,32.05012],[73.66457,32.05122],[73.66292,32.05128],[73.66278,32.05136],[73.66616,32.05355],[73.66621,32.0535],[73.66613,32.0523]]],[[[73.66614,32.05249],[73.66614,32.05246],[73.66614,32.05234],[73.66613,32.05234],[73.66614,32.05249]]]]}},{"type":"Feature","properties":{"lu":"Park and Open Spaces","ct":"Existing","a":2.089},"geometry":{"type":"MultiPolygon","coordinates":[[[[73.72347,32.07309],[73.72358,32.07299],[73.72175,32.0715],[73.72143,32.07169],[73.72314,32.07305],[73.72324,32.07301],[73.72337,32.07315],[73.72347,32.07309]]],[[[73.72341,32.07326],[73.72421,32.07389],[73.72422,32.07387],[73.72342,32.07324],[73.72341,32.07326]]]]}},{"type":"Feature","properties":{"lu":"Water Body","ct":"Existing","a":1.828},"geometry":{"type":"MultiPolygon","coordinates":[[[[73.67218,32.10042],[73.67248,32.10086],[73.6725,32.1009],[73.6726,32.10104],[73.67281,32.10133],[73.67308,32.10172],[73.67317,32.10176],[73.67309,32.10164],[73.67278,32.10121],[73.6722,32.1004],[73.67218,32.10042]]],[[[73.67356,32.10232],[73.6735,32.10224],[73.67343,32.10221],[73.67363,32.10249],[73.67356,32.10232]]],[[[73.67721,32.10729],[73.67599,32.10554],[73.67477,32.10384],[73.67489,32.10402],[73.67656,32.10638],[73.67721,32.10729]]],[[[73.6754,32.10502],[73.67806,32.10869],[73.67407,32.10313],[73.6754,32.10502]]],[[[73.68024,32.11143],[73.68019,32.11137],[73.67924,32.1101],[73.67939,32.1103],[73.68017,32.11136],[73.68024,32.11143]]],[[[73.68203,32.11243],[73.68094,32.11211],[73.68024,32.1116],[73.67813,32.10885],[73.68029,32.1117],[73.68086,32.11212],[73.68153,32.11237],[73.68447,32.11282],[73.68447,32.11276],[73.68203,32.11243]]],[[[73.68112,32.11205],[73.68106,32.11202],[73.68068,32.11179],[73.68052,32.11166],[73.6807,32.11182],[73.681,32.11201],[73.68112,32.11205]]],[[[73.68448,32.11266],[73.68356,32.11252],[73.6821,32.11232],[73.68169,32.11224],[73.68195,32.11231],[73.68374,32.11256],[73.68448,32.11266]]]]}},{"type":"Feature","properties":{"lu":"Water Body","ct":"Existing","a":0.025},"geometry":{"type":"MultiPolygon","coordinates":[[[[73.66803,32.09065],[73.66823,32.09122],[73.66847,32.09185],[73.66833,32.09146],[73.66802,32.09064],[73.66803,32.09065]]],[[[73.66919,32.09338],[73.6692,32.09338],[73.66917,32.09332],[73.669,32.09285],[73.66919,32.09338]]]]}},{"type":"Feature","properties":{"lu":"Water Body","ct":"Existing","a":0.113},"geometry":{"type":"MultiPolygon","coordinates":[[[[73.66929,32.09367],[73.66988,32.09534],[73.66922,32.09344],[73.66921,32.09345],[73.66929,32.09367]]],[[[73.67002,32.09613],[73.67019,32.09656],[73.66948,32.09458],[73.67002,32.09613]]],[[[73.67045,32.09688],[73.67047,32.09688],[73.6699,32.09539],[73.67045,32.09688]]]]}},{"type":"Feature","properties":{"lu":"Water Body","ct":"Existing","a":0.777},"geometry":{"type":"MultiPolygon","coordinates":[[[[73.6919,32.10896],[73.69181,32.10903],[73.69113,32.1095],[73.69024,32.11014],[73.68971,32.11053],[73.68971,32.11056],[73.68967,32.11056],[73.68912,32.11096],[73.6882,32.11162],[73.68754,32.11209],[73.68823,32.11162],[73.68927,32.11088],[73.69144,32.10931],[73.6919,32.10898],[73.6919,32.10896]]],[[[73.68804,32.11189],[73.68682,32.11263],[73.68618,32.1128],[73.68543,32.11287],[73.6846,32.11278],[73.6846,32.11284],[73.68571,32.11289],[73.68694,32.11262],[73.68872,32.11142],[73.68804,32.11189]]],[[[73.68621,32.11266],[73.68546,32.11275],[73.6846,32.11268],[73.68523,32.11277],[73.68635,32.11264],[73.68689,32.1125],[73.6875,32.11212],[73.68682,32.11251],[73.68621,32.11266]]]]}},{"type":"Feature","properties":{"lu":"Water Body","ct":"Existing","a":22.449},"geometry":{"type":"MultiPolygon","coordinates":[[[[73.63537,32.0623],[73.63723,32.06304],[73.63723,32.06286],[73.63539,32.06215],[73.63537,32.0623]]],[[[73.63867,32.06343],[73.63742,32.06294],[73.63745,32.06314],[73.64008,32.06411],[73.64485,32.06486],[73.64486,32.06474],[73.6403,32.06398],[73.63867,32.06343]]],[[[73.65158,32.06776],[73.64724,32.06519],[73.64521,32.06479],[73.64521,32.06491],[73.64689,32.06517],[73.64773,32.06555],[73.65601,32.07067],[73.65728,32.07138],[73.65832,32.07237],[73.65843,32.0724],[73.65798,32.0719],[73.65699,32.07108],[73.65452,32.06963],[73.65158,32.06776]]],[[[73.66322,32.08022],[73.66314,32.08023],[73.66564,32.08432],[73.66598,32.08502],[73.66674,32.08714],[73.66688,32.08707],[73.6661,32.08486],[73.66322,32.08022]]],[[[73.6668,32.08733],[73.66731,32.08871],[73.66748,32.0887],[73.66694,32.08723],[73.6668,32.08733]]],[[[73.66762,32.08955],[73.6703,32.09689],[73.67045,32.09688],[73.6677,32.08929],[73.66762,32.08955]]],[[[73.67278,32.10121],[73.67317,32.10176],[73.67341,32.10186],[73.6723,32.10032],[73.6722,32.1004],[73.67278,32.10121]]],[[[73.67366,32.10257],[73.67806,32.10869],[73.67823,32.10869],[73.67376,32.10235],[73.6735,32.10224],[73.67366,32.10257]]],[[[73.68864,32.11147],[73.69118,32.10969],[73.69114,32.10964],[73.69191,32.109],[73.68716,32.11235],[73.68635,32.11264],[73.68523,32.11277],[73.68195,32.11231],[73.681,32.11201],[73.68017,32.11136],[73.67835,32.10886],[73.67818,32.10885],[73.68024,32.1116],[73.68094,32.11211],[73.68151,32.11232],[73.68543,32.11287],[73.68618,32.1128],[73.68682,32.11263],[73.68729,32.11238],[73.68864,32.11147]]]]}},{"type":"Feature","properties":{"lu":"Water Body","ct":"Existing","a":1.948},"geometry":{"type":"MultiPolygon","coordinates":[[[[73.71942,32.01923],[73.71734,32.01901],[73.71627,32.01881],[73.71465,32.01837],[73.71303,32.01777],[73.71066,32.01667],[73.71053,32.0167],[73.7136,32.0181],[73.71466,32.01847],[73.71642,32.01894],[73.71844,32.01923],[73.71945,32.0193],[73.71942,32.01923]]]]}},{"type":"Feature","properties":{"lu":"Water Body","ct":"Existing","a":0.378},"geometry":{"type":"MultiPolygon","coordinates":[[[[73.63359,32.0694],[73.63346,32.06932],[73.63263,32.06947],[73.63149,32.0695],[73.63151,32.06956],[73.63225,32.06959],[73.63359,32.0694]]]]}},{"type":"Feature","properties":{"lu":"Water Body","ct":"Existing","a":2.647},"geometry":{"type":"MultiPolygon","coordinates":[[[[73.67435,32.03981],[73.67576,32.03961],[73.67811,32.0396],[73.67798,32.03954],[73.67578,32.03953],[73.67472,32.03966],[73.67185,32.04025],[73.67098,32.04028],[73.66953,32.04015],[73.66953,32.04021],[73.67087,32.04035],[73.67188,32.04034],[73.67435,32.03981]]],[[[73.66934,32.04014],[73.66775,32.04024],[73.66639,32.04061],[73.66514,32.04121],[73.66388,32.04203],[73.66393,32.04208],[73.66511,32.0413],[73.66645,32.04064],[73.66771,32.04032],[73.66934,32.04021],[73.66934,32.04014]]]]}},{"type":"Feature","properties":{"lu":"Water Body","ct":"Existing","a":0.419},"geometry":{"type":"MultiPolygon","coordinates":[[[[73.73167,32.07967],[73.73442,32.08577],[73.73314,32.08283],[73.73172,32.07975],[73.73167,32.07967]]]]}},{"type":"Feature","properties":{"lu":"Water Body","ct":"Existing","a":0.007},"geometry":{"type":"MultiPolygon","coordinates":[[[[73.73506,32.0872],[73.73531,32.08775],[73.73544,32.08801],[73.73506,32.0872]]]]}},{"type":"Feature","properties":{"lu":"Water Body","ct":"Existing","a":0.002},"geometry":{"type":"MultiPolygon","coordinates":[[[[73.66504,32.08308],[73.66507,32.08314],[73.66515,32.08325],[73.66504,32.08308]]]]}},{"type":"Feature","properties":{"lu":"Water Body","ct":"Existing","a":302.482},"geometry":{"type":"MultiPolygon","coordinates":[[[[73.69608,32.04373],[73.67973,32.02596],[73.67288,32.0184],[73.67124,32.01666],[73.67104,32.0165],[73.67071,32.01667],[73.67273,32.01877],[73.6752,32.02192],[73.68337,32.03057],[73.68778,32.03554],[73.69024,32.03804],[73.69842,32.04698],[73.69864,32.04655],[73.69608,32.04373]]],[[[73.69075,32.03971],[73.68043,32.02835],[73.67706,32.02547],[73.67393,32.02298],[73.67169,32.02088],[73.67015,32.01881],[73.66932,32.01735],[73.6687,32.01757],[73.66989,32.01958],[73.67132,32.02138],[73.67277,32.02271],[73.67911,32.02795],[73.68017,32.02894],[73.68661,32.03606],[73.68721,32.03671],[73.68729,32.03671],[73.68729,32.03679],[73.69567,32.04611],[73.69612,32.04644],[73.69776,32.0483],[73.69805,32.04772],[73.69075,32.03971]]],[[[73.69901,32.04763],[73.70468,32.05408],[73.71072,32.0604],[73.7272,32.07393],[73.72951,32.07556],[73.73035,32.07567],[73.71086,32.05986],[73.69871,32.04666],[73.69851,32.04707],[73.69901,32.04763]]],[[[73.69866,32.04923],[73.70808,32.05971],[73.70921,32.06088],[73.72593,32.07448],[73.72631,32.0748],[73.72624,32.07486],[73.72631,32.0748],[73.72686,32.07525],[73.7278,32.07535],[73.72128,32.06999],[73.71039,32.06129],[73.70423,32.05457],[73.70242,32.05283],[73.69815,32.04782],[73.69786,32.04841],[73.69866,32.04923]]],[[[73.73781,32.09293],[73.73531,32.08775],[73.7316,32.07951],[73.73092,32.07849],[73.7296,32.07681],[73.72795,32.07547],[73.72697,32.07534],[73.72782,32.07604],[73.72937,32.07764],[73.73011,32.07865],[73.73128,32.08054],[73.73926,32.09826],[73.74056,32.10128],[73.74357,32.10701],[73.74365,32.10713],[73.74418,32.10695],[73.74428,32.10667],[73.74307,32.10458],[73.74031,32.09874],[73.73781,32.09293]]]]}},{"type":"Feature","properties":{"lu":"Water Body","ct":"Existing","a":27.059},"geometry":{"type":"MultiPolygon","coordinates":[[[[73.746,32.08816],[73.74549,32.0879],[73.74164,32.0848],[73.74003,32.08346],[73.74007,32.08341],[73.73058,32.0758],[73.72965,32.07568],[73.73219,32.07785],[73.74197,32.08556],[73.74572,32.08882],[73.746,32.08816]]]]}},{"type":"Feature","properties":{"lu":"Water Body","ct":"Existing","a":199.937},"geometry":{"type":"MultiPolygon","coordinates":[[[[73.75576,32.0805],[73.75723,32.07186],[73.75878,32.06515],[73.7638,32.0517],[73.76584,32.04554],[73.77082,32.03189],[73.76919,32.03147],[73.75973,32.05843],[73.75676,32.06652],[73.75581,32.07217],[73.75431,32.08008],[73.75576,32.0805]]]]}},{"type":"Feature","properties":{"lu":"Water Body","ct":"Existing","a":99.28},"geometry":{"type":"MultiPolygon","coordinates":[[[[73.76739,32.03101],[73.76661,32.03082],[73.75464,32.06416],[73.75461,32.06424],[73.75458,32.06409],[73.74942,32.07843],[73.75023,32.0787],[73.75661,32.06051],[73.75856,32.05539],[73.76739,32.03101]]]]}},{"type":"Feature","properties":{"lu":"Water Body","ct":"Existing","a":52.749},"geometry":{"type":"MultiPolygon","coordinates":[[[[73.74743,32.08632],[73.75015,32.07892],[73.74941,32.07867],[73.74619,32.08772],[73.74563,32.08902],[73.74348,32.09503],[73.74435,32.09528],[73.74669,32.08874],[73.74743,32.08632]]],[[[73.74584,32.10266],[73.74503,32.1022],[73.74436,32.10162],[73.74384,32.10093],[73.7435,32.10016],[73.74336,32.09917],[73.74345,32.09781],[73.74374,32.0967],[73.74431,32.0954],[73.74345,32.0951],[73.7427,32.0973],[73.74252,32.09834],[73.74249,32.09923],[73.74267,32.1001],[73.74315,32.10109],[73.74404,32.10207],[73.74486,32.10262],[73.74586,32.10304],[73.74601,32.10273],[73.74584,32.10266]]]]}},{"type":"Feature","properties":{"lu":"Water Body","ct":"Existing","a":0.913},"geometry":{"type":"MultiPolygon","coordinates":[[[[73.68091,32.11214],[73.68063,32.11195],[73.68031,32.11245],[73.68039,32.11271],[73.68095,32.11273],[73.68091,32.11214]]]]}},{"type":"Feature","properties":{"lu":"Park and Open Spaces","ct":"Existing","a":0.13,"nm":"White Pearl Chowk"},"geometry":{"type":"MultiPolygon","coordinates":[[[[73.3682,32.04837],[73.36781,32.04835],[73.36802,32.04862],[73.3682,32.04837]]]]}},{"type":"Feature","properties":{"lu":"Water Body","ct":"Existing","a":240.082},"geometry":{"type":"MultiPolygon","coordinates":[[[[73.23752,31.87157],[73.23883,31.87052],[73.24101,31.86894],[73.24246,31.86819],[73.24407,31.86754],[73.24559,31.86717],[73.24842,31.86688],[73.25193,31.8671],[73.25383,31.86745],[73.25569,31.86795],[73.2562,31.86819],[73.25791,31.86912],[73.26111,31.87161],[73.26269,31.87273],[73.26454,31.87369],[73.26625,31.87433],[73.26762,31.87473],[73.26894,31.87493],[73.26967,31.87521],[73.27065,31.87532],[73.2716,31.87559],[73.27264,31.87573],[73.27476,31.87589],[73.28058,31.87566],[73.28058,31.87546],[73.27414,31.87564],[73.27189,31.8754],[73.26731,31.87448],[73.26507,31.87374],[73.26278,31.87255],[73.26211,31.87214],[73.25967,31.87021],[73.25898,31.86959],[73.25798,31.86888],[73.25589,31.86778],[73.25404,31.86726],[73.2529,31.86703],[73.25134,31.86685],[73.2484,31.86671],[73.24631,31.86687],[73.24447,31.86723],[73.24355,31.86753],[73.24173,31.86833],[73.24046,31.86907],[73.22998,31.877],[73.2286,31.8779],[73.2277,31.8784],[73.22536,31.87927],[73.2239,31.87958],[73.2208,31.88007],[73.21954,31.88041],[73.21762,31.88114],[73.21667,31.88166],[73.21494,31.88293],[73.21175,31.88589],[73.21133,31.88621],[73.20955,31.88731],[73.20771,31.88809],[73.20593,31.88857],[73.20439,31.88882],[73.19634,31.88891],[73.19314,31.88949],[73.19164,31.89009],[73.1902,31.89088],[73.18707,31.89315],[73.18662,31.89334],[73.18606,31.8934],[73.18535,31.89341],[73.18449,31.89319],[73.17717,31.89057],[73.17443,31.88967],[73.17495,31.88954],[73.17619,31.88957],[73.17646,31.8895],[73.17768,31.88948],[73.18009,31.88905],[73.18045,31.88925],[73.18062,31.88922],[73.18075,31.88912],[73.18063,31.88875],[73.18079,31.88864],[73.18159,31.88872],[73.18189,31.88859],[73.18521,31.88781],[73.20953,31.88135],[73.21278,31.88046],[73.21559,31.87956],[73.21702,31.87895],[73.21966,31.87736],[73.22173,31.87565],[73.22256,31.87472],[73.2264,31.8695],[73.22783,31.86771],[73.2296,31.86604],[73.23114,31.86494],[73.23213,31.86441],[73.23471,31.8633],[73.26378,31.85535],[73.26535,31.85488],[73.26681,31.8542],[73.26889,31.85312],[73.2707,31.85163],[73.27206,31.85014],[73.27543,31.84521],[73.27648,31.84352],[73.27784,31.84161],[73.2786,31.84031],[73.27929,31.83854],[73.27982,31.83665],[73.27988,31.836],[73.27954,31.83598],[73.2793,31.83762],[73.27869,31.8396],[73.27772,31.84129],[73.27555,31.84468],[73.2716,31.85028],[73.27055,31.85138],[73.26888,31.85279],[73.26649,31.85407],[73.26514,31.85471],[73.2348,31.86308],[73.23186,31.8643],[73.2299,31.86553],[73.22768,31.86748],[73.22282,31.87405],[73.22115,31.87594],[73.21855,31.8779],[73.21704,31.87872],[73.21553,31.87941],[73.1991,31.884],[73.19076,31.8862],[73.18977,31.8864],[73.18517,31.88767],[73.18406,31.88789],[73.1825,31.88835],[73.18197,31.88841],[73.18142,31.88862],[73.18063,31.8885],[73.1802,31.88892],[73.17988,31.88903],[73.17872,31.88925],[73.17767,31.88934],[73.17558,31.88947],[73.1751,31.88942],[73.17425,31.88961],[73.1733,31.88943],[73.17119,31.88866],[73.17104,31.88848],[73.171,31.88825],[73.17061,31.88772],[73.17055,31.88745],[73.17001,31.88645],[73.16979,31.88627],[73.16906,31.88594],[73.16866,31.88543],[73.16773,31.88455],[73.1676,31.88433],[73.167,31.88391],[73.16642,31.88373],[73.16614,31.88354],[73.16594,31.8832],[73.16597,31.88282],[73.16587,31.88246],[73.16605,31.88159],[73.16606,31.88115],[73.16573,31.88049],[73.16544,31.88017],[73.16503,31.88003],[73.16442,31.88017],[73.16404,31.88039],[73.16315,31.88124],[73.16281,31.88146],[73.16254,31.88154],[73.16238,31.88152],[73.16219,31.88132],[73.16188,31.88066],[73.16154,31.8803],[73.16084,31.87989],[73.1605,31.87978],[73.15997,31.87993],[73.15941,31.88026],[73.15848,31.88054],[73.15816,31.88045],[73.15802,31.88049],[73.15802,31.88068],[73.15881,31.88059],[73.15946,31.88034],[73.16016,31.87995],[73.16078,31.87996],[73.16153,31.88039],[73.16171,31.8806],[73.1618,31.88099],[73.16205,31.88115],[73.16227,31.88158],[73.1624,31.88164],[73.16294,31.88155],[73.16391,31.88075],[73.1641,31.8805],[73.16445,31.88028],[73.16474,31.88016],[73.16523,31.88018],[73.16554,31.88051],[73.16594,31.88122],[73.16579,31.88157],[73.16577,31.882],[73.16564,31.88233],[73.16584,31.88335],[73.16617,31.88373],[73.16677,31.88393],[73.16724,31.88426],[73.16849,31.88543],[73.16895,31.88602],[73.16979,31.88645],[73.17041,31.88738],[73.17061,31.88793],[73.17111,31.88885],[73.17219,31.88911],[73.17372,31.88973],[73.17672,31.89066],[73.18397,31.89323],[73.18444,31.89348],[73.18575,31.89364],[73.18643,31.89363],[73.18695,31.89345],[73.1877,31.89303],[73.18937,31.89173],[73.19071,31.89082],[73.19308,31.88973],[73.19403,31.88948],[73.19678,31.88909],[73.20402,31.88907],[73.20591,31.8888],[73.20863,31.88799],[73.2103,31.88712],[73.21155,31.88628],[73.21396,31.88419],[73.21507,31.8831],[73.21718,31.88161],[73.21832,31.88105],[73.22001,31.88049],[73.22521,31.87955],[73.227,31.87895],[73.22862,31.87818],[73.23058,31.87684],[73.23752,31.87157]]],[[[73.28988,31.87581],[73.28514,31.87529],[73.28077,31.87546],[73.28077,31.87565],[73.28491,31.87554],[73.2877,31.87577],[73.29114,31.8762],[73.29114,31.87596],[73.28988,31.87581]]],[[[73.33689,31.8953],[73.32877,31.89348],[73.32745,31.89306],[73.32699,31.89264],[73.32582,31.89213],[73.32505,31.89164],[73.32407,31.89084],[73.32331,31.89001],[73.32267,31.88951],[73.31849,31.88353],[73.31656,31.88173],[73.31506,31.88064],[73.31307,31.8796],[73.31184,31.87907],[73.30986,31.87847],[73.30844,31.87823],[73.29133,31.87598],[73.29133,31.87626],[73.29157,31.87634],[73.29182,31.87631],[73.29583,31.87678],[73.30924,31.8785],[73.31019,31.87875],[73.31335,31.87992],[73.31467,31.88067],[73.31645,31.88189],[73.31844,31.88384],[73.31944,31.88521],[73.32227,31.88939],[73.32324,31.89045],[73.32492,31.89195],[73.32518,31.89212],[73.32586,31.89226],[73.32752,31.89329],[73.32833,31.89355],[73.3365,31.89539],[73.3371,31.89546],[73.33892,31.89595],[73.33897,31.89571],[73.33689,31.8953]]],[[[73.39036,31.88965],[73.38955,31.8896],[73.38282,31.88864],[73.37971,31.88901],[73.37751,31.8894],[73.37618,31.8898],[73.37388,31.89076],[73.36452,31.89538],[73.36467,31.89551],[73.37451,31.89062],[73.3773,31.8896],[73.38034,31.88909],[73.3829,31.8888],[73.38913,31.88967],[73.39019,31.88988],[73.39038,31.88988],[73.39036,31.88965]]],[[[73.36399,31.89564],[73.363,31.89612],[73.36215,31.89642],[73.3603,31.89691],[73.35856,31.89717],[73.35831,31.89714],[73.35773,31.89726],[73.35672,31.89732],[73.35466,31.89727],[73.34298,31.89637],[73.34155,31.89622],[73.33916,31.89575],[73.3391,31.89602],[73.34139,31.89639],[73.34346,31.8966],[73.35602,31.89753],[73.35675,31.89753],[73.35914,31.89727],[73.36074,31.89697],[73.36306,31.89624],[73.36449,31.89561],[73.3644,31.8955],[73.36399,31.89564]]],[[[73.4405,31.93304],[73.43121,31.92758],[73.41978,31.92065],[73.41972,31.92034],[73.42072,31.91664],[73.42182,31.91379],[73.42324,31.91116],[73.42756,31.90448],[73.42821,31.90308],[73.42869,31.90157],[73.42893,31.8997],[73.42893,31.898],[73.42865,31.89709],[73.42779,31.8954],[73.42621,31.89303],[73.42359,31.89068],[73.42312,31.89038],[73.42054,31.88828],[73.41927,31.88753],[73.41742,31.88663],[73.41467,31.88566],[73.41051,31.88529],[73.40872,31.88539],[73.40753,31.88556],[73.40579,31.88598],[73.39573,31.88923],[73.39461,31.8895],[73.39338,31.88969],[73.39226,31.88976],[73.39058,31.88969],[73.39057,31.88989],[73.39227,31.88993],[73.39499,31.88967],[73.40598,31.88607],[73.40745,31.88578],[73.40976,31.88555],[73.41092,31.88552],[73.41349,31.8857],[73.41474,31.8859],[73.41674,31.8866],[73.41804,31.88714],[73.41942,31.88787],[73.42102,31.88895],[73.42499,31.89218],[73.42618,31.89333],[73.42709,31.8946],[73.42798,31.89616],[73.42843,31.89711],[73.42858,31.89752],[73.42873,31.89843],[73.42872,31.89966],[73.42859,31.90078],[73.42849,31.90127],[73.42834,31.90142],[73.42826,31.90231],[73.42806,31.90288],[73.42717,31.90481],[73.42657,31.90554],[73.42608,31.90651],[73.42313,31.91099],[73.42231,31.91237],[73.42149,31.91413],[73.42082,31.9158],[73.42046,31.91697],[73.41967,31.91992],[73.41965,31.92073],[73.41992,31.921],[73.42686,31.9252],[73.44045,31.93325],[73.44057,31.93312],[73.4405,31.93304]]]]}},{"type":"Feature","properties":{"lu":"Water Body","ct":"Existing","a":16.762},"geometry":{"type":"MultiPolygon","coordinates":[[[[73.30072,31.86764],[73.30349,31.86757],[73.31402,31.86592],[73.31678,31.86515],[73.31776,31.86464],[73.31899,31.86381],[73.32023,31.86245],[73.32093,31.86152],[73.32697,31.8523],[73.32895,31.84963],[73.33121,31.84439],[73.33608,31.83425],[73.33711,31.83133],[73.33683,31.83123],[73.33589,31.83427],[73.33518,31.83556],[73.33257,31.84131],[73.33048,31.84566],[73.32893,31.84949],[73.32696,31.8521],[73.32014,31.86245],[73.31885,31.86377],[73.3183,31.86421],[73.31699,31.86497],[73.31627,31.86526],[73.314,31.86585],[73.30566,31.86722],[73.30371,31.8675],[73.30264,31.86756],[73.29952,31.86755],[73.29133,31.86592],[73.29113,31.86596],[73.28496,31.86479],[73.28496,31.86485],[73.2992,31.86754],[73.29993,31.86765],[73.30072,31.86764]]]]}},{"type":"Feature","properties":{"lu":"Water Body","ct":"Existing","a":18.406},"geometry":{"type":"MultiPolygon","coordinates":[[[[73.27066,31.90571],[73.27057,31.90542],[73.27102,31.9053],[73.27107,31.905],[73.27041,31.90494],[73.2704,31.90479],[73.27007,31.90474],[73.27004,31.90464],[73.2694,31.90463],[73.26938,31.90483],[73.26852,31.90483],[73.26835,31.90446],[73.26841,31.90369],[73.26881,31.90367],[73.26889,31.9032],[73.26917,31.90317],[73.26917,31.90308],[73.26928,31.90308],[73.26928,31.90285],[73.26943,31.90282],[73.26939,31.90254],[73.26858,31.90258],[73.26855,31.90325],[73.268,31.90327],[73.26808,31.90391],[73.26745,31.90397],[73.26752,31.90415],[73.26729,31.90425],[73.26718,31.90412],[73.26866,31.90655],[73.26952,31.90662],[73.26942,31.9072],[73.26999,31.90726],[73.27088,31.90626],[73.27066,31.90571]],[[73.2684,31.90575],[73.26844,31.90581],[73.26836,31.90585],[73.26831,31.90578],[73.2684,31.90575]]]]}},{"type":"Feature","properties":{"lu":"Water Body","ct":"Existing","a":1.286},"geometry":{"type":"MultiPolygon","coordinates":[[[[73.28496,31.86479],[73.27586,31.86343],[73.27585,31.86351],[73.27698,31.86371],[73.28039,31.86414],[73.28496,31.86485],[73.28496,31.86479]]]]}},{"type":"Feature","properties":{"lu":"Park and Open Spaces","ct":"Existing","a":0.083},"geometry":{"type":"MultiPolygon","coordinates":[[[[73.26196,31.9047],[73.26185,31.90475],[73.26184,31.90487],[73.26203,31.90485],[73.26196,31.9047]]]]}},{"type":"Feature","properties":{"lu":"Water Body","ct":"Existing","a":0.011},"geometry":{"type":"MultiPolygon","coordinates":[[[[73.51723,31.86948],[73.51707,31.86947],[73.51704,31.86948],[73.51718,31.86951],[73.51723,31.86948]]]]}},{"type":"Feature","properties":{"lu":"Water Body","ct":"Existing","a":0.022},"geometry":{"type":"MultiPolygon","coordinates":[[[[73.51413,31.87067],[73.51426,31.87084],[73.51427,31.87084],[73.51413,31.87067]]],[[[73.51449,31.87114],[73.51589,31.87295],[73.51628,31.87345],[73.51572,31.87273],[73.51454,31.8712],[73.5145,31.87114],[73.51449,31.87114]]]]}},{"type":"Feature","properties":{"lu":"Water Body","ct":"Existing","a":6.449},"geometry":{"type":"MultiPolygon","coordinates":[[[[73.4712,31.88864],[73.46958,31.88857],[73.46962,31.88863],[73.4717,31.88871],[73.4712,31.88864]]],[[[73.53012,31.88963],[73.52996,31.88991],[73.52978,31.89089],[73.52933,31.89132],[73.52958,31.89118],[73.52982,31.89087],[73.53001,31.88982],[73.5302,31.8896],[73.53012,31.88963]]],[[[73.53149,31.89016],[73.5305,31.88936],[73.53038,31.8894],[73.53049,31.88939],[73.53281,31.89132],[73.53316,31.89159],[73.53321,31.89156],[73.53149,31.89016]]],[[[73.52877,31.89153],[73.52832,31.89177],[73.52751,31.89197],[73.52658,31.89204],[73.50186,31.8899],[73.47672,31.88891],[73.50169,31.88995],[73.5262,31.89207],[73.52773,31.89197],[73.52894,31.89151],[73.52877,31.89153]]]]}},{"type":"Feature","properties":{"lu":"Water Body","ct":"Existing","a":662.562,"nm":"Canal"},"geometry":{"type":"MultiPolygon","coordinates":[[[[73.55884,31.91182],[73.55269,31.90763],[73.551,31.90656],[73.54943,31.90542],[73.5472,31.90401],[73.54338,31.90069],[73.54089,31.89871],[73.53746,31.89642],[73.53607,31.89567],[73.53618,31.89554],[73.53284,31.89413],[73.53152,31.89366],[73.53045,31.89311],[73.52981,31.89294],[73.5262,31.89227],[73.52212,31.89178],[73.50184,31.89001],[73.46458,31.88851],[73.45742,31.88809],[73.45294,31.88732],[73.45041,31.88664],[73.43474,31.88093],[73.43273,31.88031],[73.43148,31.87975],[73.43021,31.87933],[73.42483,31.87728],[73.41434,31.87344],[73.4103,31.87205],[73.40864,31.87134],[73.39488,31.8663],[73.38259,31.86171],[73.38056,31.86089],[73.37829,31.85965],[73.37543,31.85786],[73.3601,31.84513],[73.35463,31.84075],[73.35191,31.83836],[73.34808,31.83547],[73.34617,31.83435],[73.34429,31.83335],[73.34071,31.83184],[73.33818,31.83101],[73.33535,31.83034],[73.33202,31.82981],[73.32977,31.82962],[73.32731,31.82959],[73.3257,31.82966],[73.32228,31.83004],[73.31496,31.83131],[73.2903,31.83529],[73.28845,31.83552],[73.28433,31.83572],[73.28153,31.83566],[73.27805,31.8354],[73.27623,31.83498],[73.27031,31.83251],[73.26489,31.82929],[73.25534,31.82235],[73.22267,31.79905],[73.22209,31.79865],[73.22165,31.79904],[73.23745,31.81023],[73.26563,31.83043],[73.26737,31.8315],[73.26948,31.83256],[73.2697,31.83275],[73.27188,31.8338],[73.27648,31.83562],[73.27734,31.83582],[73.27858,31.83599],[73.27988,31.836],[73.28205,31.8362],[73.28754,31.83602],[73.29098,31.83573],[73.31991,31.8309],[73.32277,31.83046],[73.32538,31.83015],[73.3283,31.83003],[73.33123,31.83019],[73.33301,31.83038],[73.33528,31.83083],[73.3397,31.83198],[73.34281,31.83325],[73.34492,31.83424],[73.34775,31.83588],[73.35026,31.83778],[73.35969,31.84573],[73.37462,31.85792],[73.37878,31.86055],[73.38118,31.86173],[73.38925,31.8648],[73.40209,31.86953],[73.40543,31.87069],[73.42447,31.8778],[73.43279,31.88073],[73.44455,31.88514],[73.45021,31.88709],[73.45264,31.88774],[73.45506,31.88827],[73.45684,31.88855],[73.46139,31.88886],[73.46246,31.88886],[73.46329,31.88898],[73.47898,31.88954],[73.49361,31.89026],[73.49534,31.89032],[73.49645,31.89026],[73.4975,31.89042],[73.50249,31.89055],[73.52197,31.89223],[73.52505,31.89256],[73.52967,31.89339],[73.53008,31.89351],[73.55541,31.91127],[73.55742,31.91259],[73.55888,31.91206],[73.56147,31.91379],[73.56191,31.91427],[73.56194,31.91445],[73.56279,31.91503],[73.56349,31.91429],[73.55952,31.91158],[73.55884,31.91182]],[[73.55339,31.90911],[73.53844,31.8987],[73.53206,31.89416],[73.53418,31.89493],[73.53612,31.89581],[73.5378,31.89677],[73.54055,31.8987],[73.54322,31.90072],[73.54783,31.90467],[73.55822,31.91157],[73.55856,31.91192],[73.55788,31.91217],[73.55339,31.90911]]],[[[73.61982,31.96085],[73.61945,31.96135],[73.61732,31.95997],[73.61358,31.95744],[73.60844,31.95378],[73.60444,31.9511],[73.60382,31.95077],[73.59834,31.94686],[73.59554,31.94443],[73.59262,31.94105],[73.59138,31.93926],[73.58987,31.93671],[73.58965,31.93658],[73.58818,31.93469],[73.58698,31.93285],[73.58617,31.93182],[73.58425,31.9297],[73.5824,31.92785],[73.5818,31.92736],[73.58016,31.92624],[73.57968,31.92579],[73.57626,31.92369],[73.57179,31.92071],[73.57054,31.9197],[73.56966,31.91921],[73.56895,31.91891],[73.56868,31.91863],[73.56717,31.91761],[73.56565,31.91644],[73.5643,31.91565],[73.5644,31.91547],[73.56594,31.91633],[73.56617,31.91608],[73.56364,31.91439],[73.56295,31.91514],[73.57315,31.92203],[73.57986,31.92646],[73.582,31.92806],[73.58304,31.92899],[73.58518,31.93117],[73.58642,31.93268],[73.58917,31.93658],[73.59016,31.93774],[73.59237,31.94092],[73.59529,31.94436],[73.59668,31.94572],[73.59859,31.94727],[73.59997,31.94813],[73.60394,31.95099],[73.60805,31.95373],[73.60866,31.95426],[73.61787,31.96057],[73.61817,31.96089],[73.61957,31.96183],[73.62035,31.9622],[73.6221,31.96363],[73.62581,31.96739],[73.63605,31.9785],[73.63891,31.98174],[73.64217,31.98527],[73.64362,31.98697],[73.65057,31.99452],[73.65387,31.99828],[73.66093,32.00579],[73.66228,32.00739],[73.6673,32.01278],[73.67071,32.01667],[73.67104,32.0165],[73.67034,32.01562],[73.66509,32.00986],[73.62902,31.97035],[73.62393,31.96502],[73.62109,31.96217],[73.62059,31.96136],[73.61982,31.96085]]]]}},{"type":"Feature","properties":{"lu":"Water Body","ct":"Existing","a":4.214},"geometry":{"type":"MultiPolygon","coordinates":[[[[73.49692,31.83671],[73.50088,31.82245],[73.50115,31.82055],[73.50118,31.81863],[73.50104,31.82126],[73.50076,31.82287],[73.49654,31.8379],[73.49609,31.84045],[73.4961,31.84203],[73.49628,31.84408],[73.49655,31.84544],[73.49707,31.84728],[73.49759,31.84846],[73.49859,31.85037],[73.49962,31.8519],[73.50051,31.85297],[73.49869,31.85046],[73.49767,31.84854],[73.49697,31.84683],[73.49647,31.84493],[73.49619,31.84292],[73.49616,31.84033],[73.49659,31.8379],[73.49692,31.83671]]],[[[73.50363,31.85695],[73.50348,31.85676],[73.50329,31.85652],[73.50294,31.85608],[73.50269,31.85575],[73.50243,31.85543],[73.50217,31.85509],[73.50196,31.85484],[73.50171,31.85451],[73.50135,31.85405],[73.50113,31.85377],[73.50083,31.85338],[73.50077,31.85331],[73.50073,31.85331],[73.50091,31.85355],[73.50101,31.85368],[73.50154,31.85435],[73.50201,31.85495],[73.50241,31.85546],[73.50278,31.85592],[73.50279,31.85593],[73.50327,31.85654],[73.50345,31.85678],[73.5036,31.85697],[73.50364,31.85696],[73.50363,31.85695]]]]}},{"type":"Feature","properties":{"lu":"Water Body","ct":"Existing","a":18.64},"geometry":{"type":"MultiPolygon","coordinates":[[[[73.49719,31.90813],[73.48972,31.90054],[73.48873,31.89963],[73.48798,31.89935],[73.48721,31.89917],[73.48698,31.89879],[73.48567,31.89751],[73.48315,31.89661],[73.48151,31.89621],[73.4811,31.89621],[73.48078,31.89657],[73.48046,31.89705],[73.48013,31.89831],[73.48006,31.89833],[73.45552,31.89828],[73.44144,31.90335],[73.44059,31.90348],[73.43996,31.90338],[73.43006,31.89818],[73.42919,31.89777],[73.42884,31.89772],[73.42887,31.89781],[73.42904,31.89781],[73.43986,31.9034],[73.44072,31.90356],[73.44126,31.90349],[73.45556,31.89835],[73.48026,31.89845],[73.4806,31.89703],[73.48113,31.89633],[73.48138,31.89627],[73.48312,31.89667],[73.485,31.89731],[73.48573,31.89771],[73.48713,31.89924],[73.48746,31.89939],[73.48823,31.89953],[73.48885,31.89981],[73.49689,31.90792],[73.49755,31.90896],[73.49765,31.90895],[73.49719,31.90813]]],[[[73.49881,31.91098],[73.49777,31.90916],[73.49766,31.90917],[73.49879,31.9111],[73.50005,31.91209],[73.50016,31.91208],[73.49881,31.91098]]],[[[73.5003059,31.9122907],[73.5004272,31.9122828],[73.5004271,31.9122828],[73.5003059,31.9122906],[73.5003059,31.9122907]]],[[[73.50456,31.91555],[73.50477,31.91573],[73.50475,31.91556],[73.50474,31.91554],[73.50456,31.91555]]],[[[73.50503,31.91577],[73.50503,31.9158],[73.50507,31.9158],[73.50503,31.91577]]],[[[73.50544,31.91626],[73.50583,31.91651],[73.506,31.91649],[73.50545,31.91604],[73.50511,31.91603],[73.50544,31.91626]]]]}},{"type":"Feature","properties":{"lu":"Water Body","ct":"Existing","a":2.527},"geometry":{"type":"MultiPolygon","coordinates":[[[[73.46736,31.86049],[73.46298,31.85857],[73.46193,31.85806],[73.4606,31.85725],[73.45872,31.85577],[73.45634,31.85346],[73.45576,31.85293],[73.45571,31.85295],[73.45879,31.85586],[73.46045,31.85719],[73.46158,31.8579],[73.46284,31.85855],[73.46753,31.86061],[73.46736,31.86049]]],[[[73.49177,31.87884],[73.49703,31.88517],[73.49737,31.88571],[73.49766,31.88644],[73.49779,31.88723],[73.49765,31.88974],[73.49782,31.88712],[73.49771,31.88647],[73.4974,31.8857],[73.49694,31.885],[73.49177,31.87884]]]]}},{"type":"Feature","properties":{"lu":"Water Body","ct":"Existing","a":0.766},"geometry":{"type":"MultiPolygon","coordinates":[[[[73.47166,31.88866],[73.4717,31.88871],[73.47565,31.88886],[73.47672,31.88891],[73.48515,31.88922],[73.48314,31.88915],[73.48152,31.88908],[73.47904,31.88898],[73.47695,31.8889],[73.47429,31.88875],[73.47324,31.88874],[73.47166,31.88866]]]]}},{"type":"Feature","properties":{"lu":"Water Body","ct":"Existing","a":0.87},"geometry":{"type":"MultiPolygon","coordinates":[[[[73.50448,31.85801],[73.5036,31.85697],[73.50453,31.85808],[73.50448,31.85801]]],[[[73.50929,31.86413],[73.5092,31.86401],[73.50893,31.86367],[73.50855,31.86318],[73.50814,31.86265],[73.50782,31.86225],[73.50741,31.86173],[73.50716,31.86141],[73.50682,31.86098],[73.50655,31.86064],[73.50631,31.86033],[73.50626,31.86027],[73.50614,31.86012],[73.50595,31.85988],[73.50583,31.85972],[73.50561,31.85944],[73.50543,31.85922],[73.50519,31.85892],[73.505,31.85867],[73.50469,31.85827],[73.50465,31.85823],[73.5046,31.85823],[73.50467,31.85832],[73.50517,31.85895],[73.5056,31.85949],[73.50586,31.85982],[73.50602,31.86002],[73.50641,31.86053],[73.50681,31.86103],[73.50732,31.86168],[73.50739,31.86175],[73.50775,31.86223],[73.50814,31.86273],[73.50856,31.86326],[73.50888,31.86367],[73.50891,31.86371],[73.50916,31.86403],[73.50925,31.86416],[73.50927,31.86414],[73.50929,31.86413]]]]}},{"type":"Feature","properties":{"lu":"Water Body","ct":"Existing","a":0.001},"geometry":{"type":"MultiPolygon","coordinates":[[[[73.50107,31.85463],[73.50122,31.85483],[73.50118,31.85478],[73.50107,31.85463]]]]}},{"type":"Feature","properties":{"lu":"Park and Open Spaces","ct":"Existing","a":0.434},"geometry":{"type":"MultiPolygon","coordinates":[[[[73.50927,31.86414],[73.50891,31.86371],[73.50871,31.8638],[73.5092,31.8644],[73.50943,31.86435],[73.50927,31.86414]]]]}},{"type":"Feature","properties":{"lu":"Water Body","ct":"Existing","a":2.554},"geometry":{"type":"MultiPolygon","coordinates":[[[[73.2646,31.89156],[73.2646,31.89119],[73.26479,31.89116],[73.26479,31.89057],[73.26459,31.89058],[73.26457,31.8907],[73.2642,31.89073],[73.26416,31.89103],[73.26386,31.89105],[73.26379,31.89123],[73.26362,31.89114],[73.26345,31.89122],[73.26361,31.89129],[73.26368,31.89152],[73.26385,31.8916],[73.26391,31.89171],[73.26412,31.8917],[73.26428,31.89199],[73.26471,31.89202],[73.26462,31.89189],[73.2646,31.89156]]]]}},{"type":"Feature","properties":{"lu":"Water Body","ct":"Existing","a":245.491,"nm":"Canal"},"geometry":{"type":"MultiPolygon","coordinates":[[[[73.56158,31.91466],[73.55816,31.91235],[73.55742,31.91259],[73.56214,31.91574],[73.56253,31.91532],[73.56158,31.91466]]],[[[73.6684,32.0158],[73.66743,32.01437],[73.66632,32.01306],[73.64021,31.98432],[73.6361,31.97986],[73.62351,31.96658],[73.6206,31.96333],[73.61992,31.96282],[73.61933,31.96251],[73.61851,31.96173],[73.61735,31.96107],[73.59563,31.946],[73.59432,31.94477],[73.59372,31.94405],[73.58808,31.93607],[73.58503,31.93196],[73.58364,31.9304],[73.58226,31.9291],[73.5802,31.92737],[73.57233,31.92193],[73.56268,31.91542],[73.56229,31.91584],[73.57799,31.92655],[73.58022,31.92817],[73.58273,31.93041],[73.58446,31.93226],[73.58561,31.93374],[73.5935,31.94479],[73.59494,31.94619],[73.59724,31.94789],[73.61541,31.96046],[73.61986,31.96362],[73.62955,31.97388],[73.6348,31.97933],[73.65739,32.00414],[73.66689,32.01469],[73.6687,32.01757],[73.66932,32.01735],[73.6684,32.0158]]]]}},{"type":"Feature","properties":{"lu":"Water Body","ct":"Existing","a":1.872},"geometry":{"type":"MultiPolygon","coordinates":[[[[73.36758,32.04822],[73.36595,32.04595],[73.36573,32.04609],[73.36738,32.04837],[73.36758,32.04822]]]]}},{"type":"Feature","properties":{"lu":"Oil Depot Buffer Zone","ct":"Proposed","a":48.09},"geometry":{"type":"MultiPolygon","coordinates":[[[[73.70664,32.08079],[73.70473,32.07972],[73.70458,32.08089],[73.70386,32.08084],[73.7038,32.08144],[73.70314,32.08137],[73.70315,32.08077],[73.70251,32.08073],[73.70194,32.08127],[73.70193,32.08139],[73.70232,32.0816],[73.70221,32.0819],[73.70184,32.08227],[73.70182,32.08247],[73.70296,32.0826],[73.70283,32.0838],[73.70169,32.0837],[73.70167,32.08389],[73.70213,32.08442],[73.70685,32.08478],[73.70723,32.08124],[73.70665,32.08112],[73.70664,32.08079]]]]}},{"type":"Feature","properties":{"lu":"Water Body","ct":"Existing","a":0.0},"geometry":{"type":"MultiPolygon","coordinates":[[[[73.49474,31.8437],[73.49473,31.8437],[73.49475,31.84375],[73.49474,31.8437]]]]}},{"type":"Feature","properties":{"lu":"Water Body","ct":"Existing","a":0.002},"geometry":{"type":"MultiPolygon","coordinates":[[[[73.49713,31.8487],[73.49715,31.84873],[73.49726,31.84892],[73.49713,31.8487]]]]}},{"type":"Feature","properties":{"lu":"Water Body","ct":"Existing","a":0.035},"geometry":{"type":"MultiPolygon","coordinates":[[[[73.49742,31.8492],[73.49779,31.84982],[73.498,31.85014],[73.49767,31.84959],[73.49742,31.8492]]]]}},{"type":"Feature","properties":{"lu":"Water Body","ct":"Existing","a":0.401},"geometry":{"type":"MultiPolygon","coordinates":[[[[73.50016,31.85291],[73.49813,31.85032],[73.49864,31.85108],[73.5002,31.85297],[73.50016,31.85291]]],[[[73.50043,31.8533],[73.50064,31.85357],[73.50045,31.8533],[73.50043,31.8533]]]]}},{"type":"Feature","properties":{"lu":"Water Body","ct":"Existing","a":22.593},"geometry":{"type":"MultiPolygon","coordinates":[[[[73.49932,31.85193],[73.49864,31.85108],[73.49779,31.84982],[73.49667,31.84781],[73.49556,31.84518],[73.4949,31.84301],[73.49466,31.84195],[73.49438,31.83982],[73.49433,31.83697],[73.49458,31.83387],[73.49438,31.83105],[73.49409,31.82961],[73.49344,31.82754],[73.49295,31.82633],[73.49208,31.82451],[73.49175,31.82473],[73.4926,31.82642],[73.49314,31.82771],[73.49378,31.8298],[73.49405,31.83133],[73.49421,31.83282],[73.49421,31.83442],[73.49409,31.83589],[73.4941,31.83657],[73.494,31.83726],[73.49399,31.83885],[73.49411,31.8408],[73.49431,31.84198],[73.49476,31.84381],[73.49544,31.84589],[73.496,31.84716],[73.49782,31.85009],[73.50016,31.85297],[73.49932,31.85193]],[[73.5004254,31.8533011],[73.5004264,31.8533024],[73.5004255,31.8533011],[73.5004254,31.8533011]]]]}},{"type":"Feature","properties":{"lu":"Water Body","ct":"Existing","a":20.923},"geometry":{"type":"MultiPolygon","coordinates":[[[[73.51413,31.87067],[73.51397,31.87068],[73.51411,31.87086],[73.51426,31.87084],[73.51413,31.87067]]],[[[73.52931,31.89129],[73.52671,31.88731],[73.52511,31.88469],[73.52318,31.88211],[73.51449,31.87114],[73.51435,31.87116],[73.51874,31.87672],[73.51858,31.87689],[73.52268,31.88206],[73.52481,31.88496],[73.52659,31.88767],[73.52981,31.89294],[73.53045,31.89311],[73.53034,31.89277],[73.52931,31.89129]]]]}},{"type":"Feature","properties":{"lu":"Water Body","ct":"Existing","a":0.004},"geometry":{"type":"MultiPolygon","coordinates":[[[[73.51102,31.86732],[73.51103,31.86734],[73.51186,31.86839],[73.51189,31.86842],[73.51102,31.86732]]]]}},{"type":"Feature","properties":{"lu":"Water Body","ct":"Existing","a":0.221},"geometry":{"type":"MultiPolygon","coordinates":[[[[73.51349,31.87044],[73.51385,31.8709],[73.51387,31.8709],[73.51349,31.87044]]],[[[73.51408,31.8712],[73.5143,31.87148],[73.51599,31.87358],[73.51448,31.87163],[73.51412,31.87119],[73.51408,31.8712]]]]}},{"type":"Feature","properties":{"lu":"Water Body","ct":"Existing","a":0.009},"geometry":{"type":"MultiPolygon","coordinates":[[[[73.49754,31.84996],[73.49781,31.8504],[73.49792,31.85055],[73.49754,31.84996]]]]}},{"type":"Feature","properties":{"lu":"Water Body","ct":"Existing","a":0.008},"geometry":{"type":"MultiPolygon","coordinates":[[[[73.50421,31.85862],[73.50465,31.85919],[73.50559,31.86036],[73.50491,31.85951],[73.50421,31.85862]]]]}},{"type":"Feature","properties":{"lu":"Water Body","ct":"Existing","a":0.045},"geometry":{"type":"MultiPolygon","coordinates":[[[[73.50502,31.85917],[73.50571,31.86006],[73.50599,31.8604],[73.50556,31.85983],[73.50502,31.85917]]]]}},{"type":"Feature","properties":{"lu":"Water Body","ct":"Existing","a":0.053},"geometry":{"type":"MultiPolygon","coordinates":[[[[73.50579,31.86061],[73.50687,31.86198],[73.50796,31.86336],[73.50816,31.8636],[73.50761,31.86291],[73.50658,31.86162],[73.50579,31.86061]]]]}},{"type":"Feature","properties":{"lu":"Water Body","ct":"Existing","a":14.798},"geometry":{"type":"MultiPolygon","coordinates":[[[[73.49782,31.85009],[73.496,31.84716],[73.49682,31.84881],[73.49811,31.85084],[73.49977,31.85298],[73.50016,31.85297],[73.49782,31.85009]]],[[[73.5079,31.86274],[73.50571,31.86006],[73.50043,31.8533],[73.50002,31.8533],[73.50888,31.8645],[73.50917,31.86442],[73.5079,31.86274]]]]}},{"type":"Feature","properties":{"lu":"Water Body","ct":"Existing","a":8.197},"geometry":{"type":"MultiPolygon","coordinates":[[[[73.51397,31.87068],[73.5141,31.87063],[73.51133,31.86714],[73.51099,31.86728],[73.51387,31.8709],[73.51411,31.87086],[73.51397,31.87068]]],[[[73.51432,31.87117],[73.51412,31.87119],[73.51858,31.87689],[73.51874,31.87672],[73.51432,31.87117]]]]}},{"type":"Feature","properties":{"lu":"Water Body","ct":"Existing","a":1.98},"geometry":{"type":"MultiPolygon","coordinates":[[[[73.46927,31.86135],[73.46754,31.86057],[73.47133,31.86224],[73.46927,31.86135]]],[[[73.48117,31.86687],[73.47929,31.86572],[73.47861,31.86541],[73.4735,31.86315],[73.47169,31.86243],[73.47952,31.86588],[73.48102,31.86682],[73.48177,31.8674],[73.48185,31.86739],[73.48117,31.86687]]],[[[73.48295,31.86834],[73.48195,31.86754],[73.48395,31.86944],[73.48295,31.86834]]]]}},{"type":"Feature","properties":{"lu":"Water Body","ct":"Existing","a":0.878},"geometry":{"type":"MultiPolygon","coordinates":[[[[73.48722,31.87335],[73.48583,31.87175],[73.48805,31.87434],[73.48722,31.87335]]],[[[73.49147,31.87846],[73.48824,31.87465],[73.493,31.88036],[73.49147,31.87846]]]]}},{"type":"Feature","properties":{"lu":"Water Body","ct":"Existing","a":1.627},"geometry":{"type":"MultiPolygon","coordinates":[[[[73.50898,31.85664],[73.50896,31.8556],[73.50881,31.8556],[73.50895,31.85743],[73.50906,31.85741],[73.50898,31.85664]]],[[[73.50946,31.85968],[73.50908,31.85758],[73.50896,31.85759],[73.50934,31.85982],[73.50953,31.86057],[73.50968,31.86056],[73.50946,31.85968]]]]}},{"type":"Feature","properties":{"lu":"Water Body","ct":"Existing","a":1.611},"geometry":{"type":"MultiPolygon","coordinates":[[[[73.51707,31.86947],[73.51729,31.86938],[73.51671,31.86922],[73.51343,31.8674],[73.51324,31.86744],[73.51604,31.86904],[73.51689,31.86946],[73.51707,31.86947]]]]}},{"type":"Feature","properties":{"lu":"Water Body","ct":"Existing","a":93.014},"geometry":{"type":"MultiPolygon","coordinates":[[[[73.51345,32.00271],[73.49786,31.99215],[73.48483,31.98342],[73.4846,31.98318],[73.47847,31.97903],[73.47756,31.97852],[73.4646,31.96978],[73.46447,31.96983],[73.46443,31.96966],[73.46116,31.96747],[73.45917,31.96603],[73.45424,31.96278],[73.45428,31.96274],[73.45057,31.96029],[73.44337,31.95533],[73.44177,31.95429],[73.44119,31.95403],[73.44054,31.95362],[73.4399,31.95307],[73.43901,31.95247],[73.43899,31.9526],[73.43955,31.9529],[73.44038,31.95358],[73.44128,31.95414],[73.44056,31.95417],[73.43974,31.95458],[73.43864,31.95476],[73.43864,31.95484],[73.43973,31.95468],[73.44068,31.95425],[73.44124,31.95424],[73.44178,31.9545],[73.45149,31.961],[73.45154,31.96094],[73.45169,31.96104],[73.45164,31.9611],[73.45414,31.9628],[73.45405,31.96285],[73.45566,31.96386],[73.46368,31.96929],[73.46431,31.9698],[73.47118,31.97437],[73.47244,31.97532],[73.47829,31.97916],[73.48449,31.98341],[73.48495,31.98362],[73.49586,31.99099],[73.49592,31.99111],[73.49774,31.99225],[73.51451,32.00357],[73.51438,32.00346],[73.51446,32.0034],[73.51345,32.00271]],[[73.44145,31.95419],[73.44135,31.95416],[73.4414,31.95417],[73.44145,31.95419]],[[73.45419,31.96275],[73.45414,31.96271],[73.45419,31.96274],[73.45419,31.96275]],[[73.4542,31.96286],[73.45419,31.96283],[73.45434,31.96293],[73.4542,31.96286]],[[73.45523,31.96353],[73.45488,31.9633],[73.45882,31.96596],[73.45523,31.96353]],[[73.46176,31.96794],[73.46068,31.96721],[73.46199,31.9681],[73.46176,31.96794]],[[73.46276,31.96861],[73.46236,31.96834],[73.46391,31.96939],[73.46276,31.96861]],[[73.46472,31.96998],[73.46467,31.96994],[73.46498,31.97014],[73.46472,31.96998]],[[73.4654,31.97043],[73.46512,31.97024],[73.46788,31.9721],[73.4654,31.97043]],[[73.47071,31.97401],[73.46987,31.97344],[73.47111,31.97428],[73.47071,31.97401]],[[73.47264,31.97532],[73.47189,31.97482],[73.47555,31.97727],[73.47264,31.97532]],[[73.47833,31.97912],[73.47812,31.97898],[73.47916,31.97968],[73.47833,31.97912]],[[73.4857,31.98409],[73.48564,31.98406],[73.48573,31.98412],[73.4857,31.98409]],[[73.48846,31.98594],[73.48835,31.98586],[73.48924,31.98647],[73.48846,31.98594]],[[73.49156,31.98804],[73.49101,31.98765],[73.49242,31.98861],[73.49156,31.98804]],[[73.49573,31.99083],[73.49488,31.99026],[73.49435,31.9899],[73.49473,31.99016],[73.49571,31.99082],[73.49573,31.99083]],[[73.49601,31.9911],[73.49596,31.99103],[73.49639,31.99132],[73.49601,31.9911]],[[73.49759,31.99211],[73.49745,31.99202],[73.49776,31.9922],[73.49759,31.99211]],[[73.49868,31.99284],[73.49825,31.99253],[73.49986,31.99363],[73.49976,31.99357],[73.49868,31.99284]],[[73.50876,31.99963],[73.50696,31.99841],[73.50931,32.0],[73.50876,31.99963]],[[73.51324,32.00267],[73.51322,32.00266],[73.51296,32.00248],[73.51314,32.0026],[73.51324,32.00267]]],[[[73.62946,32.06661],[73.57284,32.03358],[73.57217,32.03335],[73.5381,32.01861],[73.53621,32.01774],[73.53443,32.01677],[73.52722,32.01202],[73.51461,32.0035],[73.51452,32.00358],[73.5329,32.01603],[73.53616,32.01791],[73.54165,32.02044],[73.55081,32.02439],[73.55549,32.02629],[73.57244,32.03363],[73.57462,32.03479],[73.5798,32.03781],[73.59849,32.0488],[73.63116,32.06782],[73.63116,32.06763],[73.62946,32.06661]],[[73.51741,32.00545],[73.51669,32.00496],[73.51621,32.00465],[73.51573,32.00434],[73.51502,32.00386],[73.51506,32.00388],[73.5169,32.0051],[73.51741,32.00545]]]]}},{"type":"Feature","properties":{"lu":"Water Body","ct":"Existing","a":11.649},"geometry":{"type":"MultiPolygon","coordinates":[[[[73.65371,32.0871],[73.65272,32.08504],[73.65066,32.08174],[73.64767,32.0784],[73.64531,32.07624],[73.64284,32.07447],[73.64,32.07278],[73.63986,32.07294],[73.64274,32.07465],[73.64462,32.07601],[73.64697,32.07797],[73.64838,32.07937],[73.65062,32.08212],[73.65241,32.08499],[73.65344,32.08723],[73.65371,32.0871]]]]}},{"type":"Feature","properties":{"lu":"Water Body","ct":"Existing","a":19.077},"geometry":{"type":"MultiPolygon","coordinates":[[[[73.65601,32.09249],[73.65369,32.0872],[73.65347,32.0873],[73.65484,32.09029],[73.6557,32.09249],[73.65791,32.09736],[73.65792,32.09686],[73.65601,32.09249]]],[[[73.65869,32.09906],[73.65891,32.09906],[73.6581,32.0973],[73.6581,32.09777],[73.65869,32.09906]]],[[[73.66378,32.107],[73.6624,32.10525],[73.66078,32.10271],[73.65958,32.1005],[73.65899,32.09923],[73.65877,32.09923],[73.65986,32.10162],[73.66176,32.10474],[73.66416,32.10774],[73.66495,32.10855],[73.66523,32.10855],[73.66378,32.107]]],[[[73.67178,32.11353],[73.66812,32.1111],[73.66648,32.10975],[73.66541,32.10872],[73.66512,32.10872],[73.66703,32.11048],[73.66835,32.11149],[73.67159,32.1137],[73.67307,32.11459],[73.67311,32.11472],[73.67327,32.1148],[73.67341,32.11459],[73.67178,32.11353]]]]}},{"type":"Feature","properties":{"lu":"Water Body","ct":"Existing","a":42.603},"geometry":{"type":"MultiPolygon","coordinates":[[[[73.732,32.13004],[73.73222,32.13],[73.73207,32.12985],[73.71926,32.12404],[73.71648,32.12295],[73.71365,32.12213],[73.71082,32.12154],[73.70754,32.12111],[73.6907,32.1205],[73.68837,32.12021],[73.68825,32.12006],[73.68624,32.11971],[73.68282,32.1189],[73.68263,32.11894],[73.6804,32.11819],[73.67845,32.1174],[73.67647,32.11642],[73.67341,32.11459],[73.67327,32.1148],[73.67481,32.11576],[73.67643,32.11665],[73.67938,32.11799],[73.6824,32.11912],[73.6851,32.11984],[73.68958,32.12056],[73.69124,32.12075],[73.70749,32.12137],[73.71015,32.12168],[73.71286,32.12211],[73.71797,32.12384],[73.73039,32.12945],[73.732,32.13004]]]]}},{"type":"Feature","properties":{"lu":"Water Body","ct":"Existing","a":78.186},"geometry":{"type":"MultiPolygon","coordinates":[[[[73.46873,31.93177],[73.46565,31.93299],[73.46514,31.93331],[73.46456,31.93387],[73.46422,31.93445],[73.46058,31.94263],[73.46,31.94339],[73.45911,31.94396],[73.45836,31.94422],[73.45322,31.94455],[73.45174,31.94448],[73.45062,31.94419],[73.44941,31.94366],[73.44849,31.94304],[73.4473,31.9417],[73.44134,31.9339],[73.44057,31.93312],[73.44044,31.93326],[73.44117,31.93385],[73.44324,31.93648],[73.44758,31.94233],[73.44863,31.94335],[73.45002,31.94411],[73.45156,31.94451],[73.45232,31.9446],[73.45411,31.94456],[73.45862,31.94424],[73.45967,31.94381],[73.46001,31.94355],[73.46054,31.94297],[73.46075,31.94255],[73.46452,31.93411],[73.46513,31.93344],[73.46571,31.93307],[73.46998,31.93139],[73.46992,31.93129],[73.46873,31.93177]]],[[[73.53005,31.95308],[73.52897,31.95117],[73.52782,31.94993],[73.51492,31.94063],[73.51386,31.94035],[73.50805,31.93986],[73.49429,31.93848],[73.49299,31.93813],[73.49184,31.93751],[73.47834,31.92931],[73.47745,31.92899],[73.47623,31.92893],[73.47565,31.929],[73.47007,31.93118],[73.47016,31.93133],[73.47581,31.9291],[73.47636,31.92901],[73.47744,31.92909],[73.47801,31.92926],[73.47886,31.92972],[73.49202,31.93776],[73.49305,31.93824],[73.49416,31.93858],[73.49462,31.93864],[73.51064,31.94023],[73.5134,31.94042],[73.51406,31.9405],[73.51484,31.94074],[73.52376,31.94713],[73.52584,31.94874],[73.52792,31.95017],[73.52877,31.95114],[73.5291,31.95165],[73.5329,31.9582],[73.5329,31.95844],[73.53321,31.95877],[73.53307,31.95847],[73.53311,31.95839],[73.53005,31.95308]]],[[[73.5383,31.9663],[73.53733,31.96555],[73.53569,31.96298],[73.53677,31.96491],[73.53767,31.96594],[73.53862,31.96666],[73.54218,31.9686],[73.54295,31.96928],[73.54286,31.96909],[73.54212,31.96852],[73.5383,31.9663]]],[[[73.54327,31.9695],[73.54345,31.96989],[73.54337,31.96962],[73.54327,31.9695]]],[[[73.5438,31.97852],[73.5436,31.97062],[73.54348,31.97038],[73.54372,31.97655],[73.54385,31.98357],[73.54406,31.98422],[73.54424,31.98452],[73.5447,31.98513],[73.56046,31.99524],[73.56051,31.99521],[73.54581,31.98573],[73.54465,31.98505],[73.54396,31.98364],[73.5438,31.97852]]],[[[73.6087,32.01463],[73.60709,32.0134],[73.60575,32.01221],[73.60272,32.00984],[73.59491,32.00345],[73.59415,32.00295],[73.59361,32.00282],[73.58888,32.00215],[73.5678,31.99936],[73.56697,31.9991],[73.5658,31.99851],[73.56072,31.99528],[73.56062,31.99534],[73.56614,31.99886],[73.56716,31.99928],[73.56808,31.99954],[73.57199,32.00002],[73.58522,32.00186],[73.59289,32.00281],[73.59422,32.00313],[73.59483,32.00352],[73.60271,32.01001],[73.61039,32.0162],[73.6106,32.01646],[73.61085,32.017],[73.61133,32.02078],[73.61152,32.02085],[73.61103,32.01695],[73.61089,32.01655],[73.61017,32.01573],[73.6087,32.01463]]],[[[73.63339,32.06136],[73.62638,32.05867],[73.62586,32.05845],[73.62544,32.05813],[73.62494,32.05761],[73.62355,32.05585],[73.61083,32.03963],[73.6105,32.03892],[73.61052,32.03764],[73.61225,32.02753],[73.61225,32.02682],[73.61154,32.02104],[73.61136,32.02098],[73.61209,32.02688],[73.61202,32.0281],[73.61034,32.03807],[73.6103,32.03857],[73.61047,32.03932],[73.61081,32.03984],[73.61728,32.04799],[73.6178,32.04875],[73.62253,32.05475],[73.62262,32.05495],[73.62513,32.05801],[73.6255,32.05834],[73.62607,32.05867],[73.63537,32.06229],[73.63539,32.06215],[73.63339,32.06136]]]]}},{"type":"Feature","properties":{"lu":"Water Body","ct":"Existing","a":14.105},"geometry":{"type":"MultiPolygon","coordinates":[[[[73.72444,32.10883],[73.7166,32.10261],[73.71562,32.10207],[73.71494,32.10189],[73.71386,32.10183],[73.71115,32.1021],[73.71089,32.10203],[73.71052,32.10216],[73.70965,32.10226],[73.7081,32.10283],[73.70752,32.10293],[73.703,32.10328],[73.70177,32.10363],[73.70161,32.10364],[73.70068,32.10331],[73.69972,32.10341],[73.69943,32.10353],[73.6921,32.10883],[73.69235,32.10884],[73.69933,32.10377],[73.69988,32.10349],[73.70057,32.10342],[73.70163,32.10377],[73.70279,32.10345],[73.70798,32.10297],[73.70855,32.10282],[73.70945,32.10244],[73.71004,32.10232],[73.71392,32.10191],[73.71493,32.102],[73.71565,32.10222],[73.71655,32.10277],[73.71949,32.10502],[73.72435,32.10896],[73.72729,32.11123],[73.72736,32.11117],[73.72444,32.10883]]],[[[73.69114,32.10964],[73.69118,32.10969],[73.69213,32.109],[73.69191,32.109],[73.69114,32.10964]]],[[[73.728,32.11182],[73.73467,32.11705],[73.72743,32.11134],[73.728,32.11182]]],[[[73.73535,32.11762],[73.73715,32.11901],[73.73472,32.11708],[73.73535,32.11762]]]]}},{"type":"Feature","properties":{"lu":"Water Body","ct":"Existing","a":7.809},"geometry":{"type":"MultiPolygon","coordinates":[[[[73.66266,32.04267],[73.66393,32.04208],[73.66388,32.04203],[73.66284,32.04252],[73.66197,32.04278],[73.661,32.0429],[73.65924,32.0429],[73.65764,32.04302],[73.65621,32.04345],[73.6538,32.04461],[73.65298,32.0449],[73.65187,32.04515],[73.6504,32.04512],[73.64952,32.04495],[73.64725,32.04418],[73.64705,32.04418],[73.64663,32.04441],[73.64551,32.04351],[73.63406,32.03924],[73.63245,32.03858],[73.63019,32.03729],[73.62674,32.0347],[73.62955,32.03691],[73.63089,32.0378],[73.63204,32.03844],[73.63524,32.03979],[73.64162,32.0422],[73.64554,32.0436],[73.64658,32.04446],[73.64715,32.0442],[73.64938,32.04498],[73.6502,32.04515],[73.65186,32.0452],[73.65254,32.04509],[73.6539,32.04466],[73.65605,32.04359],[73.65752,32.04314],[73.6591,32.04297],[73.66063,32.04301],[73.66157,32.04292],[73.66266,32.04267]]]]}},{"type":"Feature","properties":{"lu":"Water Body","ct":"Existing","a":3.745},"geometry":{"type":"MultiPolygon","coordinates":[[[[73.63677,32.07093],[73.63116,32.06763],[73.63116,32.06782],[73.63204,32.06832],[73.63207,32.06827],[73.6371,32.07131],[73.63711,32.07113],[73.63677,32.07093]]],[[[73.63746,32.07153],[73.63857,32.07219],[73.63897,32.07219],[73.6373,32.07124],[73.6373,32.07143],[73.63746,32.07153]]],[[[73.63926,32.07236],[73.63885,32.07236],[73.63986,32.07294],[73.64,32.07278],[73.63926,32.07236]]]]}},{"type":"Feature","properties":{"lu":"Water Body","ct":"Existing","a":0.009},"geometry":{"type":"MultiPolygon","coordinates":[[[[73.63237,32.06833],[73.63234,32.06833],[73.63243,32.06838],[73.6327,32.06854],[73.63237,32.06833]]]]}},{"type":"Feature","properties":{"lu":"Water Body","ct":"Existing","a":0.001},"geometry":{"type":"MultiPolygon","coordinates":[[[[73.637295,32.071428],[73.637295,32.07143],[73.63746,32.071526],[73.637295,32.071428]]]]}},{"type":"Feature","properties":{"lu":"Water Body","ct":"Existing","a":0.578},"geometry":{"type":"MultiPolygon","coordinates":[[[[73.63691,32.07097],[73.63439,32.06953],[73.63711,32.07113],[73.63691,32.07097]]],[[[73.63897,32.07219],[73.6391,32.07219],[73.6373,32.07119],[73.63897,32.07219]]],[[[73.63941,32.07236],[73.63926,32.07236],[73.64002,32.07276],[73.63941,32.07236]]]]}},{"type":"Feature","properties":{"lu":"Water Body","ct":"Existing","a":2011.979},"geometry":{"type":"MultiPolygon","coordinates":[[[[73.25656,32.06601],[73.25823,32.0627],[73.25838,32.06252],[73.25771,32.06153],[73.25607,32.05789],[73.25529,32.05675],[73.25393,32.05518],[73.25331,32.05431],[73.24999,32.05485],[73.24922,32.05484],[73.2468,32.0552],[73.24195,32.0597],[73.24066,32.06141],[73.24045,32.06814],[73.24368,32.06787],[73.24598,32.06784],[73.24602,32.07024],[73.2461,32.07102],[73.24584,32.07825],[73.24721,32.08001],[73.24991,32.08409],[73.25203,32.08675],[73.25248,32.08717],[73.2534,32.08741],[73.25707,32.08914],[73.26635,32.09376],[73.26695,32.09394],[73.26813,32.09651],[73.27447,32.10202],[73.27964,32.10349],[73.28649,32.10601],[73.28917,32.10835],[73.29057,32.10921],[73.29373,32.11192],[73.29338,32.1135],[73.2927,32.11563],[73.29264,32.11625],[73.2927,32.11687],[73.293,32.11775],[73.29343,32.11839],[73.294,32.11892],[73.29509,32.11967],[73.29668,32.12048],[73.29765,32.1208],[73.29865,32.12101],[73.29935,32.12108],[73.29972,32.12077],[73.30464,32.12116],[73.30472,32.1211],[73.30765,32.12138],[73.30718,32.12027],[73.30696,32.11703],[73.30661,32.11552],[73.30604,32.11379],[73.30529,32.11289],[73.30407,32.11183],[73.29762,32.1079],[73.28645,32.10382],[73.28461,32.10279],[73.28334,32.10137],[73.28168,32.09835],[73.28103,32.09753],[73.2799,32.09688],[73.27149,32.09323],[73.26961,32.09191],[73.26794,32.09045],[73.2659,32.08752],[73.26566,32.08712],[73.26543,32.08652],[73.26491,32.08581],[73.26307,32.08446],[73.26139,32.08249],[73.26082,32.0803],[73.26093,32.07866],[73.26164,32.07583],[73.26156,32.07486],[73.26125,32.07389],[73.26019,32.07262],[73.25904,32.072],[73.25641,32.07178],[73.2555,32.071],[73.25531,32.07055],[73.25527,32.06979],[73.25597,32.06728],[73.25656,32.06601]]]]}},{"type":"Feature","properties":{"lu":"Water Body","ct":"Existing","a":2171.719},"geometry":{"type":"MultiPolygon","coordinates":[[[[73.41147,32.17629],[73.39934,32.17248],[73.37564,32.15341],[73.37139,32.15464],[73.37075,32.1545],[73.36975,32.15393],[73.36811,32.15364],[73.36732,32.15336],[73.36461,32.151],[73.36111,32.14579],[73.36061,32.14425],[73.34493,32.13543],[73.31946,32.12386],[73.31407,32.12283],[73.31354,32.12766],[73.31923,32.12775],[73.31915,32.13178],[73.32286,32.13275],[73.32494,32.1334],[73.32699,32.13415],[73.32899,32.13501],[73.33142,32.13624],[73.33328,32.1374],[73.33766,32.14081],[73.34311,32.14553],[73.34516,32.14714],[73.34761,32.14854],[73.35197,32.14932],[73.3701,32.16033],[73.3738,32.16328],[73.37701,32.16676],[73.37892,32.16946],[73.37832,32.17076],[73.40235,32.17975],[73.40319,32.18001],[73.40321,32.17981],[73.41269,32.18157],[73.41147,32.17629]]]]}},{"type":"Feature","properties":{"lu":"Water Body","ct":"Existing","a":1173.772},"geometry":{"type":"MultiPolygon","coordinates":[[[[73.6666,32.3337],[73.66617,32.33339],[73.65633,32.33107],[73.64417,32.32528],[73.61812,32.31139],[73.59555,32.30155],[73.57587,32.29692],[73.55967,32.29055],[73.53707,32.279],[73.53858,32.28392],[73.53886,32.2845],[73.53929,32.28471],[73.54079,32.28599],[73.54251,32.2869],[73.55231,32.28734],[73.5605,32.29137],[73.56395,32.29256],[73.56975,32.29601],[73.57254,32.2997],[73.57409,32.3016],[73.57742,32.30303],[73.58566,32.30603],[73.58953,32.30783],[73.59667,32.30976],[73.6146,32.31492],[73.62036,32.31668],[73.62315,32.3174],[73.62726,32.31861],[73.63006,32.3198],[73.6308,32.31995],[73.63259,32.32057],[73.632,32.32138],[73.64255,32.32593],[73.65148,32.33027],[73.65229,32.32997],[73.65457,32.33139],[73.65679,32.33211],[73.65893,32.33261],[73.66357,32.33446],[73.66443,32.33461],[73.66514,32.33446],[73.6666,32.3337]]]]}},{"type":"Feature","properties":{"lu":"Water Body","ct":"Existing","a":1698.136},"geometry":{"type":"MultiPolygon","coordinates":[[[[73.51071,32.24501],[73.50989,32.23846],[73.48674,32.24078],[73.47863,32.23441],[73.47296,32.22387],[73.47169,32.22396],[73.47119,32.2241],[73.46898,32.22396],[73.46734,32.22361],[73.46562,32.22282],[73.46384,32.22218],[73.46284,32.22125],[73.46148,32.21968],[73.45998,32.21825],[73.45784,32.21761],[73.45584,32.21732],[73.45513,32.21704],[73.45277,32.21675],[73.45156,32.21682],[73.4514,32.21698],[73.45392,32.21913],[73.46005,32.22703],[73.46167,32.22875],[73.46205,32.22848],[73.46269,32.22898],[73.47211,32.2374],[73.4676,32.24075],[73.4711,32.24424],[73.47436,32.24593],[73.47436,32.24951],[73.47627,32.24854],[73.47736,32.25041],[73.47739,32.25059],[73.47854,32.25037],[73.4794,32.25045],[73.48261,32.25102],[73.4837,32.25133],[73.48885,32.24556],[73.49826,32.24153],[73.50259,32.24375],[73.50289,32.2434],[73.50555,32.24502],[73.50599,32.24721],[73.50403,32.24823],[73.50556,32.25398],[73.5072,32.26091],[73.50859,32.26137],[73.51002,32.26237],[73.51316,32.26536],[73.51452,32.26708],[73.51559,32.26815],[73.51837,32.26915],[73.52073,32.26929],[73.52268,32.26931],[73.51683,32.26509],[73.51162,32.25235],[73.51071,32.24501]]]]}},{"type":"Feature","properties":{"lu":"Water Body","ct":"Existing","a":135.28},"geometry":{"type":"MultiPolygon","coordinates":[[[[73.2493,32.04821],[73.24808,32.04647],[73.24679,32.04533],[73.24522,32.04419],[73.24237,32.04262],[73.23609,32.03836],[73.23591,32.04043],[73.23599,32.04123],[73.23645,32.04224],[73.23753,32.04406],[73.2383,32.04487],[73.24059,32.0461],[73.24425,32.04794],[73.24633,32.04917],[73.24707,32.04838],[73.24799,32.04854],[73.2493,32.04821]]]]}},{"type":"Feature","properties":{"lu":"Water Body","ct":"Existing","a":284.214},"geometry":{"type":"MultiPolygon","coordinates":[[[[73.22664,32.02717],[73.22489,32.02598],[73.22446,32.0254],[73.22396,32.02491],[73.22267,32.02419],[73.2221,32.02362],[73.2196,32.02284],[73.21853,32.02169],[73.21601,32.01958],[73.20807,32.02283],[73.21311,32.02567],[73.22258,32.03062],[73.22474,32.03185],[73.22627,32.03183],[73.22858,32.03251],[73.23238,32.03293],[73.22951,32.03095],[73.22756,32.02913],[73.2271,32.0284],[73.22664,32.02717]]]]}},{"type":"Feature","properties":{"lu":"Water Body","ct":"Existing","a":0.054},"geometry":{"type":"MultiPolygon","coordinates":[[[[73.27418,31.90954],[73.27419,31.91001],[73.27424,31.90954],[73.27418,31.90954]]]]}},{"type":"Feature","properties":{"lu":"Recreational Zone","ct":"Proposed","a":1.102},"geometry":{"type":"MultiPolygon","coordinates":[[[[73.37459,32.05362],[73.37379,32.05353],[73.37374,32.05399],[73.3738,32.05407],[73.3745,32.05415],[73.37459,32.05362]]]]}},{"type":"Feature","properties":{"lu":"Green Buffer Zone","ct":"Proposed","a":6.557},"geometry":{"type":"MultiPolygon","coordinates":[[[[73.37158,32.05026],[73.3716,32.05014],[73.37151,32.05011],[73.37165,32.04961],[73.3724,32.04967],[73.37236,32.05002],[73.37269,32.04992],[73.37162,32.04755],[73.37117,32.04768],[73.37103,32.04849],[73.37121,32.04855],[73.37103,32.04961],[73.37114,32.04967],[73.37109,32.04986],[73.37097,32.04985],[73.37083,32.05048],[73.37158,32.05026]]]]}},{"type":"Feature","properties":{"lu":"Green Buffer Zone","ct":"Proposed","a":0.812},"geometry":{"type":"MultiPolygon","coordinates":[[[[73.58609,31.98209],[73.5847,31.97952],[73.5846,31.97956],[73.58598,31.98212],[73.58609,31.98209]]]]}},{"type":"Feature","properties":{"lu":"Green Buffer Zone","ct":"Proposed","a":2.543},"geometry":{"type":"MultiPolygon","coordinates":[[[[73.6425,32.06901],[73.64227,32.06623],[73.64441,32.06609],[73.64465,32.0689],[73.64478,32.0689],[73.64449,32.066],[73.64216,32.06617],[73.64237,32.06902],[73.6425,32.06901]]]]}},{"type":"Feature","properties":{"lu":"Water Body","ct":"Existing","a":1.545},"geometry":{"type":"MultiPolygon","coordinates":[[[[73.66322,32.08022],[73.65946,32.074],[73.65938,32.07404],[73.66314,32.08023],[73.66322,32.08022]]]]}},{"type":"Feature","properties":{"lu":"Water Body","ct":"Existing","a":0.001},"geometry":{"type":"MultiPolygon","coordinates":[[[[73.6668,32.0873],[73.66679,32.08731],[73.6668,32.08733],[73.6668,32.0873]]]]}},{"type":"Feature","properties":{"lu":"Green Buffer Zone","ct":"Proposed","a":1.94},"geometry":{"type":"MultiPolygon","coordinates":[[[[73.74942,32.07843],[73.75123,32.07343],[73.75107,32.07343],[73.75103,32.07351],[73.7493,32.0784],[73.74942,32.07843]]]]}},{"type":"Feature","properties":{"lu":"Green Buffer Zone","ct":"Proposed","a":3.021},"geometry":{"type":"MultiPolygon","coordinates":[[[[73.75252,32.06984],[73.75196,32.06983],[73.75171,32.07056],[73.75163,32.07148],[73.75147,32.07226],[73.75107,32.07343],[73.75123,32.07343],[73.75252,32.06984]]]]}},{"type":"Feature","properties":{"lu":"Water Body","ct":"Existing","a":0.005},"geometry":{"type":"MultiPolygon","coordinates":[[[[73.74596,32.08813],[73.74588,32.08808],[73.74593,32.08814],[73.74595,32.08817],[73.74596,32.08813]]]]}},{"type":"Feature","properties":{"lu":"Green Buffer Zone","ct":"Proposed","a":9.797},"geometry":{"type":"MultiPolygon","coordinates":[[[[73.74935,32.07866],[73.74898,32.07857],[73.74873,32.07933],[73.74888,32.07937],[73.74884,32.07953],[73.74867,32.07948],[73.74561,32.08791],[73.74596,32.08813],[73.74935,32.07866]]]]}},{"type":"Feature","properties":{"lu":"Water Body","ct":"Existing","a":0.058},"geometry":{"type":"MultiPolygon","coordinates":[[[[73.2702,31.90327],[73.27022,31.90319],[73.27021,31.90319],[73.2702,31.90327]]],[[[73.268885,31.903332],[73.26926,31.903361],[73.269262,31.903356],[73.268888,31.903331],[73.268885,31.90333],[73.268885,31.903332]]],[[[73.27002,31.90345],[73.26984,31.90343],[73.26983,31.90345],[73.27002,31.90345]]],[[[73.27074,31.90353],[73.27067,31.90353],[73.27074,31.90356],[73.27075,31.90372],[73.27074,31.90353]]],[[[73.27017,31.90409],[73.27021,31.90407],[73.27024,31.90406],[73.27037,31.90398],[73.27057,31.90387],[73.27073,31.90373],[73.27017,31.90409]]],[[[73.26943,31.90463],[73.26943,31.90438],[73.2694,31.90463],[73.26943,31.90463]]]]}},{"type":"Feature","properties":{"lu":"Water Body","ct":"Existing","a":0.509},"geometry":{"type":"MultiPolygon","coordinates":[[[[73.51343,31.8674],[73.51274,31.86701],[73.5122,31.86644],[73.51205,31.86647],[73.51228,31.86681],[73.51281,31.86719],[73.51324,31.86744],[73.51343,31.8674]]]]}},{"type":"Feature","properties":{"lu":"Water Body","ct":"Existing","a":1.105},"geometry":{"type":"MultiPolygon","coordinates":[[[[73.50291,31.91416],[73.50043,31.91228],[73.50031,31.91229],[73.50304,31.91435],[73.50315,31.91435],[73.50291,31.91416]]],[[[73.50343,31.91458],[73.50325,31.91451],[73.50456,31.91555],[73.50474,31.91554],[73.50343,31.91458]]]]}},{"type":"Feature","properties":{"lu":"Green Buffer Zone","ct":"Proposed","a":0.495},"geometry":{"type":"MultiPolygon","coordinates":[[[[73.40046,32.05322],[73.40045,32.0533],[73.40168,32.05451],[73.4023,32.0554],[73.40238,32.05541],[73.40174,32.05447],[73.40046,32.05322]]]]}},{"type":"Feature","properties":{"lu":"Green Buffer Zone","ct":"Proposed","a":0.699},"geometry":{"type":"MultiPolygon","coordinates":[[[[73.40358,32.05908],[73.40302,32.05652],[73.40275,32.05596],[73.40241,32.05545],[73.40233,32.05545],[73.40295,32.05654],[73.40351,32.05908],[73.40358,32.05908]]]]}},{"type":"Feature","properties":{"lu":"Green Buffer Zone","ct":"Proposed","a":0.59},"geometry":{"type":"MultiPolygon","coordinates":[[[[73.37894,32.04872],[73.37895,32.04866],[73.37527,32.04934],[73.37527,32.0494],[73.37894,32.04872]]]]}},{"type":"Feature","properties":{"lu":"Green Buffer Zone","ct":"Proposed","a":0.414},"geometry":{"type":"MultiPolygon","coordinates":[[[[73.37523,32.04941],[73.37524,32.04935],[73.37266,32.04986],[73.37269,32.04992],[73.37523,32.04941]]]]}},{"type":"Feature","properties":{"lu":"Green Buffer Zone","ct":"Proposed","a":1.439},"geometry":{"type":"MultiPolygon","coordinates":[[[[73.39477,32.04774],[73.39418,32.04737],[73.39369,32.04718],[73.39215,32.04687],[73.39213,32.04694],[73.39367,32.04723],[73.39415,32.04742],[73.39483,32.04787],[73.39477,32.04774]]],[[[73.39493,32.04795],[73.39843,32.05134],[73.39852,32.05134],[73.39486,32.04781],[73.39493,32.04795]]],[[[73.39879,32.0516],[73.3986,32.05151],[73.39912,32.052],[73.3992,32.05199],[73.39879,32.0516]]]]}},{"type":"Feature","properties":{"lu":"Recreational Zone","ct":"Proposed","a":0.102,"nm":"Khurseed Rice Mills"},"geometry":{"type":"MultiPolygon","coordinates":[[[[73.3834,32.05146],[73.38339,32.05224],[73.3835,32.05147],[73.3834,32.05146]]]]}},{"type":"Feature","properties":{"lu":"Recreational Zone","ct":"Proposed","a":0.004},"geometry":{"type":"MultiPolygon","coordinates":[[[[73.38622,32.05362],[73.38625,32.05363],[73.3864,32.05363],[73.38622,32.05361],[73.38622,32.05362]]]]}},{"type":"Feature","properties":{"lu":"Recreational Zone","ct":"Proposed","a":31.333},"geometry":{"type":"MultiPolygon","coordinates":[[[[73.38685,32.05011],[73.38446,32.04996],[73.38428,32.05147],[73.38453,32.05157],[73.38579,32.05165],[73.38582,32.05151],[73.38638,32.05151],[73.38642,32.05165],[73.38709,32.05168],[73.38756,32.05016],[73.38685,32.05011]]],[[[73.38343,32.04989],[73.3834,32.05146],[73.3835,32.05147],[73.38339,32.05224],[73.38337,32.05325],[73.38647,32.05357],[73.38701,32.05176],[73.38635,32.05168],[73.3861,32.05176],[73.38555,32.05172],[73.38431,32.05158],[73.38421,32.05152],[73.38443,32.04995],[73.38343,32.04989]]]]}},{"type":"Feature","properties":{"lu":"Green Buffer Zone","ct":"Proposed","a":0.832},"geometry":{"type":"MultiPolygon","coordinates":[[[[73.38546,32.04695],[73.38547,32.04687],[73.38043,32.0483],[73.38042,32.04836],[73.38546,32.04695]]]]}},{"type":"Feature","properties":{"lu":"Water Body","ct":"Existing","a":0.0},"geometry":{"type":"MultiPolygon","coordinates":[[[[73.673412,32.101864],[73.673412,32.101865],[73.673413,32.101865],[73.673412,32.101864]]]]}},{"type":"Feature","properties":{"lu":"Water Body","ct":"Existing","a":0.002},"geometry":{"type":"MultiPolygon","coordinates":[[[[73.666744,32.087135],[73.666695,32.087002],[73.666736,32.08714],[73.666744,32.087135]]]]}},{"type":"Feature","properties":{"lu":"Water Body","ct":"Existing","a":0.287},"geometry":{"type":"MultiPolygon","coordinates":[[[[73.658345,32.072398],[73.658353,32.072399],[73.65832,32.072371],[73.658345,32.072398]]],[[[73.65851,32.07263],[73.65929,32.07389],[73.65937,32.07386],[73.65856,32.07257],[73.65847,32.07256],[73.65851,32.07263]]]]}},{"type":"Feature","properties":{"lu":"Water Body","ct":"Existing","a":0.019},"geometry":{"type":"MultiPolygon","coordinates":[[[[73.26479,31.89057],[73.26479,31.89053],[73.26478,31.89053],[73.26463,31.89055],[73.26459,31.89055],[73.26459,31.89058],[73.26479,31.89057]]]]}},{"type":"Feature","properties":{"lu":"Water Body","ct":"Existing","a":0.398},"geometry":{"type":"MultiPolygon","coordinates":[[[[73.33912,31.88903],[73.34036,31.88878],[73.34108,31.88834],[73.34422,31.88605],[73.34035,31.88877],[73.33845,31.88916],[73.33912,31.88903]]],[[[73.3357,31.89093],[73.33715,31.88995],[73.33563,31.89097],[73.3357,31.89093]]]]}},{"type":"Feature","properties":{"lu":"Water Body","ct":"Existing","a":0.066},"geometry":{"type":"MultiPolygon","coordinates":[[[[73.50604,31.91669],[73.5065,31.91688],[73.50748,31.91719],[73.50763,31.91723],[73.50606,31.91669],[73.50604,31.91669]]]]}},{"type":"Feature","properties":{"lu":"Water Body","ct":"Existing","a":0.0},"geometry":{"type":"MultiPolygon","coordinates":[[[[73.534706,31.942663],[73.534813,31.942719],[73.534814,31.942716],[73.534706,31.942663]]]]}},{"type":"Feature","properties":{"lu":"Water Body","ct":"Existing","a":0.123},"geometry":{"type":"MultiPolygon","coordinates":[[[[73.79064,32.01288],[73.7906,32.01289],[73.79074,32.01302],[73.79145,32.0137],[73.79224,32.01446],[73.79245,32.01466],[73.79246,32.01466],[73.79064,32.01288]]],[[[73.79258,32.01478],[73.79274,32.01493],[73.79259,32.01478],[73.79258,32.01478]]]]}},{"type":"Feature","properties":{"lu":"Water Body","ct":"Existing","a":0.31},"geometry":{"type":"MultiPolygon","coordinates":[[[[73.48204,32.05815],[73.48571,32.0565],[73.48121,32.0585],[73.48204,32.05815]]]]}},{"type":"Feature","properties":{"lu":"Water Body","ct":"Existing","a":0.235},"geometry":{"type":"MultiPolygon","coordinates":[[[[73.48085,32.05868],[73.48692,32.05594],[73.4802,32.05897],[73.48085,32.05868]]]]}},{"type":"Feature","properties":{"lu":"Water Body","ct":"Existing","a":0.183},"geometry":{"type":"MultiPolygon","coordinates":[[[[73.4176,32.1266],[73.41595,32.12758],[73.4153,32.12792],[73.41492,32.12801],[73.41518,32.12798],[73.41574,32.1277],[73.41851,32.12611],[73.4176,32.1266]]],[[[73.41462,32.12805],[73.41465,32.12805],[73.41463,32.12805],[73.41462,32.12805]]],[[[73.41357,32.12816],[73.41357,32.12818],[73.41388,32.12814],[73.41374,32.12814],[73.41357,32.12816]]],[[[73.41319,32.12823],[73.41338,32.12821],[73.41338,32.12819],[73.41319,32.12823]]]]}},{"type":"Feature","properties":{"lu":"Water Body","ct":"Existing","a":7.595},"geometry":{"type":"MultiPolygon","coordinates":[[[[73.41533,32.14087],[73.41497,32.1407],[73.41495,32.1406],[73.41483,32.14068],[73.41375,32.14022],[73.41264,32.14004],[73.41249,32.13992],[73.41246,32.13974],[73.41266,32.13886],[73.41283,32.13864],[73.41316,32.13859],[73.41348,32.13794],[73.41327,32.13786],[73.4131,32.13796],[73.41294,32.13764],[73.41288,32.13707],[73.41248,32.13608],[73.4122,32.13642],[73.41278,32.138],[73.41275,32.13852],[73.41246,32.13879],[73.41235,32.13936],[73.41236,32.14006],[73.41289,32.14047],[73.41329,32.14029],[73.41353,32.14027],[73.41386,32.14037],[73.41408,32.14059],[73.41448,32.14071],[73.41466,32.14085],[73.41511,32.14088],[73.41539,32.14102],[73.41546,32.14093],[73.41533,32.14087]]],[[[73.41928,32.14435],[73.41906,32.14368],[73.41835,32.14302],[73.41788,32.14272],[73.4176,32.14242],[73.41743,32.14253],[73.41602,32.14148],[73.41602,32.14133],[73.41583,32.14125],[73.41562,32.14101],[73.41556,32.14111],[73.4157,32.1412],[73.41572,32.14132],[73.41643,32.14183],[73.41652,32.14203],[73.41715,32.1425],[73.41738,32.14293],[73.418,32.14318],[73.41877,32.14364],[73.41893,32.1441],[73.41934,32.14466],[73.41944,32.14454],[73.41928,32.14435]]]]}},{"type":"Feature","properties":{"lu":"Water Body","ct":"Existing","a":0.079},"geometry":{"type":"MultiPolygon","coordinates":[[[[73.52236,32.15418],[73.52169,32.15422],[73.52156,32.15423],[73.52068,32.15436],[73.52117,32.15431],[73.52236,32.15418]]]]}},{"type":"Feature","properties":{"lu":"Water Body","ct":"Existing","a":0.077},"geometry":{"type":"MultiPolygon","coordinates":[[[[73.55352,32.1788],[73.55349,32.17881],[73.55364,32.17898],[73.55365,32.17899],[73.55439,32.17968],[73.55352,32.1788]]]]}},{"type":"Feature","properties":{"lu":"Water Body","ct":"Existing","a":0.735},"geometry":{"type":"MultiPolygon","coordinates":[[[[73.54208,32.18283],[73.54209,32.1829],[73.54264,32.18292],[73.54431,32.18352],[73.54436,32.18339],[73.54277,32.1828],[73.54208,32.18283]]]]}},{"type":"Feature","properties":{"lu":"Water Body","ct":"Existing","a":0.0},"geometry":{"type":"MultiPolygon","coordinates":[[[[73.66028,32.17108],[73.66038,32.17112],[73.66035,32.17111],[73.66028,32.17108]]]]}},{"type":"Feature","properties":{"lu":"Water Body","ct":"Existing","a":0.318},"geometry":{"type":"MultiPolygon","coordinates":[[[[73.63698,32.1528],[73.63506,32.15256],[73.63508,32.15263],[73.63697,32.15286],[73.63698,32.1528]]]]}},{"type":"Feature","properties":{"lu":"Water Body","ct":"Existing","a":0.988},"geometry":{"type":"MultiPolygon","coordinates":[[[[73.6851,32.11984],[73.68757,32.12038],[73.68958,32.12056],[73.6851,32.11984]]]]}},{"type":"Feature","properties":{"lu":"Water Body","ct":"Existing","a":0.013},"geometry":{"type":"MultiPolygon","coordinates":[[[[73.71824,32.14184],[73.71873,32.14145],[73.71767,32.14227],[73.71824,32.14184]]]]}},{"type":"Feature","properties":{"lu":"Water Body","ct":"Existing","a":4.571},"geometry":{"type":"MultiPolygon","coordinates":[[[[73.66899,32.22041],[73.66863,32.21962],[73.66588,32.2161],[73.66532,32.21523],[73.66496,32.21431],[73.66316,32.20724],[73.66307,32.20726],[73.66481,32.21426],[73.66503,32.21489],[73.66537,32.21554],[73.66779,32.21867],[73.66852,32.21978],[73.66884,32.22044],[73.66899,32.22041]]]]}},{"type":"Feature","properties":{"lu":"Water Body","ct":"Existing","a":1.178},"geometry":{"type":"MultiPolygon","coordinates":[[[[73.66668,32.21933],[73.66771,32.21872],[73.66766,32.21865],[73.6664,32.21943],[73.66568,32.21951],[73.66506,32.21936],[73.66283,32.21823],[73.66291,32.21839],[73.66546,32.21959],[73.6661,32.21958],[73.66668,32.21933]]]]}},{"type":"Feature","properties":{"lu":"Water Body","ct":"Existing","a":4.358},"geometry":{"type":"MultiPolygon","coordinates":[[[[73.70553,32.24978],[73.70601,32.24978],[73.70599,32.24964],[73.69385,32.25012],[73.69241,32.2501],[73.69242,32.25022],[73.69307,32.25025],[73.70553,32.24978]]]]}},{"type":"Feature","properties":{"lu":"Water Body","ct":"Existing","a":0.019},"geometry":{"type":"MultiPolygon","coordinates":[[[[73.50465,31.85823],[73.50453,31.85808],[73.50449,31.85808],[73.5046,31.85823],[73.50465,31.85823]]]]}},{"type":"Feature","properties":{"lu":"Water Body","ct":"Existing","a":0.0},"geometry":{"type":"MultiPolygon","coordinates":[[[[73.50433,31.85827],[73.50432,31.85826],[73.50432,31.85827],[73.50433,31.85827]]]]}},{"type":"Feature","properties":{"lu":"Water Body","ct":"Existing","a":0.049},"geometry":{"type":"MultiPolygon","coordinates":[[[[73.50908,31.85758],[73.50906,31.85741],[73.50895,31.85743],[73.50896,31.85759],[73.50908,31.85758]]]]}},{"type":"Feature","properties":{"lu":"Water Body","ct":"Existing","a":0.101},"geometry":{"type":"MultiPolygon","coordinates":[[[[73.52532,31.86724],[73.52514,31.8673],[73.52518,31.86741],[73.52536,31.86735],[73.52532,31.86724]]],[[[73.51997,31.8688],[73.51978,31.86885],[73.51981,31.86893],[73.52,31.86888],[73.51997,31.8688]]]]}},{"type":"Feature","properties":{"lu":"Water Body","ct":"Existing","a":0.001},"geometry":{"type":"MultiPolygon","coordinates":[[[[73.51348,31.86743],[73.51345,31.86741],[73.51346,31.86743],[73.51348,31.86743]]]]}},{"type":"Feature","properties":{"lu":"Water Body","ct":"Existing","a":0.23},"geometry":{"type":"MultiPolygon","coordinates":[[[[73.28077,31.87546],[73.28058,31.87546],[73.28058,31.87566],[73.28077,31.87565],[73.28077,31.87546]]],[[[73.29114,31.87596],[73.29114,31.8762],[73.29133,31.87626],[73.29133,31.87598],[73.29114,31.87596]]]]}},{"type":"Feature","properties":{"lu":"Water Body","ct":"Existing","a":0.377},"geometry":{"type":"MultiPolygon","coordinates":[[[[73.49765,31.90895],[73.49755,31.90896],[73.49766,31.90917],[73.49777,31.90916],[73.49765,31.90895]]],[[[73.50016,31.91208],[73.50005,31.91209],[73.50031,31.91229],[73.50043,31.91228],[73.50016,31.91208]]],[[[73.50507,31.9158],[73.50475,31.91556],[73.50477,31.91573],[73.50511,31.91603],[73.50545,31.91604],[73.50507,31.9158]]]]}},{"type":"Feature","properties":{"lu":"Water Body","ct":"Existing","a":0.033},"geometry":{"type":"MultiPolygon","coordinates":[[[[73.66953,32.04015],[73.66934,32.04014],[73.66934,32.04021],[73.66953,32.04021],[73.66953,32.04015]]]]}},{"type":"Feature","properties":{"lu":"Water Body","ct":"Existing","a":0.008},"geometry":{"type":"MultiPolygon","coordinates":[[[[73.68721,32.03671],[73.68729,32.03679],[73.68729,32.03671],[73.68721,32.03671]]]]}},{"type":"Feature","properties":{"lu":"Water Body","ct":"Existing","a":0.033},"geometry":{"type":"MultiPolygon","coordinates":[[[[73.68013,32.03965],[73.68013,32.03958],[73.67993,32.03958],[73.67993,32.03965],[73.68013,32.03965]]]]}},{"type":"Feature","properties":{"lu":"Water Body","ct":"Existing","a":0.088},"geometry":{"type":"MultiPolygon","coordinates":[[[[73.63742,32.06294],[73.63723,32.06286],[73.63723,32.06304],[73.63742,32.06312],[73.63742,32.06294]]]]}},{"type":"Feature","properties":{"lu":"Water Body","ct":"Existing","a":0.269},"geometry":{"type":"MultiPolygon","coordinates":[[[[73.63711,32.07113],[73.6371,32.07131],[73.6373,32.07143],[73.6373,32.07124],[73.63711,32.07113]]],[[[73.63857,32.07219],[73.63885,32.07236],[73.63926,32.07236],[73.63897,32.07219],[73.63857,32.07219]]]]}},{"type":"Feature","properties":{"lu":"Water Body","ct":"Existing","a":0.001},"geometry":{"type":"MultiPolygon","coordinates":[[[[73.6373,32.07143],[73.63713,32.07133],[73.63729,32.07143],[73.6373,32.07143]]]]}},{"type":"Feature","properties":{"lu":"Water Body","ct":"Existing","a":0.083},"geometry":{"type":"MultiPolygon","coordinates":[[[[73.63711,32.07108],[73.63711,32.07113],[73.6373,32.07124],[73.6373,32.07119],[73.63711,32.07108]]],[[[73.63897,32.07219],[73.63926,32.07236],[73.63941,32.07236],[73.63897,32.07219]]]]}},{"type":"Feature","properties":{"lu":"Water Body","ct":"Existing","a":2.497},"geometry":{"type":"MultiPolygon","coordinates":[[[[73.65259,32.06856],[73.65259,32.06855],[73.65257,32.06855],[73.65259,32.06856]]],[[[73.66412,32.08157],[73.65869,32.07265],[73.65831,32.07213],[73.65735,32.07127],[73.65663,32.0708],[73.65288,32.06854],[73.65324,32.06885],[73.65699,32.07108],[73.65832,32.07226],[73.65843,32.0724],[73.65835,32.0724],[73.65847,32.07256],[73.65856,32.07257],[73.65889,32.07308],[73.65937,32.07386],[73.65929,32.07389],[73.65938,32.07404],[73.65946,32.074],[73.66428,32.08195],[73.66433,32.08193],[73.66412,32.08157]]]]}},{"type":"Feature","properties":{"lu":"Water Body","ct":"Existing","a":0.02},"geometry":{"type":"MultiPolygon","coordinates":[[[[73.7456,32.08792],[73.74537,32.08778],[73.74533,32.08775],[73.74532,32.08776],[73.74549,32.0879],[73.7455,32.0879],[73.74551,32.08791],[73.74552,32.08791],[73.74553,32.08792],[73.74554,32.08792],[73.74555,32.08792],[73.74556,32.08792],[73.74557,32.08792],[73.74558,32.08792],[73.74559,32.08792],[73.7456,32.08792]]]]}},{"type":"Feature","properties":{"lu":"Water Body","ct":"Existing","a":0.113},"geometry":{"type":"MultiPolygon","coordinates":[[[[73.71875,32.081],[73.71875,32.08092],[73.71855,32.08101],[73.71855,32.08115],[73.71875,32.081]]],[[[73.71782,32.08211],[73.71788,32.08204],[73.71782,32.08204],[73.71782,32.08211]]],[[[73.71044,32.09033],[73.71056,32.09034],[73.71069,32.09018],[73.71057,32.09017],[73.71044,32.09033]]]]}},{"type":"Feature","properties":{"lu":"Water Body","ct":"Existing","a":0.074},"geometry":{"type":"MultiPolygon","coordinates":[[[[73.6668,32.0873],[73.66694,32.08723],[73.66688,32.08707],[73.66674,32.08714],[73.6668,32.0873]]]]}},{"type":"Feature","properties":{"lu":"Water Body","ct":"Existing","a":0.008},"geometry":{"type":"MultiPolygon","coordinates":[[[[73.69206,32.10886],[73.69206,32.10884],[73.6919,32.10896],[73.6919,32.10898],[73.69206,32.10886]]]]}},{"type":"Feature","properties":{"lu":"Water Body","ct":"Existing","a":0.008},"geometry":{"type":"MultiPolygon","coordinates":[[[[73.69206,32.10886],[73.6919,32.10898],[73.6919,32.109],[73.69191,32.109],[73.69206,32.10887],[73.69206,32.10886]]]]}},{"type":"Feature","properties":{"lu":"Water Body","ct":"Existing","a":0.099},"geometry":{"type":"MultiPolygon","coordinates":[[[[73.69235,32.10884],[73.6921,32.10883],[73.69191,32.109],[73.69213,32.109],[73.69235,32.10884]]]]}},{"type":"Feature","properties":{"lu":"Water Body","ct":"Existing","a":0.021},"geometry":{"type":"MultiPolygon","coordinates":[[[[73.67806,32.10869],[73.67802,32.10869],[73.67813,32.10885],[73.67818,32.10885],[73.67809,32.10872],[73.67806,32.10869]]]]}},{"type":"Feature","properties":{"lu":"Water Body","ct":"Existing","a":0.001},"geometry":{"type":"MultiPolygon","coordinates":[[[[73.68971,32.11053],[73.68967,32.11056],[73.68971,32.11056],[73.68971,32.11053]]]]}},{"type":"Feature","properties":{"lu":"Water Body","ct":"Existing","a":0.069},"geometry":{"type":"MultiPolygon","coordinates":[[[[73.67823,32.10869],[73.67806,32.10869],[73.67818,32.10885],[73.67835,32.10886],[73.67823,32.10869]]]]}},{"type":"Feature","properties":{"lu":"Water Body","ct":"Existing","a":0.46},"geometry":{"type":"MultiPolygon","coordinates":[[[[73.65792,32.09686],[73.65791,32.09736],[73.6581,32.09777],[73.6581,32.0973],[73.65792,32.09686]]],[[[73.65877,32.09923],[73.65899,32.09923],[73.65891,32.09906],[73.65869,32.09906],[73.65877,32.09923]]],[[[73.66501,32.10862],[73.66512,32.10872],[73.66541,32.10872],[73.66523,32.10855],[73.66495,32.10855],[73.66501,32.10862]]]]}},{"type":"Feature","properties":{"lu":"Water Body","ct":"Existing","a":0.037},"geometry":{"type":"MultiPolygon","coordinates":[[[[73.26479,31.89053],[73.26478,31.89046],[73.26461,31.89046],[73.26459,31.89055],[73.26479,31.89053]]]]}},{"type":"Feature","properties":{"lu":"Water Body","ct":"Existing","a":0.092},"geometry":{"type":"MultiPolygon","coordinates":[[[[73.6812,31.91036],[73.68082,31.91013],[73.68082,31.91022],[73.68119,31.91046],[73.6812,31.91036]]]]}},{"type":"Feature","properties":{"lu":"Water Body","ct":"Existing","a":0.001},"geometry":{"type":"MultiPolygon","coordinates":[[[[73.73054,32.07579],[73.7305,32.07579],[73.73052,32.07581],[73.73054,32.07579]]]]}},{"type":"Feature","properties":{"lu":"Water Body","ct":"Existing","a":0.036},"geometry":{"type":"MultiPolygon","coordinates":[[[[73.71017,32.09076],[73.71023,32.09071],[73.71016,32.09066],[73.71003,32.09079],[73.71009,32.09083],[73.71017,32.09076]]]]}},{"type":"Feature","properties":{"lu":"Water Body","ct":"Existing","a":0.0},"geometry":{"type":"MultiPolygon","coordinates":[[[[73.581181,32.221116],[73.581153,32.22112],[73.581181,32.22112],[73.581181,32.221116]]]]}},{"type":"Feature","properties":{"lu":"Water Body","ct":"Existing","a":1.51},"geometry":{"type":"MultiPolygon","coordinates":[[[[73.33009,31.80333],[73.33009,31.80334],[73.3301,31.80334],[73.33032,31.80352],[73.33047,31.80364],[73.33121,31.80422],[73.33126,31.80426],[73.33168,31.80457],[73.33159,31.8045],[73.33114,31.80414],[73.3307,31.8038],[73.33013,31.80334],[73.33012,31.80334],[73.33011,31.80333],[73.33009,31.80333]]],[[[73.3335,31.80569],[73.33552,31.80565],[73.33857,31.80752],[73.33562,31.80566],[73.33316,31.80567],[73.3335,31.80569]]],[[[73.34048,31.80868],[73.34139,31.80923],[73.34088,31.80891],[73.34048,31.80868]]],[[[73.34224,31.80975],[73.34215,31.80969],[73.34228,31.80977],[73.34224,31.80975]]],[[[73.3463,31.81215],[73.34835,31.81325],[73.34448,31.8111],[73.3463,31.81215]]],[[[73.35595,31.81748],[73.35659,31.81804],[73.36413,31.82556],[73.35763,31.819],[73.35608,31.81755],[73.35548,31.8171],[73.35595,31.81748]]]]}},{"type":"Feature","properties":{"lu":"Water Body","ct":"Existing","a":0.532},"geometry":{"type":"MultiPolygon","coordinates":[[[[73.26175,31.82082],[73.26171,31.82079],[73.2615,31.821],[73.25849,31.82413],[73.26175,31.82082]]]]}},{"type":"Feature","properties":{"lu":"Water Body","ct":"Existing","a":0.167},"geometry":{"type":"MultiPolygon","coordinates":[[[[73.36449,31.89561],[73.36467,31.89551],[73.36452,31.89538],[73.36392,31.89565],[73.3644,31.8955],[73.36449,31.89561]]]]}},{"type":"Feature","properties":{"lu":"Water Body","ct":"Existing","a":0.0},"geometry":{"type":"MultiPolygon","coordinates":[[[[73.64107,31.90323],[73.64107,31.90324],[73.64109,31.90324],[73.64107,31.90323]]]]}},{"type":"Feature","properties":{"lu":"Water Body","ct":"Existing","a":0.042},"geometry":{"type":"MultiPolygon","coordinates":[[[[73.50334,31.91451],[73.50315,31.91435],[73.50304,31.91435],[73.50334,31.91451]]]]}},{"type":"Feature","properties":{"lu":"Water Body","ct":"Existing","a":0.479,"nm":"Canal"},"geometry":{"type":"MultiPolygon","coordinates":[[[[73.56364,31.91439],[73.56349,31.91429],[73.56279,31.91503],[73.56295,31.91514],[73.56364,31.91439]]]]}},{"type":"Feature","properties":{"lu":"Water Body","ct":"Existing","a":0.268,"nm":"Canal"},"geometry":{"type":"MultiPolygon","coordinates":[[[[73.56268,31.91542],[73.56253,31.91532],[73.56214,31.91574],[73.56229,31.91584],[73.56268,31.91542]]]]}},{"type":"Feature","properties":{"lu":"Water Body","ct":"Existing","a":1.936},"geometry":{"type":"MultiPolygon","coordinates":[[[[73.35675,31.91831],[73.34086,31.90571],[73.33888,31.9043],[73.33621,31.90275],[73.33874,31.90426],[73.34109,31.9059],[73.35675,31.91831]]]]}},{"type":"Feature","properties":{"lu":"Water Body","ct":"Existing","a":0.133},"geometry":{"type":"MultiPolygon","coordinates":[[[[73.33916,31.89575],[73.33897,31.89571],[73.33892,31.89595],[73.3391,31.89602],[73.33916,31.89575]]]]}},{"type":"Feature","properties":{"lu":"Water Body","ct":"Existing","a":0.109},"geometry":{"type":"MultiPolygon","coordinates":[[[[73.39058,31.88969],[73.39036,31.88965],[73.39038,31.88988],[73.39057,31.88989],[73.39058,31.88969]]]]}},{"type":"Feature","properties":{"lu":"Water Body","ct":"Existing","a":1.232},"geometry":{"type":"MultiPolygon","coordinates":[[[[73.4048,31.9319],[73.3958,31.92804],[73.40511,31.93211],[73.40514,31.93205],[73.4048,31.9319]]]]}},{"type":"Feature","properties":{"lu":"Water Body","ct":"Existing","a":0.023},"geometry":{"type":"MultiPolygon","coordinates":[[[[73.72078,31.94096],[73.72068,31.94081],[73.72064,31.94084],[73.72074,31.94099],[73.72078,31.94096]]]]}},{"type":"Feature","properties":{"lu":"Water Body","ct":"Existing","a":0.039},"geometry":{"type":"MultiPolygon","coordinates":[[[[73.45149,31.961],[73.45164,31.9611],[73.45169,31.96104],[73.45154,31.96094],[73.45149,31.961]]]]}},{"type":"Feature","properties":{"lu":"Water Body","ct":"Existing","a":6.304},"geometry":{"type":"MultiPolygon","coordinates":[[[[73.53567,31.96274],[73.53311,31.95839],[73.53312,31.95863],[73.53569,31.96298],[73.5367,31.96456],[73.53567,31.96274]]],[[[73.53733,31.96554],[73.53762,31.96574],[73.5368,31.96471],[73.53733,31.96554]]],[[[73.53818,31.96623],[73.5383,31.9663],[73.53807,31.96613],[73.53818,31.96623]]],[[[73.5438,31.97654],[73.54359,31.97029],[73.54345,31.96989],[73.54327,31.9695],[73.54279,31.9689],[73.54226,31.96853],[73.54004,31.96731],[73.54212,31.96852],[73.54286,31.96909],[73.54336,31.96996],[73.5436,31.97062],[73.54394,31.9831],[73.5438,31.97654]]],[[[73.5563,31.99241],[73.54508,31.98524],[73.54429,31.98439],[73.54405,31.98384],[73.54395,31.9834],[73.54396,31.98366],[73.54422,31.98427],[73.54466,31.98506],[73.54581,31.98573],[73.56051,31.99521],[73.56046,31.99524],[73.56062,31.99534],[73.56072,31.99528],[73.5563,31.99241]]]]}},{"type":"Feature","properties":{"lu":"Water Body","ct":"Existing","a":0.045},"geometry":{"type":"MultiPolygon","coordinates":[[[[73.59771,31.99844],[73.59752,31.9984],[73.59746,31.99847],[73.59765,31.99853],[73.59771,31.99844]]]]}},{"type":"Feature","properties":{"lu":"Water Body","ct":"Existing","a":0.024},"geometry":{"type":"MultiPolygon","coordinates":[[[[73.38601,31.97826],[73.38584,31.97819],[73.38581,31.97823],[73.38598,31.9783],[73.38601,31.97826]]]]}},{"type":"Feature","properties":{"lu":"Water Body","ct":"Existing","a":0.008},"geometry":{"type":"MultiPolygon","coordinates":[[[[73.44057,31.93308],[73.44052,31.93305],[73.44049,31.93304],[73.4405,31.93304],[73.4405,31.93305],[73.44051,31.93306],[73.44057,31.93312],[73.44059,31.9331],[73.44057,31.93308]]],[[[73.44072,31.93322],[73.44073,31.93321],[73.44064,31.93314],[73.44072,31.93322]]]]}},{"type":"Feature","properties":{"lu":"Water Body","ct":"Existing","a":0.087},"geometry":{"type":"MultiPolygon","coordinates":[[[[73.46443,31.96966],[73.4644,31.96967],[73.46447,31.96983],[73.4646,31.96978],[73.46443,31.96966]]],[[[73.51446,32.0034],[73.51438,32.00346],[73.51452,32.00358],[73.51461,32.0035],[73.51446,32.0034]]]]}},{"type":"Feature","properties":{"lu":"Water Body","ct":"Existing","a":4.357},"geometry":{"type":"MultiPolygon","coordinates":[[[[73.47006,31.93136],[73.47016,31.93133],[73.47007,31.93118],[73.4655,31.93301],[73.46516,31.93323],[73.46449,31.93384],[73.46399,31.93483],[73.46099,31.94168],[73.4602,31.94318],[73.46058,31.94263],[73.46422,31.93445],[73.46456,31.93387],[73.46514,31.93331],[73.46565,31.93299],[73.46992,31.93129],[73.46998,31.93139],[73.47006,31.93136]]],[[[73.4406,31.9331],[73.44156,31.93416],[73.4458,31.93977],[73.44798,31.94252],[73.44888,31.94334],[73.44998,31.94394],[73.44878,31.94327],[73.44823,31.9427],[73.44641,31.94051],[73.44157,31.93408],[73.44106,31.93348],[73.4406,31.9331]]],[[[73.45986,31.94349],[73.46015,31.94324],[73.45981,31.94352],[73.45986,31.94349]]],[[[73.45871,31.94411],[73.45793,31.94426],[73.45262,31.94452],[73.45162,31.94442],[73.45036,31.94409],[73.45174,31.94448],[73.45322,31.94455],[73.45836,31.94422],[73.45911,31.94396],[73.45963,31.94363],[73.45871,31.94411]]]]}},{"type":"Feature","properties":{"lu":"Water Body","ct":"Existing","a":0.001},"geometry":{"type":"MultiPolygon","coordinates":[[[[73.65599,32.00273],[73.65598,32.00273],[73.65599,32.00276],[73.65601,32.00275],[73.65599,32.00273]]]]}},{"type":"Feature","properties":{"lu":"Water Body","ct":"Existing","a":1.528},"geometry":{"type":"MultiPolygon","coordinates":[[[[73.65479,32.00337],[73.65311,32.00386],[73.65118,32.00392],[73.63664,32.00142],[73.63664,32.00148],[73.63711,32.0015],[73.65084,32.00394],[73.65227,32.00396],[73.6534,32.00385],[73.65492,32.00333],[73.65479,32.00337]]],[[[73.65598,32.00273],[73.65571,32.00291],[73.65599,32.00276],[73.65598,32.00273]]]]}},{"type":"Feature","properties":{"lu":"Water Body","ct":"Existing","a":0.02},"geometry":{"type":"MultiPolygon","coordinates":[[[[73.51833,32.00616],[73.51848,32.00627],[73.51851,32.00624],[73.51837,32.00613],[73.51833,32.00616]]]]}},{"type":"Feature","properties":{"lu":"Water Body","ct":"Existing","a":0.084},"geometry":{"type":"MultiPolygon","coordinates":[[[[73.61152,32.02085],[73.61133,32.02078],[73.61136,32.02098],[73.61154,32.02104],[73.61152,32.02085]]]]}},{"type":"Feature","properties":{"lu":"Water Body","ct":"Existing","a":0.917},"geometry":{"type":"MultiPolygon","coordinates":[[[[73.42647,32.00173],[73.42051,31.99745],[73.42807,32.00293],[73.42647,32.00173]]]]}},{"type":"Feature","properties":{"lu":"Water Body","ct":"Existing","a":0.405},"geometry":{"type":"MultiPolygon","coordinates":[[[[73.79259,32.01478],[73.79273,32.01471],[73.79105,32.01307],[73.79253,32.01462],[73.79245,32.01466],[73.79259,32.01478]]]]}},{"type":"Feature","properties":{"lu":"Water Body","ct":"Existing","a":0.087},"geometry":{"type":"MultiPolygon","coordinates":[[[[73.49966,32.05032],[73.49963,32.05033],[73.49972,32.0503],[73.50058,32.05003],[73.50108,32.04988],[73.50145,32.04976],[73.49966,32.05032]]],[[[73.48416,32.05711],[73.48453,32.05696],[73.48575,32.05641],[73.4861,32.05625],[73.48489,32.05677],[73.48416,32.05711]]],[[[73.482,32.05807],[73.48261,32.0578],[73.48226,32.05796],[73.482,32.05807]]]]}},{"type":"Feature","properties":{"lu":"Water Body","ct":"Existing","a":4.531},"geometry":{"type":"MultiPolygon","coordinates":[[[[73.48485,32.05686],[73.49905,32.05056],[73.50527,32.04845],[73.50536,32.04849],[73.50914,32.04729],[73.50913,32.0472],[73.50894,32.04724],[73.50895,32.04732],[73.50877,32.04739],[73.50548,32.04836],[73.49872,32.05059],[73.48084,32.0586],[73.48485,32.05686]]]]}},{"type":"Feature","properties":{"lu":"Water Body","ct":"Existing","a":0.052},"geometry":{"type":"MultiPolygon","coordinates":[[[[73.54082,32.03961],[73.54072,32.03954],[73.54049,32.03957],[73.54057,32.03965],[73.54082,32.03961]]]]}},{"type":"Feature","properties":{"lu":"Water Body","ct":"Existing","a":0.276},"geometry":{"type":"MultiPolygon","coordinates":[[[[73.61172,32.06246],[73.61153,32.06245],[73.61152,32.06266],[73.61314,32.06279],[73.61173,32.06264],[73.61172,32.06246]]]]}},{"type":"Feature","properties":{"lu":"Water Body","ct":"Existing","a":0.029},"geometry":{"type":"MultiPolygon","coordinates":[[[[73.80376,32.03752],[73.8036,32.03743],[73.80355,32.03747],[73.80372,32.03756],[73.80376,32.03752]]]]}},{"type":"Feature","properties":{"lu":"Water Body","ct":"Existing","a":0.117},"geometry":{"type":"MultiPolygon","coordinates":[[[[73.62467,32.06577],[73.6245,32.06569],[73.6244,32.06591],[73.62457,32.06599],[73.62467,32.06577]]]]}},{"type":"Feature","properties":{"lu":"Water Body","ct":"Existing","a":0.044},"geometry":{"type":"MultiPolygon","coordinates":[[[[73.63346,32.06932],[73.63359,32.0694],[73.63376,32.06936],[73.63346,32.06932]]]]}},{"type":"Feature","properties":{"lu":"Water Body","ct":"Existing","a":0.288},"geometry":{"type":"MultiPolygon","coordinates":[[[[73.63204,32.06832],[73.63539,32.07029],[73.63207,32.06827],[73.63204,32.06832]]]]}},{"type":"Feature","properties":{"lu":"Water Body","ct":"Existing","a":0.006},"geometry":{"type":"MultiPolygon","coordinates":[[[[73.63282,32.06878],[73.63306,32.06892],[73.63336,32.0691],[73.63422,32.0696],[73.63473,32.0699],[73.63495,32.07003],[73.63282,32.06878]]]]}},{"type":"Feature","properties":{"lu":"Water Body","ct":"Existing","a":0.127},"geometry":{"type":"MultiPolygon","coordinates":[[[[73.59175,32.06155],[73.59175,32.0613],[73.59156,32.06133],[73.59155,32.06158],[73.59175,32.06155]]]]}},{"type":"Feature","properties":{"lu":"Water Body","ct":"Existing","a":1.699},"geometry":{"type":"MultiPolygon","coordinates":[[[[73.56683,32.08956],[73.56841,32.08845],[73.56681,32.08953],[73.5638,32.09102],[73.56481,32.09063],[73.56683,32.08956]]],[[[73.55392,32.09284],[73.561,32.09181],[73.56316,32.09126],[73.56072,32.09185],[73.55392,32.09284]]],[[[73.54831,32.09365],[73.55025,32.09339],[73.5521,32.09312],[73.55385,32.09285],[73.54925,32.09352],[73.54831,32.09365]]],[[[73.54242,32.09443],[73.54223,32.09446],[73.54225,32.09453],[73.5474,32.09378],[73.54244,32.09448],[73.54242,32.09443]]]]}},{"type":"Feature","properties":{"lu":"Water Body","ct":"Existing","a":0.001,"nm":"Hide"},"geometry":{"type":"MultiPolygon","coordinates":[[[[73.29606,32.09231],[73.296,32.0923],[73.29605,32.09232],[73.29606,32.09231]]]]}},{"type":"Feature","properties":{"lu":"Water Body","ct":"Existing","a":11.884},"geometry":{"type":"MultiPolygon","coordinates":[[[[73.46908,32.09733],[73.47775,32.09653],[73.47774,32.09643],[73.46252,32.09773],[73.46168,32.09802],[73.4564,32.10104],[73.45588,32.10141],[73.45549,32.10184],[73.45601,32.10135],[73.46099,32.09846],[73.462,32.09795],[73.46248,32.09785],[73.46908,32.09733]]],[[[73.45337,32.1042],[73.45266,32.10495],[73.45249,32.10493],[73.45009,32.10784],[73.44967,32.10823],[73.43964,32.11192],[73.43568,32.11548],[73.43578,32.11555],[73.43967,32.112],[73.44959,32.10838],[73.44993,32.10814],[73.45053,32.10753],[73.45243,32.10514],[73.4526,32.10512],[73.45337,32.1042]]]]}},{"type":"Feature","properties":{"lu":"Water Body","ct":"Existing","a":0.085},"geometry":{"type":"MultiPolygon","coordinates":[[[[73.50169,32.06124],[73.50158,32.06077],[73.50152,32.06077],[73.50161,32.06125],[73.50169,32.06124]]]]}},{"type":"Feature","properties":{"lu":"Water Body","ct":"Existing","a":0.019},"geometry":{"type":"MultiPolygon","coordinates":[[[[73.51994,32.11075],[73.51993,32.11069],[73.51993,32.11068],[73.51993,32.11067],[73.51992,32.11067],[73.51992,32.11066],[73.51991,32.11066],[73.51991,32.11065],[73.51987,32.11062],[73.51984,32.11062],[73.5199,32.11076],[73.51994,32.11075]]]]}},{"type":"Feature","properties":{"lu":"Water Body","ct":"Existing","a":0.006},"geometry":{"type":"MultiPolygon","coordinates":[[[[73.51964,32.11064],[73.51974,32.11074],[73.51968,32.11064],[73.51964,32.11064]]],[[[73.519756,32.110789],[73.519763,32.110787],[73.519751,32.110764],[73.519756,32.110789]]]]}},{"type":"Feature","properties":{"lu":"Water Body","ct":"Existing","a":0.039},"geometry":{"type":"MultiPolygon","coordinates":[[[[73.51977,32.10516],[73.51967,32.10512],[73.51949,32.10518],[73.51953,32.10524],[73.51977,32.10516]]]]}},{"type":"Feature","properties":{"lu":"Water Body","ct":"Existing","a":0.79},"geometry":{"type":"MultiPolygon","coordinates":[[[[73.74049,32.11837],[73.74056,32.11821],[73.7392,32.11776],[73.73839,32.11936],[73.7385,32.11925],[73.7391,32.11802],[73.73921,32.11794],[73.74049,32.11837]]]]}},{"type":"Feature","properties":{"lu":"Water Body","ct":"Existing","a":2.266},"geometry":{"type":"MultiPolygon","coordinates":[[[[73.73636,32.11829],[73.72736,32.11117],[73.72729,32.11123],[73.73715,32.11901],[73.73747,32.11925],[73.73751,32.1192],[73.73636,32.11829]]]]}},{"type":"Feature","properties":{"lu":"Water Body","ct":"Existing","a":1.047},"geometry":{"type":"MultiPolygon","coordinates":[[[[73.46202,32.12958],[73.45684,32.12949],[73.45683,32.12956],[73.46007,32.12965],[73.46194,32.12965],[73.46202,32.12958]]]]}},{"type":"Feature","properties":{"lu":"Water Body","ct":"Existing","a":0.157},"geometry":{"type":"MultiPolygon","coordinates":[[[[73.78012,32.13283],[73.77997,32.13272],[73.77974,32.13295],[73.77987,32.13308],[73.78012,32.13283]]]]}},{"type":"Feature","properties":{"lu":"Water Body","ct":"Existing","a":0.45},"geometry":{"type":"MultiPolygon","coordinates":[[[[73.71409,32.14495],[73.71747,32.1425],[73.71824,32.14184],[73.714,32.145],[73.71409,32.14495]]]]}},{"type":"Feature","properties":{"lu":"Water Body","ct":"Existing","a":0.01},"geometry":{"type":"MultiPolygon","coordinates":[[[[73.36828,32.13176],[73.3683,32.13168],[73.36822,32.13177],[73.36828,32.13176]]]]}},{"type":"Feature","properties":{"lu":"Water Body","ct":"Existing","a":0.627},"geometry":{"type":"MultiPolygon","coordinates":[[[[73.72204,32.15943],[73.72067,32.15896],[73.72061,32.15912],[73.72197,32.15958],[73.72204,32.15943]]]]}},{"type":"Feature","properties":{"lu":"Water Body","ct":"Existing","a":0.292},"geometry":{"type":"MultiPolygon","coordinates":[[[[73.71935,32.1566],[73.72047,32.15816],[73.7205,32.15802],[73.71935,32.1566]]]]}},{"type":"Feature","properties":{"lu":"Water Body","ct":"Existing","a":0.013},"geometry":{"type":"MultiPolygon","coordinates":[[[[73.55004,32.13668],[73.55013,32.13665],[73.54996,32.13666],[73.55004,32.13668]]]]}},{"type":"Feature","properties":{"lu":"Water Body","ct":"Existing","a":6.861},"geometry":{"type":"MultiPolygon","coordinates":[[[[73.52156,32.15423],[73.52383,32.1539],[73.53172,32.15305],[73.53247,32.15281],[73.53323,32.15244],[73.53357,32.15216],[73.53205,32.15286],[73.53134,32.15304],[73.52357,32.15386],[73.5233,32.15395],[73.51934,32.15439],[73.51799,32.15467],[73.51711,32.15503],[73.51873,32.15461],[73.52156,32.15423]]],[[[73.51632,32.15536],[73.511,32.15762],[73.50926,32.15784],[73.50869,32.15784],[73.4972,32.15645],[73.49714,32.15645],[73.49711,32.15657],[73.50926,32.15795],[73.5104,32.15782],[73.5112,32.15764],[73.51632,32.15536]]]]}},{"type":"Feature","properties":{"lu":"Water Body","ct":"Existing","a":0.004},"geometry":{"type":"MultiPolygon","coordinates":[[[[73.64088,32.13503],[73.64089,32.13502],[73.64091,32.13502],[73.64091,32.13501],[73.64081,32.13502],[73.6408,32.13503],[73.64088,32.13503]]]]}},{"type":"Feature","properties":{"lu":"Water Body","ct":"Existing","a":4.351},"geometry":{"type":"MultiPolygon","coordinates":[[[[73.61428,32.12967],[73.61426,32.12974],[73.61445,32.12978],[73.61449,32.12967],[73.61428,32.12967]]],[[[73.615,32.12991],[73.63743,32.13457],[73.63996,32.13495],[73.63859,32.13474],[73.61531,32.1299],[73.61475,32.12985],[73.615,32.12991]]],[[[73.64064,32.13502],[73.64073,32.13504],[73.6408,32.13503],[73.64081,32.13502],[73.64064,32.13502]]],[[[73.55766,32.13385],[73.55618,32.13446],[73.55005,32.13663],[73.55146,32.1362],[73.5578,32.13387],[73.55766,32.13385]]]]}},{"type":"Feature","properties":{"lu":"Water Body","ct":"Existing","a":0.028},"geometry":{"type":"MultiPolygon","coordinates":[[[[73.615,32.12991],[73.61492,32.12989],[73.61489,32.13002],[73.61497,32.13003],[73.615,32.12991]]]]}},{"type":"Feature","properties":{"lu":"Water Body","ct":"Existing","a":0.039},"geometry":{"type":"MultiPolygon","coordinates":[[[[73.60388,32.10428],[73.60385,32.10421],[73.60367,32.10427],[73.6037,32.10435],[73.60388,32.10428]]]]}},{"type":"Feature","properties":{"lu":"Water Body","ct":"Existing","a":0.0},"geometry":{"type":"MultiPolygon","coordinates":[[[[73.721591,32.160439],[73.721588,32.160443],[73.721589,32.160444],[73.721591,32.160439]]]]}},{"type":"Feature","properties":{"lu":"Water Body","ct":"Existing","a":11.243},"geometry":{"type":"MultiPolygon","coordinates":[[[[73.56027,32.15788],[73.55602,32.15752],[73.55457,32.15828],[73.5546,32.15835],[73.5563,32.15756],[73.56391,32.1585],[73.56844,32.15919],[73.5687,32.1593],[73.56905,32.15928],[73.56027,32.15788]]],[[[73.55095,32.16017],[73.55222,32.15951],[73.55061,32.16024],[73.55095,32.16017]]],[[[73.57212,32.15961],[73.57329,32.15981],[73.57319,32.15985],[73.57341,32.15987],[73.57339,32.15982],[73.57666,32.16034],[73.583,32.16116],[73.57195,32.15943],[73.56999,32.15936],[73.57212,32.15961]]],[[[73.5492,32.16028],[73.54977,32.16025],[73.54831,32.1602],[73.54831,32.16034],[73.5492,32.16028]]],[[[73.59748,32.16142],[73.59216,32.16229],[73.59784,32.16143],[73.59748,32.16142]]],[[[73.59165,32.16232],[73.59028,32.16214],[73.59137,32.16233],[73.59165,32.16232]]],[[[73.60284,32.16202],[73.60991,32.16295],[73.61141,32.16353],[73.61009,32.16294],[73.6089,32.16274],[73.59943,32.16148],[73.59833,32.16144],[73.60284,32.16202]]],[[[73.61735,32.16626],[73.61749,32.16627],[73.61395,32.16468],[73.61735,32.16626]]]]}},{"type":"Feature","properties":{"lu":"Water Body","ct":"Existing","a":0.521},"geometry":{"type":"MultiPolygon","coordinates":[[[[73.75227,32.13862],[73.75241,32.13871],[73.75233,32.139],[73.75252,32.13905],[73.75261,32.13872],[73.75227,32.13862]]],[[[73.77033,32.13944],[73.76973,32.13967],[73.77142,32.13907],[73.77033,32.13944]]],[[[73.76857,32.13998],[73.76894,32.13989],[73.76878,32.13992],[73.76857,32.13998]]],[[[73.76695,32.14037],[73.76705,32.14066],[73.76724,32.14063],[73.76715,32.14035],[73.76695,32.14037]]]]}},{"type":"Feature","properties":{"lu":"Water Body","ct":"Existing","a":1.309},"geometry":{"type":"MultiPolygon","coordinates":[[[[73.75287,32.15212],[73.75286,32.15229],[73.75662,32.15526],[73.75305,32.15237],[73.75306,32.15226],[73.75287,32.15212]]],[[[73.76484,32.16057],[73.76484,32.16068],[73.75773,32.15612],[73.76503,32.16086],[73.76503,32.16069],[73.76484,32.16057]]]]}},{"type":"Feature","properties":{"lu":"Water Body","ct":"Existing","a":0.264},"geometry":{"type":"MultiPolygon","coordinates":[[[[73.75331,32.12127],[73.75329,32.12107],[73.75552,32.12026],[73.7531,32.12112],[73.75313,32.12133],[73.75331,32.12127]]]]}},{"type":"Feature","properties":{"lu":"Water Body","ct":"Existing","a":0.436},"geometry":{"type":"MultiPolygon","coordinates":[[[[73.76801,32.14502],[73.76745,32.14512],[73.76826,32.14501],[73.7685,32.14491],[73.76801,32.14502]]],[[[73.76569,32.14531],[73.76485,32.14542],[73.76491,32.14559],[73.76512,32.14559],[73.76507,32.14547],[73.7669,32.1452],[73.76569,32.14531]]],[[[73.75234,32.14562],[73.75254,32.14565],[73.75251,32.14549],[73.75232,32.14547],[73.75234,32.14562]]]]}},{"type":"Feature","properties":{"lu":"Water Body","ct":"Existing","a":0.844},"geometry":{"type":"MultiPolygon","coordinates":[[[[73.76049,32.11557],[73.75963,32.11589],[73.75971,32.11605],[73.76057,32.11572],[73.76049,32.11557]]],[[[73.7722,32.1382],[73.77127,32.13852],[73.7715,32.13899],[73.77137,32.13867],[73.77228,32.13835],[73.7722,32.1382]]]]}},{"type":"Feature","properties":{"lu":"Water Body","ct":"Existing","a":0.118},"geometry":{"type":"MultiPolygon","coordinates":[[[[73.50307,32.18331],[73.50282,32.18321],[73.50273,32.18337],[73.50298,32.18346],[73.50307,32.18331]]]]}},{"type":"Feature","properties":{"lu":"Water Body","ct":"Existing","a":0.924},"geometry":{"type":"MultiPolygon","coordinates":[[[[73.74985,32.18282],[73.74983,32.18275],[73.74629,32.18356],[73.74985,32.18282]]],[[[73.74293,32.18419],[73.74083,32.18461],[73.74488,32.18385],[73.74293,32.18419]]]]}},{"type":"Feature","properties":{"lu":"Water Body","ct":"Existing","a":0.518},"geometry":{"type":"MultiPolygon","coordinates":[[[[73.59366,32.20486],[73.59364,32.2049],[73.60352,32.20848],[73.60287,32.20823],[73.60031,32.2073],[73.59732,32.20621],[73.59446,32.20515],[73.59366,32.20486]]]]}},{"type":"Feature","properties":{"lu":"Water Body","ct":"Existing","a":0.462},"geometry":{"type":"MultiPolygon","coordinates":[[[[73.41357,32.12816],[73.41338,32.12819],[73.41337,32.12837],[73.41356,32.12834],[73.41357,32.12816]]],[[[73.41539,32.14102],[73.41556,32.14111],[73.41562,32.14101],[73.41546,32.14093],[73.41539,32.14102]]],[[[73.41747,32.143],[73.4174,32.14294],[73.41739,32.14293],[73.41738,32.14293],[73.41739,32.14293],[73.41745,32.14299],[73.41747,32.143]]],[[[73.44311,32.14939],[73.44317,32.14955],[73.44356,32.14948],[73.44348,32.14933],[73.44311,32.14939]]],[[[73.47279,32.16963],[73.47267,32.16959],[73.47293,32.16969],[73.47307,32.16949],[73.47279,32.16963]]],[[[73.45317,32.17742],[73.45296,32.17746],[73.45305,32.17764],[73.45326,32.17754],[73.45317,32.17742]]]]}},{"type":"Feature","properties":{"lu":"Water Body","ct":"Existing","a":0.041},"geometry":{"type":"MultiPolygon","coordinates":[[[[73.48549,32.155],[73.48529,32.15499],[73.48528,32.15506],[73.48547,32.15509],[73.48549,32.155]]]]}},{"type":"Feature","properties":{"lu":"Water Body","ct":"Existing","a":0.069},"geometry":{"type":"MultiPolygon","coordinates":[[[[73.67467,32.24771],[73.67449,32.24765],[73.67441,32.24777],[73.67459,32.24783],[73.67467,32.24771]]]]}},{"type":"Feature","properties":{"lu":"Water Body","ct":"Existing","a":0.01},"geometry":{"type":"MultiPolygon","coordinates":[[[[73.5145,31.87114],[73.51432,31.8709],[73.51427,31.87084],[73.51426,31.87084],[73.51449,31.87114],[73.5145,31.87114]]]]}},{"type":"Feature","properties":{"lu":"Water Body","ct":"Existing","a":0.043},"geometry":{"type":"MultiPolygon","coordinates":[[[[73.50051,31.85297],[73.50046,31.85297],[73.50073,31.85331],[73.50077,31.85331],[73.50066,31.85315],[73.50051,31.85297]]]]}},{"type":"Feature","properties":{"lu":"Water Body","ct":"Existing","a":0.114},"geometry":{"type":"MultiPolygon","coordinates":[[[[73.509,31.85408],[73.50886,31.85407],[73.50884,31.8544],[73.50896,31.85441],[73.509,31.85408]]]]}},{"type":"Feature","properties":{"lu":"Water Body","ct":"Existing","a":0.164},"geometry":{"type":"MultiPolygon","coordinates":[[[[73.52926,31.8669],[73.52881,31.86673],[73.52864,31.8668],[73.5291,31.86697],[73.52926,31.8669]]]]}},{"type":"Feature","properties":{"lu":"Water Body","ct":"Existing","a":0.023},"geometry":{"type":"MultiPolygon","coordinates":[[[[73.5002,31.85297],[73.50016,31.85297],[73.50037,31.85322],[73.50043,31.8533],[73.50045,31.8533],[73.5002,31.85297]]]]}},{"type":"Feature","properties":{"lu":"Water Body","ct":"Existing","a":0.004},"geometry":{"type":"MultiPolygon","coordinates":[[[[73.50016,31.85297],[73.50043,31.8533],[73.50037,31.85322],[73.50016,31.85297]]]]}},{"type":"Feature","properties":{"lu":"Water Body","ct":"Existing","a":0.127},"geometry":{"type":"MultiPolygon","coordinates":[[[[73.51449,31.87114],[73.51426,31.87084],[73.51411,31.87086],[73.51435,31.87116],[73.51449,31.87114]]]]}},{"type":"Feature","properties":{"lu":"Water Body","ct":"Existing","a":0.025},"geometry":{"type":"MultiPolygon","coordinates":[[[[73.51412,31.87119],[73.51387,31.8709],[73.51385,31.8709],[73.51408,31.8712],[73.51412,31.87119]]]]}},{"type":"Feature","properties":{"lu":"Water Body","ct":"Existing","a":0.34},"geometry":{"type":"MultiPolygon","coordinates":[[[[73.50043,31.8533],[73.50016,31.85297],[73.49977,31.85298],[73.50002,31.8533],[73.50043,31.8533]]]]}},{"type":"Feature","properties":{"lu":"Water Body","ct":"Existing","a":0.202},"geometry":{"type":"MultiPolygon","coordinates":[[[[73.51435,31.87116],[73.51411,31.87086],[73.51387,31.8709],[73.51412,31.87119],[73.51435,31.87116]]]]}},{"type":"Feature","properties":{"lu":"Water Body","ct":"Existing","a":0.039},"geometry":{"type":"MultiPolygon","coordinates":[[[[73.47173,31.86241],[73.47155,31.86234],[73.47133,31.86224],[73.47129,31.86226],[73.47169,31.86243],[73.47172,31.86242],[73.47173,31.86241]]]]}},{"type":"Feature","properties":{"lu":"Water Body","ct":"Existing","a":0.042},"geometry":{"type":"MultiPolygon","coordinates":[[[[73.48829,31.87464],[73.48805,31.87434],[73.488,31.87435],[73.48824,31.87465],[73.48829,31.87464]]]]}},{"type":"Feature","properties":{"lu":"Water Body","ct":"Existing","a":0.009},"geometry":{"type":"MultiPolygon","coordinates":[[[[73.69785,32.04843],[73.69754,32.04806],[73.69794,32.04853],[73.69785,32.04843]]]]}},{"type":"Feature","properties":{"lu":"Park and Open Spaces","ct":"Existing","a":8.072},"geometry":{"type":"MultiPolygon","coordinates":[[[[73.72143,32.07169],[73.72184,32.07145],[73.71756,32.06798],[73.71671,32.06733],[73.71633,32.06764],[73.72143,32.07169]]]]}},{"type":"Feature","properties":{"lu":"Park and Open Spaces","ct":"Existing","a":23.25},"geometry":{"type":"MultiPolygon","coordinates":[[[[73.68099,32.0649],[73.68074,32.06422],[73.68068,32.0637],[73.68117,32.06364],[73.68059,32.06239],[73.68028,32.0623],[73.68009,32.06243],[73.67989,32.0622],[73.67914,32.06259],[73.67869,32.06196],[73.67874,32.06193],[73.67864,32.06178],[73.67879,32.06167],[73.67873,32.0616],[73.6788,32.06152],[73.67863,32.06113],[73.67775,32.0611],[73.67771,32.06098],[73.67744,32.06105],[73.67791,32.06324],[73.67872,32.06543],[73.68031,32.06482],[73.68042,32.06507],[73.68099,32.0649]]]]}},{"type":"Feature","properties":{"lu":"Water Body","ct":"Existing","a":2.821},"geometry":{"type":"MultiPolygon","coordinates":[[[[73.70811,32.06392],[73.70524,32.0605],[73.70407,32.05921],[73.70398,32.05924],[73.70314,32.05832],[73.70609,32.06176],[73.7079,32.06399],[73.70811,32.06392]]]]}},{"type":"Feature","properties":{"lu":"Park and Open Spaces","ct":"Existing","a":0.058},"geometry":{"type":"MultiPolygon","coordinates":[[[[73.71655,32.07384],[73.71639,32.07384],[73.71638,32.0739],[73.7165,32.07397],[73.71655,32.07384]]]]}},{"type":"Feature","properties":{"lu":"Park and Open Spaces","ct":"Existing","a":2.883},"geometry":{"type":"MultiPolygon","coordinates":[[[[73.69588,32.05189],[73.69613,32.0514],[73.69538,32.05144],[73.69522,32.05082],[73.6949,32.05093],[73.69483,32.0508],[73.69475,32.05083],[73.69487,32.05106],[73.69461,32.05116],[73.6947,32.05164],[73.69458,32.05166],[73.69467,32.05213],[73.69588,32.05189]]]]}},{"type":"Feature","properties":{"lu":"Park and Open Spaces","ct":"Existing","a":2.227},"geometry":{"type":"MultiPolygon","coordinates":[[[[73.6741,32.05557],[73.67358,32.05483],[73.67255,32.05525],[73.67266,32.0557],[73.67311,32.05573],[73.6741,32.05557]]]]}},{"type":"Feature","properties":{"lu":"Water Body","ct":"Existing","a":0.996},"geometry":{"type":"MultiPolygon","coordinates":[[[[73.6997,32.07767],[73.69984,32.07749],[73.69945,32.07724],[73.69956,32.07713],[73.6995,32.0771],[73.69928,32.07712],[73.69902,32.07699],[73.6989,32.07714],[73.69879,32.07709],[73.69876,32.07715],[73.69902,32.07731],[73.69895,32.07741],[73.69871,32.07726],[73.69861,32.07737],[73.6989,32.07752],[73.69898,32.07744],[73.69909,32.0775],[73.69918,32.0774],[73.69929,32.07746],[73.6992,32.07757],[73.69938,32.07767],[73.69947,32.07758],[73.6997,32.07767]]]]}},{"type":"Feature","properties":{"lu":"Water Body","ct":"Existing","a":0.963},"geometry":{"type":"MultiPolygon","coordinates":[[[[73.69294,32.08434],[73.69294,32.08414],[73.69312,32.0841],[73.69304,32.08398],[73.69313,32.08396],[73.69295,32.08366],[73.69236,32.08396],[73.69245,32.08412],[73.69228,32.08389],[73.69206,32.084],[73.69219,32.08413],[73.69233,32.08414],[73.69245,32.0843],[73.69259,32.08423],[73.69285,32.08437],[73.69294,32.08434]]]]}},{"type":"Feature","properties":{"lu":"Water Body","ct":"Existing","a":0.071},"geometry":{"type":"MultiPolygon","coordinates":[[[[73.69597,32.09445],[73.69576,32.0944],[73.69513,32.09425],[73.69513,32.09428],[73.69596,32.09448],[73.69597,32.09445]]]]}},{"type":"Feature","properties":{"lu":"Water Body","ct":"Existing","a":0.013},"geometry":{"type":"MultiPolygon","coordinates":[[[[73.69509,32.09424],[73.69505,32.09423],[73.69492,32.09419],[73.69492,32.09422],[73.69509,32.09427],[73.69509,32.09424]]]]}},{"type":"Feature","properties":{"lu":"Water Body","ct":"Existing","a":0.053},"geometry":{"type":"MultiPolygon","coordinates":[[[[73.69653,32.09457],[73.69653,32.09456],[73.69653,32.09457],[73.69606,32.09447],[73.69599,32.09445],[73.69599,32.09449],[73.69645,32.0946],[73.69651,32.09457],[73.69653,32.09457]]]]}},{"type":"Feature","properties":{"lu":"Water Body","ct":"Existing","a":0.12},"geometry":{"type":"MultiPolygon","coordinates":[[[[73.6991,32.09483],[73.69836,32.0948],[73.69847,32.09487],[73.69912,32.09489],[73.6991,32.09483]]]]}},{"type":"Feature","properties":{"lu":"Water Body","ct":"Existing","a":0.274},"geometry":{"type":"MultiPolygon","coordinates":[[[[73.6927,32.0885],[73.69235,32.08854],[73.69236,32.08848],[73.69219,32.08848],[73.69218,32.08863],[73.69244,32.08863],[73.69244,32.08878],[73.69269,32.0888],[73.6927,32.0885]]]]}},{"type":"Feature","properties":{"lu":"Water Body","ct":"Existing","a":0.669},"geometry":{"type":"MultiPolygon","coordinates":[[[[73.68698,32.08102],[73.68655,32.08092],[73.68646,32.08122],[73.68638,32.08121],[73.68634,32.08134],[73.68709,32.08147],[73.68698,32.08102]]]]}},{"type":"Feature","properties":{"lu":"Water Body","ct":"Existing","a":0.344},"geometry":{"type":"MultiPolygon","coordinates":[[[[73.6677,32.08929],[73.66748,32.0887],[73.66731,32.08871],[73.66762,32.08955],[73.6677,32.08929]]]]}},{"type":"Feature","properties":{"lu":"Park and Open Spaces","ct":"Existing","a":0.389},"geometry":{"type":"MultiPolygon","coordinates":[[[[73.28897,31.89312],[73.28892,31.89285],[73.28836,31.89294],[73.28842,31.8932],[73.28897,31.89312]]]]}},{"type":"Feature","properties":{"lu":"Park and Open Spaces","ct":"Existing","a":1.515},"geometry":{"type":"MultiPolygon","coordinates":[[[[73.26983,31.89854],[73.26992,31.89843],[73.26973,31.89786],[73.26956,31.89771],[73.26955,31.89778],[73.2693,31.89774],[73.26931,31.89762],[73.26904,31.89749],[73.26901,31.89796],[73.26911,31.8981],[73.26943,31.8981],[73.26942,31.89835],[73.26933,31.89836],[73.26929,31.89854],[73.26939,31.89855],[73.26944,31.89869],[73.26959,31.89869],[73.26983,31.89854]]]]}},{"type":"Feature","properties":{"lu":"Water Body","ct":"Existing","a":1.269},"geometry":{"type":"MultiPolygon","coordinates":[[[[73.37865,32.05608],[73.37847,32.05559],[73.3782,32.05557],[73.37818,32.05577],[73.37781,32.05574],[73.37779,32.05583],[73.37763,32.05581],[73.37759,32.05606],[73.37776,32.0561],[73.37775,32.05628],[73.37791,32.05631],[73.3779,32.05645],[73.37819,32.05649],[73.3782,32.05604],[73.37865,32.05608]]]]}},{"type":"Feature","properties":{"lu":"Water Body","ct":"Existing","a":0.777},"geometry":{"type":"MultiPolygon","coordinates":[[[[73.53039,31.85993],[73.53037,31.85987],[73.53022,31.8599],[73.53017,31.85975],[73.53034,31.85973],[73.53026,31.85937],[73.52967,31.85954],[73.52986,31.86006],[73.53039,31.85993]]]]}},{"type":"Feature","properties":{"lu":"Water Body","ct":"Existing","a":1.339},"geometry":{"type":"MultiPolygon","coordinates":[[[[73.50968,31.86056],[73.50953,31.86057],[73.51004,31.86227],[73.51079,31.86406],[73.51093,31.86403],[73.51027,31.86249],[73.50968,31.86056]]]]}},{"type":"Feature","properties":{"lu":"Water Body","ct":"Existing","a":2.773},"geometry":{"type":"MultiPolygon","coordinates":[[[[73.51099,31.86728],[73.51133,31.86714],[73.50924,31.86452],[73.50894,31.86458],[73.51099,31.86728]]]]}},{"type":"Feature","properties":{"lu":"Water Body","ct":"Existing","a":1.309},"geometry":{"type":"MultiPolygon","coordinates":[[[[73.46693,31.87398],[73.46691,31.87387],[73.46718,31.87384],[73.46705,31.87314],[73.46652,31.87321],[73.46655,31.87332],[73.46635,31.87335],[73.46652,31.87392],[73.46664,31.8739],[73.46666,31.87404],[73.46693,31.87398]]]]}},{"type":"Feature","properties":{"lu":"Water Body","ct":"Existing","a":0.393},"geometry":{"type":"MultiPolygon","coordinates":[[[[73.47214,31.87603],[73.47209,31.87578],[73.4715,31.87586],[73.47155,31.8761],[73.47214,31.87603]]]]}},{"type":"Feature","properties":{"lu":"Water Body","ct":"Existing","a":0.321},"geometry":{"type":"MultiPolygon","coordinates":[[[[73.46682,31.87312],[73.46679,31.87298],[73.4666,31.873],[73.46657,31.87287],[73.46615,31.87294],[73.46617,31.87306],[73.46633,31.87304],[73.46636,31.87318],[73.46682,31.87312]]]]}},{"type":"Feature","properties":{"lu":"Water Body","ct":"Existing","a":1.11},"geometry":{"type":"MultiPolygon","coordinates":[[[[73.5122,31.86644],[73.51096,31.86408],[73.51082,31.86412],[73.5108,31.86421],[73.51194,31.86632],[73.51205,31.86647],[73.5122,31.86644]]]]}},{"type":"Feature","properties":{"lu":"Park and Open Spaces","ct":"Existing","a":0.712},"geometry":{"type":"MultiPolygon","coordinates":[[[[73.26241,31.89638],[73.2616,31.89633],[73.26157,31.89667],[73.26238,31.89672],[73.26241,31.89638]]]]}},{"type":"Feature","properties":{"lu":"Park and Open Spaces","ct":"Existing","a":5.453},"geometry":{"type":"MultiPolygon","coordinates":[[[[73.69461,32.07407],[73.69454,32.07407],[73.69452,32.0749],[73.69502,32.07493],[73.69508,32.07556],[73.69628,32.07566],[73.69606,32.07417],[73.69461,32.07407]]]]}},{"type":"Feature","properties":{"lu":"City Park and Open Spaces","ct":"Proposed","a":8.465},"geometry":{"type":"MultiPolygon","coordinates":[[[[73.38074,32.06775],[73.38138,32.06734],[73.38264,32.06687],[73.38328,32.06677],[73.38333,32.06656],[73.3836,32.06658],[73.38362,32.0664],[73.38265,32.06626],[73.38263,32.0659],[73.3819,32.06578],[73.38188,32.06593],[73.38182,32.06592],[73.38182,32.0658],[73.38168,32.06578],[73.38166,32.06591],[73.38158,32.06591],[73.38156,32.06563],[73.38125,32.06565],[73.38119,32.06662],[73.38082,32.06659],[73.3808,32.06674],[73.38026,32.0667],[73.38028,32.06681],[73.38013,32.0668],[73.38017,32.06707],[73.38022,32.06716],[73.38044,32.06714],[73.38048,32.06738],[73.38021,32.0674],[73.38019,32.06762],[73.38007,32.0676],[73.38005,32.06774],[73.38049,32.06777],[73.38041,32.06787],[73.38047,32.06789],[73.38045,32.06807],[73.38057,32.06808],[73.38078,32.06798],[73.38074,32.0678],[73.38054,32.06775],[73.38074,32.06766],[73.38074,32.06775]],[[73.38181,32.06598],[73.38179,32.06611],[73.38163,32.0661],[73.38165,32.06595],[73.38181,32.06598]],[[73.38285,32.06636],[73.38297,32.06638],[73.38296,32.06651],[73.38282,32.06649],[73.38285,32.06636]],[[73.3806,32.06689],[73.38056,32.067],[73.38041,32.06702],[73.38041,32.06689],[73.3806,32.06689]]]]}},{"type":"Feature","properties":{"lu":"City Park and Open Spaces","ct":"Proposed","a":7.257},"geometry":{"type":"MultiPolygon","coordinates":[[[[73.68369,32.07204],[73.68268,32.07235],[73.68255,32.07218],[73.68227,32.07242],[73.68247,32.0727],[73.68212,32.07298],[73.68175,32.0726],[73.68195,32.07247],[73.68173,32.07222],[73.6816,32.07231],[73.6815,32.07216],[73.68116,32.07244],[73.68096,32.07225],[73.68049,32.07259],[73.68175,32.07392],[73.68199,32.07369],[73.68371,32.07254],[73.6838,32.07239],[73.68369,32.07204]]]]}},{"type":"Feature","properties":{"lu":"City Park and Open Spaces","ct":"Proposed","a":23.008},"geometry":{"type":"MultiPolygon","coordinates":[[[[73.69451,32.07732],[73.69054,32.07145],[73.69041,32.07143],[73.69016,32.07154],[73.68999,32.07134],[73.68975,32.07129],[73.69399,32.07759],[73.69451,32.07732]]],[[[73.69388,32.07765],[73.68978,32.07142],[73.68952,32.07149],[73.68971,32.07177],[73.68917,32.07204],[73.68924,32.07222],[73.69034,32.07385],[73.69088,32.07396],[73.6909,32.07423],[73.69063,32.07423],[73.69085,32.07454],[73.69159,32.07423],[73.69238,32.07539],[73.69163,32.07571],[73.6932,32.078],[73.69388,32.07765]]]]}},{"type":"Feature","properties":{"lu":"Park and Open Spaces","ct":"Existing","a":0.786},"geometry":{"type":"MultiPolygon","coordinates":[[[[73.28801,31.90425],[73.28734,31.9042],[73.2873,31.90464],[73.28798,31.9047],[73.28801,31.90425]]]]}},{"type":"Feature","properties":{"lu":"Water Body","ct":"Existing","a":0.008},"geometry":{"type":"MultiPolygon","coordinates":[[[[73.66565,32.05321],[73.66564,32.05322],[73.66578,32.05331],[73.66594,32.05341],[73.66615,32.05354],[73.66616,32.05355],[73.66565,32.05321]]]]}},{"type":"Feature","properties":{"lu":"Water Body","ct":"Existing","a":0.588},"geometry":{"type":"MultiPolygon","coordinates":[[[[73.68344,32.03962],[73.68013,32.03958],[73.68013,32.03965],[73.68345,32.03971],[73.68344,32.03962]]]]}},{"type":"Feature","properties":{"lu":"Water Body","ct":"Existing","a":0.27},"geometry":{"type":"MultiPolygon","coordinates":[[[[73.67993,32.03965],[73.67993,32.03958],[73.67803,32.03954],[73.67811,32.0396],[73.67993,32.03965]]]]}},{"type":"Feature","properties":{"lu":"Water Body","ct":"Existing","a":5.642},"geometry":{"type":"MultiPolygon","coordinates":[[[[73.54727,31.86589],[73.5473,31.86569],[73.54657,31.86573],[73.54305,31.86546],[73.53711,31.8663],[73.53105,31.86739],[73.53036,31.86736],[73.52926,31.8669],[73.5291,31.86697],[73.53024,31.86745],[73.5309,31.86751],[73.53675,31.86646],[73.54322,31.86555],[73.54727,31.86589]]]]}},{"type":"Feature","properties":{"lu":"Water Body","ct":"Existing","a":13.013},"geometry":{"type":"MultiPolygon","coordinates":[[[[73.51518,31.81904],[73.51512,31.81896],[73.511,31.82259],[73.51074,31.82317],[73.51072,31.82354],[73.51305,31.83468],[73.51293,31.83551],[73.51194,31.83863],[73.5112,31.8417],[73.50906,31.8519],[73.50886,31.85407],[73.509,31.85408],[73.50937,31.85119],[73.51176,31.83973],[73.51307,31.83552],[73.51318,31.83493],[73.51318,31.83463],[73.51208,31.82942],[73.51089,31.82327],[73.51098,31.8229],[73.51124,31.82253],[73.51518,31.81904]]]]}},{"type":"Feature","properties":{"lu":"Water Body","ct":"Existing","a":0.437},"geometry":{"type":"MultiPolygon","coordinates":[[[[73.50896,31.85441],[73.50884,31.8544],[73.50881,31.8556],[73.50896,31.8556],[73.50896,31.85441]]]]}},{"type":"Feature","properties":{"lu":"Water Body","ct":"Existing","a":1.035},"geometry":{"type":"MultiPolygon","coordinates":[[[[73.52786,31.86666],[73.52826,31.86667],[73.52864,31.8668],[73.52881,31.86673],[73.52842,31.8666],[73.52759,31.8666],[73.52532,31.86724],[73.52536,31.86735],[73.52786,31.86666]]]]}},{"type":"Feature","properties":{"lu":"Water Body","ct":"Existing","a":1.455},"geometry":{"type":"MultiPolygon","coordinates":[[[[73.52518,31.86741],[73.52514,31.8673],[73.51997,31.8688],[73.52,31.86888],[73.52518,31.86741]]]]}},{"type":"Feature","properties":{"lu":"Water Body","ct":"Existing","a":0.598},"geometry":{"type":"MultiPolygon","coordinates":[[[[73.51777,31.8695],[73.51981,31.86893],[73.51978,31.86885],[73.51789,31.86939],[73.51729,31.86938],[73.51707,31.86947],[73.51777,31.8695]]]]}},{"type":"Feature","properties":{"lu":"Oil Depot Buffer Zone","ct":"Proposed","a":32.593},"geometry":{"type":"MultiPolygon","coordinates":[[[[73.70782,32.07928],[73.70704,32.07935],[73.70714,32.07903],[73.70791,32.07897],[73.7084,32.07727],[73.70753,32.07665],[73.70637,32.07675],[73.70639,32.07696],[73.70362,32.07726],[73.70313,32.07774],[73.70271,32.0783],[73.70302,32.07856],[73.70508,32.07836],[73.70519,32.07897],[73.7045,32.07903],[73.70449,32.07949],[73.7066,32.08066],[73.70732,32.08018],[73.70765,32.07984],[73.70782,32.07928]]]]}},{"type":"Feature","properties":{"lu":"Oil Depot Buffer Zone","ct":"Proposed","a":77.025},"geometry":{"type":"MultiPolygon","coordinates":[[[[73.71742,32.07816],[73.71719,32.07792],[73.71579,32.07806],[73.71567,32.07701],[73.71518,32.07702],[73.71517,32.07682],[73.71281,32.07706],[73.71273,32.07648],[73.71064,32.07667],[73.71057,32.07618],[73.70963,32.07611],[73.70876,32.07618],[73.70845,32.07724],[73.70876,32.07757],[73.71022,32.07871],[73.7126,32.08043],[73.71306,32.08068],[73.71327,32.08067],[73.71501,32.08121],[73.71555,32.08128],[73.71699,32.08132],[73.71819,32.08112],[73.71827,32.08097],[73.718,32.07903],[73.717,32.07911],[73.71688,32.07823],[73.71742,32.07816]]]]}},{"type":"Feature","properties":{"lu":"Oil Depot Buffer Zone","ct":"Proposed","a":25.486},"geometry":{"type":"MultiPolygon","coordinates":[[[[73.71855,32.08101],[73.71843,32.08001],[73.71807,32.07907],[73.71832,32.08096],[73.71823,32.08114],[73.71697,32.08137],[73.71555,32.08132],[73.71445,32.08113],[73.71312,32.08073],[73.71344,32.08125],[73.71358,32.0823],[73.71411,32.08323],[73.71444,32.08345],[73.71612,32.08418],[73.7172,32.08287],[73.71819,32.0813],[73.71841,32.08105],[73.71855,32.08101]]]]}},{"type":"Feature","properties":{"lu":"Oil Depot Buffer Zone","ct":"Proposed","a":4.35},"geometry":{"type":"MultiPolygon","coordinates":[[[[73.71782,32.0822],[73.71689,32.08351],[73.71831,32.08397],[73.71846,32.08221],[73.71782,32.0822]]]]}},{"type":"Feature","properties":{"lu":"Oil Depot Buffer Zone","ct":"Proposed","a":0.644},"geometry":{"type":"MultiPolygon","coordinates":[[[[73.71854,32.08119],[73.71793,32.08204],[73.71847,32.08204],[73.71854,32.08119]]]]}},{"type":"Feature","properties":{"lu":"Water Body","ct":"Existing","a":1.874},"geometry":{"type":"MultiPolygon","coordinates":[[[[73.69864,32.05278],[73.69849,32.05279],[73.70181,32.05669],[73.70189,32.05668],[73.70301,32.05794],[73.69864,32.05278]]]]}},{"type":"Feature","properties":{"lu":"Oil Depot Buffer Zone","ct":"Proposed","a":62.729},"geometry":{"type":"MultiPolygon","coordinates":[[[[73.71831,32.08397],[73.71689,32.08351],[73.71495,32.0856],[73.71522,32.08594],[73.71496,32.08622],[73.71465,32.08617],[73.71452,32.08606],[73.71421,32.08641],[73.71443,32.08652],[73.7143,32.08667],[73.71405,32.08658],[73.71071,32.09018],[73.71266,32.09033],[73.71398,32.09021],[73.71533,32.08978],[73.71649,32.08906],[73.71734,32.08816],[73.7179,32.0871],[73.71809,32.08628],[73.71831,32.08397]]]]}},{"type":"Feature","properties":{"lu":"Oil Depot Buffer Zone","ct":"Proposed","a":94.573},"geometry":{"type":"MultiPolygon","coordinates":[[[[73.7161,32.08421],[73.71439,32.08348],[73.71407,32.08326],[73.71312,32.08305],[73.71305,32.08311],[73.713,32.08356],[73.7128,32.08579],[73.7068,32.08533],[73.70681,32.08501],[73.70254,32.08473],[73.704,32.08618],[73.70484,32.08636],[73.70694,32.08822],[73.70733,32.08834],[73.70754,32.08866],[73.70839,32.08922],[73.70938,32.09008],[73.71057,32.09017],[73.7161,32.08421]]]]}},{"type":"Feature","properties":{"lu":"Oil Depot Buffer Zone","ct":"Proposed","a":3.163},"geometry":{"type":"MultiPolygon","coordinates":[[[[73.70423,32.08457],[73.70213,32.08442],[73.70254,32.08473],[73.70681,32.08501],[73.7068,32.08533],[73.70687,32.08534],[73.70691,32.08478],[73.70423,32.08457]]]]}},{"type":"Feature","properties":{"lu":"Oil Depot Buffer Zone","ct":"Proposed","a":40.811},"geometry":{"type":"MultiPolygon","coordinates":[[[[73.70176,32.0841],[73.70165,32.08408],[73.70154,32.08528],[73.70158,32.08589],[73.70172,32.08651],[73.70229,32.08766],[73.70319,32.08862],[73.70422,32.08928],[73.7054,32.0897],[73.70625,32.08984],[73.70907,32.09006],[73.70826,32.08934],[73.7074,32.08878],[73.70721,32.08847],[73.70681,32.08834],[73.70472,32.08649],[73.70387,32.0863],[73.70217,32.08463],[73.70221,32.08459],[73.70176,32.0841]]]]}}]}