{"type":"FeatureCollection","features":[{"type":"Feature","properties":{"lu":"Brick Kiln","ct":"Existing","a":10.526},"geometry":{"type":"MultiPolygon","coordinates":[[[[73.71607,32.12654],[73.71485,32.12497],[73.71458,32.12539],[73.71426,32.12529],[73.714,32.12587],[73.71433,32.12601],[73.71399,32.12654],[73.71364,32.12645],[73.71345,32.12698],[73.71465,32.12744],[73.71442,32.12801],[73.71502,32.12826],[73.71536,32.12774],[73.71522,32.12764],[73.71542,32.12709],[73.71562,32.12714],[73.71607,32.12654]]]]}},{"type":"Feature","properties":{"lu":"Agro Based Industry","ct":"Existing","a":2.132},"geometry":{"type":"MultiPolygon","coordinates":[[[[73.732,32.13004],[73.73121,32.12974],[73.73079,32.13059],[73.73163,32.13085],[73.73208,32.13008],[73.732,32.13004]]]]}},{"type":"Feature","properties":{"lu":"Agro Based Industry","ct":"Existing","a":1.828},"geometry":{"type":"MultiPolygon","coordinates":[[[[73.73068,32.14313],[73.73079,32.14287],[73.73202,32.14299],[73.73206,32.14262],[73.73035,32.14252],[73.7302,32.14298],[73.73068,32.14313]]]]}},{"type":"Feature","properties":{"lu":"Agro Based Industry","ct":"Existing","a":1.163},"geometry":{"type":"MultiPolygon","coordinates":[[[[73.74164,32.16971],[73.74132,32.16919],[73.74066,32.16956],[73.74105,32.17008],[73.74164,32.16971]]]]}},{"type":"Feature","properties":{"lu":"Agro Based Industry","ct":"Existing","a":1.079},"geometry":{"type":"MultiPolygon","coordinates":[[[[73.75392,32.17509],[73.75393,32.17449],[73.75321,32.17452],[73.75324,32.17511],[73.75392,32.17509]]]]}},{"type":"Feature","properties":{"lu":"Agro Based Industry","ct":"Existing","a":7.036},"geometry":{"type":"MultiPolygon","coordinates":[[[[73.75514,32.17684],[73.75493,32.17683],[73.755,32.1764],[73.75248,32.17633],[73.75244,32.17723],[73.75511,32.17759],[73.75514,32.17684]]]]}},{"type":"Feature","properties":{"lu":"Agro Based Industry","ct":"Existing","a":0.553},"geometry":{"type":"MultiPolygon","coordinates":[[[[73.77046,32.16396],[73.7693,32.16386],[73.76929,32.16406],[73.77043,32.16413],[73.77046,32.16396]]]]}},{"type":"Feature","properties":{"lu":"Brick Kiln","ct":"Existing","a":7.97},"geometry":{"type":"MultiPolygon","coordinates":[[[[73.76748,32.0751],[73.76775,32.07688],[73.76845,32.0768],[73.76815,32.07493],[73.76755,32.07504],[73.76744,32.07496],[73.76735,32.07447],[73.76606,32.07466],[73.76593,32.0745],[73.76456,32.07467],[73.7646,32.07538],[73.76747,32.07503],[73.76748,32.0751]]]]}},{"type":"Feature","properties":{"lu":"Agro Based Industry","ct":"Existing","a":14.812,"nm":"Al Sahad Rice Mill"},"geometry":{"type":"MultiPolygon","coordinates":[[[[73.76775,32.07688],[73.76748,32.0751],[73.76464,32.07542],[73.76494,32.07704],[73.7663,32.07684],[73.76643,32.07767],[73.76787,32.07749],[73.76775,32.07688]]]]}},{"type":"Feature","properties":{"lu":"Agro Based Industry","ct":"Existing","a":8.557},"geometry":{"type":"MultiPolygon","coordinates":[[[[73.76454,32.07968],[73.76446,32.07903],[73.7651,32.07895],[73.76501,32.07834],[73.76438,32.07841],[73.76419,32.07724],[73.7628,32.07744],[73.76303,32.07909],[73.76381,32.07904],[73.76389,32.07976],[73.76454,32.07968]]]]}},{"type":"Feature","properties":{"lu":"Agro Based Industry","ct":"Existing","a":1.132},"geometry":{"type":"MultiPolygon","coordinates":[[[[73.73384,31.95677],[73.73385,31.95644],[73.73238,31.95649],[73.73238,31.95675],[73.73384,31.95677]]]]}},{"type":"Feature","properties":{"lu":"Brick Kiln","ct":"Existing","a":1.6},"geometry":{"type":"MultiPolygon","coordinates":[[[[73.72515,31.97315],[73.72621,31.97314],[73.72617,31.97257],[73.72482,31.97275],[73.72515,31.97315]]]]}},{"type":"Feature","properties":{"lu":"Brick Kiln","ct":"Existing","a":3.179},"geometry":{"type":"MultiPolygon","coordinates":[[[[73.72476,31.97387],[73.72476,31.97494],[73.72629,31.97496],[73.72537,31.97378],[73.72476,31.97387]]]]}},{"type":"Feature","properties":{"lu":"Agro Based Industry","ct":"Existing","a":10.619,"nm":"Umar Rice"},"geometry":{"type":"MultiPolygon","coordinates":[[[[73.70115,32.01053],[73.70095,32.00992],[73.70088,32.0099],[73.6963,32.01102],[73.69634,32.01198],[73.69737,32.01191],[73.69738,32.01136],[73.6998,32.01123],[73.69976,32.011],[73.7005,32.01082],[73.70109,32.01062],[73.70107,32.01055],[73.70115,32.01053]]]]}},{"type":"Feature","properties":{"lu":"Agro Based Industry","ct":"Existing","a":3.564,"nm":"Raza Rice"},"geometry":{"type":"MultiPolygon","coordinates":[[[[73.70349,32.01516],[73.70346,32.01455],[73.70121,32.0147],[73.70127,32.01531],[73.70349,32.01516]]]]}},{"type":"Feature","properties":{"lu":"Agro Based Industry","ct":"Existing","a":4.068,"nm":"Hamza Floor"},"geometry":{"type":"MultiPolygon","coordinates":[[[[73.70132,32.01591],[73.70352,32.01574],[73.70349,32.01516],[73.70127,32.01531],[73.70129,32.01551],[73.7006,32.01554],[73.70066,32.01597],[73.70132,32.01591]]]]}},{"type":"Feature","properties":{"lu":"Agro Based Industry","ct":"Existing","a":2.381},"geometry":{"type":"MultiPolygon","coordinates":[[[[73.73937,31.98873],[73.73937,31.98821],[73.73762,31.98821],[73.73757,31.98872],[73.73937,31.98873]]]]}},{"type":"Feature","properties":{"lu":"Industrial","ct":"Existing","a":1.072},"geometry":{"type":"MultiPolygon","coordinates":[[[[73.79143,31.97753],[73.79072,31.9775],[73.79074,31.97794],[73.79081,31.97795],[73.79082,31.9781],[73.79146,31.97809],[73.79143,31.97753]]]]}},{"type":"Feature","properties":{"lu":"Agro Based Industry","ct":"Existing","a":0.663,"nm":"Rana Poultry Farm"},"geometry":{"type":"MultiPolygon","coordinates":[[[[73.75918,32.10178],[73.75862,32.10159],[73.75867,32.10223],[73.7591,32.10223],[73.75909,32.10197],[73.75918,32.10178]]]]}},{"type":"Feature","properties":{"lu":"Agro Based Industry","ct":"Existing","a":3.552},"geometry":{"type":"MultiPolygon","coordinates":[[[[73.78261,32.11341],[73.78131,32.11341],[73.78128,32.11354],[73.78385,32.11442],[73.78398,32.114],[73.78364,32.11394],[73.78359,32.11338],[73.78261,32.11341]]]]}},{"type":"Feature","properties":{"lu":"Brick Kiln","ct":"Existing","a":12.62},"geometry":{"type":"MultiPolygon","coordinates":[[[[73.79951,32.09094],[73.79554,32.09036],[73.79554,32.09052],[73.79569,32.09054],[73.79569,32.09114],[73.79557,32.09113],[73.79551,32.09123],[73.79546,32.09166],[73.79745,32.0917],[73.79734,32.09285],[73.79789,32.09285],[73.79792,32.09202],[73.79836,32.09197],[73.79851,32.09181],[73.7993,32.09178],[73.79932,32.09124],[73.79949,32.09124],[73.79951,32.09094]]]]}},{"type":"Feature","properties":{"lu":"Industrial","ct":"Existing","a":1.022},"geometry":{"type":"MultiPolygon","coordinates":[[[[73.80215,32.09133],[73.80143,32.09123],[73.80143,32.09183],[73.80214,32.09183],[73.80215,32.09133]]]]}},{"type":"Feature","properties":{"lu":"Industrial","ct":"Existing","a":1.839},"geometry":{"type":"MultiPolygon","coordinates":[[[[73.71803,32.01582],[73.71766,32.01647],[73.71907,32.01623],[73.71889,32.01562],[73.71803,32.01582]]]]}},{"type":"Feature","properties":{"lu":"Brick Kiln","ct":"Existing","a":8.534},"geometry":{"type":"MultiPolygon","coordinates":[[[[73.78761,32.0298],[73.78766,32.02979],[73.78756,32.02919],[73.78715,32.02929],[73.78708,32.02899],[73.78652,32.02907],[73.78632,32.02873],[73.786,32.02877],[73.78607,32.02936],[73.78416,32.02963],[73.78432,32.03023],[73.7851,32.0301],[73.78525,32.03068],[73.78646,32.03073],[73.78637,32.03058],[73.78636,32.02997],[73.78761,32.0298]]]]}},{"type":"Feature","properties":{"lu":"Brick Kiln","ct":"Existing","a":9.8},"geometry":{"type":"MultiPolygon","coordinates":[[[[73.73477,31.98644],[73.73477,31.98639],[73.73567,31.98643],[73.73568,31.98651],[73.73645,31.98652],[73.73654,31.98583],[73.73562,31.98572],[73.73562,31.98453],[73.73532,31.98457],[73.73527,31.98515],[73.7348,31.9852],[73.73481,31.98565],[73.73265,31.98576],[73.73264,31.98641],[73.73408,31.98635],[73.73405,31.98704],[73.73478,31.98706],[73.73477,31.98644]]]]}},{"type":"Feature","properties":{"lu":"Brick Kiln","ct":"Existing","a":10.315},"geometry":{"type":"MultiPolygon","coordinates":[[[[73.73831,31.99],[73.73837,31.98965],[73.73856,31.98942],[73.73941,31.9894],[73.7394,31.9888],[73.73761,31.98881],[73.73755,31.98938],[73.73664,31.98931],[73.73645,31.98967],[73.73642,31.98997],[73.7369,31.98991],[73.73695,31.99119],[73.73763,31.99121],[73.73767,31.99062],[73.73903,31.99059],[73.73906,31.99],[73.73831,31.99]]]]}},{"type":"Feature","properties":{"lu":"Agro Based Industry","ct":"Existing","a":4.424,"nm":"Rana Rice Mill"},"geometry":{"type":"MultiPolygon","coordinates":[[[[73.73559,31.98928],[73.73405,31.98924],[73.73408,31.99062],[73.73393,31.99061],[73.73398,31.99123],[73.73414,31.99126],[73.73559,31.98928]]]]}},{"type":"Feature","properties":{"lu":"Industrial","ct":"Existing","a":1.087},"geometry":{"type":"MultiPolygon","coordinates":[[[[73.72207,32.00924],[73.72165,32.00931],[73.72148,32.00875],[73.72119,32.00884],[73.72158,32.01003],[73.72207,32.00924]]]]}},{"type":"Feature","properties":{"lu":"Agro Based Industry","ct":"Existing","a":0.073},"geometry":{"type":"MultiPolygon","coordinates":[[[[73.184,31.88873],[73.18391,31.8886],[73.18376,31.88867],[73.18383,31.88881],[73.184,31.88873]]]]}},{"type":"Feature","properties":{"lu":"Agro Based Industry","ct":"Existing","a":0.193},"geometry":{"type":"MultiPolygon","coordinates":[[[[73.26952,31.78676],[73.26921,31.78672],[73.26921,31.78698],[73.26952,31.78698],[73.26952,31.78676]]]]}},{"type":"Feature","properties":{"lu":"Agro Based Industry","ct":"Existing","a":0.078},"geometry":{"type":"MultiPolygon","coordinates":[[[[73.27193,31.85089],[73.27181,31.85088],[73.27178,31.85112],[73.27191,31.85114],[73.27193,31.85089]]]]}},{"type":"Feature","properties":{"lu":"Agro Based Industry","ct":"Existing","a":8.507,"nm":"Aziz Daisay Farm"},"geometry":{"type":"MultiPolygon","coordinates":[[[[73.24338,31.86965],[73.24447,31.86916],[73.24459,31.86921],[73.24613,31.86908],[73.24611,31.86865],[73.24565,31.86868],[73.24558,31.86812],[73.24447,31.86816],[73.24444,31.86776],[73.24431,31.86771],[73.24321,31.86796],[73.24338,31.86965]]]]}},{"type":"Feature","properties":{"lu":"Industrial","ct":"Existing","a":2.058},"geometry":{"type":"MultiPolygon","coordinates":[[[[73.30184,31.88511],[73.30141,31.88535],[73.30199,31.8868],[73.30247,31.88669],[73.30184,31.88511]]]]}},{"type":"Feature","properties":{"lu":"Agro Based Industry","ct":"Existing","a":0.241,"nm":"Asif Bawra Dairy Farm"},"geometry":{"type":"MultiPolygon","coordinates":[[[[73.54651,32.08664],[73.54652,32.08642],[73.54607,32.08645],[73.54607,32.08665],[73.54651,32.08664]]]]}},{"type":"Feature","properties":{"lu":"Agro Based Industry","ct":"Existing","a":29.669,"nm":"Langah Rice Mill"},"geometry":{"type":"MultiPolygon","coordinates":[[[[73.6556,32.05057],[73.65635,32.05098],[73.65741,32.04965],[73.65761,32.04979],[73.65922,32.04778],[73.6574,32.04676],[73.6578,32.04628],[73.65603,32.04526],[73.65463,32.04709],[73.65529,32.04745],[73.65512,32.04765],[73.65685,32.04863],[73.65563,32.05006],[73.65589,32.05021],[73.6556,32.05057]]]]}},{"type":"Feature","properties":{"lu":"Agro Based Industry","ct":"Existing","a":2.748,"nm":"Arshad Bhatti Poultary Farm"},"geometry":{"type":"MultiPolygon","coordinates":[[[[73.61878,32.14644],[73.61816,32.1462],[73.61772,32.14702],[73.61964,32.14777],[73.61979,32.14748],[73.6185,32.14698],[73.61878,32.14644]]]]}},{"type":"Feature","properties":{"lu":"Agro Based Industry","ct":"Existing","a":0.289},"geometry":{"type":"MultiPolygon","coordinates":[[[[73.6104,32.23424],[73.61087,32.23435],[73.61101,32.23424],[73.6106,32.23399],[73.6104,32.23424]]]]}},{"type":"Feature","properties":{"lu":"Agro Based Industry","ct":"Existing","a":3.9,"nm":"Pak Rice Mills"},"geometry":{"type":"MultiPolygon","coordinates":[[[[73.60262,32.22635],[73.60103,32.22557],[73.60092,32.22572],[73.60091,32.22671],[73.60186,32.22674],[73.6019,32.22688],[73.60212,32.22691],[73.60216,32.2273],[73.60231,32.22731],[73.60236,32.22687],[73.60255,32.22669],[73.60262,32.22635]]]]}},{"type":"Feature","properties":{"lu":"Agro Based Industry","ct":"Existing","a":0.17},"geometry":{"type":"MultiPolygon","coordinates":[[[[73.58013,32.24681],[73.57991,32.24668],[73.57974,32.24687],[73.57995,32.24702],[73.58013,32.24681]]]]}},{"type":"Feature","properties":{"lu":"Agro Based Industry","ct":"Existing","a":0.96},"geometry":{"type":"MultiPolygon","coordinates":[[[[73.56433,32.24183],[73.56393,32.24232],[73.56441,32.24261],[73.56488,32.24206],[73.56466,32.24193],[73.56454,32.242],[73.56433,32.24183]]]]}},{"type":"Feature","properties":{"lu":"Agro Based Industry","ct":"Existing","a":0.415,"nm":"Rice Sailar"},"geometry":{"type":"MultiPolygon","coordinates":[[[[73.57666,32.21219],[73.5764,32.21198],[73.57606,32.21231],[73.5764,32.2125],[73.57666,32.21219]]]]}},{"type":"Feature","properties":{"lu":"Agro Based Industry","ct":"Existing","a":0.438,"nm":"Olympia Poultry Farms-Farm No.11"},"geometry":{"type":"MultiPolygon","coordinates":[[[[73.56396,32.19999],[73.56396,32.19955],[73.56383,32.19955],[73.56382,32.19963],[73.5635,32.19964],[73.56351,32.20001],[73.56396,32.19999]]]]}},{"type":"Feature","properties":{"lu":"Agro Based Industry","ct":"Existing","a":12.471,"nm":"Usman Rice Mill"},"geometry":{"type":"MultiPolygon","coordinates":[[[[73.59553,32.20231],[73.59503,32.20299],[73.59514,32.20306],[73.59493,32.20339],[73.59502,32.20348],[73.59503,32.20365],[73.59628,32.20367],[73.59623,32.20424],[73.59651,32.20426],[73.59645,32.20488],[73.59771,32.20487],[73.59777,32.20254],[73.59557,32.20237],[73.59553,32.20231]]]]}},{"type":"Feature","properties":{"lu":"Industrial","ct":"Existing","a":11.936},"geometry":{"type":"MultiPolygon","coordinates":[[[[73.59801,32.19881],[73.59605,32.19879],[73.59608,32.19915],[73.59635,32.19918],[73.59641,32.19944],[73.59498,32.19941],[73.59489,32.20124],[73.59621,32.20127],[73.59801,32.19881]]]]}},{"type":"Feature","properties":{"lu":"Agro Based Industry","ct":"Existing","a":12.702},"geometry":{"type":"MultiPolygon","coordinates":[[[[73.59807,32.19886],[73.59625,32.20133],[73.59703,32.20132],[73.59703,32.2014],[73.59722,32.20148],[73.59723,32.20169],[73.59749,32.2017],[73.59749,32.20152],[73.59768,32.20149],[73.5977,32.20125],[73.5991,32.20123],[73.5992,32.19889],[73.59807,32.19886]]]]}},{"type":"Feature","properties":{"lu":"Agro Based Industry","ct":"Existing","a":7.864},"geometry":{"type":"MultiPolygon","coordinates":[[[[73.61976,32.18231],[73.62043,32.18227],[73.62052,32.18236],[73.62053,32.18285],[73.62123,32.18277],[73.62116,32.1822],[73.62049,32.18226],[73.62031,32.18105],[73.61967,32.18111],[73.61968,32.1817],[73.61897,32.18176],[73.61899,32.18205],[73.61761,32.1822],[73.61771,32.18311],[73.61912,32.18295],[73.61906,32.18246],[73.61976,32.18231]]]]}},{"type":"Feature","properties":{"lu":"Agro Based Industry","ct":"Existing","a":4.369,"nm":"Chatha Rice Mill"},"geometry":{"type":"MultiPolygon","coordinates":[[[[73.59688,32.1061],[73.59636,32.10486],[73.59516,32.10527],[73.59573,32.10651],[73.59688,32.1061]]]]}},{"type":"Feature","properties":{"lu":"Agro Based Industry","ct":"Existing","a":13.41,"nm":"Nrsp Processing Unit"},"geometry":{"type":"MultiPolygon","coordinates":[[[[73.6538,32.04461],[73.65565,32.04364],[73.65341,32.04224],[73.65296,32.04276],[73.65232,32.04238],[73.65142,32.04301],[73.65279,32.04383],[73.65265,32.04403],[73.65326,32.04435],[73.65291,32.04483],[73.65298,32.0449],[73.6538,32.04461]]]]}},{"type":"Feature","properties":{"lu":"Industrial","ct":"Existing","a":6.757,"nm":"Malik Bhatti Bricks Factory"},"geometry":{"type":"MultiPolygon","coordinates":[[[[73.57624,31.98858],[73.57539,31.98691],[73.57406,31.98743],[73.57495,31.98907],[73.57624,31.98858]]]]}},{"type":"Feature","properties":{"lu":"Agro Based Industry","ct":"Existing","a":1.186,"nm":"Rana Tariq Poultary Form"},"geometry":{"type":"MultiPolygon","coordinates":[[[[73.61445,31.98508],[73.61432,31.98446],[73.61391,31.9845],[73.6139,31.9844],[73.61366,31.98443],[73.61374,31.98516],[73.61445,31.98508]]]]}},{"type":"Feature","properties":{"lu":"Industrial","ct":"Existing","a":0.159},"geometry":{"type":"MultiPolygon","coordinates":[[[[73.61864,31.9719],[73.61849,31.9717],[73.61836,31.97176],[73.6183,31.97167],[73.61823,31.9717],[73.61845,31.97199],[73.61864,31.9719]]]]}},{"type":"Feature","properties":{"lu":"Agro Based Industry","ct":"Existing","a":2.377},"geometry":{"type":"MultiPolygon","coordinates":[[[[73.70485,31.95616],[73.70338,31.95623],[73.70342,31.95683],[73.70487,31.95677],[73.70485,31.95616]]]]}},{"type":"Feature","properties":{"lu":"Agro Based Industry","ct":"Existing","a":1.801,"nm":"Punjab Pearl Rice Mills"},"geometry":{"type":"MultiPolygon","coordinates":[[[[73.39192,32.03504],[73.39205,32.03454],[73.3905,32.03469],[73.39056,32.03515],[73.39192,32.03504]]]]}},{"type":"Feature","properties":{"lu":"Agro Based Industry","ct":"Existing","a":10.03,"nm":"Afzal Rice Mills"},"geometry":{"type":"MultiPolygon","coordinates":[[[[73.39086,32.03898],[73.38763,32.03845],[73.38748,32.03962],[73.38885,32.03979],[73.38887,32.03987],[73.39053,32.04025],[73.39086,32.03898]]]]}},{"type":"Feature","properties":{"lu":"Agro Based Industry","ct":"Existing","a":0.047,"nm":"Sheikh Shahid Rice Mills"},"geometry":{"type":"MultiPolygon","coordinates":[[[[73.38355,32.08034],[73.38406,32.08071],[73.3845,32.08103],[73.3834,32.0802],[73.38355,32.08034]]],[[[73.38481,32.08126],[73.38558,32.08178],[73.3845,32.08103],[73.38481,32.08126]]]]}},{"type":"Feature","properties":{"lu":"Agro Based Industry","ct":"Existing","a":6.177,"nm":"Fazal E Rabi Rice Mills"},"geometry":{"type":"MultiPolygon","coordinates":[[[[73.39217,32.08814],[73.39217,32.08813],[73.39198,32.08814],[73.39217,32.08814]]],[[[73.39006,32.08845],[73.39008,32.08878],[73.3908,32.08882],[73.39082,32.08936],[73.39359,32.08932],[73.39358,32.0887],[73.39222,32.08872],[73.3922,32.08847],[73.39006,32.08845]]]]}},{"type":"Feature","properties":{"lu":"Brick Kiln","ct":"Existing","a":0.639},"geometry":{"type":"MultiPolygon","coordinates":[[[[73.35716,32.0322],[73.35694,32.03175],[73.35646,32.0318],[73.35685,32.0324],[73.35716,32.0322]]]]}},{"type":"Feature","properties":{"lu":"Agro Based Industry","ct":"Existing","a":7.306,"nm":"Suhan Ullah Rice Mill"},"geometry":{"type":"MultiPolygon","coordinates":[[[[73.33837,32.00879],[73.33811,32.00772],[73.33547,32.00806],[73.33559,32.00849],[73.33547,32.00853],[73.33559,32.00907],[73.33837,32.00879]]]]}},{"type":"Feature","properties":{"lu":"Agro Based Industry","ct":"Existing","a":1.553,"nm":"Arshed Rice Mill"},"geometry":{"type":"MultiPolygon","coordinates":[[[[73.30567,31.95887],[73.30566,31.95832],[73.30437,31.95843],[73.30454,31.95886],[73.30567,31.95887]]]]}},{"type":"Feature","properties":{"lu":"Agro Based Industry","ct":"Existing","a":5.696,"nm":"Crystal Rice Mill"},"geometry":{"type":"MultiPolygon","coordinates":[[[[73.30244,31.9558],[73.3029,31.95649],[73.30373,31.95619],[73.30399,31.95662],[73.30423,31.9565],[73.30415,31.95637],[73.30456,31.95629],[73.30457,31.95655],[73.30502,31.95647],[73.30495,31.95617],[73.30541,31.95598],[73.30525,31.95558],[73.30476,31.95569],[73.30473,31.9555],[73.30462,31.95549],[73.30371,31.95566],[73.30349,31.95532],[73.30246,31.95573],[73.30244,31.9558]]]]}},{"type":"Feature","properties":{"lu":"Agro Based Industry","ct":"Existing","a":27.417,"nm":"Blue Pearl Rice Mills"},"geometry":{"type":"MultiPolygon","coordinates":[[[[73.34651,32.01538],[73.34627,32.01319],[73.34687,32.01319],[73.34668,32.00958],[73.34525,32.00962],[73.34547,32.01294],[73.34477,32.01293],[73.3447,32.01238],[73.34398,32.01238],[73.34399,32.01298],[73.34371,32.01301],[73.34377,32.0137],[73.34507,32.01362],[73.34512,32.01432],[73.34372,32.01444],[73.34443,32.0155],[73.34651,32.01538]]]]}},{"type":"Feature","properties":{"lu":"Brick Kiln","ct":"Existing","a":14.023},"geometry":{"type":"MultiPolygon","coordinates":[[[[73.34651,32.01538],[73.34443,32.0155],[73.34522,32.0166],[73.3493,32.01616],[73.34918,32.01527],[73.34988,32.01521],[73.3498,32.014],[73.34906,32.01411],[73.34913,32.01518],[73.34891,32.01529],[73.34651,32.01538]]]]}},{"type":"Feature","properties":{"lu":"Industrial","ct":"Existing","a":4.528},"geometry":{"type":"MultiPolygon","coordinates":[[[[73.56156,32.10561],[73.56196,32.10453],[73.56024,32.10441],[73.56017,32.10563],[73.56057,32.10566],[73.56064,32.10555],[73.56156,32.10561]]]]}},{"type":"Feature","properties":{"lu":"Agro Based Industry","ct":"Existing","a":0.11,"nm":"Goraya Dairy Farm"},"geometry":{"type":"MultiPolygon","coordinates":[[[[73.3477,32.08655],[73.34763,32.08632],[73.34745,32.08638],[73.34753,32.0866],[73.3477,32.08655]]]]}},{"type":"Feature","properties":{"lu":"Agro Based Industry","ct":"Existing","a":0.222},"geometry":{"type":"MultiPolygon","coordinates":[[[[73.36111,32.12684],[73.36079,32.12676],[73.3607,32.12698],[73.36103,32.1271],[73.36111,32.12684]]]]}},{"type":"Feature","properties":{"lu":"Brick Kiln","ct":"Existing","a":4.261},"geometry":{"type":"MultiPolygon","coordinates":[[[[73.49065,31.84585],[73.4906,31.84534],[73.49124,31.84518],[73.49088,31.84351],[73.49028,31.84356],[73.49052,31.84531],[73.48993,31.84546],[73.49003,31.846],[73.48978,31.84619],[73.49065,31.84585]]]]}},{"type":"Feature","properties":{"lu":"Agro Based Industry","ct":"Existing","a":1.252,"nm":"Aslam Dairy And Fattening Farm"},"geometry":{"type":"MultiPolygon","coordinates":[[[[73.3809,32.04049],[73.38011,32.04043],[73.38007,32.04104],[73.38087,32.04108],[73.3809,32.04049]]]]}},{"type":"Feature","properties":{"lu":"Agro Based Industry","ct":"Existing","a":10.773,"nm":"Rafiq Rice Mill"},"geometry":{"type":"MultiPolygon","coordinates":[[[[73.38199,32.03736],[73.38053,32.03733],[73.38042,32.03894],[73.38014,32.03901],[73.3802,32.03971],[73.38089,32.03972],[73.38083,32.04037],[73.38172,32.04041],[73.38199,32.03736]]]]}},{"type":"Feature","properties":{"lu":"Agro Based Industry","ct":"Existing","a":6.079,"nm":"Bhatti Protein Farm/Olympia Poultry Farm"},"geometry":{"type":"MultiPolygon","coordinates":[[[[73.24343,31.87861],[73.24146,31.87927],[73.24191,31.88031],[73.24385,31.87969],[73.24343,31.87861]]]]}},{"type":"Feature","properties":{"lu":"Agro Based Industry","ct":"Existing","a":0.246,"nm":"Akram Farms"},"geometry":{"type":"MultiPolygon","coordinates":[[[[73.24613,31.88545],[73.24601,31.88519],[73.2457,31.88532],[73.24583,31.88557],[73.24613,31.88545]]]]}},{"type":"Feature","properties":{"lu":"Agro Based Industry","ct":"Existing","a":12.577,"nm":"Zafar Rice Mills"},"geometry":{"type":"MultiPolygon","coordinates":[[[[73.25047,31.88301],[73.25047,31.87941],[73.24982,31.87938],[73.2492,31.88028],[73.2493,31.8804],[73.24823,31.88132],[73.2504,31.88329],[73.25047,31.88301]]]]}},{"type":"Feature","properties":{"lu":"Brick Kiln","ct":"Existing","a":8.039},"geometry":{"type":"MultiPolygon","coordinates":[[[[73.26399,31.87586],[73.26398,31.87355],[73.26346,31.87334],[73.26341,31.8747],[73.26188,31.87464],[73.26175,31.87482],[73.26297,31.87619],[73.26339,31.87612],[73.26399,31.87586]]]]}},{"type":"Feature","properties":{"lu":"Brick Kiln","ct":"Existing","a":5.963},"geometry":{"type":"MultiPolygon","coordinates":[[[[73.26383,31.87043],[73.26328,31.87041],[73.26315,31.87188],[73.26236,31.8718],[73.26229,31.87214],[73.26393,31.8731],[73.26396,31.87044],[73.26383,31.87043]]]]}},{"type":"Feature","properties":{"lu":"Agro Based Industry","ct":"Existing","a":0.179,"nm":"Sidhu Dairy Farm"},"geometry":{"type":"MultiPolygon","coordinates":[[[[73.44924,31.85848],[73.44918,31.8582],[73.44892,31.85827],[73.44902,31.85853],[73.44924,31.85848]]]]}},{"type":"Feature","properties":{"lu":"Brick Kiln","ct":"Existing","a":8.2},"geometry":{"type":"MultiPolygon","coordinates":[[[[73.45147,31.84622],[73.45087,31.84354],[73.44937,31.84379],[73.45069,31.84634],[73.45147,31.84622]]]]}},{"type":"Feature","properties":{"lu":"Agro Based Industry","ct":"Existing","a":6.137,"nm":"Nestle Dairy Farm Training Center"},"geometry":{"type":"MultiPolygon","coordinates":[[[[73.51293,31.83481],[73.51279,31.83403],[73.51072,31.83434],[73.51101,31.83546],[73.51287,31.83522],[73.51293,31.83481]]]]}},{"type":"Feature","properties":{"lu":"Brick Kiln","ct":"Existing","a":7.591},"geometry":{"type":"MultiPolygon","coordinates":[[[[73.5371,31.85747],[73.53588,31.85778],[73.5362,31.85902],[73.53687,31.85893],[73.53707,31.85949],[73.53747,31.85944],[73.5371,31.85747]]],[[[73.53802,31.85875],[73.53789,31.85825],[73.53764,31.85824],[73.53787,31.85948],[73.53911,31.85931],[73.53897,31.85862],[73.53802,31.85875]]]]}},{"type":"Feature","properties":{"lu":"Agro Based Industry","ct":"Existing","a":19.445,"nm":"Hajvery Rice Mills"},"geometry":{"type":"MultiPolygon","coordinates":[[[[73.5362,31.85902],[73.53588,31.85778],[73.53412,31.85823],[73.5343,31.85876],[73.53415,31.85882],[73.53436,31.85954],[73.53347,31.85966],[73.53378,31.86133],[73.53657,31.86094],[73.5362,31.85902]]]]}},{"type":"Feature","properties":{"lu":"Agro Based Industry","ct":"Existing","a":140.554,"nm":"Nishat Dairy Farm"},"geometry":{"type":"MultiPolygon","coordinates":[[[[73.4902,31.90189],[73.48777,31.89942],[73.48746,31.89939],[73.48713,31.89924],[73.48573,31.89771],[73.485,31.89731],[73.48312,31.89667],[73.48138,31.89627],[73.48113,31.89633],[73.4806,31.89703],[73.48026,31.89845],[73.47992,31.89902],[73.48005,31.89967],[73.48025,31.90185],[73.48047,31.90298],[73.48114,31.90296],[73.48133,31.90417],[73.48415,31.90374],[73.48427,31.90442],[73.48848,31.90394],[73.48819,31.90214],[73.4902,31.90189]]]]}},{"type":"Feature","properties":{"lu":"Agro Based Industry","ct":"Existing","a":1.156},"geometry":{"type":"MultiPolygon","coordinates":[[[[73.54297,31.87087],[73.54266,31.87086],[73.54278,31.87216],[73.54316,31.87211],[73.54297,31.87087]]]]}},{"type":"Feature","properties":{"lu":"Agro Based Industry","ct":"Existing","a":1.396,"nm":"Haji Khan Rice Mill"},"geometry":{"type":"MultiPolygon","coordinates":[[[[73.59887,32.22452],[73.59827,32.22423],[73.59822,32.22522],[73.5988,32.22526],[73.59887,32.22452]]]]}},{"type":"Feature","properties":{"lu":"Agro Based Industry","ct":"Existing","a":13.577,"nm":"Bismillah Rice Mill"},"geometry":{"type":"MultiPolygon","coordinates":[[[[73.45981,32.06012],[73.45891,32.06013],[73.45891,32.06038],[73.4588,32.06044],[73.45756,32.06049],[73.4575,32.06055],[73.45764,32.06266],[73.46006,32.06237],[73.45981,32.06012]]]]}},{"type":"Feature","properties":{"lu":"Brick Kiln","ct":"Existing","a":7.361},"geometry":{"type":"MultiPolygon","coordinates":[[[[73.4845,32.062],[73.4846,32.06174],[73.48494,32.0614],[73.48415,32.06144],[73.48408,32.06081],[73.48393,32.06079],[73.48388,32.06068],[73.48232,32.06081],[73.48282,32.06245],[73.48353,32.06234],[73.4845,32.062]]]]}},{"type":"Feature","properties":{"lu":"Brick Kiln","ct":"Existing","a":11.312},"geometry":{"type":"MultiPolygon","coordinates":[[[[73.49372,32.06225],[73.4951,32.06098],[73.49532,32.06055],[73.49525,32.06026],[73.49233,32.0598],[73.49277,32.0618],[73.49345,32.06173],[73.49358,32.06227],[73.49372,32.06225]]]]}},{"type":"Feature","properties":{"lu":"Brick Kiln","ct":"Existing","a":14.085},"geometry":{"type":"MultiPolygon","coordinates":[[[[73.49817,32.06051],[73.49536,32.06027],[73.49532,32.06078],[73.49514,32.06105],[73.49483,32.06139],[73.49429,32.06172],[73.49383,32.06222],[73.49625,32.06173],[73.49702,32.06164],[73.49734,32.06236],[73.49855,32.06201],[73.49817,32.06051]]]]}},{"type":"Feature","properties":{"lu":"Brick Kiln","ct":"Existing","a":6.986},"geometry":{"type":"MultiPolygon","coordinates":[[[[73.5081,32.05882],[73.50796,32.05895],[73.50736,32.05911],[73.50769,32.06028],[73.51043,32.06031],[73.51034,32.05988],[73.50997,32.05997],[73.50976,32.05906],[73.50937,32.05909],[73.50942,32.05943],[73.50845,32.05952],[73.5082,32.05877],[73.5081,32.05882]]]]}},{"type":"Feature","properties":{"lu":"Brick Kiln","ct":"Existing","a":0.428},"geometry":{"type":"MultiPolygon","coordinates":[[[[73.50798,32.05887],[73.50792,32.05872],[73.50728,32.0588],[73.50735,32.05908],[73.50798,32.05887]]]]}},{"type":"Feature","properties":{"lu":"Agro Based Industry","ct":"Existing","a":29.19,"nm":"Resham Rice Mills"},"geometry":{"type":"MultiPolygon","coordinates":[[[[73.4764,32.05778],[73.4764,32.05765],[73.4768,32.05754],[73.47687,32.05832],[73.47866,32.05837],[73.47868,32.05813],[73.48007,32.058],[73.48008,32.0577],[73.4808,32.0577],[73.4807,32.05654],[73.48001,32.05658],[73.47993,32.0553],[73.47709,32.0554],[73.47708,32.05602],[73.47609,32.056],[73.47607,32.05661],[73.47591,32.05665],[73.47594,32.05786],[73.4764,32.05778]]]]}},{"type":"Feature","properties":{"lu":"Brick Kiln","ct":"Existing","a":3.845},"geometry":{"type":"MultiPolygon","coordinates":[[[[73.51011,32.06048],[73.50937,32.06046],[73.50977,32.06217],[73.5109,32.06194],[73.51076,32.06132],[73.51035,32.0614],[73.51011,32.06048]]]]}},{"type":"Feature","properties":{"lu":"Agro Based Industry","ct":"Existing","a":23.318,"nm":"Ali Rice Mills"},"geometry":{"type":"MultiPolygon","coordinates":[[[[73.51306,32.06048],[73.51011,32.06048],[73.51035,32.0614],[73.51076,32.06132],[73.5109,32.06194],[73.50977,32.06217],[73.50937,32.06046],[73.50796,32.06045],[73.50873,32.06359],[73.51075,32.06319],[73.51065,32.06258],[73.51133,32.06248],[73.51122,32.06188],[73.51326,32.06148],[73.51306,32.06048]]]]}},{"type":"Feature","properties":{"lu":"Agro Based Industry","ct":"Existing","a":7.516,"nm":"Tarar Rice Mills"},"geometry":{"type":"MultiPolygon","coordinates":[[[[73.4489,32.05854],[73.44874,32.05721],[73.44659,32.05728],[73.44677,32.05867],[73.4489,32.05854]]]]}},{"type":"Feature","properties":{"lu":"Agro Based Industry","ct":"Existing","a":5.29,"nm":"White Petal Rice Mill"},"geometry":{"type":"MultiPolygon","coordinates":[[[[73.44677,32.05867],[73.44659,32.05728],[73.44519,32.0573],[73.44532,32.05879],[73.44677,32.05867]]]]}},{"type":"Feature","properties":{"lu":"Industrial","ct":"Existing","a":1.152},"geometry":{"type":"MultiPolygon","coordinates":[[[[73.46192,32.05246],[73.4619,32.05179],[73.46126,32.05178],[73.46128,32.05248],[73.46192,32.05246]]]]}},{"type":"Feature","properties":{"lu":"Agro Based Industry","ct":"Existing","a":14.272},"geometry":{"type":"MultiPolygon","coordinates":[[[[73.45747,32.06108],[73.4568,32.0611],[73.45679,32.06059],[73.45479,32.06065],[73.45488,32.06284],[73.45663,32.0628],[73.45756,32.06267],[73.45747,32.06108]]]]}},{"type":"Feature","properties":{"lu":"Agro Based Industry","ct":"Existing","a":15.611,"nm":"Rab Nawaz Sons Rice Mills"},"geometry":{"type":"MultiPolygon","coordinates":[[[[73.47303,32.05837],[73.46871,32.05833],[73.46877,32.05908],[73.46946,32.05909],[73.46961,32.06056],[73.47225,32.06041],[73.47237,32.06028],[73.47237,32.06003],[73.47098,32.06006],[73.47091,32.05933],[73.47115,32.05926],[73.473,32.05915],[73.47303,32.05837]]]]}},{"type":"Feature","properties":{"lu":"Agro Based Industry","ct":"Existing","a":0.479,"nm":"Bashir And Sons Agro Traders"},"geometry":{"type":"MultiPolygon","coordinates":[[[[73.49952,32.05992],[73.49912,32.05997],[73.49917,32.0604],[73.49959,32.06044],[73.49952,32.05992]]]]}},{"type":"Feature","properties":{"lu":"Agro Based Industry","ct":"Existing","a":1.594,"nm":"Ahmad Rice Mills"},"geometry":{"type":"MultiPolygon","coordinates":[[[[73.49347,32.05886],[73.49327,32.05795],[73.49256,32.05809],[73.49272,32.05877],[73.49288,32.05874],[73.49289,32.05893],[73.49347,32.05886]]]]}},{"type":"Feature","properties":{"lu":"Agro Based Industry","ct":"Existing","a":17.388,"nm":"Nazar Muhammad Rice Mills"},"geometry":{"type":"MultiPolygon","coordinates":[[[[73.46022,32.06335],[73.4603,32.06451],[73.46073,32.06553],[73.46097,32.06588],[73.46138,32.06693],[73.4621,32.06688],[73.46205,32.06567],[73.46281,32.06563],[73.46261,32.0633],[73.46257,32.06325],[73.46109,32.06328],[73.46022,32.06335]]]]}},{"type":"Feature","properties":{"lu":"Agro Based Industry","ct":"Existing","a":13.603,"nm":"Al Manzoor Rice Mills"},"geometry":{"type":"MultiPolygon","coordinates":[[[[73.4662,32.07199],[73.46572,32.07058],[73.46529,32.06968],[73.46372,32.0697],[73.46367,32.07002],[73.46389,32.07244],[73.46461,32.07235],[73.4662,32.07199]]]]}},{"type":"Feature","properties":{"lu":"Agro Based Industry","ct":"Existing","a":0.434},"geometry":{"type":"MultiPolygon","coordinates":[[[[73.47339,32.08537],[73.47299,32.08537],[73.4733,32.08586],[73.4736,32.08571],[73.47339,32.08537]]]]}},{"type":"Feature","properties":{"lu":"Agro Based Industry","ct":"Existing","a":10.44},"geometry":{"type":"MultiPolygon","coordinates":[[[[73.46509,32.06958],[73.46519,32.06937],[73.46504,32.06775],[73.4643,32.06777],[73.46424,32.06718],[73.46359,32.0672],[73.46359,32.06746],[73.4629,32.06755],[73.46296,32.06815],[73.46255,32.06819],[73.46298,32.06861],[73.4637,32.06896],[73.46371,32.06949],[73.4638,32.06964],[73.46509,32.06958]]]]}},{"type":"Feature","properties":{"lu":"Brick Kiln","ct":"Existing","a":9.594},"geometry":{"type":"MultiPolygon","coordinates":[[[[73.71677,31.96587],[73.71551,31.9651],[73.71549,31.96557],[73.71477,31.9656],[73.71478,31.96589],[73.71512,31.96591],[73.71513,31.96653],[73.71544,31.96653],[73.71546,31.96685],[73.71563,31.96686],[73.71568,31.96712],[73.71874,31.96708],[73.71677,31.96587]]]]}},{"type":"Feature","properties":{"lu":"Brick Kiln","ct":"Existing","a":10.638},"geometry":{"type":"MultiPolygon","coordinates":[[[[73.72024,32.01221],[73.72105,32.01089],[73.72083,32.01086],[73.7207,32.01021],[73.71953,32.01047],[73.71965,32.01102],[73.7191,32.01115],[73.7189,32.01061],[73.7181,32.01077],[73.7186,32.01239],[73.71843,32.01243],[73.7185,32.01268],[73.71869,32.01264],[73.71876,32.01281],[73.71887,32.01278],[73.71888,32.01249],[73.72024,32.01221]]]]}},{"type":"Feature","properties":{"lu":"Agro Based Industry","ct":"Existing","a":19.294,"nm":"Sheharyar Rice Mill"},"geometry":{"type":"MultiPolygon","coordinates":[[[[73.43641,32.1151],[73.43591,32.11554],[73.43717,32.11638],[73.43869,32.11416],[73.43792,32.11373],[73.43641,32.1151]]],[[[73.4359,32.11569],[73.43424,32.11709],[73.43484,32.1174],[73.43447,32.11793],[73.43568,32.11853],[73.43713,32.1165],[73.4359,32.11569]]]]}},{"type":"Feature","properties":{"lu":"Brick Kiln","ct":"Existing","a":9.435},"geometry":{"type":"MultiPolygon","coordinates":[[[[73.54443,32.19001],[73.5447,32.18876],[73.54149,32.18897],[73.54171,32.19019],[73.54443,32.19001]]]]}},{"type":"Feature","properties":{"lu":"Industrial","ct":"Existing","a":1.434},"geometry":{"type":"MultiPolygon","coordinates":[[[[73.55125,32.19257],[73.55036,32.19193],[73.55052,32.19308],[73.55103,32.19304],[73.55109,32.19271],[73.55125,32.19257]]]]}},{"type":"Feature","properties":{"lu":"Agro Based Industry","ct":"Existing","a":2.265,"nm":"BM Poultary Farm"},"geometry":{"type":"MultiPolygon","coordinates":[[[[73.71418,32.09203],[73.71403,32.09143],[73.71263,32.09172],[73.71282,32.09233],[73.71418,32.09203]]]]}},{"type":"Feature","properties":{"lu":"Brick Kiln","ct":"Existing","a":9.121},"geometry":{"type":"MultiPolygon","coordinates":[[[[73.6977,32.09814],[73.69756,32.09788],[73.6976,32.0978],[73.69823,32.09764],[73.6981,32.09711],[73.69907,32.09692],[73.69871,32.09575],[73.69706,32.09611],[73.69738,32.09726],[73.69632,32.09749],[73.6965,32.09807],[73.69692,32.09802],[73.69707,32.09859],[73.6977,32.09846],[73.6977,32.09814]]]]}},{"type":"Feature","properties":{"lu":"Industrial","ct":"Existing","a":2.282},"geometry":{"type":"MultiPolygon","coordinates":[[[[73.69868,32.10198],[73.69853,32.10138],[73.69711,32.10167],[73.69727,32.10224],[73.69868,32.10198]]]]}},{"type":"Feature","properties":{"lu":"Brick Kiln","ct":"Existing","a":11.908},"geometry":{"type":"MultiPolygon","coordinates":[[[[73.5173,31.9282],[73.51947,31.92954],[73.51963,31.92874],[73.5203,31.92868],[73.52022,31.92745],[73.5205,31.92715],[73.52026,31.92703],[73.52009,31.92677],[73.51836,31.92686],[73.51842,31.92741],[73.51861,31.92798],[73.5173,31.9282]]]]}},{"type":"Feature","properties":{"lu":"Agro Based Industry","ct":"Existing","a":1.254,"nm":"Sagar Flour Mill"},"geometry":{"type":"MultiPolygon","coordinates":[[[[73.74094,32.09415],[73.74007,32.09388],[73.74017,32.09458],[73.74098,32.09464],[73.74094,32.09415]]]]}},{"type":"Feature","properties":{"lu":"Agro Based Industry","ct":"Existing","a":0.121},"geometry":{"type":"MultiPolygon","coordinates":[[[[73.54363,32.14276],[73.54363,32.14277],[73.54364,32.14276],[73.54363,32.14276]]],[[[73.54373,32.14293],[73.54409,32.14295],[73.5441,32.14279],[73.54389,32.14278],[73.54373,32.14293]]]]}},{"type":"Feature","properties":{"lu":"Brick Kiln","ct":"Existing","a":3.485},"geometry":{"type":"MultiPolygon","coordinates":[[[[73.53843,32.18188],[73.53829,32.18085],[73.53688,32.18097],[73.53701,32.18185],[73.53843,32.18188]]]]}},{"type":"Feature","properties":{"lu":"Brick Kiln","ct":"Existing","a":1.428},"geometry":{"type":"MultiPolygon","coordinates":[[[[73.51557,32.16826],[73.51604,32.16812],[73.5158,32.1675],[73.51479,32.16783],[73.515,32.16801],[73.51557,32.16826]]]]}},{"type":"Feature","properties":{"lu":"Agro Based Industry","ct":"Existing","a":2.16,"nm":"Shehrazri Rice Mills"},"geometry":{"type":"MultiPolygon","coordinates":[[[[73.51533,32.16761],[73.51498,32.16682],[73.51469,32.1668],[73.5146,32.1667],[73.51406,32.16684],[73.51443,32.1675],[73.51479,32.16783],[73.51533,32.16761]]]]}},{"type":"Feature","properties":{"lu":"Brick Kiln","ct":"Existing","a":9.631},"geometry":{"type":"MultiPolygon","coordinates":[[[[73.6018,32.1043],[73.60164,32.10378],[73.60202,32.10366],[73.60168,32.10267],[73.59932,32.10332],[73.59967,32.10439],[73.59997,32.10435],[73.60016,32.10492],[73.6018,32.1043]]]]}},{"type":"Feature","properties":{"lu":"Agro Based Industry","ct":"Existing","a":2.29,"nm":"Roshni Rice Mill"},"geometry":{"type":"MultiPolygon","coordinates":[[[[73.59636,32.10486],[73.5961,32.10421],[73.59488,32.10465],[73.59516,32.10527],[73.59636,32.10486]]]]}},{"type":"Feature","properties":{"lu":"Brick Kiln","ct":"Existing","a":9.784},"geometry":{"type":"MultiPolygon","coordinates":[[[[73.48189,32.13398],[73.48187,32.13369],[73.482,32.13357],[73.48265,32.13359],[73.48267,32.1339],[73.48343,32.13382],[73.48338,32.13251],[73.48064,32.13252],[73.48055,32.13414],[73.48189,32.13398]]]]}},{"type":"Feature","properties":{"lu":"Industrial","ct":"Existing","a":2.37},"geometry":{"type":"MultiPolygon","coordinates":[[[[73.55201,32.0611],[73.55074,32.06112],[73.55068,32.06198],[73.55139,32.06201],[73.5514,32.06183],[73.55165,32.06184],[73.55169,32.06147],[73.55196,32.06148],[73.55201,32.0611]]]]}},{"type":"Feature","properties":{"lu":"Agro Based Industry","ct":"Existing","a":0.677,"nm":"Rai Muhammad Khan Dairy Farm"},"geometry":{"type":"MultiPolygon","coordinates":[[[[73.52441,32.02316],[73.52444,32.02308],[73.52466,32.02308],[73.52464,32.02279],[73.52387,32.02282],[73.52392,32.0232],[73.52441,32.02316]]]]}},{"type":"Feature","properties":{"lu":"Agro Based Industry","ct":"Existing","a":0.735,"nm":"Zari Farm"},"geometry":{"type":"MultiPolygon","coordinates":[[[[73.48954,32.05186],[73.48937,32.05121],[73.48894,32.0513],[73.48913,32.05194],[73.48954,32.05186]]]]}},{"type":"Feature","properties":{"lu":"Agro Based Industry","ct":"Existing","a":1.318},"geometry":{"type":"MultiPolygon","coordinates":[[[[73.40266,32.08348],[73.40257,32.08317],[73.40095,32.08364],[73.40105,32.08393],[73.40266,32.08348]]]]}},{"type":"Feature","properties":{"lu":"Agro Based Industry","ct":"Existing","a":0.383},"geometry":{"type":"MultiPolygon","coordinates":[[[[73.4245,32.0679],[73.4245,32.06769],[73.42382,32.06774],[73.42383,32.06797],[73.4245,32.0679]]]]}},{"type":"Feature","properties":{"lu":"Agro Based Industry","ct":"Existing","a":2.725},"geometry":{"type":"MultiPolygon","coordinates":[[[[73.43329,32.06013],[73.43253,32.0602],[73.4327,32.0616],[73.43343,32.06152],[73.43329,32.06013]]]]}},{"type":"Feature","properties":{"lu":"Agro Based Industry","ct":"Existing","a":10.646,"nm":"Qazi Rice Mill"},"geometry":{"type":"MultiPolygon","coordinates":[[[[73.46207,32.13248],[73.46215,32.13153],[73.46199,32.12969],[73.46061,32.12966],[73.46057,32.13188],[73.462,32.1329],[73.46207,32.13248]]]]}},{"type":"Feature","properties":{"lu":"Agro Based Industry","ct":"Existing","a":22.304,"nm":"Nayab Rice Mill"},"geometry":{"type":"MultiPolygon","coordinates":[[[[73.44402,32.11887],[73.4439,32.11767],[73.4436,32.11624],[73.44247,32.11562],[73.4412,32.11785],[73.44214,32.11832],[73.44155,32.1192],[73.44383,32.12072],[73.44392,32.11895],[73.44402,32.11887]]]]}},{"type":"Feature","properties":{"lu":"Brick Kiln","ct":"Existing","a":0.727},"geometry":{"type":"MultiPolygon","coordinates":[[[[73.48272,32.10619],[73.48268,32.10587],[73.48192,32.10594],[73.48181,32.10608],[73.48191,32.10627],[73.48272,32.10619]]]]}},{"type":"Feature","properties":{"lu":"Agro Based Industry","ct":"Existing","a":0.1},"geometry":{"type":"MultiPolygon","coordinates":[[[[73.58488,32.15503],[73.5845,32.15499],[73.58448,32.15509],[73.58485,32.15513],[73.58488,32.15503]]]]}},{"type":"Feature","properties":{"lu":"Agro Based Industry","ct":"Existing","a":0.714},"geometry":{"type":"MultiPolygon","coordinates":[[[[73.56424,32.14348],[73.56428,32.14304],[73.56458,32.14304],[73.5646,32.14286],[73.56395,32.14282],[73.56391,32.14346],[73.56424,32.14348]]]]}},{"type":"Feature","properties":{"lu":"Agro Based Industry","ct":"Existing","a":0.487,"nm":"Dairy Fish Farm"},"geometry":{"type":"MultiPolygon","coordinates":[[[[73.71039,32.17404],[73.71016,32.17378],[73.70976,32.17406],[73.71011,32.17441],[73.71024,32.17431],[73.71015,32.17422],[73.71039,32.17404]]]]}},{"type":"Feature","properties":{"lu":"Agro Based Industry","ct":"Existing","a":1.105},"geometry":{"type":"MultiPolygon","coordinates":[[[[73.63848,32.24022],[73.63791,32.23988],[73.6375,32.24039],[73.63808,32.24072],[73.63848,32.24022]]]]}},{"type":"Feature","properties":{"lu":"Agro Based Industry","ct":"Existing","a":1.254},"geometry":{"type":"MultiPolygon","coordinates":[[[[73.63638,32.24182],[73.63705,32.24213],[73.63748,32.24154],[73.63677,32.24132],[73.63638,32.24182]]]]}},{"type":"Feature","properties":{"lu":"Brick Kiln","ct":"Existing","a":9.049},"geometry":{"type":"MultiPolygon","coordinates":[[[[73.64295,32.24349],[73.6434,32.24234],[73.64178,32.24147],[73.64221,32.24099],[73.64166,32.24064],[73.64081,32.24162],[73.64143,32.24199],[73.64098,32.24251],[73.64291,32.2436],[73.64295,32.24349]]]]}},{"type":"Feature","properties":{"lu":"Agro Based Industry","ct":"Existing","a":1.125,"nm":"Agriculture And Dairy Farm"},"geometry":{"type":"MultiPolygon","coordinates":[[[[73.69416,32.24301],[73.69408,32.24241],[73.69336,32.24249],[73.69345,32.2431],[73.69416,32.24301]]]]}},{"type":"Feature","properties":{"lu":"Brick Kiln","ct":"Existing","a":8.429},"geometry":{"type":"MultiPolygon","coordinates":[[[[73.66988,32.24197],[73.66925,32.24294],[73.67006,32.24333],[73.67024,32.24315],[73.67224,32.24413],[73.67256,32.24363],[73.67176,32.24325],[73.67213,32.24272],[73.67084,32.24212],[73.67069,32.24233],[73.66988,32.24197]]]]}},{"type":"Feature","properties":{"lu":"Agro Based Industry","ct":"Existing","a":1.276,"nm":"Cheema Agriculture Farm"},"geometry":{"type":"MultiPolygon","coordinates":[[[[73.67224,32.24204],[73.67238,32.24181],[73.67262,32.2419],[73.67287,32.24158],[73.67209,32.24123],[73.67171,32.24183],[73.67224,32.24204]]]]}},{"type":"Feature","properties":{"lu":"Agro Based Industry","ct":"Existing","a":9.573,"nm":"Canat Rice Mill"},"geometry":{"type":"MultiPolygon","coordinates":[[[[73.66969,32.22566],[73.66964,32.22401],[73.66722,32.22441],[73.66766,32.22603],[73.66969,32.22566]]]]}},{"type":"Feature","properties":{"lu":"Brick Kiln","ct":"Existing","a":8.503},"geometry":{"type":"MultiPolygon","coordinates":[[[[73.63747,32.24251],[73.63686,32.2422],[73.63607,32.24319],[73.63578,32.24337],[73.63516,32.2442],[73.63641,32.24489],[73.63771,32.24336],[73.63714,32.243],[73.63747,32.24251]]]]}},{"type":"Feature","properties":{"lu":"Brick Kiln","ct":"Existing","a":6.899},"geometry":{"type":"MultiPolygon","coordinates":[[[[73.66965,32.25773],[73.66942,32.25761],[73.66937,32.25768],[73.66822,32.25741],[73.66725,32.25769],[73.66601,32.25794],[73.66721,32.25839],[73.66766,32.25838],[73.66781,32.2582],[73.66794,32.25825],[73.6678,32.25844],[73.66774,32.25872],[73.66815,32.25885],[73.66832,32.25851],[73.66895,32.25872],[73.66965,32.25773]]]]}},{"type":"Feature","properties":{"lu":"Agro Based Industry","ct":"Existing","a":2.127,"nm":"Sadiq Rice Mill"},"geometry":{"type":"MultiPolygon","coordinates":[[[[73.67074,32.25831],[73.67019,32.25801],[73.66953,32.25916],[73.66995,32.2594],[73.66985,32.25961],[73.66989,32.25967],[73.67074,32.25831]]]]}},{"type":"Feature","properties":{"lu":"Agro Based Industry","ct":"Existing","a":1.194,"nm":"Noor Organic Farm"},"geometry":{"type":"MultiPolygon","coordinates":[[[[73.60549,32.25392],[73.60596,32.25335],[73.60538,32.25305],[73.60521,32.25334],[73.60506,32.25335],[73.60491,32.25358],[73.60549,32.25392]]]]}},{"type":"Feature","properties":{"lu":"Industrial","ct":"Existing","a":138.526,"nm":"Creasent Bahuman Textile Mill"},"geometry":{"type":"MultiPolygon","coordinates":[[[[73.36748,31.88742],[73.36752,31.88701],[73.36731,31.88699],[73.36732,31.88581],[73.36762,31.8858],[73.36769,31.88508],[73.36832,31.88517],[73.37302,31.88466],[73.37359,31.88407],[73.37516,31.8841],[73.37688,31.88307],[73.37647,31.88112],[73.37571,31.88003],[73.37622,31.87865],[73.37504,31.87816],[73.37127,31.8791],[73.37007,31.87803],[73.36954,31.87819],[73.36966,31.87922],[73.36995,31.87954],[73.36813,31.87989],[73.36747,31.88018],[73.36747,31.88024],[73.36722,31.88022],[73.36701,31.88704],[73.36705,31.88747],[73.36748,31.88742]]]]}},{"type":"Feature","properties":{"lu":"Brick Kiln","ct":"Existing","a":21.904},"geometry":{"type":"MultiPolygon","coordinates":[[[[73.45508,31.87878],[73.45483,31.87808],[73.45008,31.87862],[73.4502,31.87907],[73.45037,31.87913],[73.4505,31.87945],[73.45079,31.87942],[73.45174,31.88124],[73.45365,31.88058],[73.45348,31.87994],[73.45407,31.87975],[73.45384,31.87914],[73.45508,31.87878]]]]}},{"type":"Feature","properties":{"lu":"Agro Based Industry","ct":"Existing","a":25.971,"nm":"Nafees Rice Mill"},"geometry":{"type":"MultiPolygon","coordinates":[[[[73.37082,32.04408],[73.36997,32.04412],[73.36997,32.04279],[73.36405,32.04304],[73.36564,32.04526],[73.36786,32.045],[73.36778,32.04444],[73.36941,32.04441],[73.36941,32.04425],[73.37083,32.04417],[73.37082,32.04408]]]]}},{"type":"Feature","properties":{"lu":"Industrial","ct":"Existing","a":21.437},"geometry":{"type":"MultiPolygon","coordinates":[[[[73.32768,31.89222],[73.3295,31.89046],[73.32891,31.89036],[73.32881,31.89094],[73.32734,31.89076],[73.32744,31.89048],[73.3274,31.89013],[73.32279,31.8896],[73.32331,31.89001],[73.32407,31.89084],[73.32551,31.89192],[73.3267,31.89215],[73.32768,31.89222]]]]}},{"type":"Feature","properties":{"lu":"Industrial","ct":"Existing","a":0.323,"nm":"Modren Rice Mill"},"geometry":{"type":"MultiPolygon","coordinates":[[[[73.59152,32.22101],[73.59176,32.22112],[73.59182,32.2205],[73.59164,32.22047],[73.5916,32.22053],[73.59165,32.22058],[73.59152,32.22101]]]]}},{"type":"Feature","properties":{"lu":"Agro Based Industry","ct":"Existing","a":2.558,"nm":"Hareem Rice Mill"},"geometry":{"type":"MultiPolygon","coordinates":[[[[73.2492,31.88028],[73.24909,31.88031],[73.24871,31.88001],[73.24764,31.88079],[73.24823,31.88132],[73.2493,31.8804],[73.2492,31.88028]]]]}},{"type":"Feature","properties":{"lu":"Agro Based Industry","ct":"Existing","a":15.818},"geometry":{"type":"MultiPolygon","coordinates":[[[[73.54597,31.85512],[73.54573,31.85447],[73.54554,31.85292],[73.54297,31.85325],[73.54344,31.85576],[73.54597,31.85512]]]]}},{"type":"Feature","properties":{"lu":"Agro Based Industry","ct":"Existing","a":16.794},"geometry":{"type":"MultiPolygon","coordinates":[[[[73.4931,31.90958],[73.49313,31.90974],[73.49327,31.90956],[73.4931,31.90958]]],[[[73.49716,31.91013],[73.49651,31.90926],[73.49372,31.90958],[73.49343,31.90975],[73.49328,31.91006],[73.49347,31.91131],[73.49613,31.91099],[73.49622,31.91156],[73.49695,31.91149],[73.49701,31.91025],[73.49723,31.9102],[73.49716,31.91013]]]]}},{"type":"Feature","properties":{"lu":"Industrial","ct":"Existing","a":2.921},"geometry":{"type":"MultiPolygon","coordinates":[[[[73.4135,32.06251],[73.41345,32.06209],[73.41259,32.06216],[73.41255,32.06323],[73.41247,32.06322],[73.41243,32.06342],[73.41263,32.06344],[73.41267,32.06329],[73.41311,32.06334],[73.41351,32.06326],[73.4135,32.06251]]]]}},{"type":"Feature","properties":{"lu":"Industrial","ct":"Existing","a":0.409},"geometry":{"type":"MultiPolygon","coordinates":[[[[73.4278,32.06096],[73.42778,32.06065],[73.42742,32.06071],[73.42746,32.06114],[73.4278,32.06112],[73.4278,32.06096]]]]}},{"type":"Feature","properties":{"lu":"Agro Based Industry","ct":"Existing","a":0.313},"geometry":{"type":"MultiPolygon","coordinates":[[[[73.42803,32.06045],[73.42797,32.06006],[73.42768,32.06007],[73.42772,32.06048],[73.42803,32.06045]]]]}},{"type":"Feature","properties":{"lu":"Agro Based Industry","ct":"Existing","a":20.503,"nm":"White Pearl Rice Mill"},"geometry":{"type":"MultiPolygon","coordinates":[[[[73.41932,32.06131],[73.41927,32.06082],[73.41918,32.06083],[73.41898,32.05778],[73.41642,32.05787],[73.41646,32.05728],[73.41609,32.05731],[73.41623,32.05976],[73.41758,32.05974],[73.41766,32.06087],[73.41824,32.06088],[73.41828,32.06133],[73.4182,32.06133],[73.4182,32.06142],[73.41932,32.06131]]]]}},{"type":"Feature","properties":{"lu":"Agro Based Industry","ct":"Existing","a":22.437,"nm":"Matrix Dairy Farm"},"geometry":{"type":"MultiPolygon","coordinates":[[[[73.25132,31.8693],[73.25129,31.86862],[73.25045,31.86867],[73.25051,31.86937],[73.25043,31.87088],[73.25609,31.87104],[73.25611,31.87075],[73.25537,31.87068],[73.2554,31.86941],[73.25132,31.8693]]]]}},{"type":"Feature","properties":{"lu":"Agro Based Industry","ct":"Existing","a":0.049,"nm":"White Gold Rice Mill"},"geometry":{"type":"MultiPolygon","coordinates":[[[[73.37895,32.07453],[73.37909,32.07482],[73.37971,32.07587],[73.37915,32.07489],[73.37895,32.07453]]]]}},{"type":"Feature","properties":{"lu":"Agro Based Industry","ct":"Existing","a":0.073},"geometry":{"type":"MultiPolygon","coordinates":[[[[73.37655,32.06889],[73.37683,32.06888],[73.37678,32.06875],[73.37642,32.06888],[73.37655,32.06889]]]]}},{"type":"Feature","properties":{"lu":"Brick Kiln","ct":"Existing","a":2.491},"geometry":{"type":"MultiPolygon","coordinates":[[[[73.49065,31.84585],[73.48975,31.84621],[73.49075,31.84739],[73.49118,31.84648],[73.49079,31.84653],[73.49065,31.84585]]]]}},{"type":"Feature","properties":{"lu":"Brick Kiln","ct":"Existing","a":1.465,"nm":"Brick Kiln"},"geometry":{"type":"MultiPolygon","coordinates":[[[[73.50317,31.87369],[73.50303,31.8728],[73.50239,31.87286],[73.50257,31.87376],[73.50317,31.87369]]]]}},{"type":"Feature","properties":{"lu":"Agro Based Industry","ct":"Existing","a":1.876,"nm":"Mian Rice Mill"},"geometry":{"type":"MultiPolygon","coordinates":[[[[73.49087,31.87785],[73.49018,31.87701],[73.49009,31.87735],[73.4894,31.87746],[73.48964,31.878],[73.49087,31.87785]]]]}},{"type":"Feature","properties":{"lu":"Agro Based Industry","ct":"Existing","a":24.186,"nm":"Qadria Rice Mill"},"geometry":{"type":"MultiPolygon","coordinates":[[[[73.60484,31.97651],[73.60502,31.97695],[73.60446,31.97711],[73.6047,31.97769],[73.60341,31.97808],[73.60368,31.97863],[73.60481,31.97839],[73.60503,31.97939],[73.60705,31.97926],[73.60716,31.97982],[73.60766,31.97973],[73.60758,31.97921],[73.60773,31.97916],[73.60754,31.97805],[73.60743,31.97669],[73.60752,31.97636],[73.60691,31.97626],[73.60606,31.97625],[73.60484,31.97651]]]]}},{"type":"Feature","properties":{"lu":"Agro Based Industry","ct":"Existing","a":1.953},"geometry":{"type":"MultiPolygon","coordinates":[[[[73.58348,31.98311],[73.58291,31.98202],[73.58237,31.98224],[73.58289,31.98332],[73.58348,31.98311]]]]}},{"type":"Feature","properties":{"lu":"Agro Based Industry","ct":"Existing","a":12.379,"nm":"Sultania Rice Mill"},"geometry":{"type":"MultiPolygon","coordinates":[[[[73.58291,31.98202],[73.58426,31.98149],[73.58401,31.98103],[73.58464,31.98086],[73.584,31.97964],[73.58331,31.97989],[73.58336,31.98003],[73.58307,31.9801],[73.58304,31.97999],[73.58295,31.97999],[73.5829,31.97963],[73.58269,31.97967],[73.58262,31.97952],[73.58234,31.97955],[73.5823,31.98],[73.58215,31.98001],[73.5823,31.98047],[73.5819,31.98057],[73.58197,31.98076],[73.58174,31.98083],[73.5819,31.9812],[73.58172,31.98127],[73.58194,31.9817],[73.58208,31.98167],[73.58237,31.98224],[73.58291,31.98202]]]]}},{"type":"Feature","properties":{"lu":"Agro Based Industry","ct":"Existing","a":10.344},"geometry":{"type":"MultiPolygon","coordinates":[[[[73.60308,31.98457],[73.60281,31.98368],[73.6009,31.98402],[73.59919,31.9845],[73.5996,31.98556],[73.60242,31.98482],[73.60308,31.98457]]]]}},{"type":"Feature","properties":{"lu":"Brick Kiln","ct":"Existing","a":4.528},"geometry":{"type":"MultiPolygon","coordinates":[[[[73.58571,31.98299],[73.58537,31.98249],[73.58354,31.98318],[73.58402,31.9843],[73.58483,31.98395],[73.5846,31.98344],[73.58571,31.98299]]]]}},{"type":"Feature","properties":{"lu":"Agro Based Industry","ct":"Existing","a":1.081},"geometry":{"type":"MultiPolygon","coordinates":[[[[73.57923,31.98416],[73.57966,31.98411],[73.57966,31.98376],[73.57938,31.98377],[73.5794,31.98347],[73.57913,31.98349],[73.57915,31.98377],[73.57908,31.98386],[73.57858,31.98404],[73.57875,31.9843],[73.57923,31.98416]]]]}},{"type":"Feature","properties":{"lu":"Agro Based Industry","ct":"Existing","a":0.227},"geometry":{"type":"MultiPolygon","coordinates":[[[[73.27302,31.84372],[73.27303,31.84349],[73.27266,31.84349],[73.27264,31.84372],[73.27302,31.84372]]]]}},{"type":"Feature","properties":{"lu":"Brick Kiln","ct":"Existing","a":9.177},"geometry":{"type":"MultiPolygon","coordinates":[[[[73.29429,31.85155],[73.29378,31.84908],[73.29336,31.84976],[73.29251,31.84939],[73.29172,31.85075],[73.2934,31.8514],[73.29429,31.85155]]]]}},{"type":"Feature","properties":{"lu":"Brick Kiln","ct":"Existing","a":6.281},"geometry":{"type":"MultiPolygon","coordinates":[[[[73.44039,32.06195],[73.43955,32.05945],[73.43888,32.05952],[73.43894,32.05992],[73.43911,32.06025],[73.43898,32.0606],[73.43909,32.06206],[73.44039,32.06195]]]]}},{"type":"Feature","properties":{"lu":"Brick Kiln","ct":"Existing","a":4.629},"geometry":{"type":"MultiPolygon","coordinates":[[[[73.39166,32.07888],[73.39151,32.07832],[73.39089,32.07837],[73.39097,32.07896],[73.38946,32.07915],[73.3896,32.07974],[73.39196,32.07942],[73.39176,32.07888],[73.39166,32.07888]]]]}},{"type":"Feature","properties":{"lu":"Agro Based Industry","ct":"Existing","a":13.254},"geometry":{"type":"MultiPolygon","coordinates":[[[[73.37643,32.07812],[73.3771,32.07813],[73.37694,32.07776],[73.37802,32.07709],[73.37808,32.07656],[73.37474,32.07619],[73.37445,32.07791],[73.37643,32.07812]]]]}},{"type":"Feature","properties":{"lu":"Agro Based Industry","ct":"Existing","a":0.129},"geometry":{"type":"MultiPolygon","coordinates":[[[[73.31341,31.8886],[73.31318,31.88857],[73.31315,31.88878],[73.31338,31.88881],[73.31341,31.8886]]]]}},{"type":"Feature","properties":{"lu":"Brick Kiln","ct":"Existing","a":7.978},"geometry":{"type":"MultiPolygon","coordinates":[[[[73.4535,31.87809],[73.45347,31.87789],[73.45459,31.87744],[73.45453,31.87669],[73.45392,31.8766],[73.4538,31.87601],[73.45303,31.87608],[73.45309,31.87665],[73.45241,31.87672],[73.4526,31.87819],[73.4535,31.87809]]]]}},{"type":"Feature","properties":{"lu":"Agro Based Industry","ct":"Existing","a":0.385},"geometry":{"type":"MultiPolygon","coordinates":[[[[73.21446,31.82771],[73.21446,31.82747],[73.21402,31.82751],[73.21402,31.82785],[73.21446,31.82781],[73.21446,31.82771]]]]}},{"type":"Feature","properties":{"lu":"Industrial","ct":"Existing","a":2.05},"geometry":{"type":"MultiPolygon","coordinates":[[[[73.61878,32.23368],[73.61932,32.23393],[73.62012,32.23296],[73.61954,32.23263],[73.61878,32.23368]]]]}},{"type":"Feature","properties":{"lu":"Agro Based Industry","ct":"Existing","a":1.387,"nm":"Rice Mill"},"geometry":{"type":"MultiPolygon","coordinates":[[[[73.5258,31.98662],[73.52544,31.98656],[73.52542,31.98675],[73.525,31.98669],[73.52492,31.9873],[73.52568,31.98738],[73.5258,31.98662]]]]}},{"type":"Feature","properties":{"lu":"Agro Based Industry","ct":"Existing","a":2.15},"geometry":{"type":"MultiPolygon","coordinates":[[[[73.41125,32.05808],[73.41187,32.05808],[73.41186,32.05746],[73.41044,32.05752],[73.4105,32.05808],[73.41125,32.05808]]]]}},{"type":"Feature","properties":{"lu":"Brick Kiln","ct":"Existing","a":2.352},"geometry":{"type":"MultiPolygon","coordinates":[[[[73.25859,31.77221],[73.25691,31.77228],[73.25694,31.77285],[73.25734,31.77281],[73.25742,31.7733],[73.25859,31.77221]]]]}},{"type":"Feature","properties":{"lu":"Brick Kiln","ct":"Existing","a":6.686},"geometry":{"type":"MultiPolygon","coordinates":[[[[73.25884,31.77213],[73.25722,31.77356],[73.25732,31.77406],[73.25812,31.77402],[73.25807,31.77339],[73.2595,31.77334],[73.25944,31.77272],[73.26016,31.77266],[73.26014,31.77209],[73.25884,31.77213]]]]}},{"type":"Feature","properties":{"lu":"Industrial","ct":"Existing","a":5.527},"geometry":{"type":"MultiPolygon","coordinates":[[[[73.51006,32.16543],[73.50962,32.16512],[73.5091,32.16558],[73.50921,32.1661],[73.50913,32.16621],[73.50993,32.16713],[73.5111,32.16611],[73.51006,32.16543]]],[[[73.51126,32.16621],[73.51086,32.16656],[73.511,32.16645],[73.51126,32.16621]]]]}},{"type":"Feature","properties":{"lu":"Agro Based Industry","ct":"Existing","a":13.012},"geometry":{"type":"MultiPolygon","coordinates":[[[[73.5139,32.16799],[73.51189,32.16663],[73.51123,32.16684],[73.511,32.16645],[73.51041,32.16695],[73.51122,32.16919],[73.51248,32.16887],[73.51271,32.16838],[73.5139,32.16799]]]]}},{"type":"Feature","properties":{"lu":"Agro Based Industry","ct":"Existing","a":25.264,"nm":"Abdul Razzaq Flour Mill"},"geometry":{"type":"MultiPolygon","coordinates":[[[[73.41966,32.06389],[73.42213,32.06378],[73.42203,32.06127],[73.41832,32.0616],[73.41844,32.06224],[73.41827,32.06232],[73.41784,32.06233],[73.41792,32.0639],[73.41966,32.06389]]]]}},{"type":"Feature","properties":{"lu":"Agro Based Industry","ct":"Existing","a":1.72,"nm":"Hafeez Rice Mill"},"geometry":{"type":"MultiPolygon","coordinates":[[[[73.24411,31.87335],[73.24387,31.87259],[73.24302,31.87284],[73.24342,31.8736],[73.24411,31.87335]]]]}},{"type":"Feature","properties":{"lu":"Agro Based Industry","ct":"Existing","a":3.298,"nm":"Hitech Poultry Farm"},"geometry":{"type":"MultiPolygon","coordinates":[[[[73.3244,31.9359],[73.32364,31.93548],[73.32367,31.93572],[73.32296,31.93577],[73.32305,31.93667],[73.32446,31.93655],[73.3244,31.9359]]]]}},{"type":"Feature","properties":{"lu":"Agro Based Industry","ct":"Existing","a":1.975,"nm":"A.K Poultry Farm"},"geometry":{"type":"MultiPolygon","coordinates":[[[[73.35885,31.88844],[73.35815,31.88833],[73.35748,31.88812],[73.35711,31.8889],[73.35875,31.88869],[73.35885,31.88844]]]]}},{"type":"Feature","properties":{"lu":"Agro Based Industry","ct":"Existing","a":3.391,"nm":"Ajmal Tasleem Protein Farm"},"geometry":{"type":"MultiPolygon","coordinates":[[[[73.35817,31.88829],[73.35885,31.88844],[73.35932,31.8873],[73.35906,31.88627],[73.35881,31.88628],[73.35858,31.88726],[73.35817,31.88829]]]]}},{"type":"Feature","properties":{"lu":"Agro Based Industry","ct":"Existing","a":1.365,"nm":"Abbas Rice Mill"},"geometry":{"type":"MultiPolygon","coordinates":[[[[73.68319,32.11741],[73.68255,32.11728],[73.68233,32.11805],[73.68301,32.11818],[73.68319,32.11741]]]]}},{"type":"Feature","properties":{"lu":"Agro Based Industry","ct":"Existing","a":4.892,"nm":"Jug Rice Mill"},"geometry":{"type":"MultiPolygon","coordinates":[[[[73.76643,32.07767],[73.7663,32.07684],[73.76494,32.07704],[73.76518,32.0784],[73.76651,32.07822],[73.76643,32.07767]]]]}},{"type":"Feature","properties":{"lu":"Agro Based Industry","ct":"Existing","a":1.087,"nm":"Ali Rice Mill"},"geometry":{"type":"MultiPolygon","coordinates":[[[[73.59955,31.98295],[73.59967,31.9829],[73.59938,31.98235],[73.59876,31.98258],[73.59907,31.98315],[73.59955,31.98295]]]]}},{"type":"Feature","properties":{"lu":"Agro Based Industry","ct":"Existing","a":1.744,"nm":"Allah Mola Poultry Farm"},"geometry":{"type":"MultiPolygon","coordinates":[[[[73.43804,32.06802],[73.43802,32.06738],[73.43696,32.06741],[73.43699,32.06805],[73.43804,32.06802]]]]}},{"type":"Feature","properties":{"lu":"Agro Based Industry","ct":"Existing","a":17.121,"nm":"Dimoned Rice Mill"},"geometry":{"type":"MultiPolygon","coordinates":[[[[73.33633,31.88539],[73.33607,31.88535],[73.3362,31.88471],[73.33674,31.88476],[73.33654,31.88183],[73.33587,31.88171],[73.33396,31.88553],[73.33611,31.88594],[73.33633,31.88539]]]]}},{"type":"Feature","properties":{"lu":"Agro Based Industry","ct":"Existing","a":2.658,"nm":"Epmerial Rice Mill"},"geometry":{"type":"MultiPolygon","coordinates":[[[[73.61026,32.06127],[73.60932,32.06118],[73.60921,32.06226],[73.61016,32.06233],[73.61026,32.06127]]]]}},{"type":"Feature","properties":{"lu":"Agro Based Industry","ct":"Existing","a":6.337,"nm":"Fatima & Fatima Poultry Farm"},"geometry":{"type":"MultiPolygon","coordinates":[[[[73.35186,31.91786],[73.35178,31.91674],[73.34963,31.91689],[73.34973,31.91804],[73.35186,31.91786]]]]}},{"type":"Feature","properties":{"lu":"Agro Based Industry","ct":"Existing","a":2.506,"nm":"Haider Polutry Farm"},"geometry":{"type":"MultiPolygon","coordinates":[[[[73.28194,31.81249],[73.28191,31.81195],[73.28019,31.81196],[73.28019,31.81253],[73.28194,31.81249]]]]}},{"type":"Feature","properties":{"lu":"Agro Based Industry","ct":"Existing","a":5.463,"nm":"Haider Rice Mill"},"geometry":{"type":"MultiPolygon","coordinates":[[[[73.55989,32.06111],[73.55853,32.06112],[73.55849,32.06263],[73.55987,32.06267],[73.55989,32.06111]]]]}},{"type":"Feature","properties":{"lu":"Agro Based Industry","ct":"Existing","a":1.112,"nm":"Haq Baho Poultry Farm"},"geometry":{"type":"MultiPolygon","coordinates":[[[[73.43965,32.01129],[73.4395,32.01068],[73.43884,32.01083],[73.43897,32.01143],[73.43965,32.01129]]]]}},{"type":"Feature","properties":{"lu":"Agro Based Industry","ct":"Existing","a":4.129,"nm":"Hassan Poultry Farm"},"geometry":{"type":"MultiPolygon","coordinates":[[[[73.36421,32.04115],[73.36427,32.04133],[73.36491,32.04123],[73.36504,32.04106],[73.36516,32.04114],[73.36511,32.0406],[73.36588,32.04056],[73.36586,32.04],[73.36412,32.04008],[73.36421,32.04115]]]]}},{"type":"Feature","properties":{"lu":"Agro Based Industry","ct":"Existing","a":6.022,"nm":"Judge Poultry Form"},"geometry":{"type":"MultiPolygon","coordinates":[[[[73.48664,31.92274],[73.48658,31.92244],[73.485,31.92261],[73.48478,31.92342],[73.48682,31.92396],[73.48699,31.92377],[73.48691,31.92275],[73.48664,31.92274]]]]}},{"type":"Feature","properties":{"lu":"Agro Based Industry","ct":"Existing","a":9.555,"nm":"M Hashim Rice Mill"},"geometry":{"type":"MultiPolygon","coordinates":[[[[73.54387,31.94979],[73.544,31.94977],[73.54385,31.94919],[73.54529,31.94896],[73.54516,31.94833],[73.5424,31.9488],[73.54228,31.94823],[73.54116,31.94837],[73.54163,31.94901],[73.54269,31.94998],[73.54387,31.94979]]]]}},{"type":"Feature","properties":{"lu":"Agro Based Industry","ct":"Existing","a":1.935,"nm":"Makkah Rice Mill"},"geometry":{"type":"MultiPolygon","coordinates":[[[[73.35991,32.03826],[73.35958,32.03779],[73.35834,32.0378],[73.35845,32.03837],[73.35991,32.03826]]]]}},{"type":"Feature","properties":{"lu":"Industrial","ct":"Existing","a":2.124,"nm":"Mirza Lubricant Factory"},"geometry":{"type":"MultiPolygon","coordinates":[[[[73.70435,32.10526],[73.70434,32.1052],[73.70294,32.10552],[73.70318,32.10608],[73.70443,32.10581],[73.70435,32.10526]]]]}},{"type":"Feature","properties":{"lu":"Agro Based Industry","ct":"Existing","a":8.285,"nm":"Sandal Rice Mill"},"geometry":{"type":"MultiPolygon","coordinates":[[[[73.34881,31.89003],[73.34837,31.88993],[73.34727,31.89009],[73.34641,31.89198],[73.34703,31.89237],[73.34787,31.89065],[73.34839,31.89088],[73.34832,31.89114],[73.34868,31.89125],[73.34923,31.89101],[73.34951,31.89018],[73.34881,31.89003]]]]}},{"type":"Feature","properties":{"lu":"Agro Based Industry","ct":"Existing","a":3.991,"nm":"SB Poultry Farm"},"geometry":{"type":"MultiPolygon","coordinates":[[[[73.21321,31.85059],[73.21311,31.84971],[73.21105,31.8498],[73.21108,31.85022],[73.21207,31.85021],[73.21216,31.85089],[73.21321,31.85059]]]]}},{"type":"Feature","properties":{"lu":"Agro Based Industry","ct":"Existing","a":1.192,"nm":"Seth Rafiq Rice Mill"},"geometry":{"type":"MultiPolygon","coordinates":[[[[73.54259,32.18656],[73.54157,32.1859],[73.54133,32.18665],[73.54259,32.18656]]]]}},{"type":"Feature","properties":{"lu":"Agro Based Industry","ct":"Existing","a":5.06,"nm":"Top Tech Protein Farm"},"geometry":{"type":"MultiPolygon","coordinates":[[[[73.36212,31.88887],[73.36132,31.88894],[73.36128,31.89066],[73.36232,31.89065],[73.36235,31.89003],[73.3627,31.89002],[73.36276,31.88942],[73.36211,31.88941],[73.36212,31.88887]]]]}},{"type":"Feature","properties":{"lu":"Agro Based Industry","ct":"Existing","a":0.863,"nm":"Warrich Dairy Farm"},"geometry":{"type":"MultiPolygon","coordinates":[[[[73.63473,32.06202],[73.63409,32.06177],[73.6339,32.06227],[73.63452,32.06244],[73.63473,32.06202]]]]}},{"type":"Feature","properties":{"lu":"Brick Kiln","ct":"Existing","a":4.397},"geometry":{"type":"MultiPolygon","coordinates":[[[[73.71613,32.01618],[73.71596,32.0156],[73.71457,32.01597],[73.7138,32.01607],[73.71383,32.01638],[73.71431,32.01639],[73.71625,32.01683],[73.71667,32.01699],[73.71671,32.01687],[73.7163,32.01669],[73.71613,32.01618]]]]}},{"type":"Feature","properties":{"lu":"Brick Kiln","ct":"Existing","a":9.705},"geometry":{"type":"MultiPolygon","coordinates":[[[[73.68291,32.09722],[73.68312,32.09676],[73.68259,32.09654],[73.6825,32.09662],[73.68236,32.09655],[73.68263,32.09604],[73.6828,32.09609],[73.68294,32.09581],[73.68231,32.09556],[73.68216,32.09582],[73.68152,32.09556],[73.68121,32.09608],[73.67992,32.09557],[73.6796,32.09612],[73.68118,32.09679],[73.68089,32.09736],[73.68194,32.09769],[73.68225,32.09719],[73.6822,32.09715],[73.68229,32.09698],[73.68291,32.09722]]]]}},{"type":"Feature","properties":{"lu":"Agro Based Industry","ct":"Existing","a":3.389},"geometry":{"type":"MultiPolygon","coordinates":[[[[73.67687,32.10665],[73.67739,32.10738],[73.67836,32.10622],[73.67807,32.10609],[73.67767,32.10557],[73.67721,32.10605],[73.67687,32.10665]]]]}},{"type":"Feature","properties":{"lu":"Brick Kiln","ct":"Existing","a":0.012},"geometry":{"type":"MultiPolygon","coordinates":[[[[73.69815,32.08395],[73.6981,32.08386],[73.69803,32.08375],[73.69802,32.08376],[73.69815,32.08395]]],[[[73.70119,32.08906],[73.70141,32.08903],[73.70156,32.08899],[73.70119,32.08906]]]]}},{"type":"Feature","properties":{"lu":"Agro Based Industry","ct":"Existing","a":12.012,"nm":"Map Rice Mill"},"geometry":{"type":"MultiPolygon","coordinates":[[[[73.73268,32.07429],[73.73202,32.07427],[73.73203,32.07368],[73.73007,32.07366],[73.73009,32.07489],[73.73113,32.0757],[73.73269,32.07592],[73.73268,32.07429]]]]}},{"type":"Feature","properties":{"lu":"Brick Kiln","ct":"Existing","a":1.735},"geometry":{"type":"MultiPolygon","coordinates":[[[[73.71683,32.01751],[73.71707,32.01715],[73.71625,32.01683],[73.71536,32.01663],[73.71545,32.01708],[73.71616,32.01701],[73.71627,32.01751],[73.71683,32.01751]]]]}},{"type":"Feature","properties":{"lu":"Brick Kiln","ct":"Existing","a":3.59},"geometry":{"type":"MultiPolygon","coordinates":[[[[73.7157,32.01938],[73.71469,32.01928],[73.7144,32.01934],[73.7144,32.01964],[73.71384,32.01971],[73.71397,32.02037],[73.7147,32.02025],[73.71475,32.02041],[73.71504,32.02046],[73.7157,32.01938]]]]}},{"type":"Feature","properties":{"lu":"Agro Based Industry","ct":"Existing","a":12.151,"nm":"Awan Rice Mill"},"geometry":{"type":"MultiPolygon","coordinates":[[[[73.70899,32.02993],[73.71036,32.02779],[73.70707,32.02826],[73.70753,32.03016],[73.70899,32.02993]]]]}},{"type":"Feature","properties":{"lu":"Agro Based Industry","ct":"Existing","a":29.104,"nm":"Pakistan Star Rice Mill"},"geometry":{"type":"MultiPolygon","coordinates":[[[[73.71309,32.03501],[73.71083,32.03538],[73.71115,32.03681],[73.71095,32.03684],[73.71106,32.03744],[73.71003,32.03759],[73.71018,32.03784],[73.71279,32.03745],[73.71296,32.03836],[73.71399,32.03825],[73.71407,32.03865],[73.71432,32.03861],[73.71456,32.03885],[73.71464,32.03941],[73.71598,32.03919],[73.71588,32.03863],[73.71574,32.03858],[73.71533,32.03684],[73.7139,32.0371],[73.71338,32.03503],[73.71326,32.03495],[73.71309,32.03501]]]]}},{"type":"Feature","properties":{"lu":"Industrial","ct":"Existing","a":3.065},"geometry":{"type":"MultiPolygon","coordinates":[[[[73.7109,32.03993],[73.71023,32.03877],[73.70948,32.03893],[73.70977,32.04011],[73.7109,32.03993]]],[[[73.7108,32.04005],[73.71081,32.04006],[73.71096,32.04001],[73.7108,32.04005]]]]}},{"type":"Feature","properties":{"lu":"Industrial","ct":"Existing","a":1.994},"geometry":{"type":"MultiPolygon","coordinates":[[[[73.71278,32.04081],[73.71264,32.04029],[73.71219,32.04038],[73.712,32.03978],[73.71143,32.03989],[73.71202,32.04092],[73.71278,32.04081]]]]}},{"type":"Feature","properties":{"lu":"Agro Based Industry","ct":"Existing","a":1.141,"nm":"Polatry Farm"},"geometry":{"type":"MultiPolygon","coordinates":[[[[73.714,32.04316],[73.71383,32.04252],[73.71308,32.04271],[73.71341,32.04327],[73.714,32.04316]]]]}},{"type":"Feature","properties":{"lu":"Brick Kiln","ct":"Existing","a":5.625},"geometry":{"type":"MultiPolygon","coordinates":[[[[73.70213,32.04503],[73.70202,32.04439],[73.70127,32.04454],[73.70118,32.04398],[73.7002,32.04411],[73.69959,32.04514],[73.69979,32.04521],[73.6997,32.04538],[73.70213,32.04503]]]]}},{"type":"Feature","properties":{"lu":"Brick Kiln","ct":"Existing","a":0.002},"geometry":{"type":"MultiPolygon","coordinates":[[[[73.66958,32.09428],[73.66988,32.0951],[73.67008,32.09566],[73.66958,32.09428]]]]}},{"type":"Feature","properties":{"lu":"Industrial","ct":"Existing","a":0.013},"geometry":{"type":"MultiPolygon","coordinates":[[[[73.69663,32.04894],[73.6971,32.04888],[73.69656,32.04895],[73.69663,32.04894]]]]}},{"type":"Feature","properties":{"lu":"Industrial","ct":"Existing","a":0.435},"geometry":{"type":"MultiPolygon","coordinates":[[[[73.68422,32.08415],[73.68424,32.08448],[73.6847,32.08455],[73.68478,32.08424],[73.68422,32.08415]]]]}},{"type":"Feature","properties":{"lu":"Industrial","ct":"Existing","a":1.653},"geometry":{"type":"MultiPolygon","coordinates":[[[[73.68789,32.09208],[73.68791,32.09024],[73.68765,32.09025],[73.68765,32.09061],[73.68757,32.09062],[73.68755,32.09218],[73.68787,32.09228],[73.68789,32.09208]]]]}},{"type":"Feature","properties":{"lu":"Industrial","ct":"Existing","a":0.05},"geometry":{"type":"MultiPolygon","coordinates":[[[[73.68789,32.09208],[73.68787,32.09228],[73.68796,32.09231],[73.68798,32.09208],[73.68789,32.09208]]]]}},{"type":"Feature","properties":{"lu":"Industrial","ct":"Existing","a":0.698},"geometry":{"type":"MultiPolygon","coordinates":[[[[73.6875,32.09199],[73.68751,32.09119],[73.68717,32.09118],[73.68717,32.09199],[73.6875,32.09199]]]]}},{"type":"Feature","properties":{"lu":"Industrial","ct":"Existing","a":0.296},"geometry":{"type":"MultiPolygon","coordinates":[[[[73.68752,32.0909],[73.68752,32.09063],[73.68716,32.09069],[73.68715,32.09085],[73.68693,32.09086],[73.68692,32.09095],[73.68752,32.0909]]]]}},{"type":"Feature","properties":{"lu":"Industrial","ct":"Existing","a":0.512},"geometry":{"type":"MultiPolygon","coordinates":[[[[73.68644,32.0919],[73.6868,32.092],[73.68681,32.09142],[73.68642,32.09142],[73.68644,32.0919]]]]}},{"type":"Feature","properties":{"lu":"Industrial","ct":"Existing","a":0.121},"geometry":{"type":"MultiPolygon","coordinates":[[[[73.68597,32.09177],[73.68614,32.09181],[73.68611,32.09152],[73.68593,32.09151],[73.68597,32.09177]]]]}},{"type":"Feature","properties":{"lu":"Brick Kiln","ct":"Existing","a":0.003},"geometry":{"type":"MultiPolygon","coordinates":[[[[73.6854,32.08972],[73.68516,32.08988],[73.68526,32.08982],[73.6854,32.08972]]]]}},{"type":"Feature","properties":{"lu":"Industrial","ct":"Existing","a":0.001},"geometry":{"type":"MultiPolygon","coordinates":[[[[73.68508,32.08791],[73.68504,32.08806],[73.68497,32.08834],[73.68508,32.08791]]]]}},{"type":"Feature","properties":{"lu":"Brick Kiln","ct":"Existing","a":11.105},"geometry":{"type":"MultiPolygon","coordinates":[[[[73.67383,32.04402],[73.67375,32.04234],[73.67301,32.04236],[73.67305,32.04297],[73.67163,32.04301],[73.67161,32.04282],[73.67103,32.04284],[73.67112,32.04487],[73.67181,32.04485],[73.67175,32.04426],[73.67383,32.04412],[73.67383,32.04402]]]]}},{"type":"Feature","properties":{"lu":"Industrial","ct":"Existing","a":0.431,"nm":"Bismillah Rice Mills"},"geometry":{"type":"MultiPolygon","coordinates":[[[[73.67523,32.10432],[73.67544,32.10461],[73.67563,32.10428],[73.67553,32.10424],[73.67574,32.10394],[73.67554,32.10386],[73.67523,32.10432]]]]}},{"type":"Feature","properties":{"lu":"Industrial","ct":"Existing","a":1.861},"geometry":{"type":"MultiPolygon","coordinates":[[[[73.69356,32.09391],[73.69233,32.09357],[73.69228,32.09424],[73.69353,32.09436],[73.69356,32.09391]]]]}},{"type":"Feature","properties":{"lu":"Industrial","ct":"Existing","a":0.425},"geometry":{"type":"MultiPolygon","coordinates":[[[[73.68788,32.09234],[73.68757,32.09227],[73.68755,32.09283],[73.68788,32.09283],[73.68788,32.09234]]]]}},{"type":"Feature","properties":{"lu":"Agro Based Industry","ct":"Existing","a":0.81},"geometry":{"type":"MultiPolygon","coordinates":[[[[73.68805,32.09943],[73.68804,32.09934],[73.68781,32.09936],[73.68782,32.09966],[73.6893,32.09961],[73.68928,32.09944],[73.68805,32.09943]]]]}},{"type":"Feature","properties":{"lu":"Agro Based Industry","ct":"Existing","a":1.306},"geometry":{"type":"MultiPolygon","coordinates":[[[[73.6829,32.10211],[73.6829,32.10175],[73.68147,32.10178],[73.6815,32.10213],[73.6829,32.10211]]]]}},{"type":"Feature","properties":{"lu":"Agro Based Industry","ct":"Existing","a":13.692,"nm":"Al-Rasool Rice Mill"},"geometry":{"type":"MultiPolygon","coordinates":[[[[73.63515,32.06435],[73.63504,32.06484],[73.63512,32.0655],[73.63443,32.06553],[73.63461,32.06832],[73.63533,32.0684],[73.63527,32.06723],[73.6356,32.06719],[73.63559,32.06662],[73.63592,32.06656],[73.63591,32.06614],[73.63598,32.06603],[73.63657,32.06597],[73.63637,32.06393],[73.63565,32.06391],[73.63567,32.06426],[73.63515,32.06435]]]]}},{"type":"Feature","properties":{"lu":"Brick Kiln","ct":"Existing","a":9.783},"geometry":{"type":"MultiPolygon","coordinates":[[[[73.64044,32.06896],[73.64144,32.06904],[73.64145,32.06877],[73.64166,32.06872],[73.64152,32.06751],[73.64169,32.06746],[73.64163,32.06688],[73.64145,32.06687],[73.64142,32.06629],[73.64094,32.06628],[73.64084,32.06576],[73.6401,32.06578],[73.64044,32.06896]]]]}},{"type":"Feature","properties":{"lu":"Agro Based Industry","ct":"Existing","a":3.631,"nm":"PASCO Godown"},"geometry":{"type":"MultiPolygon","coordinates":[[[[73.6398,32.07019],[73.6397,32.06898],[73.6383,32.0688],[73.63835,32.0696],[73.63904,32.06956],[73.63911,32.07023],[73.6398,32.07019]]]]}},{"type":"Feature","properties":{"lu":"Brick Kiln","ct":"Existing","a":0.007},"geometry":{"type":"MultiPolygon","coordinates":[[[[73.7013,32.04453],[73.70124,32.04433],[73.70127,32.04454],[73.7013,32.04453]]]]}},{"type":"Feature","properties":{"lu":"Brick Kiln","ct":"Existing","a":13.945},"geometry":{"type":"MultiPolygon","coordinates":[[[[73.70351,32.0448],[73.70342,32.04419],[73.70442,32.04404],[73.7043,32.04345],[73.70464,32.04341],[73.70451,32.04284],[73.70418,32.04291],[73.7041,32.0423],[73.70234,32.04258],[73.70223,32.0422],[73.70208,32.04225],[73.70207,32.04239],[73.70193,32.04235],[73.70188,32.04206],[73.70164,32.04206],[73.70155,32.04253],[73.70124,32.0425],[73.70088,32.04301],[73.70115,32.04303],[73.70114,32.04316],[73.70098,32.04318],[73.70098,32.04329],[73.70087,32.0433],[73.70087,32.04339],[73.70175,32.04324],[73.70185,32.04381],[73.70255,32.04371],[73.70281,32.04491],[73.70351,32.0448]]]]}},{"type":"Feature","properties":{"lu":"Brick Kiln","ct":"Existing","a":0.0},"geometry":{"type":"MultiPolygon","coordinates":[[[[73.70296,32.0826],[73.70294,32.08274],[73.70294,32.08276],[73.70296,32.0826]]]]}},{"type":"Feature","properties":{"lu":"Industrial","ct":"Existing","a":0.514,"nm":"Marble Factory"},"geometry":{"type":"MultiPolygon","coordinates":[[[[73.72927,32.07771],[73.72902,32.07745],[73.72867,32.07768],[73.72869,32.07805],[73.72927,32.07771]]]]}},{"type":"Feature","properties":{"lu":"Industrial","ct":"Existing","a":0.094},"geometry":{"type":"MultiPolygon","coordinates":[[[[73.6508,32.06881],[73.65065,32.06882],[73.65065,32.06905],[73.65079,32.06907],[73.6508,32.06881]]]]}},{"type":"Feature","properties":{"lu":"Industrial","ct":"Existing","a":0.179},"geometry":{"type":"MultiPolygon","coordinates":[[[[73.65042,32.06883],[73.65015,32.06885],[73.65019,32.06914],[73.65043,32.06909],[73.65042,32.06883]]]]}},{"type":"Feature","properties":{"lu":"Industrial","ct":"Existing","a":2.079,"nm":"Embridery Industry"},"geometry":{"type":"MultiPolygon","coordinates":[[[[73.64982,32.06996],[73.64976,32.06888],[73.64901,32.06892],[73.64908,32.07001],[73.64982,32.06996]]]]}},{"type":"Feature","properties":{"lu":"Industrial","ct":"Existing","a":0.815},"geometry":{"type":"MultiPolygon","coordinates":[[[[73.66061,32.07127],[73.6604,32.07073],[73.65989,32.07086],[73.66013,32.07146],[73.66061,32.07127]]]]}},{"type":"Feature","properties":{"lu":"Agro Based Industry","ct":"Existing","a":5.402,"nm":"Mashallah Rice Mill"},"geometry":{"type":"MultiPolygon","coordinates":[[[[73.64253,32.06919],[73.64185,32.06922],[73.64212,32.07193],[73.64307,32.07214],[73.64306,32.07176],[73.64285,32.07176],[73.64253,32.06919]]]]}},{"type":"Feature","properties":{"lu":"Industrial","ct":"Existing","a":0.192},"geometry":{"type":"MultiPolygon","coordinates":[[[[73.65097,32.06851],[73.65093,32.06822],[73.65068,32.06824],[73.6507,32.06852],[73.65097,32.06851]]]]}},{"type":"Feature","properties":{"lu":"Industrial","ct":"Existing","a":0.075,"nm":"Marble Factory"},"geometry":{"type":"MultiPolygon","coordinates":[[[[73.73257,32.06764],[73.73233,32.06764],[73.73254,32.06783],[73.73257,32.06764]]]]}},{"type":"Feature","properties":{"lu":"Industrial","ct":"Existing","a":0.049},"geometry":{"type":"MultiPolygon","coordinates":[[[[73.67799,32.07329],[73.67778,32.07357],[73.67814,32.07321],[73.67811,32.07316],[73.67799,32.07329]]]]}},{"type":"Feature","properties":{"lu":"Agro Based Industry","ct":"Existing","a":0.126},"geometry":{"type":"MultiPolygon","coordinates":[[[[73.66402,32.10624],[73.66369,32.10605],[73.66364,32.10612],[73.66386,32.10624],[73.6638,32.10632],[73.66392,32.10638],[73.66402,32.10624]]]]}},{"type":"Feature","properties":{"lu":"Industrial","ct":"Existing","a":0.067},"geometry":{"type":"MultiPolygon","coordinates":[[[[73.68471,32.11155],[73.68471,32.11168],[73.68492,32.11168],[73.68492,32.11156],[73.68471,32.11155]]]]}},{"type":"Feature","properties":{"lu":"Agro Based Industry","ct":"Existing","a":0.35},"geometry":{"type":"MultiPolygon","coordinates":[[[[73.36808,32.07871],[73.36803,32.07864],[73.36775,32.07885],[73.36695,32.07918],[73.3672,32.07923],[73.36773,32.079],[73.36808,32.07871]]]]}},{"type":"Feature","properties":{"lu":"Agro Based Industry","ct":"Existing","a":18.498,"nm":"Fiaz Interprises Rice Mill"},"geometry":{"type":"MultiPolygon","coordinates":[[[[73.411,32.06365],[73.40882,32.06351],[73.40872,32.06463],[73.40743,32.06453],[73.40684,32.06569],[73.40991,32.066],[73.40993,32.06617],[73.41064,32.06625],[73.4106,32.06669],[73.41141,32.06674],[73.41147,32.06559],[73.41108,32.06555],[73.41114,32.06527],[73.41084,32.06521],[73.41074,32.06552],[73.41004,32.06542],[73.41017,32.06412],[73.41088,32.06422],[73.411,32.06365]]]]}},{"type":"Feature","properties":{"lu":"Agro Based Industry","ct":"Existing","a":11.029,"nm":"Mazco Rice Mill"},"geometry":{"type":"MultiPolygon","coordinates":[[[[73.4071,32.06514],[73.40743,32.06453],[73.40872,32.06463],[73.40878,32.06349],[73.40898,32.0625],[73.40705,32.06273],[73.40706,32.06287],[73.40695,32.06288],[73.40695,32.06306],[73.40673,32.06305],[73.40649,32.06462],[73.40707,32.0647],[73.407,32.06514],[73.4071,32.06514]]]]}},{"type":"Feature","properties":{"lu":"Agro Based Industry","ct":"Existing","a":25.855,"nm":"Shaheen Rice Mills"},"geometry":{"type":"MultiPolygon","coordinates":[[[[73.38073,32.04541],[73.38031,32.04553],[73.37978,32.04854],[73.38042,32.04836],[73.3809,32.04536],[73.38073,32.04541]]],[[[73.38009,32.04559],[73.37937,32.0458],[73.37894,32.04872],[73.37957,32.04859],[73.38009,32.04559]]],[[[73.38014,32.04879],[73.37972,32.0489],[73.37893,32.05393],[73.37956,32.05396],[73.38037,32.04872],[73.38014,32.04879]]],[[[73.37944,32.04896],[73.37889,32.04907],[73.3781,32.05385],[73.37874,32.05391],[73.37951,32.04894],[73.37944,32.04896]]]]}},{"type":"Feature","properties":{"lu":"Agro Based Industry","ct":"Existing","a":25.404,"nm":"Khurseed Rice Mills"},"geometry":{"type":"MultiPolygon","coordinates":[[[[73.38317,32.05143],[73.38278,32.05138],[73.38295,32.05016],[73.38153,32.04998],[73.38146,32.0501],[73.38092,32.05007],[73.38043,32.0529],[73.38317,32.05323],[73.38317,32.05143]]],[[[73.38254,32.05322],[73.38048,32.05294],[73.38033,32.05406],[73.38237,32.05425],[73.38254,32.05322]]],[[[73.3816,32.05434],[73.38155,32.05494],[73.38225,32.055],[73.38234,32.05441],[73.3816,32.05434]]]]}},{"type":"Feature","properties":{"lu":"Agro Based Industry","ct":"Existing","a":14.464,"nm":"Mian Zahid Hussain Bhatti Rice Mills"},"geometry":{"type":"MultiPolygon","coordinates":[[[[73.39991,32.04721],[73.40003,32.04675],[73.39993,32.04529],[73.39638,32.04507],[73.3963,32.04524],[73.39744,32.04612],[73.39957,32.04817],[73.39974,32.04727],[73.39991,32.04721]]]]}},{"type":"Feature","properties":{"lu":"Agro Based Industry","ct":"Existing","a":4.162,"nm":"Sheikh Nazeer And Sons Rice Mills"},"geometry":{"type":"MultiPolygon","coordinates":[[[[73.40579,32.05568],[73.40546,32.05814],[73.40656,32.05824],[73.40595,32.05561],[73.40579,32.05568]]]]}},{"type":"Feature","properties":{"lu":"Brick Kiln","ct":"Existing","a":0.017,"nm":"Sheikh Sarfraz Bircks Company"},"geometry":{"type":"MultiPolygon","coordinates":[[[[73.37999,32.07635],[73.38005,32.07644],[73.38066,32.07724],[73.37999,32.07635]]]]}},{"type":"Feature","properties":{"lu":"Brick Kiln","ct":"Existing","a":6.624},"geometry":{"type":"MultiPolygon","coordinates":[[[[73.39362,32.05996],[73.39302,32.05988],[73.39287,32.06081],[73.39363,32.06088],[73.39362,32.05996]]],[[[73.39449,32.06006],[73.39384,32.06005],[73.39383,32.06089],[73.39494,32.06099],[73.39489,32.06133],[73.39598,32.06144],[73.39609,32.06085],[73.39571,32.0608],[73.39574,32.06052],[73.39503,32.06043],[73.39508,32.06014],[73.39449,32.06006]]]]}},{"type":"Feature","properties":{"lu":"Brick Kiln","ct":"Existing","a":6.262},"geometry":{"type":"MultiPolygon","coordinates":[[[[73.39477,32.05701],[73.39412,32.05699],[73.39402,32.05753],[73.39388,32.05751],[73.39389,32.05928],[73.39442,32.05934],[73.39462,32.05867],[73.39477,32.05701]]],[[[73.39366,32.05748],[73.39339,32.05745],[73.39312,32.05918],[73.39366,32.05925],[73.39366,32.05748]]]]}},{"type":"Feature","properties":{"lu":"Agro Based Industry","ct":"Existing","a":18.621,"nm":"Mesam Rice Mill"},"geometry":{"type":"MultiPolygon","coordinates":[[[[73.39514,32.05458],[73.39526,32.05399],[73.39598,32.05407],[73.39613,32.05352],[73.39538,32.05345],[73.39556,32.05219],[73.39344,32.05202],[73.39297,32.0555],[73.39359,32.05571],[73.39362,32.05551],[73.39368,32.05551],[73.39366,32.05567],[73.39431,32.05572],[73.39452,32.05457],[73.39514,32.05458]]]]}},{"type":"Feature","properties":{"lu":"Agro Based Industry","ct":"Existing","a":12.608,"nm":"Safa Rice Mills"},"geometry":{"type":"MultiPolygon","coordinates":[[[[73.40054,32.05218],[73.39912,32.05198],[73.40037,32.05322],[73.40054,32.05218]]],[[[73.39911,32.05249],[73.39907,32.05246],[73.39906,32.05258],[73.39759,32.05248],[73.39755,32.05363],[73.39824,32.0537],[73.39815,32.05432],[73.4001,32.0546],[73.4003,32.05366],[73.39911,32.05249]]]]}},{"type":"Feature","properties":{"lu":"Agro Based Industry","ct":"Existing","a":14.366,"nm":"Zubair Rice Mills"},"geometry":{"type":"MultiPolygon","coordinates":[[[[73.36484,32.0769],[73.36457,32.07723],[73.36484,32.07738],[73.36478,32.07751],[73.36489,32.0776],[73.36481,32.0778],[73.36508,32.07797],[73.36531,32.07798],[73.36559,32.07768],[73.36585,32.07779],[73.36625,32.07733],[73.36682,32.07766],[73.36656,32.07799],[73.36726,32.078],[73.36683,32.07761],[73.36736,32.07695],[73.36766,32.07665],[73.36822,32.07699],[73.36883,32.07627],[73.36855,32.0761],[73.36832,32.07634],[73.36806,32.07615],[73.3684,32.07571],[73.36818,32.07555],[73.36777,32.07599],[73.36754,32.07594],[73.3674,32.07615],[73.36663,32.07578],[73.36647,32.07598],[73.36623,32.07586],[73.36579,32.07618],[73.36571,32.07627],[73.36573,32.07639],[73.36539,32.07678],[73.36508,32.07661],[73.36484,32.0769]]],[[[73.36798,32.07858],[73.36727,32.07817],[73.36642,32.07817],[73.36696,32.07846],[73.36722,32.07819],[73.36724,32.07824],[73.36666,32.07901],[73.36695,32.07918],[73.36775,32.07885],[73.36803,32.07864],[73.36798,32.07858]]]]}},{"type":"Feature","properties":{"lu":"Agro Based Industry","ct":"Existing","a":5.226,"nm":"Chaddhar Rice Mills"},"geometry":{"type":"MultiPolygon","coordinates":[[[[73.36994,32.0689],[73.3696,32.06876],[73.36957,32.0686],[73.3697,32.06845],[73.36942,32.06826],[73.369,32.06876],[73.369,32.06944],[73.36998,32.069],[73.36994,32.0689]]],[[[73.3688,32.06951],[73.36881,32.06868],[73.3684,32.06844],[73.36844,32.06829],[73.36788,32.06794],[73.36745,32.06847],[73.36805,32.06886],[73.3677,32.06936],[73.3683,32.06976],[73.3688,32.06951]]]]}},{"type":"Feature","properties":{"lu":"Agro Based Industry","ct":"Existing","a":8.878,"nm":"Al-Hussnain Rice Mill"},"geometry":{"type":"MultiPolygon","coordinates":[[[[73.39188,32.06424],[73.39012,32.06414],[73.39016,32.06501],[73.39142,32.06515],[73.39135,32.06546],[73.39166,32.06551],[73.39188,32.06424]]],[[[73.39354,32.06477],[73.39281,32.06474],[73.3928,32.0643],[73.39211,32.06423],[73.39185,32.06554],[73.39353,32.06571],[73.39363,32.06482],[73.39354,32.06477]]]]}},{"type":"Feature","properties":{"lu":"Brick Kiln","ct":"Existing","a":0.005},"geometry":{"type":"MultiPolygon","coordinates":[[[[73.39988,32.06614],[73.40034,32.06618],[73.40028,32.06617],[73.39988,32.06613],[73.39988,32.06614]]],[[[73.40196,32.06633],[73.40197,32.06633],[73.40197,32.06631],[73.40196,32.06633]]]]}},{"type":"Feature","properties":{"lu":"Agro Based Industry","ct":"Existing","a":28.54,"nm":"Madina Rice Mill"},"geometry":{"type":"MultiPolygon","coordinates":[[[[73.37082,32.04408],[73.37083,32.04417],[73.36941,32.04425],[73.36941,32.04441],[73.36778,32.04444],[73.36786,32.045],[73.36564,32.04526],[73.36613,32.04591],[73.36706,32.04589],[73.36716,32.04568],[73.36784,32.04568],[73.36782,32.04581],[73.36852,32.04585],[73.36851,32.04639],[73.36915,32.04645],[73.36921,32.04675],[73.3699,32.0468],[73.37006,32.04644],[73.37083,32.04651],[73.37098,32.04561],[73.37165,32.04566],[73.37175,32.04468],[73.37256,32.04454],[73.37241,32.04566],[73.37315,32.04567],[73.37324,32.04511],[73.3739,32.04506],[73.37383,32.04453],[73.37305,32.04449],[73.37296,32.04396],[73.37082,32.04408]]]]}},{"type":"Feature","properties":{"lu":"Brick Kiln","ct":"Existing","a":2.021},"geometry":{"type":"MultiPolygon","coordinates":[[[[73.40359,32.06283],[73.40362,32.06223],[73.40266,32.06217],[73.40259,32.06229],[73.40261,32.06302],[73.40359,32.06289],[73.40359,32.06283]]]]}},{"type":"Feature","properties":{"lu":"Brick Kiln","ct":"Existing","a":8.814},"geometry":{"type":"MultiPolygon","coordinates":[[[[73.4025,32.06413],[73.40256,32.06397],[73.40234,32.06396],[73.40239,32.06358],[73.40168,32.06355],[73.40158,32.06387],[73.40132,32.06384],[73.40124,32.06443],[73.40223,32.0645],[73.40226,32.06466],[73.40245,32.06466],[73.40306,32.06444],[73.40312,32.06421],[73.4025,32.06413]]],[[[73.40197,32.06631],[73.40209,32.06534],[73.4014,32.06524],[73.40116,32.06528],[73.40006,32.06502],[73.39988,32.06613],[73.40194,32.0664],[73.40197,32.06631]]]]}},{"type":"Feature","properties":{"lu":"Brick Kiln","ct":"Existing","a":8.507},"geometry":{"type":"MultiPolygon","coordinates":[[[[73.38562,32.04395],[73.3867,32.04365],[73.3876,32.04355],[73.38759,32.04338],[73.38452,32.043],[73.38451,32.04288],[73.38413,32.04289],[73.38401,32.0438],[73.38308,32.04384],[73.3831,32.04462],[73.38562,32.04395]]]]}},{"type":"Feature","properties":{"lu":"Agro Based Industry","ct":"Existing","a":2.094,"nm":"Mudassir Rice Mills"},"geometry":{"type":"MultiPolygon","coordinates":[[[[73.40254,32.0648],[73.40245,32.06466],[73.40226,32.06466],[73.40223,32.0645],[73.40156,32.06446],[73.4014,32.06524],[73.40242,32.06539],[73.40254,32.0648]]]]}},{"type":"Feature","properties":{"lu":"Agro Based Industry","ct":"Existing","a":0.373},"geometry":{"type":"MultiPolygon","coordinates":[[[[73.40589,32.06287],[73.40553,32.0629],[73.40552,32.06327],[73.40593,32.06323],[73.40589,32.06287]]]]}},{"type":"Feature","properties":{"lu":"Industrial","ct":"Existing","a":2.435},"geometry":{"type":"MultiPolygon","coordinates":[[[[73.37003,32.05241],[73.36955,32.05172],[73.36844,32.0516],[73.36841,32.05206],[73.36874,32.05214],[73.36887,32.0525],[73.36943,32.05249],[73.36948,32.05235],[73.37003,32.05241]]]]}},{"type":"Feature","properties":{"lu":"Agro Based Industry","ct":"Existing","a":9.071,"nm":"Mian Zahid Hussain Bhatti Rice Mills"},"geometry":{"type":"MultiPolygon","coordinates":[[[[73.40168,32.04491],[73.40036,32.04478],[73.40023,32.0453],[73.39993,32.04529],[73.40003,32.04675],[73.39991,32.04721],[73.40131,32.04728],[73.40168,32.04491]]]]}},{"type":"Feature","properties":{"lu":"Agro Based Industry","ct":"Existing","a":3.027,"nm":"Crystal Grain Rice Mill"},"geometry":{"type":"MultiPolygon","coordinates":[[[[73.369,32.06793],[73.36945,32.06822],[73.37025,32.06721],[73.3697,32.06683],[73.36958,32.06695],[73.36921,32.06685],[73.36901,32.06708],[73.369,32.06793]]],[[[73.36851,32.06764],[73.36881,32.06782],[73.36881,32.0673],[73.36851,32.06764]]]]}},{"type":"Feature","properties":{"lu":"Brick Kiln","ct":"Existing","a":0.076},"geometry":{"type":"MultiPolygon","coordinates":[[[[73.2580196,31.8884397],[73.2580196,31.8884398],[73.2588923,31.8884533],[73.2588924,31.8884532],[73.2580196,31.8884397]]],[[[73.2595568,31.8884636],[73.2601391,31.8884726],[73.2601391,31.8884725],[73.2595569,31.8884635],[73.2595568,31.8884636]]],[[[73.25892,31.89083],[73.25898,31.89089],[73.25931,31.89027],[73.25892,31.89083]]]]}},{"type":"Feature","properties":{"lu":"Industrial","ct":"Existing","a":12.781,"nm":"Al- Rahman Rice Mills"},"geometry":{"type":"MultiPolygon","coordinates":[[[[73.25598,31.89096],[73.25656,31.89025],[73.25716,31.88969],[73.25547,31.89027],[73.25458,31.88819],[73.25378,31.88806],[73.25482,31.8905],[73.25417,31.89068],[73.25419,31.89099],[73.25593,31.89103],[73.25598,31.89096]]],[[[73.25892,31.891],[73.25757,31.8898],[73.25702,31.8903],[73.25639,31.89102],[73.25892,31.891]]]]}},{"type":"Feature","properties":{"lu":"Brick Kiln","ct":"Existing","a":6.972},"geometry":{"type":"MultiPolygon","coordinates":[[[[73.26089,31.89152],[73.26107,31.89096],[73.26178,31.89099],[73.26181,31.8907],[73.26214,31.89072],[73.26211,31.89017],[73.26292,31.89019],[73.26293,31.89046],[73.2638,31.89042],[73.2638,31.88998],[73.26371,31.88977],[73.26307,31.8899],[73.26301,31.88979],[73.26195,31.8897],[73.26189,31.8898],[73.26189,31.88989],[73.26201,31.88989],[73.26197,31.89006],[73.26135,31.89008],[73.26134,31.88999],[73.26096,31.88992],[73.26044,31.88998],[73.26039,31.89021],[73.26051,31.89034],[73.26042,31.89048],[73.26044,31.89087],[73.26037,31.89102],[73.26059,31.8912],[73.26058,31.89145],[73.26089,31.89152]]]]}},{"type":"Feature","properties":{"lu":"Brick Kiln","ct":"Existing","a":11.831},"geometry":{"type":"MultiPolygon","coordinates":[[[[73.27258,31.91648],[73.27228,31.91611],[73.27058,31.91596],[73.27058,31.91653],[73.2691,31.91647],[73.26904,31.91761],[73.26916,31.91769],[73.26983,31.91773],[73.26988,31.91784],[73.27109,31.91794],[73.27258,31.91648]]]]}},{"type":"Feature","properties":{"lu":"Brick Kiln","ct":"Existing","a":14.607},"geometry":{"type":"MultiPolygon","coordinates":[[[[73.28453,31.86831],[73.2843,31.86944],[73.28701,31.86948],[73.2872,31.86781],[73.28578,31.86773],[73.28573,31.86794],[73.28555,31.86799],[73.2846,31.86794],[73.28453,31.86831]]],[[[73.28426,31.86961],[73.28417,31.87001],[73.28693,31.87024],[73.28699,31.86965],[73.28426,31.86961]]]]}},{"type":"Feature","properties":{"lu":"Brick Kiln","ct":"Existing","a":10.067},"geometry":{"type":"MultiPolygon","coordinates":[[[[73.25802,31.88844],[73.25801,31.88903],[73.25889,31.88845],[73.25802,31.88844]]],[[[73.25972,31.89135],[73.25989,31.89103],[73.26017,31.89104],[73.26035,31.89091],[73.26025,31.89041],[73.26039,31.88999],[73.26011,31.88996],[73.26014,31.88847],[73.25956,31.88846],[73.25806,31.88943],[73.25931,31.89027],[73.25898,31.89089],[73.25965,31.89148],[73.25972,31.89135]]]]}},{"type":"Feature","properties":{"lu":"Brick Kiln","ct":"Existing","a":0.001},"geometry":{"type":"MultiPolygon","coordinates":[[[[73.2919,31.89775],[73.29194,31.89776],[73.29185,31.89774],[73.2919,31.89775]]],[[[73.29194,31.89776],[73.29199,31.89777],[73.29204,31.89776],[73.29208,31.89776],[73.29194,31.89776]]]]}},{"type":"Feature","properties":{"lu":"Industrial","ct":"Existing","a":0.323,"nm":"Jahangeer Industury"},"geometry":{"type":"MultiPolygon","coordinates":[[[[73.2676,31.91092],[73.26751,31.9109],[73.26753,31.91085],[73.267,31.91081],[73.26698,31.91101],[73.26749,31.91109],[73.2676,31.91092]]]]}},{"type":"Feature","properties":{"lu":"Agro Based Industry","ct":"Existing","a":4.39,"nm":"Sadiq Rice Mill"},"geometry":{"type":"MultiPolygon","coordinates":[[[[73.26843,31.92248],[73.26664,31.92238],[73.26603,31.92294],[73.26915,31.92313],[73.26916,31.92253],[73.26843,31.92248]]]]}},{"type":"Feature","properties":{"lu":"Brick Kiln","ct":"Existing","a":10.967},"geometry":{"type":"MultiPolygon","coordinates":[[[[73.30835,31.89402],[73.30833,31.89253],[73.30665,31.89279],[73.30649,31.89224],[73.30579,31.89231],[73.30653,31.89463],[73.30834,31.89441],[73.30835,31.89402]]]]}},{"type":"Feature","properties":{"lu":"Agro Based Industry","ct":"Existing","a":7.584,"nm":"Cheema Rice Mills"},"geometry":{"type":"MultiPolygon","coordinates":[[[[73.28116,31.91116],[73.27905,31.91103],[73.27896,31.91208],[73.28103,31.91282],[73.28116,31.91185],[73.28116,31.91116]]]]}},{"type":"Feature","properties":{"lu":"Brick Kiln","ct":"Existing","a":2.783},"geometry":{"type":"MultiPolygon","coordinates":[[[[73.27125,31.88635],[73.27246,31.88654],[73.27257,31.88589],[73.27233,31.88556],[73.27195,31.8855],[73.27178,31.8856],[73.27154,31.88559],[73.27128,31.88582],[73.27125,31.88635]]]]}},{"type":"Feature","properties":{"lu":"Agro Based Industry","ct":"Existing","a":0.056},"geometry":{"type":"MultiPolygon","coordinates":[[[[73.27922,31.86252],[73.27909,31.86251],[73.27908,31.86268],[73.2792,31.86269],[73.27922,31.86252]]]]}},{"type":"Feature","properties":{"lu":"Agro Based Industry","ct":"Existing","a":0.0,"nm":"PASCO Center Pindi Bhattian"},"geometry":{"type":"MultiPolygon","coordinates":[[[[73.29894,31.89399],[73.29901,31.89404],[73.29901,31.89403],[73.29897,31.89401],[73.29894,31.89399]]]]}},{"type":"Feature","properties":{"lu":"Agro Based Industry","ct":"Existing","a":9.306,"nm":"Aslam Sons Rice Mills"},"geometry":{"type":"MultiPolygon","coordinates":[[[[73.2822,31.8806],[73.28023,31.88045],[73.28022,31.88032],[73.27957,31.88026],[73.2794,31.88192],[73.28147,31.88201],[73.2822,31.8806]]]]}},{"type":"Feature","properties":{"lu":"Agro Based Industry","ct":"Existing","a":10.492,"nm":"Al Hamadullah Rice Mill"},"geometry":{"type":"MultiPolygon","coordinates":[[[[73.24848,31.90637],[73.24843,31.90899],[73.24886,31.909],[73.24906,31.90617],[73.24848,31.90637]]],[[[73.24753,31.90669],[73.24691,31.90689],[73.24694,31.90765],[73.24725,31.90767],[73.24718,31.90894],[73.24823,31.90898],[73.24828,31.90643],[73.24753,31.90669]]]]}},{"type":"Feature","properties":{"lu":"Agro Based Industry","ct":"Existing","a":1.37,"nm":"Bhatti Poultry Farm"},"geometry":{"type":"MultiPolygon","coordinates":[[[[73.29565,31.86846],[73.29524,31.86842],[73.29506,31.86971],[73.29545,31.86976],[73.29565,31.86846]]]]}},{"type":"Feature","properties":{"lu":"Agro Based Industry","ct":"Existing","a":10.012,"nm":"Al Hamadullah Rice Mill"},"geometry":{"type":"MultiPolygon","coordinates":[[[[73.24643,31.90957],[73.24581,31.90854],[73.24722,31.90834],[73.24725,31.90767],[73.24694,31.90765],[73.24691,31.90689],[73.24516,31.90747],[73.24532,31.90774],[73.24529,31.90814],[73.24521,31.90812],[73.24499,31.90985],[73.24643,31.9098],[73.24632,31.90953],[73.24643,31.90957]]]]}},{"type":"Feature","properties":{"lu":"Agro Based Industry","ct":"Existing","a":0.539},"geometry":{"type":"MultiPolygon","coordinates":[[[[73.26467,31.89391],[73.26465,31.89451],[73.26505,31.89453],[73.26499,31.89444],[73.26499,31.89391],[73.26467,31.89391]]]]}},{"type":"Feature","properties":{"lu":"Agro Based Industry","ct":"Existing","a":9.568,"nm":"Hygine Dairy Farm"},"geometry":{"type":"MultiPolygon","coordinates":[[[[73.48794,31.89935],[73.48873,31.89963],[73.48894,31.8998],[73.49083,31.90169],[73.49164,31.90044],[73.48832,31.89863],[73.48794,31.89935]]]]}},{"type":"Feature","properties":{"lu":"Industrial","ct":"Existing","a":10.564},"geometry":{"type":"MultiPolygon","coordinates":[[[[73.46244,31.87005],[73.46273,31.86934],[73.46135,31.86958],[73.46123,31.86901],[73.45932,31.86934],[73.45958,31.8702],[73.45934,31.87029],[73.45954,31.87117],[73.46095,31.87095],[73.46081,31.87032],[73.46244,31.87005]]]]}},{"type":"Feature","properties":{"lu":"Agro Based Industry","ct":"Existing","a":0.012},"geometry":{"type":"MultiPolygon","coordinates":[[[[73.47336,31.87583],[73.4734,31.87602],[73.4732,31.87608],[73.4734,31.87603],[73.47336,31.87583]]]]}},{"type":"Feature","properties":{"lu":"Brick Kiln","ct":"Existing","a":0.474,"nm":"Brick Kiln"},"geometry":{"type":"MultiPolygon","coordinates":[[[[73.4913,31.87166],[73.4912,31.87107],[73.49112,31.87106],[73.49137,31.87222],[73.49207,31.87226],[73.49236,31.87333],[73.49212,31.87217],[73.49146,31.87218],[73.49139,31.87214],[73.4913,31.87166]]]]}},{"type":"Feature","properties":{"lu":"Brick Kiln","ct":"Existing","a":4.146,"nm":"Brick Kiln"},"geometry":{"type":"MultiPolygon","coordinates":[[[[73.48239,31.87411],[73.48102,31.87434],[73.48119,31.87534],[73.48261,31.87513],[73.48239,31.87411]]],[[[73.48198,31.87556],[73.48209,31.87601],[73.4824,31.87597],[73.48231,31.87551],[73.48198,31.87556]]]]}},{"type":"Feature","properties":{"lu":"Brick Kiln","ct":"Existing","a":0.0},"geometry":{"type":"MultiPolygon","coordinates":[[[[73.483162,31.872542],[73.483166,31.87255],[73.483163,31.872542],[73.483162,31.872542]]]]}},{"type":"Feature","properties":{"lu":"Agro Based Industry","ct":"Existing","a":11.729,"nm":"Rice Industry"},"geometry":{"type":"MultiPolygon","coordinates":[[[[73.46366,31.8688],[73.46359,31.8689],[73.46456,31.87052],[73.46572,31.87036],[73.46566,31.86976],[73.46631,31.86968],[73.466,31.86785],[73.46459,31.86809],[73.46468,31.86864],[73.46366,31.8688]]]]}},{"type":"Feature","properties":{"lu":"Agro Based Industry","ct":"Existing","a":0.93,"nm":"Poltary Form"},"geometry":{"type":"MultiPolygon","coordinates":[[[[73.51273,31.86696],[73.51321,31.86723],[73.51387,31.86704],[73.51371,31.86665],[73.51273,31.86696]]]]}},{"type":"Feature","properties":{"lu":"Industrial","ct":"Existing","a":3.928},"geometry":{"type":"MultiPolygon","coordinates":[[[[73.48462,31.85996],[73.48502,31.86086],[73.48636,31.86064],[73.48632,31.85963],[73.48462,31.85996]]]]}},{"type":"Feature","properties":{"lu":"Industrial","ct":"Existing","a":4.531},"geometry":{"type":"MultiPolygon","coordinates":[[[[73.65529,32.09143],[73.65473,32.09005],[73.65356,32.09037],[73.65413,32.0917],[73.65529,32.09143]]]]}},{"type":"Feature","properties":{"lu":"Brick Kiln","ct":"Existing","a":4.526},"geometry":{"type":"MultiPolygon","coordinates":[[[[73.59663,31.9816],[73.59657,31.98146],[73.59854,31.98065],[73.5983,31.98016],[73.59567,31.98112],[73.59605,31.9818],[73.59663,31.9816]]]]}},{"type":"Feature","properties":{"lu":"Brick Kiln","ct":"Existing","a":7.115},"geometry":{"type":"MultiPolygon","coordinates":[[[[73.56805,31.99305],[73.56834,31.99063],[73.56679,31.99154],[73.56667,31.99298],[73.56805,31.99305]]]]}},{"type":"Feature","properties":{"lu":"Agro Based Industry","ct":"Existing","a":26.642},"geometry":{"type":"MultiPolygon","coordinates":[[[[73.33817,31.92567],[73.33815,31.9236],[73.33629,31.92362],[73.33371,31.92383],[73.33372,31.92416],[73.33399,31.92414],[73.33419,31.92659],[73.33634,31.92642],[73.33625,31.92581],[73.33817,31.92567]]]]}},{"type":"Feature","properties":{"lu":"Agro Based Industry","ct":"Existing","a":3.268},"geometry":{"type":"MultiPolygon","coordinates":[[[[73.30827,31.96264],[73.30909,31.96261],[73.30909,31.962],[73.30679,31.96212],[73.3072,31.96269],[73.30827,31.96264]]]]}},{"type":"Feature","properties":{"lu":"Agro Based Industry","ct":"Existing","a":4.514},"geometry":{"type":"MultiPolygon","coordinates":[[[[73.29124,31.93763],[73.29109,31.93711],[73.29037,31.93738],[73.29029,31.93713],[73.28934,31.9373],[73.29013,31.93829],[73.29011,31.93843],[73.29147,31.93819],[73.29124,31.93763]]]]}},{"type":"Feature","properties":{"lu":"Brick Kiln","ct":"Existing","a":3.126},"geometry":{"type":"MultiPolygon","coordinates":[[[[73.43259,31.9608],[73.43114,31.96061],[73.43108,31.96144],[73.4325,31.96162],[73.43259,31.9608]]]]}},{"type":"Feature","properties":{"lu":"Agro Based Industry","ct":"Existing","a":2.712,"nm":"Flour Mill"},"geometry":{"type":"MultiPolygon","coordinates":[[[[73.73021,32.07364],[73.73022,32.0735],[73.72919,32.07335],[73.72915,32.07414],[73.73009,32.07489],[73.73007,32.07366],[73.73021,32.07364]]]]}},{"type":"Feature","properties":{"lu":"Brick Kiln","ct":"Existing","a":8.011,"nm":"Brick Kiln"},"geometry":{"type":"MultiPolygon","coordinates":[[[[73.49232,31.87334],[73.49207,31.87226],[73.49137,31.87222],[73.49112,31.87106],[73.49153,31.87102],[73.4914,31.87034],[73.49102,31.87036],[73.49096,31.87005],[73.49046,31.87011],[73.49068,31.87175],[73.49103,31.87355],[73.49232,31.87334]]]]}},{"type":"Feature","properties":{"lu":"Brick Kiln","ct":"Existing","a":0.065},"geometry":{"type":"MultiPolygon","coordinates":[[[[73.48547,31.87187],[73.48574,31.87298],[73.48373,31.87336],[73.48576,31.87298],[73.48547,31.87187]]]]}},{"type":"Feature","properties":{"lu":"Brick Kiln","ct":"Existing","a":9.724},"geometry":{"type":"MultiPolygon","coordinates":[[[[73.20936,31.82478],[73.20923,31.82263],[73.20893,31.82261],[73.20884,31.82205],[73.20776,31.82201],[73.20796,31.82483],[73.20936,31.82478]]]]}},{"type":"Feature","properties":{"lu":"Brick Kiln","ct":"Existing","a":14.927},"geometry":{"type":"MultiPolygon","coordinates":[[[[73.22767,31.82214],[73.22754,31.82088],[73.22629,31.82097],[73.2262,31.81969],[73.22553,31.81969],[73.22565,31.82342],[73.22769,31.82325],[73.22767,31.82214]]]]}},{"type":"Feature","properties":{"lu":"Industrial","ct":"Existing","a":6.642,"nm":"Khan Block Factory"},"geometry":{"type":"MultiPolygon","coordinates":[[[[73.19845,31.83417],[73.2003,31.83596],[73.20114,31.83589],[73.20109,31.83543],[73.20073,31.83543],[73.20073,31.83428],[73.20037,31.83427],[73.20037,31.83396],[73.19973,31.834],[73.19974,31.83433],[73.19918,31.83441],[73.19917,31.83416],[73.19845,31.83417]]]]}},{"type":"Feature","properties":{"lu":"Agro Based Industry","ct":"Existing","a":0.007,"nm":"Bismillah Rice Mill"},"geometry":{"type":"MultiPolygon","coordinates":[[[[73.45981,32.0601],[73.45955,32.06011],[73.45981,32.06012],[73.45981,32.0601]]]]}},{"type":"Feature","properties":{"lu":"Agro Based Industry","ct":"Existing","a":1.073,"nm":"Rai Nasrullah Rice Traders"},"geometry":{"type":"MultiPolygon","coordinates":[[[[73.4647,32.05787],[73.46468,32.05751],[73.46439,32.0575],[73.46439,32.0576],[73.46418,32.05767],[73.46418,32.05733],[73.46376,32.05734],[73.46375,32.05792],[73.4647,32.05787]]]]}},{"type":"Feature","properties":{"lu":"Agro Based Industry","ct":"Existing","a":0.664,"nm":"Mehar Rice Traders"},"geometry":{"type":"MultiPolygon","coordinates":[[[[73.4647,32.05787],[73.46375,32.05792],[73.46376,32.05818],[73.46471,32.05816],[73.4647,32.05787]]]]}},{"type":"Feature","properties":{"lu":"Agro Industry Zone","ct":"Proposed","a":70.993},"geometry":{"type":"MultiPolygon","coordinates":[[[[73.39422,32.04668],[73.39426,32.04648],[73.39447,32.04651],[73.39448,32.04667],[73.39495,32.04676],[73.3954,32.04519],[73.39526,32.04505],[73.39528,32.04487],[73.39458,32.04463],[73.39446,32.04494],[73.39431,32.04492],[73.3944,32.04458],[73.39406,32.0445],[73.394,32.04488],[73.39356,32.04481],[73.39358,32.04441],[73.39303,32.04433],[73.39215,32.04687],[73.39378,32.0472],[73.39484,32.04779],[73.39494,32.04681],[73.39422,32.04668]]],[[[73.3951,32.04802],[73.39852,32.05134],[73.4007,32.05137],[73.40101,32.04976],[73.39719,32.04604],[73.39632,32.04539],[73.39535,32.04489],[73.39531,32.04499],[73.39544,32.04515],[73.39499,32.04683],[73.39486,32.04781],[73.3951,32.04802]]],[[[73.40041,32.05153],[73.3987,32.05151],[73.3992,32.05199],[73.40054,32.05218],[73.40066,32.05153],[73.40041,32.05153]]]]}},{"type":"Feature","properties":{"lu":"Agro Industry Zone","ct":"Proposed","a":39.269},"geometry":{"type":"MultiPolygon","coordinates":[[[[73.401,32.05137],[73.4027,32.05139],[73.40113,32.04988],[73.40093,32.05045],[73.40076,32.05137],[73.401,32.05137]]],[[[73.40516,32.05482],[73.40514,32.05461],[73.40541,32.05457],[73.40477,32.05354],[73.40411,32.05276],[73.40287,32.05156],[73.40072,32.05153],[73.40046,32.05322],[73.40174,32.05447],[73.40238,32.05541],[73.40566,32.05563],[73.40594,32.05556],[73.40553,32.05477],[73.40516,32.05482]]]]}},{"type":"Feature","properties":{"lu":"Agro Industry Zone","ct":"Proposed","a":24.16},"geometry":{"type":"MultiPolygon","coordinates":[[[[73.4067,32.05889],[73.40656,32.05824],[73.40546,32.05814],[73.40579,32.05568],[73.40241,32.05545],[73.40284,32.05611],[73.40305,32.05661],[73.40358,32.05908],[73.4067,32.05889]]]]}},{"type":"Feature","properties":{"lu":"Industrial Zone","ct":"Proposed","a":35.39},"geometry":{"type":"MultiPolygon","coordinates":[[[[73.38547,32.04687],[73.38561,32.04405],[73.3809,32.04536],[73.38043,32.0483],[73.38547,32.04687]]]]}},{"type":"Feature","properties":{"lu":"Industrial Zone","ct":"Proposed","a":26.065},"geometry":{"type":"MultiPolygon","coordinates":[[[[73.37895,32.04866],[73.37937,32.0458],[73.3757,32.04654],[73.37527,32.04934],[73.37895,32.04866]]]]}},{"type":"Feature","properties":{"lu":"Industrial Zone","ct":"Proposed","a":23.379},"geometry":{"type":"MultiPolygon","coordinates":[[[[73.37267,32.04986],[73.37524,32.04935],[73.37565,32.04655],[73.37235,32.04717],[73.37209,32.04724],[73.37205,32.04743],[73.37162,32.04755],[73.37267,32.04986]]]]}},{"type":"Feature","properties":{"lu":"Industrial Zone","ct":"Proposed","a":0.355},"geometry":{"type":"MultiPolygon","coordinates":[[[[73.37162,32.04755],[73.37205,32.04743],[73.37209,32.04724],[73.37127,32.04748],[73.37133,32.04763],[73.37162,32.04755]]]]}},{"type":"Feature","properties":{"lu":"Industrial Zone","ct":"Proposed","a":53.552},"geometry":{"type":"MultiPolygon","coordinates":[[[[73.46996,31.87032],[73.46938,31.8674],[73.46912,31.86742],[73.4691,31.86709],[73.46931,31.86706],[73.46876,31.86427],[73.46743,31.86527],[73.466,31.86647],[73.46366,31.8688],[73.46468,31.86864],[73.46459,31.86809],[73.466,31.86785],[73.46631,31.86968],[73.46566,31.86976],[73.46572,31.87036],[73.46456,31.87052],[73.46486,31.87103],[73.46996,31.87032]]]]}},{"type":"Feature","properties":{"lu":"Agro Industry Zone","ct":"Proposed","a":0.0},"geometry":{"type":"MultiPolygon","coordinates":[[[[73.58418,31.98282],[73.58416,31.98278],[73.58417,31.98282],[73.58418,31.98282]]]]}},{"type":"Feature","properties":{"lu":"Agro Industry Zone","ct":"Proposed","a":9.822},"geometry":{"type":"MultiPolygon","coordinates":[[[[73.58598,31.98212],[73.5846,31.97956],[73.58438,31.97965],[73.58427,31.97952],[73.584,31.97964],[73.58485,31.98127],[73.58455,31.98141],[73.58461,31.98155],[73.58433,31.98163],[73.58426,31.98149],[73.58417,31.9815],[73.58291,31.98202],[73.58321,31.98257],[73.58395,31.98233],[73.58418,31.98282],[73.58598,31.98212]]]]}},{"type":"Feature","properties":{"lu":"Industrial","ct":"Existing","a":0.001},"geometry":{"type":"MultiPolygon","coordinates":[[[[73.67417,32.07078],[73.67413,32.07071],[73.67416,32.07078],[73.67417,32.07078]]]]}},{"type":"Feature","properties":{"lu":"Industrial","ct":"Existing","a":0.02},"geometry":{"type":"MultiPolygon","coordinates":[[[[73.67998,32.05063],[73.68001,32.0507],[73.68011,32.05067],[73.68008,32.05061],[73.67998,32.05063]]]]}},{"type":"Feature","properties":{"lu":"IT Neighbourhood","ct":"Proposed","a":7.505},"geometry":{"type":"MultiPolygon","coordinates":[[[[73.74149,32.07074],[73.74083,32.07314],[73.74315,32.07319],[73.74156,32.07071],[73.74149,32.07074]]]]}},{"type":"Feature","properties":{"lu":"IT Neighbourhood","ct":"Proposed","a":11.818},"geometry":{"type":"MultiPolygon","coordinates":[[[[73.74426,32.07021],[73.74424,32.06976],[73.74178,32.06971],[73.74163,32.07022],[73.74552,32.07032],[73.74552,32.07026],[73.74426,32.07021]]],[[[73.74551,32.07048],[73.74551,32.07041],[73.74161,32.07031],[73.74152,32.07061],[73.74194,32.07124],[73.74384,32.07129],[73.74387,32.07086],[73.74486,32.07088],[73.74485,32.07098],[73.7455,32.071],[73.74551,32.07048]]],[[[73.74208,32.07146],[73.74382,32.07148],[73.74383,32.07135],[73.74199,32.07132],[73.74208,32.07146]]]]}},{"type":"Feature","properties":{"lu":"IT Neighbourhood","ct":"Proposed","a":13.698},"geometry":{"type":"MultiPolygon","coordinates":[[[[73.74543,32.07308],[73.74526,32.07306],[73.7453,32.07281],[73.74546,32.07281],[73.74547,32.07241],[73.74535,32.0724],[73.74533,32.0715],[73.74493,32.07147],[73.74495,32.07133],[73.74521,32.07135],[73.74521,32.07146],[73.74549,32.07145],[73.7455,32.071],[73.74485,32.07098],[73.74486,32.07088],[73.74387,32.07086],[73.74382,32.07148],[73.74208,32.07146],[73.7432,32.07319],[73.74546,32.07323],[73.74543,32.07308]],[[73.74357,32.0724],[73.74447,32.07243],[73.74445,32.07268],[73.74338,32.07265],[73.74339,32.07228],[73.74359,32.0723],[73.74357,32.0724]]]]}},{"type":"Feature","properties":{"lu":"IT Neighbourhood","ct":"Proposed","a":1.514},"geometry":{"type":"MultiPolygon","coordinates":[[[[73.74553,32.06979],[73.74424,32.06976],[73.74426,32.07021],[73.74552,32.07026],[73.74553,32.06979]]]]}},{"type":"Feature","properties":{"lu":"Agro Industry Zone","ct":"Proposed","a":124.074},"geometry":{"type":"MultiPolygon","coordinates":[[[[73.65772,32.09694],[73.65529,32.09143],[73.65413,32.0917],[73.65356,32.09037],[73.6529,32.09054],[73.65295,32.09072],[73.65162,32.09102],[73.64826,32.09198],[73.64995,32.09672],[73.65129,32.0975],[73.65255,32.0985],[73.6568,32.09738],[73.65778,32.09708],[73.65772,32.09694]],[[73.65125,32.09403],[73.65114,32.09376],[73.65163,32.09363],[73.65172,32.0939],[73.65125,32.09403]]]]}},{"type":"Feature","properties":{"lu":"Cottage Industrial Zone","ct":"Proposed","a":2.434},"geometry":{"type":"MultiPolygon","coordinates":[[[[73.28426,31.91336],[73.28305,31.9129],[73.28257,31.91292],[73.28251,31.91337],[73.28383,31.91386],[73.28426,31.91336]]]]}},{"type":"Feature","properties":{"lu":"Cottage Industrial Zone","ct":"Proposed","a":4.385},"geometry":{"type":"MultiPolygon","coordinates":[[[[73.28116,31.91116],[73.28087,31.91108],[73.27951,31.91023],[73.27793,31.9117],[73.27896,31.91208],[73.27905,31.91103],[73.28116,31.91116]]]]}},{"type":"Feature","properties":{"lu":"Cottage Industrial Zone","ct":"Proposed","a":13.387},"geometry":{"type":"MultiPolygon","coordinates":[[[[73.28426,31.91336],[73.28496,31.91256],[73.28386,31.91214],[73.28363,31.91215],[73.2831,31.91148],[73.28263,31.91117],[73.28197,31.91141],[73.28164,31.91139],[73.28149,31.91119],[73.28116,31.91116],[73.28116,31.91185],[73.28103,31.91282],[73.28251,31.91337],[73.28257,31.91292],[73.28305,31.9129],[73.28426,31.91336]]]]}},{"type":"Feature","properties":{"lu":"Industrial Zone","ct":"Proposed","a":88.469},"geometry":{"type":"MultiPolygon","coordinates":[[[[73.3096,31.88678],[73.30735,31.88192],[73.30562,31.88283],[73.30311,31.88434],[73.30325,31.88436],[73.30486,31.8894],[73.31079,31.8894],[73.3096,31.88678]],[[73.30906,31.8856],[73.30973,31.88717],[73.30873,31.88704],[73.30893,31.88561],[73.30906,31.8856]]]]}},{"type":"Feature","properties":{"lu":"Warehouse and Freight Terminal","ct":"Proposed","a":41.394},"geometry":{"type":"MultiPolygon","coordinates":[[[[73.65162,32.09102],[73.6515,32.09058],[73.65074,32.09071],[73.65056,32.09017],[73.65135,32.08991],[73.65158,32.09048],[73.65348,32.08999],[73.65356,32.09037],[73.65473,32.09005],[73.65347,32.0873],[73.65027,32.08873],[73.64746,32.08977],[73.64826,32.09198],[73.65162,32.09102]]]]}},{"type":"Feature","properties":{"lu":"Agro Industry Zone","ct":"Proposed","a":18.103},"geometry":{"type":"MultiPolygon","coordinates":[[[[73.71955,32.05248],[73.71911,32.05287],[73.71719,32.05367],[73.71681,32.05369],[73.718,32.05506],[73.72167,32.05514],[73.71955,32.05248]]]]}},{"type":"Feature","properties":{"lu":"Agro Industry Zone","ct":"Proposed","a":0.882},"geometry":{"type":"MultiPolygon","coordinates":[[[[73.71657,32.04876],[73.71596,32.048],[73.71578,32.04804],[73.71597,32.04887],[73.71657,32.04876]]]]}},{"type":"Feature","properties":{"lu":"Agro Industry Zone","ct":"Proposed","a":0.624},"geometry":{"type":"MultiPolygon","coordinates":[[[[73.71682,32.04908],[73.71657,32.04876],[73.71597,32.04887],[73.71604,32.0492],[73.71682,32.04908]]]]}},{"type":"Feature","properties":{"lu":"Agro Industry Zone","ct":"Proposed","a":0.435},"geometry":{"type":"MultiPolygon","coordinates":[[[[73.71488,32.04661],[73.71478,32.04651],[73.71498,32.0473],[73.71536,32.04723],[73.71488,32.04661]]],[[[73.71565,32.0476],[73.7157,32.04776],[73.71576,32.04775],[73.71565,32.0476]]]]}},{"type":"Feature","properties":{"lu":"Agro Industry Zone","ct":"Proposed","a":0.651},"geometry":{"type":"MultiPolygon","coordinates":[[[[73.7158,32.04632],[73.7155,32.04631],[73.71563,32.04648],[73.71584,32.04645],[73.7158,32.04632]]],[[[73.71626,32.04701],[73.71616,32.04656],[73.71575,32.04663],[73.71652,32.04759],[73.71626,32.04701]]]]}},{"type":"Feature","properties":{"lu":"Agro Based Industry","ct":"Existing","a":0.703},"geometry":{"type":"MultiPolygon","coordinates":[[[[73.71754,32.04777],[73.71748,32.0475],[73.7165,32.0476],[73.71674,32.0479],[73.71754,32.04777]]]]}},{"type":"Feature","properties":{"lu":"Agro Industry Zone","ct":"Proposed","a":0.516},"geometry":{"type":"MultiPolygon","coordinates":[[[[73.7176,32.04803],[73.71754,32.04777],[73.71674,32.0479],[73.71694,32.04815],[73.7176,32.04803]]]]}},{"type":"Feature","properties":{"lu":"Agro Industry Zone","ct":"Proposed","a":1.521},"geometry":{"type":"MultiPolygon","coordinates":[[[[73.71781,32.05031],[73.71708,32.0494],[73.71672,32.04945],[73.71705,32.05045],[73.71781,32.05031]]]]}},{"type":"Feature","properties":{"lu":"Agro Industry Zone","ct":"Proposed","a":0.218},"geometry":{"type":"MultiPolygon","coordinates":[[[[73.71908,32.0519],[73.71867,32.05138],[73.71882,32.05198],[73.71908,32.0519]]]]}},{"type":"Feature","properties":{"lu":"Agro Industry Zone","ct":"Proposed","a":32.01},"geometry":{"type":"MultiPolygon","coordinates":[[[[73.7158,32.04632],[73.71584,32.04645],[73.71662,32.04632],[73.7158,32.04632]]],[[[73.7216,32.05024],[73.71885,32.0468],[73.71864,32.04663],[73.7182,32.04642],[73.7177,32.04633],[73.71616,32.04656],[73.71652,32.04759],[73.71781,32.04746],[73.71775,32.04711],[73.71846,32.04699],[73.71871,32.04818],[73.71802,32.0483],[73.71797,32.04802],[73.71697,32.04818],[73.72004,32.05203],[73.72041,32.0517],[73.7205,32.05128],[73.72184,32.05053],[73.7216,32.05024]]]]}},{"type":"Feature","properties":{"lu":"Agro Industry Zone","ct":"Proposed","a":67.133},"geometry":{"type":"MultiPolygon","coordinates":[[[[73.71955,32.05248],[73.71908,32.0519],[73.71882,32.05198],[73.71867,32.05138],[73.71781,32.05031],[73.71705,32.05045],[73.71672,32.04945],[73.71708,32.0494],[73.71682,32.04908],[73.71604,32.0492],[73.71578,32.04804],[73.71596,32.048],[73.71576,32.04775],[73.7157,32.04776],[73.71536,32.04723],[73.71498,32.0473],[73.71478,32.04651],[73.71469,32.04643],[73.71428,32.0463],[73.71036,32.04626],[73.71681,32.05369],[73.71719,32.05367],[73.71911,32.05287],[73.71955,32.05248]]]]}},{"type":"Feature","properties":{"lu":"Agro Industry Zone","ct":"Proposed","a":30.58},"geometry":{"type":"MultiPolygon","coordinates":[[[[73.72552,32.05514],[73.72184,32.05053],[73.7205,32.05128],[73.72041,32.0517],[73.72004,32.05203],[73.72254,32.05515],[73.72552,32.05514]]]]}},{"type":"Feature","properties":{"lu":"Specialized Industrial Zone","ct":"Proposed","a":0.143},"geometry":{"type":"MultiPolygon","coordinates":[[[[73.72422,32.05725],[73.72457,32.05761],[73.72454,32.05733],[73.72438,32.05734],[73.72436,32.05722],[73.72422,32.05725]]]]}},{"type":"Feature","properties":{"lu":"Specialized Industrial Zone","ct":"Proposed","a":0.332},"geometry":{"type":"MultiPolygon","coordinates":[[[[73.72895,32.06272],[73.72892,32.06242],[73.72841,32.06247],[73.72864,32.06276],[73.72895,32.06272]]]]}},{"type":"Feature","properties":{"lu":"Specialized Industrial Zone","ct":"Proposed","a":0.336},"geometry":{"type":"MultiPolygon","coordinates":[[[[73.72882,32.06193],[73.72877,32.06163],[73.72837,32.06167],[73.7284,32.06199],[73.72882,32.06193]]]]}},{"type":"Feature","properties":{"lu":"Specialized Industrial Zone","ct":"Proposed","a":0.308},"geometry":{"type":"MultiPolygon","coordinates":[[[[73.72895,32.06272],[73.72864,32.06276],[73.72923,32.06349],[73.72916,32.06334],[73.72895,32.06272]]]]}},{"type":"Feature","properties":{"lu":"Specialized Industrial Zone","ct":"Proposed","a":1.142},"geometry":{"type":"MultiPolygon","coordinates":[[[[73.72872,32.06392],[73.72766,32.0626],[73.72793,32.06349],[73.72805,32.06394],[73.72872,32.06392]]]]}},{"type":"Feature","properties":{"lu":"Specialized Industrial Zone","ct":"Proposed","a":80.795},"geometry":{"type":"MultiPolygon","coordinates":[[[[73.72877,32.06399],[73.72872,32.06392],[73.72805,32.06394],[73.72766,32.0626],[73.72181,32.05531],[73.71814,32.05523],[73.72525,32.06407],[73.72861,32.0641],[73.72877,32.06399]]]]}},{"type":"Feature","properties":{"lu":"Specialized Industrial Zone","ct":"Proposed","a":0.054},"geometry":{"type":"MultiPolygon","coordinates":[[[[73.73013,32.06386],[73.7296,32.06384],[73.72961,32.06385],[73.72966,32.06387],[73.72971,32.06388],[73.72975,32.06389],[73.7298,32.06389],[73.72986,32.06389],[73.73014,32.0639],[73.73013,32.06386]]]]}},{"type":"Feature","properties":{"lu":"Specialized Industrial Zone","ct":"Proposed","a":64.602},"geometry":{"type":"MultiPolygon","coordinates":[[[[73.72267,32.05532],[73.72422,32.05725],[73.72436,32.05722],[73.72438,32.05734],[73.72454,32.05733],[73.72457,32.05761],[73.72451,32.05762],[73.72841,32.06247],[73.72892,32.06242],[73.72916,32.06334],[73.72944,32.06374],[73.7296,32.06384],[73.73256,32.06392],[73.72565,32.05531],[73.72267,32.05532]],[[73.72882,32.06193],[73.72884,32.06209],[73.72842,32.06215],[73.72833,32.06131],[73.72872,32.06127],[73.72882,32.06193]]]]}},{"type":"Feature","properties":{"lu":"Specialized Industrial Zone","ct":"Proposed","a":0.04},"geometry":{"type":"MultiPolygon","coordinates":[[[[73.72877,32.06399],[73.72861,32.0641],[73.72887,32.0641],[73.72877,32.06399]]]]}},{"type":"Feature","properties":{"lu":"Specialized Industrial Zone","ct":"Proposed","a":0.119},"geometry":{"type":"MultiPolygon","coordinates":[[[[73.73013,32.06386],[73.73014,32.0639],[73.73237,32.06392],[73.73013,32.06386]]]]}},{"type":"Feature","properties":{"lu":"Agro Industry Zone","ct":"Proposed","a":0.0,"nm":"Shaheen Rice Mills"},"geometry":{"type":"MultiPolygon","coordinates":[[[[73.379556,32.053961],[73.37955,32.053989],[73.379552,32.053989],[73.379556,32.053961]]]]}},{"type":"Feature","properties":{"lu":"Agro Industry Zone","ct":"Proposed","a":0.0,"nm":"Khurseed Rice Mills"},"geometry":{"type":"MultiPolygon","coordinates":[[[[73.38317,32.05143],[73.38321,32.05144],[73.38321,32.05143],[73.38317,32.05143]]],[[[73.380327,32.05406],[73.380331,32.05406],[73.380333,32.054033],[73.380327,32.05406]]]]}},{"type":"Feature","properties":{"lu":"Agro Industry Zone","ct":"Proposed","a":22.102},"geometry":{"type":"MultiPolygon","coordinates":[[[[73.38043,32.0529],[73.38092,32.05007],[73.38146,32.0501],[73.38153,32.04998],[73.38295,32.05016],[73.38278,32.05138],[73.38321,32.05143],[73.38327,32.04791],[73.38037,32.04872],[73.37955,32.05399],[73.38005,32.05403],[73.38029,32.05392],[73.38043,32.0529]]]]}},{"type":"Feature","properties":{"lu":"Agro Industry Zone","ct":"Proposed","a":1.845},"geometry":{"type":"MultiPolygon","coordinates":[[[[73.38254,32.05322],[73.38237,32.05425],[73.38301,32.05431],[73.38304,32.05447],[73.38319,32.05328],[73.38254,32.05322]]],[[[73.38034,32.05401],[73.38026,32.05405],[73.38033,32.05406],[73.38033,32.05403],[73.38034,32.05401]]]]}},{"type":"Feature","properties":{"lu":"Warehouse and Freight Terminal","ct":"Proposed","a":19.398},"geometry":{"type":"MultiPolygon","coordinates":[[[[73.40726,32.06143],[73.40685,32.05956],[73.4054,32.0594],[73.40536,32.05965],[73.40524,32.05963],[73.40518,32.05996],[73.40489,32.05991],[73.40493,32.05961],[73.40481,32.0596],[73.40486,32.05928],[73.40683,32.05948],[73.40674,32.05905],[73.40354,32.05924],[73.40407,32.06171],[73.40726,32.06143]]]]}},{"type":"Feature","properties":{"lu":"Warehouse and Freight Terminal","ct":"Proposed","a":22.269},"geometry":{"type":"MultiPolygon","coordinates":[[[[73.30833,31.89253],[73.30833,31.88962],[73.30493,31.88962],[73.30579,31.89231],[73.30649,31.89224],[73.30665,31.89279],[73.30833,31.89253]]]]}},{"type":"Feature","properties":{"lu":"Industrial Urban Block","ct":"Existing","a":1.609},"geometry":{"type":"MultiPolygon","coordinates":[[[[73.69857,32.06769],[73.69882,32.06772],[73.69879,32.06785],[73.69923,32.06791],[73.6992,32.06805],[73.69962,32.06811],[73.69976,32.06738],[73.69861,32.06737],[73.69857,32.06769]]]]}},{"type":"Feature","properties":{"lu":"Industrial Urban Block","ct":"Existing","a":0.778},"geometry":{"type":"MultiPolygon","coordinates":[[[[73.67403,32.06875],[73.67371,32.06871],[73.67362,32.06967],[73.67396,32.06967],[73.67403,32.06875]]]]}},{"type":"Feature","properties":{"lu":"Industrial Urban Block","ct":"Existing","a":0.795},"geometry":{"type":"MultiPolygon","coordinates":[[[[73.67368,32.06876],[73.67336,32.06873],[73.67325,32.06968],[73.67359,32.06968],[73.67368,32.06876]]]]}},{"type":"Feature","properties":{"lu":"Industrial Urban Block","ct":"Existing","a":0.144},"geometry":{"type":"MultiPolygon","coordinates":[[[[73.67769,32.07307],[73.67743,32.07285],[73.67731,32.07297],[73.67753,32.07318],[73.67769,32.07307]]]]}},{"type":"Feature","properties":{"lu":"Industrial Urban Block","ct":"Existing","a":0.435},"geometry":{"type":"MultiPolygon","coordinates":[[[[73.67439,32.07533],[73.67411,32.07502],[73.67376,32.07515],[73.674,32.07553],[73.67439,32.07533]]]]}},{"type":"Feature","properties":{"lu":"Industrial Urban Block","ct":"Existing","a":0.174},"geometry":{"type":"MultiPolygon","coordinates":[[[[73.67398,32.07632],[73.67371,32.07605],[73.67357,32.07616],[73.67384,32.07643],[73.67398,32.07632]]]]}},{"type":"Feature","properties":{"lu":"Industrial Urban Block","ct":"Existing","a":0.159},"geometry":{"type":"MultiPolygon","coordinates":[[[[73.66901,32.07888],[73.66887,32.07871],[73.66859,32.0789],[73.6687,32.07901],[73.66901,32.07888]]]]}},{"type":"Feature","properties":{"lu":"Industrial Urban Block","ct":"Existing","a":3.146},"geometry":{"type":"MultiPolygon","coordinates":[[[[73.70449,32.07949],[73.7045,32.07903],[73.70519,32.07897],[73.70508,32.07836],[73.70302,32.07856],[73.70449,32.07949]]]]}},{"type":"Feature","properties":{"lu":"Industrial Urban Block","ct":"Existing","a":32.195},"geometry":{"type":"MultiPolygon","coordinates":[[[[73.70173,32.08235],[73.70221,32.0819],[73.70232,32.0816],[73.70185,32.08135],[73.70251,32.08073],[73.70315,32.08077],[73.70314,32.08137],[73.7038,32.08144],[73.70385,32.08084],[73.70458,32.08089],[73.70473,32.07972],[73.70444,32.0796],[73.70272,32.07842],[73.70264,32.07867],[73.70252,32.07863],[73.70253,32.07848],[73.70239,32.07892],[73.70086,32.07883],[73.70081,32.07939],[73.70039,32.07939],[73.70003,32.07971],[73.69986,32.07961],[73.69937,32.08019],[73.69984,32.08044],[73.69956,32.08077],[73.69988,32.08101],[73.69939,32.08162],[73.69956,32.08174],[73.69971,32.08159],[73.69995,32.08177],[73.70026,32.08148],[73.70066,32.08185],[73.70046,32.082],[73.70055,32.08209],[73.70025,32.08238],[73.70038,32.08254],[73.70068,32.08231],[73.70114,32.0827],[73.70173,32.08235]]]]}},{"type":"Feature","properties":{"lu":"Industrial Urban Block","ct":"Existing","a":5.555},"geometry":{"type":"MultiPolygon","coordinates":[[[[73.70294,32.08274],[73.70296,32.0826],[73.70197,32.08251],[73.70168,32.08243],[73.70173,32.08235],[73.70081,32.08304],[73.70154,32.08374],[73.70283,32.0838],[73.70294,32.08274]]]]}},{"type":"Feature","properties":{"lu":"Industrial Urban Block","ct":"Existing","a":1.462},"geometry":{"type":"MultiPolygon","coordinates":[[[[73.70145,32.0841],[73.70167,32.08408],[73.70062,32.08292],[73.70083,32.08417],[73.70145,32.0841]]]]}},{"type":"Feature","properties":{"lu":"Industrial Urban Block","ct":"Existing","a":9.16},"geometry":{"type":"MultiPolygon","coordinates":[[[[73.68576,32.08691],[73.68585,32.08661],[73.68551,32.08657],[73.68581,32.08551],[73.68603,32.08555],[73.68616,32.08522],[73.68596,32.08518],[73.68606,32.08488],[73.68538,32.08471],[73.68524,32.08499],[73.68426,32.08478],[73.68431,32.08663],[73.6842,32.0873],[73.68486,32.08743],[73.68508,32.08684],[73.68576,32.08691]]]]}},{"type":"Feature","properties":{"lu":"Industrial Urban Block","ct":"Existing","a":1.711},"geometry":{"type":"MultiPolygon","coordinates":[[[[73.68592,32.08814],[73.68598,32.08797],[73.68579,32.08792],[73.68573,32.08807],[73.68508,32.08791],[73.68497,32.08834],[73.68453,32.08828],[73.68457,32.08814],[73.68415,32.08808],[73.68416,32.08853],[73.68522,32.08873],[73.68538,32.08817],[73.68573,32.08825],[73.68578,32.08811],[73.68592,32.08814]]]]}},{"type":"Feature","properties":{"lu":"Industrial Urban Block","ct":"Existing","a":2.28},"geometry":{"type":"MultiPolygon","coordinates":[[[[73.70173,32.09005],[73.70198,32.08989],[73.70182,32.08962],[73.70088,32.08974],[73.70081,32.08936],[73.70019,32.08944],[73.70012,32.08986],[73.70058,32.08986],[73.70057,32.09005],[73.70088,32.09004],[73.70122,32.09037],[73.70173,32.09005]]]]}},{"type":"Feature","properties":{"lu":"Industrial Urban Block","ct":"Existing","a":10.106},"geometry":{"type":"MultiPolygon","coordinates":[[[[73.66953,32.09414],[73.67064,32.09714],[73.67215,32.09489],[73.66995,32.094],[73.66953,32.09414]]]]}},{"type":"Feature","properties":{"lu":"Industrial Urban Block","ct":"Existing","a":10.478},"geometry":{"type":"MultiPolygon","coordinates":[[[[73.69475,32.05083],[73.6963,32.05022],[73.69488,32.04854],[73.69395,32.0487],[73.69419,32.04989],[73.69348,32.05001],[73.69377,32.0512],[73.69475,32.05083]]]]}},{"type":"Feature","properties":{"lu":"Industrial Urban Block","ct":"Existing","a":9.563},"geometry":{"type":"MultiPolygon","coordinates":[[[[73.65795,32.07163],[73.65851,32.07139],[73.65801,32.07027],[73.65924,32.06978],[73.6591,32.06922],[73.65731,32.06986],[73.65699,32.06961],[73.65727,32.06954],[73.65723,32.06941],[73.65706,32.06945],[73.657,32.06933],[73.65676,32.06941],[73.65658,32.06911],[73.65683,32.06898],[73.65674,32.06879],[73.65593,32.06983],[73.65573,32.0702],[73.65658,32.07071],[73.65739,32.07051],[73.65795,32.07163]]]]}},{"type":"Feature","properties":{"lu":"Industrial Urban Block","ct":"Existing","a":0.261},"geometry":{"type":"MultiPolygon","coordinates":[[[[73.67576,32.07585],[73.67556,32.0757],[73.67572,32.07556],[73.6756,32.07547],[73.67531,32.0757],[73.6756,32.07595],[73.67576,32.07585]]]]}},{"type":"Feature","properties":{"lu":"Industrial Urban Block","ct":"Existing","a":0.319},"geometry":{"type":"MultiPolygon","coordinates":[[[[73.6726,32.07725],[73.67284,32.07756],[73.67312,32.07739],[73.67287,32.07709],[73.6726,32.07725]]]]}},{"type":"Feature","properties":{"lu":"Industrial Urban Block","ct":"Existing","a":0.801},"geometry":{"type":"MultiPolygon","coordinates":[[[[73.6729,32.07769],[73.67268,32.07742],[73.67187,32.07788],[73.67207,32.07811],[73.6729,32.07769]]]]}},{"type":"Feature","properties":{"lu":"Industrial Urban Block","ct":"Existing","a":2.793},"geometry":{"type":"MultiPolygon","coordinates":[[[[73.68476,32.08045],[73.6836,32.08046],[73.68338,32.08128],[73.68461,32.08142],[73.68476,32.08045]]]]}},{"type":"Feature","properties":{"lu":"Industrial Urban Block","ct":"Existing","a":31.121},"geometry":{"type":"MultiPolygon","coordinates":[[[[73.7008,32.08931],[73.70075,32.08908],[73.70156,32.08899],[73.69872,32.08474],[73.69802,32.08376],[73.69775,32.08391],[73.6976,32.08383],[73.69741,32.08408],[73.69709,32.08397],[73.69734,32.08357],[73.69711,32.08338],[73.69693,32.08363],[73.69668,32.0835],[73.69673,32.08334],[73.69614,32.0846],[73.69773,32.08517],[73.698,32.08514],[73.69805,32.0857],[73.69819,32.08578],[73.69825,32.08628],[73.69491,32.08655],[73.695,32.08717],[73.69538,32.08713],[73.69539,32.08746],[73.69557,32.08745],[73.69559,32.08754],[73.69623,32.08745],[73.69623,32.08736],[73.69697,32.08728],[73.69693,32.08707],[73.69706,32.08701],[73.69833,32.08691],[73.69844,32.08748],[73.69914,32.08744],[73.69936,32.08923],[73.70016,32.0891],[73.70019,32.08938],[73.7008,32.08931]]]]}},{"type":"Feature","properties":{"lu":"Industrial Urban Block","ct":"Existing","a":4.983},"geometry":{"type":"MultiPolygon","coordinates":[[[[73.70647,32.07211],[73.70639,32.07156],[73.70517,32.07167],[73.70467,32.07162],[73.70456,32.07141],[73.70423,32.07144],[73.70437,32.07252],[73.70449,32.07252],[73.70449,32.07268],[73.70456,32.07261],[73.70583,32.07274],[73.70575,32.07216],[73.70647,32.07211]]]]}},{"type":"Feature","properties":{"lu":"Industrial Urban Block","ct":"Existing","a":0.088},"geometry":{"type":"MultiPolygon","coordinates":[[[[73.70221,32.06399],[73.70219,32.06377],[73.70203,32.0638],[73.70205,32.064],[73.70221,32.06399]]]]}},{"type":"Feature","properties":{"lu":"Industrial Urban Block","ct":"Existing","a":0.925},"geometry":{"type":"MultiPolygon","coordinates":[[[[73.69588,32.0621],[73.69581,32.06155],[73.69517,32.0616],[73.69525,32.06215],[73.69588,32.0621]]]]}},{"type":"Feature","properties":{"lu":"Industrial Urban Block","ct":"Existing","a":3.559},"geometry":{"type":"MultiPolygon","coordinates":[[[[73.69754,32.05287],[73.69748,32.05225],[73.69799,32.05219],[73.6976,32.05173],[73.69695,32.05172],[73.69672,32.05197],[73.69693,32.05351],[73.69761,32.05347],[73.69754,32.05287]]]]}},{"type":"Feature","properties":{"lu":"Industrial Urban Block","ct":"Existing","a":2.088},"geometry":{"type":"MultiPolygon","coordinates":[[[[73.69613,32.0514],[73.69631,32.05109],[73.69576,32.05045],[73.69483,32.0508],[73.6949,32.05093],[73.69522,32.05082],[73.69538,32.05144],[73.69613,32.0514]]]]}},{"type":"Feature","properties":{"lu":"Industrial Urban Block","ct":"Existing","a":1.872},"geometry":{"type":"MultiPolygon","coordinates":[[[[73.69698,32.04994],[73.69712,32.04952],[73.69713,32.04895],[73.6971,32.04888],[73.69656,32.04896],[73.69666,32.04958],[73.69596,32.04968],[73.69639,32.05022],[73.69661,32.04981],[73.69698,32.04994]]]]}},{"type":"Feature","properties":{"lu":"Industrial Urban Block","ct":"Existing","a":11.188},"geometry":{"type":"MultiPolygon","coordinates":[[[[73.68068,32.05203],[73.68243,32.05177],[73.68254,32.05203],[73.68271,32.052],[73.68269,32.05176],[73.68436,32.05153],[73.68444,32.05175],[73.68462,32.05172],[73.68442,32.05069],[73.68177,32.05106],[73.6817,32.05045],[73.68004,32.05077],[73.68068,32.05203]]]]}},{"type":"Feature","properties":{"lu":"Industrial Urban Block","ct":"Existing","a":0.162},"geometry":{"type":"MultiPolygon","coordinates":[[[[73.69637,32.06637],[73.69635,32.06614],[73.69609,32.06616],[73.6961,32.06638],[73.69637,32.06637]]]]}},{"type":"Feature","properties":{"lu":"Industrial Urban Block","ct":"Existing","a":0.04},"geometry":{"type":"MultiPolygon","coordinates":[[[[73.67517,32.0528],[73.67513,32.05266],[73.67503,32.05268],[73.67506,32.05282],[73.67517,32.0528]]]]}},{"type":"Feature","properties":{"lu":"Industrial Urban Block","ct":"Existing","a":23.546},"geometry":{"type":"MultiPolygon","coordinates":[[[[73.6644,32.05671],[73.66355,32.05587],[73.66322,32.05608],[73.663,32.05582],[73.66218,32.05635],[73.66197,32.05617],[73.66148,32.05645],[73.66095,32.05592],[73.6601,32.05483],[73.66036,32.05464],[73.66024,32.05454],[73.66063,32.05414],[73.66049,32.05402],[73.6603,32.05417],[73.65982,32.05395],[73.6591,32.05508],[73.65896,32.05518],[73.65891,32.05538],[73.65902,32.05542],[73.65907,32.05599],[73.65872,32.05603],[73.6588,32.05661],[73.66036,32.05652],[73.66141,32.05769],[73.66102,32.05769],[73.66143,32.05826],[73.66191,32.05824],[73.66435,32.05695],[73.66433,32.05679],[73.6644,32.05671]]]]}},{"type":"Feature","properties":{"lu":"Industrial Urban Block","ct":"Existing","a":1.041},"geometry":{"type":"MultiPolygon","coordinates":[[[[73.65796,32.06556],[73.65772,32.06599],[73.6583,32.06622],[73.65862,32.06608],[73.65834,32.06547],[73.65796,32.06556]]]]}},{"type":"Feature","properties":{"lu":"Industrial Urban Block","ct":"Existing","a":2.418},"geometry":{"type":"MultiPolygon","coordinates":[[[[73.6989,32.07856],[73.6979,32.07812],[73.69755,32.07874],[73.69823,32.07901],[73.69811,32.07932],[73.69813,32.07959],[73.69837,32.0796],[73.6985,32.07919],[73.69879,32.07885],[73.6989,32.07856]]]]}},{"type":"Feature","properties":{"lu":"Industrial Urban Block","ct":"Existing","a":2.72},"geometry":{"type":"MultiPolygon","coordinates":[[[[73.70149,32.07869],[73.7015,32.07855],[73.70133,32.07854],[73.70125,32.07826],[73.70055,32.07817],[73.70058,32.07756],[73.69985,32.07756],[73.69962,32.07782],[73.69983,32.07797],[73.69981,32.0781],[73.70002,32.07813],[73.69998,32.07847],[73.70013,32.07849],[73.70016,32.07815],[73.70043,32.07818],[73.70055,32.07878],[73.70142,32.07882],[73.70143,32.07869],[73.70149,32.07869]]]]}},{"type":"Feature","properties":{"lu":"Industrial Urban Block","ct":"Existing","a":1.125},"geometry":{"type":"MultiPolygon","coordinates":[[[[73.69878,32.0813],[73.69837,32.0819],[73.69885,32.0822],[73.69931,32.08162],[73.69878,32.0813]]]]}},{"type":"Feature","properties":{"lu":"Industrial Urban Block","ct":"Existing","a":2.026},"geometry":{"type":"MultiPolygon","coordinates":[[[[73.69942,32.09039],[73.69949,32.09036],[73.69936,32.08923],[73.69869,32.08927],[73.69881,32.09016],[73.69905,32.09053],[73.69942,32.09039]]]]}},{"type":"Feature","properties":{"lu":"Industrial Urban Block","ct":"Existing","a":0.124},"geometry":{"type":"MultiPolygon","coordinates":[[[[73.69563,32.08812],[73.69539,32.08822],[73.69549,32.08838],[73.69569,32.08835],[73.69563,32.08812]]]]}},{"type":"Feature","properties":{"lu":"Industrial Urban Block","ct":"Existing","a":0.426},"geometry":{"type":"MultiPolygon","coordinates":[[[[73.69564,32.08791],[73.6956,32.08768],[73.69497,32.08778],[73.69505,32.08806],[73.69564,32.08791]]]]}},{"type":"Feature","properties":{"lu":"Industrial Urban Block","ct":"Existing","a":2.23},"geometry":{"type":"MultiPolygon","coordinates":[[[[73.68516,32.08988],[73.6854,32.08972],[73.68531,32.08955],[73.68553,32.08886],[73.68416,32.08856],[73.68416,32.08871],[73.68481,32.08879],[73.68469,32.08923],[73.68484,32.08927],[73.68482,32.08937],[73.68468,32.08939],[73.68456,32.08956],[73.68466,32.08976],[73.68491,32.08982],[73.68489,32.08994],[73.68513,32.08999],[73.68516,32.08988]]]]}},{"type":"Feature","properties":{"lu":"Industrial Urban Block","ct":"Existing","a":0.131},"geometry":{"type":"MultiPolygon","coordinates":[[[[73.67315,32.09086],[73.67281,32.09072],[73.67274,32.09083],[73.67308,32.09097],[73.67315,32.09086]]]]}},{"type":"Feature","properties":{"lu":"Industrial Urban Block","ct":"Existing","a":0.099},"geometry":{"type":"MultiPolygon","coordinates":[[[[73.67918,32.07632],[73.67908,32.07623],[73.67887,32.07641],[73.67902,32.07651],[73.67918,32.07632]]]]}},{"type":"Feature","properties":{"lu":"Industrial Urban Block","ct":"Existing","a":0.027},"geometry":{"type":"MultiPolygon","coordinates":[[[[73.67056,32.07829],[73.67058,32.07833],[73.6708,32.0782],[73.67078,32.07817],[73.67075,32.07818],[73.67056,32.07829]]]]}},{"type":"Feature","properties":{"lu":"Industrial Urban Block","ct":"Existing","a":0.207},"geometry":{"type":"MultiPolygon","coordinates":[[[[73.6716,32.07762],[73.6714,32.07738],[73.67111,32.07755],[73.67121,32.07767],[73.67133,32.0776],[73.67143,32.07771],[73.6716,32.07762]]]]}},{"type":"Feature","properties":{"lu":"Industrial Urban Block","ct":"Existing","a":0.042},"geometry":{"type":"MultiPolygon","coordinates":[[[[73.67198,32.07776],[73.67192,32.07768],[73.67178,32.07777],[73.67184,32.07785],[73.67198,32.07776]]]]}},{"type":"Feature","properties":{"lu":"Industrial Urban Block","ct":"Existing","a":0.147},"geometry":{"type":"MultiPolygon","coordinates":[[[[73.67316,32.07622],[73.67284,32.07634],[73.67296,32.0765],[73.67325,32.07635],[73.67316,32.07622]]]]}},{"type":"Feature","properties":{"lu":"Industrial Urban Block","ct":"Existing","a":0.067},"geometry":{"type":"MultiPolygon","coordinates":[[[[73.67069,32.07622],[73.6706,32.0761],[73.67044,32.0762],[73.67053,32.07631],[73.67069,32.07622]]]]}},{"type":"Feature","properties":{"lu":"Industrial Urban Block","ct":"Existing","a":0.084},"geometry":{"type":"MultiPolygon","coordinates":[[[[73.673,32.07663],[73.6728,32.07674],[73.67291,32.07686],[73.67309,32.07676],[73.673,32.07663]]]]}},{"type":"Feature","properties":{"lu":"Industrial Urban Block","ct":"Existing","a":0.067},"geometry":{"type":"MultiPolygon","coordinates":[[[[73.67321,32.07668],[73.67311,32.07648],[73.67298,32.07654],[73.67313,32.07673],[73.67321,32.07668]]]]}},{"type":"Feature","properties":{"lu":"Industrial Urban Block","ct":"Existing","a":0.095},"geometry":{"type":"MultiPolygon","coordinates":[[[[73.67277,32.07633],[73.67261,32.07639],[73.67276,32.07658],[73.6729,32.0765],[73.67277,32.07633]]]]}},{"type":"Feature","properties":{"lu":"Industrial Urban Block","ct":"Existing","a":0.128},"geometry":{"type":"MultiPolygon","coordinates":[[[[73.67036,32.07675],[73.67017,32.07657],[73.67001,32.07666],[73.67017,32.07686],[73.67036,32.07675]]]]}},{"type":"Feature","properties":{"lu":"Industrial Urban Block","ct":"Existing","a":0.227},"geometry":{"type":"MultiPolygon","coordinates":[[[[73.67348,32.07605],[73.67335,32.07583],[73.67323,32.07587],[73.67328,32.07597],[73.67314,32.07603],[73.67329,32.07635],[73.6734,32.07631],[73.67335,32.07608],[73.67348,32.07605]]]]}},{"type":"Feature","properties":{"lu":"Industrial Urban Block","ct":"Existing","a":0.379},"geometry":{"type":"MultiPolygon","coordinates":[[[[73.67435,32.07605],[73.6741,32.07624],[73.67443,32.07657],[73.67468,32.07638],[73.67435,32.07605]]]]}},{"type":"Feature","properties":{"lu":"Industrial Urban Block","ct":"Existing","a":0.606},"geometry":{"type":"MultiPolygon","coordinates":[[[[73.67465,32.07563],[73.67418,32.07582],[73.67458,32.07623],[73.67496,32.07595],[73.67465,32.07563]]]]}},{"type":"Feature","properties":{"lu":"Industrial Urban Block","ct":"Existing","a":0.067},"geometry":{"type":"MultiPolygon","coordinates":[[[[73.67501,32.07596],[73.67512,32.07608],[73.67526,32.07597],[73.67515,32.07587],[73.67501,32.07596]]]]}},{"type":"Feature","properties":{"lu":"Industrial Urban Block","ct":"Existing","a":0.454},"geometry":{"type":"MultiPolygon","coordinates":[[[[73.6743,32.0752],[73.67488,32.07583],[73.67503,32.07573],[73.67449,32.07505],[73.6743,32.0752]]]]}},{"type":"Feature","properties":{"lu":"Industrial Urban Block","ct":"Existing","a":0.33},"geometry":{"type":"MultiPolygon","coordinates":[[[[73.67834,32.07319],[73.67816,32.07308],[73.67799,32.07329],[73.67811,32.07316],[73.67814,32.07321],[73.67775,32.07362],[73.67795,32.07372],[73.67834,32.07319]]]]}},{"type":"Feature","properties":{"lu":"Industrial Urban Block","ct":"Existing","a":0.802},"geometry":{"type":"MultiPolygon","coordinates":[[[[73.6747,32.07001],[73.67432,32.07004],[73.67411,32.0697],[73.67398,32.0697],[73.67393,32.07032],[73.67478,32.0703],[73.6747,32.07001]]]]}},{"type":"Feature","properties":{"lu":"Industrial Urban Block","ct":"Existing","a":0.415},"geometry":{"type":"MultiPolygon","coordinates":[[[[73.67553,32.06813],[73.6752,32.06811],[73.67511,32.06843],[73.67568,32.06855],[73.67574,32.06838],[73.67549,32.06833],[73.67553,32.06813]]]]}},{"type":"Feature","properties":{"lu":"Industrial Urban Block","ct":"Existing","a":0.289},"geometry":{"type":"MultiPolygon","coordinates":[[[[73.67615,32.06863],[73.67594,32.06858],[73.67589,32.0688],[73.67573,32.06879],[73.67569,32.06894],[73.67609,32.069],[73.67615,32.06863]]]]}},{"type":"Feature","properties":{"lu":"Industrial Urban Block","ct":"Existing","a":0.583},"geometry":{"type":"MultiPolygon","coordinates":[[[[73.67428,32.06839],[73.6741,32.06839],[73.67399,32.06925],[73.67438,32.06928],[73.67426,32.06879],[73.67428,32.06839]]]]}},{"type":"Feature","properties":{"lu":"Industrial Urban Block","ct":"Existing","a":0.202},"geometry":{"type":"MultiPolygon","coordinates":[[[[73.67324,32.06946],[73.67291,32.06942],[73.67288,32.06965],[73.67322,32.06968],[73.67324,32.06946]]]]}},{"type":"Feature","properties":{"lu":"Industrial Urban Block","ct":"Existing","a":4.145},"geometry":{"type":"MultiPolygon","coordinates":[[[[73.29928,31.89531],[73.29901,31.89404],[73.29886,31.89389],[73.29786,31.89407],[73.29814,31.89542],[73.29928,31.89531]]]]}},{"type":"Feature","properties":{"lu":"Industrial Urban Block","ct":"Existing","a":0.481},"geometry":{"type":"MultiPolygon","coordinates":[[[[73.29208,31.89776],[73.29213,31.89743],[73.29205,31.89725],[73.29189,31.89718],[73.29174,31.89728],[73.29177,31.89758],[73.29185,31.89774],[73.29208,31.89776]]]]}},{"type":"Feature","properties":{"lu":"Industrial Urban Block","ct":"Existing","a":0.325},"geometry":{"type":"MultiPolygon","coordinates":[[[[73.29165,31.8978],[73.29176,31.89775],[73.29169,31.89721],[73.29149,31.89725],[73.29155,31.89764],[73.29141,31.89766],[73.29145,31.89786],[73.29165,31.8978]]]]}},{"type":"Feature","properties":{"lu":"Industrial Urban Block","ct":"Existing","a":16.004},"geometry":{"type":"MultiPolygon","coordinates":[[[[73.29784,31.89859],[73.29773,31.89803],[73.29708,31.89815],[73.29691,31.8976],[73.29594,31.89781],[73.29586,31.89712],[73.29608,31.89708],[73.29602,31.89668],[73.29524,31.89627],[73.29531,31.89661],[73.2951,31.89667],[73.29524,31.89721],[73.29399,31.89744],[73.29412,31.89796],[73.2935,31.89803],[73.29373,31.89929],[73.29784,31.89859]]]]}},{"type":"Feature","properties":{"lu":"Industrial Urban Block","ct":"Existing","a":115.191},"geometry":{"type":"MultiPolygon","coordinates":[[[[73.38961,32.05416],[73.39026,32.05411],[73.39077,32.05065],[73.38766,32.05032],[73.38645,32.05441],[73.38961,32.05416]]],[[[73.39028,32.05479],[73.39017,32.05471],[73.39018,32.05459],[73.38955,32.0547],[73.38939,32.05419],[73.38671,32.05441],[73.38655,32.05533],[73.3862,32.05529],[73.38538,32.05839],[73.38814,32.05874],[73.38801,32.05953],[73.38946,32.05963],[73.38935,32.06004],[73.38862,32.06001],[73.38854,32.06062],[73.38788,32.06055],[73.38776,32.06112],[73.38985,32.06134],[73.38995,32.06065],[73.39097,32.06075],[73.39087,32.06132],[73.39074,32.06141],[73.39151,32.06144],[73.39188,32.05676],[73.39136,32.05664],[73.39151,32.05494],[73.39028,32.05479]]]]}},{"type":"Feature","properties":{"lu":"Industrial Urban Block","ct":"Existing","a":20.022},"geometry":{"type":"MultiPolygon","coordinates":[[[[73.37232,32.05572],[73.37059,32.05319],[73.37038,32.0532],[73.37047,32.05376],[73.37035,32.05417],[73.36875,32.05418],[73.36869,32.05466],[73.36644,32.0544],[73.3669,32.05537],[73.368,32.05561],[73.36826,32.05522],[73.36919,32.05537],[73.36903,32.05577],[73.3714,32.05605],[73.37145,32.05635],[73.37194,32.05635],[73.372,32.05577],[73.37232,32.05572]]]]}},{"type":"Feature","properties":{"lu":"Industrial Urban Block","ct":"Existing","a":23.196},"geometry":{"type":"MultiPolygon","coordinates":[[[[73.38448,32.05905],[73.38468,32.05832],[73.38532,32.05815],[73.38567,32.05662],[73.38208,32.0562],[73.38197,32.05679],[73.38131,32.05673],[73.38107,32.0579],[73.38179,32.05803],[73.38171,32.05863],[73.38307,32.05883],[73.38312,32.05859],[73.38385,32.05868],[73.38387,32.05884],[73.38402,32.05885],[73.384,32.05898],[73.38447,32.0591],[73.38448,32.05905]]]]}},{"type":"Feature","properties":{"lu":"Industrial Urban Block","ct":"Existing","a":28.072},"geometry":{"type":"MultiPolygon","coordinates":[[[[73.38622,32.07134],[73.38781,32.0715],[73.38816,32.06977],[73.38294,32.06912],[73.38261,32.07149],[73.38521,32.07181],[73.38556,32.07108],[73.38617,32.07119],[73.38622,32.07134]]]]}},{"type":"Feature","properties":{"lu":"Industrial Urban Block","ct":"Existing","a":14.885},"geometry":{"type":"MultiPolygon","coordinates":[[[[73.38609,32.07606],[73.38623,32.07553],[73.38707,32.07559],[73.38713,32.07516],[73.38706,32.07506],[73.38716,32.07443],[73.38512,32.07426],[73.38519,32.07372],[73.38369,32.07351],[73.38299,32.07397],[73.38342,32.07465],[73.38416,32.07431],[73.38444,32.07595],[73.38609,32.07606]]]]}},{"type":"Feature","properties":{"lu":"Industrial Urban Block","ct":"Existing","a":13.453},"geometry":{"type":"MultiPolygon","coordinates":[[[[73.38891,32.07929],[73.38912,32.07928],[73.38895,32.07836],[73.38878,32.07803],[73.38811,32.07834],[73.38723,32.07837],[73.38732,32.07753],[73.38505,32.07723],[73.38659,32.07973],[73.38728,32.07967],[73.38716,32.0794],[73.38891,32.07929]]]]}},{"type":"Feature","properties":{"lu":"Industrial Urban Block","ct":"Existing","a":2.994},"geometry":{"type":"MultiPolygon","coordinates":[[[[73.38869,32.08048],[73.38879,32.08046],[73.38872,32.07988],[73.38733,32.07999],[73.38682,32.08012],[73.38717,32.08072],[73.38869,32.08048]]]]}},{"type":"Feature","properties":{"lu":"Industrial Urban Block","ct":"Existing","a":95.324},"geometry":{"type":"MultiPolygon","coordinates":[[[[73.38833,32.08285],[73.38118,32.07137],[73.38014,32.07125],[73.38011,32.07139],[73.37994,32.07137],[73.37991,32.07152],[73.38008,32.07154],[73.38006,32.0716],[73.37989,32.07159],[73.37988,32.07167],[73.38004,32.07169],[73.38002,32.07183],[73.38036,32.07187],[73.38025,32.07284],[73.37939,32.07276],[73.37941,32.07301],[73.37902,32.073],[73.37895,32.07453],[73.37999,32.07635],[73.38128,32.07811],[73.3823,32.07903],[73.3834,32.0802],[73.38558,32.08178],[73.38582,32.08167],[73.38579,32.08151],[73.386,32.08151],[73.3863,32.08182],[73.38603,32.08209],[73.38743,32.08303],[73.38833,32.08285]]]]}},{"type":"Feature","properties":{"lu":"Industrial Urban Block","ct":"Existing","a":0.062},"geometry":{"type":"MultiPolygon","coordinates":[[[[73.38657,32.06158],[73.3865,32.06157],[73.3865,32.06147],[73.38632,32.06144],[73.3863,32.06157],[73.38657,32.06158]]]]}},{"type":"Feature","properties":{"lu":"Industrial Urban Block","ct":"Existing","a":1.352},"geometry":{"type":"MultiPolygon","coordinates":[[[[73.38627,32.05914],[73.38528,32.05901],[73.38514,32.0592],[73.38526,32.05922],[73.38524,32.05939],[73.38513,32.05939],[73.38511,32.05948],[73.38558,32.05954],[73.38576,32.05969],[73.38612,32.05972],[73.38613,32.05956],[73.38594,32.05956],[73.38595,32.05941],[73.38625,32.05944],[73.38627,32.05914]]]]}},{"type":"Feature","properties":{"lu":"Industrial Urban Block","ct":"Existing","a":14.319},"geometry":{"type":"MultiPolygon","coordinates":[[[[73.38387,32.06722],[73.38393,32.0668],[73.38385,32.06668],[73.38264,32.06687],[73.38138,32.06734],[73.38073,32.06776],[73.38074,32.06766],[73.38067,32.06767],[73.38055,32.0678],[73.38074,32.0678],[73.38078,32.06798],[73.38057,32.06808],[73.38041,32.06806],[73.38039,32.06822],[73.38133,32.0683],[73.38128,32.06887],[73.38361,32.06913],[73.38387,32.06722]]]]}},{"type":"Feature","properties":{"lu":"Industrial Urban Block","ct":"Existing","a":9.675},"geometry":{"type":"MultiPolygon","coordinates":[[[[73.38742,32.06789],[73.38637,32.06741],[73.38618,32.06823],[73.3845,32.06804],[73.38434,32.06922],[73.38646,32.06947],[73.38655,32.06894],[73.38719,32.06897],[73.38742,32.06789]]]]}},{"type":"Feature","properties":{"lu":"Industrial Urban Block","ct":"Existing","a":18.602},"geometry":{"type":"MultiPolygon","coordinates":[[[[73.38473,32.07361],[73.38454,32.07284],[73.38543,32.07253],[73.38581,32.0723],[73.38598,32.07245],[73.38581,32.07371],[73.38717,32.07383],[73.38755,32.0718],[73.38632,32.07171],[73.38624,32.07167],[73.38617,32.07119],[73.38556,32.07108],[73.38521,32.07181],[73.38398,32.07165],[73.38394,32.07207],[73.38428,32.07215],[73.38426,32.07232],[73.38395,32.0723],[73.38386,32.07277],[73.38281,32.07265],[73.3828,32.07275],[73.38251,32.07275],[73.38251,32.07261],[73.38206,32.07257],[73.38296,32.07391],[73.38366,32.07347],[73.38473,32.07361]]]]}},{"type":"Feature","properties":{"lu":"Industrial Urban Block","ct":"Existing","a":7.926},"geometry":{"type":"MultiPolygon","coordinates":[[[[73.25948,31.89541],[73.25831,31.89542],[73.25811,31.89862],[73.25899,31.8987],[73.25925,31.89594],[73.25948,31.89541]]]]}},{"type":"Feature","properties":{"lu":"Industrial Urban Block","ct":"Existing","a":15.954},"geometry":{"type":"MultiPolygon","coordinates":[[[[73.26319,31.8957],[73.26322,31.89546],[73.26349,31.89508],[73.26283,31.89466],[73.26289,31.89458],[73.26054,31.89258],[73.25967,31.89502],[73.2599,31.89502],[73.26096,31.89554],[73.26105,31.89548],[73.26207,31.89554],[73.26231,31.89569],[73.26319,31.8957]]]]}},{"type":"Feature","properties":{"lu":"Industrial Urban Block","ct":"Existing","a":11.759},"geometry":{"type":"MultiPolygon","coordinates":[[[[73.52871,31.86287],[73.52852,31.86234],[73.5292,31.86216],[73.52875,31.86097],[73.52887,31.86083],[73.52879,31.86066],[73.52893,31.8606],[73.52889,31.86045],[73.52903,31.86039],[73.52899,31.86024],[73.52918,31.86019],[73.52896,31.85961],[73.52697,31.86014],[73.52729,31.86077],[73.52721,31.86081],[73.52731,31.86116],[73.52811,31.86314],[73.52874,31.86296],[73.52871,31.86287]]]]}},{"type":"Feature","properties":{"lu":"Industrial Urban Block","ct":"Existing","a":22.852},"geometry":{"type":"MultiPolygon","coordinates":[[[[73.4924,31.86852],[73.49226,31.86785],[73.49199,31.86789],[73.49191,31.8673],[73.49119,31.86738],[73.49093,31.86618],[73.49165,31.86608],[73.49141,31.86487],[73.48806,31.86538],[73.48816,31.86597],[73.48772,31.86604],[73.48961,31.86756],[73.48985,31.86785],[73.48995,31.86819],[73.49117,31.868],[73.49131,31.86877],[73.49171,31.86868],[73.49157,31.86793],[73.49165,31.86792],[73.49178,31.86866],[73.4924,31.86852]]]]}},{"type":"Feature","properties":{"lu":"Industrial Urban Block","ct":"Existing","a":6.147},"geometry":{"type":"MultiPolygon","coordinates":[[[[73.49487,31.87116],[73.49617,31.87101],[73.49587,31.86934],[73.49447,31.86953],[73.49477,31.87118],[73.49487,31.87116]]]]}},{"type":"Feature","properties":{"lu":"Industrial Urban Block","ct":"Existing","a":5.953},"geometry":{"type":"MultiPolygon","coordinates":[[[[73.48776,31.87217],[73.48769,31.87155],[73.48783,31.87153],[73.48774,31.87101],[73.48547,31.87113],[73.48659,31.87247],[73.48776,31.87217]]]]}},{"type":"Feature","properties":{"lu":"Industrial Urban Block","ct":"Existing","a":5.604},"geometry":{"type":"MultiPolygon","coordinates":[[[[73.48373,31.87336],[73.48574,31.87298],[73.48547,31.87186],[73.48484,31.87194],[73.48496,31.87249],[73.48426,31.87261],[73.48418,31.87222],[73.48393,31.87234],[73.4837,31.87208],[73.48312,31.87252],[73.48334,31.8729],[73.48366,31.87307],[73.48373,31.87336]]]]}},{"type":"Feature","properties":{"lu":"Industrial Urban Block","ct":"Existing","a":23.171},"geometry":{"type":"MultiPolygon","coordinates":[[[[73.47631,31.87323],[73.47626,31.87306],[73.47674,31.87291],[73.47668,31.87252],[73.47697,31.87246],[73.47673,31.87128],[73.47609,31.87133],[73.47582,31.87015],[73.47513,31.87026],[73.47523,31.87083],[73.47454,31.87094],[73.47466,31.8715],[73.47395,31.87161],[73.47409,31.87229],[73.47271,31.87246],[73.47294,31.87379],[73.47313,31.87376],[73.47318,31.87393],[73.47363,31.87376],[73.47375,31.87402],[73.47403,31.87394],[73.47406,31.87403],[73.47631,31.87323]]]]}},{"type":"Feature","properties":{"lu":"Industrial Urban Block","ct":"Existing","a":4.385},"geometry":{"type":"MultiPolygon","coordinates":[[[[73.47336,31.87583],[73.47328,31.87542],[73.47482,31.87521],[73.4747,31.87444],[73.47454,31.87448],[73.47454,31.87441],[73.47469,31.87434],[73.47465,31.87415],[73.47291,31.87476],[73.4732,31.87606],[73.4734,31.87602],[73.47336,31.87583]]]]}},{"type":"Feature","properties":{"lu":"Industrial Urban Block","ct":"Existing","a":1.131},"geometry":{"type":"MultiPolygon","coordinates":[[[[73.52716,31.85888],[73.5267,31.85899],[73.52688,31.85981],[73.52744,31.85966],[73.52716,31.85888]]]]}},{"type":"Feature","properties":{"lu":"Industrial Urban Block","ct":"Existing","a":1.907},"geometry":{"type":"MultiPolygon","coordinates":[[[[73.52655,31.85908],[73.52606,31.85923],[73.52602,31.85912],[73.52567,31.85916],[73.52566,31.85974],[73.52624,31.85971],[73.52629,31.85997],[73.52683,31.85982],[73.52667,31.85906],[73.52655,31.85908]]]]}},{"type":"Feature","properties":{"lu":"Industrial Urban Block","ct":"Existing","a":7.484},"geometry":{"type":"MultiPolygon","coordinates":[[[[73.5318,31.86221],[73.53131,31.85964],[73.53057,31.85972],[73.53064,31.86035],[73.53005,31.86048],[73.5301,31.86065],[73.52939,31.86081],[73.52965,31.86139],[73.53088,31.86112],[73.53093,31.86232],[73.5318,31.86221]]]]}},{"type":"Feature","properties":{"lu":"Industrial Urban Block","ct":"Existing","a":0.052},"geometry":{"type":"MultiPolygon","coordinates":[[[[73.50527,31.86518],[73.50515,31.86522],[73.50524,31.86534],[73.50538,31.8653],[73.50527,31.86518]]]]}},{"type":"Feature","properties":{"lu":"Industrial Urban Block","ct":"Existing","a":2.367},"geometry":{"type":"MultiPolygon","coordinates":[[[[73.47984,31.872],[73.47959,31.87084],[73.47882,31.87096],[73.47922,31.87223],[73.47984,31.872]]]]}},{"type":"Feature","properties":{"lu":"Industrial Urban Block","ct":"Existing","a":0.103},"geometry":{"type":"MultiPolygon","coordinates":[[[[73.51486,31.86325],[73.51485,31.8632],[73.51468,31.86324],[73.51471,31.86345],[73.51489,31.86343],[73.51486,31.86325]]]]}},{"type":"Feature","properties":{"lu":"Industrial Urban Block","ct":"Existing","a":0.43},"geometry":{"type":"MultiPolygon","coordinates":[[[[73.58705,32.21063],[73.58726,32.21056],[73.58724,32.21023],[73.58687,32.21023],[73.58688,32.21034],[73.58676,32.21034],[73.58677,32.21052],[73.58688,32.21052],[73.58688,32.21064],[73.58705,32.21063]]]]}},{"type":"Feature","properties":{"lu":"Industrial Urban Block","ct":"Existing","a":0.103},"geometry":{"type":"MultiPolygon","coordinates":[[[[73.58429,32.22124],[73.58423,32.22135],[73.58461,32.22136],[73.58462,32.22124],[73.58429,32.22124]]]]}},{"type":"Feature","properties":{"lu":"Industrial Urban Block","ct":"Existing","a":8.175},"geometry":{"type":"MultiPolygon","coordinates":[[[[73.38888,32.06319],[73.38895,32.06211],[73.38882,32.06209],[73.38884,32.06187],[73.38911,32.06184],[73.38656,32.06159],[73.38652,32.06219],[73.38685,32.06224],[73.38686,32.06251],[73.38738,32.06308],[73.38731,32.06345],[73.38888,32.06319]]]]}},{"type":"Feature","properties":{"lu":"Industrial Urban Block","ct":"Existing","a":1.243},"geometry":{"type":"MultiPolygon","coordinates":[[[[73.27651,31.89483],[73.27675,31.89485],[73.2768,31.89465],[73.27621,31.8946],[73.27622,31.89451],[73.27527,31.89444],[73.27526,31.89461],[73.27542,31.89461],[73.27542,31.89468],[73.27525,31.89467],[73.27522,31.89501],[73.27556,31.89503],[73.27563,31.89475],[73.27651,31.89483]]]]}},{"type":"Feature","properties":{"lu":"Industrial Urban Block","ct":"Existing","a":21.909},"geometry":{"type":"MultiPolygon","coordinates":[[[[73.67565,32.09381],[73.67356,32.09289],[73.67237,32.09474],[73.67309,32.09505],[73.67302,32.09538],[73.67354,32.0956],[73.67339,32.09592],[73.674,32.09617],[73.67416,32.0959],[73.67549,32.09643],[73.67578,32.0959],[73.67611,32.09599],[73.67641,32.09547],[73.67548,32.09504],[73.67576,32.09452],[73.67639,32.09477],[73.67672,32.09425],[73.67565,32.09381]]]]}},{"type":"Feature","properties":{"lu":"Industrial Urban Block","ct":"Existing","a":0.73},"geometry":{"type":"MultiPolygon","coordinates":[[[[73.67062,32.09787],[73.67032,32.09781],[73.67006,32.09819],[73.67088,32.09851],[73.67062,32.09787]]]]}},{"type":"Feature","properties":{"lu":"Industrial Urban Block","ct":"Existing","a":1.771},"geometry":{"type":"MultiPolygon","coordinates":[[[[73.68349,32.08759],[73.68344,32.08774],[73.6833,32.08773],[73.6831,32.0885],[73.68407,32.08847],[73.68408,32.08773],[73.68349,32.08759]]]]}},{"type":"Feature","properties":{"lu":"Industrial Urban Block","ct":"Existing","a":0.46},"geometry":{"type":"MultiPolygon","coordinates":[[[[73.68401,32.08697],[73.68396,32.08696],[73.68376,32.08763],[73.68408,32.08769],[73.68416,32.08701],[73.68401,32.08697]]]]}},{"type":"Feature","properties":{"lu":"Industrial Urban Block","ct":"Existing","a":1.17},"geometry":{"type":"MultiPolygon","coordinates":[[[[73.68416,32.08493],[73.68382,32.08487],[73.68379,32.08511],[73.68368,32.08509],[73.68352,32.0857],[73.68418,32.08583],[73.68416,32.08493]]]]}},{"type":"Feature","properties":{"lu":"Industrial Urban Block","ct":"Existing","a":0.547},"geometry":{"type":"MultiPolygon","coordinates":[[[[73.67302,32.06718],[73.67286,32.06716],[73.67277,32.06778],[73.6731,32.06781],[73.6732,32.0672],[73.67302,32.06718]]]]}},{"type":"Feature","properties":{"lu":"Industrial Urban Block","ct":"Existing","a":0.516},"geometry":{"type":"MultiPolygon","coordinates":[[[[73.67244,32.06768],[73.67277,32.06771],[73.67285,32.06712],[73.67252,32.06708],[73.67244,32.06768]]]]}},{"type":"Feature","properties":{"lu":"Industrial Urban Block","ct":"Existing","a":0.551},"geometry":{"type":"MultiPolygon","coordinates":[[[[73.67396,32.0697],[73.67362,32.0697],[73.67355,32.07033],[73.6739,32.07032],[73.67396,32.0697]]]]}},{"type":"Feature","properties":{"lu":"Industrial Urban Block","ct":"Existing","a":0.548},"geometry":{"type":"MultiPolygon","coordinates":[[[[73.67355,32.0697],[73.67325,32.0697],[73.67319,32.07033],[73.67353,32.07033],[73.67355,32.0697]]]]}},{"type":"Feature","properties":{"lu":"Industrial Urban Block","ct":"Existing","a":0.579},"geometry":{"type":"MultiPolygon","coordinates":[[[[73.67322,32.0697],[73.67288,32.06967],[73.67282,32.07034],[73.67316,32.07033],[73.67322,32.0697]]]]}},{"type":"Feature","properties":{"lu":"Industrial Urban Block","ct":"Existing","a":0.31},"geometry":{"type":"MultiPolygon","coordinates":[[[[73.67283,32.06998],[73.6725,32.06999],[73.67247,32.07035],[73.67279,32.07035],[73.67283,32.06998]]]]}},{"type":"Feature","properties":{"lu":"Industrial Urban Block","ct":"Existing","a":0.2},"geometry":{"type":"MultiPolygon","coordinates":[[[[73.67246,32.07013],[73.67211,32.07012],[73.6721,32.07035],[73.67244,32.07035],[73.67246,32.07013]]]]}},{"type":"Feature","properties":{"lu":"Industrial Urban Block","ct":"Existing","a":0.298},"geometry":{"type":"MultiPolygon","coordinates":[[[[73.66979,32.06992],[73.66955,32.07],[73.66972,32.07037],[73.66998,32.07037],[73.66979,32.06992]]]]}},{"type":"Feature","properties":{"lu":"Industrial Urban Block","ct":"Existing","a":0.336},"geometry":{"type":"MultiPolygon","coordinates":[[[[73.66926,32.07038],[73.6691,32.06996],[73.66878,32.07013],[73.66889,32.07039],[73.66926,32.07038]]]]}},{"type":"Feature","properties":{"lu":"Industrial Urban Block","ct":"Existing","a":0.355},"geometry":{"type":"MultiPolygon","coordinates":[[[[73.66938,32.07086],[73.6694,32.07043],[73.66909,32.07044],[73.66912,32.0709],[73.66938,32.07086]]]]}},{"type":"Feature","properties":{"lu":"Industrial Urban Block","ct":"Existing","a":0.459},"geometry":{"type":"MultiPolygon","coordinates":[[[[73.66871,32.07094],[73.66859,32.07045],[73.66823,32.07045],[73.66843,32.07102],[73.66871,32.07094]]]]}},{"type":"Feature","properties":{"lu":"Industrial Urban Block","ct":"Existing","a":0.518},"geometry":{"type":"MultiPolygon","coordinates":[[[[73.66721,32.07042],[73.66703,32.07002],[73.66648,32.07017],[73.6666,32.07042],[73.66721,32.07042]]]]}},{"type":"Feature","properties":{"lu":"Industrial Urban Block","ct":"Existing","a":0.513},"geometry":{"type":"MultiPolygon","coordinates":[[[[73.67193,32.07054],[73.67204,32.07042],[73.67118,32.07043],[73.67127,32.07073],[73.67134,32.07071],[73.67142,32.07082],[73.67193,32.07054]]]]}},{"type":"Feature","properties":{"lu":"Industrial Urban Block","ct":"Existing","a":0.37},"geometry":{"type":"MultiPolygon","coordinates":[[[[73.67319,32.07084],[73.67346,32.07073],[73.6733,32.07041],[73.67289,32.07041],[73.67319,32.07084]]]]}},{"type":"Feature","properties":{"lu":"Industrial Urban Block","ct":"Existing","a":0.177},"geometry":{"type":"MultiPolygon","coordinates":[[[[73.67417,32.0704],[73.67398,32.0704],[73.67418,32.07079],[73.67432,32.07072],[73.67417,32.0704]]]]}},{"type":"Feature","properties":{"lu":"Industrial Urban Block","ct":"Existing","a":0.465},"geometry":{"type":"MultiPolygon","coordinates":[[[[73.69663,32.06306],[73.69665,32.06341],[73.69702,32.06339],[73.69726,32.06305],[73.69663,32.06306]]]]}},{"type":"Feature","properties":{"lu":"Industrial Urban Block","ct":"Existing","a":0.178},"geometry":{"type":"MultiPolygon","coordinates":[[[[73.69666,32.06343],[73.69666,32.06371],[73.69681,32.0637],[73.69701,32.06341],[73.69666,32.06343]]]]}},{"type":"Feature","properties":{"lu":"Industrial Urban Block","ct":"Existing","a":0.193},"geometry":{"type":"MultiPolygon","coordinates":[[[[73.69729,32.06385],[73.69728,32.06367],[73.69691,32.06369],[73.6968,32.06387],[73.69729,32.06385]]]]}},{"type":"Feature","properties":{"lu":"Industrial Urban Block","ct":"Existing","a":0.107},"geometry":{"type":"MultiPolygon","coordinates":[[[[73.6961,32.06456],[73.69577,32.06457],[73.69574,32.06472],[73.69597,32.06471],[73.6961,32.06456]]]]}},{"type":"Feature","properties":{"lu":"Industrial Urban Block","ct":"Existing","a":1.708},"geometry":{"type":"MultiPolygon","coordinates":[[[[73.68652,32.07708],[73.68625,32.07694],[73.68585,32.07694],[73.68586,32.07685],[73.68555,32.07684],[73.68553,32.07737],[73.68583,32.07737],[73.6858,32.0779],[73.68611,32.07798],[73.68611,32.07789],[73.68629,32.07789],[73.6863,32.07778],[73.68641,32.0777],[73.6863,32.07747],[73.68629,32.07714],[73.68652,32.07708]]]]}},{"type":"Feature","properties":{"lu":"Industrial Urban Block","ct":"Existing","a":0.547},"geometry":{"type":"MultiPolygon","coordinates":[[[[73.68501,32.07621],[73.68488,32.07651],[73.68504,32.07657],[73.68502,32.07675],[73.68545,32.07678],[73.68546,32.07644],[73.68501,32.07621]]]]}},{"type":"Feature","properties":{"lu":"Industrial Urban Block","ct":"Existing","a":1.8},"geometry":{"type":"MultiPolygon","coordinates":[[[[73.68406,32.05486],[73.68407,32.05454],[73.68355,32.05457],[73.68367,32.05596],[73.68416,32.05587],[73.68415,32.05577],[73.68423,32.05576],[73.68406,32.05486]]]]}},{"type":"Feature","properties":{"lu":"Industrial Urban Block","ct":"Existing","a":9.355},"geometry":{"type":"MultiPolygon","coordinates":[[[[73.66292,32.05128],[73.66457,32.05122],[73.66439,32.04972],[73.6644,32.04978],[73.66229,32.04984],[73.6618,32.05006],[73.66209,32.05029],[73.66148,32.05051],[73.66278,32.05136],[73.66292,32.05128]]]]}},{"type":"Feature","properties":{"lu":"Industrial Urban Block","ct":"Existing","a":7.204},"geometry":{"type":"MultiPolygon","coordinates":[[[[73.66116,32.06587],[73.66152,32.06564],[73.6614,32.0654],[73.66149,32.06536],[73.66153,32.06544],[73.66169,32.06529],[73.66073,32.06335],[73.66009,32.0636],[73.66037,32.06417],[73.65976,32.06435],[73.66061,32.06606],[73.66116,32.06587]]]]}},{"type":"Feature","properties":{"lu":"Industrial Urban Block","ct":"Existing","a":0.802},"geometry":{"type":"MultiPolygon","coordinates":[[[[73.67561,32.06791],[73.67512,32.06781],[73.6752,32.06752],[73.67479,32.06743],[73.67478,32.06788],[73.67488,32.06799],[73.67546,32.06813],[73.67557,32.06807],[73.67561,32.06791]]]]}},{"type":"Feature","properties":{"lu":"Industrial Urban Block","ct":"Existing","a":0.291},"geometry":{"type":"MultiPolygon","coordinates":[[[[73.66689,32.06967],[73.66632,32.06986],[73.6664,32.07002],[73.66698,32.06983],[73.66689,32.06967]]]]}},{"type":"Feature","properties":{"lu":"Industrial Urban Block","ct":"Existing","a":0.765},"geometry":{"type":"MultiPolygon","coordinates":[[[[73.67752,32.07521],[73.67722,32.07502],[73.67673,32.07539],[73.67732,32.07575],[73.67751,32.07554],[73.67734,32.0754],[73.67752,32.07521]]]]}},{"type":"Feature","properties":{"lu":"Industrial Urban Block","ct":"Existing","a":0.547},"geometry":{"type":"MultiPolygon","coordinates":[[[[73.6753,32.07631],[73.67499,32.07599],[73.6746,32.07625],[73.67491,32.07658],[73.6753,32.07631]]]]}},{"type":"Feature","properties":{"lu":"Industrial Urban Block","ct":"Existing","a":0.225},"geometry":{"type":"MultiPolygon","coordinates":[[[[73.67444,32.07658],[73.67418,32.07675],[73.67439,32.07696],[73.67463,32.07678],[73.67444,32.07658]]]]}},{"type":"Feature","properties":{"lu":"Industrial Urban Block","ct":"Existing","a":0.844},"geometry":{"type":"MultiPolygon","coordinates":[[[[73.67737,32.07418],[73.67691,32.07471],[73.67721,32.07495],[73.67781,32.07448],[73.67737,32.07418]]]]}},{"type":"Feature","properties":{"lu":"Industrial Urban Block","ct":"Existing","a":1.091},"geometry":{"type":"MultiPolygon","coordinates":[[[[73.6793,32.07339],[73.67908,32.07321],[73.67886,32.07336],[73.67846,32.07313],[73.67831,32.07327],[73.67872,32.07351],[73.6786,32.07361],[73.67821,32.0734],[73.67811,32.07353],[73.67843,32.07369],[73.67828,32.07389],[73.67847,32.074],[73.6793,32.07339]]]]}},{"type":"Feature","properties":{"lu":"Industrial Urban Block","ct":"Existing","a":0.612},"geometry":{"type":"MultiPolygon","coordinates":[[[[73.6782,32.07419],[73.67762,32.07386],[73.67739,32.07416],[73.67785,32.07446],[73.6782,32.07419]]]]}},{"type":"Feature","properties":{"lu":"Industrial Urban Block","ct":"Existing","a":0.349},"geometry":{"type":"MultiPolygon","coordinates":[[[[73.67548,32.0764],[73.6754,32.07636],[73.67514,32.07655],[73.67553,32.07683],[73.67571,32.07659],[73.67548,32.0764]]]]}},{"type":"Feature","properties":{"lu":"Industrial Urban Block","ct":"Existing","a":0.132},"geometry":{"type":"MultiPolygon","coordinates":[[[[73.67815,32.07385],[73.67805,32.07399],[73.67831,32.07411],[73.67844,32.07401],[73.67815,32.07385]]]]}},{"type":"Feature","properties":{"lu":"Industrial Urban Block","ct":"Existing","a":0.338},"geometry":{"type":"MultiPolygon","coordinates":[[[[73.67712,32.07501],[73.67684,32.07478],[73.67689,32.07473],[73.67652,32.075],[73.67683,32.07521],[73.67712,32.07501]]]]}},{"type":"Feature","properties":{"lu":"Industrial Urban Block","ct":"Existing","a":0.147},"geometry":{"type":"MultiPolygon","coordinates":[[[[73.6765,32.07502],[73.67637,32.07511],[73.67666,32.07533],[73.6768,32.07523],[73.6765,32.07502]]]]}},{"type":"Feature","properties":{"lu":"Industrial Urban Block","ct":"Existing","a":0.182},"geometry":{"type":"MultiPolygon","coordinates":[[[[73.6726,32.0784],[73.67242,32.07816],[73.6722,32.07827],[73.67237,32.07849],[73.6726,32.0784]]]]}},{"type":"Feature","properties":{"lu":"Industrial Urban Block","ct":"Existing","a":0.12},"geometry":{"type":"MultiPolygon","coordinates":[[[[73.67126,32.07856],[73.67117,32.07842],[73.67091,32.07855],[73.67101,32.07868],[73.67126,32.07856]]]]}},{"type":"Feature","properties":{"lu":"Industrial Urban Block","ct":"Existing","a":0.42},"geometry":{"type":"MultiPolygon","coordinates":[[[[73.66917,32.07962],[73.66906,32.07944],[73.66932,32.0793],[73.66924,32.07918],[73.66868,32.0795],[73.66885,32.07978],[73.66917,32.07962]]]]}},{"type":"Feature","properties":{"lu":"Industrial Urban Block","ct":"Existing","a":0.338},"geometry":{"type":"MultiPolygon","coordinates":[[[[73.6789,32.0745],[73.67841,32.07414],[73.67822,32.07427],[73.67878,32.07465],[73.6789,32.0745]]]]}},{"type":"Feature","properties":{"lu":"Industrial Urban Block","ct":"Existing","a":0.068},"geometry":{"type":"MultiPolygon","coordinates":[[[[73.68416,32.08446],[73.68416,32.08433],[73.68395,32.08433],[73.68397,32.08447],[73.68416,32.08446]]]]}},{"type":"Feature","properties":{"lu":"Industrial Urban Block","ct":"Existing","a":0.536},"geometry":{"type":"MultiPolygon","coordinates":[[[[73.68436,32.0829],[73.68359,32.08276],[73.68359,32.08304],[73.68427,32.08318],[73.68436,32.0829]]]]}},{"type":"Feature","properties":{"lu":"Industrial Urban Block","ct":"Existing","a":0.477},"geometry":{"type":"MultiPolygon","coordinates":[[[[73.6842,32.08336],[73.68381,32.08327],[73.68381,32.0834],[73.6836,32.08338],[73.68361,32.08366],[73.68413,32.08369],[73.6842,32.08336]]]]}},{"type":"Feature","properties":{"lu":"Industrial Urban Block","ct":"Existing","a":14.418},"geometry":{"type":"MultiPolygon","coordinates":[[[[73.68352,32.08335],[73.68363,32.08216],[73.68313,32.0821],[73.68347,32.0802],[73.68264,32.08004],[73.68246,32.08062],[73.6823,32.08061],[73.68221,32.08104],[73.68204,32.08108],[73.68199,32.08193],[73.68072,32.08183],[73.68034,32.08244],[73.68138,32.08237],[73.68134,32.08328],[73.68272,32.08354],[73.68286,32.08321],[73.68352,32.08335]]]]}},{"type":"Feature","properties":{"lu":"Brick Kiln","ct":"Existing","a":0.048},"geometry":{"type":"MultiPolygon","coordinates":[[[[73.79551,32.09052],[73.79554,32.09052],[73.79557,32.09037],[73.79554,32.09036],[73.79551,32.09052]]],[[[73.79566,32.09113],[73.79557,32.09113],[73.79569,32.09114],[73.79567,32.09054],[73.79566,32.09113]]]]}},{"type":"Feature","properties":{"lu":"Brick Kiln","ct":"Existing","a":0.0},"geometry":{"type":"MultiPolygon","coordinates":[[[[73.70227,32.08173],[73.70225,32.08178],[73.70225,32.08179],[73.70225,32.0818],[73.70227,32.08173]]]]}}]}