{"type":"FeatureCollection","features":[{"type":"Feature","properties":{"lu":"Religious Building","ct":"Existing","a":0.008},"geometry":{"type":"MultiPolygon","coordinates":[[[[73.79729,32.05873],[73.79727,32.05872],[73.79725,32.0587],[73.79719,32.05874],[73.79725,32.05877],[73.79729,32.05873]]]]}},{"type":"Feature","properties":{"lu":"Religious Building","ct":"Existing","a":0.081},"geometry":{"type":"MultiPolygon","coordinates":[[[[73.7995,32.06275],[73.79925,32.06273],[73.79926,32.06287],[73.7995,32.06286],[73.7995,32.06275]]]]}},{"type":"Feature","properties":{"lu":"Religious Building","ct":"Existing","a":0.013},"geometry":{"type":"MultiPolygon","coordinates":[[[[73.79361,32.04669],[73.79369,32.04669],[73.79369,32.04663],[73.79361,32.04662],[73.79361,32.04669]]]]}},{"type":"Feature","properties":{"lu":"Religious Building","ct":"Existing","a":0.036},"geometry":{"type":"MultiPolygon","coordinates":[[[[73.79153,32.01806],[73.79145,32.01795],[73.79137,32.018],[73.79142,32.01811],[73.79153,32.01806]]]]}},{"type":"Feature","properties":{"lu":"Graveyard","ct":"Existing","a":7.856},"geometry":{"type":"MultiPolygon","coordinates":[[[[73.79473,32.03753],[73.79529,32.03556],[73.79483,32.03549],[73.79378,32.03559],[73.79357,32.0357],[73.79302,32.03575],[73.79332,32.03702],[73.79403,32.037],[73.79417,32.03757],[73.79473,32.03753]]]]}},{"type":"Feature","properties":{"lu":"Religious Building","ct":"Existing","a":0.032},"geometry":{"type":"MultiPolygon","coordinates":[[[[73.80565,32.03452],[73.8056,32.03442],[73.80549,32.03449],[73.80554,32.03457],[73.80565,32.03452]]]]}},{"type":"Feature","properties":{"lu":"Religious Building","ct":"Existing","a":0.166},"geometry":{"type":"MultiPolygon","coordinates":[[[[73.79617,32.02984],[73.7959,32.02987],[73.79586,32.03008],[73.79617,32.03009],[73.79617,32.02984]]]]}},{"type":"Feature","properties":{"lu":"Religious Building","ct":"Existing","a":0.111},"geometry":{"type":"MultiPolygon","coordinates":[[[[73.79587,32.03255],[73.79593,32.03233],[73.79569,32.03232],[73.79566,32.0325],[73.79587,32.03255]]]]}},{"type":"Feature","properties":{"lu":"Religious Building","ct":"Existing","a":0.061},"geometry":{"type":"MultiPolygon","coordinates":[[[[73.76873,31.97263],[73.76868,31.97257],[73.76853,31.97261],[73.76863,31.97275],[73.76877,31.97269],[73.76873,31.97263]]]]}},{"type":"Feature","properties":{"lu":"Graveyard","ct":"Existing","a":6.764},"geometry":{"type":"MultiPolygon","coordinates":[[[[73.79262,31.98778],[73.79262,31.98777],[73.79262,31.98776],[73.79262,31.98778]]],[[[73.79243,31.9878],[73.79229,31.98741],[73.79127,31.98749],[73.79116,31.98762],[73.79126,31.98953],[73.79257,31.98934],[73.79259,31.989],[73.79249,31.98892],[73.79258,31.9882],[73.79243,31.9878]]]]}},{"type":"Feature","properties":{"lu":"Religious Building","ct":"Existing","a":0.132},"geometry":{"type":"MultiPolygon","coordinates":[[[[73.79091,32.00416],[73.7908,32.00398],[73.79055,32.00409],[73.79064,32.00424],[73.79091,32.00416]]]]}},{"type":"Feature","properties":{"lu":"Religious Building","ct":"Existing","a":0.299},"geometry":{"type":"MultiPolygon","coordinates":[[[[73.79095,32.01748],[73.79084,32.01714],[73.79056,32.01714],[73.79056,32.01749],[73.79095,32.01748]]]]}},{"type":"Feature","properties":{"lu":"Religious Building","ct":"Existing","a":0.033},"geometry":{"type":"MultiPolygon","coordinates":[[[[73.73458,32.03622],[73.73446,32.03618],[73.73446,32.03628],[73.73458,32.0363],[73.73458,32.03622]]]]}},{"type":"Feature","properties":{"lu":"Graveyard","ct":"Existing","a":3.869},"geometry":{"type":"MultiPolygon","coordinates":[[[[73.78625,32.01711],[73.78566,32.01646],[73.78508,32.01602],[73.78426,32.01623],[73.78441,32.01687],[73.78456,32.017],[73.78645,32.01735],[73.78625,32.01711]]]]}},{"type":"Feature","properties":{"lu":"Graveyard","ct":"Existing","a":2.396},"geometry":{"type":"MultiPolygon","coordinates":[[[[73.69115,32.11766],[73.68977,32.11739],[73.68962,32.11804],[73.69102,32.11829],[73.69115,32.11766]]]]}},{"type":"Feature","properties":{"lu":"Graveyard","ct":"Existing","a":4.927},"geometry":{"type":"MultiPolygon","coordinates":[[[[73.70986,32.10538],[73.70944,32.10419],[73.70743,32.1046],[73.70761,32.10521],[73.70878,32.10508],[73.70892,32.10548],[73.70986,32.10538]]]]}},{"type":"Feature","properties":{"lu":"Graveyard","ct":"Existing","a":9.885},"geometry":{"type":"MultiPolygon","coordinates":[[[[73.70883,32.16065],[73.70932,32.16031],[73.70938,32.16035],[73.70961,32.1602],[73.70989,32.16016],[73.70998,32.15987],[73.70992,32.15981],[73.7104,32.15944],[73.70893,32.15812],[73.70749,32.15922],[73.70883,32.16065]]]]}},{"type":"Feature","properties":{"lu":"Graveyard","ct":"Existing","a":14.848},"geometry":{"type":"MultiPolygon","coordinates":[[[[73.74016,32.20048],[73.73978,32.1985],[73.73689,32.19876],[73.7372,32.20067],[73.74016,32.20048]]]]}},{"type":"Feature","properties":{"lu":"Religious Building","ct":"Existing","a":0.017},"geometry":{"type":"MultiPolygon","coordinates":[[[[73.28743,31.78707],[73.28733,31.78706],[73.28733,31.78713],[73.28743,31.78713],[73.28743,31.78707]]]]}},{"type":"Feature","properties":{"lu":"Religious Building","ct":"Existing","a":0.018},"geometry":{"type":"MultiPolygon","coordinates":[[[[73.28015,31.78993],[73.28007,31.78992],[73.28006,31.79],[73.28014,31.79001],[73.28015,31.78993]]]]}},{"type":"Feature","properties":{"lu":"Graveyard","ct":"Existing","a":7.16},"geometry":{"type":"MultiPolygon","coordinates":[[[[73.1925,31.85329],[73.19256,31.85309],[73.19249,31.85284],[73.19212,31.85223],[73.19191,31.85145],[73.19155,31.85148],[73.19077,31.85175],[73.1906,31.85198],[73.19068,31.85322],[73.19116,31.85312],[73.19118,31.85319],[73.19212,31.85345],[73.19238,31.85344],[73.1925,31.85329]]]]}},{"type":"Feature","properties":{"lu":"Religious Building","ct":"Existing","a":0.03},"geometry":{"type":"MultiPolygon","coordinates":[[[[73.22768,31.83564],[73.22755,31.83564],[73.22759,31.83577],[73.22767,31.83572],[73.22768,31.83564]]]]}},{"type":"Feature","properties":{"lu":"Religious Building","ct":"Existing","a":0.145},"geometry":{"type":"MultiPolygon","coordinates":[[[[73.26553,31.84298],[73.26523,31.84296],[73.2652,31.84315],[73.26542,31.84319],[73.26553,31.84298]]]]}},{"type":"Feature","properties":{"lu":"Graveyard","ct":"Existing","a":0.242},"geometry":{"type":"MultiPolygon","coordinates":[[[[73.75963,32.03108],[73.75959,32.03082],[73.75923,32.03083],[73.75928,32.03109],[73.75963,32.03108]]]]}},{"type":"Feature","properties":{"lu":"Religious Building","ct":"Existing","a":0.128},"geometry":{"type":"MultiPolygon","coordinates":[[[[73.76338,32.03035],[73.76336,32.03011],[73.76316,32.03012],[73.76319,32.03038],[73.76338,32.03035]]]]}},{"type":"Feature","properties":{"lu":"Graveyard","ct":"Existing","a":5.884},"geometry":{"type":"MultiPolygon","coordinates":[[[[73.76797,32.0874],[73.76779,32.08595],[73.76623,32.08609],[73.76647,32.08756],[73.76797,32.0874]]]]}},{"type":"Feature","properties":{"lu":"Graveyard","ct":"Existing","a":7.35},"geometry":{"type":"MultiPolygon","coordinates":[[[[73.77061,32.09109],[73.77035,32.08939],[73.76902,32.08955],[73.76904,32.09013],[73.76844,32.09024],[73.76875,32.09109],[73.7692,32.09117],[73.77061,32.09109]]]]}},{"type":"Feature","properties":{"lu":"Religious Building","ct":"Existing","a":0.033},"geometry":{"type":"MultiPolygon","coordinates":[[[[73.68854,32.01982],[73.68852,32.01971],[73.6884,32.01973],[73.68841,32.01983],[73.68854,32.01982]]]]}},{"type":"Feature","properties":{"lu":"Religious Building","ct":"Existing","a":0.015},"geometry":{"type":"MultiPolygon","coordinates":[[[[73.69087,32.02071],[73.69088,32.02064],[73.69079,32.02066],[73.69079,32.02072],[73.69087,32.02071]]]]}},{"type":"Feature","properties":{"lu":"Religious Building","ct":"Existing","a":0.067},"geometry":{"type":"MultiPolygon","coordinates":[[[[73.69181,32.01972],[73.69156,32.0197],[73.69156,32.01981],[73.69178,32.01983],[73.69181,32.01972]]]]}},{"type":"Feature","properties":{"lu":"Graveyard","ct":"Existing","a":5.516},"geometry":{"type":"MultiPolygon","coordinates":[[[[73.79954,32.00712],[73.79907,32.00601],[73.79841,32.00613],[73.79778,32.00635],[73.79777,32.00651],[73.79762,32.00659],[73.79776,32.00743],[73.79803,32.00769],[73.79954,32.00712]]]]}},{"type":"Feature","properties":{"lu":"Graveyard","ct":"Existing","a":2.051},"geometry":{"type":"MultiPolygon","coordinates":[[[[73.63482,32.08935],[73.63475,32.08869],[73.63372,32.08873],[73.63359,32.08928],[73.63381,32.08928],[73.6339,32.08957],[73.63415,32.08956],[73.63423,32.08938],[73.63482,32.08935]]]]}},{"type":"Feature","properties":{"lu":"Park and Open Spaces","ct":"Existing","a":4.311},"geometry":{"type":"MultiPolygon","coordinates":[[[[73.65711,32.11018],[73.65686,32.11025],[73.65679,32.11004],[73.65567,32.11032],[73.65611,32.11149],[73.65745,32.11113],[73.65711,32.11018]]]]}},{"type":"Feature","properties":{"lu":"Graveyard","ct":"Existing","a":3.042},"geometry":{"type":"MultiPolygon","coordinates":[[[[73.74958,32.11615],[73.74958,32.11562],[73.75055,32.11568],[73.75057,32.115],[73.74915,32.11497],[73.74911,32.11613],[73.74958,32.11615]]]]}},{"type":"Feature","properties":{"lu":"Graveyard","ct":"Existing","a":0.075},"geometry":{"type":"MultiPolygon","coordinates":[[[[73.7797,32.11437],[73.77967,32.11476],[73.77972,32.11454],[73.77972,32.11437],[73.7797,32.11437]]],[[[73.78027,32.11523],[73.77972,32.11522],[73.78182,32.11524],[73.78027,32.11523]]]]}},{"type":"Feature","properties":{"lu":"Graveyard","ct":"Existing","a":5.144},"geometry":{"type":"MultiPolygon","coordinates":[[[[73.74561,32.0208],[73.74567,32.02026],[73.74554,32.02002],[73.74529,32.01983],[73.74381,32.01966],[73.74331,32.01993],[73.74348,32.0202],[73.74347,32.02062],[73.74561,32.0208]]]]}},{"type":"Feature","properties":{"lu":"Religious Building","ct":"Existing","a":0.269},"geometry":{"type":"MultiPolygon","coordinates":[[[[73.74062,32.01817],[73.74033,32.01815],[73.74025,32.01845],[73.74059,32.01852],[73.74062,32.01817]]]]}},{"type":"Feature","properties":{"lu":"Graveyard","ct":"Existing","a":5.271},"geometry":{"type":"MultiPolygon","coordinates":[[[[73.73592,32.01367],[73.73521,32.01364],[73.7352,32.01374],[73.73422,32.01383],[73.73439,32.01515],[73.73525,32.01517],[73.73572,32.01464],[73.73598,32.01408],[73.73583,32.014],[73.73598,32.01369],[73.73592,32.01367]]]]}},{"type":"Feature","properties":{"lu":"Graveyard","ct":"Existing","a":6.561},"geometry":{"type":"MultiPolygon","coordinates":[[[[73.77379,32.0888],[73.77356,32.08721],[73.77199,32.08737],[73.77225,32.08899],[73.77379,32.0888]]]]}},{"type":"Feature","properties":{"lu":"Graveyard","ct":"Existing","a":0.204},"geometry":{"type":"MultiPolygon","coordinates":[[[[73.7376,31.94388],[73.73709,31.94365],[73.73706,31.94365],[73.7371,31.94394],[73.7376,31.94388]]]]}},{"type":"Feature","properties":{"lu":"Graveyard","ct":"Existing","a":1.794},"geometry":{"type":"MultiPolygon","coordinates":[[[[73.75365,31.95135],[73.75334,31.95135],[73.75334,31.95155],[73.75298,31.95155],[73.75299,31.95246],[73.7537,31.95244],[73.75365,31.95135]]]]}},{"type":"Feature","properties":{"lu":"Graveyard","ct":"Existing","a":0.527},"geometry":{"type":"MultiPolygon","coordinates":[[[[73.75704,31.95727],[73.75703,31.95758],[73.75771,31.95758],[73.75771,31.95728],[73.75704,31.95727]]]]}},{"type":"Feature","properties":{"lu":"Graveyard","ct":"Existing","a":1.127},"geometry":{"type":"MultiPolygon","coordinates":[[[[73.74384,31.96039],[73.7431,31.96034],[73.74311,31.96095],[73.74385,31.96096],[73.74384,31.96039]]]]}},{"type":"Feature","properties":{"lu":"Graveyard","ct":"Existing","a":0.893},"geometry":{"type":"MultiPolygon","coordinates":[[[[73.73311,31.97886],[73.73351,31.97879],[73.73351,31.97858],[73.73251,31.97854],[73.73252,31.97882],[73.73262,31.97899],[73.73285,31.97901],[73.73311,31.97886]]]]}},{"type":"Feature","properties":{"lu":"Graveyard","ct":"Existing","a":11.115},"geometry":{"type":"MultiPolygon","coordinates":[[[[73.72911,31.99247],[73.72773,31.99246],[73.72771,31.9942],[73.72836,31.99459],[73.72846,31.99485],[73.72868,31.99515],[73.72871,31.99547],[73.72909,31.99547],[73.72912,31.99524],[73.72938,31.99515],[73.72955,31.99488],[73.72975,31.99435],[73.72976,31.99354],[73.72909,31.99321],[73.72911,31.99247]]]]}},{"type":"Feature","properties":{"lu":"Religious Building","ct":"Existing","a":0.146},"geometry":{"type":"MultiPolygon","coordinates":[[[[73.33621,31.89336],[73.33586,31.89327],[73.3358,31.89341],[73.33611,31.89352],[73.33621,31.89336]]]]}},{"type":"Feature","properties":{"lu":"Graveyard","ct":"Existing","a":1.757},"geometry":{"type":"MultiPolygon","coordinates":[[[[73.34938,31.88347],[73.34878,31.88344],[73.34853,31.88369],[73.34849,31.88408],[73.34938,31.88417],[73.34974,31.88352],[73.34938,31.88347]]]]}},{"type":"Feature","properties":{"lu":"Religious Building","ct":"Existing","a":0.147},"geometry":{"type":"MultiPolygon","coordinates":[[[[73.25732,31.81928],[73.25709,31.81927],[73.25707,31.81951],[73.2573,31.81953],[73.25732,31.81928]]]]}},{"type":"Feature","properties":{"lu":"Religious Building","ct":"Existing","a":0.138},"geometry":{"type":"MultiPolygon","coordinates":[[[[73.27756,31.8261],[73.27737,31.82608],[73.27731,31.82634],[73.27753,31.82636],[73.27756,31.8261]]]]}},{"type":"Feature","properties":{"lu":"Religious Building","ct":"Existing","a":0.1},"geometry":{"type":"MultiPolygon","coordinates":[[[[73.27868,31.82617],[73.27863,31.82595],[73.27847,31.82597],[73.27849,31.82619],[73.27868,31.82617]]]]}},{"type":"Feature","properties":{"lu":"Religious Building","ct":"Existing","a":0.06},"geometry":{"type":"MultiPolygon","coordinates":[[[[73.27181,31.85088],[73.27193,31.85089],[73.27194,31.85069],[73.27183,31.85068],[73.27181,31.85088]]]]}},{"type":"Feature","properties":{"lu":"Religious Building","ct":"Existing","a":0.15},"geometry":{"type":"MultiPolygon","coordinates":[[[[73.26373,31.85282],[73.26367,31.85282],[73.26364,31.85303],[73.26392,31.85306],[73.26392,31.85284],[73.26373,31.85282]]]]}},{"type":"Feature","properties":{"lu":"Religious Building","ct":"Existing","a":0.124},"geometry":{"type":"MultiPolygon","coordinates":[[[[73.24961,31.83661],[73.24959,31.83637],[73.2494,31.83638],[73.24941,31.83664],[73.24961,31.83661]]]]}},{"type":"Feature","properties":{"lu":"Religious Building","ct":"Existing","a":0.109},"geometry":{"type":"MultiPolygon","coordinates":[[[[73.2893,31.84707],[73.28905,31.84707],[73.28904,31.84724],[73.28927,31.84725],[73.2893,31.84707]]]]}},{"type":"Feature","properties":{"lu":"Religious Building","ct":"Existing","a":0.014},"geometry":{"type":"MultiPolygon","coordinates":[[[[73.29886,31.79087],[73.29879,31.79087],[73.29879,31.79094],[73.29887,31.79093],[73.29886,31.79087]]]]}},{"type":"Feature","properties":{"lu":"Religious Building","ct":"Existing","a":0.047},"geometry":{"type":"MultiPolygon","coordinates":[[[[73.30685,31.79399],[73.30674,31.79398],[73.30675,31.79414],[73.30688,31.79414],[73.30685,31.79399]]]]}},{"type":"Feature","properties":{"lu":"Religious Building","ct":"Existing","a":0.017},"geometry":{"type":"MultiPolygon","coordinates":[[[[73.30039,31.78509],[73.30027,31.78509],[73.30026,31.78514],[73.30037,31.78515],[73.30039,31.78509]]]]}},{"type":"Feature","properties":{"lu":"Graveyard","ct":"Existing","a":4.953},"geometry":{"type":"MultiPolygon","coordinates":[[[[73.33167,31.80527],[73.33055,31.80455],[73.33035,31.8047],[73.32993,31.80527],[73.33018,31.80566],[73.32985,31.80577],[73.33018,31.80631],[73.33139,31.80599],[73.33129,31.80557],[73.33167,31.80541],[73.33167,31.80527]]]]}},{"type":"Feature","properties":{"lu":"Graveyard","ct":"Existing","a":29.014},"geometry":{"type":"MultiPolygon","coordinates":[[[[73.30017,31.78101],[73.30101,31.78004],[73.30137,31.7802],[73.30282,31.77902],[73.30352,31.77928],[73.30447,31.77768],[73.30401,31.77749],[73.30314,31.77728],[73.30222,31.77716],[73.30151,31.77684],[73.30089,31.77764],[73.30052,31.77854],[73.29838,31.78142],[73.2996,31.78172],[73.30017,31.78101]]]]}},{"type":"Feature","properties":{"lu":"Graveyard","ct":"Existing","a":6.3},"geometry":{"type":"MultiPolygon","coordinates":[[[[73.32592,31.85669],[73.3266,31.85649],[73.32624,31.85543],[73.32619,31.8553],[73.32575,31.85544],[73.32528,31.85497],[73.3245,31.85639],[73.32455,31.85659],[73.32473,31.85657],[73.32477,31.85691],[73.32592,31.85669]]]]}},{"type":"Feature","properties":{"lu":"Religious Building","ct":"Existing","a":0.188},"geometry":{"type":"MultiPolygon","coordinates":[[[[73.33939,31.79961],[73.33929,31.79931],[73.33907,31.79937],[73.33917,31.79967],[73.33939,31.79961]]]]}},{"type":"Feature","properties":{"lu":"Religious Building","ct":"Existing","a":0.027},"geometry":{"type":"MultiPolygon","coordinates":[[[[73.3656,31.80808],[73.36561,31.80797],[73.3655,31.808],[73.36548,31.80808],[73.3656,31.80808]]]]}},{"type":"Feature","properties":{"lu":"Religious Building","ct":"Existing","a":0.064},"geometry":{"type":"MultiPolygon","coordinates":[[[[73.35226,31.9221],[73.35204,31.9221],[73.35203,31.92219],[73.35226,31.92223],[73.35226,31.9221]]]]}},{"type":"Feature","properties":{"lu":"Graveyard","ct":"Existing","a":5.272},"geometry":{"type":"MultiPolygon","coordinates":[[[[73.34164,31.90642],[73.34037,31.90545],[73.33913,31.90571],[73.33927,31.90676],[73.34164,31.90642]]]]}},{"type":"Feature","properties":{"lu":"Graveyard","ct":"Existing","a":24.082},"geometry":{"type":"MultiPolygon","coordinates":[[[[73.37008,31.89693],[73.37011,31.89838],[73.37127,31.89839],[73.37349,31.89872],[73.3741,31.89869],[73.37449,31.89851],[73.37449,31.89641],[73.37225,31.89642],[73.37079,31.89625],[73.37008,31.89693]]]]}},{"type":"Feature","properties":{"lu":"Graveyard","ct":"Existing","a":12.217},"geometry":{"type":"MultiPolygon","coordinates":[[[[73.40342,31.91625],[73.40286,31.91601],[73.40202,31.91607],[73.40142,31.91628],[73.40154,31.91667],[73.40142,31.91693],[73.40139,31.9178],[73.40382,31.9183],[73.40399,31.91757],[73.40396,31.91711],[73.40379,31.9167],[73.4038,31.9163],[73.40342,31.91625]]]]}},{"type":"Feature","properties":{"lu":"Religious Building","ct":"Existing","a":0.034},"geometry":{"type":"MultiPolygon","coordinates":[[[[73.41,31.8724],[73.40986,31.87235],[73.40982,31.87244],[73.40997,31.87247],[73.41,31.8724]]]]}},{"type":"Feature","properties":{"lu":"Religious Building","ct":"Existing","a":0.084},"geometry":{"type":"MultiPolygon","coordinates":[[[[73.41255,31.88305],[73.41257,31.88293],[73.41231,31.88294],[73.41231,31.88307],[73.41255,31.88305]]]]}},{"type":"Feature","properties":{"lu":"Religious Building","ct":"Existing","a":0.102},"geometry":{"type":"MultiPolygon","coordinates":[[[[73.43095,31.88269],[73.43072,31.88265],[73.43071,31.88285],[73.43089,31.88287],[73.43095,31.88269]]]]}},{"type":"Feature","properties":{"lu":"Religious Building","ct":"Existing","a":0.029},"geometry":{"type":"MultiPolygon","coordinates":[[[[73.37879,31.85387],[73.37863,31.85387],[73.37862,31.85394],[73.37878,31.85394],[73.37879,31.85387]]]]}},{"type":"Feature","properties":{"lu":"Religious Building","ct":"Existing","a":0.078,"nm":"Noori Masjid"},"geometry":{"type":"MultiPolygon","coordinates":[[[[73.31254,31.91972],[73.3125,31.91971],[73.3125,31.91972],[73.31254,31.91972]]],[[[73.31232,31.91972],[73.31234,31.91991],[73.31248,31.9199],[73.3125,31.91972],[73.31232,31.91972]]]]}},{"type":"Feature","properties":{"lu":"Graveyard","ct":"Existing","a":6.603},"geometry":{"type":"MultiPolygon","coordinates":[[[[73.53496,32.2199],[73.53488,32.21987],[73.53477,32.2203],[73.53491,32.2204],[73.53493,32.22064],[73.53531,32.22107],[73.53539,32.22149],[73.53571,32.22176],[73.53579,32.2221],[73.53701,32.22161],[73.53654,32.22086],[73.53653,32.22071],[73.53591,32.22016],[73.53536,32.21994],[73.53496,32.2199]]]]}},{"type":"Feature","properties":{"lu":"Graveyard","ct":"Existing","a":2.274},"geometry":{"type":"MultiPolygon","coordinates":[[[[73.50824,32.09832],[73.50789,32.09755],[73.50724,32.09764],[73.50696,32.09776],[73.50719,32.09857],[73.50824,32.09832]]]]}},{"type":"Feature","properties":{"lu":"Graveyard","ct":"Existing","a":0.415},"geometry":{"type":"MultiPolygon","coordinates":[[[[73.52736,32.09235],[73.52699,32.09233],[73.52697,32.09277],[73.52732,32.09279],[73.52736,32.09235]]]]}},{"type":"Feature","properties":{"lu":"Graveyard","ct":"Existing","a":13.667},"geometry":{"type":"MultiPolygon","coordinates":[[[[73.53901,32.05635],[73.53871,32.05589],[73.53736,32.05626],[73.53719,32.05617],[73.53714,32.05584],[73.53675,32.05611],[73.53686,32.05635],[73.53581,32.05648],[73.53612,32.05782],[73.53876,32.05784],[73.53933,32.05762],[73.53901,32.05635]]]]}},{"type":"Feature","properties":{"lu":"Graveyard","ct":"Existing","a":7.686},"geometry":{"type":"MultiPolygon","coordinates":[[[[73.54687,32.05341],[73.54681,32.05307],[73.54632,32.05309],[73.54608,32.052],[73.54429,32.05223],[73.54437,32.05271],[73.5441,32.05277],[73.54424,32.05329],[73.54492,32.05314],[73.545,32.05322],[73.54498,32.05345],[73.54508,32.05368],[73.54567,32.05344],[73.54626,32.05341],[73.54643,32.05346],[73.54641,32.05388],[73.54713,32.05384],[73.54712,32.05345],[73.54687,32.05341]]]]}},{"type":"Feature","properties":{"lu":"Religious Building","ct":"Existing","a":0.052},"geometry":{"type":"MultiPolygon","coordinates":[[[[73.60966,32.11501],[73.60958,32.1149],[73.60945,32.11496],[73.60955,32.11508],[73.60966,32.11501]]]]}},{"type":"Feature","properties":{"lu":"Graveyard","ct":"Existing","a":3.049},"geometry":{"type":"MultiPolygon","coordinates":[[[[73.47719,32.14179],[73.47538,32.14187],[73.47601,32.1423],[73.47716,32.14309],[73.47719,32.14179]]]]}},{"type":"Feature","properties":{"lu":"Graveyard","ct":"Existing","a":14.112,"nm":"Graveyard Vanike Tarrar"},"geometry":{"type":"MultiPolygon","coordinates":[[[[73.57993,32.21471],[73.57979,32.21459],[73.58201,32.21446],[73.58266,32.21454],[73.58272,32.21439],[73.5829,32.21438],[73.58285,32.21422],[73.58268,32.21421],[73.58176,32.21331],[73.58163,32.21296],[73.58254,32.21271],[73.58216,32.2115],[73.58154,32.21151],[73.58154,32.21222],[73.58099,32.21233],[73.58085,32.21222],[73.58068,32.21299],[73.58023,32.21317],[73.5799,32.21357],[73.57914,32.21408],[73.57993,32.21471]]]]}},{"type":"Feature","properties":{"lu":"Graveyard","ct":"Existing","a":18.615},"geometry":{"type":"MultiPolygon","coordinates":[[[[73.62317,32.1501],[73.62118,32.14941],[73.61979,32.15215],[73.62104,32.15262],[73.62175,32.15128],[73.62245,32.15168],[73.62245,32.15178],[73.62282,32.15203],[73.62302,32.15207],[73.62347,32.15101],[73.62395,32.1511],[73.62427,32.15107],[73.62458,32.15053],[73.62317,32.1501]]]]}},{"type":"Feature","properties":{"lu":"Graveyard","ct":"Existing","a":3.918,"nm":"Graveyard"},"geometry":{"type":"MultiPolygon","coordinates":[[[[73.5756,32.24025],[73.57555,32.24047],[73.57546,32.24045],[73.57546,32.24051],[73.57568,32.24097],[73.57591,32.24112],[73.57657,32.24134],[73.57659,32.24111],[73.57676,32.24114],[73.57673,32.24139],[73.57701,32.24145],[73.57708,32.24099],[73.57729,32.24068],[73.57606,32.24005],[73.5756,32.24025]]]]}},{"type":"Feature","properties":{"lu":"Graveyard","ct":"Existing","a":0.3},"geometry":{"type":"MultiPolygon","coordinates":[[[[73.57464,32.24133],[73.57427,32.24112],[73.57409,32.24138],[73.57455,32.24152],[73.57464,32.24133]]]]}},{"type":"Feature","properties":{"lu":"Graveyard","ct":"Existing","a":20.721},"geometry":{"type":"MultiPolygon","coordinates":[[[[73.56982,32.2101],[73.56998,32.20897],[73.56935,32.20888],[73.56978,32.20755],[73.5702,32.20712],[73.5696,32.207],[73.56957,32.20713],[73.56932,32.20718],[73.56929,32.20688],[73.56919,32.20686],[73.56911,32.20722],[73.56881,32.20722],[73.56881,32.20756],[73.5691,32.20759],[73.56906,32.20819],[73.56884,32.20885],[73.56846,32.20915],[73.56827,32.20947],[73.5682,32.20988],[73.56886,32.21007],[73.56867,32.21042],[73.56827,32.21066],[73.56769,32.21055],[73.56749,32.21173],[73.56823,32.21176],[73.5681,32.21302],[73.56877,32.21308],[73.56937,32.21303],[73.56976,32.21316],[73.57015,32.21265],[73.56941,32.21255],[73.56982,32.2101]]]]}},{"type":"Feature","properties":{"lu":"Park and Open Spaces","ct":"Existing","a":1.881},"geometry":{"type":"MultiPolygon","coordinates":[[[[73.58078,32.21555],[73.58024,32.21635],[73.58106,32.21661],[73.58152,32.21612],[73.58078,32.21555]]]]}},{"type":"Feature","properties":{"lu":"Graveyard","ct":"Existing","a":3.249},"geometry":{"type":"MultiPolygon","coordinates":[[[[73.5891,32.16697],[73.58879,32.1663],[73.58724,32.16686],[73.58749,32.16751],[73.58768,32.16756],[73.5891,32.16697]]]]}},{"type":"Feature","properties":{"lu":"Graveyard","ct":"Existing","a":14.041},"geometry":{"type":"MultiPolygon","coordinates":[[[[73.62864,32.14793],[73.6278,32.14803],[73.6275,32.14798],[73.62738,32.14819],[73.62695,32.14828],[73.626,32.14811],[73.62586,32.14844],[73.62575,32.14849],[73.62479,32.14819],[73.62422,32.1488],[73.62484,32.14907],[73.62557,32.14963],[73.62622,32.14992],[73.62639,32.14939],[73.62674,32.14941],[73.62763,32.14927],[73.62848,32.14967],[73.629,32.14799],[73.62864,32.14793]]]]}},{"type":"Feature","properties":{"lu":"Graveyard","ct":"Existing","a":8.991},"geometry":{"type":"MultiPolygon","coordinates":[[[[73.50393,32.07428],[73.5035,32.07259],[73.50154,32.07281],[73.50201,32.07461],[73.50393,32.07428]]]]}},{"type":"Feature","properties":{"lu":"Graveyard","ct":"Existing","a":1.957},"geometry":{"type":"MultiPolygon","coordinates":[[[[73.60712,32.08412],[73.60715,32.08444],[73.60684,32.08446],[73.60722,32.08533],[73.60788,32.08513],[73.60746,32.08402],[73.60712,32.08412]]]]}},{"type":"Feature","properties":{"lu":"Graveyard","ct":"Existing","a":4.314},"geometry":{"type":"MultiPolygon","coordinates":[[[[73.59119,32.14383],[73.59084,32.14267],[73.58948,32.143],[73.58989,32.14416],[73.59119,32.14383]]]]}},{"type":"Feature","properties":{"lu":"Graveyard","ct":"Existing","a":2.305},"geometry":{"type":"MultiPolygon","coordinates":[[[[73.55793,32.1545],[73.55762,32.1544],[73.55687,32.1547],[73.5567,32.15489],[73.55675,32.15511],[73.55713,32.15537],[73.55731,32.15537],[73.5582,32.15472],[73.55793,32.1545]]]]}},{"type":"Feature","properties":{"lu":"Graveyard","ct":"Existing","a":7.113},"geometry":{"type":"MultiPolygon","coordinates":[[[[73.51186,32.1883],[73.51187,32.1879],[73.50993,32.18808],[73.5102,32.1897],[73.51105,32.18963],[73.51151,32.18947],[73.51172,32.18931],[73.51186,32.1883]]]]}},{"type":"Feature","properties":{"lu":"Graveyard","ct":"Existing","a":12.696},"geometry":{"type":"MultiPolygon","coordinates":[[[[73.48374,32.20135],[73.48339,32.20117],[73.48307,32.20066],[73.48282,32.20041],[73.4821,32.2003],[73.48101,32.20032],[73.48097,32.20055],[73.48087,32.20069],[73.48074,32.20071],[73.48037,32.20133],[73.48126,32.20186],[73.48176,32.2023],[73.48273,32.20276],[73.48294,32.20238],[73.48374,32.20135]]]]}},{"type":"Feature","properties":{"lu":"Graveyard","ct":"Existing","a":2.205},"geometry":{"type":"MultiPolygon","coordinates":[[[[73.50874,32.221],[73.50881,32.2208],[73.50732,32.2199],[73.50699,32.2203],[73.50802,32.22097],[73.50874,32.221]]]]}},{"type":"Feature","properties":{"lu":"Religious Building","ct":"Existing","a":0.018},"geometry":{"type":"MultiPolygon","coordinates":[[[[73.62505,31.95914],[73.62516,31.95917],[73.62517,31.95911],[73.62508,31.95908],[73.62505,31.95914]]]]}},{"type":"Feature","properties":{"lu":"Graveyard","ct":"Existing","a":12.34},"geometry":{"type":"MultiPolygon","coordinates":[[[[73.64762,32.00791],[73.64762,32.0076],[73.64796,32.00761],[73.64787,32.00694],[73.64804,32.0067],[73.64833,32.00661],[73.64809,32.00516],[73.64793,32.00496],[73.64611,32.0051],[73.64621,32.00571],[73.64636,32.00572],[73.64643,32.00608],[73.64671,32.00608],[73.64672,32.00637],[73.64629,32.00639],[73.64662,32.00802],[73.64762,32.00791]]]]}},{"type":"Feature","properties":{"lu":"Graveyard","ct":"Existing","a":8.786},"geometry":{"type":"MultiPolygon","coordinates":[[[[73.67408,32.01763],[73.67408,32.01749],[73.67364,32.01759],[73.6735,32.01673],[73.67294,32.01674],[73.67207,32.01694],[73.67436,32.01949],[73.67449,32.01905],[73.67482,32.0189],[73.67494,32.0184],[73.6751,32.01834],[73.67507,32.01805],[73.67503,32.0179],[73.67476,32.01786],[73.67467,32.01773],[73.67408,32.01763]]]]}},{"type":"Feature","properties":{"lu":"Graveyard","ct":"Existing","a":3.309},"geometry":{"type":"MultiPolygon","coordinates":[[[[73.63162,32.04508],[73.63148,32.0432],[73.63081,32.04324],[73.6309,32.04504],[73.63162,32.04508]]]]}},{"type":"Feature","properties":{"lu":"Graveyard","ct":"Existing","a":0.609},"geometry":{"type":"MultiPolygon","coordinates":[[[[73.64788,32.0438],[73.64776,32.04369],[73.64767,32.04372],[73.64713,32.04415],[73.64792,32.04409],[73.64815,32.04397],[73.64788,32.0438]]]]}},{"type":"Feature","properties":{"lu":"Graveyard","ct":"Existing","a":5.614},"geometry":{"type":"MultiPolygon","coordinates":[[[[73.64242,32.03837],[73.6402,32.03845],[73.64168,32.03972],[73.64264,32.03959],[73.6426,32.03837],[73.64242,32.03837]]]]}},{"type":"Feature","properties":{"lu":"Graveyard","ct":"Existing","a":2.991},"geometry":{"type":"MultiPolygon","coordinates":[[[[73.63056,32.03552],[73.63051,32.03476],[73.63036,32.03476],[73.63036,32.0346],[73.62938,32.03459],[73.62939,32.03512],[73.62906,32.03512],[73.62907,32.03544],[73.62947,32.03541],[73.62949,32.03556],[73.63056,32.03552]]]]}},{"type":"Feature","properties":{"lu":"Graveyard","ct":"Existing","a":32.13},"geometry":{"type":"MultiPolygon","coordinates":[[[[73.60641,32.04018],[73.6073,32.0401],[73.60727,32.03855],[73.60762,32.03856],[73.60757,32.03728],[73.60471,32.03738],[73.60464,32.03684],[73.60394,32.03683],[73.60376,32.03704],[73.6036,32.03708],[73.60348,32.03749],[73.6032,32.03754],[73.60335,32.03835],[73.60349,32.039],[73.60382,32.03889],[73.6038,32.03933],[73.60392,32.03985],[73.60424,32.03989],[73.60431,32.04041],[73.60516,32.04053],[73.60549,32.04086],[73.60602,32.04101],[73.60631,32.04118],[73.60632,32.04031],[73.60641,32.04018]]]]}},{"type":"Feature","properties":{"lu":"Graveyard","ct":"Existing","a":0.037},"geometry":{"type":"MultiPolygon","coordinates":[[[[73.57767,32.02182],[73.577,32.02173],[73.57699,32.02175],[73.5772,32.02178],[73.57761,32.02183],[73.57767,32.02183],[73.57767,32.02182]]]]}},{"type":"Feature","properties":{"lu":"Religious Building","ct":"Existing","a":0.774},"geometry":{"type":"MultiPolygon","coordinates":[[[[73.57936,31.97206],[73.57927,31.97136],[73.5789,31.9714],[73.57883,31.97195],[73.57895,31.97194],[73.57896,31.97207],[73.57936,31.97206]]]]}},{"type":"Feature","properties":{"lu":"Graveyard","ct":"Existing","a":5.947},"geometry":{"type":"MultiPolygon","coordinates":[[[[73.57936,31.97206],[73.57896,31.97207],[73.57895,31.97194],[73.57883,31.97195],[73.5789,31.9714],[73.57766,31.97173],[73.57777,31.97214],[73.57764,31.97231],[73.57782,31.9731],[73.57841,31.97316],[73.57963,31.97269],[73.57936,31.97206]]]]}},{"type":"Feature","properties":{"lu":"Graveyard","ct":"Existing","a":3.101},"geometry":{"type":"MultiPolygon","coordinates":[[[[73.5919,31.99986],[73.59184,31.99919],[73.5911,31.99933],[73.58971,31.99938],[73.58977,31.99992],[73.5919,31.99986]]]]}},{"type":"Feature","properties":{"lu":"Religious Building","ct":"Existing","a":0.061},"geometry":{"type":"MultiPolygon","coordinates":[[[[73.64197,31.97651],[73.64195,31.97637],[73.6418,31.9764],[73.64182,31.97655],[73.64197,31.97651]]]]}},{"type":"Feature","properties":{"lu":"Religious Building","ct":"Existing","a":0.079},"geometry":{"type":"MultiPolygon","coordinates":[[[[73.63561,31.96961],[73.63561,31.96945],[73.63538,31.96952],[73.63539,31.96962],[73.63561,31.96961]]]]}},{"type":"Feature","properties":{"lu":"Religious Building","ct":"Existing","a":0.073},"geometry":{"type":"MultiPolygon","coordinates":[[[[73.64468,31.96486],[73.64451,31.96483],[73.64452,31.96506],[73.64462,31.96505],[73.64468,31.96486]]]]}},{"type":"Feature","properties":{"lu":"Religious Building","ct":"Existing","a":0.009},"geometry":{"type":"MultiPolygon","coordinates":[[[[73.65703,31.94904],[73.65697,31.94904],[73.65697,31.94911],[73.65702,31.9491],[73.65703,31.94904]]]]}},{"type":"Feature","properties":{"lu":"Religious Building","ct":"Existing","a":0.092},"geometry":{"type":"MultiPolygon","coordinates":[[[[73.65394,31.93823],[73.65393,31.93808],[73.65371,31.93809],[73.65372,31.93826],[73.65394,31.93823]]]]}},{"type":"Feature","properties":{"lu":"Graveyard","ct":"Existing","a":0.149},"geometry":{"type":"MultiPolygon","coordinates":[[[[73.65315,31.93846],[73.65312,31.93798],[73.65301,31.93755],[73.65315,31.93846]]],[[[73.65521,31.93808],[73.65515,31.93851],[73.6553,31.93771],[73.65511,31.93769],[73.65524,31.93773],[73.65521,31.93808]]],[[[73.65317,31.93865],[73.65509,31.93884],[73.65509,31.93883],[73.65317,31.93864],[73.65317,31.93865]]]]}},{"type":"Feature","properties":{"lu":"Religious Building","ct":"Existing","a":0.036},"geometry":{"type":"MultiPolygon","coordinates":[[[[73.65108,31.93567],[73.65105,31.9356],[73.65089,31.93561],[73.65089,31.93569],[73.65108,31.93567]]]]}},{"type":"Feature","properties":{"lu":"Religious Building","ct":"Existing","a":0.031},"geometry":{"type":"MultiPolygon","coordinates":[[[[73.65239,31.93537],[73.65239,31.93528],[73.65222,31.93531],[73.65224,31.93538],[73.65239,31.93537]]]]}},{"type":"Feature","properties":{"lu":"Religious Building","ct":"Existing","a":0.076},"geometry":{"type":"MultiPolygon","coordinates":[[[[73.63548,31.91535],[73.63545,31.91518],[73.63531,31.91518],[73.63528,31.91535],[73.63548,31.91535]]]]}},{"type":"Feature","properties":{"lu":"Religious Building","ct":"Existing","a":0.221},"geometry":{"type":"MultiPolygon","coordinates":[[[[73.65839,31.91954],[73.65838,31.91943],[73.65805,31.91944],[73.65806,31.9197],[73.65841,31.91966],[73.65839,31.91954]]]]}},{"type":"Feature","properties":{"lu":"Religious Building","ct":"Existing","a":0.049},"geometry":{"type":"MultiPolygon","coordinates":[[[[73.60695,31.93368],[73.60682,31.93368],[73.60682,31.93384],[73.60693,31.93385],[73.60695,31.93368]]]]}},{"type":"Feature","properties":{"lu":"Religious Building","ct":"Existing","a":0.097},"geometry":{"type":"MultiPolygon","coordinates":[[[[73.60617,31.93376],[73.60596,31.93373],[73.60594,31.93393],[73.60611,31.93394],[73.60617,31.93376]]]]}},{"type":"Feature","properties":{"lu":"Religious Building","ct":"Existing","a":0.023},"geometry":{"type":"MultiPolygon","coordinates":[[[[73.60445,31.93192],[73.60438,31.93192],[73.60438,31.93203],[73.60447,31.93202],[73.60445,31.93192]]]]}},{"type":"Feature","properties":{"lu":"Religious Building","ct":"Existing","a":0.028},"geometry":{"type":"MultiPolygon","coordinates":[[[[73.56088,31.90638],[73.56087,31.9063],[73.56074,31.9063],[73.56074,31.90638],[73.56088,31.90638]]]]}},{"type":"Feature","properties":{"lu":"Religious Building","ct":"Existing","a":0.068},"geometry":{"type":"MultiPolygon","coordinates":[[[[73.56464,31.91428],[73.56448,31.91425],[73.56446,31.91443],[73.56462,31.91443],[73.56464,31.91428]]]]}},{"type":"Feature","properties":{"lu":"Religious Building","ct":"Existing","a":0.246},"geometry":{"type":"MultiPolygon","coordinates":[[[[73.56838,31.90974],[73.5681,31.90972],[73.56808,31.91008],[73.56835,31.91007],[73.56838,31.90974]]]]}},{"type":"Feature","properties":{"lu":"Religious Building","ct":"Existing","a":0.023},"geometry":{"type":"MultiPolygon","coordinates":[[[[73.59526,31.91067],[73.59525,31.91057],[73.59517,31.91058],[73.59517,31.91067],[73.59526,31.91067]]]]}},{"type":"Feature","properties":{"lu":"Religious Building","ct":"Existing","a":0.033},"geometry":{"type":"MultiPolygon","coordinates":[[[[73.6051,31.90389],[73.60495,31.90388],[73.60494,31.90396],[73.60509,31.90398],[73.6051,31.90389]]]]}},{"type":"Feature","properties":{"lu":"Religious Building","ct":"Existing","a":0.051},"geometry":{"type":"MultiPolygon","coordinates":[[[[73.60848,31.8921],[73.60833,31.89208],[73.60832,31.89221],[73.60848,31.89222],[73.60848,31.8921]]]]}},{"type":"Feature","properties":{"lu":"Religious Building","ct":"Existing","a":0.095},"geometry":{"type":"MultiPolygon","coordinates":[[[[73.60754,31.89238],[73.60731,31.89235],[73.60732,31.89253],[73.60752,31.89255],[73.60754,31.89238]]]]}},{"type":"Feature","properties":{"lu":"Graveyard","ct":"Existing","a":13.074},"geometry":{"type":"MultiPolygon","coordinates":[[[[73.60756,31.89408],[73.6085,31.89418],[73.60843,31.89229],[73.60792,31.89212],[73.60782,31.89182],[73.60785,31.89121],[73.60664,31.89082],[73.60654,31.89162],[73.60628,31.89224],[73.60633,31.89261],[73.60669,31.89308],[73.60686,31.89353],[73.60706,31.89353],[73.60713,31.89415],[73.60722,31.89425],[73.60751,31.8943],[73.60756,31.89408]],[[73.60752,31.89255],[73.60732,31.89253],[73.60731,31.89235],[73.60754,31.89238],[73.60752,31.89255]]]]}},{"type":"Feature","properties":{"lu":"Religious Building","ct":"Existing","a":0.011},"geometry":{"type":"MultiPolygon","coordinates":[[[[73.61347,31.88462],[73.61347,31.88458],[73.61343,31.88459],[73.61341,31.88456],[73.61338,31.88456],[73.61339,31.88463],[73.61347,31.88462]]]]}},{"type":"Feature","properties":{"lu":"Religious Building","ct":"Existing","a":0.062},"geometry":{"type":"MultiPolygon","coordinates":[[[[73.60661,31.9034],[73.60644,31.90337],[73.60643,31.90352],[73.60658,31.90354],[73.60661,31.9034]]]]}},{"type":"Feature","properties":{"lu":"Religious Building","ct":"Existing","a":0.058},"geometry":{"type":"MultiPolygon","coordinates":[[[[73.6127,31.9074],[73.61271,31.9073],[73.61249,31.9073],[73.61249,31.9074],[73.6127,31.9074]]]]}},{"type":"Feature","properties":{"lu":"Religious Building","ct":"Existing","a":0.059},"geometry":{"type":"MultiPolygon","coordinates":[[[[73.64118,31.89832],[73.64114,31.89813],[73.64102,31.89816],[73.64103,31.89832],[73.64118,31.89832]]]]}},{"type":"Feature","properties":{"lu":"Religious Building","ct":"Existing","a":0.275},"geometry":{"type":"MultiPolygon","coordinates":[[[[73.68696,31.89516],[73.68659,31.89512],[73.68666,31.89546],[73.68697,31.89546],[73.68696,31.89516]]]]}},{"type":"Feature","properties":{"lu":"Religious Building","ct":"Existing","a":0.035},"geometry":{"type":"MultiPolygon","coordinates":[[[[73.6777,31.91552],[73.67767,31.9154],[73.67758,31.9154],[73.67758,31.91552],[73.6777,31.91552]]]]}},{"type":"Feature","properties":{"lu":"Religious Building","ct":"Existing","a":0.027},"geometry":{"type":"MultiPolygon","coordinates":[[[[73.71902,31.92849],[73.71902,31.92838],[73.71892,31.92838],[73.71893,31.92849],[73.71902,31.92849]]]]}},{"type":"Feature","properties":{"lu":"Religious Building","ct":"Existing","a":0.046},"geometry":{"type":"MultiPolygon","coordinates":[[[[73.69271,31.91967],[73.69258,31.91966],[73.69258,31.91982],[73.69268,31.91982],[73.69271,31.91967]]]]}},{"type":"Feature","properties":{"lu":"Religious Building","ct":"Existing","a":0.067},"geometry":{"type":"MultiPolygon","coordinates":[[[[73.69358,31.91908],[73.6936,31.91923],[73.69377,31.91925],[73.69376,31.91908],[73.69358,31.91908]]]]}},{"type":"Feature","properties":{"lu":"Religious Building","ct":"Existing","a":0.157},"geometry":{"type":"MultiPolygon","coordinates":[[[[73.69897,31.93747],[73.69893,31.93721],[73.6987,31.9373],[73.69871,31.93753],[73.69897,31.93747]]]]}},{"type":"Feature","properties":{"lu":"Graveyard","ct":"Existing","a":2.208},"geometry":{"type":"MultiPolygon","coordinates":[[[[73.70984,31.97199],[73.70985,31.97136],[73.70912,31.9713],[73.70909,31.97147],[73.70871,31.97143],[73.70837,31.97204],[73.70904,31.97209],[73.70907,31.97202],[73.70984,31.97199]]]]}},{"type":"Feature","properties":{"lu":"Graveyard","ct":"Existing","a":12.5},"geometry":{"type":"MultiPolygon","coordinates":[[[[73.70453,31.96368],[73.70523,31.96327],[73.70569,31.96279],[73.70619,31.96251],[73.70616,31.96224],[73.70593,31.96213],[73.70606,31.96038],[73.70456,31.96031],[73.70449,31.96196],[73.70388,31.96195],[73.70391,31.96227],[73.70406,31.96247],[73.70435,31.96257],[73.70426,31.9637],[73.70453,31.96368]]]]}},{"type":"Feature","properties":{"lu":"Religious Building","ct":"Existing","a":0.082},"geometry":{"type":"MultiPolygon","coordinates":[[[[73.69937,31.96321],[73.69935,31.96305],[73.6992,31.96307],[73.69916,31.96327],[73.69937,31.96321]]]]}},{"type":"Feature","properties":{"lu":"Religious Building","ct":"Existing","a":0.199},"geometry":{"type":"MultiPolygon","coordinates":[[[[73.69778,31.96499],[73.69777,31.96464],[73.69754,31.96467],[73.69755,31.96499],[73.69778,31.96499]]]]}},{"type":"Feature","properties":{"lu":"Graveyard","ct":"Existing","a":1.103},"geometry":{"type":"MultiPolygon","coordinates":[[[[73.69856,31.96118],[73.69789,31.96131],[73.69788,31.96188],[73.69837,31.96185],[73.69865,31.96167],[73.69856,31.96118]]]]}},{"type":"Feature","properties":{"lu":"Religious Building","ct":"Existing","a":0.086},"geometry":{"type":"MultiPolygon","coordinates":[[[[73.71046,31.95944],[73.7105,31.9593],[73.71025,31.95935],[73.71023,31.9595],[73.71046,31.95944]]]]}},{"type":"Feature","properties":{"lu":"Religious Building","ct":"Existing","a":0.068},"geometry":{"type":"MultiPolygon","coordinates":[[[[73.71106,31.9615],[73.7109,31.96145],[73.71091,31.96166],[73.71103,31.96165],[73.71106,31.9615]]]]}},{"type":"Feature","properties":{"lu":"Religious Building","ct":"Existing","a":0.003},"geometry":{"type":"MultiPolygon","coordinates":[[[[73.70794,31.96141],[73.70788,31.96142],[73.70787,31.96146],[73.70794,31.96141]]]]}},{"type":"Feature","properties":{"lu":"Graveyard","ct":"Existing","a":0.176},"geometry":{"type":"MultiPolygon","coordinates":[[[[73.70954,31.96052],[73.70919,31.9605],[73.70922,31.96072],[73.70951,31.96071],[73.70954,31.96052]]]]}},{"type":"Feature","properties":{"lu":"Religious Building","ct":"Existing","a":0.075},"geometry":{"type":"MultiPolygon","coordinates":[[[[73.7109,31.9601],[73.71098,31.95999],[73.71067,31.96003],[73.71067,31.96015],[73.7109,31.9601]]]]}},{"type":"Feature","properties":{"lu":"Graveyard","ct":"Existing","a":6.786},"geometry":{"type":"MultiPolygon","coordinates":[[[[73.49232,31.89379],[73.49293,31.8949],[73.49477,31.89332],[73.4941,31.89333],[73.49397,31.8928],[73.49341,31.89296],[73.49308,31.89295],[73.49259,31.8931],[73.49238,31.89349],[73.49232,31.89379]]]]}},{"type":"Feature","properties":{"lu":"Religious Building","ct":"Existing","a":0.219},"geometry":{"type":"MultiPolygon","coordinates":[[[[73.3311,31.996],[73.33109,31.99582],[73.33071,31.99577],[73.33065,31.99601],[73.3311,31.996]]]]}},{"type":"Feature","properties":{"lu":"Graveyard","ct":"Existing","a":21.482},"geometry":{"type":"MultiPolygon","coordinates":[[[[73.42436,32.01846],[73.4245,32.0184],[73.42457,32.01856],[73.42566,32.01816],[73.42591,32.01761],[73.42547,32.01647],[73.42229,32.01729],[73.42194,32.01746],[73.42182,32.01871],[73.42259,32.01987],[73.42454,32.01894],[73.42436,32.01846]]]]}},{"type":"Feature","properties":{"lu":"Graveyard","ct":"Existing","a":4.298},"geometry":{"type":"MultiPolygon","coordinates":[[[[73.4082,32.0171],[73.40917,32.01703],[73.41037,32.01679],[73.41005,32.01642],[73.40984,32.01628],[73.40899,32.01588],[73.40876,32.01589],[73.40849,32.01602],[73.40838,32.01622],[73.4082,32.0171]]]]}},{"type":"Feature","properties":{"lu":"Graveyard","ct":"Existing","a":1.699},"geometry":{"type":"MultiPolygon","coordinates":[[[[73.3884,32.01342],[73.38768,32.01314],[73.38767,32.0134],[73.38776,32.01354],[73.38767,32.01377],[73.388,32.01414],[73.38797,32.01433],[73.38841,32.0143],[73.3884,32.01342]]]]}},{"type":"Feature","properties":{"lu":"Religious Building","ct":"Existing","a":0.006},"geometry":{"type":"MultiPolygon","coordinates":[[[[73.33335,31.98857],[73.33334,31.98853],[73.33329,31.98854],[73.33329,31.98858],[73.33335,31.98857]]]]}},{"type":"Feature","properties":{"lu":"Graveyard","ct":"Existing","a":8.51},"geometry":{"type":"MultiPolygon","coordinates":[[[[73.41635,31.96754],[73.41595,31.96909],[73.41736,31.96914],[73.41771,31.96891],[73.41837,31.96878],[73.4185,31.96764],[73.41635,31.96754]]]]}},{"type":"Feature","properties":{"lu":"Graveyard","ct":"Existing","a":15.667},"geometry":{"type":"MultiPolygon","coordinates":[[[[73.26678,31.94198],[73.26654,31.94164],[73.26608,31.9414],[73.26459,31.94182],[73.26415,31.94187],[73.2639,31.94174],[73.26302,31.94185],[73.26307,31.94194],[73.26294,31.94237],[73.2628,31.9425],[73.26301,31.94365],[73.26383,31.94346],[73.26648,31.94309],[73.26639,31.94241],[73.26668,31.94218],[73.26678,31.94198]]]]}},{"type":"Feature","properties":{"lu":"Religious Building","ct":"Existing","a":0.071},"geometry":{"type":"MultiPolygon","coordinates":[[[[73.27159,31.94393],[73.27147,31.94393],[73.27146,31.94412],[73.27165,31.94411],[73.27159,31.94393]]]]}},{"type":"Feature","properties":{"lu":"Religious Building","ct":"Existing","a":0.068},"geometry":{"type":"MultiPolygon","coordinates":[[[[73.2709,31.94361],[73.27073,31.94361],[73.27073,31.94376],[73.27089,31.94378],[73.2709,31.94361]]]]}},{"type":"Feature","properties":{"lu":"Religious Building","ct":"Existing","a":0.008},"geometry":{"type":"MultiPolygon","coordinates":[[[[73.30062,31.953],[73.30059,31.95295],[73.30055,31.95297],[73.30059,31.95302],[73.30062,31.953]]]]}},{"type":"Feature","properties":{"lu":"Graveyard","ct":"Existing","a":1.3},"geometry":{"type":"MultiPolygon","coordinates":[[[[73.31656,32.0819],[73.31664,32.08178],[73.31691,32.08173],[73.3167,32.08101],[73.31623,32.08111],[73.31612,32.08144],[73.31634,32.08198],[73.31641,32.08202],[73.31656,32.0819]]]]}},{"type":"Feature","properties":{"lu":"Graveyard","ct":"Existing","a":1.182},"geometry":{"type":"MultiPolygon","coordinates":[[[[73.24579,31.96494],[73.24503,31.9641],[73.24486,31.96429],[73.24482,31.96437],[73.24498,31.96463],[73.24489,31.96474],[73.2451,31.96498],[73.24525,31.96503],[73.24579,31.96494]]]]}},{"type":"Feature","properties":{"lu":"Graveyard","ct":"Existing","a":10.958},"geometry":{"type":"MultiPolygon","coordinates":[[[[73.29048,32.01928],[73.29037,32.01889],[73.28935,32.01899],[73.28917,32.01844],[73.28879,32.0181],[73.28845,32.01801],[73.28809,32.01804],[73.2884,32.01988],[73.29001,32.02057],[73.29084,32.02083],[73.29091,32.02035],[73.29109,32.02026],[73.29101,32.01997],[73.29065,32.01973],[73.29048,32.01928]]]]}},{"type":"Feature","properties":{"lu":"Religious Building","ct":"Existing","a":0.818},"geometry":{"type":"MultiPolygon","coordinates":[[[[73.28413,32.00997],[73.28486,32.00999],[73.2848,32.00959],[73.28411,32.00955],[73.28403,32.00995],[73.28413,32.00997]]]]}},{"type":"Feature","properties":{"lu":"Religious Building","ct":"Existing","a":0.033},"geometry":{"type":"MultiPolygon","coordinates":[[[[73.24713,31.96646],[73.24722,31.96658],[73.24729,31.96652],[73.2472,31.96641],[73.24713,31.96646]]]]}},{"type":"Feature","properties":{"lu":"Religious Building","ct":"Existing","a":0.02},"geometry":{"type":"MultiPolygon","coordinates":[[[[73.31695,32.08198],[73.31687,32.08192],[73.31681,32.08197],[73.31689,32.08202],[73.31695,32.08198]]]]}},{"type":"Feature","properties":{"lu":"Graveyard","ct":"Existing","a":3.672},"geometry":{"type":"MultiPolygon","coordinates":[[[[73.4415,32.03292],[73.44163,32.03281],[73.4412,32.03201],[73.44051,32.03214],[73.44009,32.03239],[73.4397,32.03244],[73.4398,32.03296],[73.4405,32.03291],[73.4411,32.0331],[73.44125,32.03326],[73.4415,32.0331],[73.4415,32.03292]]]]}},{"type":"Feature","properties":{"lu":"Graveyard","ct":"Existing","a":5.657},"geometry":{"type":"MultiPolygon","coordinates":[[[[73.42575,32.03994],[73.42597,32.0399],[73.42617,32.03998],[73.42677,32.03971],[73.42755,32.03986],[73.42751,32.03867],[73.42597,32.03869],[73.42545,32.03961],[73.42545,32.03998],[73.42575,32.03994]]]]}},{"type":"Feature","properties":{"lu":"Religious Building","ct":"Existing","a":0.033},"geometry":{"type":"MultiPolygon","coordinates":[[[[73.42438,31.96011],[73.42429,31.96009],[73.42428,31.96023],[73.42438,31.96024],[73.42438,31.96011]]]]}},{"type":"Feature","properties":{"lu":"Religious Building","ct":"Existing","a":0.044},"geometry":{"type":"MultiPolygon","coordinates":[[[[73.37161,31.98707],[73.37183,31.98707],[73.37183,31.98699],[73.37162,31.98699],[73.37161,31.98707]]]]}},{"type":"Feature","properties":{"lu":"Religious Building","ct":"Existing","a":0.367},"geometry":{"type":"MultiPolygon","coordinates":[[[[73.34589,31.97856],[73.34591,31.97822],[73.34546,31.97824],[73.34548,31.97856],[73.34589,31.97856]]]]}},{"type":"Feature","properties":{"lu":"Religious Building","ct":"Existing","a":0.036},"geometry":{"type":"MultiPolygon","coordinates":[[[[73.29276,32.0458],[73.29259,32.04569],[73.29255,32.04575],[73.29272,32.04585],[73.29276,32.0458]]]]}},{"type":"Feature","properties":{"lu":"Religious Building","ct":"Existing","a":0.112},"geometry":{"type":"MultiPolygon","coordinates":[[[[73.35402,31.99086],[73.35375,31.99085],[73.35375,31.99101],[73.35403,31.99101],[73.35402,31.99086]]]]}},{"type":"Feature","properties":{"lu":"Graveyard","ct":"Existing","a":1.097},"geometry":{"type":"MultiPolygon","coordinates":[[[[73.35389,31.99339],[73.35321,31.99352],[73.35321,31.99405],[73.35396,31.99394],[73.35389,31.99339]]]]}},{"type":"Feature","properties":{"lu":"Water Body","ct":"Existing","a":29.887},"geometry":{"type":"MultiPolygon","coordinates":[[[[73.75115,32.1383],[73.74928,32.13762],[73.73575,32.1315],[73.73505,32.13121],[73.73473,32.13117],[73.73538,32.13157],[73.73542,32.1317],[73.73604,32.132],[73.73839,32.13308],[73.7402,32.1338],[73.74652,32.13675],[73.74883,32.13775],[73.75233,32.139],[73.75241,32.13871],[73.75227,32.13862],[73.75115,32.1383]]],[[[73.7654,32.14052],[73.76273,32.14071],[73.76073,32.14057],[73.75722,32.13995],[73.75261,32.13872],[73.75252,32.13905],[73.757,32.14021],[73.75916,32.14068],[73.76094,32.14088],[73.76204,32.14097],[73.76441,32.14094],[73.76705,32.14066],[73.76695,32.14037],[73.7654,32.14052]]],[[[73.77115,32.1392],[73.76949,32.13976],[73.76715,32.14035],[73.76724,32.14063],[73.76734,32.14061],[73.76919,32.14018],[73.77159,32.13938],[73.77142,32.13907],[73.77115,32.1392]]]]}},{"type":"Feature","properties":{"lu":"Graveyard","ct":"Existing","a":28.197},"geometry":{"type":"MultiPolygon","coordinates":[[[[73.36979,32.11677],[73.37046,32.11683],[73.37066,32.11673],[73.37119,32.11669],[73.37123,32.11528],[73.37084,32.11449],[73.37049,32.11421],[73.3702,32.11419],[73.36984,32.11364],[73.36982,32.1133],[73.36971,32.1132],[73.36965,32.11302],[73.36981,32.11302],[73.36979,32.11284],[73.36952,32.11275],[73.36883,32.11228],[73.36846,32.11227],[73.36804,32.114],[73.36757,32.11532],[73.36753,32.11553],[73.36767,32.11601],[73.36835,32.1163],[73.36896,32.1164],[73.36965,32.11689],[73.36979,32.11677]]]]}},{"type":"Feature","properties":{"lu":"Graveyard","ct":"Existing","a":0.157},"geometry":{"type":"MultiPolygon","coordinates":[[[[73.20866,31.92924],[73.20949,31.92962],[73.2099,31.92968],[73.20866,31.92924]]]]}},{"type":"Feature","properties":{"lu":"Water Body","ct":"Existing","a":0.275},"geometry":{"type":"MultiPolygon","coordinates":[[[[73.48188,31.84927],[73.48183,31.84897],[73.48156,31.84898],[73.48159,31.84938],[73.48188,31.84927]]]]}},{"type":"Feature","properties":{"lu":"Graveyard","ct":"Existing","a":1.578},"geometry":{"type":"MultiPolygon","coordinates":[[[[73.53354,31.86002],[73.533,31.86005],[73.53329,31.8611],[73.53311,31.8613],[73.53375,31.86123],[73.53354,31.86002]]]]}},{"type":"Feature","properties":{"lu":"Graveyard","ct":"Existing","a":0.291},"geometry":{"type":"MultiPolygon","coordinates":[[[[73.37269,32.06808],[73.37271,32.06779],[73.37239,32.06782],[73.37232,32.0682],[73.37269,32.06808]]]]}},{"type":"Feature","properties":{"lu":"Grassland","ct":"Existing","a":7.577},"geometry":{"type":"MultiPolygon","coordinates":[[[[73.33017,31.92085],[73.33007,31.92081],[73.33065,31.92219],[73.33102,31.92358],[73.33445,31.92325],[73.33458,31.92316],[73.3334,31.92303],[73.3321,31.92258],[73.33139,31.92217],[73.3309,31.92177],[73.33017,31.92085]]]]}},{"type":"Feature","properties":{"lu":"Grassland","ct":"Existing","a":14.557},"geometry":{"type":"MultiPolygon","coordinates":[[[[73.32939,31.91994],[73.32932,31.91992],[73.32928,31.92085],[73.32916,31.92141],[73.32861,31.92255],[73.32834,31.92293],[73.32756,31.92367],[73.32642,31.92438],[73.32814,31.92402],[73.33064,31.92363],[73.33027,31.92218],[73.32939,31.91994]]]]}},{"type":"Feature","properties":{"lu":"Grassland","ct":"Existing","a":1.738},"geometry":{"type":"MultiPolygon","coordinates":[[[[73.28916,31.93015],[73.28919,31.93011],[73.2868,31.93019],[73.28719,31.93023],[73.28751,31.93045],[73.28764,31.93069],[73.28757,31.93107],[73.28831,31.93048],[73.28863,31.9303],[73.28916,31.93015]]]]}},{"type":"Feature","properties":{"lu":"Grassland","ct":"Existing","a":9.792},"geometry":{"type":"MultiPolygon","coordinates":[[[[73.28481,31.93024],[73.28424,31.93023],[73.28556,31.93208],[73.28571,31.93217],[73.28597,31.93213],[73.28739,31.93108],[73.28751,31.93087],[73.28742,31.93055],[73.28705,31.93034],[73.28481,31.93024]]]]}},{"type":"Feature","properties":{"lu":"Grassland","ct":"Existing","a":8.002},"geometry":{"type":"MultiPolygon","coordinates":[[[[73.28404,31.92846],[73.28332,31.92833],[73.28314,31.92854],[73.28314,31.92868],[73.28391,31.92981],[73.2857,31.92974],[73.286,31.92965],[73.28618,31.9294],[73.28618,31.92918],[73.28596,31.92891],[73.28404,31.92846]]]]}},{"type":"Feature","properties":{"lu":"Park and Open Spaces","ct":"Existing","a":0.065},"geometry":{"type":"MultiPolygon","coordinates":[[[[73.26192,31.77049],[73.2618,31.7703],[73.26158,31.77042],[73.26192,31.77049]]]]}},{"type":"Feature","properties":{"lu":"Park and Open Spaces","ct":"Existing","a":0.08},"geometry":{"type":"MultiPolygon","coordinates":[[[[73.26213,31.7702],[73.26222,31.77008],[73.26192,31.77023],[73.26206,31.77043],[73.26213,31.7702]]]]}},{"type":"Feature","properties":{"lu":"Grassland","ct":"Existing","a":3.202},"geometry":{"type":"MultiPolygon","coordinates":[[[[73.28635,31.92892],[73.28606,31.92883],[73.28627,31.92907],[73.28632,31.92937],[73.28621,31.9296],[73.28589,31.92985],[73.28909,31.92975],[73.28824,31.92966],[73.28635,31.92892]]]]}},{"type":"Feature","properties":{"lu":"Water Body","ct":"Existing","a":3148.736,"nm":"Hide"},"geometry":{"type":"MultiPolygon","coordinates":[[[[73.35736,32.13002],[73.35699,32.12972],[73.3563,32.1288],[73.35601,32.12823],[73.35561,32.12779],[73.35524,32.12694],[73.35441,32.1257],[73.35342,32.12488],[73.35179,32.12409],[73.35147,32.12414],[73.35128,32.12406],[73.35118,32.12392],[73.35081,32.1238],[73.3495,32.12307],[73.34628,32.12094],[73.34441,32.11993],[73.34338,32.11901],[73.3406,32.11732],[73.33948,32.11653],[73.33896,32.11577],[73.33457,32.11331],[73.33392,32.11308],[73.33247,32.11237],[73.32867,32.1114],[73.32815,32.11117],[73.32656,32.11088],[73.32407,32.11015],[73.32263,32.10998],[73.32243,32.11004],[73.32145,32.11005],[73.32092,32.10989],[73.31963,32.10985],[73.31816,32.10932],[73.31691,32.10919],[73.31685,32.10905],[73.31689,32.10877],[73.31712,32.10864],[73.31765,32.1087],[73.31769,32.10857],[73.31745,32.10845],[73.31833,32.10856],[73.31829,32.10764],[73.31805,32.10731],[73.31787,32.10718],[73.31804,32.10694],[73.31808,32.10666],[73.31845,32.10668],[73.31853,32.10583],[73.31913,32.10534],[73.31863,32.10483],[73.31852,32.1042],[73.31836,32.10382],[73.31709,32.10258],[73.31657,32.10229],[73.31671,32.10203],[73.31701,32.10182],[73.3165,32.10171],[73.31612,32.1018],[73.316,32.10192],[73.3152,32.10194],[73.31482,32.10213],[73.3126,32.10263],[73.31205,32.10259],[73.31112,32.10226],[73.31151,32.10176],[73.30985,32.10058],[73.30892,32.10163],[73.30832,32.10129],[73.30793,32.10169],[73.30677,32.10076],[73.30666,32.10053],[73.30685,32.10037],[73.30721,32.10064],[73.30738,32.1004],[73.3071,32.10013],[73.30694,32.09956],[73.307,32.09949],[73.30677,32.09915],[73.30656,32.099],[73.30669,32.09887],[73.30622,32.09853],[73.30616,32.09866],[73.30589,32.09874],[73.30578,32.09803],[73.306,32.09774],[73.30596,32.09761],[73.30575,32.09751],[73.30555,32.09701],[73.30471,32.09561],[73.30448,32.09505],[73.30428,32.0949],[73.30427,32.09473],[73.30338,32.09413],[73.30032,32.09298],[73.29964,32.09281],[73.29906,32.09273],[73.29844,32.09283],[73.29664,32.09237],[73.29605,32.09232],[73.29523,32.09202],[73.29467,32.09168],[73.29424,32.09207],[73.29367,32.09178],[73.29343,32.09198],[73.29262,32.09208],[73.29182,32.09298],[73.29156,32.09345],[73.29029,32.09396],[73.28842,32.09487],[73.288,32.09465],[73.28765,32.09528],[73.28731,32.09568],[73.28481,32.09757],[73.28331,32.09773],[73.28207,32.09753],[73.28157,32.09713],[73.28117,32.09638],[73.28108,32.09583],[73.28193,32.09635],[73.28269,32.09551],[73.28213,32.09502],[73.28205,32.09471],[73.28171,32.09293],[73.28206,32.09137],[73.28171,32.09042],[73.28154,32.08944],[73.28133,32.08878],[73.28072,32.08822],[73.28016,32.08755],[73.27927,32.08696],[73.27892,32.08637],[73.27685,32.08431],[73.27592,32.08373],[73.27543,32.08362],[73.27455,32.08298],[73.27418,32.08258],[73.27355,32.0821],[73.27304,32.08147],[73.27251,32.08108],[73.2714,32.07932],[73.2695,32.07719],[73.26901,32.07563],[73.26883,32.0742],[73.26822,32.07319],[73.26757,32.07257],[73.26695,32.07208],[73.26607,32.07161],[73.26517,32.07086],[73.26423,32.0705],[73.26394,32.0703],[73.26327,32.06951],[73.26188,32.06857],[73.25977,32.06763],[73.25881,32.06711],[73.25753,32.06659],[73.25656,32.06601],[73.25597,32.06728],[73.25527,32.06979],[73.25531,32.07055],[73.2555,32.071],[73.25641,32.07178],[73.25904,32.072],[73.26019,32.07262],[73.26125,32.07389],[73.26156,32.07486],[73.26164,32.07583],[73.26093,32.07866],[73.26082,32.0803],[73.26139,32.08249],[73.26307,32.08446],[73.26491,32.08581],[73.26543,32.08652],[73.26566,32.08712],[73.2659,32.08752],[73.26794,32.09045],[73.26961,32.09191],[73.27149,32.09323],[73.2799,32.09688],[73.28103,32.09753],[73.28168,32.09835],[73.28334,32.10137],[73.28461,32.10279],[73.28645,32.10382],[73.29762,32.1079],[73.30407,32.11183],[73.30529,32.11289],[73.30604,32.11379],[73.30661,32.11552],[73.30696,32.11703],[73.30718,32.12027],[73.30803,32.12211],[73.30916,32.12261],[73.30933,32.12193],[73.31946,32.12386],[73.34493,32.13543],[73.36066,32.14428],[73.36069,32.14364],[73.36033,32.14255],[73.35962,32.14196],[73.35949,32.13751],[73.35995,32.13631],[73.35964,32.13454],[73.35905,32.13347],[73.35788,32.13057],[73.35736,32.13002]],[[73.31354,32.10952],[73.31225,32.10942],[73.31171,32.10925],[73.31114,32.1092],[73.30733,32.10851],[73.30681,32.10823],[73.30606,32.10825],[73.30516,32.10806],[73.303,32.10792],[73.30117,32.10756],[73.29996,32.10752],[73.29689,32.10649],[73.29485,32.10511],[73.29439,32.10513],[73.29412,32.105],[73.29292,32.10488],[73.29219,32.10386],[73.29158,32.1034],[73.2906,32.10305],[73.28887,32.10184],[73.28806,32.10096],[73.28826,32.10063],[73.2873,32.09997],[73.28609,32.09977],[73.2858,32.09965],[73.28558,32.09989],[73.28496,32.09969],[73.28558,32.0988],[73.28526,32.09858],[73.28594,32.09804],[73.2864,32.09779],[73.28673,32.09787],[73.28843,32.09582],[73.28901,32.09523],[73.29209,32.09407],[73.29241,32.09403],[73.29318,32.09459],[73.29373,32.09417],[73.29357,32.09325],[73.29492,32.09302],[73.29722,32.09318],[73.2983,32.09333],[73.29911,32.09359],[73.30211,32.09484],[73.30331,32.09555],[73.30392,32.09605],[73.30433,32.09659],[73.30519,32.09811],[73.30555,32.09889],[73.30553,32.09938],[73.30571,32.09985],[73.3063,32.10082],[73.30664,32.10127],[73.30771,32.1022],[73.30897,32.10298],[73.30949,32.10323],[73.31013,32.10338],[73.31335,32.1033],[73.31418,32.10295],[73.31463,32.10291],[73.31571,32.10321],[73.31698,32.10409],[73.31706,32.10456],[73.31745,32.1054],[73.31737,32.10618],[73.31687,32.10719],[73.31677,32.10764],[73.31631,32.1083],[73.31627,32.10857],[73.31642,32.10912],[73.31452,32.10901],[73.31368,32.10923],[73.31354,32.10952]]]]}},{"type":"Feature","properties":{"lu":"Religious Building","ct":"Existing","a":0.1},"geometry":{"type":"MultiPolygon","coordinates":[[[[73.21607,31.93465],[73.21589,31.93466],[73.21589,31.93489],[73.21605,31.93488],[73.21607,31.93465]]]]}},{"type":"Feature","properties":{"lu":"Graveyard","ct":"Existing","a":3.423},"geometry":{"type":"MultiPolygon","coordinates":[[[[73.2103,31.91832],[73.21108,31.91804],[73.21108,31.91798],[73.2099,31.91712],[73.20908,31.91787],[73.20963,31.91827],[73.21014,31.91818],[73.21019,31.91836],[73.2103,31.91832]]]]}},{"type":"Feature","properties":{"lu":"Graveyard","ct":"Existing","a":0.05},"geometry":{"type":"MultiPolygon","coordinates":[[[[73.20167,31.91516],[73.20163,31.91553],[73.20115,31.9155],[73.20114,31.91557],[73.20164,31.91555],[73.20167,31.91516]]],[[[73.20234,31.91617],[73.20238,31.9162],[73.20237,31.91612],[73.20234,31.91617]]]]}},{"type":"Feature","properties":{"lu":"Religious Building","ct":"Existing","a":0.207},"geometry":{"type":"MultiPolygon","coordinates":[[[[73.19427,31.90176],[73.19396,31.90161],[73.19384,31.90181],[73.19411,31.90196],[73.19427,31.90176]]]]}},{"type":"Feature","properties":{"lu":"Graveyard","ct":"Existing","a":5.864},"geometry":{"type":"MultiPolygon","coordinates":[[[[73.22502,31.93319],[73.22462,31.93186],[73.22274,31.93212],[73.22288,31.93262],[73.2233,31.93268],[73.22367,31.93307],[73.22376,31.93343],[73.22502,31.93319]]]]}},{"type":"Feature","properties":{"lu":"Graveyard","ct":"Existing","a":0.17},"geometry":{"type":"MultiPolygon","coordinates":[[[[73.26633,31.88602],[73.26626,31.88588],[73.26591,31.88586],[73.26591,31.88605],[73.26633,31.88602]]]]}},{"type":"Feature","properties":{"lu":"Religious Building","ct":"Existing","a":0.012},"geometry":{"type":"MultiPolygon","coordinates":[[[[73.45076,31.84726],[73.45076,31.84712],[73.45073,31.84712],[73.45073,31.84727],[73.45076,31.84726]]]]}},{"type":"Feature","properties":{"lu":"Religious Building","ct":"Existing","a":0.049},"geometry":{"type":"MultiPolygon","coordinates":[[[[73.52841,31.88257],[73.5284,31.88245],[73.52824,31.88247],[73.52824,31.88258],[73.52841,31.88257]]]]}},{"type":"Feature","properties":{"lu":"Religious Building","ct":"Existing","a":0.033},"geometry":{"type":"MultiPolygon","coordinates":[[[[73.51882,31.8979],[73.51881,31.89779],[73.5187,31.89779],[73.51871,31.89791],[73.51882,31.8979]]]]}},{"type":"Feature","properties":{"lu":"Water Body","ct":"Existing","a":1.312},"geometry":{"type":"MultiPolygon","coordinates":[[[[73.56026,32.20495],[73.55952,32.20473],[73.55908,32.20534],[73.5598,32.20552],[73.55982,32.20536],[73.56005,32.20531],[73.55999,32.20511],[73.56025,32.20513],[73.56026,32.20495]]]]}},{"type":"Feature","properties":{"lu":"Water Body","ct":"Existing","a":0.033},"geometry":{"type":"MultiPolygon","coordinates":[[[[73.49322,32.05315],[73.49304,32.05324],[73.49329,32.05313],[73.49399,32.05282],[73.49322,32.05315]]],[[[73.49133,32.054],[73.49156,32.05391],[73.49208,32.05368],[73.49171,32.05383],[73.49133,32.054]]],[[[73.4872,32.05583],[73.48798,32.05548],[73.48777,32.05557],[73.4872,32.05583]]]]}},{"type":"Feature","properties":{"lu":"Water Body","ct":"Existing","a":0.27},"geometry":{"type":"MultiPolygon","coordinates":[[[[73.47897,32.05944],[73.47739,32.06008],[73.48073,32.05865],[73.47897,32.05944]]],[[[73.47696,32.06023],[73.47654,32.06036],[73.47671,32.06032],[73.47696,32.06023]]],[[[73.47231,32.06108],[73.47158,32.06117],[73.47446,32.06084],[73.47521,32.06067],[73.47231,32.06108]]],[[[73.47052,32.06136],[73.47181,32.06122],[73.47228,32.06117],[73.47204,32.06119],[73.47073,32.06134],[73.47052,32.06136]]],[[[73.46508,32.06193],[73.46531,32.0619],[73.46454,32.06199],[73.46424,32.06202],[73.46508,32.06193]]],[[[73.46181,32.06231],[73.46167,32.06232],[73.46382,32.06207],[73.46181,32.06231]]],[[[73.46018,32.06249],[73.46038,32.06248],[73.46083,32.06243],[73.46032,32.06248],[73.46018,32.06249]]],[[[73.460194,32.062586],[73.460188,32.062585],[73.460188,32.062587],[73.460194,32.062586]]]]}},{"type":"Feature","properties":{"lu":"Graveyard","ct":"Existing","a":17.72},"geometry":{"type":"MultiPolygon","coordinates":[[[[73.45684,32.05816],[73.4569,32.05738],[73.45772,32.0573],[73.45773,32.05699],[73.45727,32.05694],[73.45726,32.05657],[73.45708,32.05652],[73.45722,32.05626],[73.4563,32.05623],[73.4562,32.05603],[73.45571,32.05582],[73.45485,32.05575],[73.45378,32.05578],[73.45444,32.05821],[73.45684,32.05816]]]]}},{"type":"Feature","properties":{"lu":"Graveyard","ct":"Existing","a":2.508},"geometry":{"type":"MultiPolygon","coordinates":[[[[73.49201,32.06498],[73.49184,32.06486],[73.49185,32.06478],[73.492,32.06475],[73.49188,32.06433],[73.49159,32.06418],[73.49114,32.06441],[73.49056,32.06491],[73.49022,32.06504],[73.4903,32.06513],[73.4906,32.06506],[73.49149,32.06512],[73.4918,32.06497],[73.4919,32.06504],[73.49183,32.0651],[73.492,32.06514],[73.49206,32.06528],[73.49237,32.0652],[73.49232,32.06511],[73.49208,32.06514],[73.49201,32.06498]]]]}},{"type":"Feature","properties":{"lu":"Water Body","ct":"Existing","a":1.462},"geometry":{"type":"MultiPolygon","coordinates":[[[[73.47929,32.03217],[73.47885,32.03218],[73.47838,32.03235],[73.47844,32.03271],[73.47891,32.03321],[73.47929,32.03217]]]]}},{"type":"Feature","properties":{"lu":"Religious Building","ct":"Existing","a":1.398},"geometry":{"type":"MultiPolygon","coordinates":[[[[73.48225,32.0726],[73.48239,32.07248],[73.48248,32.07254],[73.48311,32.07237],[73.48264,32.07218],[73.48152,32.07199],[73.48137,32.07204],[73.48202,32.07265],[73.48225,32.0726]]]]}},{"type":"Feature","properties":{"lu":"Graveyard","ct":"Existing","a":9.692},"geometry":{"type":"MultiPolygon","coordinates":[[[[73.48385,32.06991],[73.4823,32.07117],[73.48123,32.07191],[73.48133,32.072],[73.48148,32.07194],[73.48264,32.07216],[73.48312,32.07233],[73.48349,32.07228],[73.48383,32.07192],[73.48409,32.07189],[73.48422,32.07158],[73.48418,32.07137],[73.48435,32.07065],[73.48424,32.07037],[73.48385,32.06991]]]]}},{"type":"Feature","properties":{"lu":"Water Body","ct":"Existing","a":0.809},"geometry":{"type":"MultiPolygon","coordinates":[[[[73.49243,32.04616],[73.4922,32.04587],[73.4919,32.04591],[73.49175,32.04606],[73.49183,32.04645],[73.49247,32.04636],[73.49243,32.04616]]]]}},{"type":"Feature","properties":{"lu":"Park and Open Spaces","ct":"Existing","a":0.102},"geometry":{"type":"MultiPolygon","coordinates":[[[[73.46583,32.05901],[73.46568,32.05902],[73.46571,32.05925],[73.46585,32.05923],[73.46583,32.05901]]]]}},{"type":"Feature","properties":{"lu":"Religious Building","ct":"Existing","a":0.073},"geometry":{"type":"MultiPolygon","coordinates":[[[[73.4568,32.04081],[73.45657,32.0408],[73.45657,32.04093],[73.45679,32.04093],[73.4568,32.04081]]]]}},{"type":"Feature","properties":{"lu":"Religious Building","ct":"Existing","a":0.041},"geometry":{"type":"MultiPolygon","coordinates":[[[[73.47808,32.03273],[73.47806,32.03254],[73.478,32.03254],[73.478,32.03274],[73.47808,32.03273]]]]}},{"type":"Feature","properties":{"lu":"Graveyard","ct":"Existing","a":0.258},"geometry":{"type":"MultiPolygon","coordinates":[[[[73.47639,32.0352],[73.47642,32.03488],[73.47608,32.0349],[73.47608,32.0352],[73.47639,32.0352]]]]}},{"type":"Feature","properties":{"lu":"Graveyard","ct":"Existing","a":2.859},"geometry":{"type":"MultiPolygon","coordinates":[[[[73.47608,32.0352],[73.47608,32.0349],[73.47642,32.03488],[73.47503,32.03408],[73.475,32.0342],[73.47468,32.03422],[73.47468,32.03436],[73.47478,32.03435],[73.47479,32.03447],[73.47496,32.03445],[73.47497,32.03463],[73.47486,32.03465],[73.47484,32.03489],[73.47489,32.0351],[73.475,32.0351],[73.47501,32.03527],[73.47608,32.0352]]]]}},{"type":"Feature","properties":{"lu":"Graveyard","ct":"Existing","a":1.703},"geometry":{"type":"MultiPolygon","coordinates":[[[[73.47651,32.03405],[73.47496,32.03402],[73.47643,32.03485],[73.47655,32.03457],[73.47651,32.03405]]]]}},{"type":"Feature","properties":{"lu":"Religious Building","ct":"Existing","a":0.084},"geometry":{"type":"MultiPolygon","coordinates":[[[[73.50098,32.05717],[73.50101,32.05735],[73.50115,32.05737],[73.50111,32.05713],[73.50098,32.05717]]]]}},{"type":"Feature","properties":{"lu":"Water Body","ct":"Existing","a":0.282},"geometry":{"type":"MultiPolygon","coordinates":[[[[73.50192,32.0612],[73.50185,32.0608],[73.50158,32.06077],[73.50169,32.06124],[73.50192,32.0612]]]]}},{"type":"Feature","properties":{"lu":"Religious Building","ct":"Existing","a":0.116},"geometry":{"type":"MultiPolygon","coordinates":[[[[73.49207,32.06475],[73.49185,32.06478],[73.49184,32.06486],[73.49201,32.06498],[73.49216,32.06491],[73.49207,32.06475]]]]}},{"type":"Feature","properties":{"lu":"Religious Building","ct":"Existing","a":0.125},"geometry":{"type":"MultiPolygon","coordinates":[[[[73.50217,32.06676],[73.50232,32.06675],[73.50226,32.06655],[73.50202,32.06661],[73.50202,32.06676],[73.50217,32.06676]]]]}},{"type":"Feature","properties":{"lu":"Religious Building","ct":"Existing","a":0.085},"geometry":{"type":"MultiPolygon","coordinates":[[[[73.48753,32.05904],[73.48737,32.05903],[73.48736,32.05924],[73.48752,32.05925],[73.48753,32.05904]]]]}},{"type":"Feature","properties":{"lu":"Religious Building","ct":"Existing","a":0.026},"geometry":{"type":"MultiPolygon","coordinates":[[[[73.48314,32.06688],[73.48306,32.06692],[73.48306,32.06702],[73.48315,32.06702],[73.48314,32.06688]]]]}},{"type":"Feature","properties":{"lu":"Religious Building","ct":"Existing","a":0.102},"geometry":{"type":"MultiPolygon","coordinates":[[[[73.48429,32.06723],[73.48416,32.06703],[73.48403,32.06709],[73.48403,32.06725],[73.48429,32.06723]]]]}},{"type":"Feature","properties":{"lu":"Religious Building","ct":"Existing","a":0.088},"geometry":{"type":"MultiPolygon","coordinates":[[[[73.47968,32.07213],[73.47951,32.07212],[73.4795,32.07232],[73.47969,32.07232],[73.47968,32.07213]]]]}},{"type":"Feature","properties":{"lu":"Water Body","ct":"Existing","a":0.323},"geometry":{"type":"MultiPolygon","coordinates":[[[[73.57817,32.19804],[73.57915,32.19866],[73.57751,32.19763],[73.57817,32.19804]]],[[[73.5838,32.20126],[73.5809,32.19988],[73.583,32.20094],[73.58417,32.20145],[73.5838,32.20126]]],[[[73.58417,32.20132],[73.58417,32.20131],[73.5836,32.20108],[73.58373,32.20113],[73.58417,32.20132]]]]}},{"type":"Feature","properties":{"lu":"Transport Terminal","ct":"Existing","a":0.037},"geometry":{"type":"MultiPolygon","coordinates":[[[[73.50118,32.06048],[73.50109,32.06049],[73.50111,32.06054],[73.5013,32.06056],[73.50128,32.06046],[73.50118,32.06048]]]]}},{"type":"Feature","properties":{"lu":"Religious Building","ct":"Existing","a":0.036},"geometry":{"type":"MultiPolygon","coordinates":[[[[73.50129,32.06074],[73.50119,32.06073],[73.5012,32.06089],[73.50128,32.06089],[73.50129,32.06074]]]]}},{"type":"Feature","properties":{"lu":"Religious Building","ct":"Existing","a":0.185,"nm":"Janaz Gah"},"geometry":{"type":"MultiPolygon","coordinates":[[[[73.75334,31.95135],[73.75298,31.95135],[73.75298,31.95155],[73.75334,31.95155],[73.75334,31.95135]]]]}},{"type":"Feature","properties":{"lu":"Religious Building","ct":"Existing","a":1.988},"geometry":{"type":"MultiPolygon","coordinates":[[[[73.45779,32.13234],[73.45711,32.13231],[73.45711,32.13313],[73.45807,32.13314],[73.45811,32.13251],[73.45779,32.13234]]]]}},{"type":"Feature","properties":{"lu":"Graveyard","ct":"Existing","a":4.979},"geometry":{"type":"MultiPolygon","coordinates":[[[[73.48356,32.1476],[73.48242,32.14685],[73.48207,32.14869],[73.48278,32.14877],[73.48289,32.14851],[73.48356,32.14858],[73.48356,32.1476]]]]}},{"type":"Feature","properties":{"lu":"Grassland","ct":"Existing","a":169.464},"geometry":{"type":"MultiPolygon","coordinates":[[[[73.78621,31.97003],[73.78581,31.97216],[73.78535,31.97747],[73.78549,31.97796],[73.78534,31.97888],[73.78539,31.9813],[73.78513,31.98507],[73.7851,31.98686],[73.78479,31.99073],[73.78389,31.99533],[73.78261,31.99927],[73.77964,32.0074],[73.77816,32.01173],[73.77432,32.02205],[73.77085,32.03181],[73.77107,32.03187],[73.77161,32.03191],[73.77183,32.03185],[73.77219,32.03159],[73.77212,32.03146],[73.77215,32.03117],[73.77245,32.03065],[73.77371,32.0269],[73.77409,32.026],[73.77433,32.02503],[73.77485,32.02349],[73.77492,32.02296],[73.77543,32.02192],[73.77608,32.02103],[73.77607,32.02083],[73.77615,32.02072],[73.77601,32.02011],[73.77607,32.01984],[73.77639,32.01966],[73.77666,32.01894],[73.77654,32.01873],[73.77659,32.01849],[73.77717,32.01671],[73.77736,32.01666],[73.77749,32.01634],[73.77741,32.01598],[73.77757,32.01589],[73.77775,32.0152],[73.77805,32.01517],[73.77813,32.01432],[73.77804,32.01394],[73.77825,32.01371],[73.77861,32.01248],[73.77855,32.01174],[73.77866,32.01101],[73.77871,32.01093],[73.77926,32.01121],[73.77941,32.01103],[73.77942,32.01062],[73.77959,32.01038],[73.77967,32.0096],[73.77985,32.009],[73.78024,32.00854],[73.78049,32.00775],[73.78074,32.00765],[73.78068,32.0072],[73.78084,32.00683],[73.781,32.00668],[73.78099,32.00641],[73.78115,32.00625],[73.78104,32.00623],[73.78123,32.0057],[73.78148,32.00552],[73.78142,32.00535],[73.78155,32.00495],[73.78169,32.0049],[73.78167,32.00465],[73.78179,32.00426],[73.78218,32.00374],[73.78242,32.00325],[73.78227,32.00274],[73.78318,32.00064],[73.78317,32.0004],[73.78271,31.99997],[73.78258,31.99968],[73.78282,31.99953],[73.78298,31.99961],[73.78314,31.99993],[73.78313,31.99965],[73.78352,31.99954],[73.78365,31.99893],[73.78388,31.99875],[73.78401,31.99788],[73.7843,31.99728],[73.78452,31.99582],[73.7848,31.99562],[73.78498,31.99511],[73.78489,31.99454],[73.78518,31.99387],[73.78518,31.99312],[73.78538,31.99281],[73.78562,31.99151],[73.78558,31.9911],[73.7857,31.9909],[73.7857,31.99064],[73.78561,31.99044],[73.78574,31.99011],[73.78595,31.98893],[73.78605,31.98714],[73.78601,31.98662],[73.78621,31.98583],[73.7861,31.98526],[73.78616,31.98475],[73.78604,31.98447],[73.78597,31.98359],[73.78619,31.98288],[73.78609,31.98107],[73.78624,31.98093],[73.78636,31.98051],[73.78658,31.97828],[73.78664,31.97598],[73.7864,31.97596],[73.7869,31.97139],[73.78708,31.97084],[73.78707,31.9703],[73.78716,31.97009],[73.78725,31.96931],[73.78814,31.96494],[73.78781,31.9648],[73.78731,31.96407],[73.78621,31.97003]]]]}},{"type":"Feature","properties":{"lu":"Grassland","ct":"Existing","a":126.569},"geometry":{"type":"MultiPolygon","coordinates":[[[[73.75662,32.08055],[73.75675,32.07874],[73.75698,32.07851],[73.75723,32.07867],[73.75719,32.07666],[73.75728,32.07637],[73.75712,32.0762],[73.75715,32.07574],[73.7573,32.07538],[73.7577,32.07542],[73.75779,32.07525],[73.75786,32.07492],[73.7578,32.07427],[73.75856,32.07421],[73.75852,32.0736],[73.75886,32.07354],[73.75883,32.0727],[73.75805,32.07268],[73.75797,32.07201],[73.7583,32.07153],[73.7585,32.07086],[73.75845,32.07027],[73.7587,32.0688],[73.75881,32.06866],[73.7589,32.06716],[73.75903,32.06712],[73.7593,32.06669],[73.75954,32.06572],[73.75994,32.06557],[73.7599,32.06519],[73.76005,32.06444],[73.75972,32.06413],[73.7596,32.06365],[73.76018,32.06367],[73.76034,32.06356],[73.76078,32.06213],[73.76096,32.06205],[73.76101,32.06178],[73.76117,32.06174],[73.76122,32.06153],[73.76107,32.06134],[73.76106,32.06113],[73.76125,32.06103],[73.76131,32.06011],[73.76152,32.05999],[73.76159,32.05958],[73.76184,32.05931],[73.76194,32.05862],[73.76212,32.05867],[73.76231,32.05843],[73.76238,32.05777],[73.76256,32.05761],[73.76278,32.05708],[73.76311,32.05583],[73.76351,32.05507],[73.7638,32.05408],[73.76408,32.05366],[73.76483,32.05178],[73.76503,32.05077],[73.76539,32.05034],[73.76558,32.04972],[73.76583,32.04837],[73.76616,32.04763],[73.76626,32.0469],[73.76639,32.04672],[73.76675,32.04574],[73.76698,32.04563],[73.76707,32.04535],[73.76741,32.04534],[73.76762,32.04466],[73.76764,32.04424],[73.76733,32.04418],[73.76736,32.04394],[73.76748,32.04364],[73.76776,32.04347],[73.76852,32.04145],[73.76882,32.0413],[73.76891,32.04084],[73.76886,32.04073],[73.76869,32.0407],[73.76875,32.04038],[73.76913,32.03927],[73.76926,32.03913],[73.76959,32.03903],[73.76958,32.03872],[73.76995,32.03709],[73.77027,32.03695],[73.77043,32.03652],[73.77039,32.03638],[73.77024,32.03627],[73.77061,32.03553],[73.77119,32.03356],[73.77139,32.03303],[73.77174,32.03246],[73.77189,32.03193],[73.77151,32.03203],[73.77082,32.03191],[73.76584,32.04554],[73.7638,32.0517],[73.75878,32.06515],[73.75723,32.07186],[73.75576,32.0805],[73.75659,32.08077],[73.75662,32.08055]]]]}},{"type":"Feature","properties":{"lu":"Graveyard","ct":"Existing","a":3.295},"geometry":{"type":"MultiPolygon","coordinates":[[[[73.80079,32.03975],[73.80001,32.03827],[73.7999,32.03823],[73.79949,32.03865],[73.79916,32.03877],[73.80039,32.04008],[73.80079,32.03975]]]]}},{"type":"Feature","properties":{"lu":"Water Body","ct":"Existing","a":0.023},"geometry":{"type":"MultiPolygon","coordinates":[[[[73.65605,32.00281],[73.65611,32.00277],[73.65604,32.00269],[73.65599,32.00273],[73.65605,32.00281]]]]}},{"type":"Feature","properties":{"lu":"Graveyard","ct":"Existing","a":14.297},"geometry":{"type":"MultiPolygon","coordinates":[[[[73.44828,31.93064],[73.44815,31.93007],[73.44755,31.93017],[73.44761,31.93051],[73.4475,31.93065],[73.44621,31.93103],[73.44627,31.93122],[73.44623,31.93136],[73.44607,31.93143],[73.44609,31.93171],[73.44655,31.93202],[73.44702,31.93268],[73.44865,31.93288],[73.44897,31.93233],[73.44895,31.93197],[73.44915,31.93149],[73.44909,31.93104],[73.44898,31.93069],[73.44828,31.93064]]]]}},{"type":"Feature","properties":{"lu":"Graveyard","ct":"Existing","a":27.282},"geometry":{"type":"MultiPolygon","coordinates":[[[[73.47375,31.9551],[73.47388,31.95466],[73.47475,31.9527],[73.47415,31.95264],[73.47409,31.95254],[73.4742,31.95236],[73.47411,31.9521],[73.47271,31.95237],[73.47259,31.95211],[73.47215,31.95214],[73.47209,31.95188],[73.47145,31.95208],[73.47082,31.95214],[73.47052,31.95232],[73.47062,31.95334],[73.4711,31.95331],[73.47122,31.95366],[73.47076,31.95374],[73.47087,31.95395],[73.47095,31.95391],[73.47104,31.95403],[73.47119,31.95462],[73.47092,31.95468],[73.47117,31.95509],[73.47142,31.95507],[73.47172,31.95566],[73.47375,31.9551]]]]}},{"type":"Feature","properties":{"lu":"Graveyard","ct":"Existing","a":34.811},"geometry":{"type":"MultiPolygon","coordinates":[[[[73.50448,31.98183],[73.5045,31.98153],[73.4996,31.98228],[73.50012,31.98525],[73.50283,31.98529],[73.50296,31.98488],[73.50309,31.98478],[73.50335,31.98414],[73.50465,31.98249],[73.50448,31.98183]]]]}},{"type":"Feature","properties":{"lu":"Graveyard","ct":"Existing","a":3.544},"geometry":{"type":"MultiPolygon","coordinates":[[[[73.49168,31.98037],[73.49217,31.97966],[73.49182,31.97976],[73.49161,31.97969],[73.49095,31.97978],[73.49101,31.98026],[73.49031,31.98027],[73.49037,31.98092],[73.49119,31.98101],[73.49143,31.98081],[73.49168,31.98037]]]]}},{"type":"Feature","properties":{"lu":"Graveyard","ct":"Existing","a":18.14},"geometry":{"type":"MultiPolygon","coordinates":[[[[73.47756,31.97852],[73.47847,31.97903],[73.48001,31.98008],[73.48013,31.9799],[73.48197,31.98001],[73.48107,31.97733],[73.47778,31.97825],[73.47744,31.97844],[73.47756,31.97852]]],[[[73.47812,31.97898],[73.47833,31.97912],[73.47847,31.97921],[73.47916,31.97968],[73.47875,31.9794],[73.47812,31.97898]]]]}},{"type":"Feature","properties":{"lu":"Graveyard","ct":"Existing","a":10.031},"geometry":{"type":"MultiPolygon","coordinates":[[[[73.54921,32.13284],[73.54887,32.13162],[73.54863,32.13154],[73.54821,32.13165],[73.54821,32.13157],[73.54789,32.13157],[73.54784,32.13374],[73.54798,32.13464],[73.54898,32.13459],[73.54925,32.13398],[73.54937,32.13337],[73.54921,32.13284]]]]}},{"type":"Feature","properties":{"lu":"Graveyard","ct":"Existing","a":10.961},"geometry":{"type":"MultiPolygon","coordinates":[[[[73.45472,31.99196],[73.45367,31.99157],[73.45297,31.99159],[73.45258,31.99168],[73.45237,31.99209],[73.45238,31.9924],[73.45278,31.99325],[73.4533,31.99342],[73.45394,31.9935],[73.45485,31.99336],[73.45519,31.99283],[73.45496,31.99214],[73.45472,31.99196]]]]}},{"type":"Feature","properties":{"lu":"Graveyard","ct":"Existing","a":17.405},"geometry":{"type":"MultiPolygon","coordinates":[[[[73.56672,32.06089],[73.56641,32.06026],[73.56617,32.06024],[73.56601,32.05954],[73.56545,32.05933],[73.56394,32.05914],[73.56275,32.05934],[73.56207,32.05953],[73.56196,32.06091],[73.56672,32.06089]]]]}},{"type":"Feature","properties":{"lu":"Graveyard","ct":"Existing","a":27.274},"geometry":{"type":"MultiPolygon","coordinates":[[[[73.53274,32.02342],[73.53268,32.02309],[73.53276,32.02268],[73.53287,32.02267],[73.53275,32.02192],[73.5325,32.02196],[73.53239,32.02174],[73.53185,32.02178],[73.53148,32.02137],[73.53157,32.02099],[73.53136,32.02099],[73.53096,32.02047],[73.53059,32.02067],[73.53006,32.02065],[73.53006,32.02034],[73.5295,32.02035],[73.52863,32.02017],[73.52878,32.02173],[73.52867,32.02177],[73.52856,32.02219],[73.52824,32.02216],[73.52812,32.02239],[73.53193,32.02408],[73.53218,32.02378],[73.53245,32.02371],[73.53274,32.02342]]]]}},{"type":"Feature","properties":{"lu":"Religious Building","ct":"Existing","a":1.612},"geometry":{"type":"MultiPolygon","coordinates":[[[[73.53287,32.02267],[73.53276,32.02268],[73.53268,32.02309],[73.53274,32.02342],[73.53369,32.02312],[73.53367,32.02265],[73.53325,32.02255],[73.53304,32.02267],[73.53287,32.02267]]]]}},{"type":"Feature","properties":{"lu":"Graveyard","ct":"Existing","a":19.781},"geometry":{"type":"MultiPolygon","coordinates":[[[[73.56649,32.0611],[73.56264,32.06108],[73.5629,32.06303],[73.56412,32.06309],[73.567,32.06291],[73.56684,32.06211],[73.56657,32.06166],[73.56649,32.0611]]]]}},{"type":"Feature","properties":{"lu":"Graveyard","ct":"Existing","a":4.236},"geometry":{"type":"MultiPolygon","coordinates":[[[[73.4928,32.09289],[73.49224,32.09183],[73.49098,32.09229],[73.49156,32.0934],[73.4928,32.09289]]]]}},{"type":"Feature","properties":{"lu":"Graveyard","ct":"Existing","a":2.684},"geometry":{"type":"MultiPolygon","coordinates":[[[[73.51041,32.00527],[73.51024,32.0047],[73.50923,32.005],[73.5097,32.00622],[73.51021,32.00603],[73.51004,32.00585],[73.51021,32.00566],[73.51016,32.00535],[73.51041,32.00527]]]]}},{"type":"Feature","properties":{"lu":"Religious Building","ct":"Existing","a":0.358},"geometry":{"type":"MultiPolygon","coordinates":[[[[73.55418,32.03813],[73.55408,32.03784],[73.55365,32.03794],[73.55375,32.03824],[73.55418,32.03813]]]]}},{"type":"Feature","properties":{"lu":"Graveyard","ct":"Existing","a":2.318},"geometry":{"type":"MultiPolygon","coordinates":[[[[73.49268,32.03679],[73.49195,32.03678],[73.49194,32.03803],[73.49262,32.03803],[73.49268,32.03679]]]]}},{"type":"Feature","properties":{"lu":"Graveyard","ct":"Existing","a":1.057},"geometry":{"type":"MultiPolygon","coordinates":[[[[73.42825,32.04785],[73.42817,32.04785],[73.42818,32.04766],[73.42746,32.04771],[73.42758,32.04829],[73.42826,32.04824],[73.42825,32.04785]]]]}},{"type":"Feature","properties":{"lu":"Graveyard","ct":"Existing","a":6.369},"geometry":{"type":"MultiPolygon","coordinates":[[[[73.45785,32.01736],[73.45773,32.01683],[73.45757,32.01684],[73.45748,32.01624],[73.45704,32.0157],[73.45688,32.0151],[73.45592,32.01527],[73.45604,32.01568],[73.45611,32.01636],[73.45637,32.01699],[73.45704,32.0169],[73.45712,32.01749],[73.45785,32.01736]]]]}},{"type":"Feature","properties":{"lu":"Graveyard","ct":"Existing","a":4.852},"geometry":{"type":"MultiPolygon","coordinates":[[[[73.46134,32.02195],[73.46036,32.02193],[73.45983,32.02201],[73.45995,32.02324],[73.46143,32.02316],[73.46134,32.02195]]]]}},{"type":"Feature","properties":{"lu":"Graveyard","ct":"Existing","a":2.757},"geometry":{"type":"MultiPolygon","coordinates":[[[[73.4555,32.04005],[73.45543,32.03967],[73.45503,32.03924],[73.45391,32.03912],[73.45355,32.03935],[73.45361,32.03978],[73.45469,32.03972],[73.45499,32.03993],[73.45502,32.04008],[73.4555,32.04005]]]]}},{"type":"Feature","properties":{"lu":"Graveyard","ct":"Existing","a":6.366},"geometry":{"type":"MultiPolygon","coordinates":[[[[73.4205,32.05712],[73.42055,32.0568],[73.42109,32.05679],[73.42103,32.05534],[73.41994,32.0554],[73.41991,32.056],[73.4196,32.056],[73.41958,32.05617],[73.41917,32.05618],[73.41914,32.05655],[73.41923,32.05675],[73.41959,32.0568],[73.41966,32.05715],[73.4205,32.05712]]]]}},{"type":"Feature","properties":{"lu":"Graveyard","ct":"Existing","a":14.996},"geometry":{"type":"MultiPolygon","coordinates":[[[[73.41172,32.08458],[73.41133,32.08378],[73.41109,32.08383],[73.41107,32.08377],[73.40802,32.08453],[73.40867,32.08617],[73.4114,32.08541],[73.41189,32.08501],[73.41172,32.08458]]],[[[73.41196,32.08518],[73.41163,32.08545],[73.41202,32.08533],[73.41196,32.08518]]]]}},{"type":"Feature","properties":{"lu":"Graveyard","ct":"Existing","a":0.924},"geometry":{"type":"MultiPolygon","coordinates":[[[[73.40045,32.07615],[73.39969,32.07618],[73.39984,32.07667],[73.40059,32.07655],[73.40045,32.07615]]]]}},{"type":"Feature","properties":{"lu":"Graveyard","ct":"Existing","a":2.279},"geometry":{"type":"MultiPolygon","coordinates":[[[[73.40377,32.07174],[73.40379,32.07098],[73.4036,32.07058],[73.40269,32.07079],[73.403,32.07168],[73.40365,32.07152],[73.40377,32.07174]]]]}},{"type":"Feature","properties":{"lu":"Graveyard","ct":"Existing","a":2.761},"geometry":{"type":"MultiPolygon","coordinates":[[[[73.43454,32.09903],[73.43379,32.09864],[73.43313,32.09973],[73.43396,32.10007],[73.43454,32.09903]]]]}},{"type":"Feature","properties":{"lu":"Graveyard","ct":"Existing","a":1.413},"geometry":{"type":"MultiPolygon","coordinates":[[[[73.62748,32.09754],[73.62703,32.09621],[73.62694,32.09624],[73.6271,32.09678],[73.62664,32.09689],[73.62695,32.0977],[73.62748,32.09754]]]]}},{"type":"Feature","properties":{"lu":"Graveyard","ct":"Existing","a":2.573},"geometry":{"type":"MultiPolygon","coordinates":[[[[73.61006,32.11469],[73.60982,32.11418],[73.60941,32.11427],[73.60917,32.11351],[73.6087,32.11377],[73.6089,32.11409],[73.60873,32.11423],[73.60869,32.11436],[73.60913,32.11495],[73.61006,32.11469]]]]}},{"type":"Feature","properties":{"lu":"Graveyard","ct":"Existing","a":2.292},"geometry":{"type":"MultiPolygon","coordinates":[[[[73.66893,32.25495],[73.66827,32.2547],[73.66799,32.25528],[73.66917,32.2558],[73.66953,32.25527],[73.66893,32.25495]]]]}},{"type":"Feature","properties":{"lu":"Graveyard","ct":"Existing","a":4.551},"geometry":{"type":"MultiPolygon","coordinates":[[[[73.69467,32.25985],[73.69465,32.25896],[73.69483,32.25887],[73.6948,32.25865],[73.69433,32.25858],[73.6933,32.25794],[73.69334,32.25887],[73.69349,32.25887],[73.69361,32.25932],[73.69369,32.25936],[73.69388,32.25986],[73.69467,32.25985]]]]}},{"type":"Feature","properties":{"lu":"Water Body","ct":"Existing","a":45.816},"geometry":{"type":"MultiPolygon","coordinates":[[[[73.572,32.2458],[73.57211,32.24589],[73.57236,32.2457],[73.57391,32.24606],[73.57496,32.24607],[73.57549,32.24623],[73.57596,32.24648],[73.57613,32.24635],[73.57694,32.24653],[73.57809,32.24712],[73.57951,32.24851],[73.5801,32.24883],[73.58081,32.24943],[73.58224,32.25017],[73.58349,32.25037],[73.58353,32.25007],[73.5825,32.24992],[73.58157,32.24956],[73.58093,32.24922],[73.57927,32.24785],[73.57879,32.24729],[73.57761,32.24635],[73.57512,32.24578],[73.57478,32.24559],[73.57413,32.24552],[73.57272,32.24468],[73.57254,32.24498],[73.5717,32.24497],[73.57034,32.24481],[73.56937,32.24488],[73.56849,32.24545],[73.56807,32.2456],[73.56631,32.24674],[73.56609,32.24664],[73.56546,32.24713],[73.5652,32.24755],[73.56501,32.24766],[73.56355,32.24802],[73.56264,32.24797],[73.56201,32.24769],[73.56136,32.24688],[73.56089,32.24656],[73.56029,32.24638],[73.55919,32.24661],[73.55889,32.24662],[73.55849,32.24647],[73.55793,32.24655],[73.55755,32.24648],[73.55694,32.24661],[73.55639,32.24693],[73.55627,32.24691],[73.55592,32.24718],[73.55588,32.24735],[73.5553,32.24751],[73.55486,32.24726],[73.55482,32.24697],[73.55442,32.24629],[73.55417,32.24558],[73.55375,32.24531],[73.55276,32.24512],[73.55194,32.24536],[73.55178,32.24551],[73.55064,32.24699],[73.55021,32.24791],[73.54965,32.24846],[73.54934,32.24854],[73.54911,32.24883],[73.54905,32.24901],[73.5493,32.24955],[73.54921,32.25019],[73.54925,32.25042],[73.54945,32.25064],[73.54986,32.25082],[73.55024,32.25121],[73.55027,32.25148],[73.55016,32.25179],[73.54939,32.2526],[73.54948,32.25281],[73.54936,32.25314],[73.54941,32.25345],[73.54919,32.25385],[73.54927,32.25418],[73.54888,32.2548],[73.54813,32.25542],[73.54813,32.25559],[73.54798,32.25581],[73.54781,32.25594],[73.54748,32.256],[73.54687,32.25603],[73.5468,32.25588],[73.54662,32.256],[73.54633,32.256],[73.54582,32.25583],[73.54501,32.25572],[73.54481,32.25564],[73.54451,32.2553],[73.54398,32.25507],[73.54345,32.25502],[73.5435,32.2551],[73.54428,32.25526],[73.54449,32.25538],[73.54485,32.25575],[73.54506,32.25584],[73.54555,32.25586],[73.546,32.25604],[73.54663,32.25614],[73.54658,32.25619],[73.54675,32.25627],[73.54681,32.25615],[73.54783,32.25603],[73.54841,32.2556],[73.54849,32.25536],[73.54922,32.25464],[73.54968,32.25388],[73.54986,32.25311],[73.55072,32.252],[73.55085,32.25172],[73.55085,32.25152],[73.55074,32.25135],[73.55007,32.25055],[73.54966,32.25049],[73.54945,32.25028],[73.54942,32.25009],[73.54956,32.24972],[73.54939,32.24902],[73.54942,32.24889],[73.5502,32.24855],[73.55048,32.24821],[73.55082,32.24732],[73.55125,32.2468],[73.55147,32.24673],[73.55207,32.24591],[73.55219,32.24556],[73.55241,32.24539],[73.55265,32.24534],[73.55338,32.24551],[73.55347,32.24539],[73.55377,32.24551],[73.55419,32.24624],[73.55424,32.24665],[73.55454,32.24698],[73.55478,32.24758],[73.55505,32.24767],[73.55564,32.24766],[73.5559,32.24755],[73.55653,32.24704],[73.55705,32.24679],[73.55901,32.24688],[73.55945,32.24683],[73.55989,32.24663],[73.56119,32.24711],[73.56181,32.24775],[73.56229,32.24804],[73.56319,32.2482],[73.56479,32.24791],[73.56539,32.24764],[73.56576,32.24712],[73.56642,32.24695],[73.56729,32.24652],[73.56769,32.2462],[73.56899,32.24568],[73.57186,32.24557],[73.572,32.2458]]]]}},{"type":"Feature","properties":{"lu":"Graveyard","ct":"Existing","a":8.123},"geometry":{"type":"MultiPolygon","coordinates":[[[[73.23792,31.95578],[73.2381,31.9556],[73.23791,31.95521],[73.23808,31.95509],[73.2378,31.95484],[73.23702,31.95447],[73.2369,31.95453],[73.23666,31.95439],[73.23629,31.95443],[73.23612,31.95428],[73.23531,31.9547],[73.23689,31.95627],[73.23757,31.95589],[73.23792,31.95578]]]]}},{"type":"Feature","properties":{"lu":"Water Body","ct":"Existing","a":30.735},"geometry":{"type":"MultiPolygon","coordinates":[[[[73.4566,32.12944],[73.44661,32.12926],[73.44449,32.12913],[73.443,32.12865],[73.43472,32.12504],[73.43216,32.12419],[73.43215,32.12424],[73.43469,32.12517],[73.4433,32.12888],[73.4439,32.12908],[73.4455,32.12932],[73.45683,32.12956],[73.45684,32.12949],[73.4566,32.12944]]],[[[73.54998,32.1367],[73.55004,32.13655],[73.54901,32.13639],[73.51388,32.13412],[73.51103,32.13354],[73.49309,32.12909],[73.48653,32.12757],[73.48474,32.12731],[73.47425,32.12684],[73.47238,32.12721],[73.46713,32.12932],[73.46605,32.12958],[73.46488,32.12965],[73.46202,32.12958],[73.46194,32.12965],[73.46007,32.12965],[73.4649,32.12977],[73.46659,32.12957],[73.4679,32.12913],[73.47245,32.12726],[73.4743,32.12693],[73.48004,32.12714],[73.48532,32.12745],[73.48775,32.12794],[73.49215,32.12898],[73.49907,32.13074],[73.51325,32.13417],[73.5261,32.13507],[73.54914,32.13653],[73.54998,32.1367]]]]}},{"type":"Feature","properties":{"lu":"Water Body","ct":"Existing","a":50.507},"geometry":{"type":"MultiPolygon","coordinates":[[[[73.67375,32.24742],[73.67281,32.24715],[73.67145,32.24662],[73.66862,32.24541],[73.66556,32.24376],[73.65759,32.23969],[73.63861,32.22978],[73.63721,32.22896],[73.61408,32.21324],[73.61065,32.21128],[73.60886,32.21047],[73.60692,32.20972],[73.58668,32.2023],[73.58373,32.20113],[73.58094,32.19973],[73.56645,32.19068],[73.56421,32.18904],[73.56258,32.18757],[73.5536,32.17874],[73.55352,32.1788],[73.56114,32.18636],[73.56443,32.18935],[73.56735,32.19134],[73.58007,32.19942],[73.58424,32.20151],[73.59412,32.20511],[73.59796,32.20655],[73.59975,32.2073],[73.60261,32.20824],[73.60509,32.20922],[73.60801,32.21026],[73.6115,32.21191],[73.61402,32.21339],[73.62708,32.22218],[73.63234,32.22582],[73.63431,32.22708],[73.63534,32.22787],[73.63881,32.23004],[73.65938,32.24071],[73.66054,32.24133],[73.66082,32.24158],[73.66542,32.24396],[73.66563,32.244],[73.6689,32.24566],[73.67075,32.24647],[73.67402,32.24765],[73.67441,32.24777],[73.67449,32.24765],[73.67375,32.24742]]],[[[73.69144,32.25008],[73.68993,32.25005],[73.68881,32.24993],[73.68764,32.2497],[73.67973,32.24879],[73.67618,32.24811],[73.67467,32.24771],[73.67459,32.24783],[73.6779,32.24868],[73.67969,32.24897],[73.685,32.2495],[73.68879,32.25],[73.69242,32.25022],[73.69241,32.2501],[73.69144,32.25008]]],[[[73.71124,32.24944],[73.70599,32.24964],[73.70601,32.24978],[73.70693,32.24976],[73.71192,32.24954],[73.71195,32.24943],[73.71124,32.24944]]]]}},{"type":"Feature","properties":{"lu":"Water Body","ct":"Existing","a":347.897},"geometry":{"type":"MultiPolygon","coordinates":[[[[73.47154,32.09696],[73.46996,32.09707],[73.46889,32.09718],[73.47,32.09709],[73.47154,32.09696]]],[[[73.46902,32.09734],[73.46908,32.09733],[73.46493,32.09768],[73.46902,32.09734]]],[[[73.46296,32.09768],[73.46283,32.0977],[73.46327,32.09766],[73.46296,32.09768]]],[[[73.45587,32.10141],[73.4564,32.10104],[73.46168,32.09802],[73.46252,32.09773],[73.46177,32.09787],[73.45551,32.10142],[73.4553,32.10175],[73.45257,32.1049],[73.45266,32.10495],[73.453,32.1046],[73.45587,32.10141]]],[[[73.43792,32.11373],[73.4398,32.11202],[73.44969,32.10842],[73.44995,32.10827],[73.4526,32.10512],[73.45243,32.10514],[73.45053,32.10753],[73.44993,32.10814],[73.44958,32.10838],[73.43967,32.112],[73.43578,32.11555],[73.43568,32.11548],[73.43222,32.11855],[73.43068,32.12005],[73.42344,32.12663],[73.42303,32.12666],[73.41963,32.12592],[73.419,32.12585],[73.41518,32.12798],[73.41357,32.12818],[73.41356,32.12834],[73.41539,32.12802],[73.41782,32.12659],[73.41861,32.12619],[73.41919,32.12603],[73.41956,32.12605],[73.42306,32.12679],[73.42343,32.12678],[73.43792,32.11373]]],[[[73.41155,32.13451],[73.41101,32.13384],[73.40938,32.13277],[73.4088,32.13207],[73.40833,32.13177],[73.40791,32.13103],[73.40681,32.12995],[73.40628,32.1296],[73.40613,32.12942],[73.40618,32.12933],[73.41337,32.12837],[73.41338,32.12821],[73.40616,32.12921],[73.40528,32.12901],[73.40359,32.12915],[73.40291,32.12903],[73.40162,32.1285],[73.40012,32.12831],[73.39968,32.12838],[73.39915,32.12884],[73.3987,32.12904],[73.39793,32.12915],[73.39754,32.12952],[73.39731,32.12963],[73.39487,32.12893],[73.39354,32.12879],[73.39283,32.12854],[73.39264,32.12815],[73.39202,32.12825],[73.39027,32.12758],[73.3893,32.12735],[73.38897,32.12741],[73.38822,32.12802],[73.38791,32.12816],[73.38776,32.12845],[73.38748,32.1285],[73.38444,32.12848],[73.38357,32.12832],[73.38318,32.12837],[73.3829,32.12826],[73.38048,32.12889],[73.37996,32.12918],[73.37883,32.12929],[73.37842,32.12959],[73.37806,32.12972],[73.37756,32.12975],[73.3769,32.12962],[73.37668,32.12965],[73.37634,32.12984],[73.37594,32.12993],[73.37504,32.12993],[73.37444,32.13024],[73.37428,32.13042],[73.37399,32.13053],[73.37285,32.13044],[73.37235,32.13051],[73.37199,32.13064],[73.37166,32.1313],[73.37115,32.13127],[73.37096,32.13099],[73.37032,32.13071],[73.37011,32.13045],[73.36996,32.13053],[73.36912,32.13143],[73.36859,32.13132],[73.36835,32.1314],[73.36831,32.1316],[73.36919,32.13157],[73.36937,32.13149],[73.36988,32.13092],[73.37004,32.13085],[73.37034,32.13089],[73.37083,32.13112],[73.37097,32.13138],[73.37126,32.13147],[73.37175,32.13143],[73.3719,32.13127],[73.37206,32.13075],[73.37228,32.13065],[73.37271,32.13059],[73.37368,32.13067],[73.37415,32.13062],[73.3751,32.13005],[73.37584,32.13011],[73.37689,32.12985],[73.37795,32.12989],[73.37847,32.12976],[73.37878,32.12951],[73.38024,32.12927],[73.38112,32.12883],[73.38293,32.12852],[73.38339,32.12846],[73.38458,32.12865],[73.3872,32.12861],[73.3875,32.12869],[73.38784,32.12854],[73.38904,32.12753],[73.3895,32.12752],[73.39209,32.12845],[73.39209,32.12859],[73.39239,32.12885],[73.39262,32.1287],[73.39282,32.1287],[73.39395,32.12906],[73.39429,32.12903],[73.39525,32.12917],[73.3975,32.12989],[73.398,32.12962],[73.39808,32.12934],[73.39887,32.12916],[73.39941,32.12889],[73.39962,32.12868],[73.40044,32.12851],[73.40162,32.12873],[73.40269,32.12915],[73.40344,32.12934],[73.40488,32.12914],[73.40562,32.12924],[73.40586,32.12937],[73.40611,32.1297],[73.40691,32.13029],[73.40748,32.13091],[73.40824,32.13198],[73.40917,32.1329],[73.41085,32.13411],[73.41196,32.13587],[73.4122,32.13642],[73.41248,32.13608],[73.41241,32.13584],[73.41155,32.13451]]],[[[73.44325,32.14823],[73.44254,32.14732],[73.44187,32.14677],[73.44168,32.14665],[73.44104,32.14656],[73.44059,32.14608],[73.44023,32.14593],[73.43979,32.14541],[73.4395,32.14486],[73.43913,32.14466],[73.43693,32.14445],[73.43684,32.1445],[73.43681,32.14503],[73.43601,32.14502],[73.43535,32.14546],[73.4348,32.14529],[73.43449,32.14531],[73.43402,32.14514],[73.43353,32.14528],[73.43301,32.14507],[73.43252,32.14521],[73.4315,32.1452],[73.43075,32.14549],[73.42996,32.14563],[73.42873,32.146],[73.42847,32.14613],[73.42842,32.14633],[73.42738,32.14674],[73.42698,32.14699],[73.42629,32.14689],[73.42561,32.14698],[73.4252,32.14684],[73.42474,32.14694],[73.42366,32.14698],[73.42277,32.14659],[73.42221,32.14656],[73.42201,32.14648],[73.4213,32.14584],[73.42033,32.14549],[73.42003,32.14521],[73.4199,32.14493],[73.41944,32.14454],[73.41934,32.14466],[73.42037,32.1458],[73.42111,32.146],[73.42164,32.14643],[73.42218,32.1467],[73.42256,32.14668],[73.42298,32.14685],[73.42349,32.14721],[73.42519,32.14709],[73.42568,32.14726],[73.42624,32.14713],[73.42697,32.14719],[73.42773,32.14713],[73.4282,32.14688],[73.42815,32.14671],[73.42878,32.14625],[73.43026,32.14578],[73.43089,32.14573],[73.43148,32.14545],[73.43176,32.14542],[73.43224,32.14555],[73.43265,32.14555],[73.43289,32.14529],[73.43298,32.14529],[73.43345,32.14545],[73.43391,32.14542],[73.43449,32.14554],[73.43491,32.1455],[73.43534,32.14563],[73.43561,32.14558],[73.43623,32.14523],[73.43689,32.14526],[73.43704,32.14508],[73.43703,32.1448],[73.43718,32.14469],[73.43792,32.14472],[73.43817,32.14482],[73.43882,32.14482],[73.43941,32.14512],[73.43987,32.14591],[73.4406,32.1464],[73.44083,32.14674],[73.44101,32.14684],[73.44156,32.14684],[73.4429,32.1481],[73.44313,32.14864],[73.44306,32.14926],[73.44311,32.14939],[73.44348,32.14933],[73.44325,32.14823]]],[[[73.45305,32.17686],[73.45301,32.17672],[73.45281,32.17653],[73.45185,32.17627],[73.45173,32.17597],[73.45135,32.17563],[73.45125,32.17491],[73.45059,32.17249],[73.45046,32.17173],[73.45071,32.17158],[73.45075,32.1713],[73.45064,32.17076],[73.45071,32.17033],[73.45105,32.16961],[73.45032,32.16749],[73.45039,32.16732],[73.45024,32.16715],[73.45049,32.1666],[73.45039,32.16631],[73.45047,32.16618],[73.45049,32.16587],[73.45037,32.16537],[73.45024,32.16529],[73.45022,32.16509],[73.45008,32.16485],[73.45015,32.1647],[73.44997,32.16451],[73.45,32.16429],[73.44983,32.16409],[73.44992,32.16397],[73.44989,32.16326],[73.4496,32.16188],[73.44916,32.16093],[73.44892,32.16068],[73.44885,32.16047],[73.44792,32.16012],[73.44765,32.1598],[73.44741,32.15918],[73.44706,32.15879],[73.44668,32.15863],[73.44659,32.15849],[73.44604,32.15835],[73.4458,32.1581],[73.44575,32.15788],[73.44602,32.15765],[73.44608,32.15735],[73.44562,32.15706],[73.44527,32.15636],[73.44537,32.15611],[73.44534,32.15598],[73.44586,32.1551],[73.44595,32.15443],[73.44547,32.1541],[73.44545,32.15339],[73.44529,32.15302],[73.44544,32.15239],[73.44536,32.15201],[73.44491,32.15152],[73.44465,32.1514],[73.44431,32.15108],[73.44419,32.15072],[73.44385,32.15042],[73.44356,32.14948],[73.44317,32.14955],[73.4434,32.1498],[73.44359,32.15031],[73.44432,32.15142],[73.44514,32.15208],[73.44513,32.15271],[73.44493,32.15301],[73.44518,32.15341],[73.44507,32.15377],[73.44511,32.15403],[73.44517,32.15424],[73.44568,32.15449],[73.44572,32.15471],[73.44568,32.15491],[73.44516,32.15585],[73.44523,32.15604],[73.44509,32.15656],[73.44532,32.15711],[73.44582,32.15745],[73.44569,32.15755],[73.44551,32.15794],[73.44558,32.15817],[73.44593,32.15853],[73.4464,32.15869],[73.44709,32.15909],[73.44745,32.15983],[73.44776,32.16024],[73.44858,32.1606],[73.44928,32.16179],[73.44947,32.16257],[73.4495,32.16289],[73.44941,32.16322],[73.44958,32.16381],[73.44951,32.1646],[73.44977,32.16485],[73.45008,32.16568],[73.4503,32.16658],[73.44993,32.16685],[73.44986,32.16723],[73.45019,32.16784],[73.45072,32.16941],[73.45059,32.17012],[73.45036,32.17043],[73.45048,32.17139],[73.45017,32.17169],[73.45016,32.17207],[73.45106,32.17502],[73.45116,32.17571],[73.45163,32.17629],[73.45207,32.17648],[73.45256,32.17651],[73.45279,32.17662],[73.4529,32.17682],[73.4528,32.17711],[73.45296,32.17746],[73.45315,32.1774],[73.45307,32.17731],[73.45305,32.17686]]],[[[73.4761,32.09657],[73.47502,32.09666],[73.47436,32.09671],[73.47386,32.09676],[73.4761,32.09657]]],[[[73.47316,32.0968],[73.47162,32.09695],[73.47382,32.09676],[73.47316,32.0968]]],[[[73.5082,32.10517],[73.49849,32.09792],[73.49775,32.09748],[73.49667,32.09733],[73.48203,32.09615],[73.48076,32.09616],[73.47698,32.0965],[73.47774,32.09643],[73.47775,32.09653],[73.48154,32.09623],[73.4942,32.09727],[73.49783,32.09764],[73.50978,32.10648],[73.5113,32.10841],[73.51145,32.10833],[73.50999,32.10653],[73.5082,32.10517]]],[[[73.55962,32.15799],[73.56012,32.15806],[73.56118,32.15819],[73.56024,32.15804],[73.55962,32.15799]]],[[[73.57319,32.15984],[73.57329,32.15981],[73.57271,32.15972],[73.57319,32.15984]]],[[[73.57666,32.16034],[73.57339,32.15982],[73.57343,32.15989],[73.57666,32.16034]]],[[[73.72772,32.20497],[73.72735,32.20452],[73.72728,32.20411],[73.72698,32.20341],[73.72683,32.20325],[73.72606,32.20147],[73.72536,32.20097],[73.72441,32.20088],[73.72378,32.20009],[73.72322,32.19954],[73.7224,32.1996],[73.72134,32.19883],[73.72098,32.19869],[73.71684,32.19882],[73.71664,32.19868],[73.716,32.19856],[73.71447,32.19807],[73.71406,32.19798],[73.71313,32.19799],[73.71173,32.19837],[73.71118,32.199],[73.71095,32.19914],[73.70998,32.19943],[73.70896,32.19952],[73.70733,32.19924],[73.7065,32.19933],[73.7051,32.19966],[73.70292,32.19911],[73.70181,32.19865],[73.7016,32.19843],[73.70152,32.19817],[73.70102,32.19738],[73.70055,32.19707],[73.69997,32.19644],[73.69966,32.19633],[73.69886,32.1964],[73.6984,32.19654],[73.69797,32.19645],[73.69554,32.19483],[73.69456,32.19447],[73.69398,32.19394],[73.69363,32.19377],[73.69288,32.1932],[73.69291,32.19314],[73.68937,32.19177],[73.68862,32.19141],[73.68745,32.18918],[73.68711,32.18815],[73.68673,32.18781],[73.68542,32.18698],[73.68436,32.18607],[73.68433,32.18561],[73.68392,32.18554],[73.68338,32.18454],[73.68261,32.18411],[73.68244,32.18382],[73.68242,32.18363],[73.68214,32.18365],[73.68194,32.18309],[73.68148,32.18253],[73.68077,32.1824],[73.68077,32.18199],[73.67897,32.17956],[73.67858,32.17865],[73.67819,32.17823],[73.67773,32.17804],[73.6774,32.17773],[73.67653,32.17714],[73.66694,32.17364],[73.66478,32.17295],[73.65976,32.17086],[73.65911,32.17076],[73.6517,32.17162],[73.64521,32.17253],[73.64421,32.17254],[73.64339,32.1722],[73.64307,32.17219],[73.64035,32.17155],[73.62966,32.16888],[73.61775,32.16607],[73.61675,32.16569],[73.61424,32.16443],[73.61032,32.16275],[73.60964,32.16257],[73.59797,32.16111],[73.59639,32.16124],[73.59296,32.16192],[73.59141,32.16208],[73.58441,32.16116],[73.5824,32.16087],[73.58228,32.16079],[73.57966,32.16051],[73.57889,32.16034],[73.57741,32.16018],[73.57357,32.15956],[73.56698,32.1588],[73.56339,32.15817],[73.55657,32.15721],[73.55606,32.15725],[73.5556,32.15743],[73.55385,32.1584],[73.55107,32.15977],[73.55036,32.1599],[73.54556,32.16024],[73.54126,32.16068],[73.54088,32.16078],[73.54062,32.16097],[73.53553,32.16532],[73.52192,32.17128],[73.51786,32.17357],[73.51688,32.174],[73.50549,32.17822],[73.50506,32.17847],[73.5048,32.17865],[73.50466,32.17892],[73.50337,32.18208],[73.50282,32.18321],[73.50307,32.18331],[73.50329,32.18298],[73.50367,32.18189],[73.50496,32.1789],[73.50534,32.17848],[73.51769,32.17395],[73.5199,32.17265],[73.52055,32.17245],[73.52139,32.17185],[73.5224,32.1713],[73.53116,32.16747],[73.53321,32.16673],[73.53553,32.16568],[73.53796,32.16386],[73.5386,32.16324],[73.54077,32.16144],[73.54066,32.16135],[73.54091,32.16116],[73.5413,32.16098],[73.54371,32.16079],[73.54555,32.16052],[73.54798,32.16041],[73.54831,32.16034],[73.54831,32.1602],[73.55061,32.16024],[73.55222,32.15951],[73.55437,32.15831],[73.55457,32.15828],[73.55601,32.15752],[73.56027,32.15788],[73.56905,32.15928],[73.57195,32.15943],[73.583,32.16116],[73.59165,32.16232],[73.59216,32.16229],[73.59748,32.16142],[73.59943,32.16148],[73.61009,32.16294],[73.61748,32.16628],[73.61973,32.16677],[73.62182,32.16734],[73.62368,32.16772],[73.62392,32.16795],[73.62496,32.16808],[73.62821,32.16882],[73.63014,32.16946],[73.63251,32.16992],[73.6348,32.17053],[73.63495,32.17064],[73.6359,32.17091],[73.6366,32.17106],[73.63666,32.17094],[73.63685,32.17089],[73.64058,32.17183],[73.6427,32.17228],[73.64281,32.17236],[73.64309,32.17237],[73.64403,32.17273],[73.64461,32.17281],[73.64588,32.1727],[73.6488,32.17231],[73.64962,32.17225],[73.64973,32.17231],[73.65141,32.17213],[73.65529,32.17158],[73.65789,32.17131],[73.65884,32.171],[73.65932,32.171],[73.65978,32.17115],[73.66168,32.17192],[73.66236,32.17229],[73.66293,32.17238],[73.66319,32.17268],[73.66382,32.17296],[73.66534,32.17336],[73.66648,32.17393],[73.6668,32.17397],[73.66994,32.17499],[73.67611,32.17718],[73.67801,32.17839],[73.67835,32.17867],[73.67915,32.18018],[73.68027,32.18173],[73.68048,32.18252],[73.68063,32.18262],[73.68146,32.1828],[73.6817,32.18313],[73.68185,32.18385],[73.68304,32.18456],[73.68353,32.18545],[73.68419,32.18629],[73.68507,32.18696],[73.68667,32.18797],[73.68699,32.18847],[73.6884,32.19135],[73.68864,32.1916],[73.69275,32.19325],[73.69351,32.1939],[73.69389,32.19411],[73.69455,32.19471],[73.69561,32.19511],[73.69812,32.19669],[73.69829,32.19674],[73.69942,32.19653],[73.69982,32.19663],[73.70035,32.19722],[73.70088,32.19757],[73.70131,32.19853],[73.70154,32.19883],[73.70184,32.19901],[73.70399,32.19984],[73.70467,32.19993],[73.70574,32.19979],[73.70721,32.19945],[73.7091,32.1998],[73.70973,32.19975],[73.71084,32.19942],[73.71123,32.19921],[73.71205,32.19845],[73.71322,32.19813],[73.7144,32.19819],[73.71526,32.19845],[73.71659,32.19899],[73.71675,32.1989],[73.71733,32.19896],[73.71943,32.1988],[73.72093,32.19879],[73.72241,32.19978],[73.72256,32.19983],[73.72301,32.19965],[73.72318,32.19969],[73.72362,32.20012],[73.72407,32.20079],[73.72429,32.20098],[73.72457,32.20105],[73.72514,32.20103],[73.72584,32.20143],[73.72741,32.20488],[73.7278,32.2055],[73.72877,32.20628],[73.72969,32.20718],[73.73042,32.2077],[73.73041,32.20751],[73.72978,32.20704],[73.72772,32.20497]]],[[[73.57039,32.22412],[73.57202,32.22285],[73.57264,32.22267],[73.5838,32.22084],[73.58445,32.22069],[73.5845,32.22062],[73.58034,32.22123],[73.57365,32.22239],[73.57186,32.22278],[73.56649,32.22698],[73.56023,32.22808],[73.55873,32.22828],[73.55664,32.22749],[73.55543,32.22674],[73.55199,32.22485],[73.5489,32.2238],[73.54329,32.22168],[73.52846,32.21269],[73.52421,32.21026],[73.52386,32.20986],[73.52135,32.2059],[73.5174,32.20169],[73.51637,32.19778],[73.51619,32.1974],[73.51369,32.19543],[73.51336,32.19507],[73.51197,32.19277],[73.51144,32.19173],[73.51148,32.19152],[73.51362,32.18909],[73.51474,32.18703],[73.51499,32.18682],[73.51518,32.18627],[73.51627,32.18437],[73.51704,32.18378],[73.51882,32.18302],[73.5219,32.18254],[73.52236,32.18254],[73.5271,32.1817],[73.52717,32.1816],[73.52712,32.18142],[73.52732,32.18133],[73.53034,32.1808],[73.53136,32.18083],[73.53214,32.18096],[73.53298,32.18169],[73.5341,32.18293],[73.5344,32.18312],[73.54007,32.18262],[73.54063,32.18297],[73.54086,32.18303],[73.54209,32.1829],[73.54208,32.18283],[73.54087,32.18292],[73.54026,32.18258],[73.53989,32.18252],[73.53738,32.18273],[73.53683,32.18287],[73.53467,32.18305],[73.53436,32.18302],[73.53261,32.18121],[73.53202,32.18085],[73.53058,32.1807],[73.52714,32.18128],[73.52703,32.18132],[73.52694,32.18165],[73.52661,32.18173],[73.52229,32.18248],[73.52208,32.18245],[73.51915,32.18285],[73.51744,32.1835],[73.51689,32.18379],[73.51631,32.18425],[73.51568,32.18515],[73.51354,32.18911],[73.51138,32.19146],[73.5114,32.19156],[73.51089,32.19155],[73.50986,32.19242],[73.50748,32.19246],[73.50671,32.19214],[73.50535,32.19072],[73.50459,32.18977],[73.50384,32.18841],[73.50363,32.1886],[73.50314,32.18815],[73.50321,32.18804],[73.50308,32.18804],[73.50273,32.18776],[73.50206,32.18701],[73.5017,32.18681],[73.50129,32.18641],[73.50028,32.18591],[73.49976,32.1858],[73.49961,32.18566],[73.49993,32.18534],[73.50264,32.18398],[73.50298,32.18346],[73.50273,32.18337],[73.50225,32.18388],[73.49986,32.18509],[73.49896,32.18577],[73.49879,32.18581],[73.49843,32.18573],[73.4961,32.18429],[73.49598,32.18413],[73.49587,32.18367],[73.49561,32.18327],[73.4952,32.18294],[73.49503,32.18258],[73.49484,32.1824],[73.49435,32.18095],[73.49405,32.18065],[73.49253,32.17953],[73.4918,32.17924],[73.49004,32.17805],[73.48938,32.17765],[73.48923,32.17763],[73.48882,32.17702],[73.48856,32.17611],[73.48832,32.17589],[73.48745,32.17528],[73.48661,32.17491],[73.48512,32.1741],[73.48431,32.17406],[73.48363,32.17386],[73.48298,32.17346],[73.48283,32.17334],[73.48269,32.17278],[73.48075,32.1715],[73.48053,32.17146],[73.48021,32.17123],[73.48008,32.17065],[73.47993,32.17037],[73.47925,32.17013],[73.47869,32.16998],[73.4783,32.17002],[73.47644,32.16978],[73.47591,32.16985],[73.47384,32.16975],[73.47307,32.16949],[73.47289,32.16969],[73.47187,32.16928],[73.47154,32.16927],[73.47106,32.16962],[73.47102,32.16979],[73.47073,32.17013],[73.47085,32.17116],[73.47082,32.17149],[73.47046,32.17211],[73.47027,32.17225],[73.46995,32.1723],[73.46979,32.17247],[73.46972,32.17266],[73.46984,32.17292],[73.46976,32.17319],[73.46956,32.17343],[73.46938,32.17344],[73.46915,32.17383],[73.46902,32.17388],[73.46877,32.1742],[73.46785,32.17502],[73.46765,32.17517],[73.46736,32.17517],[73.46713,32.17527],[73.46669,32.17573],[73.46648,32.17584],[73.4654,32.17621],[73.46457,32.17611],[73.46409,32.17594],[73.46332,32.17512],[73.46308,32.17471],[73.46278,32.17446],[73.46263,32.17421],[73.46245,32.17402],[73.46215,32.17397],[73.46191,32.17402],[73.46148,32.17435],[73.46013,32.17505],[73.45972,32.1753],[73.45931,32.17567],[73.45893,32.17586],[73.45854,32.17594],[73.45814,32.1764],[73.45596,32.17818],[73.45513,32.17897],[73.45479,32.17902],[73.45455,32.17865],[73.4539,32.17806],[73.45355,32.17788],[73.45326,32.17754],[73.45305,32.17764],[73.45331,32.17796],[73.45424,32.17862],[73.45456,32.17919],[73.45489,32.17939],[73.455,32.17936],[73.45619,32.1783],[73.45655,32.17814],[73.45655,32.17801],[73.45674,32.17799],[73.45682,32.1778],[73.45734,32.17743],[73.45885,32.17607],[73.45906,32.17605],[73.45968,32.17577],[73.45973,32.17564],[73.46023,32.17526],[73.46114,32.17478],[73.46121,32.17487],[73.46138,32.17486],[73.4615,32.17464],[73.46203,32.17429],[73.46242,32.17435],[73.46298,32.17492],[73.46324,32.17546],[73.46339,32.17555],[73.46337,32.17563],[73.46326,32.17562],[73.46328,32.17572],[73.46412,32.1762],[73.46427,32.17637],[73.46489,32.17648],[73.4655,32.17642],[73.46566,32.17652],[73.46617,32.17618],[73.46639,32.17619],[73.46894,32.17464],[73.46977,32.17374],[73.47012,32.17346],[73.47019,32.17327],[73.47009,32.1727],[73.47014,32.17243],[73.47044,32.1724],[73.47079,32.17206],[73.47104,32.17122],[73.47094,32.17047],[73.47099,32.17023],[73.47139,32.16944],[73.47184,32.1694],[73.47219,32.16964],[73.47272,32.16981],[73.47273,32.17011],[73.47282,32.1702],[73.47327,32.1702],[73.474,32.16998],[73.47451,32.17012],[73.47545,32.17003],[73.47709,32.17016],[73.47787,32.17044],[73.47821,32.17045],[73.4785,32.17027],[73.47914,32.17039],[73.47954,32.17057],[73.47987,32.17086],[73.48029,32.17163],[73.48075,32.1718],[73.48219,32.17276],[73.48252,32.17317],[73.48248,32.17331],[73.48255,32.17346],[73.48276,32.17367],[73.48354,32.1741],[73.48469,32.17438],[73.48488,32.17435],[73.48505,32.17454],[73.48732,32.17541],[73.48813,32.17593],[73.48847,32.17628],[73.48859,32.17692],[73.48924,32.17785],[73.49181,32.17949],[73.49276,32.17992],[73.49347,32.18053],[73.494,32.18083],[73.494,32.18097],[73.49424,32.18128],[73.49497,32.18286],[73.49564,32.18367],[73.49581,32.18428],[73.49708,32.18517],[73.49815,32.18581],[73.49828,32.18601],[73.49977,32.18614],[73.50052,32.18631],[73.50067,32.18648],[73.50151,32.18697],[73.50168,32.18716],[73.50238,32.1875],[73.50345,32.18875],[73.50344,32.18886],[73.50367,32.18902],[73.50663,32.19221],[73.50729,32.19249],[73.5079,32.19258],[73.50925,32.19258],[73.50927,32.19267],[73.51004,32.19252],[73.5106,32.19203],[73.51087,32.19168],[73.51128,32.19179],[73.51156,32.19235],[73.51334,32.19523],[73.51614,32.1975],[73.51702,32.20102],[73.51726,32.20172],[73.52124,32.20594],[73.52181,32.20674],[73.52397,32.21022],[73.52425,32.21046],[73.52509,32.21087],[73.52907,32.21321],[73.53507,32.21691],[73.53921,32.21929],[73.54357,32.22196],[73.55157,32.22482],[73.55664,32.22759],[73.55862,32.22836],[73.55934,32.22833],[73.5666,32.22709],[73.57039,32.22412]],[[73.51142,32.1916],[73.51142,32.19158],[73.51143,32.19159],[73.51142,32.1916]]]]}},{"type":"Feature","properties":{"lu":"Water Body","ct":"Existing","a":18.629},"geometry":{"type":"MultiPolygon","coordinates":[[[[73.4199,31.99697],[73.40703,31.98764],[73.407,31.98771],[73.42052,31.99743],[73.4199,31.99697]]],[[[73.4229,31.99914],[73.42268,31.99898],[73.42342,31.99952],[73.4229,31.99914]]],[[[73.42804,32.00288],[73.42961,32.00389],[73.433,32.00561],[73.43583,32.0067],[73.43879,32.00756],[73.44105,32.00801],[73.45904,32.01112],[73.46659,32.01249],[73.48129,32.01492],[73.53131,32.01684],[73.53199,32.01679],[73.5323,32.01669],[73.53305,32.0162],[73.533,32.01612],[73.53291,32.01613],[73.53252,32.01649],[73.53211,32.01668],[73.53108,32.01676],[73.48429,32.01503],[73.48152,32.0149],[73.48032,32.01476],[73.4466,32.00893],[73.44025,32.00779],[73.43843,32.00739],[73.4357,32.00659],[73.4326,32.00539],[73.42913,32.00353],[73.42647,32.00173],[73.42804,32.00288]]]]}},{"type":"Feature","properties":{"lu":"Water Body","ct":"Existing","a":7201.558,"nm":"Hide"},"geometry":{"type":"MultiPolygon","coordinates":[[[[73.54345,32.25502],[73.54213,32.25275],[73.53742,32.24946],[73.531,32.24547],[73.52314,32.24304],[73.51101,32.2409],[73.51071,32.24501],[73.51162,32.25235],[73.51683,32.26509],[73.53362,32.27724],[73.55967,32.29055],[73.57587,32.29692],[73.59555,32.30155],[73.60454,32.30547],[73.60138,32.30129],[73.59695,32.29629],[73.59053,32.29429],[73.58782,32.29001],[73.58368,32.28444],[73.57839,32.2823],[73.57168,32.28044],[73.56169,32.28002],[73.5537,32.2773],[73.54741,32.27259],[73.5457,32.25889],[73.54345,32.25502]]],[[[73.68163,32.32828],[73.68172,32.32785],[73.68188,32.32787],[73.6852,32.31383],[73.68304,32.31242],[73.68009,32.30987],[73.67971,32.30967],[73.67977,32.30959],[73.67876,32.30871],[73.67234,32.30786],[73.6652,32.30629],[73.65406,32.30643],[73.64507,32.30471],[73.63579,32.30728],[73.62751,32.31014],[73.61995,32.31236],[73.64417,32.32528],[73.65633,32.33107],[73.66617,32.33339],[73.67832,32.34207],[73.67852,32.34213],[73.68178,32.32829],[73.68163,32.32828]]]]}},{"type":"Feature","properties":{"lu":"Water Body","ct":"Existing","a":8.591},"geometry":{"type":"MultiPolygon","coordinates":[[[[73.54444,32.02126],[73.54668,32.01741],[73.5475,32.01558],[73.54808,32.01401],[73.54841,32.01296],[73.54884,32.01114],[73.54912,32.00948],[73.54926,32.00788],[73.54928,32.00565],[73.54912,32.0037],[73.54887,32.00199],[73.54841,32.00009],[73.5477,31.99803],[73.54638,31.99515],[73.53344,31.97152],[73.53267,31.9702],[73.53169,31.96875],[73.52959,31.96615],[73.5282,31.96472],[73.52699,31.96363],[73.5259,31.96276],[73.52365,31.96119],[73.50588,31.95049],[73.52351,31.96114],[73.52656,31.96333],[73.52809,31.96467],[73.52951,31.96611],[73.53133,31.96833],[73.53293,31.97071],[73.54638,31.99521],[73.54696,31.99638],[73.5479,31.9987],[73.54847,32.00051],[73.54884,32.00205],[73.54922,32.00533],[73.54923,32.00788],[73.54899,32.01019],[73.54864,32.01193],[73.54827,32.01335],[73.5478,32.0147],[73.54656,32.01758],[73.54436,32.02131],[73.54444,32.02126]]]]}},{"type":"Feature","properties":{"lu":"Water Body","ct":"Existing","a":20.625},"geometry":{"type":"MultiPolygon","coordinates":[[[[73.59678,31.99819],[73.59164,31.99618],[73.59095,31.99626],[73.58554,31.99407],[73.57571,31.99108],[73.5738,31.99043],[73.57255,31.98979],[73.56726,31.98652],[73.55841,31.98254],[73.55515,31.98146],[73.55511,31.9815],[73.55834,31.98256],[73.56719,31.98653],[73.57193,31.98954],[73.57344,31.99036],[73.57407,31.99062],[73.58568,31.99422],[73.59104,31.99641],[73.59164,31.99633],[73.59695,31.99836],[73.59746,31.99847],[73.59752,31.9984],[73.59678,31.99819]]],[[[73.63557,32.00119],[73.62578,31.99942],[73.62248,31.99932],[73.62205,31.99958],[73.62189,31.9996],[73.6215,31.99948],[73.61626,31.99999],[73.6134,32.00005],[73.61217,31.99993],[73.60747,31.99924],[73.5997,31.99876],[73.59771,31.99844],[73.59765,31.99853],[73.60016,31.99889],[73.60738,31.99934],[73.61017,31.99967],[73.61212,32.00001],[73.61332,32.00011],[73.61533,32.00012],[73.62034,31.99966],[73.62037,31.99975],[73.6216,31.99963],[73.62205,31.99973],[73.62265,31.99939],[73.62552,31.9995],[73.63664,32.00148],[73.63664,32.00139],[73.63557,32.00119]]],[[[73.65396,32.00376],[73.65504,32.00339],[73.6557,32.00305],[73.65602,32.00283],[73.65599,32.00276],[73.65501,32.00331],[73.65341,32.00385],[73.65227,32.00396],[73.65084,32.00394],[73.63711,32.0015],[73.63684,32.0015],[73.65092,32.00398],[73.65326,32.00394],[73.65396,32.00376]]]]}},{"type":"Feature","properties":{"lu":"Water Body","ct":"Existing","a":723.385},"geometry":{"type":"MultiPolygon","coordinates":[[[[73.74746,32.10352],[73.74579,32.10302],[73.74436,32.10681],[73.74428,32.10667],[73.74418,32.10695],[73.74365,32.10713],[73.74396,32.10757],[73.74303,32.1093],[73.7392,32.11776],[73.74056,32.11821],[73.74695,32.10449],[73.74754,32.10354],[73.74746,32.10352]]],[[[73.72261,32.15813],[73.72852,32.1449],[73.73103,32.13956],[73.73379,32.13318],[73.73619,32.12802],[73.74049,32.11837],[73.73921,32.11794],[73.7391,32.11802],[73.73804,32.12002],[73.73694,32.12272],[73.73137,32.13534],[73.72911,32.14005],[73.72778,32.14324],[73.72585,32.14742],[73.72486,32.14939],[73.72278,32.15426],[73.72103,32.1578],[73.72067,32.15896],[73.72204,32.15943],[73.72261,32.15813]]],[[[73.71584,32.17308],[73.72197,32.15958],[73.72061,32.15912],[73.72026,32.15961],[73.71983,32.16078],[73.71039,32.18152],[73.70835,32.18623],[73.70255,32.19899],[73.70391,32.19939],[73.70596,32.19468],[73.70821,32.18992],[73.71253,32.18024],[73.71584,32.17308]]],[[[73.70124,32.20192],[73.69456,32.21644],[73.69244,32.22131],[73.69054,32.22541],[73.68974,32.22766],[73.68911,32.23016],[73.68864,32.23256],[73.68826,32.23552],[73.68812,32.23878],[73.68872,32.24992],[73.69001,32.25005],[73.6895,32.23748],[73.68971,32.23479],[73.69015,32.23222],[73.69079,32.22925],[73.69165,32.22661],[73.69279,32.22379],[73.70375,32.19975],[73.70243,32.19927],[73.70124,32.20192]]],[[[73.69133,32.2731],[73.69093,32.26627],[73.69068,32.26015],[73.69002,32.25011],[73.68873,32.24999],[73.68882,32.25359],[73.68918,32.25877],[73.68982,32.27052],[73.69069,32.28951],[73.69201,32.28784],[73.69133,32.2731]]]]}},{"type":"Feature","properties":{"lu":"Water Body","ct":"Existing","a":13.753},"geometry":{"type":"MultiPolygon","coordinates":[[[[73.75012,31.97013],[73.74674,31.9678],[73.74525,31.96668],[73.74251,31.96486],[73.73954,31.96271],[73.73933,31.96265],[73.73353,31.95857],[73.73279,31.95796],[73.73121,31.9563],[73.73037,31.9552],[73.72863,31.95265],[73.72857,31.95267],[73.73052,31.95556],[73.73152,31.95681],[73.73269,31.95797],[73.73384,31.95887],[73.77148,31.98507],[73.77818,31.98967],[73.77863,31.99005],[73.77898,31.99014],[73.77898,31.99006],[73.77845,31.98984],[73.77184,31.98514],[73.75012,31.97013]]]]}},{"type":"Feature","properties":{"lu":"Water Body","ct":"Existing","a":20.393},"geometry":{"type":"MultiPolygon","coordinates":[[[[73.79102,32.01304],[73.78958,32.01162],[73.78618,32.00443],[73.78349,32.00062],[73.78298,31.99961],[73.78282,31.99953],[73.78258,31.99968],[73.78271,31.99997],[73.78307,32.00025],[73.7863,32.00487],[73.78677,32.0061],[73.78934,32.01149],[73.78989,32.01223],[73.79246,32.01466],[73.79253,32.01462],[73.79102,32.01304]]],[[[73.8212,32.03199],[73.81686,32.02912],[73.80686,32.02547],[73.80233,32.02397],[73.80198,32.02374],[73.80048,32.0223],[73.79273,32.01471],[73.79259,32.01478],[73.80205,32.02398],[73.80582,32.02527],[73.81666,32.02922],[73.82285,32.03323],[73.82287,32.03305],[73.8212,32.03199]]]]}},{"type":"Feature","properties":{"lu":"Water Body","ct":"Existing","a":14.325},"geometry":{"type":"MultiPolygon","coordinates":[[[[73.5436,31.92715],[73.5528,31.92703],[73.55332,31.92694],[73.55354,31.92687],[73.55674,31.92486],[73.55724,31.92463],[73.55819,31.92446],[73.56193,31.92432],[73.56254,31.92422],[73.56356,31.9235],[73.5664,31.92104],[73.56726,31.92039],[73.56715,31.92032],[73.56359,31.92336],[73.56253,31.92415],[73.56161,31.92431],[73.55759,31.92446],[73.55642,31.92497],[73.55332,31.92684],[73.55173,31.92697],[73.53951,31.92717],[73.5381,31.92713],[73.50625,31.91665],[73.5061,31.91661],[73.50598,31.91667],[73.51385,31.91926],[73.51488,31.91967],[73.52448,31.9227],[73.53789,31.92718],[73.53863,31.92727],[73.5436,31.92715]]]]}},{"type":"Feature","properties":{"lu":"Water Body","ct":"Existing","a":22.71},"geometry":{"type":"MultiPolygon","coordinates":[[[[73.61691,31.96207],[73.61432,31.9602],[73.61369,31.95988],[73.6116,31.95902],[73.60615,31.95702],[73.60338,31.95571],[73.60189,31.95488],[73.60006,31.95373],[73.59799,31.95224],[73.59613,31.95055],[73.59592,31.95024],[73.59422,31.94845],[73.58532,31.93688],[73.58446,31.93594],[73.57161,31.92323],[73.56994,31.92177],[73.56881,31.92104],[73.56772,31.92047],[73.56587,31.91969],[73.5648,31.91933],[73.55851,31.91765],[73.55715,31.91722],[73.55566,31.91662],[73.55451,31.91602],[73.55222,31.91453],[73.55211,31.91463],[73.55492,31.91643],[73.55586,31.91683],[73.55877,31.91783],[73.56579,31.91979],[73.56715,31.92032],[73.56823,31.92088],[73.56923,31.92146],[73.56998,31.922],[73.57225,31.92402],[73.57453,31.92634],[73.57904,31.9307],[73.58317,31.93491],[73.58495,31.93659],[73.5857,31.93747],[73.5941,31.94849],[73.59563,31.95015],[73.59825,31.95251],[73.59973,31.95362],[73.60171,31.9549],[73.6034,31.95581],[73.60643,31.9572],[73.61351,31.95985],[73.61393,31.96007],[73.61851,31.96324],[73.61903,31.96337],[73.61921,31.96333],[73.61846,31.96312],[73.61691,31.96207]]]]}},{"type":"Feature","properties":{"lu":"Water Body","ct":"Existing","a":3.603},"geometry":{"type":"MultiPolygon","coordinates":[[[[73.8207,32.02738],[73.81914,32.02687],[73.81852,32.02652],[73.81789,32.02604],[73.81429,32.022],[73.8137,32.02107],[73.80776,32.01012],[73.8077,32.01014],[73.81402,32.02168],[73.81723,32.02546],[73.81829,32.02647],[73.8192,32.02697],[73.82335,32.02824],[73.82338,32.02813],[73.8232,32.02806],[73.82282,32.02802],[73.8207,32.02738]]]]}},{"type":"Feature","properties":{"lu":"Water Body","ct":"Existing","a":5.979},"geometry":{"type":"MultiPolygon","coordinates":[[[[73.80352,32.03738],[73.80201,32.03666],[73.80355,32.03747],[73.8036,32.03743],[73.80352,32.03738]]],[[[73.82485,32.05343],[73.81498,32.04305],[73.81398,32.04238],[73.8126,32.04169],[73.80455,32.03788],[73.80372,32.03756],[73.81369,32.04228],[73.81455,32.04279],[73.81522,32.04335],[73.82536,32.05415],[73.82547,32.05409],[73.82485,32.05343]]]]}},{"type":"Feature","properties":{"lu":"Water Body","ct":"Existing","a":15.657},"geometry":{"type":"MultiPolygon","coordinates":[[[[73.66307,32.20664],[73.66314,32.19914],[73.66305,32.1944],[73.66274,32.19286],[73.66165,32.19115],[73.66065,32.19012],[73.65991,32.18956],[73.65806,32.18873],[73.6567,32.18825],[73.65456,32.18768],[73.64839,32.18642],[73.65538,32.18792],[73.65797,32.18874],[73.65984,32.18958],[73.66071,32.19023],[73.66164,32.19121],[73.66264,32.19287],[73.66296,32.19445],[73.66302,32.19617],[73.66299,32.20641],[73.66307,32.20726],[73.66316,32.20724],[73.66307,32.20664]]],[[[73.67022,32.24122],[73.67049,32.24055],[73.67075,32.23945],[73.67077,32.23896],[73.66969,32.22315],[73.66948,32.22175],[73.66899,32.22041],[73.66884,32.22044],[73.66907,32.22083],[73.66946,32.22216],[73.6696,32.22323],[73.66964,32.22515],[73.6701,32.2307],[73.67058,32.23957],[73.66982,32.24183],[73.66764,32.24486],[73.6678,32.24484],[73.66988,32.24197],[73.67022,32.24122]]]]}},{"type":"Feature","properties":{"lu":"Water Body","ct":"Existing","a":53.985},"geometry":{"type":"MultiPolygon","coordinates":[[[[73.77977,32.13257],[73.76904,32.1212],[73.76875,32.12098],[73.76757,32.12052],[73.76489,32.11925],[73.76442,32.1186],[73.76393,32.11751],[73.76343,32.11687],[73.76312,32.11555],[73.7623,32.11413],[73.76182,32.11267],[73.75984,32.10933],[73.75846,32.10673],[73.75821,32.10644],[73.7569,32.10589],[73.75639,32.10555],[73.75435,32.10372],[73.75349,32.10185],[73.75163,32.09894],[73.75152,32.09863],[73.7516,32.09826],[73.75113,32.09671],[73.75088,32.09618],[73.75085,32.09589],[73.75091,32.09563],[73.75085,32.09559],[73.74993,32.09772],[73.7503,32.09824],[73.75077,32.09851],[73.75098,32.09879],[73.75428,32.10445],[73.75513,32.10531],[73.75574,32.10543],[73.75634,32.10595],[73.75794,32.10674],[73.76012,32.11039],[73.76097,32.11195],[73.76143,32.11261],[73.76211,32.1145],[73.76269,32.11551],[73.763,32.11634],[73.76307,32.11685],[73.76319,32.1171],[73.76358,32.11746],[73.76408,32.11864],[73.76473,32.11939],[73.76881,32.12136],[73.77974,32.13295],[73.77997,32.13272],[73.77977,32.13257]]],[[[73.79297,32.13983],[73.79248,32.13935],[73.7917,32.13887],[73.7838,32.13542],[73.78181,32.13447],[73.78148,32.13426],[73.78069,32.13348],[73.78056,32.13311],[73.78012,32.13283],[73.77987,32.13308],[73.78026,32.13341],[73.78058,32.13349],[73.78087,32.13395],[73.7817,32.13458],[73.78222,32.13487],[73.78612,32.13664],[73.79196,32.13914],[73.79254,32.1396],[73.79321,32.14036],[73.79332,32.14023],[73.79297,32.13983]]]]}},{"type":"Feature","properties":{"lu":"Water Body","ct":"Existing","a":25.588},"geometry":{"type":"MultiPolygon","coordinates":[[[[73.69545,32.15945],[73.69521,32.15927],[73.69507,32.15938],[73.68271,32.17101],[73.68234,32.17125],[73.68209,32.1716],[73.6774,32.17596],[73.67629,32.17685],[73.67596,32.17692],[73.67653,32.17714],[73.6869,32.16745],[73.68723,32.16736],[73.68839,32.16636],[73.69472,32.16046],[73.6949,32.16015],[73.69492,32.15992],[73.69545,32.15945]]]]}},{"type":"Feature","properties":{"lu":"Water Body","ct":"Existing","a":13.812},"geometry":{"type":"MultiPolygon","coordinates":[[[[73.69476,32.15893],[73.69468,32.15886],[73.69349,32.1599],[73.69282,32.16032],[73.69138,32.16106],[73.68888,32.16172],[73.68748,32.16182],[73.68577,32.16173],[73.68482,32.16154],[73.6756,32.15934],[73.67428,32.1591],[73.67136,32.15891],[73.65227,32.15824],[73.64975,32.15787],[73.64788,32.15737],[73.64577,32.1565],[73.64249,32.15482],[73.64185,32.15442],[73.63999,32.1536],[73.63823,32.15307],[73.63698,32.1528],[73.63696,32.15286],[73.63934,32.15346],[73.64053,32.1539],[73.64564,32.1565],[73.64695,32.15708],[73.64915,32.15778],[73.65105,32.15817],[73.65195,32.15829],[73.65565,32.15845],[73.66943,32.15892],[73.67162,32.15907],[73.67293,32.15903],[73.67549,32.15941],[73.68515,32.16175],[73.6871,32.16192],[73.68728,32.16201],[73.68744,32.16193],[73.68931,32.16179],[73.69047,32.16156],[73.69139,32.16125],[73.69341,32.1601],[73.69476,32.15893]]]]}},{"type":"Feature","properties":{"lu":"Water Body","ct":"Existing","a":35.766},"geometry":{"type":"MultiPolygon","coordinates":[[[[73.71398,32.14502],[73.72928,32.13348],[73.73032,32.13278],[73.7311,32.13205],[73.73206,32.1309],[73.73267,32.12987],[73.73417,32.12616],[73.73432,32.12596],[73.7347,32.12571],[73.73552,32.12593],[73.73564,32.12568],[73.73477,32.1255],[73.73431,32.12558],[73.73419,32.1257],[73.73354,32.127],[73.73222,32.13],[73.7313,32.13136],[73.73014,32.13258],[73.72965,32.13289],[73.72927,32.13299],[73.72869,32.13356],[73.71842,32.14141],[73.69843,32.1564],[73.69526,32.15915],[73.69554,32.15937],[73.69678,32.15815],[73.69841,32.15677],[73.71398,32.14502]]]]}},{"type":"Feature","properties":{"lu":"Water Body","ct":"Existing","a":19.415},"geometry":{"type":"MultiPolygon","coordinates":[[[[73.75274,32.15203],[73.743,32.14437],[73.74218,32.14381],[73.73288,32.13559],[73.73288,32.13578],[73.74112,32.1431],[73.75286,32.15229],[73.75287,32.15212],[73.75274,32.15203]]],[[[73.76316,32.15951],[73.75728,32.15559],[73.75306,32.15226],[73.75305,32.15237],[73.75766,32.15607],[73.76484,32.16068],[73.76484,32.16057],[73.76316,32.15951]]],[[[73.77277,32.16619],[73.77037,32.1634],[73.76999,32.16312],[73.76589,32.16121],[73.76503,32.16069],[73.76503,32.16086],[73.76579,32.16138],[73.76624,32.16153],[73.76992,32.16331],[73.7734,32.16714],[73.77452,32.16868],[73.77472,32.16853],[73.77277,32.16619]]]]}},{"type":"Feature","properties":{"lu":"Water Body","ct":"Existing","a":25.693},"geometry":{"type":"MultiPolygon","coordinates":[[[[73.75551,32.12027],[73.75329,32.12107],[73.75329,32.12123],[73.7575,32.11997],[73.76067,32.11883],[73.761,32.11877],[73.76103,32.11864],[73.76074,32.11818],[73.76055,32.11856],[73.76034,32.11866],[73.75551,32.12027]]],[[[73.7531,32.12128],[73.7531,32.12112],[73.75004,32.12216],[73.74894,32.12244],[73.74783,32.12261],[73.74046,32.12023],[73.74021,32.12002],[73.74007,32.11966],[73.7397,32.12047],[73.73977,32.12066],[73.73993,32.12068],[73.74026,32.12055],[73.74051,32.1206],[73.74758,32.12293],[73.74524,32.1238],[73.73773,32.12626],[73.73754,32.12627],[73.73727,32.12616],[73.73712,32.12594],[73.73692,32.12639],[73.73716,32.1265],[73.73784,32.1265],[73.73841,32.12634],[73.74255,32.12487],[73.74425,32.12445],[73.74572,32.12384],[73.74819,32.12315],[73.75313,32.12133],[73.7531,32.12128]]]]}},{"type":"Feature","properties":{"lu":"Water Body","ct":"Existing","a":18.293},"geometry":{"type":"MultiPolygon","coordinates":[[[[73.75162,32.14541],[73.74547,32.14486],[73.74343,32.14453],[73.74302,32.14439],[73.74344,32.14473],[73.74503,32.14498],[73.75234,32.14562],[73.75232,32.14547],[73.75162,32.14541]]],[[[73.76485,32.14544],[73.75871,32.14601],[73.75251,32.14549],[73.75259,32.14566],[73.75867,32.14615],[73.76491,32.14559],[73.76485,32.14544]]],[[[73.77934,32.15499],[73.77657,32.15167],[73.77422,32.14723],[73.77262,32.14399],[73.76826,32.14501],[73.76507,32.14547],[73.76512,32.14559],[73.76526,32.14559],[73.76704,32.14535],[73.77254,32.14418],[73.7752,32.14944],[73.77644,32.15169],[73.77947,32.15536],[73.78121,32.15779],[73.78135,32.15755],[73.77934,32.15499]]]]}},{"type":"Feature","properties":{"lu":"Water Body","ct":"Existing","a":3.046},"geometry":{"type":"MultiPolygon","coordinates":[[[[73.71982,32.15709],[73.71426,32.14944],[73.71388,32.14914],[73.71092,32.14742],[73.71082,32.14749],[73.71369,32.14912],[73.7143,32.1496],[73.71935,32.1566],[73.7205,32.15802],[73.72047,32.15816],[73.72053,32.15817],[73.72053,32.158],[73.71982,32.15709]]]]}},{"type":"Feature","properties":{"lu":"Water Body","ct":"Existing","a":2.882},"geometry":{"type":"MultiPolygon","coordinates":[[[[73.72816,32.14233],[73.72082,32.13986],[73.72056,32.14006],[73.72069,32.14003],[73.72218,32.14048],[73.72809,32.14249],[73.72816,32.14233]]]]}},{"type":"Feature","properties":{"lu":"Water Body","ct":"Existing","a":4.989},"geometry":{"type":"MultiPolygon","coordinates":[[[[73.72952,32.14278],[73.72944,32.14294],[73.72994,32.14309],[73.73228,32.14372],[73.73419,32.14404],[73.73481,32.14446],[73.7399,32.15155],[73.74367,32.1539],[73.74473,32.1551],[73.74496,32.15512],[73.74459,32.15485],[73.74389,32.15394],[73.74003,32.15152],[73.73954,32.15097],[73.73478,32.14433],[73.73423,32.14398],[73.73376,32.14384],[73.73164,32.14347],[73.72952,32.14278]]]]}},{"type":"Feature","properties":{"lu":"Water Body","ct":"Existing","a":4.12},"geometry":{"type":"MultiPolygon","coordinates":[[[[73.66283,32.21823],[73.65945,32.21646],[73.6544,32.21397],[73.65388,32.21363],[73.64882,32.21115],[73.64309,32.20817],[73.64278,32.20803],[73.64261,32.20805],[73.64259,32.20814],[73.64284,32.20812],[73.66286,32.21836],[73.66283,32.21823]]]]}},{"type":"Feature","properties":{"lu":"Water Body","ct":"Existing","a":28.904},"geometry":{"type":"MultiPolygon","coordinates":[[[[73.54077,32.03958],[73.56596,32.03551],[73.56875,32.03512],[73.57053,32.03509],[73.57316,32.03532],[73.57578,32.03598],[73.57656,32.03631],[73.577,32.03627],[73.57657,32.03624],[73.576,32.03598],[73.5738,32.03537],[73.57301,32.03523],[73.57065,32.03502],[73.5687,32.03506],[73.56715,32.03524],[73.55898,32.03655],[73.54072,32.03954],[73.54077,32.03958]]],[[[73.50966,32.0471],[73.51569,32.04515],[73.51833,32.04447],[73.53415,32.04071],[73.54057,32.03965],[73.54049,32.03957],[73.53967,32.03969],[73.53429,32.04058],[73.52583,32.04261],[73.51594,32.04501],[73.50913,32.0472],[73.50914,32.04729],[73.50947,32.04724],[73.50966,32.0471]]],[[[73.50575,32.04827],[73.50548,32.04836],[73.50877,32.04739],[73.50895,32.04732],[73.50894,32.04724],[73.50575,32.04827]]],[[[73.50146,32.04975],[73.50536,32.04849],[73.50527,32.04845],[73.50146,32.04975]]],[[[73.48777,32.05557],[73.49887,32.05064],[73.48485,32.05686],[73.48777,32.05557]]],[[[73.45844,32.06273],[73.46001,32.06255],[73.46022,32.06259],[73.47432,32.06092],[73.47627,32.06053],[73.47743,32.06017],[73.47813,32.05991],[73.48086,32.05864],[73.4785,32.05965],[73.47671,32.06032],[73.47446,32.06084],[73.45623,32.06294],[73.45392,32.0629],[73.45223,32.06271],[73.45125,32.06254],[73.44924,32.06199],[73.42226,32.05258],[73.42003,32.05155],[73.41825,32.05038],[73.4169,32.04918],[73.41605,32.04822],[73.41592,32.04818],[73.4166,32.04898],[73.41801,32.05028],[73.41952,32.05132],[73.42126,32.05225],[73.44969,32.06224],[73.45189,32.06274],[73.45375,32.063],[73.45622,32.063],[73.45844,32.06273]]]]}},{"type":"Feature","properties":{"lu":"Water Body","ct":"Existing","a":25.146},"geometry":{"type":"MultiPolygon","coordinates":[[[[73.61127,32.25419],[73.61061,32.25384],[73.61055,32.25389],[73.62215,32.26001],[73.63255,32.26572],[73.63504,32.26701],[73.65478,32.27889],[73.65526,32.27905],[73.65951,32.27947],[73.69021,32.28225],[73.69022,32.28209],[73.65556,32.27901],[73.65433,32.27853],[73.63859,32.269],[73.63512,32.26698],[73.6252,32.26163],[73.62093,32.25922],[73.61127,32.25419]]]]}},{"type":"Feature","properties":{"lu":"Water Body","ct":"Existing","a":15.881},"geometry":{"type":"MultiPolygon","coordinates":[[[[73.53916,31.94406],[73.53712,31.94359],[73.53482,31.94267],[73.51705,31.93365],[73.51502,31.93278],[73.51423,31.93253],[73.51248,31.93206],[73.51095,31.93181],[73.4974,31.93095],[73.4959,31.93075],[73.49458,31.93035],[73.49345,31.92978],[73.49245,31.92909],[73.48706,31.92421],[73.48669,31.92401],[73.48572,31.9237],[73.4774,31.92155],[73.47618,31.92144],[73.475,31.92158],[73.4742,31.92179],[73.46683,31.92405],[73.47458,31.92172],[73.4757,31.9215],[73.47707,31.92153],[73.48051,31.92238],[73.48466,31.92348],[73.48704,31.92424],[73.49241,31.9291],[73.49301,31.92956],[73.49467,31.93043],[73.4961,31.93087],[73.49697,31.93098],[73.50997,31.93179],[73.51087,31.93188],[73.51324,31.93231],[73.51505,31.93288],[73.51685,31.93364],[73.53485,31.94274],[73.53716,31.94364],[73.5602,31.94879],[73.56364,31.94953],[73.56678,31.95009],[73.56847,31.95023],[73.57086,31.94998],[73.5755,31.94896],[73.57607,31.94893],[73.57653,31.94872],[73.5774,31.94859],[73.57961,31.94798],[73.58126,31.94731],[73.58238,31.94674],[73.5896,31.94271],[73.58957,31.94266],[73.58234,31.94671],[73.58022,31.94767],[73.57809,31.94836],[73.57658,31.94866],[73.57614,31.94888],[73.57562,31.94889],[73.57069,31.94996],[73.5685,31.95017],[73.56655,31.95004],[73.56479,31.9497],[73.53916,31.94406]]]]}},{"type":"Feature","properties":{"lu":"Water Body","ct":"Existing","a":8.399},"geometry":{"type":"MultiPolygon","coordinates":[[[[73.80042,32.10044],[73.80044,32.10039],[73.79958,32.10036],[73.79489,32.10038],[73.79074,32.10069],[73.78976,32.10067],[73.78864,32.10041],[73.78757,32.09993],[73.78688,32.09942],[73.78634,32.09883],[73.78449,32.09622],[73.78409,32.09534],[73.78389,32.09419],[73.784,32.08909],[73.78406,32.08835],[73.78421,32.08811],[73.78438,32.08281],[73.78444,32.08266],[73.78415,32.08264],[73.78391,32.08676],[73.78397,32.08839],[73.78381,32.09409],[73.78386,32.09459],[73.78406,32.09542],[73.78443,32.09625],[73.78643,32.09906],[73.78706,32.09965],[73.78799,32.10023],[73.78912,32.10062],[73.78969,32.10072],[73.79035,32.10075],[73.79496,32.10043],[73.80042,32.10044]]]]}},{"type":"Feature","properties":{"lu":"Water Body","ct":"Existing","a":14.636},"geometry":{"type":"MultiPolygon","coordinates":[[[[73.53561,32.15026],[73.54569,32.14061],[73.54989,32.13672],[73.54941,32.13661],[73.54946,32.13679],[73.54938,32.13703],[73.54827,32.13814],[73.5459,32.14028],[73.53625,32.14953],[73.53321,32.15231],[73.53357,32.15216],[73.53561,32.15026]]],[[[73.52443,32.15388],[73.53172,32.15305],[73.52383,32.1539],[73.52156,32.15423],[73.52316,32.1541],[73.52443,32.15388]]],[[[73.48412,32.15481],[73.47726,32.15393],[73.47662,32.15388],[73.47599,32.154],[73.47519,32.15395],[73.47502,32.15383],[73.4747,32.15376],[73.47278,32.15416],[73.47281,32.15428],[73.47464,32.15389],[73.47492,32.15393],[73.47528,32.1541],[73.47633,32.15407],[73.47674,32.15395],[73.48528,32.15506],[73.48529,32.15499],[73.48412,32.15481]]],[[[73.51934,32.15439],[73.51925,32.1544],[73.51893,32.15445],[73.51934,32.15439]]],[[[73.49672,32.15642],[73.48607,32.15506],[73.48549,32.155],[73.48547,32.15509],[73.49711,32.15657],[73.49714,32.15645],[73.49672,32.15642]]],[[[73.51711,32.15503],[73.51799,32.15467],[73.51598,32.15539],[73.51152,32.1574],[73.51711,32.15503]]],[[[73.497199,32.156446],[73.497222,32.156449],[73.497202,32.156446],[73.497199,32.156446]]],[[[73.50351,32.15719],[73.5011,32.15691],[73.50494,32.15737],[73.50351,32.15719]]]]}},{"type":"Feature","properties":{"lu":"Water Body","ct":"Existing","a":126.211},"geometry":{"type":"MultiPolygon","coordinates":[[[[73.39913,32.17191],[73.39787,32.17106],[73.39809,32.17069],[73.39833,32.17061],[73.3979,32.16945],[73.39473,32.16761],[73.39331,32.16628],[73.39262,32.16523],[73.39174,32.16319],[73.39017,32.16164],[73.38838,32.16043],[73.38572,32.15993],[73.38551,32.16136],[73.39934,32.17248],[73.39985,32.17264],[73.39913,32.17191]]],[[[73.41392,32.17629],[73.41354,32.17512],[73.41204,32.17403],[73.40957,32.17355],[73.40747,32.17291],[73.40404,32.1731],[73.40257,32.1731],[73.40084,32.17295],[73.4139,32.17705],[73.41392,32.17629]]]]}},{"type":"Feature","properties":{"lu":"Water Body","ct":"Existing","a":45.065},"geometry":{"type":"MultiPolygon","coordinates":[[[[73.7122,32.17221],[73.67138,32.14074],[73.6598,32.13172],[73.65898,32.13122],[73.65711,32.13069],[73.65568,32.13068],[73.65448,32.1308],[73.65309,32.13117],[73.6511,32.13215],[73.64909,32.13328],[73.64695,32.13411],[73.64418,32.13473],[73.64253,32.13485],[73.6409,32.13486],[73.64081,32.13502],[73.64363,32.13491],[73.64509,32.13469],[73.64655,32.13434],[73.64912,32.13343],[73.65213,32.13177],[73.65328,32.13125],[73.65446,32.13092],[73.65532,32.13078],[73.6563,32.13078],[73.65725,32.13088],[73.65897,32.13143],[73.65955,32.13174],[73.6607,32.13261],[73.67356,32.14261],[73.68471,32.15113],[73.68554,32.15184],[73.71398,32.17371],[73.71402,32.1736],[73.7122,32.17221]]],[[[73.74083,32.18461],[73.74629,32.18356],[73.74983,32.18275],[73.74985,32.18282],[73.75236,32.18247],[73.75494,32.18234],[73.75494,32.18216],[73.75181,32.18239],[73.74951,32.18274],[73.74232,32.18426],[73.73912,32.18466],[73.73702,32.18471],[73.73449,32.18463],[73.73134,32.18423],[73.72981,32.18378],[73.72787,32.183],[73.72619,32.18224],[73.72424,32.18119],[73.72281,32.18031],[73.71519,32.1745],[73.71513,32.17462],[73.72272,32.18042],[73.72601,32.18232],[73.72758,32.18307],[73.73058,32.18417],[73.73224,32.18453],[73.73339,32.18466],[73.73551,32.18483],[73.73711,32.18486],[73.7385,32.18484],[73.74083,32.18461]]]]}},{"type":"Feature","properties":{"lu":"Water Body","ct":"Existing","a":27.421},"geometry":{"type":"MultiPolygon","coordinates":[[[[73.55926,32.13328],[73.58508,32.1237],[73.58541,32.12371],[73.58788,32.12421],[73.61426,32.12974],[73.6143,32.12963],[73.6113,32.12894],[73.60313,32.1273],[73.60001,32.12655],[73.58512,32.12355],[73.55962,32.13308],[73.55002,32.13658],[73.55005,32.13663],[73.55618,32.13446],[73.55926,32.13328]]],[[[73.6409,32.13486],[73.63901,32.13471],[73.63768,32.13448],[73.61714,32.1302],[73.61449,32.12967],[73.61445,32.12978],[73.61531,32.1299],[73.63859,32.13474],[73.64064,32.13502],[73.64081,32.13502],[73.6409,32.13486]]]]}},{"type":"Feature","properties":{"lu":"Water Body","ct":"Existing","a":156.437},"geometry":{"type":"MultiPolygon","coordinates":[[[[73.7603,32.1152],[73.75677,32.10818],[73.75595,32.10699],[73.75519,32.10642],[73.75356,32.10568],[73.75232,32.10488],[73.7512,32.10433],[73.74955,32.10366],[73.74833,32.10325],[73.74758,32.10324],[73.74746,32.10352],[73.74808,32.10401],[73.74994,32.1046],[73.75165,32.1053],[73.75285,32.10604],[73.75513,32.10797],[73.75615,32.10924],[73.75963,32.11589],[73.76049,32.11557],[73.7603,32.1152]]],[[[73.76812,32.13029],[73.76057,32.11572],[73.75971,32.11605],[73.77002,32.13596],[73.77127,32.13852],[73.7722,32.1382],[73.76812,32.13029]]],[[[73.77965,32.15218],[73.77759,32.14892],[73.77228,32.13835],[73.77137,32.13867],[73.77481,32.14557],[73.77768,32.151],[73.77833,32.15205],[73.77979,32.15393],[73.78197,32.15651],[73.78245,32.15568],[73.77965,32.15218]]]]}},{"type":"Feature","properties":{"lu":"Water Body","ct":"Existing","a":4.235},"geometry":{"type":"MultiPolygon","coordinates":[[[[73.57775,32.07238],[73.57778,32.07231],[73.57425,32.07105],[73.572,32.07039],[73.56958,32.07006],[73.56754,32.07001],[73.55869,32.07051],[73.55579,32.07086],[73.55434,32.07119],[73.55172,32.07221],[73.55045,32.07289],[73.54882,32.07392],[73.55092,32.07266],[73.55178,32.07222],[73.55379,32.07142],[73.55524,32.07103],[73.55661,32.07078],[73.55829,32.07058],[73.56475,32.07021],[73.56825,32.07007],[73.56989,32.07013],[73.57151,32.07038],[73.57435,32.07115],[73.57775,32.07238]]]]}},{"type":"Feature","properties":{"lu":"Water Body","ct":"Existing","a":5.269},"geometry":{"type":"MultiPolygon","coordinates":[[[[73.5214,32.06066],[73.52205,32.059],[73.52244,32.05742],[73.52256,32.05652],[73.52263,32.05566],[73.52243,32.05213],[73.52236,32.05129],[73.52211,32.0501],[73.52013,32.04411],[73.52008,32.04411],[73.52,32.04415],[73.52193,32.04981],[73.52227,32.05143],[73.52254,32.05602],[73.52232,32.05769],[73.52189,32.0593],[73.52125,32.06083],[73.52071,32.0618],[73.51987,32.06298],[73.51905,32.0639],[73.51786,32.06504],[73.51453,32.06758],[73.51703,32.06579],[73.51877,32.06428],[73.5202,32.06264],[73.52102,32.06139],[73.5214,32.06066]]]]}},{"type":"Feature","properties":{"lu":"Water Body","ct":"Existing","a":5.929},"geometry":{"type":"MultiPolygon","coordinates":[[[[73.56147,32.20007],[73.56172,32.19985],[73.56237,32.20011],[73.56333,32.20011],[73.5734,32.19972],[73.57468,32.19948],[73.57573,32.19909],[73.57668,32.19847],[73.5774,32.19773],[73.57733,32.19769],[73.57676,32.19833],[73.57631,32.19867],[73.57521,32.19929],[73.57316,32.1997],[73.56337,32.20002],[73.56231,32.2],[73.56169,32.19975],[73.56142,32.19987],[73.56123,32.20008],[73.56108,32.2001],[73.56047,32.20007],[73.55285,32.20038],[73.55175,32.20033],[73.54955,32.19998],[73.54491,32.19884],[73.54931,32.2],[73.55144,32.20037],[73.55391,32.20041],[73.56125,32.20016],[73.56147,32.20007]]]]}},{"type":"Feature","properties":{"lu":"Water Body","ct":"Existing","a":3.179},"geometry":{"type":"MultiPolygon","coordinates":[[[[73.61497,32.13003],[73.61489,32.13002],[73.6142,32.13207],[73.61319,32.13406],[73.6118,32.1359],[73.6101,32.13751],[73.60882,32.13842],[73.60691,32.13949],[73.60429,32.14052],[73.60431,32.14058],[73.6061,32.13995],[73.60749,32.13929],[73.60841,32.13875],[73.61056,32.13722],[73.61162,32.1361],[73.61187,32.13594],[73.61246,32.13523],[73.61352,32.13366],[73.61426,32.13213],[73.61497,32.13003]]]]}},{"type":"Feature","properties":{"lu":"Water Body","ct":"Existing","a":15.131},"geometry":{"type":"MultiPolygon","coordinates":[[[[73.80699,32.13752],[73.79629,32.13602],[73.79428,32.13567],[73.79404,32.13571],[73.7881,32.13491],[73.78064,32.13315],[73.78095,32.1337],[73.78113,32.13352],[73.78825,32.13514],[73.80698,32.13774],[73.80699,32.13752]]]]}},{"type":"Feature","properties":{"lu":"Water Body","ct":"Existing","a":23.664},"geometry":{"type":"MultiPolygon","coordinates":[[[[73.37565,31.80228],[73.3756,31.80209],[73.37491,31.80209],[73.37412,31.80214],[73.3721,31.80249],[73.37134,31.80255],[73.37064,31.80251],[73.36947,31.80224],[73.36858,31.80178],[73.36792,31.80131],[73.36586,31.79882],[73.3653,31.79803],[73.36421,31.79681],[73.36367,31.79635],[73.36305,31.79596],[73.3625,31.79572],[73.34381,31.78977],[73.3434,31.78989],[73.36255,31.796],[73.36314,31.79629],[73.36378,31.79678],[73.36439,31.7974],[73.36499,31.79828],[73.36751,31.80128],[73.36805,31.80174],[73.36911,31.80239],[73.36985,31.80264],[73.37131,31.80279],[73.37499,31.80228],[73.37565,31.80228]]]]}},{"type":"Feature","properties":{"lu":"Water Body","ct":"Existing","a":19.952},"geometry":{"type":"MultiPolygon","coordinates":[[[[73.64669,31.90699],[73.64607,31.90688],[73.64543,31.90664],[73.63683,31.89992],[73.63115,31.89642],[73.62499,31.88861],[73.62482,31.88852],[73.62427,31.88851],[73.62346,31.88874],[73.6229,31.88882],[73.60438,31.88675],[73.604,31.88659],[73.59848,31.88333],[73.59414,31.88057],[73.59349,31.88032],[73.59309,31.88025],[73.58052,31.88114],[73.57988,31.88109],[73.57978,31.88119],[73.58023,31.88123],[73.5905,31.8805],[73.59331,31.88036],[73.594,31.88061],[73.59859,31.88348],[73.60435,31.88685],[73.62272,31.88891],[73.62359,31.88883],[73.6244,31.88853],[73.62469,31.88857],[73.62567,31.88971],[73.63079,31.89626],[73.63113,31.89659],[73.63323,31.89782],[73.6371,31.90028],[73.64532,31.90669],[73.64534,31.90681],[73.64661,31.90715],[73.64669,31.90699]]]]}},{"type":"Feature","properties":{"lu":"Water Body","ct":"Existing","a":2.79},"geometry":{"type":"MultiPolygon","coordinates":[[[[73.73826,31.92795],[73.74034,31.93137],[73.74109,31.93229],[73.74582,31.9363],[73.74582,31.93619],[73.74117,31.93223],[73.74069,31.93171],[73.73954,31.92971],[73.73837,31.92795],[73.73826,31.92795]]]]}},{"type":"Feature","properties":{"lu":"Water Body","ct":"Existing","a":5.007},"geometry":{"type":"MultiPolygon","coordinates":[[[[73.71252,31.91989],[73.71244,31.92728],[73.71254,31.92818],[73.71268,31.92865],[73.7131,31.92959],[73.72064,31.94084],[73.72061,31.9407],[73.71318,31.92963],[73.71274,31.92865],[73.71257,31.92806],[73.71249,31.92706],[73.71257,31.91991],[73.71252,31.91989]]],[[[73.72078,31.94096],[73.72438,31.94645],[73.72853,31.95261],[73.72864,31.95264],[73.72078,31.94096]]]]}},{"type":"Feature","properties":{"lu":"Water Body","ct":"Existing","a":7.894},"geometry":{"type":"MultiPolygon","coordinates":[[[[73.38551,31.97804],[73.36717,31.97022],[73.36363,31.96862],[73.36064,31.96682],[73.34634,31.95674],[73.34575,31.95648],[73.34541,31.95644],[73.34501,31.9565],[73.345,31.95656],[73.34539,31.95647],[73.34569,31.9565],[73.34624,31.95671],[73.36038,31.9667],[73.36324,31.96845],[73.36642,31.96995],[73.38584,31.97819],[73.38551,31.97804]]],[[[73.40702,31.98766],[73.4035,31.98573],[73.38598,31.9783],[73.40226,31.98524],[73.40424,31.98615],[73.40698,31.98773],[73.40702,31.98766]]]]}},{"type":"Feature","properties":{"lu":"Water Body","ct":"Existing","a":14.938},"geometry":{"type":"MultiPolygon","coordinates":[[[[73.43088,31.95539],[73.43164,31.95521],[73.43332,31.95435],[73.43433,31.95351],[73.43477,31.95295],[73.43465,31.95288],[73.43415,31.95357],[73.4334,31.95421],[73.43227,31.95486],[73.43168,31.95511],[73.41108,31.96079],[73.40826,31.96121],[73.40634,31.9613],[73.40302,31.9612],[73.40103,31.96097],[73.39953,31.96068],[73.39792,31.9602],[73.39612,31.95947],[73.38253,31.95178],[73.38099,31.95101],[73.37897,31.95031],[73.37054,31.94862],[73.36851,31.94809],[73.36723,31.94766],[73.3656,31.94698],[73.36137,31.945],[73.35635,31.94261],[73.35438,31.94155],[73.35434,31.94159],[73.35681,31.94287],[73.36062,31.9447],[73.36694,31.9476],[73.3692,31.94835],[73.37184,31.94895],[73.37805,31.95017],[73.38052,31.95092],[73.38154,31.95135],[73.38405,31.9527],[73.39194,31.95717],[73.39359,31.95818],[73.3964,31.9597],[73.39927,31.9607],[73.40081,31.96101],[73.40253,31.96122],[73.40565,31.96136],[73.40839,31.96127],[73.4102,31.96101],[73.41199,31.96067],[73.43088,31.95539]]]]}},{"type":"Feature","properties":{"lu":"Water Body","ct":"Existing","a":5.299},"geometry":{"type":"MultiPolygon","coordinates":[[[[73.64957,31.90089],[73.64939,31.90088],[73.64903,31.90064],[73.64774,31.89893],[73.64727,31.89815],[73.64647,31.8964],[73.64563,31.88665],[73.6455,31.88661],[73.64627,31.8961],[73.64637,31.89652],[73.64705,31.89798],[73.64769,31.89908],[73.64846,31.90013],[73.6491,31.90087],[73.64949,31.90106],[73.64957,31.90089]]]]}},{"type":"Feature","properties":{"lu":"Water Body","ct":"Existing","a":5.864},"geometry":{"type":"MultiPolygon","coordinates":[[[[73.63373,31.93432],[73.61946,31.92921],[73.61851,31.92871],[73.6175,31.92804],[73.61664,31.92734],[73.61566,31.92637],[73.61485,31.92531],[73.61422,31.92414],[73.61367,31.92258],[73.61349,31.92151],[73.6134,31.92012],[73.61347,31.91933],[73.61393,31.91687],[73.61386,31.9156],[73.61345,31.91433],[73.61305,31.91358],[73.61214,31.9125],[73.61095,31.91144],[73.6101,31.91089],[73.59641,31.9035],[73.59499,31.90265],[73.59385,31.90182],[73.59071,31.89893],[73.59066,31.89896],[73.59367,31.9017],[73.59502,31.90272],[73.61045,31.91115],[73.61122,31.9117],[73.61234,31.91278],[73.61296,31.91349],[73.61332,31.91414],[73.61358,31.91475],[73.61384,31.91572],[73.61392,31.91631],[73.61389,31.91704],[73.61346,31.91915],[73.61336,31.92029],[73.6135,31.92183],[73.61372,31.92285],[73.61424,31.92425],[73.61507,31.92568],[73.61611,31.92692],[73.61706,31.92772],[73.61798,31.92841],[73.61973,31.92935],[73.6337,31.93441],[73.63373,31.93432]]]]}},{"type":"Feature","properties":{"lu":"Water Body","ct":"Existing","a":12.865},"geometry":{"type":"MultiPolygon","coordinates":[[[[73.67379,31.90568],[73.67473,31.90647],[73.68082,31.91022],[73.68082,31.91013],[73.67517,31.9067],[73.67379,31.90568]]],[[[73.6812,31.91036],[73.68119,31.91046],[73.68206,31.91111],[73.68268,31.91176],[73.68344,31.91309],[73.6915,31.93741],[73.69182,31.9383],[73.69222,31.93901],[73.69314,31.94009],[73.69422,31.94086],[73.69519,31.94133],[73.6993,31.94299],[73.70027,31.94353],[73.70129,31.94445],[73.70191,31.94527],[73.70215,31.94575],[73.70254,31.94699],[73.70331,31.95616],[73.70333,31.95622],[73.70346,31.95623],[73.70331,31.95521],[73.7026,31.94694],[73.70238,31.94608],[73.70205,31.94538],[73.70143,31.94449],[73.70096,31.94399],[73.7,31.94326],[73.69957,31.94302],[73.69498,31.94114],[73.694,31.94061],[73.69313,31.93997],[73.69215,31.93875],[73.69177,31.93791],[73.69109,31.93597],[73.68632,31.92141],[73.68342,31.91285],[73.683,31.91205],[73.68256,31.91145],[73.6812,31.91036]]]]}},{"type":"Feature","properties":{"lu":"Water Body","ct":"Existing","a":0.11},"geometry":{"type":"MultiPolygon","coordinates":[[[[73.55218,31.91456],[73.55162,31.9142],[73.55155,31.91422],[73.55214,31.9146],[73.55218,31.91456]]]]}},{"type":"Feature","properties":{"lu":"Water Body","ct":"Existing","a":20.816},"geometry":{"type":"MultiPolygon","coordinates":[[[[73.32976,31.89211],[73.33474,31.89149],[73.33563,31.89097],[73.33818,31.88921],[73.34035,31.88877],[73.34474,31.88568],[73.345,31.88542],[73.34563,31.88422],[73.34944,31.87628],[73.35001,31.87315],[73.35013,31.87292],[73.35262,31.87031],[73.36643,31.86654],[73.36677,31.86677],[73.36699,31.86678],[73.36783,31.86649],[73.36854,31.86663],[73.36965,31.86618],[73.3699,31.8662],[73.37038,31.86643],[73.37099,31.86658],[73.37184,31.86651],[73.37351,31.86656],[73.37588,31.86601],[73.3759,31.8659],[73.37339,31.86651],[73.37224,31.86643],[73.37068,31.86645],[73.36979,31.8661],[73.36932,31.86615],[73.36844,31.86652],[73.36779,31.86641],[73.36694,31.86672],[73.36684,31.86671],[73.36654,31.86644],[73.36398,31.86707],[73.36228,31.86759],[73.35658,31.86908],[73.3525,31.87025],[73.34987,31.87302],[73.34931,31.87609],[73.34515,31.88477],[73.34488,31.88532],[73.34472,31.88547],[73.34055,31.88858],[73.3402,31.88874],[73.33812,31.88913],[73.33616,31.89046],[73.33471,31.89133],[73.32739,31.89224],[73.32551,31.89192],[73.32582,31.89213],[73.32628,31.89229],[73.32705,31.89234],[73.32976,31.89211]]]]}},{"type":"Feature","properties":{"lu":"Water Body","ct":"Existing","a":10.956},"geometry":{"type":"MultiPolygon","coordinates":[[[[73.4348,31.8815],[73.43375,31.88343],[73.42672,31.8934],[73.42663,31.89362],[73.43356,31.8838],[73.43483,31.88164],[73.43489,31.88153],[73.4348,31.8815]]],[[[73.4264,31.89388],[73.42465,31.89629],[73.4243,31.89757],[73.42328,31.90038],[73.42273,31.90295],[73.41995,31.91143],[73.41969,31.91202],[73.4189,31.91293],[73.4168,31.91435],[73.41721,31.91817],[73.41727,31.91961],[73.41719,31.91972],[73.40028,31.92019],[73.37429,31.9214],[73.37157,31.92139],[73.36522,31.92087],[73.36251,31.9209],[73.3611,31.92106],[73.3629,31.92093],[73.36544,31.92093],[73.371,31.92139],[73.37362,31.92146],[73.39814,31.92032],[73.41721,31.91974],[73.41734,31.91955],[73.41724,31.9181],[73.41684,31.91438],[73.41694,31.91424],[73.41842,31.91336],[73.41902,31.91288],[73.41971,31.91205],[73.41994,31.91155],[73.42251,31.90374],[73.4229,31.90238],[73.42325,31.90059],[73.42416,31.89813],[73.42462,31.89652],[73.42483,31.89603],[73.4264,31.89395],[73.42648,31.89375],[73.4264,31.89388]]],[[[73.36095,31.92111],[73.35835,31.92141],[73.35416,31.92214],[73.35372,31.92227],[73.35875,31.92139],[73.36056,31.92116],[73.36081,31.9212],[73.36106,31.92107],[73.36095,31.92111]]]]}},{"type":"Feature","properties":{"lu":"Water Body","ct":"Existing","a":57.536},"geometry":{"type":"MultiPolygon","coordinates":[[[[73.65452,31.8891],[73.65431,31.88904],[73.65379,31.89137],[73.65267,31.8944],[73.65124,31.89724],[73.63295,31.93609],[73.62078,31.96167],[73.62093,31.96192],[73.62116,31.96165],[73.62767,31.94776],[73.63835,31.92531],[73.64059,31.92042],[73.6497,31.90121],[73.65123,31.89813],[73.65335,31.89333],[73.65393,31.89178],[73.65419,31.89093],[73.65452,31.8891]]]]}},{"type":"Feature","properties":{"lu":"Water Body","ct":"Existing","a":2.127},"geometry":{"type":"MultiPolygon","coordinates":[[[[73.54793,31.8946],[73.54996,31.89341],[73.55303,31.89175],[73.55445,31.89084],[73.55531,31.89017],[73.55649,31.88887],[73.5552,31.8902],[73.55419,31.89098],[73.54806,31.89447],[73.5419,31.89873],[73.54197,31.89879],[73.54793,31.8946]]]]}},{"type":"Feature","properties":{"lu":"Water Body","ct":"Existing","a":0.911},"geometry":{"type":"MultiPolygon","coordinates":[[[[73.53794,31.89545],[73.53321,31.89156],[73.53316,31.89159],[73.53614,31.89403],[73.53785,31.89554],[73.53794,31.89545]]]]}},{"type":"Feature","properties":{"lu":"Water Body","ct":"Existing","a":8.294},"geometry":{"type":"MultiPolygon","coordinates":[[[[73.36832,32.13169],[73.36835,32.1314],[73.36664,32.13138],[73.36586,32.13112],[73.36552,32.13071],[73.36504,32.1305],[73.36451,32.13004],[73.36408,32.12979],[73.36319,32.12896],[73.36197,32.12822],[73.36093,32.12708],[73.36022,32.12701],[73.35982,32.12678],[73.3594,32.12669],[73.3591,32.1267],[73.35885,32.1269],[73.3586,32.1276],[73.3584,32.12777],[73.3583,32.12818],[73.3581,32.12861],[73.35772,32.12911],[73.35736,32.13002],[73.35756,32.13018],[73.35771,32.12996],[73.35838,32.12843],[73.35878,32.12785],[73.35902,32.12706],[73.3591,32.12694],[73.35946,32.12687],[73.35979,32.12695],[73.36006,32.12714],[73.36063,32.12728],[73.36086,32.12748],[73.36128,32.12766],[73.36196,32.12843],[73.36309,32.12911],[73.36326,32.12929],[73.36331,32.12948],[73.36368,32.12982],[73.36415,32.13015],[73.36465,32.13037],[73.3649,32.13068],[73.36528,32.13088],[73.3656,32.13135],[73.36648,32.13153],[73.36746,32.13153],[73.36822,32.13177],[73.36832,32.13169]]]]}},{"type":"Feature","properties":{"lu":"Water Body","ct":"Existing","a":5.639},"geometry":{"type":"MultiPolygon","coordinates":[[[[73.35155,32.12412],[73.35178,32.12372],[73.35196,32.12248],[73.35221,32.12149],[73.35207,32.12101],[73.35188,32.12081],[73.35167,32.12031],[73.35106,32.1199],[73.35046,32.11965],[73.34992,32.11963],[73.34967,32.1197],[73.3481,32.11959],[73.34691,32.11965],[73.34627,32.11986],[73.34567,32.12023],[73.34543,32.12049],[73.34565,32.1206],[73.34595,32.1203],[73.34677,32.1199],[73.34794,32.11979],[73.34964,32.11989],[73.35025,32.11982],[73.3508,32.11998],[73.35118,32.12019],[73.35147,32.12043],[73.35196,32.12138],[73.35158,32.12353],[73.35149,32.12372],[73.35121,32.12396],[73.35128,32.12406],[73.35155,32.12412]]]]}},{"type":"Feature","properties":{"lu":"Water Body","ct":"Existing","a":9.058},"geometry":{"type":"MultiPolygon","coordinates":[[[[73.29468,31.85152],[73.30511,31.84874],[73.31854,31.84496],[73.3203,31.84436],[73.32072,31.84411],[73.32211,31.84241],[73.32391,31.83973],[73.32416,31.83953],[73.32509,31.83913],[73.32554,31.83882],[73.32699,31.83738],[73.33216,31.83596],[73.33461,31.83407],[73.33514,31.83261],[73.33563,31.83092],[73.33551,31.83089],[73.3351,31.83252],[73.3345,31.83405],[73.332,31.83594],[73.32721,31.83721],[73.3268,31.83742],[73.32546,31.83878],[73.3239,31.83965],[73.32294,31.84117],[73.32102,31.84368],[73.32047,31.84419],[73.31991,31.84443],[73.317,31.84533],[73.30511,31.84867],[73.29943,31.85024],[73.29425,31.85156],[73.2934,31.8514],[73.28857,31.84954],[73.28855,31.8496],[73.2933,31.85142],[73.29427,31.85162],[73.29468,31.85152]]]]}},{"type":"Feature","properties":{"lu":"Water Body","ct":"Existing","a":2.088},"geometry":{"type":"MultiPolygon","coordinates":[[[[73.23721,31.8157],[73.2406,31.81505],[73.24119,31.81472],[73.24202,31.81389],[73.24213,31.81387],[73.24204,31.81381],[73.24106,31.81479],[73.24045,31.81506],[73.23546,31.816],[73.23316,31.8157],[73.22583,31.81447],[73.22588,31.81455],[73.23486,31.81602],[73.23548,31.81604],[73.23721,31.8157]]]]}},{"type":"Feature","properties":{"lu":"Water Body","ct":"Existing","a":8.625},"geometry":{"type":"MultiPolygon","coordinates":[[[[73.25291,31.82131],[73.25263,31.82137],[73.23251,31.80696],[73.23205,31.80664],[73.23145,31.80657],[73.22261,31.80026],[73.22178,31.79975],[73.22017,31.79919],[73.21912,31.799],[73.21805,31.79898],[73.21675,31.79919],[73.21519,31.79974],[73.20921,31.80263],[73.21059,31.80642],[73.21067,31.80642],[73.20932,31.80267],[73.21516,31.7998],[73.21636,31.79935],[73.21757,31.79909],[73.21874,31.79903],[73.21984,31.79919],[73.22111,31.79954],[73.22205,31.79997],[73.23145,31.80661],[73.23204,31.80669],[73.23239,31.80693],[73.24669,31.81712],[73.25255,31.82139],[73.25275,31.8214],[73.25291,31.82131]]]]}},{"type":"Feature","properties":{"lu":"Water Body","ct":"Existing","a":2.986},"geometry":{"type":"MultiPolygon","coordinates":[[[[73.22694,31.82699],[73.2438,31.81724],[73.2451,31.816],[73.24503,31.81595],[73.24376,31.81722],[73.22503,31.82807],[73.22694,31.82699]]]]}},{"type":"Feature","properties":{"lu":"Water Body","ct":"Existing","a":7.396},"geometry":{"type":"MultiPolygon","coordinates":[[[[73.26948,31.83256],[73.26698,31.83614],[73.26632,31.83681],[73.25639,31.84294],[73.25555,31.84325],[73.25425,31.84358],[73.2529,31.84369],[73.24338,31.84335],[73.23959,31.84089],[73.23893,31.84054],[73.23847,31.84045],[73.23409,31.84069],[73.23839,31.8405],[73.23891,31.84059],[73.24112,31.84194],[73.24294,31.84318],[73.24338,31.84342],[73.24366,31.84347],[73.25385,31.84374],[73.25508,31.84348],[73.25607,31.84314],[73.25741,31.84238],[73.26631,31.83689],[73.26696,31.83625],[73.2676,31.83544],[73.26956,31.83261],[73.26948,31.83256]]],[[[73.23402,31.8407],[73.23299,31.84074],[73.23155,31.84082],[73.23098,31.84083],[73.23065,31.84086],[73.23063,31.8409],[73.23077,31.84092],[73.23167,31.84087],[73.23261,31.8408],[73.23322,31.84078],[73.2336,31.84076],[73.23376,31.84074],[73.23403,31.84073],[73.23402,31.8407]]]]}},{"type":"Feature","properties":{"lu":"Water Body","ct":"Existing","a":7.935},"geometry":{"type":"MultiPolygon","coordinates":[[[[73.27276,31.79814],[73.27364,31.7925],[73.27354,31.79178],[73.27335,31.79133],[73.26346,31.77899],[73.26268,31.77832],[73.26199,31.77787],[73.26117,31.77748],[73.25971,31.77705],[73.24733,31.77398],[73.24705,31.77385],[73.24668,31.77351],[73.24647,31.77313],[73.24642,31.77279],[73.24641,31.76192],[73.2464,31.77278],[73.2465,31.77326],[73.24672,31.77361],[73.24692,31.7738],[73.24752,31.77405],[73.26109,31.77749],[73.26258,31.77828],[73.26352,31.77912],[73.26444,31.78025],[73.27314,31.79108],[73.27347,31.79169],[73.2736,31.79246],[73.27347,31.79355],[73.27078,31.81027],[73.27067,31.81086],[73.27046,31.81141],[73.2699,31.81234],[73.26935,31.81295],[73.26171,31.82079],[73.26175,31.82082],[73.26979,31.81257],[73.27061,31.8112],[73.27085,31.81018],[73.27276,31.79814]]],[[[73.25981,31.82273],[73.2587,31.82387],[73.2615,31.821],[73.25981,31.82273]]],[[[73.25849,31.82412],[73.25849,31.82411],[73.25849,31.8241],[73.2585,31.82409],[73.25819,31.82439],[73.25822,31.82441],[73.25837,31.82426],[73.25849,31.82413],[73.25849,31.82412]]]]}},{"type":"Feature","properties":{"lu":"Water Body","ct":"Existing","a":1.979},"geometry":{"type":"MultiPolygon","coordinates":[[[[73.281,31.79794],[73.28569,31.79721],[73.28667,31.79682],[73.2873,31.7963],[73.29103,31.79138],[73.28728,31.79628],[73.28682,31.79665],[73.28602,31.79705],[73.28513,31.79727],[73.27651,31.79861],[73.27569,31.79865],[73.27351,31.79824],[73.27276,31.79814],[73.27275,31.79821],[73.27589,31.7987],[73.27654,31.79866],[73.281,31.79794]]]]}},{"type":"Feature","properties":{"lu":"Water Body","ct":"Existing","a":2.071},"geometry":{"type":"MultiPolygon","coordinates":[[[[73.26661,31.77509],[73.27063,31.76837],[73.27058,31.76836],[73.26856,31.77168],[73.26478,31.77804],[73.26456,31.77834],[73.26358,31.77916],[73.26363,31.77922],[73.26467,31.77833],[73.26661,31.77509]]]]}},{"type":"Feature","properties":{"lu":"Water Body","ct":"Existing","a":7.805},"geometry":{"type":"MultiPolygon","coordinates":[[[[73.33181,31.8047],[73.33281,31.80549],[73.3332,31.8057],[73.33126,31.80426],[73.33181,31.8047]]],[[[73.33734,31.80678],[73.34509,31.81148],[73.33728,31.80674],[73.33734,31.80678]]],[[[73.3472,31.81265],[73.35557,31.81719],[73.35511,31.81685],[73.35391,31.81618],[73.34714,31.81262],[73.3472,31.81265]]],[[[73.36184,31.82333],[73.36553,31.8271],[73.36926,31.83076],[73.37022,31.83197],[73.37142,31.83374],[73.3719,31.83496],[73.37242,31.83688],[73.3731,31.84305],[73.37343,31.84458],[73.37431,31.84742],[73.37564,31.85091],[73.37603,31.85179],[73.3764,31.8524],[73.37739,31.85344],[73.38376,31.85876],[73.38374,31.85899],[73.38251,31.86168],[73.38259,31.86171],[73.38382,31.859],[73.38384,31.85884],[73.38372,31.85862],[73.37709,31.85312],[73.37633,31.85212],[73.37599,31.85154],[73.37555,31.85042],[73.37374,31.84558],[73.37346,31.84456],[73.37305,31.84224],[73.3725,31.83704],[73.37189,31.83479],[73.3714,31.83361],[73.37003,31.83168],[73.36922,31.83069],[73.36177,31.82326],[73.36184,31.82333]]]]}},{"type":"Feature","properties":{"lu":"Water Body","ct":"Existing","a":4.565},"geometry":{"type":"MultiPolygon","coordinates":[[[[73.37618,31.8589],[73.37612,31.85887],[73.37585,31.85922],[73.37549,31.85947],[73.35555,31.85901],[73.35331,31.85915],[73.35085,31.85961],[73.34792,31.86069],[73.34353,31.86305],[73.34211,31.86408],[73.34088,31.86516],[73.34006,31.86608],[73.33923,31.86724],[73.33994,31.86634],[73.34111,31.86506],[73.34204,31.86423],[73.34363,31.86304],[73.34785,31.86078],[73.34997,31.85992],[73.35088,31.85966],[73.35322,31.85921],[73.35529,31.85905],[73.3755,31.8595],[73.37567,31.85942],[73.37618,31.8589]]]]}},{"type":"Feature","properties":{"lu":"Water Body","ct":"Existing","a":1.227},"geometry":{"type":"MultiPolygon","coordinates":[[[[73.39461,31.81952],[73.40236,31.81612],[73.39371,31.81988],[73.39326,31.81995],[73.39267,31.81987],[73.38757,31.81759],[73.38663,31.81731],[73.38549,31.81743],[73.38664,31.81733],[73.38756,31.81761],[73.39285,31.81995],[73.39366,31.81993],[73.39461,31.81952]]]]}},{"type":"Feature","properties":{"lu":"Water Body","ct":"Existing","a":6.875},"geometry":{"type":"MultiPolygon","coordinates":[[[[73.44184,31.87952],[73.41709,31.8585],[73.41639,31.85804],[73.4148,31.85734],[73.41372,31.85702],[73.41279,31.85685],[73.4117,31.85675],[73.41071,31.85678],[73.40958,31.85692],[73.40884,31.85709],[73.40687,31.8578],[73.40678,31.85778],[73.40354,31.85423],[73.4028,31.85355],[73.40099,31.85219],[73.396,31.84916],[73.39451,31.84801],[73.39363,31.84717],[73.39424,31.84783],[73.39581,31.84908],[73.4005,31.85192],[73.40259,31.85342],[73.40387,31.85463],[73.40676,31.85784],[73.4069,31.85788],[73.40821,31.85734],[73.40907,31.85709],[73.41002,31.8569],[73.41153,31.8568],[73.41271,31.85686],[73.41495,31.85743],[73.41576,31.85777],[73.41677,31.85832],[73.41735,31.85875],[73.44171,31.87948],[73.44512,31.88222],[73.44416,31.8844],[73.44422,31.88442],[73.44517,31.88223],[73.44184,31.87952]]]]}},{"type":"Feature","properties":{"lu":"Religious Building","ct":"Existing","a":0.084},"geometry":{"type":"MultiPolygon","coordinates":[[[[73.42818,32.04766],[73.42817,32.04785],[73.42835,32.04785],[73.42835,32.04767],[73.42818,32.04766]]]]}},{"type":"Feature","properties":{"lu":"Graveyard","ct":"Existing","a":1.01},"geometry":{"type":"MultiPolygon","coordinates":[[[[73.72533,32.03537],[73.7246,32.03528],[73.72452,32.0358],[73.72523,32.03591],[73.72533,32.03537]]]]}},{"type":"Feature","properties":{"lu":"Water Body","ct":"Existing","a":9.533},"geometry":{"type":"MultiPolygon","coordinates":[[[[73.334,31.9017],[73.33215,31.90092],[73.33145,31.90055],[73.33069,31.89998],[73.33116,31.90038],[73.33198,31.90086],[73.33622,31.90279],[73.334,31.9017]]],[[[73.33893,31.90439],[73.33964,31.90488],[73.33901,31.90444],[73.33893,31.90439]]],[[[73.3426,31.90711],[73.34109,31.9059],[73.34018,31.90526],[73.34113,31.90595],[73.34193,31.90657],[73.3426,31.90711]]],[[[73.34364,31.90794],[73.34333,31.90769],[73.34358,31.90789],[73.34364,31.90794]]],[[[73.39447,31.92742],[73.39142,31.92615],[73.38878,31.92525],[73.38705,31.92478],[73.38397,31.92415],[73.38123,31.92384],[73.36731,31.92291],[73.36419,31.92239],[73.36189,31.92162],[73.36124,31.92131],[73.36109,31.92102],[73.36052,31.92097],[73.359,31.92005],[73.3567,31.91831],[73.35863,31.91983],[73.36057,31.92102],[73.36106,31.92107],[73.36117,31.92132],[73.36316,31.92214],[73.3646,31.92253],[73.3675,31.92297],[73.38032,31.9238],[73.38381,31.92416],[73.38716,31.92484],[73.38967,31.92556],[73.39113,31.92607],[73.39584,31.92801],[73.39447,31.92742]]],[[[73.43807,31.9547],[73.43706,31.95421],[73.42856,31.94933],[73.42526,31.9473],[73.41052,31.93534],[73.40806,31.93365],[73.40609,31.93251],[73.4048,31.9319],[73.40752,31.93343],[73.40997,31.93499],[73.42517,31.94729],[73.4279,31.94902],[73.4366,31.95401],[73.43771,31.95463],[73.43864,31.95483],[73.43864,31.95476],[73.43807,31.9547]]]]}},{"type":"Feature","properties":{"lu":"Graveyard","ct":"Existing","a":2.635},"geometry":{"type":"MultiPolygon","coordinates":[[[[73.59356,32.24786],[73.5938,32.2475],[73.5939,32.24699],[73.59362,32.24695],[73.59371,32.24662],[73.59308,32.24645],[73.59304,32.24652],[73.59326,32.24659],[73.59324,32.24668],[73.59321,32.24682],[73.59304,32.24678],[73.59269,32.24728],[73.59295,32.24747],[73.59278,32.2477],[73.59309,32.24787],[73.5932,32.24771],[73.59356,32.24786]]]]}},{"type":"Feature","properties":{"lu":"Water Body","ct":"Existing","a":25.878},"geometry":{"type":"MultiPolygon","coordinates":[[[[73.61086,32.10149],[73.61074,32.10153],[73.61081,32.10186],[73.60385,32.10421],[73.60388,32.10428],[73.6109,32.10191],[73.61095,32.10185],[73.61086,32.10149]]],[[[73.59088,32.10831],[73.59199,32.10843],[73.6037,32.10435],[73.60367,32.10427],[73.59202,32.10834],[73.57008,32.10611],[73.569,32.1066],[73.56259,32.10882],[73.56018,32.10857],[73.55773,32.1085],[73.55391,32.11052],[73.54892,32.11301],[73.54868,32.11306],[73.53793,32.11066],[73.53586,32.11044],[73.52439,32.10985],[73.51987,32.11062],[73.51994,32.11075],[73.52448,32.10997],[73.53643,32.11062],[73.53801,32.1108],[73.54405,32.11218],[73.54877,32.11316],[73.5535,32.11087],[73.55766,32.10863],[73.55839,32.10857],[73.55929,32.10862],[73.55975,32.10872],[73.56075,32.10872],[73.56262,32.10895],[73.56885,32.10678],[73.57005,32.10624],[73.57785,32.10696],[73.59088,32.10831]]]]}},{"type":"Feature","properties":{"lu":"Water Body","ct":"Existing","a":3.543},"geometry":{"type":"MultiPolygon","coordinates":[[[[73.51976,32.11079],[73.51961,32.11064],[73.51478,32.11154],[73.51427,32.11143],[73.51398,32.1113],[73.51364,32.11101],[73.51148,32.10836],[73.51134,32.10845],[73.51363,32.11122],[73.51389,32.11144],[73.51431,32.11162],[73.51492,32.11167],[73.51976,32.11079]]]]}},{"type":"Feature","properties":{"lu":"Graveyard","ct":"Existing","a":12.048},"geometry":{"type":"MultiPolygon","coordinates":[[[[73.53591,32.03857],[73.53592,32.03791],[73.53543,32.03794],[73.53522,32.03662],[73.53447,32.03674],[73.53482,32.03819],[73.53338,32.03867],[73.53352,32.03916],[73.53301,32.03927],[73.53305,32.03941],[73.53316,32.0394],[73.5332,32.03954],[73.53366,32.03944],[73.53375,32.03983],[73.53414,32.03981],[73.53418,32.03999],[73.53456,32.03992],[73.53459,32.03961],[73.5359,32.0395],[73.53591,32.03857]]]]}},{"type":"Feature","properties":{"lu":"Religious Building","ct":"Existing","a":0.185},"geometry":{"type":"MultiPolygon","coordinates":[[[[73.36132,32.06559],[73.36103,32.06575],[73.36132,32.06592],[73.36132,32.06559]]],[[[73.36171,32.06566],[73.36171,32.06588],[73.36185,32.06569],[73.36171,32.06566]]]]}},{"type":"Feature","properties":{"lu":"Park and Open Spaces","ct":"Existing","a":2.473,"nm":"Vanike Cricket Ground"},"geometry":{"type":"MultiPolygon","coordinates":[[[[73.58888,32.21758],[73.58891,32.21687],[73.58764,32.21683],[73.58756,32.21759],[73.58888,32.21758]]]]}},{"type":"Feature","properties":{"lu":"Graveyard","ct":"Existing","a":3.882},"geometry":{"type":"MultiPolygon","coordinates":[[[[73.54716,31.85938],[73.54694,31.8582],[73.54637,31.85826],[73.54647,31.85861],[73.54551,31.85874],[73.54566,31.85959],[73.54716,31.85938]]]]}},{"type":"Feature","properties":{"lu":"Graveyard","ct":"Existing","a":0.796},"geometry":{"type":"MultiPolygon","coordinates":[[[[73.49558,31.88168],[73.49487,31.88182],[73.49494,31.88231],[73.49552,31.88213],[73.49544,31.88176],[73.49558,31.88168]]]]}},{"type":"Feature","properties":{"lu":"Graveyard","ct":"Existing","a":12.031},"geometry":{"type":"MultiPolygon","coordinates":[[[[73.48751,31.91015],[73.48743,31.91009],[73.48728,31.90946],[73.48711,31.90939],[73.487,31.90912],[73.48655,31.90894],[73.48638,31.90841],[73.4852,31.9087],[73.48511,31.90854],[73.48429,31.90873],[73.48445,31.90944],[73.48438,31.90947],[73.48439,31.90976],[73.48581,31.91027],[73.48661,31.91064],[73.48714,31.91065],[73.48759,31.91048],[73.48751,31.91015]]]]}},{"type":"Feature","properties":{"lu":"Graveyard","ct":"Existing","a":32.659},"geometry":{"type":"MultiPolygon","coordinates":[[[[73.51815,31.91384],[73.51851,31.91409],[73.51853,31.91447],[73.5183,31.91471],[73.51828,31.91489],[73.51865,31.91492],[73.51875,31.91501],[73.5187,31.9152],[73.51881,31.91526],[73.51915,31.91521],[73.51939,31.91541],[73.51932,31.91563],[73.51913,31.91576],[73.51905,31.91601],[73.51939,31.91594],[73.51949,31.91632],[73.52005,31.91639],[73.52056,31.91636],[73.52184,31.91512],[73.52178,31.91388],[73.52247,31.91385],[73.52232,31.91204],[73.52028,31.91214],[73.52031,31.91282],[73.5181,31.91292],[73.51815,31.91384]]]]}},{"type":"Feature","properties":{"lu":"Park and Open Spaces","ct":"Existing","a":7.092},"geometry":{"type":"MultiPolygon","coordinates":[[[[73.4182,32.06142],[73.4182,32.06133],[73.41828,32.06133],[73.41824,32.06088],[73.41766,32.06087],[73.41758,32.05974],[73.41623,32.05976],[73.41635,32.06161],[73.4182,32.06142]]]]}},{"type":"Feature","properties":{"lu":"Water Body","ct":"Existing","a":3.608},"geometry":{"type":"MultiPolygon","coordinates":[[[[73.48298,31.85438],[73.48276,31.85348],[73.48244,31.85261],[73.48188,31.84927],[73.48159,31.84938],[73.48207,31.85201],[73.48227,31.85286],[73.4826,31.85374],[73.48273,31.85441],[73.48298,31.85438]]]]}},{"type":"Feature","properties":{"lu":"Graveyard","ct":"Existing","a":1.56},"geometry":{"type":"MultiPolygon","coordinates":[[[[73.533,31.86005],[73.53257,31.86026],[73.53249,31.86041],[73.53268,31.86113],[73.5331,31.86112],[73.53311,31.8613],[73.53329,31.8611],[73.533,31.86005]]]]}},{"type":"Feature","properties":{"lu":"Graveyard","ct":"Existing","a":1.088},"geometry":{"type":"MultiPolygon","coordinates":[[[[73.36118,32.07445],[73.36118,32.07431],[73.36102,32.07421],[73.36081,32.07374],[73.36018,32.07396],[73.36055,32.07424],[73.36077,32.07468],[73.36118,32.07445]]]]}},{"type":"Feature","properties":{"lu":"Graveyard","ct":"Existing","a":0.487},"geometry":{"type":"MultiPolygon","coordinates":[[[[73.36129,32.06797],[73.36129,32.06777],[73.36122,32.06773],[73.36085,32.0683],[73.36071,32.06835],[73.36094,32.06845],[73.36119,32.0684],[73.36129,32.06797]]]]}},{"type":"Feature","properties":{"lu":"Graveyard","ct":"Existing","a":0.584},"geometry":{"type":"MultiPolygon","coordinates":[[[[73.36089,32.06753],[73.36047,32.06826],[73.36081,32.06829],[73.36117,32.0677],[73.36089,32.06753]]]]}},{"type":"Feature","properties":{"lu":"Grassland","ct":"Existing","a":0.059},"geometry":{"type":"MultiPolygon","coordinates":[[[[73.37053,32.05243],[73.37048,32.05235],[73.37021,32.05236],[73.37028,32.05246],[73.37053,32.05243]]]]}},{"type":"Feature","properties":{"lu":"Water Body","ct":"Existing","a":0.002},"geometry":{"type":"MultiPolygon","coordinates":[[[[73.39536,32.07292],[73.39553,32.07292],[73.39553,32.07291],[73.39552,32.07291],[73.39536,32.07292]]]]}},{"type":"Feature","properties":{"lu":"Graveyard","ct":"Existing","a":12.264},"geometry":{"type":"MultiPolygon","coordinates":[[[[73.58018,31.98479],[73.58129,31.98428],[73.58186,31.9841],[73.58176,31.9836],[73.58189,31.98352],[73.58154,31.98258],[73.58118,31.98198],[73.58034,31.98229],[73.58032,31.98252],[73.57983,31.9825],[73.57966,31.98287],[73.5799,31.98293],[73.57976,31.98328],[73.57974,31.98376],[73.57966,31.98376],[73.57964,31.98385],[73.57964,31.98475],[73.57924,31.98485],[73.57925,31.98536],[73.58018,31.98479]]]]}},{"type":"Feature","properties":{"lu":"Graveyard","ct":"Existing","a":2.569},"geometry":{"type":"MultiPolygon","coordinates":[[[[73.58058,31.98581],[73.58094,31.98671],[73.58086,31.98684],[73.58111,31.98682],[73.58127,31.98689],[73.58171,31.98674],[73.58166,31.98657],[73.5819,31.98635],[73.58178,31.98615],[73.58157,31.98605],[73.58154,31.98582],[73.58128,31.98569],[73.58058,31.98581]]]]}},{"type":"Feature","properties":{"lu":"Religious Building","ct":"Existing","a":0.044},"geometry":{"type":"MultiPolygon","coordinates":[[[[73.58254,31.98483],[73.58253,31.98475],[73.58235,31.98477],[73.58236,31.98489],[73.58254,31.98483]]]]}},{"type":"Feature","properties":{"lu":"Religious Building","ct":"Existing","a":0.063},"geometry":{"type":"MultiPolygon","coordinates":[[[[73.58307,31.98652],[73.58302,31.98643],[73.58279,31.98649],[73.58285,31.98659],[73.58307,31.98652]]]]}},{"type":"Feature","properties":{"lu":"Graveyard","ct":"Existing","a":2.175},"geometry":{"type":"MultiPolygon","coordinates":[[[[73.64058,31.90111],[73.6404,31.90095],[73.64034,31.90109],[73.64008,31.90103],[73.64019,31.90085],[73.63987,31.90064],[73.6399,31.90046],[73.63944,31.90042],[73.63939,31.90119],[73.63974,31.90157],[73.63995,31.90159],[73.64034,31.90141],[73.64063,31.90116],[73.64058,31.90111]]]]}},{"type":"Feature","properties":{"lu":"Graveyard","ct":"Existing","a":5.082},"geometry":{"type":"MultiPolygon","coordinates":[[[[73.33708,31.86005],[73.33656,31.85889],[73.33607,31.85854],[73.33542,31.85926],[73.33623,31.85986],[73.33665,31.86074],[73.33696,31.86068],[73.33721,31.86121],[73.33739,31.86117],[73.33747,31.86103],[73.33708,31.86005]]]]}},{"type":"Feature","properties":{"lu":"Graveyard","ct":"Existing","a":7.586},"geometry":{"type":"MultiPolygon","coordinates":[[[[73.79142,32.0633],[73.79128,32.06275],[73.79121,32.06276],[73.79039,32.06293],[73.79013,32.06317],[73.7898,32.06325],[73.78924,32.06363],[73.78922,32.06392],[73.7895,32.06474],[73.79083,32.06452],[73.79104,32.0644],[73.79113,32.06432],[73.79124,32.06388],[73.7912,32.06348],[73.79142,32.0633]]]]}},{"type":"Feature","properties":{"lu":"Graveyard","ct":"Existing","a":1.765},"geometry":{"type":"MultiPolygon","coordinates":[[[[73.43559,32.02093],[73.43551,32.02061],[73.43499,32.02068],[73.43486,32.02062],[73.43482,32.02041],[73.43463,32.02042],[73.4346,32.02036],[73.43395,32.02051],[73.43378,32.02023],[73.43356,32.02047],[73.4339,32.02072],[73.43433,32.02087],[73.43559,32.02093]]]]}},{"type":"Feature","properties":{"lu":"Park and Open Spaces","ct":"Existing","a":2.189},"geometry":{"type":"MultiPolygon","coordinates":[[[[73.30973,31.88717],[73.30906,31.8856],[73.30893,31.88561],[73.30873,31.88704],[73.30973,31.88717]]]]}},{"type":"Feature","properties":{"lu":"Graveyard","ct":"Existing","a":5.092},"geometry":{"type":"MultiPolygon","coordinates":[[[[73.30814,31.92744],[73.30811,31.92686],[73.30707,31.92631],[73.30638,31.92606],[73.30554,31.92625],[73.30545,31.92654],[73.30564,31.92673],[73.30649,31.92693],[73.30783,31.92746],[73.30814,31.92744]]]]}},{"type":"Feature","properties":{"lu":"Religious Building","ct":"Existing","a":0.022},"geometry":{"type":"MultiPolygon","coordinates":[[[[73.5503,32.12735],[73.55023,32.12734],[73.55024,32.12748],[73.5503,32.12748],[73.5503,32.12735]]]]}},{"type":"Feature","properties":{"lu":"Religious Building","ct":"Existing","a":0.025},"geometry":{"type":"MultiPolygon","coordinates":[[[[73.54959,32.12744],[73.54956,32.1273],[73.54951,32.12731],[73.5495,32.12744],[73.54959,32.12744]]]]}},{"type":"Feature","properties":{"lu":"Religious Building","ct":"Existing","a":0.054},"geometry":{"type":"MultiPolygon","coordinates":[[[[73.55155,32.12741],[73.55142,32.12748],[73.55143,32.1276],[73.55156,32.12759],[73.55155,32.12741]]]]}},{"type":"Feature","properties":{"lu":"Religious Building","ct":"Existing","a":0.379},"geometry":{"type":"MultiPolygon","coordinates":[[[[73.54622,32.12626],[73.54566,32.12624],[73.54564,32.1265],[73.5462,32.12652],[73.54622,32.12626]]]]}},{"type":"Feature","properties":{"lu":"Graveyard","ct":"Existing","a":16.471},"geometry":{"type":"MultiPolygon","coordinates":[[[[73.55263,32.12068],[73.5526,32.12048],[73.55204,32.12059],[73.55161,32.1202],[73.54882,32.12082],[73.5487,32.12221],[73.55057,32.12221],[73.55058,32.1223],[73.55114,32.1223],[73.55194,32.12207],[73.55223,32.12206],[73.55266,32.12096],[73.55263,32.12068]]]]}},{"type":"Feature","properties":{"lu":"Religious Building","ct":"Existing","a":0.019},"geometry":{"type":"MultiPolygon","coordinates":[[[[73.55186,32.12614],[73.55179,32.12613],[73.55177,32.12621],[73.55187,32.12622],[73.55186,32.12614]]]]}},{"type":"Feature","properties":{"lu":"Religious Building","ct":"Existing","a":0.012},"geometry":{"type":"MultiPolygon","coordinates":[[[[73.54858,32.12942],[73.54848,32.12941],[73.54848,32.12945],[73.54856,32.12947],[73.54858,32.12942]]]]}},{"type":"Feature","properties":{"lu":"Religious Building","ct":"Existing","a":0.116},"geometry":{"type":"MultiPolygon","coordinates":[[[[73.54972,32.12591],[73.54948,32.12591],[73.54945,32.1261],[73.54968,32.12611],[73.54972,32.12591]]]]}},{"type":"Feature","properties":{"lu":"Religious Building","ct":"Existing","a":0.204},"geometry":{"type":"MultiPolygon","coordinates":[[[[73.55515,32.12128],[73.55512,32.12151],[73.55548,32.12152],[73.55546,32.12128],[73.55515,32.12128]]]]}},{"type":"Feature","properties":{"lu":"Religious Building","ct":"Existing","a":0.063},"geometry":{"type":"MultiPolygon","coordinates":[[[[73.55774,32.11786],[73.55757,32.11784],[73.55755,32.11798],[73.55773,32.118],[73.55774,32.11786]]]]}},{"type":"Feature","properties":{"lu":"Religious Building","ct":"Existing","a":0.085},"geometry":{"type":"MultiPolygon","coordinates":[[[[73.55737,32.11963],[73.5575,32.11978],[73.55768,32.1198],[73.55768,32.11966],[73.55737,32.11963]]]]}},{"type":"Feature","properties":{"lu":"Religious Building","ct":"Existing","a":0.048},"geometry":{"type":"MultiPolygon","coordinates":[[[[73.55318,32.12447],[73.55314,32.12439],[73.55298,32.1244],[73.55302,32.12454],[73.55318,32.12447]]]]}},{"type":"Feature","properties":{"lu":"Religious Building","ct":"Existing","a":0.88,"nm":"Old Gurdwara"},"geometry":{"type":"MultiPolygon","coordinates":[[[[73.58541,31.97789],[73.58483,31.97812],[73.58504,31.97859],[73.58566,31.97836],[73.58541,31.97789]]]]}},{"type":"Feature","properties":{"lu":"Graveyard","ct":"Existing","a":1.058},"geometry":{"type":"MultiPolygon","coordinates":[[[[73.60504,31.96978],[73.60479,31.9698],[73.60463,31.96996],[73.60436,31.97005],[73.60433,31.97061],[73.60501,31.9704],[73.60504,31.96978]]]]}},{"type":"Feature","properties":{"lu":"Graveyard","ct":"Existing","a":1.886},"geometry":{"type":"MultiPolygon","coordinates":[[[[73.61221,31.96896],[73.61081,31.96893],[73.61082,31.96911],[73.61096,31.96912],[73.61103,31.96937],[73.61096,31.96952],[73.61218,31.96953],[73.61221,31.96896]]]]}},{"type":"Feature","properties":{"lu":"Religious Building","ct":"Existing","a":0.079,"nm":"Masjid Ayesha"},"geometry":{"type":"MultiPolygon","coordinates":[[[[73.57863,32.21399],[73.57869,32.21392],[73.57874,32.21399],[73.57879,32.21391],[73.57865,32.2138],[73.5785,32.214],[73.57859,32.21405],[73.57863,32.21399]]]]}},{"type":"Feature","properties":{"lu":"Religious Building","ct":"Existing","a":0.078,"nm":"Masjid Darbar Sharif"},"geometry":{"type":"MultiPolygon","coordinates":[[[[73.57626,32.21171],[73.57636,32.21179],[73.57653,32.21162],[73.57643,32.21154],[73.57626,32.21171]]]]}},{"type":"Feature","properties":{"lu":"Water Body","ct":"Existing","a":9.125},"geometry":{"type":"MultiPolygon","coordinates":[[[[73.72716,32.07623],[73.72671,32.07588],[73.72661,32.07595],[73.72703,32.07627],[73.72832,32.07779],[73.72829,32.07755],[73.72716,32.07623]]],[[[73.73039,32.07909],[73.73031,32.07896],[73.72996,32.07917],[73.72955,32.07913],[73.72869,32.07805],[73.72867,32.07822],[73.72955,32.07931],[73.73004,32.0793],[73.73035,32.07917],[73.73039,32.07909]]],[[[73.72144,32.07932],[73.71875,32.08092],[73.71875,32.08101],[73.71916,32.08085],[73.72019,32.08024],[73.72237,32.0788],[73.7223,32.07875],[73.72144,32.07932]]],[[[73.71815,32.08163],[73.71855,32.08115],[73.71855,32.08101],[73.71841,32.08105],[73.71819,32.0813],[73.7172,32.08287],[73.71599,32.08433],[73.71057,32.09017],[73.71069,32.09018],[73.71616,32.08431],[73.71709,32.08319],[73.71815,32.08163]]],[[[73.71044,32.09033],[73.71016,32.09066],[73.71023,32.09071],[73.71017,32.09076],[73.71056,32.09034],[73.71044,32.09033]]],[[[73.70467,32.09408],[73.7064,32.09337],[73.70728,32.09292],[73.7086,32.09206],[73.71009,32.09083],[73.71003,32.09079],[73.70815,32.09232],[73.70755,32.09267],[73.70642,32.09327],[73.70453,32.09406],[73.703,32.09445],[73.7011,32.09474],[73.69847,32.09487],[73.70026,32.09487],[73.70189,32.0947],[73.70373,32.09436],[73.70467,32.09408]]],[[[73.69691,32.09465],[73.69509,32.09427],[73.68753,32.09217],[73.688,32.09236],[73.69575,32.09444],[73.69661,32.09464],[73.69842,32.09486],[73.69836,32.0948],[73.69691,32.09465]]]]}},{"type":"Feature","properties":{"lu":"Graveyard","ct":"Existing","a":4.119},"geometry":{"type":"MultiPolygon","coordinates":[[[[73.7756,31.97942],[73.77568,31.97938],[73.77513,31.97827],[73.77454,31.97825],[73.77433,31.97758],[73.77404,31.97779],[73.7738,31.97783],[73.7741,31.97868],[73.77405,31.97908],[73.77459,31.979],[73.77476,31.97912],[73.77496,31.97942],[73.7756,31.97942]]]]}},{"type":"Feature","properties":{"lu":"Religious Building","ct":"Existing","a":0.06},"geometry":{"type":"MultiPolygon","coordinates":[[[[73.79698,31.98367],[73.79696,31.98354],[73.79676,31.98357],[73.79676,31.98365],[73.79698,31.98367]]]]}},{"type":"Feature","properties":{"lu":"Graveyard","ct":"Existing","a":0.201},"geometry":{"type":"MultiPolygon","coordinates":[[[[73.7373,31.94361],[73.73706,31.94365],[73.7376,31.94388],[73.73756,31.94356],[73.7373,31.94361]]]]}},{"type":"Feature","properties":{"lu":"Religious Building","ct":"Existing","a":0.092},"geometry":{"type":"MultiPolygon","coordinates":[[[[73.35539,31.82823],[73.35534,31.82799],[73.35518,31.82802],[73.35523,31.82822],[73.35539,31.82823]]]]}},{"type":"Feature","properties":{"lu":"Graveyard","ct":"Existing","a":5.301},"geometry":{"type":"MultiPolygon","coordinates":[[[[73.36695,31.82561],[73.36588,31.82636],[73.36594,31.82675],[73.36632,31.82709],[73.36721,31.82715],[73.36773,31.82675],[73.36764,31.82619],[73.36736,31.82565],[73.36695,31.82561]]]]}},{"type":"Feature","properties":{"lu":"Religious Building","ct":"Existing","a":0.044},"geometry":{"type":"MultiPolygon","coordinates":[[[[73.67662,31.97906],[73.67655,31.97902],[73.67638,31.97915],[73.67646,31.9792],[73.67662,31.97906]]]]}},{"type":"Feature","properties":{"lu":"Religious Building","ct":"Existing","a":0.064},"geometry":{"type":"MultiPolygon","coordinates":[[[[73.66343,31.95253],[73.66342,31.95237],[73.66327,31.95239],[73.66329,31.95256],[73.66343,31.95253]]]]}},{"type":"Feature","properties":{"lu":"Religious Building","ct":"Existing","a":0.24},"geometry":{"type":"MultiPolygon","coordinates":[[[[73.36546,31.95748],[73.36519,31.95747],[73.36509,31.95782],[73.36532,31.95785],[73.36546,31.95748]]]]}},{"type":"Feature","properties":{"lu":"Religious Building","ct":"Existing","a":0.135},"geometry":{"type":"MultiPolygon","coordinates":[[[[73.38513,31.96229],[73.38514,31.96222],[73.38481,31.96223],[73.38484,31.96237],[73.38514,31.96242],[73.38513,31.96229]]]]}},{"type":"Feature","properties":{"lu":"Graveyard","ct":"Existing","a":0.061},"geometry":{"type":"MultiPolygon","coordinates":[[[[73.60368,31.97863],[73.60369,31.97865],[73.60399,31.97856],[73.60381,31.9786],[73.60368,31.97863]]],[[[73.60479,31.97839],[73.60503,31.97939],[73.60481,31.97839],[73.60479,31.97839]]],[[[73.60471,31.97943],[73.60496,31.9794],[73.60484,31.97939],[73.60471,31.97943]]],[[[73.60398,31.97963],[73.60399,31.97963],[73.604,31.97963],[73.60419,31.97957],[73.60399,31.97962],[73.60398,31.97963]]]]}},{"type":"Feature","properties":{"lu":"Water Body","ct":"Existing","a":265.488},"geometry":{"type":"MultiPolygon","coordinates":[[[[73.78478,31.96962],[73.78436,31.97253],[73.78382,31.98122],[73.78365,31.98699],[73.78269,31.9946],[73.78133,31.99906],[73.77918,32.00501],[73.76923,32.03136],[73.77086,32.03178],[73.77432,32.02205],[73.77816,32.01173],[73.77964,32.0074],[73.78098,32.00384],[73.78261,31.99927],[73.78389,31.99533],[73.78479,31.99073],[73.7851,31.98686],[73.78513,31.98507],[73.78539,31.9813],[73.78534,31.97888],[73.78549,31.97796],[73.78535,31.97747],[73.78581,31.97216],[73.78731,31.96407],[73.78601,31.96255],[73.78496,31.96825],[73.78478,31.96962]]]]}},{"type":"Feature","properties":{"lu":"Water Body","ct":"Existing","a":142.421},"geometry":{"type":"MultiPolygon","coordinates":[[[[73.78314,31.97289],[73.784,31.9678],[73.78526,31.96166],[73.7845,31.96208],[73.78435,31.96209],[73.78342,31.96753],[73.78305,31.96916],[73.7817,31.97677],[73.78039,31.98317],[73.77933,31.98918],[73.77751,31.99857],[73.77678,32.00136],[73.77601,32.00417],[73.77443,32.00898],[73.76858,32.02512],[73.76799,32.02709],[73.76725,32.02885],[73.76665,32.03069],[73.76743,32.03089],[73.77491,32.01008],[73.77777,32.00018],[73.77923,31.99435],[73.78021,31.98816],[73.78098,31.98459],[73.78241,31.97721],[73.78314,31.97289]]]]}},{"type":"Feature","properties":{"lu":"Grassland","ct":"Existing","a":408.755},"geometry":{"type":"MultiPolygon","coordinates":[[[[73.78357,31.97035],[73.78241,31.97721],[73.78098,31.98459],[73.78021,31.98816],[73.77923,31.99435],[73.77777,32.00018],[73.77491,32.01008],[73.76743,32.03089],[73.76923,32.03136],[73.77918,32.00501],[73.78133,31.99906],[73.78269,31.9946],[73.78365,31.98699],[73.78382,31.98122],[73.78436,31.97253],[73.78496,31.96825],[73.78601,31.96255],[73.78535,31.96161],[73.78526,31.96166],[73.784,31.9678],[73.78357,31.97035]]]]}},{"type":"Feature","properties":{"lu":"Grassland","ct":"Existing","a":143.255},"geometry":{"type":"MultiPolygon","coordinates":[[[[73.75427,32.08031],[73.75343,32.08003],[73.75116,32.08635],[73.7484,32.08563],[73.75072,32.07912],[73.75015,32.07892],[73.74743,32.08632],[73.74695,32.08788],[73.74671,32.08908],[73.74596,32.09129],[73.74658,32.09106],[73.74853,32.09505],[73.74856,32.09548],[73.74869,32.09546],[73.74849,32.09616],[73.74814,32.09679],[73.74865,32.09707],[73.75283,32.08823],[73.75427,32.08031]]]]}},{"type":"Feature","properties":{"lu":"Park and Open Spaces","ct":"Existing","a":0.315},"geometry":{"type":"MultiPolygon","coordinates":[[[[73.74818,32.09696],[73.74806,32.09699],[73.748,32.09713],[73.748,32.09728],[73.74812,32.09737],[73.74826,32.09733],[73.74835,32.0972],[73.74832,32.09704],[73.74818,32.09696]]]]}},{"type":"Feature","properties":{"lu":"Water Body","ct":"Existing","a":88.043},"geometry":{"type":"MultiPolygon","coordinates":[[[[73.75261,32.09203],[73.75402,32.08818],[73.75571,32.08079],[73.75427,32.08031],[73.75283,32.08823],[73.74859,32.0972],[73.74868,32.0973],[73.74997,32.09762],[73.75057,32.09617],[73.75261,32.09203]]],[[[73.74989,32.09782],[73.74991,32.09776],[73.74854,32.0973],[73.74586,32.10304],[73.74746,32.10352],[73.74758,32.10324],[73.74765,32.10321],[73.74989,32.09782]]]]}},{"type":"Feature","properties":{"lu":"Religious Building","ct":"Existing","a":0.087},"geometry":{"type":"MultiPolygon","coordinates":[[[[73.337,31.99194],[73.337,31.99175],[73.33682,31.99176],[73.33682,31.99195],[73.337,31.99194]]]]}},{"type":"Feature","properties":{"lu":"Graveyard","ct":"Existing","a":2.763},"geometry":{"type":"MultiPolygon","coordinates":[[[[73.61261,32.23366],[73.61174,32.23321],[73.61108,32.23399],[73.6114,32.23414],[73.61132,32.23435],[73.61178,32.23457],[73.61261,32.23366]]]]}},{"type":"Feature","properties":{"lu":"Religious Building","ct":"Existing","a":0.098},"geometry":{"type":"MultiPolygon","coordinates":[[[[73.66634,32.21305],[73.66621,32.21303],[73.6662,32.21322],[73.66646,32.21321],[73.66646,32.21311],[73.66634,32.21305]]]]}},{"type":"Feature","properties":{"lu":"Religious Building","ct":"Existing","a":0.067},"geometry":{"type":"MultiPolygon","coordinates":[[[[73.66539,32.21146],[73.66548,32.21141],[73.66544,32.21127],[73.66528,32.21131],[73.66532,32.21145],[73.66539,32.21146]]]]}},{"type":"Feature","properties":{"lu":"Religious Building","ct":"Existing","a":0.028},"geometry":{"type":"MultiPolygon","coordinates":[[[[73.66684,32.21064],[73.66682,32.21056],[73.66671,32.21057],[73.66671,32.21066],[73.66684,32.21064]]]]}},{"type":"Feature","properties":{"lu":"Religious Building","ct":"Existing","a":0.103},"geometry":{"type":"MultiPolygon","coordinates":[[[[73.66354,32.20969],[73.66349,32.20951],[73.66327,32.20957],[73.66332,32.20973],[73.66354,32.20969]]]]}},{"type":"Feature","properties":{"lu":"Graveyard","ct":"Existing","a":10.215},"geometry":{"type":"MultiPolygon","coordinates":[[[[73.6677,32.21512],[73.6676,32.21483],[73.66605,32.21511],[73.66606,32.21529],[73.66552,32.21534],[73.66619,32.21636],[73.66767,32.21823],[73.66773,32.21821],[73.66763,32.21724],[73.66778,32.2159],[73.6677,32.21512]]]]}},{"type":"Feature","properties":{"lu":"Grassland","ct":"Existing","a":47.636},"geometry":{"type":"MultiPolygon","coordinates":[[[[73.73552,32.12593],[73.7347,32.12571],[73.73432,32.12596],[73.73417,32.12616],[73.73267,32.12987],[73.73206,32.1309],[73.7311,32.13205],[73.73032,32.13278],[73.72915,32.13359],[73.72996,32.134],[73.73061,32.1346],[73.73025,32.13603],[73.73031,32.13626],[73.72994,32.13712],[73.72991,32.1377],[73.72956,32.13764],[73.72959,32.13772],[73.72942,32.13785],[73.72932,32.13829],[73.72771,32.14173],[73.72741,32.14189],[73.72736,32.14209],[73.72816,32.14233],[73.72911,32.14005],[73.73137,32.13534],[73.73552,32.12593]]]]}},{"type":"Feature","properties":{"lu":"Graveyard","ct":"Existing","a":3.011},"geometry":{"type":"MultiPolygon","coordinates":[[[[73.73909,32.11778],[73.7395,32.11669],[73.73884,32.11639],[73.73842,32.11696],[73.73837,32.11722],[73.73814,32.11752],[73.73804,32.11781],[73.73826,32.11789],[73.73854,32.11763],[73.73909,32.11778]]]]}},{"type":"Feature","properties":{"lu":"Grassland","ct":"Existing","a":35.46},"geometry":{"type":"MultiPolygon","coordinates":[[[[73.74365,32.10713],[73.74056,32.10128],[73.73742,32.09421],[73.73713,32.09428],[73.73816,32.09673],[73.73925,32.09892],[73.73947,32.09967],[73.73989,32.10061],[73.7414,32.10372],[73.74204,32.10555],[73.74253,32.10632],[73.74284,32.10703],[73.74324,32.10762],[73.74312,32.1079],[73.7424,32.1084],[73.7421,32.10891],[73.74163,32.11007],[73.7414,32.11129],[73.74109,32.11205],[73.74108,32.11235],[73.74077,32.113],[73.74074,32.1133],[73.74051,32.11348],[73.73993,32.11431],[73.73957,32.11509],[73.73921,32.11556],[73.73909,32.11598],[73.73929,32.11598],[73.7394,32.11651],[73.73973,32.11662],[73.74303,32.1093],[73.74396,32.10757],[73.74365,32.10713]]]]}},{"type":"Feature","properties":{"lu":"Grassland","ct":"Existing","a":46.357},"geometry":{"type":"MultiPolygon","coordinates":[[[[73.75944,32.11594],[73.7567,32.11057],[73.75575,32.10886],[73.7547,32.10776],[73.75346,32.10663],[73.75166,32.10547],[73.75029,32.10485],[73.74775,32.10389],[73.74745,32.10369],[73.74695,32.10449],[73.74095,32.11734],[73.74056,32.11821],[73.74067,32.11825],[73.7406,32.1184],[73.74049,32.11837],[73.74002,32.11943],[73.74016,32.11966],[73.74019,32.11996],[73.74034,32.12013],[73.74044,32.1201],[73.74099,32.11948],[73.74082,32.11939],[73.74086,32.11923],[73.74119,32.11921],[73.74127,32.11891],[73.7411,32.11886],[73.74169,32.11832],[73.74178,32.11814],[73.7417,32.11806],[73.74172,32.11785],[73.74185,32.11784],[73.74199,32.1177],[73.74201,32.11755],[73.74186,32.11729],[73.74192,32.11702],[73.74206,32.11673],[73.7425,32.11619],[73.7427,32.11565],[73.74358,32.11392],[73.74411,32.1124],[73.74454,32.11175],[73.74461,32.11149],[73.74489,32.11114],[73.74525,32.11032],[73.7456,32.10989],[73.74575,32.10948],[73.74562,32.10942],[73.74604,32.10884],[73.74619,32.1081],[73.74649,32.10783],[73.74667,32.1075],[73.74667,32.10699],[73.74692,32.10581],[73.74734,32.10472],[73.74777,32.10412],[73.75,32.10489],[73.7519,32.10574],[73.75304,32.10646],[73.75293,32.10706],[73.75357,32.10721],[73.75391,32.10721],[73.75531,32.1086],[73.7561,32.10968],[73.75933,32.11595],[73.75944,32.11594]]],[[[73.75942,32.11611],[73.76047,32.11817],[73.76064,32.11817],[73.75953,32.1161],[73.75942,32.11611]]]]}},{"type":"Feature","properties":{"lu":"Graveyard","ct":"Existing","a":3.276},"geometry":{"type":"MultiPolygon","coordinates":[[[[73.72538,32.10323],[73.72522,32.10318],[73.72526,32.10273],[73.72478,32.10265],[73.7246,32.10288],[73.72409,32.1029],[73.72405,32.10313],[73.72423,32.10313],[73.72422,32.10321],[73.72392,32.10318],[73.72375,32.10352],[73.72504,32.10395],[73.72538,32.10323]]]]}},{"type":"Feature","properties":{"lu":"Graveyard","ct":"Existing","a":1.656},"geometry":{"type":"MultiPolygon","coordinates":[[[[73.74006,32.09401],[73.74007,32.09388],[73.73854,32.09324],[73.73881,32.09411],[73.74006,32.09401]]]]}},{"type":"Feature","properties":{"lu":"Graveyard","ct":"Existing","a":4.025},"geometry":{"type":"MultiPolygon","coordinates":[[[[73.76589,31.99777],[73.76552,31.99671],[73.76485,31.99647],[73.76462,31.99651],[73.76445,31.99682],[73.76462,31.99726],[73.76461,31.99756],[73.76482,31.99812],[73.76541,31.9979],[73.76554,31.99807],[73.76563,31.99805],[73.76557,31.99784],[73.76589,31.99777]]]]}},{"type":"Feature","properties":{"lu":"Religious Building","ct":"Existing","a":0.048},"geometry":{"type":"MultiPolygon","coordinates":[[[[73.76626,32.0022],[73.76638,32.00232],[73.76645,32.00226],[73.76633,32.00211],[73.76626,32.0022]]]]}},{"type":"Feature","properties":{"lu":"Graveyard","ct":"Existing","a":0.533},"geometry":{"type":"MultiPolygon","coordinates":[[[[73.73911,32.01924],[73.73893,32.01914],[73.73853,32.0195],[73.73865,32.01964],[73.73909,32.01961],[73.73915,32.01946],[73.73911,32.01924]]]]}},{"type":"Feature","properties":{"lu":"Graveyard","ct":"Existing","a":1.599},"geometry":{"type":"MultiPolygon","coordinates":[[[[73.73868,32.0183],[73.73839,32.01831],[73.73833,32.01847],[73.73811,32.01867],[73.73824,32.01901],[73.73895,32.01904],[73.73937,32.01873],[73.73889,32.01852],[73.73887,32.0184],[73.73868,32.0183]]]]}},{"type":"Feature","properties":{"lu":"Religious Building","ct":"Existing","a":0.192,"nm":"Darbar Baba Noor"},"geometry":{"type":"MultiPolygon","coordinates":[[[[73.73807,32.01872],[73.73801,32.01841],[73.73778,32.01843],[73.73784,32.01875],[73.73807,32.01872]]]]}},{"type":"Feature","properties":{"lu":"Graveyard","ct":"Existing","a":2.239},"geometry":{"type":"MultiPolygon","coordinates":[[[[73.65959,31.96353],[73.65962,31.96341],[73.66027,31.9635],[73.66038,31.96267],[73.65942,31.96255],[73.65924,31.96345],[73.65959,31.96353]]]]}},{"type":"Feature","properties":{"lu":"Graveyard","ct":"Existing","a":1.078},"geometry":{"type":"MultiPolygon","coordinates":[[[[73.67408,31.90904],[73.67335,31.90904],[73.67335,31.90961],[73.6741,31.90959],[73.67408,31.90904]]]]}},{"type":"Feature","properties":{"lu":"Graveyard","ct":"Existing","a":4.382},"geometry":{"type":"MultiPolygon","coordinates":[[[[73.69426,31.90956],[73.693,31.90934],[73.69271,31.91044],[73.69363,31.91083],[73.694,31.9109],[73.69426,31.90956]]]]}},{"type":"Feature","properties":{"lu":"Religious Building","ct":"Existing","a":0.253},"geometry":{"type":"MultiPolygon","coordinates":[[[[73.60977,32.20526],[73.60976,32.20507],[73.60961,32.20509],[73.6096,32.20491],[73.60936,32.20496],[73.60943,32.20526],[73.60977,32.20526]]]]}},{"type":"Feature","properties":{"lu":"Religious Building","ct":"Existing","a":0.015},"geometry":{"type":"MultiPolygon","coordinates":[[[[73.65961,32.29138],[73.65953,32.29139],[73.65954,32.29146],[73.65961,32.29146],[73.65961,32.29138]]]]}},{"type":"Feature","properties":{"lu":"Religious Building","ct":"Existing","a":0.102},"geometry":{"type":"MultiPolygon","coordinates":[[[[73.54854,32.15299],[73.54836,32.15294],[73.5483,32.15316],[73.54849,32.15318],[73.54854,32.15299]]]]}},{"type":"Feature","properties":{"lu":"Graveyard","ct":"Existing","a":1.508},"geometry":{"type":"MultiPolygon","coordinates":[[[[73.57537,32.04584],[73.575,32.04503],[73.57481,32.04527],[73.57432,32.04547],[73.57453,32.04605],[73.57537,32.04584]]]]}},{"type":"Feature","properties":{"lu":"Graveyard","ct":"Existing","a":13.226},"geometry":{"type":"MultiPolygon","coordinates":[[[[73.57836,32.0831],[73.57878,32.08117],[73.57661,32.08086],[73.57617,32.08271],[73.57648,32.0827],[73.57653,32.08325],[73.5772,32.08362],[73.57836,32.0831]]]]}},{"type":"Feature","properties":{"lu":"Graveyard","ct":"Existing","a":5.133},"geometry":{"type":"MultiPolygon","coordinates":[[[[73.41892,32.15798],[73.4192,32.15767],[73.41887,32.15757],[73.41883,32.15772],[73.41812,32.15745],[73.41761,32.15739],[73.41736,32.1579],[73.41713,32.15784],[73.41696,32.15818],[73.41816,32.15915],[73.41892,32.15798]]]]}},{"type":"Feature","properties":{"lu":"Religious Building","ct":"Existing","a":0.079},"geometry":{"type":"MultiPolygon","coordinates":[[[[73.28223,31.92905],[73.28215,31.92889],[73.282,31.92891],[73.28203,31.92908],[73.28223,31.92905]]]]}},{"type":"Feature","properties":{"lu":"Religious Building","ct":"Existing","a":0.188},"geometry":{"type":"MultiPolygon","coordinates":[[[[73.58248,31.98364],[73.58226,31.9837],[73.58229,31.98399],[73.58255,31.98393],[73.58248,31.98364]]]]}},{"type":"Feature","properties":{"lu":"Water Body","ct":"Existing","a":0.251},"geometry":{"type":"MultiPolygon","coordinates":[[[[73.58946,31.98191],[73.58941,31.98167],[73.58899,31.98182],[73.58913,31.98203],[73.58946,31.98191]]]]}},{"type":"Feature","properties":{"lu":"Park and Open Spaces","ct":"Existing","a":0.61},"geometry":{"type":"MultiPolygon","coordinates":[[[[73.2672,31.77075],[73.26713,31.77069],[73.26704,31.77104],[73.26673,31.77123],[73.26716,31.77131],[73.26757,31.77157],[73.26764,31.77154],[73.2672,31.77075]]]]}},{"type":"Feature","properties":{"lu":"Religious Building","ct":"Existing","a":0.585},"geometry":{"type":"MultiPolygon","coordinates":[[[[73.26953,31.7701],[73.26879,31.77006],[73.26878,31.77042],[73.26932,31.77044],[73.26953,31.7701]]]]}},{"type":"Feature","properties":{"lu":"Graveyard","ct":"Existing","a":5.976},"geometry":{"type":"MultiPolygon","coordinates":[[[[73.51794,32.15698],[73.51705,32.15718],[73.51769,32.15894],[73.51766,32.15908],[73.51882,32.15876],[73.5186,32.15783],[73.51838,32.15741],[73.51794,32.15698]]]]}},{"type":"Feature","properties":{"lu":"Graveyard","ct":"Existing","a":0.515},"geometry":{"type":"MultiPolygon","coordinates":[[[[73.25384,31.88819],[73.25378,31.88806],[73.25319,31.88793],[73.25313,31.88808],[73.2532,31.88839],[73.25384,31.88819]]]]}},{"type":"Feature","properties":{"lu":"Park and Open Spaces","ct":"Existing","a":0.175},"geometry":{"type":"MultiPolygon","coordinates":[[[[73.40748,32.06226],[73.40733,32.06258],[73.40777,32.06252],[73.40748,32.06226]]]]}},{"type":"Feature","properties":{"lu":"Graveyard","ct":"Existing","a":6.583},"geometry":{"type":"MultiPolygon","coordinates":[[[[73.36425,32.06112],[73.36395,32.06056],[73.36353,32.06048],[73.36324,32.06015],[73.36238,32.05989],[73.36184,32.06062],[73.36259,32.0609],[73.36301,32.06092],[73.363,32.06122],[73.36465,32.06226],[73.36484,32.06181],[73.36446,32.0616],[73.36425,32.06112]]]]}},{"type":"Feature","properties":{"lu":"Graveyard","ct":"Existing","a":3.108},"geometry":{"type":"MultiPolygon","coordinates":[[[[73.36544,32.05932],[73.3646,32.05861],[73.36431,32.05874],[73.36404,32.05902],[73.36441,32.05931],[73.36544,32.05932]]],[[[73.36463,32.05948],[73.3648,32.05961],[73.36504,32.06],[73.36507,32.06051],[73.36498,32.06077],[73.36507,32.06102],[73.36524,32.06113],[73.36548,32.05949],[73.36463,32.05948]]]]}},{"type":"Feature","properties":{"lu":"Religious Building","ct":"Existing","a":1.019},"geometry":{"type":"MultiPolygon","coordinates":[[[[73.38046,31.84223],[73.38019,31.84224],[73.37987,31.84236],[73.37979,31.84251],[73.37984,31.84288],[73.38048,31.84287],[73.38046,31.84223]]]]}},{"type":"Feature","properties":{"lu":"Graveyard","ct":"Existing","a":21.743},"geometry":{"type":"MultiPolygon","coordinates":[[[[73.34533,32.0493],[73.34431,32.04713],[73.3425,32.04718],[73.34224,32.04657],[73.34156,32.04666],[73.34178,32.04725],[73.34162,32.04731],[73.34181,32.04794],[73.34147,32.04837],[73.34221,32.05003],[73.34533,32.0493]]]]}},{"type":"Feature","properties":{"lu":"Graveyard","ct":"Existing","a":5.521},"geometry":{"type":"MultiPolygon","coordinates":[[[[73.38925,32.08844],[73.38733,32.08841],[73.38735,32.08939],[73.38836,32.08934],[73.38934,32.08943],[73.38976,32.08935],[73.38972,32.08877],[73.38928,32.08874],[73.38925,32.08844]]]]}},{"type":"Feature","properties":{"lu":"Graveyard","ct":"Existing","a":5.175},"geometry":{"type":"MultiPolygon","coordinates":[[[[73.45195,32.17014],[73.45139,32.16962],[73.45121,32.17122],[73.4518,32.17286],[73.45253,32.17269],[73.45272,32.17244],[73.4516,32.1709],[73.45195,32.17014]]]]}},{"type":"Feature","properties":{"lu":"Graveyard","ct":"Existing","a":1.103},"geometry":{"type":"MultiPolygon","coordinates":[[[[73.71822,32.06355],[73.71819,32.06338],[73.71804,32.06333],[73.71755,32.0634],[73.71728,32.06349],[73.71724,32.0638],[73.71793,32.06396],[73.71822,32.06355]]]]}},{"type":"Feature","properties":{"lu":"Grassland","ct":"Existing","a":289.704},"geometry":{"type":"MultiPolygon","coordinates":[[[[73.76919,32.03147],[73.76739,32.03101],[73.75856,32.05539],[73.75661,32.06051],[73.75023,32.0787],[73.75073,32.07886],[73.75197,32.07565],[73.75381,32.07601],[73.75319,32.0797],[73.75431,32.08008],[73.75581,32.07217],[73.75676,32.06652],[73.75973,32.05843],[73.76919,32.03147]]]]}},{"type":"Feature","properties":{"lu":"Water Body","ct":"Existing","a":16.597},"geometry":{"type":"MultiPolygon","coordinates":[[[[73.71058,32.01663],[73.70355,32.01337],[73.70245,32.01253],[73.7015,32.01123],[73.70127,32.01069],[73.70118,32.0108],[73.70126,32.01104],[73.70203,32.0122],[73.70351,32.01344],[73.71053,32.0167],[73.71066,32.01667],[73.71058,32.01663]]],[[[73.75733,32.0317],[73.7437,32.02224],[73.74238,32.02143],[73.73955,32.0202],[73.73714,32.01958],[73.73453,32.01923],[73.71942,32.01923],[73.71945,32.0193],[73.72027,32.01934],[73.73473,32.01933],[73.73599,32.01945],[73.73753,32.01972],[73.73994,32.02047],[73.74246,32.02158],[73.74391,32.02248],[73.75089,32.02747],[73.75704,32.03164],[73.76039,32.03404],[73.76152,32.03473],[73.76298,32.03547],[73.76395,32.03592],[73.7646,32.03608],[73.76462,32.03594],[73.7639,32.03574],[73.76101,32.03431],[73.75733,32.0317]]]]}},{"type":"Feature","properties":{"lu":"Water Body","ct":"Existing","a":46.324},"geometry":{"type":"MultiPolygon","coordinates":[[[[73.60921,32.06226],[73.59498,32.06117],[73.59282,32.06119],[73.59175,32.0613],[73.59175,32.06155],[73.59246,32.06144],[73.59474,32.06141],[73.61152,32.06266],[73.61153,32.06245],[73.60921,32.06226]]],[[[73.62291,32.06502],[73.62081,32.06423],[73.61636,32.06309],[73.61402,32.06263],[73.61172,32.06246],[73.61173,32.06264],[73.61307,32.06274],[73.61471,32.06301],[73.61753,32.06356],[73.61926,32.06401],[73.62179,32.06481],[73.6244,32.06591],[73.6245,32.06569],[73.62291,32.06502]]],[[[73.63036,32.06912],[73.62985,32.06877],[73.62777,32.0676],[73.62774,32.06735],[73.62467,32.06577],[73.62457,32.06599],[73.6264,32.06687],[73.62918,32.06847],[73.6304,32.06926],[73.63098,32.06949],[73.63151,32.06956],[73.63036,32.06912]]],[[[73.5697,32.0873],[73.57121,32.08558],[73.57202,32.08425],[73.57867,32.0708],[73.57983,32.06876],[73.58074,32.06742],[73.58278,32.06531],[73.58437,32.06417],[73.58547,32.06353],[73.58716,32.06274],[73.58813,32.06238],[73.59075,32.06167],[73.59155,32.06158],[73.59156,32.06133],[73.5896,32.06166],[73.58807,32.06212],[73.58696,32.06254],[73.5847,32.06364],[73.58311,32.06483],[73.58221,32.06562],[73.58072,32.06724],[73.57997,32.06824],[73.57941,32.06917],[73.57509,32.07776],[73.57461,32.07889],[73.57222,32.0837],[73.57159,32.08483],[73.57097,32.08574],[73.56947,32.0874],[73.56767,32.08891],[73.56855,32.08834],[73.5697,32.0873]]],[[[73.56679,32.08958],[73.56561,32.09023],[73.56634,32.08986],[73.56679,32.08958]]],[[[73.54925,32.09352],[73.56072,32.09185],[73.56316,32.09126],[73.56393,32.09095],[73.56306,32.09124],[73.56066,32.09182],[73.54242,32.09443],[73.54244,32.09448],[73.54925,32.09352]]],[[[73.54147,32.09455],[73.53493,32.09549],[73.53427,32.09595],[73.52945,32.10135],[73.52899,32.10183],[73.52851,32.10215],[73.51967,32.10512],[73.51977,32.10516],[73.52004,32.10508],[73.52753,32.10259],[73.52869,32.1021],[73.52951,32.10137],[73.53441,32.09594],[73.53492,32.09558],[73.54225,32.09453],[73.54223,32.09446],[73.54147,32.09455]]],[[[73.51781,32.10574],[73.51351,32.10715],[73.51233,32.1077],[73.51147,32.10822],[73.51154,32.10828],[73.5124,32.10776],[73.51397,32.10706],[73.51953,32.10524],[73.51949,32.10518],[73.51781,32.10574]]]]}},{"type":"Feature","properties":{"lu":"Graveyard","ct":"Existing","a":0.001},"geometry":{"type":"MultiPolygon","coordinates":[[[[73.71819,32.06341],[73.71821,32.06348],[73.7182,32.06343],[73.71819,32.06341]]]]}},{"type":"Feature","properties":{"lu":"Waste Water Treatment Plant","ct":"Proposed","a":104.667,"nm":"Proposed Treatment Plant 1"},"geometry":{"type":"MultiPolygon","coordinates":[[[[73.6883,32.04072],[73.68759,32.03995],[73.68739,32.0397],[73.68745,32.03966],[73.6874,32.03959],[73.68733,32.03961],[73.68724,32.0395],[73.68344,32.03959],[73.68479,32.04681],[73.69244,32.04566],[73.6883,32.04072]]]]}},{"type":"Feature","properties":{"lu":"Religious Building","ct":"Existing","a":0.309},"geometry":{"type":"MultiPolygon","coordinates":[[[[73.74546,32.07578],[73.74514,32.07578],[73.74517,32.07617],[73.74544,32.07617],[73.74546,32.07578]]]]}},{"type":"Feature","properties":{"lu":"Religious Building","ct":"Existing","a":0.241},"geometry":{"type":"MultiPolygon","coordinates":[[[[73.74685,32.07661],[73.74654,32.0766],[73.74655,32.07688],[73.74684,32.07695],[73.74685,32.07661]]]]}},{"type":"Feature","properties":{"lu":"Graveyard","ct":"Existing","a":3.484},"geometry":{"type":"MultiPolygon","coordinates":[[[[73.74232,32.0769],[73.74257,32.07691],[73.7426,32.07668],[73.74255,32.0766],[73.7424,32.07659],[73.7424,32.07631],[73.7423,32.0761],[73.74117,32.07619],[73.74113,32.0767],[73.7405,32.07667],[73.74049,32.07694],[73.74187,32.07713],[73.74191,32.07688],[73.74211,32.07689],[73.74208,32.07715],[73.74229,32.07718],[73.74232,32.0769]]]]}},{"type":"Feature","properties":{"lu":"Religious Building","ct":"Existing","a":0.04},"geometry":{"type":"MultiPolygon","coordinates":[[[[73.70777,32.0426],[73.70775,32.04248],[73.70762,32.04251],[73.70764,32.04261],[73.70777,32.0426]]]]}},{"type":"Feature","properties":{"lu":"Religious Building","ct":"Existing","a":0.062},"geometry":{"type":"MultiPolygon","coordinates":[[[[73.70801,32.04251],[73.70799,32.04238],[73.7078,32.04243],[73.70786,32.04256],[73.70801,32.04251]]]]}},{"type":"Feature","properties":{"lu":"Religious Building","ct":"Existing","a":0.042},"geometry":{"type":"MultiPolygon","coordinates":[[[[73.70225,32.03558],[73.70216,32.03549],[73.70204,32.0355],[73.70205,32.0356],[73.70225,32.03558]]]]}},{"type":"Feature","properties":{"lu":"Religious Building","ct":"Existing","a":0.086},"geometry":{"type":"MultiPolygon","coordinates":[[[[73.72935,32.07544],[73.72905,32.0754],[73.72918,32.07552],[73.72951,32.07556],[73.72935,32.07544]]]]}},{"type":"Feature","properties":{"lu":"Religious Building","ct":"Existing","a":0.057},"geometry":{"type":"MultiPolygon","coordinates":[[[[73.74521,32.0768],[73.74522,32.07693],[73.74537,32.07694],[73.74538,32.0768],[73.74521,32.0768]]]]}},{"type":"Feature","properties":{"lu":"Religious Building","ct":"Existing","a":0.105},"geometry":{"type":"MultiPolygon","coordinates":[[[[73.7013,32.04039],[73.70128,32.04028],[73.70098,32.04029],[73.70098,32.04045],[73.7013,32.04039]]]]}},{"type":"Feature","properties":{"lu":"Graveyard","ct":"Existing","a":8.592},"geometry":{"type":"MultiPolygon","coordinates":[[[[73.7097,32.03348],[73.70952,32.032],[73.70931,32.03158],[73.70859,32.03158],[73.70858,32.03178],[73.70839,32.03186],[73.70802,32.03179],[73.70725,32.03293],[73.70739,32.03314],[73.70805,32.03315],[73.7083,32.03341],[73.70865,32.03356],[73.7097,32.03348]]]]}},{"type":"Feature","properties":{"lu":"Park and Open Spaces","ct":"Existing","a":0.755},"geometry":{"type":"MultiPolygon","coordinates":[[[[73.72341,32.07326],[73.72345,32.07316],[73.72324,32.07301],[73.72239,32.07325],[73.72247,32.07354],[73.72341,32.07326]]]]}},{"type":"Feature","properties":{"lu":"Religious Building","ct":"Existing","a":0.035},"geometry":{"type":"MultiPolygon","coordinates":[[[[73.64662,32.05299],[73.64653,32.05299],[73.64654,32.05313],[73.64663,32.05313],[73.64662,32.05299]]]]}},{"type":"Feature","properties":{"lu":"Religious Building","ct":"Existing","a":0.048},"geometry":{"type":"MultiPolygon","coordinates":[[[[73.64835,32.05233],[73.64813,32.05236],[73.64816,32.05244],[73.64835,32.05245],[73.64835,32.05233]]]]}},{"type":"Feature","properties":{"lu":"Graveyard","ct":"Existing","a":1.176},"geometry":{"type":"MultiPolygon","coordinates":[[[[73.7398,32.07543],[73.73979,32.075],[73.73893,32.075],[73.73892,32.07524],[73.73909,32.07526],[73.7391,32.07557],[73.7398,32.0756],[73.7398,32.07543]]]]}},{"type":"Feature","properties":{"lu":"Park and Open Spaces","ct":"Existing","a":0.426},"geometry":{"type":"MultiPolygon","coordinates":[[[[73.73863,32.07936],[73.73798,32.07933],[73.73796,32.07939],[73.73851,32.0798],[73.73863,32.07936]]]]}},{"type":"Feature","properties":{"lu":"Religious Building","ct":"Existing","a":0.025},"geometry":{"type":"MultiPolygon","coordinates":[[[[73.65115,32.06889],[73.65113,32.06879],[73.65105,32.06879],[73.65105,32.0689],[73.65115,32.06889]]]]}},{"type":"Feature","properties":{"lu":"Religious Building","ct":"Existing","a":0.0},"geometry":{"type":"MultiPolygon","coordinates":[[[[73.67691,32.07471],[73.67689,32.07473],[73.6769,32.07473],[73.67691,32.07471]]]]}},{"type":"Feature","properties":{"lu":"Graveyard","ct":"Existing","a":4.633},"geometry":{"type":"MultiPolygon","coordinates":[[[[73.66587,32.09933],[73.66549,32.09932],[73.6651,32.0995],[73.66509,32.09944],[73.66441,32.09931],[73.66411,32.09971],[73.66411,32.09983],[73.66488,32.10012],[73.66473,32.10063],[73.66512,32.10079],[73.66542,32.10065],[73.66587,32.10057],[73.66595,32.10063],[73.66618,32.10029],[73.66601,32.10026],[73.66589,32.0999],[73.66592,32.09973],[73.66582,32.09979],[73.66567,32.09971],[73.66567,32.0996],[73.66587,32.09933]]]]}},{"type":"Feature","properties":{"lu":"Religious Building","ct":"Existing","a":0.06},"geometry":{"type":"MultiPolygon","coordinates":[[[[73.66627,32.10373],[73.66609,32.10365],[73.66604,32.10373],[73.66619,32.10383],[73.66627,32.10373]]]]}},{"type":"Feature","properties":{"lu":"Religious Building","ct":"Existing","a":0.051},"geometry":{"type":"MultiPolygon","coordinates":[[[[73.66837,32.10173],[73.66829,32.10186],[73.66841,32.10192],[73.66848,32.10177],[73.66837,32.10173]]]]}},{"type":"Feature","properties":{"lu":"Religious Building","ct":"Existing","a":0.08},"geometry":{"type":"MultiPolygon","coordinates":[[[[73.73389,32.08917],[73.73372,32.08913],[73.73372,32.08934],[73.73388,32.08934],[73.73389,32.08917]]]]}},{"type":"Feature","properties":{"lu":"Religious Building","ct":"Existing","a":0.066},"geometry":{"type":"MultiPolygon","coordinates":[[[[73.73371,32.08775],[73.73359,32.08776],[73.73354,32.08793],[73.73367,32.08796],[73.73371,32.08775]]]]}},{"type":"Feature","properties":{"lu":"Religious Building","ct":"Existing","a":0.028},"geometry":{"type":"MultiPolygon","coordinates":[[[[73.73212,32.08784],[73.73214,32.08777],[73.73206,32.08774],[73.73202,32.08788],[73.73212,32.08784]]]]}},{"type":"Feature","properties":{"lu":"Religious Building","ct":"Existing","a":0.065},"geometry":{"type":"MultiPolygon","coordinates":[[[[73.73119,32.08862],[73.73134,32.08864],[73.73137,32.08847],[73.73121,32.08846],[73.73119,32.08862]]]]}},{"type":"Feature","properties":{"lu":"Graveyard","ct":"Existing","a":2.218},"geometry":{"type":"MultiPolygon","coordinates":[[[[73.73014,32.08809],[73.72993,32.08793],[73.72994,32.08778],[73.7288,32.08753],[73.72862,32.08814],[73.73008,32.08846],[73.73014,32.08809]]]]}},{"type":"Feature","properties":{"lu":"Water Body","ct":"Existing","a":0.114},"geometry":{"type":"MultiPolygon","coordinates":[[[[73.70228,32.0571],[73.70189,32.05668],[73.70181,32.05669],[73.7022,32.05714],[73.70228,32.0571]]]]}},{"type":"Feature","properties":{"lu":"Water Body","ct":"Existing","a":0.934},"geometry":{"type":"MultiPolygon","coordinates":[[[[73.70407,32.05921],[73.70233,32.05716],[73.7022,32.05725],[73.70398,32.05924],[73.70407,32.05921]]]]}},{"type":"Feature","properties":{"lu":"Religious Building","ct":"Existing","a":0.108},"geometry":{"type":"MultiPolygon","coordinates":[[[[73.66003,32.08408],[73.65987,32.08388],[73.65973,32.08397],[73.65987,32.08416],[73.66003,32.08408]]]]}},{"type":"Feature","properties":{"lu":"Graveyard","ct":"Existing","a":1.283},"geometry":{"type":"MultiPolygon","coordinates":[[[[73.65795,32.08506],[73.65755,32.08443],[73.65693,32.08476],[73.65738,32.08535],[73.65795,32.08506]]]]}},{"type":"Feature","properties":{"lu":"Water Body","ct":"Existing","a":0.208},"geometry":{"type":"MultiPolygon","coordinates":[[[[73.6638,32.10699],[73.66378,32.107],[73.6638,32.10703],[73.66399,32.10723],[73.6638,32.10699]]],[[[73.66548,32.10879],[73.66577,32.10907],[73.66559,32.10889],[73.66548,32.10879]]],[[[73.66601,32.10957],[73.66637,32.1099],[73.66658,32.11007],[73.66601,32.10957]]],[[[73.66623,32.10951],[73.66648,32.10975],[73.66695,32.11014],[73.66686,32.11006],[73.66623,32.10951]]],[[[73.66812,32.1111],[73.66818,32.11114],[73.66806,32.11106],[73.66812,32.1111]]],[[[73.6694,32.11198],[73.66916,32.11183],[73.66981,32.11228],[73.67006,32.11244],[73.6694,32.11198]]],[[[73.67108,32.11334],[73.67101,32.11329],[73.67066,32.11306],[73.66891,32.11189],[73.66854,32.11163],[73.66875,32.11179],[73.66984,32.11254],[73.67086,32.1132],[73.67108,32.11334]]],[[[73.67172,32.11376],[73.672,32.11395],[73.6721,32.11401],[73.67178,32.1138],[73.67172,32.11376]]],[[[73.67341,32.11458],[73.6729,32.11425],[73.67341,32.11459],[73.67341,32.11458]]],[[[73.67311,32.11471],[73.67307,32.11459],[73.67252,32.11427],[73.67306,32.1146],[73.67311,32.11471]]],[[[73.67315,32.11474],[73.67318,32.11476],[73.67313,32.11473],[73.67315,32.11474]]]]}},{"type":"Feature","properties":{"lu":"Water Body","ct":"Existing","a":12.89},"geometry":{"type":"MultiPolygon","coordinates":[[[[73.66613,32.0523],[73.66607,32.0513],[73.66595,32.05102],[73.66524,32.05106],[73.66516,32.05008],[73.66444,32.05012],[73.66457,32.05122],[73.66292,32.05128],[73.66278,32.05136],[73.66616,32.05355],[73.66621,32.0535],[73.66613,32.0523]]],[[[73.66614,32.05249],[73.66614,32.05246],[73.66614,32.05234],[73.66613,32.05234],[73.66614,32.05249]]]]}},{"type":"Feature","properties":{"lu":"Park and Open Spaces","ct":"Existing","a":2.089},"geometry":{"type":"MultiPolygon","coordinates":[[[[73.72347,32.07309],[73.72358,32.07299],[73.72175,32.0715],[73.72143,32.07169],[73.72314,32.07305],[73.72324,32.07301],[73.72337,32.07315],[73.72347,32.07309]]],[[[73.72341,32.07326],[73.72421,32.07389],[73.72422,32.07387],[73.72342,32.07324],[73.72341,32.07326]]]]}},{"type":"Feature","properties":{"lu":"Water Body","ct":"Existing","a":1.828},"geometry":{"type":"MultiPolygon","coordinates":[[[[73.67218,32.10042],[73.67248,32.10086],[73.6725,32.1009],[73.6726,32.10104],[73.67281,32.10133],[73.67308,32.10172],[73.67317,32.10176],[73.67309,32.10164],[73.67278,32.10121],[73.6722,32.1004],[73.67218,32.10042]]],[[[73.67356,32.10232],[73.6735,32.10224],[73.67343,32.10221],[73.67363,32.10249],[73.67356,32.10232]]],[[[73.67721,32.10729],[73.67599,32.10554],[73.67477,32.10384],[73.67489,32.10402],[73.67656,32.10638],[73.67721,32.10729]]],[[[73.6754,32.10502],[73.67806,32.10869],[73.67407,32.10313],[73.6754,32.10502]]],[[[73.68024,32.11143],[73.68019,32.11137],[73.67924,32.1101],[73.67939,32.1103],[73.68017,32.11136],[73.68024,32.11143]]],[[[73.68203,32.11243],[73.68094,32.11211],[73.68024,32.1116],[73.67813,32.10885],[73.68029,32.1117],[73.68086,32.11212],[73.68153,32.11237],[73.68447,32.11282],[73.68447,32.11276],[73.68203,32.11243]]],[[[73.68112,32.11205],[73.68106,32.11202],[73.68068,32.11179],[73.68052,32.11166],[73.6807,32.11182],[73.681,32.11201],[73.68112,32.11205]]],[[[73.68448,32.11266],[73.68356,32.11252],[73.6821,32.11232],[73.68169,32.11224],[73.68195,32.11231],[73.68374,32.11256],[73.68448,32.11266]]]]}},{"type":"Feature","properties":{"lu":"Water Body","ct":"Existing","a":0.025},"geometry":{"type":"MultiPolygon","coordinates":[[[[73.66803,32.09065],[73.66823,32.09122],[73.66847,32.09185],[73.66833,32.09146],[73.66802,32.09064],[73.66803,32.09065]]],[[[73.66919,32.09338],[73.6692,32.09338],[73.66917,32.09332],[73.669,32.09285],[73.66919,32.09338]]]]}},{"type":"Feature","properties":{"lu":"Water Body","ct":"Existing","a":0.113},"geometry":{"type":"MultiPolygon","coordinates":[[[[73.66929,32.09367],[73.66988,32.09534],[73.66922,32.09344],[73.66921,32.09345],[73.66929,32.09367]]],[[[73.67002,32.09613],[73.67019,32.09656],[73.66948,32.09458],[73.67002,32.09613]]],[[[73.67045,32.09688],[73.67047,32.09688],[73.6699,32.09539],[73.67045,32.09688]]]]}},{"type":"Feature","properties":{"lu":"Grassland","ct":"Existing","a":0.0},"geometry":{"type":"MultiPolygon","coordinates":[[[[73.728031,32.073259],[73.727943,32.073189],[73.728027,32.073259],[73.728031,32.073259]]]]}},{"type":"Feature","properties":{"lu":"Religious Building","ct":"Existing","a":0.162,"nm":"Janaz Gah"},"geometry":{"type":"MultiPolygon","coordinates":[[[[73.68172,32.108],[73.68147,32.108],[73.68147,32.10825],[73.68171,32.10825],[73.68172,32.108]]]]}},{"type":"Feature","properties":{"lu":"Water Body","ct":"Existing","a":0.777},"geometry":{"type":"MultiPolygon","coordinates":[[[[73.6919,32.10896],[73.69181,32.10903],[73.69113,32.1095],[73.69024,32.11014],[73.68971,32.11053],[73.68971,32.11056],[73.68967,32.11056],[73.68912,32.11096],[73.6882,32.11162],[73.68754,32.11209],[73.68823,32.11162],[73.68927,32.11088],[73.69144,32.10931],[73.6919,32.10898],[73.6919,32.10896]]],[[[73.68804,32.11189],[73.68682,32.11263],[73.68618,32.1128],[73.68543,32.11287],[73.6846,32.11278],[73.6846,32.11284],[73.68571,32.11289],[73.68694,32.11262],[73.68872,32.11142],[73.68804,32.11189]]],[[[73.68621,32.11266],[73.68546,32.11275],[73.6846,32.11268],[73.68523,32.11277],[73.68635,32.11264],[73.68689,32.1125],[73.6875,32.11212],[73.68682,32.11251],[73.68621,32.11266]]]]}},{"type":"Feature","properties":{"lu":"Graveyard","ct":"Existing","a":1.323},"geometry":{"type":"MultiPolygon","coordinates":[[[[73.67009,32.09077],[73.67004,32.09075],[73.66969,32.09133],[73.67043,32.09167],[73.67074,32.09115],[73.67024,32.09094],[73.67009,32.09077]]]]}},{"type":"Feature","properties":{"lu":"Water Body","ct":"Existing","a":22.449},"geometry":{"type":"MultiPolygon","coordinates":[[[[73.63537,32.0623],[73.63723,32.06304],[73.63723,32.06286],[73.63539,32.06215],[73.63537,32.0623]]],[[[73.63867,32.06343],[73.63742,32.06294],[73.63745,32.06314],[73.64008,32.06411],[73.64485,32.06486],[73.64486,32.06474],[73.6403,32.06398],[73.63867,32.06343]]],[[[73.65158,32.06776],[73.64724,32.06519],[73.64521,32.06479],[73.64521,32.06491],[73.64689,32.06517],[73.64773,32.06555],[73.65601,32.07067],[73.65728,32.07138],[73.65832,32.07237],[73.65843,32.0724],[73.65798,32.0719],[73.65699,32.07108],[73.65452,32.06963],[73.65158,32.06776]]],[[[73.66322,32.08022],[73.66314,32.08023],[73.66564,32.08432],[73.66598,32.08502],[73.66674,32.08714],[73.66688,32.08707],[73.6661,32.08486],[73.66322,32.08022]]],[[[73.6668,32.08733],[73.66731,32.08871],[73.66748,32.0887],[73.66694,32.08723],[73.6668,32.08733]]],[[[73.66762,32.08955],[73.6703,32.09689],[73.67045,32.09688],[73.6677,32.08929],[73.66762,32.08955]]],[[[73.67278,32.10121],[73.67317,32.10176],[73.67341,32.10186],[73.6723,32.10032],[73.6722,32.1004],[73.67278,32.10121]]],[[[73.67366,32.10257],[73.67806,32.10869],[73.67823,32.10869],[73.67376,32.10235],[73.6735,32.10224],[73.67366,32.10257]]],[[[73.68864,32.11147],[73.69118,32.10969],[73.69114,32.10964],[73.69191,32.109],[73.68716,32.11235],[73.68635,32.11264],[73.68523,32.11277],[73.68195,32.11231],[73.681,32.11201],[73.68017,32.11136],[73.67835,32.10886],[73.67818,32.10885],[73.68024,32.1116],[73.68094,32.11211],[73.68151,32.11232],[73.68543,32.11287],[73.68618,32.1128],[73.68682,32.11263],[73.68729,32.11238],[73.68864,32.11147]]]]}},{"type":"Feature","properties":{"lu":"Water Body","ct":"Existing","a":1.948},"geometry":{"type":"MultiPolygon","coordinates":[[[[73.71942,32.01923],[73.71734,32.01901],[73.71627,32.01881],[73.71465,32.01837],[73.71303,32.01777],[73.71066,32.01667],[73.71053,32.0167],[73.7136,32.0181],[73.71466,32.01847],[73.71642,32.01894],[73.71844,32.01923],[73.71945,32.0193],[73.71942,32.01923]]]]}},{"type":"Feature","properties":{"lu":"Water Body","ct":"Existing","a":0.378},"geometry":{"type":"MultiPolygon","coordinates":[[[[73.63359,32.0694],[73.63346,32.06932],[73.63263,32.06947],[73.63149,32.0695],[73.63151,32.06956],[73.63225,32.06959],[73.63359,32.0694]]]]}},{"type":"Feature","properties":{"lu":"Water Body","ct":"Existing","a":2.647},"geometry":{"type":"MultiPolygon","coordinates":[[[[73.67435,32.03981],[73.67576,32.03961],[73.67811,32.0396],[73.67798,32.03954],[73.67578,32.03953],[73.67472,32.03966],[73.67185,32.04025],[73.67098,32.04028],[73.66953,32.04015],[73.66953,32.04021],[73.67087,32.04035],[73.67188,32.04034],[73.67435,32.03981]]],[[[73.66934,32.04014],[73.66775,32.04024],[73.66639,32.04061],[73.66514,32.04121],[73.66388,32.04203],[73.66393,32.04208],[73.66511,32.0413],[73.66645,32.04064],[73.66771,32.04032],[73.66934,32.04021],[73.66934,32.04014]]]]}},{"type":"Feature","properties":{"lu":"Water Body","ct":"Existing","a":0.419},"geometry":{"type":"MultiPolygon","coordinates":[[[[73.73167,32.07967],[73.73442,32.08577],[73.73314,32.08283],[73.73172,32.07975],[73.73167,32.07967]]]]}},{"type":"Feature","properties":{"lu":"Water Body","ct":"Existing","a":0.007},"geometry":{"type":"MultiPolygon","coordinates":[[[[73.73506,32.0872],[73.73531,32.08775],[73.73544,32.08801],[73.73506,32.0872]]]]}},{"type":"Feature","properties":{"lu":"Graveyard","ct":"Existing","a":4.05},"geometry":{"type":"MultiPolygon","coordinates":[[[[73.64407,32.06108],[73.64383,32.06021],[73.6425,32.06029],[73.64249,32.0612],[73.64416,32.06134],[73.64407,32.06108]]]]}},{"type":"Feature","properties":{"lu":"Religious Building","ct":"Existing","a":0.112},"geometry":{"type":"MultiPolygon","coordinates":[[[[73.65798,32.08478],[73.65782,32.08485],[73.65795,32.08506],[73.65811,32.08499],[73.65798,32.08478]]]]}},{"type":"Feature","properties":{"lu":"Religious Building","ct":"Existing","a":0.143},"geometry":{"type":"MultiPolygon","coordinates":[[[[73.65833,32.0847],[73.65804,32.08482],[73.65813,32.08498],[73.65842,32.08484],[73.65833,32.0847]]]]}},{"type":"Feature","properties":{"lu":"Religious Building","ct":"Existing","a":0.017},"geometry":{"type":"MultiPolygon","coordinates":[[[[73.66133,32.08341],[73.66129,32.08335],[73.66121,32.08339],[73.66125,32.08345],[73.66133,32.08341]]]]}},{"type":"Feature","properties":{"lu":"Water Body","ct":"Existing","a":0.002},"geometry":{"type":"MultiPolygon","coordinates":[[[[73.66504,32.08308],[73.66507,32.08314],[73.66515,32.08325],[73.66504,32.08308]]]]}},{"type":"Feature","properties":{"lu":"Grassland","ct":"Existing","a":5.059},"geometry":{"type":"MultiPolygon","coordinates":[[[[73.73797,32.08148],[73.73804,32.0814],[73.73798,32.08134],[73.73498,32.07898],[73.73192,32.07641],[73.7312,32.07588],[73.73085,32.07583],[73.73532,32.07953],[73.73791,32.08155],[73.73797,32.08148]]]]}},{"type":"Feature","properties":{"lu":"Water Body","ct":"Existing","a":302.482},"geometry":{"type":"MultiPolygon","coordinates":[[[[73.69608,32.04373],[73.67973,32.02596],[73.67288,32.0184],[73.67124,32.01666],[73.67104,32.0165],[73.67071,32.01667],[73.67273,32.01877],[73.6752,32.02192],[73.68337,32.03057],[73.68778,32.03554],[73.69024,32.03804],[73.69842,32.04698],[73.69864,32.04655],[73.69608,32.04373]]],[[[73.69075,32.03971],[73.68043,32.02835],[73.67706,32.02547],[73.67393,32.02298],[73.67169,32.02088],[73.67015,32.01881],[73.66932,32.01735],[73.6687,32.01757],[73.66989,32.01958],[73.67132,32.02138],[73.67277,32.02271],[73.67911,32.02795],[73.68017,32.02894],[73.68661,32.03606],[73.68721,32.03671],[73.68729,32.03671],[73.68729,32.03679],[73.69567,32.04611],[73.69612,32.04644],[73.69776,32.0483],[73.69805,32.04772],[73.69075,32.03971]]],[[[73.69901,32.04763],[73.70468,32.05408],[73.71072,32.0604],[73.7272,32.07393],[73.72951,32.07556],[73.73035,32.07567],[73.71086,32.05986],[73.69871,32.04666],[73.69851,32.04707],[73.69901,32.04763]]],[[[73.69866,32.04923],[73.70808,32.05971],[73.70921,32.06088],[73.72593,32.07448],[73.72631,32.0748],[73.72624,32.07486],[73.72631,32.0748],[73.72686,32.07525],[73.7278,32.07535],[73.72128,32.06999],[73.71039,32.06129],[73.70423,32.05457],[73.70242,32.05283],[73.69815,32.04782],[73.69786,32.04841],[73.69866,32.04923]]],[[[73.73781,32.09293],[73.73531,32.08775],[73.7316,32.07951],[73.73092,32.07849],[73.7296,32.07681],[73.72795,32.07547],[73.72697,32.07534],[73.72782,32.07604],[73.72937,32.07764],[73.73011,32.07865],[73.73128,32.08054],[73.73926,32.09826],[73.74056,32.10128],[73.74357,32.10701],[73.74365,32.10713],[73.74418,32.10695],[73.74428,32.10667],[73.74307,32.10458],[73.74031,32.09874],[73.73781,32.09293]]]]}},{"type":"Feature","properties":{"lu":"Grassland","ct":"Existing","a":84.139},"geometry":{"type":"MultiPolygon","coordinates":[[[[73.72935,32.07544],[73.7272,32.07393],[73.71072,32.0604],[73.70468,32.05408],[73.69851,32.04707],[73.69815,32.04782],[73.70242,32.05283],[73.70423,32.05457],[73.71039,32.06129],[73.72128,32.06999],[73.7278,32.07535],[73.72935,32.07544]]]]}},{"type":"Feature","properties":{"lu":"Water Body","ct":"Existing","a":27.059},"geometry":{"type":"MultiPolygon","coordinates":[[[[73.746,32.08816],[73.74549,32.0879],[73.74164,32.0848],[73.74003,32.08346],[73.74007,32.08341],[73.73058,32.0758],[73.72965,32.07568],[73.73219,32.07785],[73.74197,32.08556],[73.74572,32.08882],[73.746,32.08816]]]]}},{"type":"Feature","properties":{"lu":"Grassland","ct":"Existing","a":9.943},"geometry":{"type":"MultiPolygon","coordinates":[[[[73.73129,32.07882],[73.73165,32.07859],[73.73219,32.07785],[73.72965,32.07568],[73.72795,32.07547],[73.72927,32.07654],[73.72966,32.07601],[73.73052,32.07686],[73.73012,32.07688],[73.73,32.0767],[73.72973,32.07697],[73.73119,32.07889],[73.73129,32.07882]]]]}},{"type":"Feature","properties":{"lu":"Water Body","ct":"Existing","a":199.937},"geometry":{"type":"MultiPolygon","coordinates":[[[[73.75576,32.0805],[73.75723,32.07186],[73.75878,32.06515],[73.7638,32.0517],[73.76584,32.04554],[73.77082,32.03189],[73.76919,32.03147],[73.75973,32.05843],[73.75676,32.06652],[73.75581,32.07217],[73.75431,32.08008],[73.75576,32.0805]]]]}},{"type":"Feature","properties":{"lu":"Water Body","ct":"Existing","a":99.28},"geometry":{"type":"MultiPolygon","coordinates":[[[[73.76739,32.03101],[73.76661,32.03082],[73.75464,32.06416],[73.75461,32.06424],[73.75458,32.06409],[73.74942,32.07843],[73.75023,32.0787],[73.75661,32.06051],[73.75856,32.05539],[73.76739,32.03101]]]]}},{"type":"Feature","properties":{"lu":"Water Body","ct":"Existing","a":52.749},"geometry":{"type":"MultiPolygon","coordinates":[[[[73.74743,32.08632],[73.75015,32.07892],[73.74941,32.07867],[73.74619,32.08772],[73.74563,32.08902],[73.74348,32.09503],[73.74435,32.09528],[73.74669,32.08874],[73.74743,32.08632]]],[[[73.74584,32.10266],[73.74503,32.1022],[73.74436,32.10162],[73.74384,32.10093],[73.7435,32.10016],[73.74336,32.09917],[73.74345,32.09781],[73.74374,32.0967],[73.74431,32.0954],[73.74345,32.0951],[73.7427,32.0973],[73.74252,32.09834],[73.74249,32.09923],[73.74267,32.1001],[73.74315,32.10109],[73.74404,32.10207],[73.74486,32.10262],[73.74586,32.10304],[73.74601,32.10273],[73.74584,32.10266]]]]}},{"type":"Feature","properties":{"lu":"Religious Building","ct":"Existing","a":1.344},"geometry":{"type":"MultiPolygon","coordinates":[[[[73.72927,32.07654],[73.72973,32.07697],[73.73,32.0767],[73.73012,32.07688],[73.73052,32.07686],[73.72966,32.07601],[73.72927,32.07654]]]]}},{"type":"Feature","properties":{"lu":"Grassland","ct":"Existing","a":1.353},"geometry":{"type":"MultiPolygon","coordinates":[[[[73.72362,32.07302],[73.72342,32.07324],[73.72422,32.07387],[73.72412,32.07409],[73.72508,32.07421],[73.72362,32.07302]]]]}},{"type":"Feature","properties":{"lu":"Grassland","ct":"Existing","a":0.343},"geometry":{"type":"MultiPolygon","coordinates":[[[[73.72734,32.07606],[73.72693,32.07574],[73.72671,32.07588],[73.72716,32.07623],[73.72734,32.07606]]]]}},{"type":"Feature","properties":{"lu":"Grassland","ct":"Existing","a":27.614},"geometry":{"type":"MultiPolygon","coordinates":[[[[73.74572,32.08882],[73.74197,32.08556],[73.73219,32.07785],[73.73165,32.07859],[73.73214,32.07865],[73.73321,32.07938],[73.73941,32.08416],[73.74366,32.08795],[73.74533,32.08988],[73.74572,32.08882]]]]}},{"type":"Feature","properties":{"lu":"Religious Building","ct":"Existing","a":0.1},"geometry":{"type":"MultiPolygon","coordinates":[[[[73.73622,32.07604],[73.73598,32.07603],[73.73598,32.07615],[73.73613,32.07615],[73.73613,32.07627],[73.73621,32.07627],[73.73622,32.07604]]]]}},{"type":"Feature","properties":{"lu":"Graveyard","ct":"Existing","a":1.282,"nm":"Graveyard Thatta Khokhraan"},"geometry":{"type":"MultiPolygon","coordinates":[[[[73.67505,32.03972],[73.67422,32.03988],[73.67435,32.04042],[73.67514,32.04036],[73.67505,32.03972]]]]}},{"type":"Feature","properties":{"lu":"Water Body","ct":"Existing","a":0.913},"geometry":{"type":"MultiPolygon","coordinates":[[[[73.68091,32.11214],[73.68063,32.11195],[73.68031,32.11245],[73.68039,32.11271],[73.68095,32.11273],[73.68091,32.11214]]]]}},{"type":"Feature","properties":{"lu":"Graveyard","ct":"Existing","a":1.579},"geometry":{"type":"MultiPolygon","coordinates":[[[[73.69014,32.09339],[73.69014,32.09297],[73.68996,32.09291],[73.68995,32.09343],[73.69014,32.09339]]],[[[73.68976,32.09345],[73.68976,32.09286],[73.68952,32.09279],[73.68948,32.09324],[73.68898,32.09324],[73.68898,32.09386],[73.68949,32.09383],[73.68976,32.09345]]]]}},{"type":"Feature","properties":{"lu":"Livestock Farming","ct":"Existing","a":0.059},"geometry":{"type":"MultiPolygon","coordinates":[[[[73.73253,32.06763],[73.73252,32.06753],[73.73226,32.06756],[73.73233,32.06764],[73.73253,32.06763]]]]}},{"type":"Feature","properties":{"lu":"Graveyard","ct":"Existing","a":0.963},"geometry":{"type":"MultiPolygon","coordinates":[[[[73.68147,32.108],[73.68172,32.108],[73.68164,32.10722],[73.68106,32.10727],[73.6812,32.10777],[73.68147,32.108]]]]}},{"type":"Feature","properties":{"lu":"Graveyard","ct":"Existing","a":5.388},"geometry":{"type":"MultiPolygon","coordinates":[[[[73.37232,32.0682],[73.37239,32.06782],[73.37271,32.06779],[73.37269,32.06808],[73.37286,32.06802],[73.37281,32.06775],[73.37294,32.06762],[73.37298,32.06734],[73.37291,32.06715],[73.37249,32.06708],[73.37186,32.06714],[73.37186,32.0673],[73.37161,32.06777],[73.3715,32.06777],[73.37135,32.06795],[73.37098,32.06804],[73.37086,32.06819],[73.37071,32.06825],[73.36983,32.06847],[73.37034,32.06886],[73.37232,32.0682]]]]}},{"type":"Feature","properties":{"lu":"Graveyard","ct":"Existing","a":1.038},"geometry":{"type":"MultiPolygon","coordinates":[[[[73.36569,32.06703],[73.36554,32.06672],[73.36495,32.0666],[73.36476,32.06681],[73.36466,32.0672],[73.36569,32.06703]]]]}},{"type":"Feature","properties":{"lu":"Graveyard","ct":"Existing","a":0.112},"geometry":{"type":"MultiPolygon","coordinates":[[[[73.36399,32.07964],[73.3641,32.0799],[73.36452,32.08004],[73.36399,32.07964]]]]}},{"type":"Feature","properties":{"lu":"Religious Building","ct":"Existing","a":0.541},"geometry":{"type":"MultiPolygon","coordinates":[[[[73.36252,32.06776],[73.36227,32.06762],[73.36196,32.06812],[73.36235,32.06832],[73.36252,32.06776]]]]}},{"type":"Feature","properties":{"lu":"Religious Building","ct":"Existing","a":0.131},"geometry":{"type":"MultiPolygon","coordinates":[[[[73.36388,32.06973],[73.36364,32.06969],[73.3636,32.0699],[73.36385,32.06992],[73.36388,32.06973]]]]}},{"type":"Feature","properties":{"lu":"Graveyard","ct":"Existing","a":2.033},"geometry":{"type":"MultiPolygon","coordinates":[[[[73.36392,32.0743],[73.36389,32.07435],[73.36367,32.07419],[73.36311,32.07487],[73.36358,32.0752],[73.36379,32.07496],[73.36411,32.07525],[73.36442,32.07505],[73.36431,32.07484],[73.36443,32.07479],[73.36392,32.0743]]]]}},{"type":"Feature","properties":{"lu":"Graveyard","ct":"Existing","a":0.434},"geometry":{"type":"MultiPolygon","coordinates":[[[[73.3697,32.06845],[73.36957,32.0686],[73.3696,32.06876],[73.36969,32.06883],[73.36994,32.0689],[73.36998,32.069],[73.37027,32.06889],[73.3697,32.06845]]]]}},{"type":"Feature","properties":{"lu":"Graveyard","ct":"Existing","a":0.671,"nm":"Peer Sarhanian Wala Graveyard"},"geometry":{"type":"MultiPolygon","coordinates":[[[[73.36996,32.06908],[73.37025,32.06936],[73.37045,32.06943],[73.37074,32.06915],[73.37071,32.06883],[73.36996,32.06908]]]]}},{"type":"Feature","properties":{"lu":"Graveyard","ct":"Existing","a":1.188},"geometry":{"type":"MultiPolygon","coordinates":[[[[73.36522,32.07982],[73.3638,32.07923],[73.36387,32.07951],[73.3646,32.08008],[73.36522,32.07982]]]]}},{"type":"Feature","properties":{"lu":"Graveyard","ct":"Existing","a":6.224},"geometry":{"type":"MultiPolygon","coordinates":[[[[73.36398,32.07796],[73.36478,32.07797],[73.36422,32.07766],[73.36398,32.07796]]],[[[73.36523,32.0795],[73.36552,32.07919],[73.36502,32.07882],[73.36538,32.0783],[73.36508,32.07814],[73.36385,32.07812],[73.36333,32.07868],[73.3636,32.07911],[73.3645,32.07942],[73.36475,32.07963],[73.36529,32.07978],[73.36548,32.07973],[73.36523,32.0795]]]]}},{"type":"Feature","properties":{"lu":"Graveyard","ct":"Existing","a":0.239},"geometry":{"type":"MultiPolygon","coordinates":[[[[73.36628,32.07305],[73.36651,32.07322],[73.36673,32.07297],[73.3665,32.07281],[73.36628,32.07305]]]]}},{"type":"Feature","properties":{"lu":"Grassland","ct":"Existing","a":2.331},"geometry":{"type":"MultiPolygon","coordinates":[[[[73.3693,32.05067],[73.3681,32.04893],[73.36783,32.04901],[73.36922,32.05096],[73.36945,32.05089],[73.3693,32.05067]]],[[[73.36966,32.05118],[73.36942,32.05125],[73.37021,32.05236],[73.37048,32.05235],[73.36966,32.05118]]]]}},{"type":"Feature","properties":{"lu":"Religious Building","ct":"Existing","a":0.07},"geometry":{"type":"MultiPolygon","coordinates":[[[[73.36366,32.06958],[73.36391,32.06961],[73.36393,32.06951],[73.36369,32.06947],[73.36366,32.06958]]]]}},{"type":"Feature","properties":{"lu":"Religious Building","ct":"Existing","a":0.148},"geometry":{"type":"MultiPolygon","coordinates":[[[[73.36512,32.0684],[73.36541,32.06841],[73.36541,32.0682],[73.36515,32.06819],[73.36512,32.0684]]]]}},{"type":"Feature","properties":{"lu":"Graveyard","ct":"Existing","a":0.787,"nm":"Waan Qaberstan"},"geometry":{"type":"MultiPolygon","coordinates":[[[[73.40239,32.06358],[73.40262,32.06339],[73.40274,32.06318],[73.40175,32.06327],[73.40173,32.06355],[73.40239,32.06358]]]]}},{"type":"Feature","properties":{"lu":"Graveyard","ct":"Existing","a":4.67},"geometry":{"type":"MultiPolygon","coordinates":[[[[73.40261,32.06225],[73.40272,32.06213],[73.40335,32.06221],[73.40346,32.06158],[73.40278,32.06148],[73.40281,32.06126],[73.40143,32.06138],[73.40137,32.06133],[73.40137,32.0615],[73.40126,32.06164],[73.40127,32.06186],[73.40148,32.06208],[73.40156,32.06229],[73.40188,32.06252],[73.40216,32.06229],[73.40261,32.06225]]]]}},{"type":"Feature","properties":{"lu":"Religious Building","ct":"Existing","a":1.643,"nm":"Markazi Eid Gah"},"geometry":{"type":"MultiPolygon","coordinates":[[[[73.37617,32.06903],[73.37618,32.06897],[73.37574,32.0691],[73.37574,32.06902],[73.37517,32.06903],[73.37513,32.06969],[73.37609,32.06971],[73.37617,32.06903]]]]}},{"type":"Feature","properties":{"lu":"Graveyard","ct":"Existing","a":3.385},"geometry":{"type":"MultiPolygon","coordinates":[[[[73.39242,32.06334],[73.39251,32.06264],[73.39182,32.06255],[73.39184,32.06219],[73.39101,32.06228],[73.39101,32.06265],[73.39094,32.06267],[73.39106,32.06273],[73.39106,32.06327],[73.39242,32.06334]]]]}},{"type":"Feature","properties":{"lu":"Park and Open Spaces","ct":"Existing","a":0.13,"nm":"White Pearl Chowk"},"geometry":{"type":"MultiPolygon","coordinates":[[[[73.3682,32.04837],[73.36781,32.04835],[73.36802,32.04862],[73.3682,32.04837]]]]}},{"type":"Feature","properties":{"lu":"Religious Building","ct":"Existing","a":0.065,"nm":"Masjid E Bahar E Madina"},"geometry":{"type":"MultiPolygon","coordinates":[[[[73.36981,32.04782],[73.36979,32.04767],[73.36963,32.04772],[73.36964,32.04787],[73.36981,32.04782]]]]}},{"type":"Feature","properties":{"lu":"Grassland","ct":"Existing","a":0.289},"geometry":{"type":"MultiPolygon","coordinates":[[[[73.37067,32.05296],[73.37075,32.05274],[73.37053,32.05243],[73.37028,32.05246],[73.37067,32.05296]]]]}},{"type":"Feature","properties":{"lu":"Graveyard","ct":"Existing","a":0.637,"nm":"Graveyard Qazian"},"geometry":{"type":"MultiPolygon","coordinates":[[[[73.37083,32.07172],[73.37057,32.07205],[73.37094,32.07227],[73.37132,32.07223],[73.37135,32.07206],[73.37083,32.07172]]]]}},{"type":"Feature","properties":{"lu":"Graveyard","ct":"Existing","a":16.541},"geometry":{"type":"MultiPolygon","coordinates":[[[[73.27826,31.84528],[73.278,31.84438],[73.27802,31.84406],[73.27794,31.84385],[73.27605,31.84417],[73.27487,31.84621],[73.27822,31.84645],[73.27841,31.84631],[73.27826,31.84528]]]]}},{"type":"Feature","properties":{"lu":"Water Body","ct":"Existing","a":240.082},"geometry":{"type":"MultiPolygon","coordinates":[[[[73.23752,31.87157],[73.23883,31.87052],[73.24101,31.86894],[73.24246,31.86819],[73.24407,31.86754],[73.24559,31.86717],[73.24842,31.86688],[73.25193,31.8671],[73.25383,31.86745],[73.25569,31.86795],[73.2562,31.86819],[73.25791,31.86912],[73.26111,31.87161],[73.26269,31.87273],[73.26454,31.87369],[73.26625,31.87433],[73.26762,31.87473],[73.26894,31.87493],[73.26967,31.87521],[73.27065,31.87532],[73.2716,31.87559],[73.27264,31.87573],[73.27476,31.87589],[73.28058,31.87566],[73.28058,31.87546],[73.27414,31.87564],[73.27189,31.8754],[73.26731,31.87448],[73.26507,31.87374],[73.26278,31.87255],[73.26211,31.87214],[73.25967,31.87021],[73.25898,31.86959],[73.25798,31.86888],[73.25589,31.86778],[73.25404,31.86726],[73.2529,31.86703],[73.25134,31.86685],[73.2484,31.86671],[73.24631,31.86687],[73.24447,31.86723],[73.24355,31.86753],[73.24173,31.86833],[73.24046,31.86907],[73.22998,31.877],[73.2286,31.8779],[73.2277,31.8784],[73.22536,31.87927],[73.2239,31.87958],[73.2208,31.88007],[73.21954,31.88041],[73.21762,31.88114],[73.21667,31.88166],[73.21494,31.88293],[73.21175,31.88589],[73.21133,31.88621],[73.20955,31.88731],[73.20771,31.88809],[73.20593,31.88857],[73.20439,31.88882],[73.19634,31.88891],[73.19314,31.88949],[73.19164,31.89009],[73.1902,31.89088],[73.18707,31.89315],[73.18662,31.89334],[73.18606,31.8934],[73.18535,31.89341],[73.18449,31.89319],[73.17717,31.89057],[73.17443,31.88967],[73.17495,31.88954],[73.17619,31.88957],[73.17646,31.8895],[73.17768,31.88948],[73.18009,31.88905],[73.18045,31.88925],[73.18062,31.88922],[73.18075,31.88912],[73.18063,31.88875],[73.18079,31.88864],[73.18159,31.88872],[73.18189,31.88859],[73.18521,31.88781],[73.20953,31.88135],[73.21278,31.88046],[73.21559,31.87956],[73.21702,31.87895],[73.21966,31.87736],[73.22173,31.87565],[73.22256,31.87472],[73.2264,31.8695],[73.22783,31.86771],[73.2296,31.86604],[73.23114,31.86494],[73.23213,31.86441],[73.23471,31.8633],[73.26378,31.85535],[73.26535,31.85488],[73.26681,31.8542],[73.26889,31.85312],[73.2707,31.85163],[73.27206,31.85014],[73.27543,31.84521],[73.27648,31.84352],[73.27784,31.84161],[73.2786,31.84031],[73.27929,31.83854],[73.27982,31.83665],[73.27988,31.836],[73.27954,31.83598],[73.2793,31.83762],[73.27869,31.8396],[73.27772,31.84129],[73.27555,31.84468],[73.2716,31.85028],[73.27055,31.85138],[73.26888,31.85279],[73.26649,31.85407],[73.26514,31.85471],[73.2348,31.86308],[73.23186,31.8643],[73.2299,31.86553],[73.22768,31.86748],[73.22282,31.87405],[73.22115,31.87594],[73.21855,31.8779],[73.21704,31.87872],[73.21553,31.87941],[73.1991,31.884],[73.19076,31.8862],[73.18977,31.8864],[73.18517,31.88767],[73.18406,31.88789],[73.1825,31.88835],[73.18197,31.88841],[73.18142,31.88862],[73.18063,31.8885],[73.1802,31.88892],[73.17988,31.88903],[73.17872,31.88925],[73.17767,31.88934],[73.17558,31.88947],[73.1751,31.88942],[73.17425,31.88961],[73.1733,31.88943],[73.17119,31.88866],[73.17104,31.88848],[73.171,31.88825],[73.17061,31.88772],[73.17055,31.88745],[73.17001,31.88645],[73.16979,31.88627],[73.16906,31.88594],[73.16866,31.88543],[73.16773,31.88455],[73.1676,31.88433],[73.167,31.88391],[73.16642,31.88373],[73.16614,31.88354],[73.16594,31.8832],[73.16597,31.88282],[73.16587,31.88246],[73.16605,31.88159],[73.16606,31.88115],[73.16573,31.88049],[73.16544,31.88017],[73.16503,31.88003],[73.16442,31.88017],[73.16404,31.88039],[73.16315,31.88124],[73.16281,31.88146],[73.16254,31.88154],[73.16238,31.88152],[73.16219,31.88132],[73.16188,31.88066],[73.16154,31.8803],[73.16084,31.87989],[73.1605,31.87978],[73.15997,31.87993],[73.15941,31.88026],[73.15848,31.88054],[73.15816,31.88045],[73.15802,31.88049],[73.15802,31.88068],[73.15881,31.88059],[73.15946,31.88034],[73.16016,31.87995],[73.16078,31.87996],[73.16153,31.88039],[73.16171,31.8806],[73.1618,31.88099],[73.16205,31.88115],[73.16227,31.88158],[73.1624,31.88164],[73.16294,31.88155],[73.16391,31.88075],[73.1641,31.8805],[73.16445,31.88028],[73.16474,31.88016],[73.16523,31.88018],[73.16554,31.88051],[73.16594,31.88122],[73.16579,31.88157],[73.16577,31.882],[73.16564,31.88233],[73.16584,31.88335],[73.16617,31.88373],[73.16677,31.88393],[73.16724,31.88426],[73.16849,31.88543],[73.16895,31.88602],[73.16979,31.88645],[73.17041,31.88738],[73.17061,31.88793],[73.17111,31.88885],[73.17219,31.88911],[73.17372,31.88973],[73.17672,31.89066],[73.18397,31.89323],[73.18444,31.89348],[73.18575,31.89364],[73.18643,31.89363],[73.18695,31.89345],[73.1877,31.89303],[73.18937,31.89173],[73.19071,31.89082],[73.19308,31.88973],[73.19403,31.88948],[73.19678,31.88909],[73.20402,31.88907],[73.20591,31.8888],[73.20863,31.88799],[73.2103,31.88712],[73.21155,31.88628],[73.21396,31.88419],[73.21507,31.8831],[73.21718,31.88161],[73.21832,31.88105],[73.22001,31.88049],[73.22521,31.87955],[73.227,31.87895],[73.22862,31.87818],[73.23058,31.87684],[73.23752,31.87157]]],[[[73.28988,31.87581],[73.28514,31.87529],[73.28077,31.87546],[73.28077,31.87565],[73.28491,31.87554],[73.2877,31.87577],[73.29114,31.8762],[73.29114,31.87596],[73.28988,31.87581]]],[[[73.33689,31.8953],[73.32877,31.89348],[73.32745,31.89306],[73.32699,31.89264],[73.32582,31.89213],[73.32505,31.89164],[73.32407,31.89084],[73.32331,31.89001],[73.32267,31.88951],[73.31849,31.88353],[73.31656,31.88173],[73.31506,31.88064],[73.31307,31.8796],[73.31184,31.87907],[73.30986,31.87847],[73.30844,31.87823],[73.29133,31.87598],[73.29133,31.87626],[73.29157,31.87634],[73.29182,31.87631],[73.29583,31.87678],[73.30924,31.8785],[73.31019,31.87875],[73.31335,31.87992],[73.31467,31.88067],[73.31645,31.88189],[73.31844,31.88384],[73.31944,31.88521],[73.32227,31.88939],[73.32324,31.89045],[73.32492,31.89195],[73.32518,31.89212],[73.32586,31.89226],[73.32752,31.89329],[73.32833,31.89355],[73.3365,31.89539],[73.3371,31.89546],[73.33892,31.89595],[73.33897,31.89571],[73.33689,31.8953]]],[[[73.39036,31.88965],[73.38955,31.8896],[73.38282,31.88864],[73.37971,31.88901],[73.37751,31.8894],[73.37618,31.8898],[73.37388,31.89076],[73.36452,31.89538],[73.36467,31.89551],[73.37451,31.89062],[73.3773,31.8896],[73.38034,31.88909],[73.3829,31.8888],[73.38913,31.88967],[73.39019,31.88988],[73.39038,31.88988],[73.39036,31.88965]]],[[[73.36399,31.89564],[73.363,31.89612],[73.36215,31.89642],[73.3603,31.89691],[73.35856,31.89717],[73.35831,31.89714],[73.35773,31.89726],[73.35672,31.89732],[73.35466,31.89727],[73.34298,31.89637],[73.34155,31.89622],[73.33916,31.89575],[73.3391,31.89602],[73.34139,31.89639],[73.34346,31.8966],[73.35602,31.89753],[73.35675,31.89753],[73.35914,31.89727],[73.36074,31.89697],[73.36306,31.89624],[73.36449,31.89561],[73.3644,31.8955],[73.36399,31.89564]]],[[[73.4405,31.93304],[73.43121,31.92758],[73.41978,31.92065],[73.41972,31.92034],[73.42072,31.91664],[73.42182,31.91379],[73.42324,31.91116],[73.42756,31.90448],[73.42821,31.90308],[73.42869,31.90157],[73.42893,31.8997],[73.42893,31.898],[73.42865,31.89709],[73.42779,31.8954],[73.42621,31.89303],[73.42359,31.89068],[73.42312,31.89038],[73.42054,31.88828],[73.41927,31.88753],[73.41742,31.88663],[73.41467,31.88566],[73.41051,31.88529],[73.40872,31.88539],[73.40753,31.88556],[73.40579,31.88598],[73.39573,31.88923],[73.39461,31.8895],[73.39338,31.88969],[73.39226,31.88976],[73.39058,31.88969],[73.39057,31.88989],[73.39227,31.88993],[73.39499,31.88967],[73.40598,31.88607],[73.40745,31.88578],[73.40976,31.88555],[73.41092,31.88552],[73.41349,31.8857],[73.41474,31.8859],[73.41674,31.8866],[73.41804,31.88714],[73.41942,31.88787],[73.42102,31.88895],[73.42499,31.89218],[73.42618,31.89333],[73.42709,31.8946],[73.42798,31.89616],[73.42843,31.89711],[73.42858,31.89752],[73.42873,31.89843],[73.42872,31.89966],[73.42859,31.90078],[73.42849,31.90127],[73.42834,31.90142],[73.42826,31.90231],[73.42806,31.90288],[73.42717,31.90481],[73.42657,31.90554],[73.42608,31.90651],[73.42313,31.91099],[73.42231,31.91237],[73.42149,31.91413],[73.42082,31.9158],[73.42046,31.91697],[73.41967,31.91992],[73.41965,31.92073],[73.41992,31.921],[73.42686,31.9252],[73.44045,31.93325],[73.44057,31.93312],[73.4405,31.93304]]]]}},{"type":"Feature","properties":{"lu":"Water Body","ct":"Existing","a":16.762},"geometry":{"type":"MultiPolygon","coordinates":[[[[73.30072,31.86764],[73.30349,31.86757],[73.31402,31.86592],[73.31678,31.86515],[73.31776,31.86464],[73.31899,31.86381],[73.32023,31.86245],[73.32093,31.86152],[73.32697,31.8523],[73.32895,31.84963],[73.33121,31.84439],[73.33608,31.83425],[73.33711,31.83133],[73.33683,31.83123],[73.33589,31.83427],[73.33518,31.83556],[73.33257,31.84131],[73.33048,31.84566],[73.32893,31.84949],[73.32696,31.8521],[73.32014,31.86245],[73.31885,31.86377],[73.3183,31.86421],[73.31699,31.86497],[73.31627,31.86526],[73.314,31.86585],[73.30566,31.86722],[73.30371,31.8675],[73.30264,31.86756],[73.29952,31.86755],[73.29133,31.86592],[73.29113,31.86596],[73.28496,31.86479],[73.28496,31.86485],[73.2992,31.86754],[73.29993,31.86765],[73.30072,31.86764]]]]}},{"type":"Feature","properties":{"lu":"Graveyard","ct":"Existing","a":0.197},"geometry":{"type":"MultiPolygon","coordinates":[[[[73.27802,31.84406],[73.278,31.84438],[73.27826,31.84528],[73.27812,31.84433],[73.27802,31.84406]]]]}},{"type":"Feature","properties":{"lu":"Graveyard","ct":"Existing","a":0.001},"geometry":{"type":"MultiPolygon","coordinates":[[[[73.27665,31.89139],[73.27644,31.89137],[73.27634,31.89137],[73.27665,31.89139]]],[[[73.27676,31.89168],[73.27673,31.89157],[73.27672,31.89154],[73.27672,31.89151],[73.27671,31.8915],[73.27676,31.89168]]]]}},{"type":"Feature","properties":{"lu":"Water Body","ct":"Existing","a":18.406},"geometry":{"type":"MultiPolygon","coordinates":[[[[73.27066,31.90571],[73.27057,31.90542],[73.27102,31.9053],[73.27107,31.905],[73.27041,31.90494],[73.2704,31.90479],[73.27007,31.90474],[73.27004,31.90464],[73.2694,31.90463],[73.26938,31.90483],[73.26852,31.90483],[73.26835,31.90446],[73.26841,31.90369],[73.26881,31.90367],[73.26889,31.9032],[73.26917,31.90317],[73.26917,31.90308],[73.26928,31.90308],[73.26928,31.90285],[73.26943,31.90282],[73.26939,31.90254],[73.26858,31.90258],[73.26855,31.90325],[73.268,31.90327],[73.26808,31.90391],[73.26745,31.90397],[73.26752,31.90415],[73.26729,31.90425],[73.26718,31.90412],[73.26866,31.90655],[73.26952,31.90662],[73.26942,31.9072],[73.26999,31.90726],[73.27088,31.90626],[73.27066,31.90571]],[[73.2684,31.90575],[73.26844,31.90581],[73.26836,31.90585],[73.26831,31.90578],[73.2684,31.90575]]]]}},{"type":"Feature","properties":{"lu":"Religious Building","ct":"Existing","a":1.848},"geometry":{"type":"MultiPolygon","coordinates":[[[[73.29062,31.89967],[73.28968,31.89905],[73.28922,31.89953],[73.29015,31.90012],[73.29062,31.89967]]]]}},{"type":"Feature","properties":{"lu":"Graveyard","ct":"Existing","a":0.005},"geometry":{"type":"MultiPolygon","coordinates":[[[[73.29653,31.89693],[73.29669,31.89702],[73.29631,31.8968],[73.29653,31.89693]]],[[[73.29683,31.89709],[73.29696,31.89715],[73.29669,31.89702],[73.29683,31.89709]]]]}},{"type":"Feature","properties":{"lu":"Graveyard","ct":"Existing","a":0.001},"geometry":{"type":"MultiPolygon","coordinates":[[[[73.297831,31.896882],[73.297818,31.896969],[73.297823,31.896968],[73.297831,31.896882]]]]}},{"type":"Feature","properties":{"lu":"Religious Building","ct":"Existing","a":0.001},"geometry":{"type":"MultiPolygon","coordinates":[[[[73.28395,31.9037],[73.28394,31.9037],[73.28395,31.90375],[73.28395,31.9037]]]]}},{"type":"Feature","properties":{"lu":"Religious Building","ct":"Existing","a":0.831},"geometry":{"type":"MultiPolygon","coordinates":[[[[73.25686,31.90828],[73.25691,31.9077],[73.25632,31.90771],[73.25632,31.90827],[73.25686,31.90828]]]]}},{"type":"Feature","properties":{"lu":"Water Body","ct":"Existing","a":1.286},"geometry":{"type":"MultiPolygon","coordinates":[[[[73.28496,31.86479],[73.27586,31.86343],[73.27585,31.86351],[73.27698,31.86371],[73.28039,31.86414],[73.28496,31.86485],[73.28496,31.86479]]]]}},{"type":"Feature","properties":{"lu":"Graveyard","ct":"Existing","a":2.624},"geometry":{"type":"MultiPolygon","coordinates":[[[[73.29529,31.86842],[73.29655,31.86855],[73.2967,31.86793],[73.29623,31.8677],[73.29547,31.86757],[73.29529,31.86842]]]]}},{"type":"Feature","properties":{"lu":"Graveyard","ct":"Existing","a":0.222},"geometry":{"type":"MultiPolygon","coordinates":[[[[73.27571,31.89122],[73.27566,31.89111],[73.27535,31.89111],[73.2753,31.89134],[73.27555,31.89135],[73.27571,31.89122]]]]}},{"type":"Feature","properties":{"lu":"Religious Building","ct":"Existing","a":0.347,"nm":"Darbar Baba Darwaish Shah"},"geometry":{"type":"MultiPolygon","coordinates":[[[[73.26059,31.91081],[73.26022,31.91077],[73.26015,31.91111],[73.26056,31.91115],[73.26059,31.91081]]]]}},{"type":"Feature","properties":{"lu":"Religious Building","ct":"Existing","a":0.002},"geometry":{"type":"MultiPolygon","coordinates":[[[[73.28194,31.89779],[73.28206,31.89778],[73.28193,31.89779],[73.28193,31.8978],[73.28194,31.89779]]]]}},{"type":"Feature","properties":{"lu":"Religious Building","ct":"Existing","a":0.699},"geometry":{"type":"MultiPolygon","coordinates":[[[[73.24911,31.91148],[73.24906,31.91181],[73.24891,31.9118],[73.24883,31.912],[73.24886,31.91208],[73.2493,31.91216],[73.24947,31.9118],[73.24941,31.91157],[73.24911,31.91148]]]]}},{"type":"Feature","properties":{"lu":"Park and Open Spaces","ct":"Existing","a":0.083},"geometry":{"type":"MultiPolygon","coordinates":[[[[73.26196,31.9047],[73.26185,31.90475],[73.26184,31.90487],[73.26203,31.90485],[73.26196,31.9047]]]]}},{"type":"Feature","properties":{"lu":"Religious Building","ct":"Existing","a":0.123,"nm":"Shabeeha Kazmeen"},"geometry":{"type":"MultiPolygon","coordinates":[[[[73.25808,31.89668],[73.2578,31.89667],[73.25781,31.89684],[73.25807,31.89686],[73.25808,31.89668]]]]}},{"type":"Feature","properties":{"lu":"Water Body","ct":"Existing","a":0.011},"geometry":{"type":"MultiPolygon","coordinates":[[[[73.51723,31.86948],[73.51707,31.86947],[73.51704,31.86948],[73.51718,31.86951],[73.51723,31.86948]]]]}},{"type":"Feature","properties":{"lu":"Water Body","ct":"Existing","a":0.022},"geometry":{"type":"MultiPolygon","coordinates":[[[[73.51413,31.87067],[73.51426,31.87084],[73.51427,31.87084],[73.51413,31.87067]]],[[[73.51449,31.87114],[73.51589,31.87295],[73.51628,31.87345],[73.51572,31.87273],[73.51454,31.8712],[73.5145,31.87114],[73.51449,31.87114]]]]}},{"type":"Feature","properties":{"lu":"Water Body","ct":"Existing","a":6.449},"geometry":{"type":"MultiPolygon","coordinates":[[[[73.4712,31.88864],[73.46958,31.88857],[73.46962,31.88863],[73.4717,31.88871],[73.4712,31.88864]]],[[[73.53012,31.88963],[73.52996,31.88991],[73.52978,31.89089],[73.52933,31.89132],[73.52958,31.89118],[73.52982,31.89087],[73.53001,31.88982],[73.5302,31.8896],[73.53012,31.88963]]],[[[73.53149,31.89016],[73.5305,31.88936],[73.53038,31.8894],[73.53049,31.88939],[73.53281,31.89132],[73.53316,31.89159],[73.53321,31.89156],[73.53149,31.89016]]],[[[73.52877,31.89153],[73.52832,31.89177],[73.52751,31.89197],[73.52658,31.89204],[73.50186,31.8899],[73.47672,31.88891],[73.50169,31.88995],[73.5262,31.89207],[73.52773,31.89197],[73.52894,31.89151],[73.52877,31.89153]]]]}},{"type":"Feature","properties":{"lu":"Water Body","ct":"Existing","a":662.562,"nm":"Canal"},"geometry":{"type":"MultiPolygon","coordinates":[[[[73.55884,31.91182],[73.55269,31.90763],[73.551,31.90656],[73.54943,31.90542],[73.5472,31.90401],[73.54338,31.90069],[73.54089,31.89871],[73.53746,31.89642],[73.53607,31.89567],[73.53618,31.89554],[73.53284,31.89413],[73.53152,31.89366],[73.53045,31.89311],[73.52981,31.89294],[73.5262,31.89227],[73.52212,31.89178],[73.50184,31.89001],[73.46458,31.88851],[73.45742,31.88809],[73.45294,31.88732],[73.45041,31.88664],[73.43474,31.88093],[73.43273,31.88031],[73.43148,31.87975],[73.43021,31.87933],[73.42483,31.87728],[73.41434,31.87344],[73.4103,31.87205],[73.40864,31.87134],[73.39488,31.8663],[73.38259,31.86171],[73.38056,31.86089],[73.37829,31.85965],[73.37543,31.85786],[73.3601,31.84513],[73.35463,31.84075],[73.35191,31.83836],[73.34808,31.83547],[73.34617,31.83435],[73.34429,31.83335],[73.34071,31.83184],[73.33818,31.83101],[73.33535,31.83034],[73.33202,31.82981],[73.32977,31.82962],[73.32731,31.82959],[73.3257,31.82966],[73.32228,31.83004],[73.31496,31.83131],[73.2903,31.83529],[73.28845,31.83552],[73.28433,31.83572],[73.28153,31.83566],[73.27805,31.8354],[73.27623,31.83498],[73.27031,31.83251],[73.26489,31.82929],[73.25534,31.82235],[73.22267,31.79905],[73.22209,31.79865],[73.22165,31.79904],[73.23745,31.81023],[73.26563,31.83043],[73.26737,31.8315],[73.26948,31.83256],[73.2697,31.83275],[73.27188,31.8338],[73.27648,31.83562],[73.27734,31.83582],[73.27858,31.83599],[73.27988,31.836],[73.28205,31.8362],[73.28754,31.83602],[73.29098,31.83573],[73.31991,31.8309],[73.32277,31.83046],[73.32538,31.83015],[73.3283,31.83003],[73.33123,31.83019],[73.33301,31.83038],[73.33528,31.83083],[73.3397,31.83198],[73.34281,31.83325],[73.34492,31.83424],[73.34775,31.83588],[73.35026,31.83778],[73.35969,31.84573],[73.37462,31.85792],[73.37878,31.86055],[73.38118,31.86173],[73.38925,31.8648],[73.40209,31.86953],[73.40543,31.87069],[73.42447,31.8778],[73.43279,31.88073],[73.44455,31.88514],[73.45021,31.88709],[73.45264,31.88774],[73.45506,31.88827],[73.45684,31.88855],[73.46139,31.88886],[73.46246,31.88886],[73.46329,31.88898],[73.47898,31.88954],[73.49361,31.89026],[73.49534,31.89032],[73.49645,31.89026],[73.4975,31.89042],[73.50249,31.89055],[73.52197,31.89223],[73.52505,31.89256],[73.52967,31.89339],[73.53008,31.89351],[73.55541,31.91127],[73.55742,31.91259],[73.55888,31.91206],[73.56147,31.91379],[73.56191,31.91427],[73.56194,31.91445],[73.56279,31.91503],[73.56349,31.91429],[73.55952,31.91158],[73.55884,31.91182]],[[73.55339,31.90911],[73.53844,31.8987],[73.53206,31.89416],[73.53418,31.89493],[73.53612,31.89581],[73.5378,31.89677],[73.54055,31.8987],[73.54322,31.90072],[73.54783,31.90467],[73.55822,31.91157],[73.55856,31.91192],[73.55788,31.91217],[73.55339,31.90911]]],[[[73.61982,31.96085],[73.61945,31.96135],[73.61732,31.95997],[73.61358,31.95744],[73.60844,31.95378],[73.60444,31.9511],[73.60382,31.95077],[73.59834,31.94686],[73.59554,31.94443],[73.59262,31.94105],[73.59138,31.93926],[73.58987,31.93671],[73.58965,31.93658],[73.58818,31.93469],[73.58698,31.93285],[73.58617,31.93182],[73.58425,31.9297],[73.5824,31.92785],[73.5818,31.92736],[73.58016,31.92624],[73.57968,31.92579],[73.57626,31.92369],[73.57179,31.92071],[73.57054,31.9197],[73.56966,31.91921],[73.56895,31.91891],[73.56868,31.91863],[73.56717,31.91761],[73.56565,31.91644],[73.5643,31.91565],[73.5644,31.91547],[73.56594,31.91633],[73.56617,31.91608],[73.56364,31.91439],[73.56295,31.91514],[73.57315,31.92203],[73.57986,31.92646],[73.582,31.92806],[73.58304,31.92899],[73.58518,31.93117],[73.58642,31.93268],[73.58917,31.93658],[73.59016,31.93774],[73.59237,31.94092],[73.59529,31.94436],[73.59668,31.94572],[73.59859,31.94727],[73.59997,31.94813],[73.60394,31.95099],[73.60805,31.95373],[73.60866,31.95426],[73.61787,31.96057],[73.61817,31.96089],[73.61957,31.96183],[73.62035,31.9622],[73.6221,31.96363],[73.62581,31.96739],[73.63605,31.9785],[73.63891,31.98174],[73.64217,31.98527],[73.64362,31.98697],[73.65057,31.99452],[73.65387,31.99828],[73.66093,32.00579],[73.66228,32.00739],[73.6673,32.01278],[73.67071,32.01667],[73.67104,32.0165],[73.67034,32.01562],[73.66509,32.00986],[73.62902,31.97035],[73.62393,31.96502],[73.62109,31.96217],[73.62059,31.96136],[73.61982,31.96085]]]]}},{"type":"Feature","properties":{"lu":"Water Body","ct":"Existing","a":4.214},"geometry":{"type":"MultiPolygon","coordinates":[[[[73.49692,31.83671],[73.50088,31.82245],[73.50115,31.82055],[73.50118,31.81863],[73.50104,31.82126],[73.50076,31.82287],[73.49654,31.8379],[73.49609,31.84045],[73.4961,31.84203],[73.49628,31.84408],[73.49655,31.84544],[73.49707,31.84728],[73.49759,31.84846],[73.49859,31.85037],[73.49962,31.8519],[73.50051,31.85297],[73.49869,31.85046],[73.49767,31.84854],[73.49697,31.84683],[73.49647,31.84493],[73.49619,31.84292],[73.49616,31.84033],[73.49659,31.8379],[73.49692,31.83671]]],[[[73.50363,31.85695],[73.50348,31.85676],[73.50329,31.85652],[73.50294,31.85608],[73.50269,31.85575],[73.50243,31.85543],[73.50217,31.85509],[73.50196,31.85484],[73.50171,31.85451],[73.50135,31.85405],[73.50113,31.85377],[73.50083,31.85338],[73.50077,31.85331],[73.50073,31.85331],[73.50091,31.85355],[73.50101,31.85368],[73.50154,31.85435],[73.50201,31.85495],[73.50241,31.85546],[73.50278,31.85592],[73.50279,31.85593],[73.50327,31.85654],[73.50345,31.85678],[73.5036,31.85697],[73.50364,31.85696],[73.50363,31.85695]]]]}},{"type":"Feature","properties":{"lu":"Water Body","ct":"Existing","a":18.64},"geometry":{"type":"MultiPolygon","coordinates":[[[[73.49719,31.90813],[73.48972,31.90054],[73.48873,31.89963],[73.48798,31.89935],[73.48721,31.89917],[73.48698,31.89879],[73.48567,31.89751],[73.48315,31.89661],[73.48151,31.89621],[73.4811,31.89621],[73.48078,31.89657],[73.48046,31.89705],[73.48013,31.89831],[73.48006,31.89833],[73.45552,31.89828],[73.44144,31.90335],[73.44059,31.90348],[73.43996,31.90338],[73.43006,31.89818],[73.42919,31.89777],[73.42884,31.89772],[73.42887,31.89781],[73.42904,31.89781],[73.43986,31.9034],[73.44072,31.90356],[73.44126,31.90349],[73.45556,31.89835],[73.48026,31.89845],[73.4806,31.89703],[73.48113,31.89633],[73.48138,31.89627],[73.48312,31.89667],[73.485,31.89731],[73.48573,31.89771],[73.48713,31.89924],[73.48746,31.89939],[73.48823,31.89953],[73.48885,31.89981],[73.49689,31.90792],[73.49755,31.90896],[73.49765,31.90895],[73.49719,31.90813]]],[[[73.49881,31.91098],[73.49777,31.90916],[73.49766,31.90917],[73.49879,31.9111],[73.50005,31.91209],[73.50016,31.91208],[73.49881,31.91098]]],[[[73.5003059,31.9122907],[73.5004272,31.9122828],[73.5004271,31.9122828],[73.5003059,31.9122906],[73.5003059,31.9122907]]],[[[73.50456,31.91555],[73.50477,31.91573],[73.50475,31.91556],[73.50474,31.91554],[73.50456,31.91555]]],[[[73.50503,31.91577],[73.50503,31.9158],[73.50507,31.9158],[73.50503,31.91577]]],[[[73.50544,31.91626],[73.50583,31.91651],[73.506,31.91649],[73.50545,31.91604],[73.50511,31.91603],[73.50544,31.91626]]]]}},{"type":"Feature","properties":{"lu":"Water Body","ct":"Existing","a":2.527},"geometry":{"type":"MultiPolygon","coordinates":[[[[73.46736,31.86049],[73.46298,31.85857],[73.46193,31.85806],[73.4606,31.85725],[73.45872,31.85577],[73.45634,31.85346],[73.45576,31.85293],[73.45571,31.85295],[73.45879,31.85586],[73.46045,31.85719],[73.46158,31.8579],[73.46284,31.85855],[73.46753,31.86061],[73.46736,31.86049]]],[[[73.49177,31.87884],[73.49703,31.88517],[73.49737,31.88571],[73.49766,31.88644],[73.49779,31.88723],[73.49765,31.88974],[73.49782,31.88712],[73.49771,31.88647],[73.4974,31.8857],[73.49694,31.885],[73.49177,31.87884]]]]}},{"type":"Feature","properties":{"lu":"Graveyard","ct":"Existing","a":13.769},"geometry":{"type":"MultiPolygon","coordinates":[[[[73.46575,31.85983],[73.46407,31.8591],[73.46405,31.85922],[73.46348,31.85966],[73.46347,31.86],[73.4634,31.86006],[73.46268,31.86019],[73.46307,31.86187],[73.46517,31.86156],[73.46505,31.86094],[73.46512,31.86046],[73.46563,31.86051],[73.46575,31.85983]]]]}},{"type":"Feature","properties":{"lu":"Graveyard","ct":"Existing","a":4.298},"geometry":{"type":"MultiPolygon","coordinates":[[[[73.46717,31.86157],[73.4675,31.86068],[73.46719,31.86054],[73.46721,31.86047],[73.46603,31.85996],[73.46597,31.86021],[73.46623,31.86161],[73.46717,31.86157]]]]}},{"type":"Feature","properties":{"lu":"Graveyard","ct":"Existing","a":0.002},"geometry":{"type":"MultiPolygon","coordinates":[[[[73.47633,31.87501],[73.47626,31.87502],[73.47627,31.87504],[73.47633,31.87501]]]]}},{"type":"Feature","properties":{"lu":"Water Body","ct":"Existing","a":0.766},"geometry":{"type":"MultiPolygon","coordinates":[[[[73.47166,31.88866],[73.4717,31.88871],[73.47565,31.88886],[73.47672,31.88891],[73.48515,31.88922],[73.48314,31.88915],[73.48152,31.88908],[73.47904,31.88898],[73.47695,31.8889],[73.47429,31.88875],[73.47324,31.88874],[73.47166,31.88866]]]]}},{"type":"Feature","properties":{"lu":"Water Body","ct":"Existing","a":0.87},"geometry":{"type":"MultiPolygon","coordinates":[[[[73.50448,31.85801],[73.5036,31.85697],[73.50453,31.85808],[73.50448,31.85801]]],[[[73.50929,31.86413],[73.5092,31.86401],[73.50893,31.86367],[73.50855,31.86318],[73.50814,31.86265],[73.50782,31.86225],[73.50741,31.86173],[73.50716,31.86141],[73.50682,31.86098],[73.50655,31.86064],[73.50631,31.86033],[73.50626,31.86027],[73.50614,31.86012],[73.50595,31.85988],[73.50583,31.85972],[73.50561,31.85944],[73.50543,31.85922],[73.50519,31.85892],[73.505,31.85867],[73.50469,31.85827],[73.50465,31.85823],[73.5046,31.85823],[73.50467,31.85832],[73.50517,31.85895],[73.5056,31.85949],[73.50586,31.85982],[73.50602,31.86002],[73.50641,31.86053],[73.50681,31.86103],[73.50732,31.86168],[73.50739,31.86175],[73.50775,31.86223],[73.50814,31.86273],[73.50856,31.86326],[73.50888,31.86367],[73.50891,31.86371],[73.50916,31.86403],[73.50925,31.86416],[73.50927,31.86414],[73.50929,31.86413]]]]}},{"type":"Feature","properties":{"lu":"Graveyard","ct":"Existing","a":0.581},"geometry":{"type":"MultiPolygon","coordinates":[[[[73.46765,31.86074],[73.4675,31.86068],[73.46717,31.86157],[73.46762,31.86154],[73.46755,31.86117],[73.46765,31.86074]]]]}},{"type":"Feature","properties":{"lu":"Religious Building","ct":"Existing","a":0.141},"geometry":{"type":"MultiPolygon","coordinates":[[[[73.50641,31.86901],[73.50635,31.86885],[73.50604,31.86892],[73.50609,31.86908],[73.50641,31.86901]]]]}},{"type":"Feature","properties":{"lu":"Water Body","ct":"Existing","a":0.001},"geometry":{"type":"MultiPolygon","coordinates":[[[[73.50107,31.85463],[73.50122,31.85483],[73.50118,31.85478],[73.50107,31.85463]]]]}},{"type":"Feature","properties":{"lu":"Religious Building","ct":"Existing","a":0.195},"geometry":{"type":"MultiPolygon","coordinates":[[[[73.47128,31.86621],[73.47122,31.86593],[73.47107,31.86593],[73.47107,31.86609],[73.47096,31.86616],[73.47095,31.86631],[73.47128,31.86621]]]]}},{"type":"Feature","properties":{"lu":"Graveyard","ct":"Existing","a":0.911,"nm":"Sumail Taranger"},"geometry":{"type":"MultiPolygon","coordinates":[[[[73.4887,31.86735],[73.48868,31.86755],[73.48843,31.86752],[73.48843,31.86733],[73.48828,31.86736],[73.48834,31.86773],[73.48824,31.86782],[73.48799,31.86784],[73.48809,31.86816],[73.4884,31.86811],[73.48839,31.86799],[73.48874,31.86788],[73.48883,31.8677],[73.48877,31.86735],[73.4887,31.86735]]]]}},{"type":"Feature","properties":{"lu":"Park and Open Spaces","ct":"Existing","a":0.434},"geometry":{"type":"MultiPolygon","coordinates":[[[[73.50927,31.86414],[73.50891,31.86371],[73.50871,31.8638],[73.5092,31.8644],[73.50943,31.86435],[73.50927,31.86414]]]]}},{"type":"Feature","properties":{"lu":"Religious Building","ct":"Existing","a":0.01},"geometry":{"type":"MultiPolygon","coordinates":[[[[73.50888,31.8645],[73.50885,31.86446],[73.50876,31.86448],[73.50878,31.86452],[73.50888,31.8645]]]]}},{"type":"Feature","properties":{"lu":"Grassland","ct":"Existing","a":3.764},"geometry":{"type":"MultiPolygon","coordinates":[[[[73.50426,31.8578],[73.5036,31.85697],[73.50345,31.85707],[73.50429,31.85811],[73.50449,31.85808],[73.50426,31.8578]]],[[[73.50888,31.86367],[73.5046,31.85823],[73.5044,31.85826],[73.50874,31.86379],[73.50888,31.86367]]]]}},{"type":"Feature","properties":{"lu":"Grassland","ct":"Existing","a":0.113},"geometry":{"type":"MultiPolygon","coordinates":[[[[73.5036,31.85697],[73.50345,31.85678],[73.50331,31.85689],[73.50345,31.85707],[73.5036,31.85697]]]]}},{"type":"Feature","properties":{"lu":"Water Body","ct":"Existing","a":2.554},"geometry":{"type":"MultiPolygon","coordinates":[[[[73.2646,31.89156],[73.2646,31.89119],[73.26479,31.89116],[73.26479,31.89057],[73.26459,31.89058],[73.26457,31.8907],[73.2642,31.89073],[73.26416,31.89103],[73.26386,31.89105],[73.26379,31.89123],[73.26362,31.89114],[73.26345,31.89122],[73.26361,31.89129],[73.26368,31.89152],[73.26385,31.8916],[73.26391,31.89171],[73.26412,31.8917],[73.26428,31.89199],[73.26471,31.89202],[73.26462,31.89189],[73.2646,31.89156]]]]}},{"type":"Feature","properties":{"lu":"Grassland","ct":"Existing","a":7.154},"geometry":{"type":"MultiPolygon","coordinates":[[[[73.70449,32.05678],[73.70479,32.05653],[73.69981,32.051],[73.69976,32.05106],[73.70016,32.05201],[73.70449,32.05678]]]]}},{"type":"Feature","properties":{"lu":"Grassland","ct":"Existing","a":468.369},"geometry":{"type":"MultiPolygon","coordinates":[[[[73.53206,31.89416],[73.54464,31.90304],[73.55788,31.91217],[73.55856,31.91192],[73.55822,31.91157],[73.54783,31.90467],[73.54322,31.90072],[73.54055,31.8987],[73.5378,31.89677],[73.53612,31.89581],[73.53418,31.89493],[73.53206,31.89416]]],[[[73.56191,31.91427],[73.56147,31.91379],[73.55888,31.91206],[73.55816,31.91235],[73.56253,31.91532],[73.56279,31.91503],[73.56194,31.91445],[73.56191,31.91427]]],[[[73.68337,32.03057],[73.6752,32.02192],[73.67273,32.01877],[73.67071,32.01667],[73.6673,32.01278],[73.66228,32.00739],[73.66093,32.00579],[73.65387,31.99828],[73.65057,31.99452],[73.64362,31.98697],[73.64217,31.98527],[73.63891,31.98174],[73.63605,31.9785],[73.62581,31.96739],[73.6221,31.96363],[73.62035,31.9622],[73.61957,31.96183],[73.61817,31.96089],[73.61787,31.96057],[73.60866,31.95426],[73.60805,31.95373],[73.60394,31.95099],[73.59997,31.94813],[73.59859,31.94727],[73.59668,31.94572],[73.59529,31.94436],[73.59237,31.94092],[73.59016,31.93774],[73.58917,31.93658],[73.58642,31.93268],[73.58518,31.93117],[73.58304,31.92899],[73.582,31.92806],[73.57986,31.92646],[73.57315,31.92203],[73.56295,31.91514],[73.56268,31.91542],[73.57233,31.92193],[73.5802,31.92737],[73.58226,31.9291],[73.58364,31.9304],[73.58503,31.93196],[73.58632,31.93364],[73.59372,31.94405],[73.59432,31.94477],[73.59563,31.946],[73.61735,31.96107],[73.61851,31.96173],[73.61933,31.96251],[73.61992,31.96282],[73.6206,31.96333],[73.62351,31.96658],[73.6361,31.97986],[73.64021,31.98432],[73.66632,32.01306],[73.66743,32.01437],[73.6684,32.0158],[73.67015,32.01881],[73.67169,32.02088],[73.67393,32.02298],[73.67706,32.02547],[73.68043,32.02835],[73.69805,32.04772],[73.69842,32.04698],[73.69024,32.03804],[73.68778,32.03554],[73.68337,32.03057]],[[73.61988,31.96269],[73.61889,31.96198],[73.61918,31.96168],[73.62029,31.96228],[73.61988,31.96269]]]]}},{"type":"Feature","properties":{"lu":"Grassland","ct":"Existing","a":6.064},"geometry":{"type":"MultiPolygon","coordinates":[[[[73.5493,32.24966],[73.54905,32.24901],[73.54911,32.24883],[73.54866,32.2485],[73.54786,32.24843],[73.54692,32.248],[73.54676,32.24817],[73.54646,32.24824],[73.54628,32.24865],[73.54676,32.24889],[73.54799,32.24924],[73.54902,32.24969],[73.5493,32.24966]]]]}},{"type":"Feature","properties":{"lu":"Livestock Farming","ct":"Existing","a":3.447},"geometry":{"type":"MultiPolygon","coordinates":[[[[73.60581,32.10102],[73.60568,32.10054],[73.60307,32.10118],[73.60322,32.10162],[73.60581,32.10102]]]]}},{"type":"Feature","properties":{"lu":"Livestock Farming","ct":"Existing","a":3.007},"geometry":{"type":"MultiPolygon","coordinates":[[[[73.60214,32.10104],[73.60204,32.10076],[73.60066,32.10112],[73.60093,32.10191],[73.60223,32.10156],[73.60214,32.10104]]]]}},{"type":"Feature","properties":{"lu":"Livestock Farming","ct":"Existing","a":0.395},"geometry":{"type":"MultiPolygon","coordinates":[[[[73.60241,32.10195],[73.6023,32.10162],[73.60191,32.10171],[73.60201,32.10208],[73.60241,32.10195]]]]}},{"type":"Feature","properties":{"lu":"Livestock Farming","ct":"Existing","a":1.324},"geometry":{"type":"MultiPolygon","coordinates":[[[[73.60565,32.10048],[73.60546,32.09995],[73.60453,32.10019],[73.60473,32.10067],[73.60565,32.10048]]]]}},{"type":"Feature","properties":{"lu":"Livestock Farming","ct":"Existing","a":87.149},"geometry":{"type":"MultiPolygon","coordinates":[[[[73.59275,32.1076],[73.59573,32.10651],[73.59488,32.10465],[73.59451,32.10471],[73.59365,32.10243],[73.59337,32.10243],[73.59304,32.10195],[73.59248,32.10211],[73.59185,32.10096],[73.5912,32.10121],[73.59096,32.10059],[73.58899,32.10114],[73.59015,32.10385],[73.58939,32.10413],[73.589,32.10377],[73.58807,32.10414],[73.58829,32.10459],[73.58874,32.10441],[73.58893,32.10453],[73.58929,32.10525],[73.58869,32.10553],[73.58863,32.10579],[73.58812,32.10607],[73.58865,32.10794],[73.58957,32.10803],[73.59145,32.10701],[73.59275,32.1076]]]]}},{"type":"Feature","properties":{"lu":"Livestock Farming","ct":"Existing","a":36.639},"geometry":{"type":"MultiPolygon","coordinates":[[[[73.5709,32.10457],[73.57104,32.10326],[73.57384,32.10344],[73.57388,32.10228],[73.56695,32.10189],[73.56679,32.10297],[73.56613,32.10294],[73.56597,32.10414],[73.5709,32.10457]]]]}},{"type":"Feature","properties":{"lu":"Livestock Farming","ct":"Existing","a":24.358},"geometry":{"type":"MultiPolygon","coordinates":[[[[73.49219,32.11377],[73.49093,32.11238],[73.49047,32.11161],[73.48908,32.11154],[73.48904,32.11299],[73.48848,32.11296],[73.48838,32.11302],[73.48833,32.11365],[73.48766,32.1136],[73.4876,32.11448],[73.49047,32.11461],[73.493,32.11459],[73.49219,32.11377]]]]}},{"type":"Feature","properties":{"lu":"Livestock Farming","ct":"Existing","a":76.016},"geometry":{"type":"MultiPolygon","coordinates":[[[[73.58767,32.12404],[73.59056,32.12466],[73.591,32.12059],[73.59124,32.11672],[73.58775,32.11649],[73.58754,32.11828],[73.58532,32.11812],[73.58685,32.12045],[73.58755,32.12208],[73.58835,32.12371],[73.58768,32.12376],[73.58767,32.12404]]]]}},{"type":"Feature","properties":{"lu":"Livestock Farming","ct":"Existing","a":49.723},"geometry":{"type":"MultiPolygon","coordinates":[[[[73.59163,32.11311],[73.59022,32.11306],[73.58996,32.11544],[73.59352,32.11565],[73.59346,32.11684],[73.59835,32.11723],[73.59707,32.1142],[73.59171,32.11382],[73.59163,32.11311]]]]}},{"type":"Feature","properties":{"lu":"Livestock Farming","ct":"Existing","a":21.599},"geometry":{"type":"MultiPolygon","coordinates":[[[[73.58258,32.11748],[73.58055,32.11737],[73.58043,32.11827],[73.5812,32.11831],[73.58113,32.11964],[73.58234,32.11981],[73.58226,32.1209],[73.58369,32.12103],[73.58396,32.11796],[73.58329,32.11791],[73.58326,32.11748],[73.58258,32.11748]]]]}},{"type":"Feature","properties":{"lu":"Livestock Farming","ct":"Existing","a":17.543},"geometry":{"type":"MultiPolygon","coordinates":[[[[73.67172,32.13047],[73.66955,32.13012],[73.66896,32.13316],[73.67118,32.13345],[73.67172,32.13047]]]]}},{"type":"Feature","properties":{"lu":"Livestock Farming","ct":"Existing","a":10.543},"geometry":{"type":"MultiPolygon","coordinates":[[[[73.71053,32.13887],[73.70707,32.13863],[73.70702,32.13976],[73.71043,32.1401],[73.71053,32.13887]]]]}},{"type":"Feature","properties":{"lu":"Livestock Farming","ct":"Existing","a":26.645},"geometry":{"type":"MultiPolygon","coordinates":[[[[73.70921,32.13878],[73.71412,32.13906],[73.7142,32.13731],[73.71214,32.13715],[73.7121,32.13656],[73.70947,32.13643],[73.70921,32.13878]]]]}},{"type":"Feature","properties":{"lu":"Livestock Farming","ct":"Existing","a":11.411},"geometry":{"type":"MultiPolygon","coordinates":[[[[73.71721,32.15576],[73.71576,32.15434],[73.7171,32.15349],[73.71639,32.15253],[73.71626,32.15255],[73.7144,32.1539],[73.71718,32.15659],[73.71765,32.15621],[73.71721,32.15576]]]]}},{"type":"Feature","properties":{"lu":"Livestock Farming","ct":"Existing","a":23.418},"geometry":{"type":"MultiPolygon","coordinates":[[[[73.71603,32.15184],[73.71832,32.15499],[73.72043,32.15341],[73.71774,32.15085],[73.71653,32.15098],[73.71652,32.15143],[73.71603,32.15184]]]]}},{"type":"Feature","properties":{"lu":"Livestock Farming","ct":"Existing","a":13.106},"geometry":{"type":"MultiPolygon","coordinates":[[[[73.72358,32.15081],[73.72263,32.14995],[73.72217,32.15045],[73.72057,32.1516],[73.72257,32.15328],[73.72277,32.15274],[73.72287,32.15269],[73.72374,32.15096],[73.72358,32.15081]]]]}},{"type":"Feature","properties":{"lu":"Livestock Farming","ct":"Existing","a":20.971},"geometry":{"type":"MultiPolygon","coordinates":[[[[73.71693,32.16103],[73.71848,32.1597],[73.71809,32.15931],[73.71748,32.15973],[73.71698,32.15932],[73.7134,32.16215],[73.71478,32.16341],[73.7173,32.16135],[73.71693,32.16103]]]]}},{"type":"Feature","properties":{"lu":"Livestock Farming","ct":"Existing","a":5.455},"geometry":{"type":"MultiPolygon","coordinates":[[[[73.728,32.17206],[73.72555,32.16989],[73.72503,32.17027],[73.72745,32.17247],[73.728,32.17206]]]]}},{"type":"Feature","properties":{"lu":"Livestock Farming","ct":"Existing","a":50.375},"geometry":{"type":"MultiPolygon","coordinates":[[[[73.71533,32.18581],[73.71082,32.18502],[73.70949,32.18809],[73.70976,32.18823],[73.70935,32.18944],[73.71478,32.1889],[73.71465,32.18785],[73.71542,32.18753],[73.71533,32.18581]]]]}},{"type":"Feature","properties":{"lu":"Livestock Farming","ct":"Existing","a":5.776},"geometry":{"type":"MultiPolygon","coordinates":[[[[73.64279,32.19342],[73.64265,32.19168],[73.64114,32.19175],[73.64115,32.19259],[73.64174,32.1927],[73.64181,32.19347],[73.64279,32.19342]]]]}},{"type":"Feature","properties":{"lu":"Livestock Farming","ct":"Existing","a":4.223},"geometry":{"type":"MultiPolygon","coordinates":[[[[73.64626,32.19704],[73.64621,32.19691],[73.64356,32.19702],[73.6434,32.19715],[73.64341,32.19763],[73.64593,32.19752],[73.64626,32.19704]]]]}},{"type":"Feature","properties":{"lu":"Livestock Farming","ct":"Existing","a":16.285},"geometry":{"type":"MultiPolygon","coordinates":[[[[73.68979,32.19904],[73.6896,32.19741],[73.68585,32.19726],[73.68555,32.19717],[73.68518,32.19798],[73.68519,32.19868],[73.68833,32.19854],[73.68853,32.19913],[73.68979,32.19904]]]]}},{"type":"Feature","properties":{"lu":"Livestock Farming","ct":"Existing","a":6.978},"geometry":{"type":"MultiPolygon","coordinates":[[[[73.69542,32.19503],[73.69455,32.19471],[73.69389,32.19411],[73.69338,32.19378],[73.6927,32.19384],[73.69297,32.19547],[73.69524,32.19533],[73.69542,32.19503]]]]}},{"type":"Feature","properties":{"lu":"Livestock Farming","ct":"Existing","a":23.165},"geometry":{"type":"MultiPolygon","coordinates":[[[[73.68714,32.18261],[73.68705,32.17955],[73.68413,32.17964],[73.68418,32.18267],[73.68714,32.18261]]]]}},{"type":"Feature","properties":{"lu":"Livestock Farming","ct":"Existing","a":0.938},"geometry":{"type":"MultiPolygon","coordinates":[[[[73.68469,32.21891],[73.68462,32.21837],[73.68396,32.21842],[73.68397,32.21893],[73.68469,32.21891]]]]}},{"type":"Feature","properties":{"lu":"Livestock Farming","ct":"Existing","a":0.755},"geometry":{"type":"MultiPolygon","coordinates":[[[[73.68028,32.21233],[73.68022,32.21225],[73.67959,32.21234],[73.67953,32.21239],[73.67964,32.21277],[73.68027,32.21264],[73.68028,32.21233]]]]}},{"type":"Feature","properties":{"lu":"Livestock Farming","ct":"Existing","a":5.933},"geometry":{"type":"MultiPolygon","coordinates":[[[[73.73182,32.19863],[73.73125,32.19521],[73.73063,32.19527],[73.73113,32.19872],[73.73182,32.19863]]]]}},{"type":"Feature","properties":{"lu":"Livestock Farming","ct":"Existing","a":2.682},"geometry":{"type":"MultiPolygon","coordinates":[[[[73.72721,32.19203],[73.72705,32.19142],[73.72535,32.1917],[73.72546,32.19224],[73.72721,32.19203]]]]}},{"type":"Feature","properties":{"lu":"Livestock Farming","ct":"Existing","a":6.437},"geometry":{"type":"MultiPolygon","coordinates":[[[[73.59701,32.17614],[73.59682,32.17503],[73.59544,32.17517],[73.59491,32.17499],[73.59473,32.17514],[73.59479,32.17633],[73.59701,32.17614]]]]}},{"type":"Feature","properties":{"lu":"Livestock Farming","ct":"Existing","a":7.39},"geometry":{"type":"MultiPolygon","coordinates":[[[[73.58459,32.17768],[73.58377,32.17637],[73.5819,32.17723],[73.58263,32.1783],[73.58459,32.17768]]]]}},{"type":"Feature","properties":{"lu":"Water Body","ct":"Existing","a":245.491,"nm":"Canal"},"geometry":{"type":"MultiPolygon","coordinates":[[[[73.56158,31.91466],[73.55816,31.91235],[73.55742,31.91259],[73.56214,31.91574],[73.56253,31.91532],[73.56158,31.91466]]],[[[73.6684,32.0158],[73.66743,32.01437],[73.66632,32.01306],[73.64021,31.98432],[73.6361,31.97986],[73.62351,31.96658],[73.6206,31.96333],[73.61992,31.96282],[73.61933,31.96251],[73.61851,31.96173],[73.61735,31.96107],[73.59563,31.946],[73.59432,31.94477],[73.59372,31.94405],[73.58808,31.93607],[73.58503,31.93196],[73.58364,31.9304],[73.58226,31.9291],[73.5802,31.92737],[73.57233,31.92193],[73.56268,31.91542],[73.56229,31.91584],[73.57799,31.92655],[73.58022,31.92817],[73.58273,31.93041],[73.58446,31.93226],[73.58561,31.93374],[73.5935,31.94479],[73.59494,31.94619],[73.59724,31.94789],[73.61541,31.96046],[73.61986,31.96362],[73.62955,31.97388],[73.6348,31.97933],[73.65739,32.00414],[73.66689,32.01469],[73.6687,32.01757],[73.66932,32.01735],[73.6684,32.0158]]]]}},{"type":"Feature","properties":{"lu":"Grassland","ct":"Existing","a":121.926},"geometry":{"type":"MultiPolygon","coordinates":[[[[73.61982,31.96085],[73.60682,31.95191],[73.60428,31.95026],[73.59935,31.94683],[73.59759,31.94541],[73.59604,31.94396],[73.59494,31.94281],[73.59355,31.94111],[73.58855,31.93387],[73.58652,31.93113],[73.58529,31.92973],[73.58281,31.9274],[73.58107,31.9261],[73.56617,31.91608],[73.56594,31.91633],[73.5644,31.91547],[73.5643,31.91565],[73.56565,31.91644],[73.56717,31.91761],[73.56868,31.91863],[73.56895,31.91891],[73.56966,31.91921],[73.57054,31.9197],[73.57179,31.92071],[73.57626,31.92369],[73.57968,31.92579],[73.58016,31.92624],[73.5818,31.92736],[73.5824,31.92785],[73.58425,31.9297],[73.58617,31.93182],[73.58698,31.93285],[73.58818,31.93469],[73.58965,31.93658],[73.58987,31.93671],[73.59138,31.93926],[73.59262,31.94105],[73.59554,31.94443],[73.59733,31.94603],[73.59887,31.94727],[73.60164,31.94916],[73.60382,31.95077],[73.60444,31.9511],[73.60844,31.95378],[73.61358,31.95744],[73.61732,31.95997],[73.61945,31.96135],[73.61982,31.96085]]]]}},{"type":"Feature","properties":{"lu":"Grassland","ct":"Existing","a":55.504},"geometry":{"type":"MultiPolygon","coordinates":[[[[73.55952,31.91158],[73.54827,31.90394],[73.53794,31.89545],[73.53785,31.89554],[73.53614,31.89403],[73.53049,31.88939],[73.5304,31.88942],[73.52962,31.88876],[73.52939,31.88896],[73.53758,31.89579],[73.53726,31.8961],[73.53618,31.89554],[73.53607,31.89567],[73.53746,31.89642],[73.54089,31.89871],[73.54338,31.90069],[73.5472,31.90401],[73.54943,31.90542],[73.551,31.90656],[73.55269,31.90763],[73.55884,31.91182],[73.55952,31.91158]]]]}},{"type":"Feature","properties":{"lu":"Graveyard","ct":"Existing","a":3.536},"geometry":{"type":"MultiPolygon","coordinates":[[[[73.59279,31.93408],[73.59321,31.93361],[73.59335,31.93321],[73.59226,31.93288],[73.59203,31.93346],[73.59128,31.93379],[73.59126,31.93397],[73.59187,31.93404],[73.59195,31.93391],[73.59279,31.93408]]]]}},{"type":"Feature","properties":{"lu":"Graveyard","ct":"Existing","a":10.601},"geometry":{"type":"MultiPolygon","coordinates":[[[[73.62893,31.96159],[73.62821,31.96052],[73.62768,31.96068],[73.62754,31.9605],[73.62676,31.96084],[73.62619,31.96135],[73.62597,31.96144],[73.62706,31.96303],[73.62775,31.96267],[73.6276,31.96244],[73.62893,31.96159]]]]}},{"type":"Feature","properties":{"lu":"Graveyard","ct":"Existing","a":2.086},"geometry":{"type":"MultiPolygon","coordinates":[[[[73.69771,31.97694],[73.69771,31.97585],[73.69707,31.97586],[73.69709,31.97601],[73.69702,31.97611],[73.69684,31.97611],[73.69688,31.97648],[73.69701,31.9768],[73.6971,31.97684],[73.69709,31.97695],[73.69771,31.97694]]]]}},{"type":"Feature","properties":{"lu":"Grassland","ct":"Existing","a":92.976},"geometry":{"type":"MultiPolygon","coordinates":[[[[73.52646,31.8928],[73.52505,31.89256],[73.52197,31.89223],[73.50249,31.89055],[73.4975,31.89042],[73.49645,31.89026],[73.49534,31.89032],[73.49361,31.89026],[73.47948,31.88957],[73.47946,31.88986],[73.47944,31.89017],[73.48232,31.89034],[73.48796,31.89105],[73.49024,31.89112],[73.4997,31.89093],[73.50413,31.89149],[73.52464,31.89324],[73.52538,31.89306],[73.52615,31.89304],[73.52646,31.8928]]]]}},{"type":"Feature","properties":{"lu":"Grassland","ct":"Existing","a":44.464},"geometry":{"type":"MultiPolygon","coordinates":[[[[73.47933,31.89013],[73.47936,31.88957],[73.46329,31.88898],[73.46268,31.88888],[73.46252,31.89005],[73.47404,31.8905],[73.47721,31.8902],[73.47933,31.89013]]]]}},{"type":"Feature","properties":{"lu":"Grassland","ct":"Existing","a":40.207},"geometry":{"type":"MultiPolygon","coordinates":[[[[73.46257,31.88887],[73.45753,31.88861],[73.45506,31.88827],[73.45264,31.88774],[73.45021,31.88709],[73.44608,31.88566],[73.44598,31.88593],[73.44603,31.88617],[73.44635,31.88617],[73.44679,31.88641],[73.44832,31.88694],[73.45032,31.88778],[73.45071,31.88781],[73.45226,31.8886],[73.45223,31.88869],[73.45356,31.88911],[73.45565,31.88953],[73.45929,31.8899],[73.46241,31.89002],[73.46257,31.88887]]]]}},{"type":"Feature","properties":{"lu":"Grassland","ct":"Existing","a":1.924},"geometry":{"type":"MultiPolygon","coordinates":[[[[73.44668,31.88633],[73.44635,31.88617],[73.44603,31.88617],[73.44552,31.88643],[73.4454,31.88615],[73.44575,31.88595],[73.44542,31.88586],[73.44519,31.88599],[73.44525,31.88606],[73.44502,31.8863],[73.44531,31.88686],[73.4464,31.88649],[73.44666,31.88653],[73.44668,31.88633]]]]}},{"type":"Feature","properties":{"lu":"Graveyard","ct":"Existing","a":2.756},"geometry":{"type":"MultiPolygon","coordinates":[[[[73.4939,31.83771],[73.49378,31.8377],[73.49363,31.83812],[73.49338,31.83838],[73.49316,31.83846],[73.49316,31.83951],[73.49394,31.8395],[73.4939,31.83771]]]]}},{"type":"Feature","properties":{"lu":"Graveyard","ct":"Existing","a":3.815},"geometry":{"type":"MultiPolygon","coordinates":[[[[73.53879,31.88375],[73.53875,31.88311],[73.53832,31.88314],[73.53824,31.88258],[73.53779,31.88259],[73.53773,31.88377],[73.5378,31.88439],[73.53855,31.88436],[73.53879,31.88375]]]]}},{"type":"Feature","properties":{"lu":"Graveyard","ct":"Existing","a":3.219},"geometry":{"type":"MultiPolygon","coordinates":[[[[73.56129,31.98954],[73.56055,31.98946],[73.56039,31.99118],[73.56109,31.99124],[73.56129,31.98954]]]]}},{"type":"Feature","properties":{"lu":"Graveyard","ct":"Existing","a":8.864},"geometry":{"type":"MultiPolygon","coordinates":[[[[73.39435,31.94827],[73.39405,31.94774],[73.39341,31.94786],[73.39265,31.94639],[73.39232,31.94642],[73.39167,31.94668],[73.39184,31.94701],[73.39168,31.94733],[73.39243,31.94893],[73.39435,31.94827]]]]}},{"type":"Feature","properties":{"lu":"Graveyard","ct":"Existing","a":2.701},"geometry":{"type":"MultiPolygon","coordinates":[[[[73.39213,31.94378],[73.39274,31.94383],[73.39273,31.94395],[73.3928,31.94394],[73.39292,31.94348],[73.39329,31.94329],[73.39269,31.94317],[73.39187,31.94286],[73.39166,31.94406],[73.39201,31.944],[73.39213,31.94378]]]]}},{"type":"Feature","properties":{"lu":"Graveyard","ct":"Existing","a":4.131},"geometry":{"type":"MultiPolygon","coordinates":[[[[73.3859,31.93553],[73.38611,31.93673],[73.3874,31.93658],[73.38722,31.9354],[73.3859,31.93553]]]]}},{"type":"Feature","properties":{"lu":"Graveyard","ct":"Existing","a":9.587},"geometry":{"type":"MultiPolygon","coordinates":[[[[73.34682,31.93661],[73.3467,31.93586],[73.34691,31.93513],[73.34668,31.93501],[73.34665,31.93492],[73.3457,31.93508],[73.34542,31.93504],[73.34534,31.93485],[73.34439,31.93498],[73.34461,31.93662],[73.3455,31.93647],[73.34612,31.93674],[73.34619,31.93666],[73.34682,31.93661]]]]}},{"type":"Feature","properties":{"lu":"Graveyard","ct":"Existing","a":4.195},"geometry":{"type":"MultiPolygon","coordinates":[[[[73.30483,31.95229],[73.30471,31.95078],[73.30365,31.95085],[73.30365,31.95139],[73.30358,31.95145],[73.30353,31.95202],[73.30456,31.95231],[73.30483,31.95229]]]]}},{"type":"Feature","properties":{"lu":"Graveyard","ct":"Existing","a":2.332},"geometry":{"type":"MultiPolygon","coordinates":[[[[73.2873,31.95905],[73.2873,31.95842],[73.28713,31.95843],[73.28706,31.95785],[73.28633,31.95789],[73.28638,31.95852],[73.28656,31.95851],[73.28661,31.9591],[73.2873,31.95905]]]]}},{"type":"Feature","properties":{"lu":"Graveyard","ct":"Existing","a":1.646},"geometry":{"type":"MultiPolygon","coordinates":[[[[73.23871,31.95662],[73.23841,31.95669],[73.23837,31.95654],[73.23823,31.95653],[73.23826,31.95666],[73.23797,31.95668],[73.23797,31.95662],[73.23752,31.95691],[73.23808,31.95745],[73.23834,31.95733],[73.23836,31.95722],[73.23856,31.95716],[73.2385,31.95706],[73.23882,31.95688],[73.23871,31.95662]]]]}},{"type":"Feature","properties":{"lu":"Graveyard","ct":"Existing","a":2.213},"geometry":{"type":"MultiPolygon","coordinates":[[[[73.25168,31.97169],[73.25135,31.97126],[73.25091,31.9709],[73.25032,31.9713],[73.25074,31.97205],[73.25168,31.97169]]]]}},{"type":"Feature","properties":{"lu":"Graveyard","ct":"Existing","a":11.989},"geometry":{"type":"MultiPolygon","coordinates":[[[[73.32906,31.99782],[73.32872,31.99702],[73.32793,31.99711],[73.32764,31.99629],[73.3261,31.99646],[73.32612,31.99735],[73.32584,31.99738],[73.32623,31.99781],[73.32628,31.99819],[73.32609,31.99822],[73.32634,31.9988],[73.3275,31.9985],[73.32739,31.99819],[73.32906,31.99782]]]]}},{"type":"Feature","properties":{"lu":"Graveyard","ct":"Existing","a":10.432},"geometry":{"type":"MultiPolygon","coordinates":[[[[73.53125,31.95929],[73.52945,31.95908],[73.5292,31.96086],[73.53164,31.96117],[73.53181,31.96034],[73.53154,31.95999],[73.5312,31.95993],[73.53125,31.95929]]]]}},{"type":"Feature","properties":{"lu":"Graveyard","ct":"Existing","a":22.201},"geometry":{"type":"MultiPolygon","coordinates":[[[[73.4423,31.89871],[73.44155,31.8981],[73.44143,31.8981],[73.44067,31.89868],[73.44025,31.89865],[73.43985,31.89881],[73.43983,31.89906],[73.43951,31.89909],[73.43966,31.8996],[73.43965,31.89986],[73.43948,31.90032],[73.43955,31.90081],[73.43971,31.9014],[73.43965,31.90142],[73.43997,31.90205],[73.44111,31.90166],[73.44099,31.90135],[73.44285,31.90078],[73.4424,31.89963],[73.44246,31.89918],[73.4423,31.89871]]]]}},{"type":"Feature","properties":{"lu":"Graveyard","ct":"Existing","a":8.638},"geometry":{"type":"MultiPolygon","coordinates":[[[[73.36703,32.00663],[73.36701,32.00652],[73.36566,32.00671],[73.36573,32.00742],[73.36592,32.00814],[73.36627,32.00907],[73.36759,32.00889],[73.36723,32.00776],[73.36703,32.00663]]]]}},{"type":"Feature","properties":{"lu":"Graveyard","ct":"Existing","a":9.653},"geometry":{"type":"MultiPolygon","coordinates":[[[[73.41456,31.99716],[73.41494,31.99715],[73.41511,31.99704],[73.41539,31.99702],[73.41565,31.99717],[73.4158,31.99549],[73.41368,31.99528],[73.41353,31.99714],[73.41415,31.9972],[73.41456,31.99716]]]]}},{"type":"Feature","properties":{"lu":"Graveyard","ct":"Existing","a":2.959},"geometry":{"type":"MultiPolygon","coordinates":[[[[73.38236,31.98556],[73.38237,31.98544],[73.38147,31.98548],[73.38162,31.98668],[73.38236,31.98661],[73.38263,31.98601],[73.38252,31.98562],[73.38236,31.98556]]]]}},{"type":"Feature","properties":{"lu":"Graveyard","ct":"Existing","a":1.902},"geometry":{"type":"MultiPolygon","coordinates":[[[[73.37513,31.98907],[73.37475,31.98908],[73.37408,31.98936],[73.37418,31.98993],[73.37486,31.98996],[73.37503,31.98987],[73.37513,31.98907]]]]}},{"type":"Feature","properties":{"lu":"Graveyard","ct":"Existing","a":1.221},"geometry":{"type":"MultiPolygon","coordinates":[[[[73.35786,31.95263],[73.35861,31.95292],[73.35891,31.95231],[73.35778,31.9523],[73.35786,31.95263]]]]}},{"type":"Feature","properties":{"lu":"Graveyard","ct":"Existing","a":11.268},"geometry":{"type":"MultiPolygon","coordinates":[[[[73.3541,31.97112],[73.35374,31.96934],[73.35124,31.96976],[73.35141,31.97117],[73.35269,31.97135],[73.35271,31.97114],[73.35301,31.97114],[73.353,31.97105],[73.35319,31.97102],[73.35321,31.97122],[73.3541,31.97112]]]]}},{"type":"Feature","properties":{"lu":"Graveyard","ct":"Existing","a":2.2},"geometry":{"type":"MultiPolygon","coordinates":[[[[73.23116,31.94496],[73.23037,31.94434],[73.23008,31.94471],[73.23016,31.94485],[73.23002,31.94536],[73.2306,31.94564],[73.23116,31.94496]]]]}},{"type":"Feature","properties":{"lu":"Graveyard","ct":"Existing","a":0.738},"geometry":{"type":"MultiPolygon","coordinates":[[[[73.23431,31.93791],[73.23413,31.9377],[73.2339,31.93783],[73.23397,31.93848],[73.23444,31.93827],[73.23431,31.93791]]]]}},{"type":"Feature","properties":{"lu":"Graveyard","ct":"Existing","a":5.062},"geometry":{"type":"MultiPolygon","coordinates":[[[[73.30402,32.03834],[73.30345,32.03734],[73.30301,32.03765],[73.30319,32.03806],[73.30311,32.03815],[73.30384,32.03961],[73.30415,32.03986],[73.30471,32.03977],[73.30475,32.03951],[73.30463,32.03915],[73.30402,32.03834]]]]}},{"type":"Feature","properties":{"lu":"Graveyard","ct":"Existing","a":3.607},"geometry":{"type":"MultiPolygon","coordinates":[[[[73.32226,32.02865],[73.3223,32.02846],[73.32275,32.02849],[73.32289,32.02862],[73.32317,32.02862],[73.32321,32.02818],[73.32346,32.02798],[73.32322,32.02795],[73.32313,32.02759],[73.32278,32.02759],[73.32272,32.02753],[73.32276,32.02737],[73.32256,32.02722],[73.32219,32.02725],[73.32191,32.02805],[73.32185,32.02837],[73.32215,32.02839],[73.32214,32.02863],[73.32226,32.02865]]]]}},{"type":"Feature","properties":{"lu":"Graveyard","ct":"Existing","a":3.709},"geometry":{"type":"MultiPolygon","coordinates":[[[[73.31661,32.01804],[73.31656,32.01712],[73.31554,32.01717],[73.31558,32.01739],[73.31479,32.01755],[73.31488,32.01814],[73.31661,32.01804]]]]}},{"type":"Feature","properties":{"lu":"Graveyard","ct":"Existing","a":4.997},"geometry":{"type":"MultiPolygon","coordinates":[[[[73.28874,31.9977],[73.2889,31.99754],[73.28919,31.99756],[73.28924,31.99727],[73.28907,31.99722],[73.28916,31.99695],[73.28908,31.99665],[73.28915,31.99645],[73.28979,31.99659],[73.28974,31.9955],[73.28871,31.99554],[73.28871,31.99616],[73.28858,31.99621],[73.2886,31.99685],[73.28821,31.99699],[73.28822,31.99735],[73.2884,31.99736],[73.28843,31.99766],[73.28874,31.9977]]]]}},{"type":"Feature","properties":{"lu":"Graveyard","ct":"Existing","a":0.638},"geometry":{"type":"MultiPolygon","coordinates":[[[[73.2746,31.99198],[73.27428,31.99205],[73.27421,31.99236],[73.27422,31.99252],[73.27446,31.99272],[73.27461,31.99256],[73.2746,31.99198]]]]}},{"type":"Feature","properties":{"lu":"Water Body","ct":"Existing","a":1.872},"geometry":{"type":"MultiPolygon","coordinates":[[[[73.36758,32.04822],[73.36595,32.04595],[73.36573,32.04609],[73.36738,32.04837],[73.36758,32.04822]]]]}},{"type":"Feature","properties":{"lu":"Graveyard","ct":"Existing","a":0.687},"geometry":{"type":"MultiPolygon","coordinates":[[[[73.66903,31.9628],[73.66908,31.96249],[73.66875,31.96249],[73.66848,31.96262],[73.66889,31.96334],[73.66903,31.9628]]]]}},{"type":"Feature","properties":{"lu":"Graveyard","ct":"Existing","a":6.241},"geometry":{"type":"MultiPolygon","coordinates":[[[[73.34979,32.07385],[73.34865,32.07292],[73.3484,32.07287],[73.34672,32.07292],[73.34715,32.07327],[73.34939,32.07463],[73.34979,32.07385]]]]}},{"type":"Feature","properties":{"lu":"Graveyard","ct":"Existing","a":12.425},"geometry":{"type":"MultiPolygon","coordinates":[[[[73.26776,31.76711],[73.26788,31.76797],[73.26831,31.76825],[73.26874,31.76822],[73.26896,31.76803],[73.26961,31.76819],[73.26966,31.76806],[73.26985,31.76814],[73.27056,31.76739],[73.27061,31.76697],[73.27101,31.76615],[73.2704,31.76591],[73.26902,31.76641],[73.26776,31.76711]]]]}},{"type":"Feature","properties":{"lu":"Grassland","ct":"Existing","a":3.911},"geometry":{"type":"MultiPolygon","coordinates":[[[[73.73113,32.0757],[73.726,32.07158],[73.72599,32.07189],[73.73065,32.07571],[73.73121,32.07578],[73.73113,32.0757]]]]}},{"type":"Feature","properties":{"lu":"Water Body","ct":"Existing","a":0.0},"geometry":{"type":"MultiPolygon","coordinates":[[[[73.49474,31.8437],[73.49473,31.8437],[73.49475,31.84375],[73.49474,31.8437]]]]}},{"type":"Feature","properties":{"lu":"Water Body","ct":"Existing","a":0.002},"geometry":{"type":"MultiPolygon","coordinates":[[[[73.49713,31.8487],[73.49715,31.84873],[73.49726,31.84892],[73.49713,31.8487]]]]}},{"type":"Feature","properties":{"lu":"Water Body","ct":"Existing","a":0.035},"geometry":{"type":"MultiPolygon","coordinates":[[[[73.49742,31.8492],[73.49779,31.84982],[73.498,31.85014],[73.49767,31.84959],[73.49742,31.8492]]]]}},{"type":"Feature","properties":{"lu":"Water Body","ct":"Existing","a":0.401},"geometry":{"type":"MultiPolygon","coordinates":[[[[73.50016,31.85291],[73.49813,31.85032],[73.49864,31.85108],[73.5002,31.85297],[73.50016,31.85291]]],[[[73.50043,31.8533],[73.50064,31.85357],[73.50045,31.8533],[73.50043,31.8533]]]]}},{"type":"Feature","properties":{"lu":"Water Body","ct":"Existing","a":22.593},"geometry":{"type":"MultiPolygon","coordinates":[[[[73.49932,31.85193],[73.49864,31.85108],[73.49779,31.84982],[73.49667,31.84781],[73.49556,31.84518],[73.4949,31.84301],[73.49466,31.84195],[73.49438,31.83982],[73.49433,31.83697],[73.49458,31.83387],[73.49438,31.83105],[73.49409,31.82961],[73.49344,31.82754],[73.49295,31.82633],[73.49208,31.82451],[73.49175,31.82473],[73.4926,31.82642],[73.49314,31.82771],[73.49378,31.8298],[73.49405,31.83133],[73.49421,31.83282],[73.49421,31.83442],[73.49409,31.83589],[73.4941,31.83657],[73.494,31.83726],[73.49399,31.83885],[73.49411,31.8408],[73.49431,31.84198],[73.49476,31.84381],[73.49544,31.84589],[73.496,31.84716],[73.49782,31.85009],[73.50016,31.85297],[73.49932,31.85193]],[[73.5004254,31.8533011],[73.5004264,31.8533024],[73.5004255,31.8533011],[73.5004254,31.8533011]]]]}},{"type":"Feature","properties":{"lu":"Water Body","ct":"Existing","a":20.923},"geometry":{"type":"MultiPolygon","coordinates":[[[[73.51413,31.87067],[73.51397,31.87068],[73.51411,31.87086],[73.51426,31.87084],[73.51413,31.87067]]],[[[73.52931,31.89129],[73.52671,31.88731],[73.52511,31.88469],[73.52318,31.88211],[73.51449,31.87114],[73.51435,31.87116],[73.51874,31.87672],[73.51858,31.87689],[73.52268,31.88206],[73.52481,31.88496],[73.52659,31.88767],[73.52981,31.89294],[73.53045,31.89311],[73.53034,31.89277],[73.52931,31.89129]]]]}},{"type":"Feature","properties":{"lu":"Water Body","ct":"Existing","a":0.004},"geometry":{"type":"MultiPolygon","coordinates":[[[[73.51102,31.86732],[73.51103,31.86734],[73.51186,31.86839],[73.51189,31.86842],[73.51102,31.86732]]]]}},{"type":"Feature","properties":{"lu":"Water Body","ct":"Existing","a":0.221},"geometry":{"type":"MultiPolygon","coordinates":[[[[73.51349,31.87044],[73.51385,31.8709],[73.51387,31.8709],[73.51349,31.87044]]],[[[73.51408,31.8712],[73.5143,31.87148],[73.51599,31.87358],[73.51448,31.87163],[73.51412,31.87119],[73.51408,31.8712]]]]}},{"type":"Feature","properties":{"lu":"Water Body","ct":"Existing","a":0.009},"geometry":{"type":"MultiPolygon","coordinates":[[[[73.49754,31.84996],[73.49781,31.8504],[73.49792,31.85055],[73.49754,31.84996]]]]}},{"type":"Feature","properties":{"lu":"Water Body","ct":"Existing","a":0.008},"geometry":{"type":"MultiPolygon","coordinates":[[[[73.50421,31.85862],[73.50465,31.85919],[73.50559,31.86036],[73.50491,31.85951],[73.50421,31.85862]]]]}},{"type":"Feature","properties":{"lu":"Water Body","ct":"Existing","a":0.045},"geometry":{"type":"MultiPolygon","coordinates":[[[[73.50502,31.85917],[73.50571,31.86006],[73.50599,31.8604],[73.50556,31.85983],[73.50502,31.85917]]]]}},{"type":"Feature","properties":{"lu":"Water Body","ct":"Existing","a":0.053},"geometry":{"type":"MultiPolygon","coordinates":[[[[73.50579,31.86061],[73.50687,31.86198],[73.50796,31.86336],[73.50816,31.8636],[73.50761,31.86291],[73.50658,31.86162],[73.50579,31.86061]]]]}},{"type":"Feature","properties":{"lu":"Water Body","ct":"Existing","a":14.798},"geometry":{"type":"MultiPolygon","coordinates":[[[[73.49782,31.85009],[73.496,31.84716],[73.49682,31.84881],[73.49811,31.85084],[73.49977,31.85298],[73.50016,31.85297],[73.49782,31.85009]]],[[[73.5079,31.86274],[73.50571,31.86006],[73.50043,31.8533],[73.50002,31.8533],[73.50888,31.8645],[73.50917,31.86442],[73.5079,31.86274]]]]}},{"type":"Feature","properties":{"lu":"Water Body","ct":"Existing","a":8.197},"geometry":{"type":"MultiPolygon","coordinates":[[[[73.51397,31.87068],[73.5141,31.87063],[73.51133,31.86714],[73.51099,31.86728],[73.51387,31.8709],[73.51411,31.87086],[73.51397,31.87068]]],[[[73.51432,31.87117],[73.51412,31.87119],[73.51858,31.87689],[73.51874,31.87672],[73.51432,31.87117]]]]}},{"type":"Feature","properties":{"lu":"Water Body","ct":"Existing","a":1.98},"geometry":{"type":"MultiPolygon","coordinates":[[[[73.46927,31.86135],[73.46754,31.86057],[73.47133,31.86224],[73.46927,31.86135]]],[[[73.48117,31.86687],[73.47929,31.86572],[73.47861,31.86541],[73.4735,31.86315],[73.47169,31.86243],[73.47952,31.86588],[73.48102,31.86682],[73.48177,31.8674],[73.48185,31.86739],[73.48117,31.86687]]],[[[73.48295,31.86834],[73.48195,31.86754],[73.48395,31.86944],[73.48295,31.86834]]]]}},{"type":"Feature","properties":{"lu":"Water Body","ct":"Existing","a":0.878},"geometry":{"type":"MultiPolygon","coordinates":[[[[73.48722,31.87335],[73.48583,31.87175],[73.48805,31.87434],[73.48722,31.87335]]],[[[73.49147,31.87846],[73.48824,31.87465],[73.493,31.88036],[73.49147,31.87846]]]]}},{"type":"Feature","properties":{"lu":"Water Body","ct":"Existing","a":1.627},"geometry":{"type":"MultiPolygon","coordinates":[[[[73.50898,31.85664],[73.50896,31.8556],[73.50881,31.8556],[73.50895,31.85743],[73.50906,31.85741],[73.50898,31.85664]]],[[[73.50946,31.85968],[73.50908,31.85758],[73.50896,31.85759],[73.50934,31.85982],[73.50953,31.86057],[73.50968,31.86056],[73.50946,31.85968]]]]}},{"type":"Feature","properties":{"lu":"Water Body","ct":"Existing","a":1.611},"geometry":{"type":"MultiPolygon","coordinates":[[[[73.51707,31.86947],[73.51729,31.86938],[73.51671,31.86922],[73.51343,31.8674],[73.51324,31.86744],[73.51604,31.86904],[73.51689,31.86946],[73.51707,31.86947]]]]}},{"type":"Feature","properties":{"lu":"Religious Building","ct":"Existing","a":0.005},"geometry":{"type":"MultiPolygon","coordinates":[[[[73.6481,32.04549],[73.64808,32.04546],[73.64805,32.0455],[73.64806,32.04553],[73.64809,32.0455],[73.6481,32.04549]]]]}},{"type":"Feature","properties":{"lu":"Water Body","ct":"Existing","a":93.014},"geometry":{"type":"MultiPolygon","coordinates":[[[[73.51345,32.00271],[73.49786,31.99215],[73.48483,31.98342],[73.4846,31.98318],[73.47847,31.97903],[73.47756,31.97852],[73.4646,31.96978],[73.46447,31.96983],[73.46443,31.96966],[73.46116,31.96747],[73.45917,31.96603],[73.45424,31.96278],[73.45428,31.96274],[73.45057,31.96029],[73.44337,31.95533],[73.44177,31.95429],[73.44119,31.95403],[73.44054,31.95362],[73.4399,31.95307],[73.43901,31.95247],[73.43899,31.9526],[73.43955,31.9529],[73.44038,31.95358],[73.44128,31.95414],[73.44056,31.95417],[73.43974,31.95458],[73.43864,31.95476],[73.43864,31.95484],[73.43973,31.95468],[73.44068,31.95425],[73.44124,31.95424],[73.44178,31.9545],[73.45149,31.961],[73.45154,31.96094],[73.45169,31.96104],[73.45164,31.9611],[73.45414,31.9628],[73.45405,31.96285],[73.45566,31.96386],[73.46368,31.96929],[73.46431,31.9698],[73.47118,31.97437],[73.47244,31.97532],[73.47829,31.97916],[73.48449,31.98341],[73.48495,31.98362],[73.49586,31.99099],[73.49592,31.99111],[73.49774,31.99225],[73.51451,32.00357],[73.51438,32.00346],[73.51446,32.0034],[73.51345,32.00271]],[[73.44145,31.95419],[73.44135,31.95416],[73.4414,31.95417],[73.44145,31.95419]],[[73.45419,31.96275],[73.45414,31.96271],[73.45419,31.96274],[73.45419,31.96275]],[[73.4542,31.96286],[73.45419,31.96283],[73.45434,31.96293],[73.4542,31.96286]],[[73.45523,31.96353],[73.45488,31.9633],[73.45882,31.96596],[73.45523,31.96353]],[[73.46176,31.96794],[73.46068,31.96721],[73.46199,31.9681],[73.46176,31.96794]],[[73.46276,31.96861],[73.46236,31.96834],[73.46391,31.96939],[73.46276,31.96861]],[[73.46472,31.96998],[73.46467,31.96994],[73.46498,31.97014],[73.46472,31.96998]],[[73.4654,31.97043],[73.46512,31.97024],[73.46788,31.9721],[73.4654,31.97043]],[[73.47071,31.97401],[73.46987,31.97344],[73.47111,31.97428],[73.47071,31.97401]],[[73.47264,31.97532],[73.47189,31.97482],[73.47555,31.97727],[73.47264,31.97532]],[[73.47833,31.97912],[73.47812,31.97898],[73.47916,31.97968],[73.47833,31.97912]],[[73.4857,31.98409],[73.48564,31.98406],[73.48573,31.98412],[73.4857,31.98409]],[[73.48846,31.98594],[73.48835,31.98586],[73.48924,31.98647],[73.48846,31.98594]],[[73.49156,31.98804],[73.49101,31.98765],[73.49242,31.98861],[73.49156,31.98804]],[[73.49573,31.99083],[73.49488,31.99026],[73.49435,31.9899],[73.49473,31.99016],[73.49571,31.99082],[73.49573,31.99083]],[[73.49601,31.9911],[73.49596,31.99103],[73.49639,31.99132],[73.49601,31.9911]],[[73.49759,31.99211],[73.49745,31.99202],[73.49776,31.9922],[73.49759,31.99211]],[[73.49868,31.99284],[73.49825,31.99253],[73.49986,31.99363],[73.49976,31.99357],[73.49868,31.99284]],[[73.50876,31.99963],[73.50696,31.99841],[73.50931,32.0],[73.50876,31.99963]],[[73.51324,32.00267],[73.51322,32.00266],[73.51296,32.00248],[73.51314,32.0026],[73.51324,32.00267]]],[[[73.62946,32.06661],[73.57284,32.03358],[73.57217,32.03335],[73.5381,32.01861],[73.53621,32.01774],[73.53443,32.01677],[73.52722,32.01202],[73.51461,32.0035],[73.51452,32.00358],[73.5329,32.01603],[73.53616,32.01791],[73.54165,32.02044],[73.55081,32.02439],[73.55549,32.02629],[73.57244,32.03363],[73.57462,32.03479],[73.5798,32.03781],[73.59849,32.0488],[73.63116,32.06782],[73.63116,32.06763],[73.62946,32.06661]],[[73.51741,32.00545],[73.51669,32.00496],[73.51621,32.00465],[73.51573,32.00434],[73.51502,32.00386],[73.51506,32.00388],[73.5169,32.0051],[73.51741,32.00545]]]]}},{"type":"Feature","properties":{"lu":"Water Body","ct":"Existing","a":11.649},"geometry":{"type":"MultiPolygon","coordinates":[[[[73.65371,32.0871],[73.65272,32.08504],[73.65066,32.08174],[73.64767,32.0784],[73.64531,32.07624],[73.64284,32.07447],[73.64,32.07278],[73.63986,32.07294],[73.64274,32.07465],[73.64462,32.07601],[73.64697,32.07797],[73.64838,32.07937],[73.65062,32.08212],[73.65241,32.08499],[73.65344,32.08723],[73.65371,32.0871]]]]}},{"type":"Feature","properties":{"lu":"Water Body","ct":"Existing","a":19.077},"geometry":{"type":"MultiPolygon","coordinates":[[[[73.65601,32.09249],[73.65369,32.0872],[73.65347,32.0873],[73.65484,32.09029],[73.6557,32.09249],[73.65791,32.09736],[73.65792,32.09686],[73.65601,32.09249]]],[[[73.65869,32.09906],[73.65891,32.09906],[73.6581,32.0973],[73.6581,32.09777],[73.65869,32.09906]]],[[[73.66378,32.107],[73.6624,32.10525],[73.66078,32.10271],[73.65958,32.1005],[73.65899,32.09923],[73.65877,32.09923],[73.65986,32.10162],[73.66176,32.10474],[73.66416,32.10774],[73.66495,32.10855],[73.66523,32.10855],[73.66378,32.107]]],[[[73.67178,32.11353],[73.66812,32.1111],[73.66648,32.10975],[73.66541,32.10872],[73.66512,32.10872],[73.66703,32.11048],[73.66835,32.11149],[73.67159,32.1137],[73.67307,32.11459],[73.67311,32.11472],[73.67327,32.1148],[73.67341,32.11459],[73.67178,32.11353]]]]}},{"type":"Feature","properties":{"lu":"Water Body","ct":"Existing","a":42.603},"geometry":{"type":"MultiPolygon","coordinates":[[[[73.732,32.13004],[73.73222,32.13],[73.73207,32.12985],[73.71926,32.12404],[73.71648,32.12295],[73.71365,32.12213],[73.71082,32.12154],[73.70754,32.12111],[73.6907,32.1205],[73.68837,32.12021],[73.68825,32.12006],[73.68624,32.11971],[73.68282,32.1189],[73.68263,32.11894],[73.6804,32.11819],[73.67845,32.1174],[73.67647,32.11642],[73.67341,32.11459],[73.67327,32.1148],[73.67481,32.11576],[73.67643,32.11665],[73.67938,32.11799],[73.6824,32.11912],[73.6851,32.11984],[73.68958,32.12056],[73.69124,32.12075],[73.70749,32.12137],[73.71015,32.12168],[73.71286,32.12211],[73.71797,32.12384],[73.73039,32.12945],[73.732,32.13004]]]]}},{"type":"Feature","properties":{"lu":"Water Body","ct":"Existing","a":78.186},"geometry":{"type":"MultiPolygon","coordinates":[[[[73.46873,31.93177],[73.46565,31.93299],[73.46514,31.93331],[73.46456,31.93387],[73.46422,31.93445],[73.46058,31.94263],[73.46,31.94339],[73.45911,31.94396],[73.45836,31.94422],[73.45322,31.94455],[73.45174,31.94448],[73.45062,31.94419],[73.44941,31.94366],[73.44849,31.94304],[73.4473,31.9417],[73.44134,31.9339],[73.44057,31.93312],[73.44044,31.93326],[73.44117,31.93385],[73.44324,31.93648],[73.44758,31.94233],[73.44863,31.94335],[73.45002,31.94411],[73.45156,31.94451],[73.45232,31.9446],[73.45411,31.94456],[73.45862,31.94424],[73.45967,31.94381],[73.46001,31.94355],[73.46054,31.94297],[73.46075,31.94255],[73.46452,31.93411],[73.46513,31.93344],[73.46571,31.93307],[73.46998,31.93139],[73.46992,31.93129],[73.46873,31.93177]]],[[[73.53005,31.95308],[73.52897,31.95117],[73.52782,31.94993],[73.51492,31.94063],[73.51386,31.94035],[73.50805,31.93986],[73.49429,31.93848],[73.49299,31.93813],[73.49184,31.93751],[73.47834,31.92931],[73.47745,31.92899],[73.47623,31.92893],[73.47565,31.929],[73.47007,31.93118],[73.47016,31.93133],[73.47581,31.9291],[73.47636,31.92901],[73.47744,31.92909],[73.47801,31.92926],[73.47886,31.92972],[73.49202,31.93776],[73.49305,31.93824],[73.49416,31.93858],[73.49462,31.93864],[73.51064,31.94023],[73.5134,31.94042],[73.51406,31.9405],[73.51484,31.94074],[73.52376,31.94713],[73.52584,31.94874],[73.52792,31.95017],[73.52877,31.95114],[73.5291,31.95165],[73.5329,31.9582],[73.5329,31.95844],[73.53321,31.95877],[73.53307,31.95847],[73.53311,31.95839],[73.53005,31.95308]]],[[[73.5383,31.9663],[73.53733,31.96555],[73.53569,31.96298],[73.53677,31.96491],[73.53767,31.96594],[73.53862,31.96666],[73.54218,31.9686],[73.54295,31.96928],[73.54286,31.96909],[73.54212,31.96852],[73.5383,31.9663]]],[[[73.54327,31.9695],[73.54345,31.96989],[73.54337,31.96962],[73.54327,31.9695]]],[[[73.5438,31.97852],[73.5436,31.97062],[73.54348,31.97038],[73.54372,31.97655],[73.54385,31.98357],[73.54406,31.98422],[73.54424,31.98452],[73.5447,31.98513],[73.56046,31.99524],[73.56051,31.99521],[73.54581,31.98573],[73.54465,31.98505],[73.54396,31.98364],[73.5438,31.97852]]],[[[73.6087,32.01463],[73.60709,32.0134],[73.60575,32.01221],[73.60272,32.00984],[73.59491,32.00345],[73.59415,32.00295],[73.59361,32.00282],[73.58888,32.00215],[73.5678,31.99936],[73.56697,31.9991],[73.5658,31.99851],[73.56072,31.99528],[73.56062,31.99534],[73.56614,31.99886],[73.56716,31.99928],[73.56808,31.99954],[73.57199,32.00002],[73.58522,32.00186],[73.59289,32.00281],[73.59422,32.00313],[73.59483,32.00352],[73.60271,32.01001],[73.61039,32.0162],[73.6106,32.01646],[73.61085,32.017],[73.61133,32.02078],[73.61152,32.02085],[73.61103,32.01695],[73.61089,32.01655],[73.61017,32.01573],[73.6087,32.01463]]],[[[73.63339,32.06136],[73.62638,32.05867],[73.62586,32.05845],[73.62544,32.05813],[73.62494,32.05761],[73.62355,32.05585],[73.61083,32.03963],[73.6105,32.03892],[73.61052,32.03764],[73.61225,32.02753],[73.61225,32.02682],[73.61154,32.02104],[73.61136,32.02098],[73.61209,32.02688],[73.61202,32.0281],[73.61034,32.03807],[73.6103,32.03857],[73.61047,32.03932],[73.61081,32.03984],[73.61728,32.04799],[73.6178,32.04875],[73.62253,32.05475],[73.62262,32.05495],[73.62513,32.05801],[73.6255,32.05834],[73.62607,32.05867],[73.63537,32.06229],[73.63539,32.06215],[73.63339,32.06136]]]]}},{"type":"Feature","properties":{"lu":"Water Body","ct":"Existing","a":14.105},"geometry":{"type":"MultiPolygon","coordinates":[[[[73.72444,32.10883],[73.7166,32.10261],[73.71562,32.10207],[73.71494,32.10189],[73.71386,32.10183],[73.71115,32.1021],[73.71089,32.10203],[73.71052,32.10216],[73.70965,32.10226],[73.7081,32.10283],[73.70752,32.10293],[73.703,32.10328],[73.70177,32.10363],[73.70161,32.10364],[73.70068,32.10331],[73.69972,32.10341],[73.69943,32.10353],[73.6921,32.10883],[73.69235,32.10884],[73.69933,32.10377],[73.69988,32.10349],[73.70057,32.10342],[73.70163,32.10377],[73.70279,32.10345],[73.70798,32.10297],[73.70855,32.10282],[73.70945,32.10244],[73.71004,32.10232],[73.71392,32.10191],[73.71493,32.102],[73.71565,32.10222],[73.71655,32.10277],[73.71949,32.10502],[73.72435,32.10896],[73.72729,32.11123],[73.72736,32.11117],[73.72444,32.10883]]],[[[73.69114,32.10964],[73.69118,32.10969],[73.69213,32.109],[73.69191,32.109],[73.69114,32.10964]]],[[[73.728,32.11182],[73.73467,32.11705],[73.72743,32.11134],[73.728,32.11182]]],[[[73.73535,32.11762],[73.73715,32.11901],[73.73472,32.11708],[73.73535,32.11762]]]]}},{"type":"Feature","properties":{"lu":"Water Body","ct":"Existing","a":7.809},"geometry":{"type":"MultiPolygon","coordinates":[[[[73.66266,32.04267],[73.66393,32.04208],[73.66388,32.04203],[73.66284,32.04252],[73.66197,32.04278],[73.661,32.0429],[73.65924,32.0429],[73.65764,32.04302],[73.65621,32.04345],[73.6538,32.04461],[73.65298,32.0449],[73.65187,32.04515],[73.6504,32.04512],[73.64952,32.04495],[73.64725,32.04418],[73.64705,32.04418],[73.64663,32.04441],[73.64551,32.04351],[73.63406,32.03924],[73.63245,32.03858],[73.63019,32.03729],[73.62674,32.0347],[73.62955,32.03691],[73.63089,32.0378],[73.63204,32.03844],[73.63524,32.03979],[73.64162,32.0422],[73.64554,32.0436],[73.64658,32.04446],[73.64715,32.0442],[73.64938,32.04498],[73.6502,32.04515],[73.65186,32.0452],[73.65254,32.04509],[73.6539,32.04466],[73.65605,32.04359],[73.65752,32.04314],[73.6591,32.04297],[73.66063,32.04301],[73.66157,32.04292],[73.66266,32.04267]]]]}},{"type":"Feature","properties":{"lu":"Water Body","ct":"Existing","a":3.745},"geometry":{"type":"MultiPolygon","coordinates":[[[[73.63677,32.07093],[73.63116,32.06763],[73.63116,32.06782],[73.63204,32.06832],[73.63207,32.06827],[73.6371,32.07131],[73.63711,32.07113],[73.63677,32.07093]]],[[[73.63746,32.07153],[73.63857,32.07219],[73.63897,32.07219],[73.6373,32.07124],[73.6373,32.07143],[73.63746,32.07153]]],[[[73.63926,32.07236],[73.63885,32.07236],[73.63986,32.07294],[73.64,32.07278],[73.63926,32.07236]]]]}},{"type":"Feature","properties":{"lu":"Water Body","ct":"Existing","a":0.009},"geometry":{"type":"MultiPolygon","coordinates":[[[[73.63237,32.06833],[73.63234,32.06833],[73.63243,32.06838],[73.6327,32.06854],[73.63237,32.06833]]]]}},{"type":"Feature","properties":{"lu":"Water Body","ct":"Existing","a":0.001},"geometry":{"type":"MultiPolygon","coordinates":[[[[73.637295,32.071428],[73.637295,32.07143],[73.63746,32.071526],[73.637295,32.071428]]]]}},{"type":"Feature","properties":{"lu":"Water Body","ct":"Existing","a":0.578},"geometry":{"type":"MultiPolygon","coordinates":[[[[73.63691,32.07097],[73.63439,32.06953],[73.63711,32.07113],[73.63691,32.07097]]],[[[73.63897,32.07219],[73.6391,32.07219],[73.6373,32.07119],[73.63897,32.07219]]],[[[73.63941,32.07236],[73.63926,32.07236],[73.64002,32.07276],[73.63941,32.07236]]]]}},{"type":"Feature","properties":{"lu":"Religious Building","ct":"Existing","a":0.111},"geometry":{"type":"MultiPolygon","coordinates":[[[[73.20636,31.80755],[73.20632,31.80726],[73.20618,31.8074],[73.20618,31.80762],[73.20636,31.80755]]]]}},{"type":"Feature","properties":{"lu":"Graveyard","ct":"Existing","a":22.41},"geometry":{"type":"MultiPolygon","coordinates":[[[[73.20176,31.8172],[73.20299,31.81722],[73.20361,31.81582],[73.20369,31.81539],[73.20413,31.81462],[73.20303,31.81472],[73.2029,31.81417],[73.20223,31.81415],[73.20228,31.81471],[73.20068,31.81495],[73.19999,31.8149],[73.20029,31.81728],[73.20176,31.8172]]]]}},{"type":"Feature","properties":{"lu":"Graveyard","ct":"Existing","a":18.624},"geometry":{"type":"MultiPolygon","coordinates":[[[[73.22947,31.82554],[73.22694,31.82699],[73.2272,31.82752],[73.22628,31.8289],[73.22694,31.82886],[73.227,31.82926],[73.22762,31.82924],[73.22756,31.8289],[73.22907,31.82882],[73.22901,31.82823],[73.22981,31.82813],[73.22947,31.82554]]]]}},{"type":"Feature","properties":{"lu":"Graveyard","ct":"Existing","a":10.002},"geometry":{"type":"MultiPolygon","coordinates":[[[[73.18562,31.87813],[73.18532,31.87927],[73.18506,31.87951],[73.1857,31.87971],[73.18597,31.87964],[73.18618,31.87999],[73.1869,31.87982],[73.18798,31.87908],[73.18721,31.87785],[73.1863,31.87807],[73.18562,31.87813]]]]}},{"type":"Feature","properties":{"lu":"Religious Building","ct":"Existing","a":0.051,"nm":"Jamia Masjid Tajdar e Madina"},"geometry":{"type":"MultiPolygon","coordinates":[[[[73.16954,31.83954],[73.16948,31.83942],[73.16932,31.83944],[73.16933,31.83954],[73.16954,31.83954]]]]}},{"type":"Feature","properties":{"lu":"Graveyard","ct":"Existing","a":4.994},"geometry":{"type":"MultiPolygon","coordinates":[[[[73.59059,32.14542],[73.59024,32.14602],[73.59006,32.1465],[73.58993,32.14655],[73.58988,32.14713],[73.59127,32.14726],[73.59139,32.14601],[73.59103,32.14596],[73.59111,32.14549],[73.59059,32.14542]]]]}},{"type":"Feature","properties":{"lu":"Graveyard","ct":"Existing","a":0.154},"geometry":{"type":"MultiPolygon","coordinates":[[[[73.45708,32.05652],[73.45726,32.05657],[73.45725,32.05626],[73.45708,32.05652]]],[[[73.45774,32.05701],[73.45772,32.0573],[73.45775,32.0573],[73.45775,32.05715],[73.45775,32.05713],[73.45774,32.05701]]],[[[73.4569,32.05739],[73.45703,32.05737],[73.4569,32.05738],[73.4569,32.05739]]],[[[73.45689,32.0575],[73.45684,32.05816],[73.4569,32.05816],[73.45689,32.0575]]]]}},{"type":"Feature","properties":{"lu":"Religious Building","ct":"Existing","a":0.051},"geometry":{"type":"MultiPolygon","coordinates":[[[[73.45962,32.05566],[73.45942,32.05567],[73.45942,32.05577],[73.45962,32.05576],[73.45962,32.05566]]]]}},{"type":"Feature","properties":{"lu":"Religious Building","ct":"Existing","a":0.122},"geometry":{"type":"MultiPolygon","coordinates":[[[[73.4603,32.05721],[73.46031,32.05711],[73.46007,32.05711],[73.46007,32.05732],[73.46027,32.05733],[73.4603,32.05721]]]]}},{"type":"Feature","properties":{"lu":"Religious Building","ct":"Existing","a":0.218},"geometry":{"type":"MultiPolygon","coordinates":[[[[73.45948,32.05786],[73.45935,32.05788],[73.45942,32.05821],[73.45966,32.0582],[73.45959,32.05785],[73.45948,32.05786]]]]}},{"type":"Feature","properties":{"lu":"Water Body","ct":"Existing","a":2011.979},"geometry":{"type":"MultiPolygon","coordinates":[[[[73.25656,32.06601],[73.25823,32.0627],[73.25838,32.06252],[73.25771,32.06153],[73.25607,32.05789],[73.25529,32.05675],[73.25393,32.05518],[73.25331,32.05431],[73.24999,32.05485],[73.24922,32.05484],[73.2468,32.0552],[73.24195,32.0597],[73.24066,32.06141],[73.24045,32.06814],[73.24368,32.06787],[73.24598,32.06784],[73.24602,32.07024],[73.2461,32.07102],[73.24584,32.07825],[73.24721,32.08001],[73.24991,32.08409],[73.25203,32.08675],[73.25248,32.08717],[73.2534,32.08741],[73.25707,32.08914],[73.26635,32.09376],[73.26695,32.09394],[73.26813,32.09651],[73.27447,32.10202],[73.27964,32.10349],[73.28649,32.10601],[73.28917,32.10835],[73.29057,32.10921],[73.29373,32.11192],[73.29338,32.1135],[73.2927,32.11563],[73.29264,32.11625],[73.2927,32.11687],[73.293,32.11775],[73.29343,32.11839],[73.294,32.11892],[73.29509,32.11967],[73.29668,32.12048],[73.29765,32.1208],[73.29865,32.12101],[73.29935,32.12108],[73.29972,32.12077],[73.30464,32.12116],[73.30472,32.1211],[73.30765,32.12138],[73.30718,32.12027],[73.30696,32.11703],[73.30661,32.11552],[73.30604,32.11379],[73.30529,32.11289],[73.30407,32.11183],[73.29762,32.1079],[73.28645,32.10382],[73.28461,32.10279],[73.28334,32.10137],[73.28168,32.09835],[73.28103,32.09753],[73.2799,32.09688],[73.27149,32.09323],[73.26961,32.09191],[73.26794,32.09045],[73.2659,32.08752],[73.26566,32.08712],[73.26543,32.08652],[73.26491,32.08581],[73.26307,32.08446],[73.26139,32.08249],[73.26082,32.0803],[73.26093,32.07866],[73.26164,32.07583],[73.26156,32.07486],[73.26125,32.07389],[73.26019,32.07262],[73.25904,32.072],[73.25641,32.07178],[73.2555,32.071],[73.25531,32.07055],[73.25527,32.06979],[73.25597,32.06728],[73.25656,32.06601]]]]}},{"type":"Feature","properties":{"lu":"Water Body","ct":"Existing","a":2171.719},"geometry":{"type":"MultiPolygon","coordinates":[[[[73.41147,32.17629],[73.39934,32.17248],[73.37564,32.15341],[73.37139,32.15464],[73.37075,32.1545],[73.36975,32.15393],[73.36811,32.15364],[73.36732,32.15336],[73.36461,32.151],[73.36111,32.14579],[73.36061,32.14425],[73.34493,32.13543],[73.31946,32.12386],[73.31407,32.12283],[73.31354,32.12766],[73.31923,32.12775],[73.31915,32.13178],[73.32286,32.13275],[73.32494,32.1334],[73.32699,32.13415],[73.32899,32.13501],[73.33142,32.13624],[73.33328,32.1374],[73.33766,32.14081],[73.34311,32.14553],[73.34516,32.14714],[73.34761,32.14854],[73.35197,32.14932],[73.3701,32.16033],[73.3738,32.16328],[73.37701,32.16676],[73.37892,32.16946],[73.37832,32.17076],[73.40235,32.17975],[73.40319,32.18001],[73.40321,32.17981],[73.41269,32.18157],[73.41147,32.17629]]]]}},{"type":"Feature","properties":{"lu":"Water Body","ct":"Existing","a":1173.772},"geometry":{"type":"MultiPolygon","coordinates":[[[[73.6666,32.3337],[73.66617,32.33339],[73.65633,32.33107],[73.64417,32.32528],[73.61812,32.31139],[73.59555,32.30155],[73.57587,32.29692],[73.55967,32.29055],[73.53707,32.279],[73.53858,32.28392],[73.53886,32.2845],[73.53929,32.28471],[73.54079,32.28599],[73.54251,32.2869],[73.55231,32.28734],[73.5605,32.29137],[73.56395,32.29256],[73.56975,32.29601],[73.57254,32.2997],[73.57409,32.3016],[73.57742,32.30303],[73.58566,32.30603],[73.58953,32.30783],[73.59667,32.30976],[73.6146,32.31492],[73.62036,32.31668],[73.62315,32.3174],[73.62726,32.31861],[73.63006,32.3198],[73.6308,32.31995],[73.63259,32.32057],[73.632,32.32138],[73.64255,32.32593],[73.65148,32.33027],[73.65229,32.32997],[73.65457,32.33139],[73.65679,32.33211],[73.65893,32.33261],[73.66357,32.33446],[73.66443,32.33461],[73.66514,32.33446],[73.6666,32.3337]]]]}},{"type":"Feature","properties":{"lu":"Water Body","ct":"Existing","a":1698.136},"geometry":{"type":"MultiPolygon","coordinates":[[[[73.51071,32.24501],[73.50989,32.23846],[73.48674,32.24078],[73.47863,32.23441],[73.47296,32.22387],[73.47169,32.22396],[73.47119,32.2241],[73.46898,32.22396],[73.46734,32.22361],[73.46562,32.22282],[73.46384,32.22218],[73.46284,32.22125],[73.46148,32.21968],[73.45998,32.21825],[73.45784,32.21761],[73.45584,32.21732],[73.45513,32.21704],[73.45277,32.21675],[73.45156,32.21682],[73.4514,32.21698],[73.45392,32.21913],[73.46005,32.22703],[73.46167,32.22875],[73.46205,32.22848],[73.46269,32.22898],[73.47211,32.2374],[73.4676,32.24075],[73.4711,32.24424],[73.47436,32.24593],[73.47436,32.24951],[73.47627,32.24854],[73.47736,32.25041],[73.47739,32.25059],[73.47854,32.25037],[73.4794,32.25045],[73.48261,32.25102],[73.4837,32.25133],[73.48885,32.24556],[73.49826,32.24153],[73.50259,32.24375],[73.50289,32.2434],[73.50555,32.24502],[73.50599,32.24721],[73.50403,32.24823],[73.50556,32.25398],[73.5072,32.26091],[73.50859,32.26137],[73.51002,32.26237],[73.51316,32.26536],[73.51452,32.26708],[73.51559,32.26815],[73.51837,32.26915],[73.52073,32.26929],[73.52268,32.26931],[73.51683,32.26509],[73.51162,32.25235],[73.51071,32.24501]]]]}},{"type":"Feature","properties":{"lu":"Water Body","ct":"Existing","a":135.28},"geometry":{"type":"MultiPolygon","coordinates":[[[[73.2493,32.04821],[73.24808,32.04647],[73.24679,32.04533],[73.24522,32.04419],[73.24237,32.04262],[73.23609,32.03836],[73.23591,32.04043],[73.23599,32.04123],[73.23645,32.04224],[73.23753,32.04406],[73.2383,32.04487],[73.24059,32.0461],[73.24425,32.04794],[73.24633,32.04917],[73.24707,32.04838],[73.24799,32.04854],[73.2493,32.04821]]]]}},{"type":"Feature","properties":{"lu":"Water Body","ct":"Existing","a":284.214},"geometry":{"type":"MultiPolygon","coordinates":[[[[73.22664,32.02717],[73.22489,32.02598],[73.22446,32.0254],[73.22396,32.02491],[73.22267,32.02419],[73.2221,32.02362],[73.2196,32.02284],[73.21853,32.02169],[73.21601,32.01958],[73.20807,32.02283],[73.21311,32.02567],[73.22258,32.03062],[73.22474,32.03185],[73.22627,32.03183],[73.22858,32.03251],[73.23238,32.03293],[73.22951,32.03095],[73.22756,32.02913],[73.2271,32.0284],[73.22664,32.02717]]]]}},{"type":"Feature","properties":{"lu":"Transport Terminal","ct":"Existing","a":0.025},"geometry":{"type":"MultiPolygon","coordinates":[[[[73.50527,31.86518],[73.50521,31.86511],[73.5051,31.86515],[73.50515,31.86522],[73.50527,31.86518]]]]}},{"type":"Feature","properties":{"lu":"Water Body","ct":"Existing","a":0.054},"geometry":{"type":"MultiPolygon","coordinates":[[[[73.27418,31.90954],[73.27419,31.91001],[73.27424,31.90954],[73.27418,31.90954]]]]}},{"type":"Feature","properties":{"lu":"Transport Terminal","ct":"Existing","a":0.016},"geometry":{"type":"MultiPolygon","coordinates":[[[[73.276,31.91326],[73.27553,31.91291],[73.27554,31.91292],[73.27593,31.91323],[73.27598,31.91327],[73.276,31.91326]]]]}},{"type":"Feature","properties":{"lu":"Recreational Zone","ct":"Proposed","a":1.102},"geometry":{"type":"MultiPolygon","coordinates":[[[[73.37459,32.05362],[73.37379,32.05353],[73.37374,32.05399],[73.3738,32.05407],[73.3745,32.05415],[73.37459,32.05362]]]]}},{"type":"Feature","properties":{"lu":"Water Body","ct":"Existing","a":1.545},"geometry":{"type":"MultiPolygon","coordinates":[[[[73.66322,32.08022],[73.65946,32.074],[73.65938,32.07404],[73.66314,32.08023],[73.66322,32.08022]]]]}},{"type":"Feature","properties":{"lu":"Water Body","ct":"Existing","a":0.001},"geometry":{"type":"MultiPolygon","coordinates":[[[[73.6668,32.0873],[73.66679,32.08731],[73.6668,32.08733],[73.6668,32.0873]]]]}},{"type":"Feature","properties":{"lu":"Water Body","ct":"Existing","a":0.005},"geometry":{"type":"MultiPolygon","coordinates":[[[[73.74596,32.08813],[73.74588,32.08808],[73.74593,32.08814],[73.74595,32.08817],[73.74596,32.08813]]]]}},{"type":"Feature","properties":{"lu":"Water Body","ct":"Existing","a":0.058},"geometry":{"type":"MultiPolygon","coordinates":[[[[73.2702,31.90327],[73.27022,31.90319],[73.27021,31.90319],[73.2702,31.90327]]],[[[73.268885,31.903332],[73.26926,31.903361],[73.269262,31.903356],[73.268888,31.903331],[73.268885,31.90333],[73.268885,31.903332]]],[[[73.27002,31.90345],[73.26984,31.90343],[73.26983,31.90345],[73.27002,31.90345]]],[[[73.27074,31.90353],[73.27067,31.90353],[73.27074,31.90356],[73.27075,31.90372],[73.27074,31.90353]]],[[[73.27017,31.90409],[73.27021,31.90407],[73.27024,31.90406],[73.27037,31.90398],[73.27057,31.90387],[73.27073,31.90373],[73.27017,31.90409]]],[[[73.26943,31.90463],[73.26943,31.90438],[73.2694,31.90463],[73.26943,31.90463]]]]}},{"type":"Feature","properties":{"lu":"Warehouse and Freight Terminal","ct":"Proposed","a":41.394},"geometry":{"type":"MultiPolygon","coordinates":[[[[73.65162,32.09102],[73.6515,32.09058],[73.65074,32.09071],[73.65056,32.09017],[73.65135,32.08991],[73.65158,32.09048],[73.65348,32.08999],[73.65356,32.09037],[73.65473,32.09005],[73.65347,32.0873],[73.65027,32.08873],[73.64746,32.08977],[73.64826,32.09198],[73.65162,32.09102]]]]}},{"type":"Feature","properties":{"lu":"Water Body","ct":"Existing","a":0.509},"geometry":{"type":"MultiPolygon","coordinates":[[[[73.51343,31.8674],[73.51274,31.86701],[73.5122,31.86644],[73.51205,31.86647],[73.51228,31.86681],[73.51281,31.86719],[73.51324,31.86744],[73.51343,31.8674]]]]}},{"type":"Feature","properties":{"lu":"Religious Building","ct":"Existing","a":0.007,"nm":"Jamia Masjid Sukheke Mandi"},"geometry":{"type":"MultiPolygon","coordinates":[[[[73.49658,31.86949],[73.49635,31.86951],[73.49629,31.86952],[73.49658,31.8695],[73.49658,31.86949]]]]}},{"type":"Feature","properties":{"lu":"Water Body","ct":"Existing","a":1.105},"geometry":{"type":"MultiPolygon","coordinates":[[[[73.50291,31.91416],[73.50043,31.91228],[73.50031,31.91229],[73.50304,31.91435],[73.50315,31.91435],[73.50291,31.91416]]],[[[73.50343,31.91458],[73.50325,31.91451],[73.50456,31.91555],[73.50474,31.91554],[73.50343,31.91458]]]]}},{"type":"Feature","properties":{"lu":"Warehouse and Freight Terminal","ct":"Proposed","a":19.398},"geometry":{"type":"MultiPolygon","coordinates":[[[[73.40726,32.06143],[73.40685,32.05956],[73.4054,32.0594],[73.40536,32.05965],[73.40524,32.05963],[73.40518,32.05996],[73.40489,32.05991],[73.40493,32.05961],[73.40481,32.0596],[73.40486,32.05928],[73.40683,32.05948],[73.40674,32.05905],[73.40354,32.05924],[73.40407,32.06171],[73.40726,32.06143]]]]}},{"type":"Feature","properties":{"lu":"Recreational Zone","ct":"Proposed","a":0.102,"nm":"Khurseed Rice Mills"},"geometry":{"type":"MultiPolygon","coordinates":[[[[73.3834,32.05146],[73.38339,32.05224],[73.3835,32.05147],[73.3834,32.05146]]]]}},{"type":"Feature","properties":{"lu":"Recreational Zone","ct":"Proposed","a":0.004},"geometry":{"type":"MultiPolygon","coordinates":[[[[73.38622,32.05362],[73.38625,32.05363],[73.3864,32.05363],[73.38622,32.05361],[73.38622,32.05362]]]]}},{"type":"Feature","properties":{"lu":"Recreational Zone","ct":"Proposed","a":31.333},"geometry":{"type":"MultiPolygon","coordinates":[[[[73.38685,32.05011],[73.38446,32.04996],[73.38428,32.05147],[73.38453,32.05157],[73.38579,32.05165],[73.38582,32.05151],[73.38638,32.05151],[73.38642,32.05165],[73.38709,32.05168],[73.38756,32.05016],[73.38685,32.05011]]],[[[73.38343,32.04989],[73.3834,32.05146],[73.3835,32.05147],[73.38339,32.05224],[73.38337,32.05325],[73.38647,32.05357],[73.38701,32.05176],[73.38635,32.05168],[73.3861,32.05176],[73.38555,32.05172],[73.38431,32.05158],[73.38421,32.05152],[73.38443,32.04995],[73.38343,32.04989]]]]}},{"type":"Feature","properties":{"lu":"Warehouse and Freight Terminal","ct":"Proposed","a":22.269},"geometry":{"type":"MultiPolygon","coordinates":[[[[73.30833,31.89253],[73.30833,31.88962],[73.30493,31.88962],[73.30579,31.89231],[73.30649,31.89224],[73.30665,31.89279],[73.30833,31.89253]]]]}},{"type":"Feature","properties":{"lu":"Gawala Colony","ct":"Proposed","a":36.034},"geometry":{"type":"MultiPolygon","coordinates":[[[[73.71045,32.10207],[73.70877,32.09971],[73.70726,32.10057],[73.70556,32.10135],[73.70166,32.10256],[73.70202,32.10345],[73.70296,32.10319],[73.70801,32.10276],[73.70941,32.10222],[73.71045,32.10207]]]]}},{"type":"Feature","properties":{"lu":"Relocation Zone","ct":"Proposed","a":94.086},"geometry":{"type":"MultiPolygon","coordinates":[[[[73.71369,32.05381],[73.71096,32.05361],[73.70915,32.05367],[73.70799,32.0531],[73.70682,32.053],[73.70565,32.054],[73.70646,32.05488],[73.71776,32.05505],[73.71658,32.05369],[73.71369,32.05381]]],[[[73.71811,32.05549],[73.7179,32.05522],[73.70662,32.05504],[73.7084,32.05696],[73.71942,32.05712],[73.71811,32.05549]]]]}},{"type":"Feature","properties":{"lu":"Relocation Zone","ct":"Proposed","a":13.76},"geometry":{"type":"MultiPolygon","coordinates":[[[[73.71658,32.05369],[73.71608,32.05312],[73.70682,32.053],[73.70799,32.0531],[73.70915,32.05367],[73.71096,32.05361],[73.71369,32.05381],[73.71658,32.05369]]]]}},{"type":"Feature","properties":{"lu":"Graveyard","ct":"Existing","a":0.004},"geometry":{"type":"MultiPolygon","coordinates":[[[[73.68977,32.09289],[73.68986,32.09289],[73.68976,32.09286],[73.68977,32.09289]]],[[[73.68976,32.09345],[73.68969,32.09355],[73.68975,32.09347],[73.68976,32.09347],[73.68976,32.09345]]]]}},{"type":"Feature","properties":{"lu":"Religious Building","ct":"Existing","a":0.391,"nm":"Madrasa"},"geometry":{"type":"MultiPolygon","coordinates":[[[[73.68415,32.10085],[73.68414,32.10059],[73.68358,32.10059],[73.68358,32.10087],[73.68415,32.10085]]]]}},{"type":"Feature","properties":{"lu":"Water Body","ct":"Existing","a":0.0},"geometry":{"type":"MultiPolygon","coordinates":[[[[73.673412,32.101864],[73.673412,32.101865],[73.673413,32.101865],[73.673412,32.101864]]]]}},{"type":"Feature","properties":{"lu":"Water Body","ct":"Existing","a":0.002},"geometry":{"type":"MultiPolygon","coordinates":[[[[73.666744,32.087135],[73.666695,32.087002],[73.666736,32.08714],[73.666744,32.087135]]]]}},{"type":"Feature","properties":{"lu":"Water Body","ct":"Existing","a":0.287},"geometry":{"type":"MultiPolygon","coordinates":[[[[73.658345,32.072398],[73.658353,32.072399],[73.65832,32.072371],[73.658345,32.072398]]],[[[73.65851,32.07263],[73.65929,32.07389],[73.65937,32.07386],[73.65856,32.07257],[73.65847,32.07256],[73.65851,32.07263]]]]}},{"type":"Feature","properties":{"lu":"Religious Building","ct":"Existing","a":0.0},"geometry":{"type":"MultiPolygon","coordinates":[[[[73.289277,31.89947],[73.289222,31.899528],[73.289223,31.899528],[73.289277,31.89947]]]]}},{"type":"Feature","properties":{"lu":"Religious Building","ct":"Existing","a":0.004},"geometry":{"type":"MultiPolygon","coordinates":[[[[73.28238,31.8972],[73.28237,31.8972],[73.2824,31.89749],[73.28238,31.8972]]]]}},{"type":"Feature","properties":{"lu":"Water Body","ct":"Existing","a":0.019},"geometry":{"type":"MultiPolygon","coordinates":[[[[73.26479,31.89057],[73.26479,31.89053],[73.26478,31.89053],[73.26463,31.89055],[73.26459,31.89055],[73.26459,31.89058],[73.26479,31.89057]]]]}},{"type":"Feature","properties":{"lu":"Water Body","ct":"Existing","a":0.398},"geometry":{"type":"MultiPolygon","coordinates":[[[[73.33912,31.88903],[73.34036,31.88878],[73.34108,31.88834],[73.34422,31.88605],[73.34035,31.88877],[73.33845,31.88916],[73.33912,31.88903]]],[[[73.3357,31.89093],[73.33715,31.88995],[73.33563,31.89097],[73.3357,31.89093]]]]}},{"type":"Feature","properties":{"lu":"Water Body","ct":"Existing","a":0.066},"geometry":{"type":"MultiPolygon","coordinates":[[[[73.50604,31.91669],[73.5065,31.91688],[73.50748,31.91719],[73.50763,31.91723],[73.50606,31.91669],[73.50604,31.91669]]]]}},{"type":"Feature","properties":{"lu":"Water Body","ct":"Existing","a":0.0},"geometry":{"type":"MultiPolygon","coordinates":[[[[73.534706,31.942663],[73.534813,31.942719],[73.534814,31.942716],[73.534706,31.942663]]]]}},{"type":"Feature","properties":{"lu":"Water Body","ct":"Existing","a":0.123},"geometry":{"type":"MultiPolygon","coordinates":[[[[73.79064,32.01288],[73.7906,32.01289],[73.79074,32.01302],[73.79145,32.0137],[73.79224,32.01446],[73.79245,32.01466],[73.79246,32.01466],[73.79064,32.01288]]],[[[73.79258,32.01478],[73.79274,32.01493],[73.79259,32.01478],[73.79258,32.01478]]]]}},{"type":"Feature","properties":{"lu":"Water Body","ct":"Existing","a":0.31},"geometry":{"type":"MultiPolygon","coordinates":[[[[73.48204,32.05815],[73.48571,32.0565],[73.48121,32.0585],[73.48204,32.05815]]]]}},{"type":"Feature","properties":{"lu":"Water Body","ct":"Existing","a":0.235},"geometry":{"type":"MultiPolygon","coordinates":[[[[73.48085,32.05868],[73.48692,32.05594],[73.4802,32.05897],[73.48085,32.05868]]]]}},{"type":"Feature","properties":{"lu":"Water Body","ct":"Existing","a":0.183},"geometry":{"type":"MultiPolygon","coordinates":[[[[73.4176,32.1266],[73.41595,32.12758],[73.4153,32.12792],[73.41492,32.12801],[73.41518,32.12798],[73.41574,32.1277],[73.41851,32.12611],[73.4176,32.1266]]],[[[73.41462,32.12805],[73.41465,32.12805],[73.41463,32.12805],[73.41462,32.12805]]],[[[73.41357,32.12816],[73.41357,32.12818],[73.41388,32.12814],[73.41374,32.12814],[73.41357,32.12816]]],[[[73.41319,32.12823],[73.41338,32.12821],[73.41338,32.12819],[73.41319,32.12823]]]]}},{"type":"Feature","properties":{"lu":"Water Body","ct":"Existing","a":7.595},"geometry":{"type":"MultiPolygon","coordinates":[[[[73.41533,32.14087],[73.41497,32.1407],[73.41495,32.1406],[73.41483,32.14068],[73.41375,32.14022],[73.41264,32.14004],[73.41249,32.13992],[73.41246,32.13974],[73.41266,32.13886],[73.41283,32.13864],[73.41316,32.13859],[73.41348,32.13794],[73.41327,32.13786],[73.4131,32.13796],[73.41294,32.13764],[73.41288,32.13707],[73.41248,32.13608],[73.4122,32.13642],[73.41278,32.138],[73.41275,32.13852],[73.41246,32.13879],[73.41235,32.13936],[73.41236,32.14006],[73.41289,32.14047],[73.41329,32.14029],[73.41353,32.14027],[73.41386,32.14037],[73.41408,32.14059],[73.41448,32.14071],[73.41466,32.14085],[73.41511,32.14088],[73.41539,32.14102],[73.41546,32.14093],[73.41533,32.14087]]],[[[73.41928,32.14435],[73.41906,32.14368],[73.41835,32.14302],[73.41788,32.14272],[73.4176,32.14242],[73.41743,32.14253],[73.41602,32.14148],[73.41602,32.14133],[73.41583,32.14125],[73.41562,32.14101],[73.41556,32.14111],[73.4157,32.1412],[73.41572,32.14132],[73.41643,32.14183],[73.41652,32.14203],[73.41715,32.1425],[73.41738,32.14293],[73.418,32.14318],[73.41877,32.14364],[73.41893,32.1441],[73.41934,32.14466],[73.41944,32.14454],[73.41928,32.14435]]]]}},{"type":"Feature","properties":{"lu":"Water Body","ct":"Existing","a":0.079},"geometry":{"type":"MultiPolygon","coordinates":[[[[73.52236,32.15418],[73.52169,32.15422],[73.52156,32.15423],[73.52068,32.15436],[73.52117,32.15431],[73.52236,32.15418]]]]}},{"type":"Feature","properties":{"lu":"Water Body","ct":"Existing","a":0.077},"geometry":{"type":"MultiPolygon","coordinates":[[[[73.55352,32.1788],[73.55349,32.17881],[73.55364,32.17898],[73.55365,32.17899],[73.55439,32.17968],[73.55352,32.1788]]]]}},{"type":"Feature","properties":{"lu":"Water Body","ct":"Existing","a":0.735},"geometry":{"type":"MultiPolygon","coordinates":[[[[73.54208,32.18283],[73.54209,32.1829],[73.54264,32.18292],[73.54431,32.18352],[73.54436,32.18339],[73.54277,32.1828],[73.54208,32.18283]]]]}},{"type":"Feature","properties":{"lu":"Water Body","ct":"Existing","a":0.0},"geometry":{"type":"MultiPolygon","coordinates":[[[[73.66028,32.17108],[73.66038,32.17112],[73.66035,32.17111],[73.66028,32.17108]]]]}},{"type":"Feature","properties":{"lu":"Water Body","ct":"Existing","a":0.318},"geometry":{"type":"MultiPolygon","coordinates":[[[[73.63698,32.1528],[73.63506,32.15256],[73.63508,32.15263],[73.63697,32.15286],[73.63698,32.1528]]]]}},{"type":"Feature","properties":{"lu":"Water Body","ct":"Existing","a":0.988},"geometry":{"type":"MultiPolygon","coordinates":[[[[73.6851,32.11984],[73.68757,32.12038],[73.68958,32.12056],[73.6851,32.11984]]]]}},{"type":"Feature","properties":{"lu":"Water Body","ct":"Existing","a":0.013},"geometry":{"type":"MultiPolygon","coordinates":[[[[73.71824,32.14184],[73.71873,32.14145],[73.71767,32.14227],[73.71824,32.14184]]]]}},{"type":"Feature","properties":{"lu":"Water Body","ct":"Existing","a":4.571},"geometry":{"type":"MultiPolygon","coordinates":[[[[73.66899,32.22041],[73.66863,32.21962],[73.66588,32.2161],[73.66532,32.21523],[73.66496,32.21431],[73.66316,32.20724],[73.66307,32.20726],[73.66481,32.21426],[73.66503,32.21489],[73.66537,32.21554],[73.66779,32.21867],[73.66852,32.21978],[73.66884,32.22044],[73.66899,32.22041]]]]}},{"type":"Feature","properties":{"lu":"Water Body","ct":"Existing","a":1.178},"geometry":{"type":"MultiPolygon","coordinates":[[[[73.66668,32.21933],[73.66771,32.21872],[73.66766,32.21865],[73.6664,32.21943],[73.66568,32.21951],[73.66506,32.21936],[73.66283,32.21823],[73.66291,32.21839],[73.66546,32.21959],[73.6661,32.21958],[73.66668,32.21933]]]]}},{"type":"Feature","properties":{"lu":"Water Body","ct":"Existing","a":4.358},"geometry":{"type":"MultiPolygon","coordinates":[[[[73.70553,32.24978],[73.70601,32.24978],[73.70599,32.24964],[73.69385,32.25012],[73.69241,32.2501],[73.69242,32.25022],[73.69307,32.25025],[73.70553,32.24978]]]]}},{"type":"Feature","properties":{"lu":"Water Body","ct":"Existing","a":0.019},"geometry":{"type":"MultiPolygon","coordinates":[[[[73.50465,31.85823],[73.50453,31.85808],[73.50449,31.85808],[73.5046,31.85823],[73.50465,31.85823]]]]}},{"type":"Feature","properties":{"lu":"Water Body","ct":"Existing","a":0.0},"geometry":{"type":"MultiPolygon","coordinates":[[[[73.50433,31.85827],[73.50432,31.85826],[73.50432,31.85827],[73.50433,31.85827]]]]}},{"type":"Feature","properties":{"lu":"Water Body","ct":"Existing","a":0.049},"geometry":{"type":"MultiPolygon","coordinates":[[[[73.50908,31.85758],[73.50906,31.85741],[73.50895,31.85743],[73.50896,31.85759],[73.50908,31.85758]]]]}},{"type":"Feature","properties":{"lu":"Water Body","ct":"Existing","a":0.101},"geometry":{"type":"MultiPolygon","coordinates":[[[[73.52532,31.86724],[73.52514,31.8673],[73.52518,31.86741],[73.52536,31.86735],[73.52532,31.86724]]],[[[73.51997,31.8688],[73.51978,31.86885],[73.51981,31.86893],[73.52,31.86888],[73.51997,31.8688]]]]}},{"type":"Feature","properties":{"lu":"Water Body","ct":"Existing","a":0.001},"geometry":{"type":"MultiPolygon","coordinates":[[[[73.51348,31.86743],[73.51345,31.86741],[73.51346,31.86743],[73.51348,31.86743]]]]}},{"type":"Feature","properties":{"lu":"Water Body","ct":"Existing","a":0.23},"geometry":{"type":"MultiPolygon","coordinates":[[[[73.28077,31.87546],[73.28058,31.87546],[73.28058,31.87566],[73.28077,31.87565],[73.28077,31.87546]]],[[[73.29114,31.87596],[73.29114,31.8762],[73.29133,31.87626],[73.29133,31.87598],[73.29114,31.87596]]]]}},{"type":"Feature","properties":{"lu":"Water Body","ct":"Existing","a":0.377},"geometry":{"type":"MultiPolygon","coordinates":[[[[73.49765,31.90895],[73.49755,31.90896],[73.49766,31.90917],[73.49777,31.90916],[73.49765,31.90895]]],[[[73.50016,31.91208],[73.50005,31.91209],[73.50031,31.91229],[73.50043,31.91228],[73.50016,31.91208]]],[[[73.50507,31.9158],[73.50475,31.91556],[73.50477,31.91573],[73.50511,31.91603],[73.50545,31.91604],[73.50507,31.9158]]]]}},{"type":"Feature","properties":{"lu":"Water Body","ct":"Existing","a":0.033},"geometry":{"type":"MultiPolygon","coordinates":[[[[73.66953,32.04015],[73.66934,32.04014],[73.66934,32.04021],[73.66953,32.04021],[73.66953,32.04015]]]]}},{"type":"Feature","properties":{"lu":"Water Body","ct":"Existing","a":0.008},"geometry":{"type":"MultiPolygon","coordinates":[[[[73.68721,32.03671],[73.68729,32.03679],[73.68729,32.03671],[73.68721,32.03671]]]]}},{"type":"Feature","properties":{"lu":"Water Body","ct":"Existing","a":0.033},"geometry":{"type":"MultiPolygon","coordinates":[[[[73.68013,32.03965],[73.68013,32.03958],[73.67993,32.03958],[73.67993,32.03965],[73.68013,32.03965]]]]}},{"type":"Feature","properties":{"lu":"Water Body","ct":"Existing","a":0.088},"geometry":{"type":"MultiPolygon","coordinates":[[[[73.63742,32.06294],[73.63723,32.06286],[73.63723,32.06304],[73.63742,32.06312],[73.63742,32.06294]]]]}},{"type":"Feature","properties":{"lu":"Water Body","ct":"Existing","a":0.269},"geometry":{"type":"MultiPolygon","coordinates":[[[[73.63711,32.07113],[73.6371,32.07131],[73.6373,32.07143],[73.6373,32.07124],[73.63711,32.07113]]],[[[73.63857,32.07219],[73.63885,32.07236],[73.63926,32.07236],[73.63897,32.07219],[73.63857,32.07219]]]]}},{"type":"Feature","properties":{"lu":"Water Body","ct":"Existing","a":0.001},"geometry":{"type":"MultiPolygon","coordinates":[[[[73.6373,32.07143],[73.63713,32.07133],[73.63729,32.07143],[73.6373,32.07143]]]]}},{"type":"Feature","properties":{"lu":"Water Body","ct":"Existing","a":0.083},"geometry":{"type":"MultiPolygon","coordinates":[[[[73.63711,32.07108],[73.63711,32.07113],[73.6373,32.07124],[73.6373,32.07119],[73.63711,32.07108]]],[[[73.63897,32.07219],[73.63926,32.07236],[73.63941,32.07236],[73.63897,32.07219]]]]}},{"type":"Feature","properties":{"lu":"Water Body","ct":"Existing","a":2.497},"geometry":{"type":"MultiPolygon","coordinates":[[[[73.65259,32.06856],[73.65259,32.06855],[73.65257,32.06855],[73.65259,32.06856]]],[[[73.66412,32.08157],[73.65869,32.07265],[73.65831,32.07213],[73.65735,32.07127],[73.65663,32.0708],[73.65288,32.06854],[73.65324,32.06885],[73.65699,32.07108],[73.65832,32.07226],[73.65843,32.0724],[73.65835,32.0724],[73.65847,32.07256],[73.65856,32.07257],[73.65889,32.07308],[73.65937,32.07386],[73.65929,32.07389],[73.65938,32.07404],[73.65946,32.074],[73.66428,32.08195],[73.66433,32.08193],[73.66412,32.08157]]]]}},{"type":"Feature","properties":{"lu":"Water Body","ct":"Existing","a":0.02},"geometry":{"type":"MultiPolygon","coordinates":[[[[73.7456,32.08792],[73.74537,32.08778],[73.74533,32.08775],[73.74532,32.08776],[73.74549,32.0879],[73.7455,32.0879],[73.74551,32.08791],[73.74552,32.08791],[73.74553,32.08792],[73.74554,32.08792],[73.74555,32.08792],[73.74556,32.08792],[73.74557,32.08792],[73.74558,32.08792],[73.74559,32.08792],[73.7456,32.08792]]]]}},{"type":"Feature","properties":{"lu":"Water Body","ct":"Existing","a":0.113},"geometry":{"type":"MultiPolygon","coordinates":[[[[73.71875,32.081],[73.71875,32.08092],[73.71855,32.08101],[73.71855,32.08115],[73.71875,32.081]]],[[[73.71782,32.08211],[73.71788,32.08204],[73.71782,32.08204],[73.71782,32.08211]]],[[[73.71044,32.09033],[73.71056,32.09034],[73.71069,32.09018],[73.71057,32.09017],[73.71044,32.09033]]]]}},{"type":"Feature","properties":{"lu":"Water Body","ct":"Existing","a":0.074},"geometry":{"type":"MultiPolygon","coordinates":[[[[73.6668,32.0873],[73.66694,32.08723],[73.66688,32.08707],[73.66674,32.08714],[73.6668,32.0873]]]]}},{"type":"Feature","properties":{"lu":"Water Body","ct":"Existing","a":0.008},"geometry":{"type":"MultiPolygon","coordinates":[[[[73.69206,32.10886],[73.69206,32.10884],[73.6919,32.10896],[73.6919,32.10898],[73.69206,32.10886]]]]}},{"type":"Feature","properties":{"lu":"Water Body","ct":"Existing","a":0.008},"geometry":{"type":"MultiPolygon","coordinates":[[[[73.69206,32.10886],[73.6919,32.10898],[73.6919,32.109],[73.69191,32.109],[73.69206,32.10887],[73.69206,32.10886]]]]}},{"type":"Feature","properties":{"lu":"Water Body","ct":"Existing","a":0.099},"geometry":{"type":"MultiPolygon","coordinates":[[[[73.69235,32.10884],[73.6921,32.10883],[73.69191,32.109],[73.69213,32.109],[73.69235,32.10884]]]]}},{"type":"Feature","properties":{"lu":"Water Body","ct":"Existing","a":0.021},"geometry":{"type":"MultiPolygon","coordinates":[[[[73.67806,32.10869],[73.67802,32.10869],[73.67813,32.10885],[73.67818,32.10885],[73.67809,32.10872],[73.67806,32.10869]]]]}},{"type":"Feature","properties":{"lu":"Water Body","ct":"Existing","a":0.001},"geometry":{"type":"MultiPolygon","coordinates":[[[[73.68971,32.11053],[73.68967,32.11056],[73.68971,32.11056],[73.68971,32.11053]]]]}},{"type":"Feature","properties":{"lu":"Water Body","ct":"Existing","a":0.069},"geometry":{"type":"MultiPolygon","coordinates":[[[[73.67823,32.10869],[73.67806,32.10869],[73.67818,32.10885],[73.67835,32.10886],[73.67823,32.10869]]]]}},{"type":"Feature","properties":{"lu":"Water Body","ct":"Existing","a":0.46},"geometry":{"type":"MultiPolygon","coordinates":[[[[73.65792,32.09686],[73.65791,32.09736],[73.6581,32.09777],[73.6581,32.0973],[73.65792,32.09686]]],[[[73.65877,32.09923],[73.65899,32.09923],[73.65891,32.09906],[73.65869,32.09906],[73.65877,32.09923]]],[[[73.66501,32.10862],[73.66512,32.10872],[73.66541,32.10872],[73.66523,32.10855],[73.66495,32.10855],[73.66501,32.10862]]]]}},{"type":"Feature","properties":{"lu":"Water Body","ct":"Existing","a":0.037},"geometry":{"type":"MultiPolygon","coordinates":[[[[73.26479,31.89053],[73.26478,31.89046],[73.26461,31.89046],[73.26459,31.89055],[73.26479,31.89053]]]]}},{"type":"Feature","properties":{"lu":"Water Body","ct":"Existing","a":0.092},"geometry":{"type":"MultiPolygon","coordinates":[[[[73.6812,31.91036],[73.68082,31.91013],[73.68082,31.91022],[73.68119,31.91046],[73.6812,31.91036]]]]}},{"type":"Feature","properties":{"lu":"Water Body","ct":"Existing","a":0.001},"geometry":{"type":"MultiPolygon","coordinates":[[[[73.73054,32.07579],[73.7305,32.07579],[73.73052,32.07581],[73.73054,32.07579]]]]}},{"type":"Feature","properties":{"lu":"Water Body","ct":"Existing","a":0.036},"geometry":{"type":"MultiPolygon","coordinates":[[[[73.71017,32.09076],[73.71023,32.09071],[73.71016,32.09066],[73.71003,32.09079],[73.71009,32.09083],[73.71017,32.09076]]]]}},{"type":"Feature","properties":{"lu":"Water Body","ct":"Existing","a":0.0},"geometry":{"type":"MultiPolygon","coordinates":[[[[73.581181,32.221116],[73.581153,32.22112],[73.581181,32.22112],[73.581181,32.221116]]]]}},{"type":"Feature","properties":{"lu":"Water Body","ct":"Existing","a":1.51},"geometry":{"type":"MultiPolygon","coordinates":[[[[73.33009,31.80333],[73.33009,31.80334],[73.3301,31.80334],[73.33032,31.80352],[73.33047,31.80364],[73.33121,31.80422],[73.33126,31.80426],[73.33168,31.80457],[73.33159,31.8045],[73.33114,31.80414],[73.3307,31.8038],[73.33013,31.80334],[73.33012,31.80334],[73.33011,31.80333],[73.33009,31.80333]]],[[[73.3335,31.80569],[73.33552,31.80565],[73.33857,31.80752],[73.33562,31.80566],[73.33316,31.80567],[73.3335,31.80569]]],[[[73.34048,31.80868],[73.34139,31.80923],[73.34088,31.80891],[73.34048,31.80868]]],[[[73.34224,31.80975],[73.34215,31.80969],[73.34228,31.80977],[73.34224,31.80975]]],[[[73.3463,31.81215],[73.34835,31.81325],[73.34448,31.8111],[73.3463,31.81215]]],[[[73.35595,31.81748],[73.35659,31.81804],[73.36413,31.82556],[73.35763,31.819],[73.35608,31.81755],[73.35548,31.8171],[73.35595,31.81748]]]]}},{"type":"Feature","properties":{"lu":"Water Body","ct":"Existing","a":0.532},"geometry":{"type":"MultiPolygon","coordinates":[[[[73.26175,31.82082],[73.26171,31.82079],[73.2615,31.821],[73.25849,31.82413],[73.26175,31.82082]]]]}},{"type":"Feature","properties":{"lu":"Water Body","ct":"Existing","a":0.167},"geometry":{"type":"MultiPolygon","coordinates":[[[[73.36449,31.89561],[73.36467,31.89551],[73.36452,31.89538],[73.36392,31.89565],[73.3644,31.8955],[73.36449,31.89561]]]]}},{"type":"Feature","properties":{"lu":"Water Body","ct":"Existing","a":0.0},"geometry":{"type":"MultiPolygon","coordinates":[[[[73.64107,31.90323],[73.64107,31.90324],[73.64109,31.90324],[73.64107,31.90323]]]]}},{"type":"Feature","properties":{"lu":"Water Body","ct":"Existing","a":0.042},"geometry":{"type":"MultiPolygon","coordinates":[[[[73.50334,31.91451],[73.50315,31.91435],[73.50304,31.91435],[73.50334,31.91451]]]]}},{"type":"Feature","properties":{"lu":"Water Body","ct":"Existing","a":0.479,"nm":"Canal"},"geometry":{"type":"MultiPolygon","coordinates":[[[[73.56364,31.91439],[73.56349,31.91429],[73.56279,31.91503],[73.56295,31.91514],[73.56364,31.91439]]]]}},{"type":"Feature","properties":{"lu":"Water Body","ct":"Existing","a":0.268,"nm":"Canal"},"geometry":{"type":"MultiPolygon","coordinates":[[[[73.56268,31.91542],[73.56253,31.91532],[73.56214,31.91574],[73.56229,31.91584],[73.56268,31.91542]]]]}},{"type":"Feature","properties":{"lu":"Water Body","ct":"Existing","a":1.936},"geometry":{"type":"MultiPolygon","coordinates":[[[[73.35675,31.91831],[73.34086,31.90571],[73.33888,31.9043],[73.33621,31.90275],[73.33874,31.90426],[73.34109,31.9059],[73.35675,31.91831]]]]}},{"type":"Feature","properties":{"lu":"Water Body","ct":"Existing","a":0.133},"geometry":{"type":"MultiPolygon","coordinates":[[[[73.33916,31.89575],[73.33897,31.89571],[73.33892,31.89595],[73.3391,31.89602],[73.33916,31.89575]]]]}},{"type":"Feature","properties":{"lu":"Water Body","ct":"Existing","a":0.109},"geometry":{"type":"MultiPolygon","coordinates":[[[[73.39058,31.88969],[73.39036,31.88965],[73.39038,31.88988],[73.39057,31.88989],[73.39058,31.88969]]]]}},{"type":"Feature","properties":{"lu":"Water Body","ct":"Existing","a":1.232},"geometry":{"type":"MultiPolygon","coordinates":[[[[73.4048,31.9319],[73.3958,31.92804],[73.40511,31.93211],[73.40514,31.93205],[73.4048,31.9319]]]]}},{"type":"Feature","properties":{"lu":"Water Body","ct":"Existing","a":0.023},"geometry":{"type":"MultiPolygon","coordinates":[[[[73.72078,31.94096],[73.72068,31.94081],[73.72064,31.94084],[73.72074,31.94099],[73.72078,31.94096]]]]}},{"type":"Feature","properties":{"lu":"Water Body","ct":"Existing","a":0.039},"geometry":{"type":"MultiPolygon","coordinates":[[[[73.45149,31.961],[73.45164,31.9611],[73.45169,31.96104],[73.45154,31.96094],[73.45149,31.961]]]]}},{"type":"Feature","properties":{"lu":"Water Body","ct":"Existing","a":6.304},"geometry":{"type":"MultiPolygon","coordinates":[[[[73.53567,31.96274],[73.53311,31.95839],[73.53312,31.95863],[73.53569,31.96298],[73.5367,31.96456],[73.53567,31.96274]]],[[[73.53733,31.96554],[73.53762,31.96574],[73.5368,31.96471],[73.53733,31.96554]]],[[[73.53818,31.96623],[73.5383,31.9663],[73.53807,31.96613],[73.53818,31.96623]]],[[[73.5438,31.97654],[73.54359,31.97029],[73.54345,31.96989],[73.54327,31.9695],[73.54279,31.9689],[73.54226,31.96853],[73.54004,31.96731],[73.54212,31.96852],[73.54286,31.96909],[73.54336,31.96996],[73.5436,31.97062],[73.54394,31.9831],[73.5438,31.97654]]],[[[73.5563,31.99241],[73.54508,31.98524],[73.54429,31.98439],[73.54405,31.98384],[73.54395,31.9834],[73.54396,31.98366],[73.54422,31.98427],[73.54466,31.98506],[73.54581,31.98573],[73.56051,31.99521],[73.56046,31.99524],[73.56062,31.99534],[73.56072,31.99528],[73.5563,31.99241]]]]}},{"type":"Feature","properties":{"lu":"Water Body","ct":"Existing","a":0.045},"geometry":{"type":"MultiPolygon","coordinates":[[[[73.59771,31.99844],[73.59752,31.9984],[73.59746,31.99847],[73.59765,31.99853],[73.59771,31.99844]]]]}},{"type":"Feature","properties":{"lu":"Water Body","ct":"Existing","a":0.024},"geometry":{"type":"MultiPolygon","coordinates":[[[[73.38601,31.97826],[73.38584,31.97819],[73.38581,31.97823],[73.38598,31.9783],[73.38601,31.97826]]]]}},{"type":"Feature","properties":{"lu":"Water Body","ct":"Existing","a":0.008},"geometry":{"type":"MultiPolygon","coordinates":[[[[73.44057,31.93308],[73.44052,31.93305],[73.44049,31.93304],[73.4405,31.93304],[73.4405,31.93305],[73.44051,31.93306],[73.44057,31.93312],[73.44059,31.9331],[73.44057,31.93308]]],[[[73.44072,31.93322],[73.44073,31.93321],[73.44064,31.93314],[73.44072,31.93322]]]]}},{"type":"Feature","properties":{"lu":"Water Body","ct":"Existing","a":0.087},"geometry":{"type":"MultiPolygon","coordinates":[[[[73.46443,31.96966],[73.4644,31.96967],[73.46447,31.96983],[73.4646,31.96978],[73.46443,31.96966]]],[[[73.51446,32.0034],[73.51438,32.00346],[73.51452,32.00358],[73.51461,32.0035],[73.51446,32.0034]]]]}},{"type":"Feature","properties":{"lu":"Water Body","ct":"Existing","a":4.357},"geometry":{"type":"MultiPolygon","coordinates":[[[[73.47006,31.93136],[73.47016,31.93133],[73.47007,31.93118],[73.4655,31.93301],[73.46516,31.93323],[73.46449,31.93384],[73.46399,31.93483],[73.46099,31.94168],[73.4602,31.94318],[73.46058,31.94263],[73.46422,31.93445],[73.46456,31.93387],[73.46514,31.93331],[73.46565,31.93299],[73.46992,31.93129],[73.46998,31.93139],[73.47006,31.93136]]],[[[73.4406,31.9331],[73.44156,31.93416],[73.4458,31.93977],[73.44798,31.94252],[73.44888,31.94334],[73.44998,31.94394],[73.44878,31.94327],[73.44823,31.9427],[73.44641,31.94051],[73.44157,31.93408],[73.44106,31.93348],[73.4406,31.9331]]],[[[73.45986,31.94349],[73.46015,31.94324],[73.45981,31.94352],[73.45986,31.94349]]],[[[73.45871,31.94411],[73.45793,31.94426],[73.45262,31.94452],[73.45162,31.94442],[73.45036,31.94409],[73.45174,31.94448],[73.45322,31.94455],[73.45836,31.94422],[73.45911,31.94396],[73.45963,31.94363],[73.45871,31.94411]]]]}},{"type":"Feature","properties":{"lu":"Water Body","ct":"Existing","a":0.001},"geometry":{"type":"MultiPolygon","coordinates":[[[[73.65599,32.00273],[73.65598,32.00273],[73.65599,32.00276],[73.65601,32.00275],[73.65599,32.00273]]]]}},{"type":"Feature","properties":{"lu":"Water Body","ct":"Existing","a":1.528},"geometry":{"type":"MultiPolygon","coordinates":[[[[73.65479,32.00337],[73.65311,32.00386],[73.65118,32.00392],[73.63664,32.00142],[73.63664,32.00148],[73.63711,32.0015],[73.65084,32.00394],[73.65227,32.00396],[73.6534,32.00385],[73.65492,32.00333],[73.65479,32.00337]]],[[[73.65598,32.00273],[73.65571,32.00291],[73.65599,32.00276],[73.65598,32.00273]]]]}},{"type":"Feature","properties":{"lu":"Water Body","ct":"Existing","a":0.02},"geometry":{"type":"MultiPolygon","coordinates":[[[[73.51833,32.00616],[73.51848,32.00627],[73.51851,32.00624],[73.51837,32.00613],[73.51833,32.00616]]]]}},{"type":"Feature","properties":{"lu":"Water Body","ct":"Existing","a":0.084},"geometry":{"type":"MultiPolygon","coordinates":[[[[73.61152,32.02085],[73.61133,32.02078],[73.61136,32.02098],[73.61154,32.02104],[73.61152,32.02085]]]]}},{"type":"Feature","properties":{"lu":"Water Body","ct":"Existing","a":0.917},"geometry":{"type":"MultiPolygon","coordinates":[[[[73.42647,32.00173],[73.42051,31.99745],[73.42807,32.00293],[73.42647,32.00173]]]]}},{"type":"Feature","properties":{"lu":"Water Body","ct":"Existing","a":0.405},"geometry":{"type":"MultiPolygon","coordinates":[[[[73.79259,32.01478],[73.79273,32.01471],[73.79105,32.01307],[73.79253,32.01462],[73.79245,32.01466],[73.79259,32.01478]]]]}},{"type":"Feature","properties":{"lu":"Water Body","ct":"Existing","a":0.087},"geometry":{"type":"MultiPolygon","coordinates":[[[[73.49966,32.05032],[73.49963,32.05033],[73.49972,32.0503],[73.50058,32.05003],[73.50108,32.04988],[73.50145,32.04976],[73.49966,32.05032]]],[[[73.48416,32.05711],[73.48453,32.05696],[73.48575,32.05641],[73.4861,32.05625],[73.48489,32.05677],[73.48416,32.05711]]],[[[73.482,32.05807],[73.48261,32.0578],[73.48226,32.05796],[73.482,32.05807]]]]}},{"type":"Feature","properties":{"lu":"Water Body","ct":"Existing","a":4.531},"geometry":{"type":"MultiPolygon","coordinates":[[[[73.48485,32.05686],[73.49905,32.05056],[73.50527,32.04845],[73.50536,32.04849],[73.50914,32.04729],[73.50913,32.0472],[73.50894,32.04724],[73.50895,32.04732],[73.50877,32.04739],[73.50548,32.04836],[73.49872,32.05059],[73.48084,32.0586],[73.48485,32.05686]]]]}},{"type":"Feature","properties":{"lu":"Water Body","ct":"Existing","a":0.052},"geometry":{"type":"MultiPolygon","coordinates":[[[[73.54082,32.03961],[73.54072,32.03954],[73.54049,32.03957],[73.54057,32.03965],[73.54082,32.03961]]]]}},{"type":"Feature","properties":{"lu":"Water Body","ct":"Existing","a":0.276},"geometry":{"type":"MultiPolygon","coordinates":[[[[73.61172,32.06246],[73.61153,32.06245],[73.61152,32.06266],[73.61314,32.06279],[73.61173,32.06264],[73.61172,32.06246]]]]}},{"type":"Feature","properties":{"lu":"Water Body","ct":"Existing","a":0.029},"geometry":{"type":"MultiPolygon","coordinates":[[[[73.80376,32.03752],[73.8036,32.03743],[73.80355,32.03747],[73.80372,32.03756],[73.80376,32.03752]]]]}},{"type":"Feature","properties":{"lu":"Water Body","ct":"Existing","a":0.117},"geometry":{"type":"MultiPolygon","coordinates":[[[[73.62467,32.06577],[73.6245,32.06569],[73.6244,32.06591],[73.62457,32.06599],[73.62467,32.06577]]]]}},{"type":"Feature","properties":{"lu":"Water Body","ct":"Existing","a":0.044},"geometry":{"type":"MultiPolygon","coordinates":[[[[73.63346,32.06932],[73.63359,32.0694],[73.63376,32.06936],[73.63346,32.06932]]]]}},{"type":"Feature","properties":{"lu":"Water Body","ct":"Existing","a":0.288},"geometry":{"type":"MultiPolygon","coordinates":[[[[73.63204,32.06832],[73.63539,32.07029],[73.63207,32.06827],[73.63204,32.06832]]]]}},{"type":"Feature","properties":{"lu":"Water Body","ct":"Existing","a":0.006},"geometry":{"type":"MultiPolygon","coordinates":[[[[73.63282,32.06878],[73.63306,32.06892],[73.63336,32.0691],[73.63422,32.0696],[73.63473,32.0699],[73.63495,32.07003],[73.63282,32.06878]]]]}},{"type":"Feature","properties":{"lu":"Water Body","ct":"Existing","a":0.127},"geometry":{"type":"MultiPolygon","coordinates":[[[[73.59175,32.06155],[73.59175,32.0613],[73.59156,32.06133],[73.59155,32.06158],[73.59175,32.06155]]]]}},{"type":"Feature","properties":{"lu":"Water Body","ct":"Existing","a":1.699},"geometry":{"type":"MultiPolygon","coordinates":[[[[73.56683,32.08956],[73.56841,32.08845],[73.56681,32.08953],[73.5638,32.09102],[73.56481,32.09063],[73.56683,32.08956]]],[[[73.55392,32.09284],[73.561,32.09181],[73.56316,32.09126],[73.56072,32.09185],[73.55392,32.09284]]],[[[73.54831,32.09365],[73.55025,32.09339],[73.5521,32.09312],[73.55385,32.09285],[73.54925,32.09352],[73.54831,32.09365]]],[[[73.54242,32.09443],[73.54223,32.09446],[73.54225,32.09453],[73.5474,32.09378],[73.54244,32.09448],[73.54242,32.09443]]]]}},{"type":"Feature","properties":{"lu":"Water Body","ct":"Existing","a":0.001,"nm":"Hide"},"geometry":{"type":"MultiPolygon","coordinates":[[[[73.29606,32.09231],[73.296,32.0923],[73.29605,32.09232],[73.29606,32.09231]]]]}},{"type":"Feature","properties":{"lu":"Water Body","ct":"Existing","a":11.884},"geometry":{"type":"MultiPolygon","coordinates":[[[[73.46908,32.09733],[73.47775,32.09653],[73.47774,32.09643],[73.46252,32.09773],[73.46168,32.09802],[73.4564,32.10104],[73.45588,32.10141],[73.45549,32.10184],[73.45601,32.10135],[73.46099,32.09846],[73.462,32.09795],[73.46248,32.09785],[73.46908,32.09733]]],[[[73.45337,32.1042],[73.45266,32.10495],[73.45249,32.10493],[73.45009,32.10784],[73.44967,32.10823],[73.43964,32.11192],[73.43568,32.11548],[73.43578,32.11555],[73.43967,32.112],[73.44959,32.10838],[73.44993,32.10814],[73.45053,32.10753],[73.45243,32.10514],[73.4526,32.10512],[73.45337,32.1042]]]]}},{"type":"Feature","properties":{"lu":"Water Body","ct":"Existing","a":0.085},"geometry":{"type":"MultiPolygon","coordinates":[[[[73.50169,32.06124],[73.50158,32.06077],[73.50152,32.06077],[73.50161,32.06125],[73.50169,32.06124]]]]}},{"type":"Feature","properties":{"lu":"Water Body","ct":"Existing","a":0.019},"geometry":{"type":"MultiPolygon","coordinates":[[[[73.51994,32.11075],[73.51993,32.11069],[73.51993,32.11068],[73.51993,32.11067],[73.51992,32.11067],[73.51992,32.11066],[73.51991,32.11066],[73.51991,32.11065],[73.51987,32.11062],[73.51984,32.11062],[73.5199,32.11076],[73.51994,32.11075]]]]}},{"type":"Feature","properties":{"lu":"Water Body","ct":"Existing","a":0.006},"geometry":{"type":"MultiPolygon","coordinates":[[[[73.51964,32.11064],[73.51974,32.11074],[73.51968,32.11064],[73.51964,32.11064]]],[[[73.519756,32.110789],[73.519763,32.110787],[73.519751,32.110764],[73.519756,32.110789]]]]}},{"type":"Feature","properties":{"lu":"Water Body","ct":"Existing","a":0.039},"geometry":{"type":"MultiPolygon","coordinates":[[[[73.51977,32.10516],[73.51967,32.10512],[73.51949,32.10518],[73.51953,32.10524],[73.51977,32.10516]]]]}},{"type":"Feature","properties":{"lu":"Water Body","ct":"Existing","a":0.79},"geometry":{"type":"MultiPolygon","coordinates":[[[[73.74049,32.11837],[73.74056,32.11821],[73.7392,32.11776],[73.73839,32.11936],[73.7385,32.11925],[73.7391,32.11802],[73.73921,32.11794],[73.74049,32.11837]]]]}},{"type":"Feature","properties":{"lu":"Water Body","ct":"Existing","a":2.266},"geometry":{"type":"MultiPolygon","coordinates":[[[[73.73636,32.11829],[73.72736,32.11117],[73.72729,32.11123],[73.73715,32.11901],[73.73747,32.11925],[73.73751,32.1192],[73.73636,32.11829]]]]}},{"type":"Feature","properties":{"lu":"Water Body","ct":"Existing","a":1.047},"geometry":{"type":"MultiPolygon","coordinates":[[[[73.46202,32.12958],[73.45684,32.12949],[73.45683,32.12956],[73.46007,32.12965],[73.46194,32.12965],[73.46202,32.12958]]]]}},{"type":"Feature","properties":{"lu":"Water Body","ct":"Existing","a":0.157},"geometry":{"type":"MultiPolygon","coordinates":[[[[73.78012,32.13283],[73.77997,32.13272],[73.77974,32.13295],[73.77987,32.13308],[73.78012,32.13283]]]]}},{"type":"Feature","properties":{"lu":"Water Body","ct":"Existing","a":0.45},"geometry":{"type":"MultiPolygon","coordinates":[[[[73.71409,32.14495],[73.71747,32.1425],[73.71824,32.14184],[73.714,32.145],[73.71409,32.14495]]]]}},{"type":"Feature","properties":{"lu":"Water Body","ct":"Existing","a":0.01},"geometry":{"type":"MultiPolygon","coordinates":[[[[73.36828,32.13176],[73.3683,32.13168],[73.36822,32.13177],[73.36828,32.13176]]]]}},{"type":"Feature","properties":{"lu":"Water Body","ct":"Existing","a":0.627},"geometry":{"type":"MultiPolygon","coordinates":[[[[73.72204,32.15943],[73.72067,32.15896],[73.72061,32.15912],[73.72197,32.15958],[73.72204,32.15943]]]]}},{"type":"Feature","properties":{"lu":"Water Body","ct":"Existing","a":0.292},"geometry":{"type":"MultiPolygon","coordinates":[[[[73.71935,32.1566],[73.72047,32.15816],[73.7205,32.15802],[73.71935,32.1566]]]]}},{"type":"Feature","properties":{"lu":"Water Body","ct":"Existing","a":0.013},"geometry":{"type":"MultiPolygon","coordinates":[[[[73.55004,32.13668],[73.55013,32.13665],[73.54996,32.13666],[73.55004,32.13668]]]]}},{"type":"Feature","properties":{"lu":"Water Body","ct":"Existing","a":6.861},"geometry":{"type":"MultiPolygon","coordinates":[[[[73.52156,32.15423],[73.52383,32.1539],[73.53172,32.15305],[73.53247,32.15281],[73.53323,32.15244],[73.53357,32.15216],[73.53205,32.15286],[73.53134,32.15304],[73.52357,32.15386],[73.5233,32.15395],[73.51934,32.15439],[73.51799,32.15467],[73.51711,32.15503],[73.51873,32.15461],[73.52156,32.15423]]],[[[73.51632,32.15536],[73.511,32.15762],[73.50926,32.15784],[73.50869,32.15784],[73.4972,32.15645],[73.49714,32.15645],[73.49711,32.15657],[73.50926,32.15795],[73.5104,32.15782],[73.5112,32.15764],[73.51632,32.15536]]]]}},{"type":"Feature","properties":{"lu":"Water Body","ct":"Existing","a":0.004},"geometry":{"type":"MultiPolygon","coordinates":[[[[73.64088,32.13503],[73.64089,32.13502],[73.64091,32.13502],[73.64091,32.13501],[73.64081,32.13502],[73.6408,32.13503],[73.64088,32.13503]]]]}},{"type":"Feature","properties":{"lu":"Water Body","ct":"Existing","a":4.351},"geometry":{"type":"MultiPolygon","coordinates":[[[[73.61428,32.12967],[73.61426,32.12974],[73.61445,32.12978],[73.61449,32.12967],[73.61428,32.12967]]],[[[73.615,32.12991],[73.63743,32.13457],[73.63996,32.13495],[73.63859,32.13474],[73.61531,32.1299],[73.61475,32.12985],[73.615,32.12991]]],[[[73.64064,32.13502],[73.64073,32.13504],[73.6408,32.13503],[73.64081,32.13502],[73.64064,32.13502]]],[[[73.55766,32.13385],[73.55618,32.13446],[73.55005,32.13663],[73.55146,32.1362],[73.5578,32.13387],[73.55766,32.13385]]]]}},{"type":"Feature","properties":{"lu":"Water Body","ct":"Existing","a":0.028},"geometry":{"type":"MultiPolygon","coordinates":[[[[73.615,32.12991],[73.61492,32.12989],[73.61489,32.13002],[73.61497,32.13003],[73.615,32.12991]]]]}},{"type":"Feature","properties":{"lu":"Water Body","ct":"Existing","a":0.039},"geometry":{"type":"MultiPolygon","coordinates":[[[[73.60388,32.10428],[73.60385,32.10421],[73.60367,32.10427],[73.6037,32.10435],[73.60388,32.10428]]]]}},{"type":"Feature","properties":{"lu":"Water Body","ct":"Existing","a":0.0},"geometry":{"type":"MultiPolygon","coordinates":[[[[73.721591,32.160439],[73.721588,32.160443],[73.721589,32.160444],[73.721591,32.160439]]]]}},{"type":"Feature","properties":{"lu":"Water Body","ct":"Existing","a":11.243},"geometry":{"type":"MultiPolygon","coordinates":[[[[73.56027,32.15788],[73.55602,32.15752],[73.55457,32.15828],[73.5546,32.15835],[73.5563,32.15756],[73.56391,32.1585],[73.56844,32.15919],[73.5687,32.1593],[73.56905,32.15928],[73.56027,32.15788]]],[[[73.55095,32.16017],[73.55222,32.15951],[73.55061,32.16024],[73.55095,32.16017]]],[[[73.57212,32.15961],[73.57329,32.15981],[73.57319,32.15985],[73.57341,32.15987],[73.57339,32.15982],[73.57666,32.16034],[73.583,32.16116],[73.57195,32.15943],[73.56999,32.15936],[73.57212,32.15961]]],[[[73.5492,32.16028],[73.54977,32.16025],[73.54831,32.1602],[73.54831,32.16034],[73.5492,32.16028]]],[[[73.59748,32.16142],[73.59216,32.16229],[73.59784,32.16143],[73.59748,32.16142]]],[[[73.59165,32.16232],[73.59028,32.16214],[73.59137,32.16233],[73.59165,32.16232]]],[[[73.60284,32.16202],[73.60991,32.16295],[73.61141,32.16353],[73.61009,32.16294],[73.6089,32.16274],[73.59943,32.16148],[73.59833,32.16144],[73.60284,32.16202]]],[[[73.61735,32.16626],[73.61749,32.16627],[73.61395,32.16468],[73.61735,32.16626]]]]}},{"type":"Feature","properties":{"lu":"Water Body","ct":"Existing","a":0.521},"geometry":{"type":"MultiPolygon","coordinates":[[[[73.75227,32.13862],[73.75241,32.13871],[73.75233,32.139],[73.75252,32.13905],[73.75261,32.13872],[73.75227,32.13862]]],[[[73.77033,32.13944],[73.76973,32.13967],[73.77142,32.13907],[73.77033,32.13944]]],[[[73.76857,32.13998],[73.76894,32.13989],[73.76878,32.13992],[73.76857,32.13998]]],[[[73.76695,32.14037],[73.76705,32.14066],[73.76724,32.14063],[73.76715,32.14035],[73.76695,32.14037]]]]}},{"type":"Feature","properties":{"lu":"Water Body","ct":"Existing","a":1.309},"geometry":{"type":"MultiPolygon","coordinates":[[[[73.75287,32.15212],[73.75286,32.15229],[73.75662,32.15526],[73.75305,32.15237],[73.75306,32.15226],[73.75287,32.15212]]],[[[73.76484,32.16057],[73.76484,32.16068],[73.75773,32.15612],[73.76503,32.16086],[73.76503,32.16069],[73.76484,32.16057]]]]}},{"type":"Feature","properties":{"lu":"Water Body","ct":"Existing","a":0.264},"geometry":{"type":"MultiPolygon","coordinates":[[[[73.75331,32.12127],[73.75329,32.12107],[73.75552,32.12026],[73.7531,32.12112],[73.75313,32.12133],[73.75331,32.12127]]]]}},{"type":"Feature","properties":{"lu":"Water Body","ct":"Existing","a":0.436},"geometry":{"type":"MultiPolygon","coordinates":[[[[73.76801,32.14502],[73.76745,32.14512],[73.76826,32.14501],[73.7685,32.14491],[73.76801,32.14502]]],[[[73.76569,32.14531],[73.76485,32.14542],[73.76491,32.14559],[73.76512,32.14559],[73.76507,32.14547],[73.7669,32.1452],[73.76569,32.14531]]],[[[73.75234,32.14562],[73.75254,32.14565],[73.75251,32.14549],[73.75232,32.14547],[73.75234,32.14562]]]]}},{"type":"Feature","properties":{"lu":"Water Body","ct":"Existing","a":0.844},"geometry":{"type":"MultiPolygon","coordinates":[[[[73.76049,32.11557],[73.75963,32.11589],[73.75971,32.11605],[73.76057,32.11572],[73.76049,32.11557]]],[[[73.7722,32.1382],[73.77127,32.13852],[73.7715,32.13899],[73.77137,32.13867],[73.77228,32.13835],[73.7722,32.1382]]]]}},{"type":"Feature","properties":{"lu":"Water Body","ct":"Existing","a":0.118},"geometry":{"type":"MultiPolygon","coordinates":[[[[73.50307,32.18331],[73.50282,32.18321],[73.50273,32.18337],[73.50298,32.18346],[73.50307,32.18331]]]]}},{"type":"Feature","properties":{"lu":"Water Body","ct":"Existing","a":0.924},"geometry":{"type":"MultiPolygon","coordinates":[[[[73.74985,32.18282],[73.74983,32.18275],[73.74629,32.18356],[73.74985,32.18282]]],[[[73.74293,32.18419],[73.74083,32.18461],[73.74488,32.18385],[73.74293,32.18419]]]]}},{"type":"Feature","properties":{"lu":"Water Body","ct":"Existing","a":0.518},"geometry":{"type":"MultiPolygon","coordinates":[[[[73.59366,32.20486],[73.59364,32.2049],[73.60352,32.20848],[73.60287,32.20823],[73.60031,32.2073],[73.59732,32.20621],[73.59446,32.20515],[73.59366,32.20486]]]]}},{"type":"Feature","properties":{"lu":"Water Body","ct":"Existing","a":0.462},"geometry":{"type":"MultiPolygon","coordinates":[[[[73.41357,32.12816],[73.41338,32.12819],[73.41337,32.12837],[73.41356,32.12834],[73.41357,32.12816]]],[[[73.41539,32.14102],[73.41556,32.14111],[73.41562,32.14101],[73.41546,32.14093],[73.41539,32.14102]]],[[[73.41747,32.143],[73.4174,32.14294],[73.41739,32.14293],[73.41738,32.14293],[73.41739,32.14293],[73.41745,32.14299],[73.41747,32.143]]],[[[73.44311,32.14939],[73.44317,32.14955],[73.44356,32.14948],[73.44348,32.14933],[73.44311,32.14939]]],[[[73.47279,32.16963],[73.47267,32.16959],[73.47293,32.16969],[73.47307,32.16949],[73.47279,32.16963]]],[[[73.45317,32.17742],[73.45296,32.17746],[73.45305,32.17764],[73.45326,32.17754],[73.45317,32.17742]]]]}},{"type":"Feature","properties":{"lu":"Water Body","ct":"Existing","a":0.041},"geometry":{"type":"MultiPolygon","coordinates":[[[[73.48549,32.155],[73.48529,32.15499],[73.48528,32.15506],[73.48547,32.15509],[73.48549,32.155]]]]}},{"type":"Feature","properties":{"lu":"Water Body","ct":"Existing","a":0.069},"geometry":{"type":"MultiPolygon","coordinates":[[[[73.67467,32.24771],[73.67449,32.24765],[73.67441,32.24777],[73.67459,32.24783],[73.67467,32.24771]]]]}},{"type":"Feature","properties":{"lu":"Water Body","ct":"Existing","a":0.01},"geometry":{"type":"MultiPolygon","coordinates":[[[[73.5145,31.87114],[73.51432,31.8709],[73.51427,31.87084],[73.51426,31.87084],[73.51449,31.87114],[73.5145,31.87114]]]]}},{"type":"Feature","properties":{"lu":"Water Body","ct":"Existing","a":0.043},"geometry":{"type":"MultiPolygon","coordinates":[[[[73.50051,31.85297],[73.50046,31.85297],[73.50073,31.85331],[73.50077,31.85331],[73.50066,31.85315],[73.50051,31.85297]]]]}},{"type":"Feature","properties":{"lu":"Water Body","ct":"Existing","a":0.114},"geometry":{"type":"MultiPolygon","coordinates":[[[[73.509,31.85408],[73.50886,31.85407],[73.50884,31.8544],[73.50896,31.85441],[73.509,31.85408]]]]}},{"type":"Feature","properties":{"lu":"Water Body","ct":"Existing","a":0.164},"geometry":{"type":"MultiPolygon","coordinates":[[[[73.52926,31.8669],[73.52881,31.86673],[73.52864,31.8668],[73.5291,31.86697],[73.52926,31.8669]]]]}},{"type":"Feature","properties":{"lu":"Water Body","ct":"Existing","a":0.023},"geometry":{"type":"MultiPolygon","coordinates":[[[[73.5002,31.85297],[73.50016,31.85297],[73.50037,31.85322],[73.50043,31.8533],[73.50045,31.8533],[73.5002,31.85297]]]]}},{"type":"Feature","properties":{"lu":"Water Body","ct":"Existing","a":0.004},"geometry":{"type":"MultiPolygon","coordinates":[[[[73.50016,31.85297],[73.50043,31.8533],[73.50037,31.85322],[73.50016,31.85297]]]]}},{"type":"Feature","properties":{"lu":"Water Body","ct":"Existing","a":0.127},"geometry":{"type":"MultiPolygon","coordinates":[[[[73.51449,31.87114],[73.51426,31.87084],[73.51411,31.87086],[73.51435,31.87116],[73.51449,31.87114]]]]}},{"type":"Feature","properties":{"lu":"Water Body","ct":"Existing","a":0.025},"geometry":{"type":"MultiPolygon","coordinates":[[[[73.51412,31.87119],[73.51387,31.8709],[73.51385,31.8709],[73.51408,31.8712],[73.51412,31.87119]]]]}},{"type":"Feature","properties":{"lu":"Water Body","ct":"Existing","a":0.34},"geometry":{"type":"MultiPolygon","coordinates":[[[[73.50043,31.8533],[73.50016,31.85297],[73.49977,31.85298],[73.50002,31.8533],[73.50043,31.8533]]]]}},{"type":"Feature","properties":{"lu":"Water Body","ct":"Existing","a":0.202},"geometry":{"type":"MultiPolygon","coordinates":[[[[73.51435,31.87116],[73.51411,31.87086],[73.51387,31.8709],[73.51412,31.87119],[73.51435,31.87116]]]]}},{"type":"Feature","properties":{"lu":"Water Body","ct":"Existing","a":0.039},"geometry":{"type":"MultiPolygon","coordinates":[[[[73.47173,31.86241],[73.47155,31.86234],[73.47133,31.86224],[73.47129,31.86226],[73.47169,31.86243],[73.47172,31.86242],[73.47173,31.86241]]]]}},{"type":"Feature","properties":{"lu":"Water Body","ct":"Existing","a":0.042},"geometry":{"type":"MultiPolygon","coordinates":[[[[73.48829,31.87464],[73.48805,31.87434],[73.488,31.87435],[73.48824,31.87465],[73.48829,31.87464]]]]}},{"type":"Feature","properties":{"lu":"Water Body","ct":"Existing","a":0.009},"geometry":{"type":"MultiPolygon","coordinates":[[[[73.69785,32.04843],[73.69754,32.04806],[73.69794,32.04853],[73.69785,32.04843]]]]}},{"type":"Feature","properties":{"lu":"Vacant Area","ct":"Existing","a":0.467},"geometry":{"type":"MultiPolygon","coordinates":[[[[73.67924,32.04934],[73.67918,32.04922],[73.67881,32.04925],[73.67875,32.049],[73.67842,32.04902],[73.67846,32.04939],[73.67924,32.04934]]]]}},{"type":"Feature","properties":{"lu":"Vacant Area","ct":"Existing","a":0.572},"geometry":{"type":"MultiPolygon","coordinates":[[[[73.67834,32.04868],[73.67803,32.04872],[73.67811,32.04942],[73.67842,32.0494],[73.67834,32.04868]]]]}},{"type":"Feature","properties":{"lu":"Vacant Area","ct":"Existing","a":0.823},"geometry":{"type":"MultiPolygon","coordinates":[[[[73.68014,32.04956],[73.68004,32.0492],[73.68045,32.04904],[73.68044,32.04897],[73.67951,32.04911],[73.67968,32.04963],[73.68014,32.04956]]]]}},{"type":"Feature","properties":{"lu":"Vacant Area","ct":"Existing","a":0.493},"geometry":{"type":"MultiPolygon","coordinates":[[[[73.67848,32.05001],[73.67842,32.04943],[73.67811,32.04946],[73.67816,32.05004],[73.67848,32.05001]]]]}},{"type":"Feature","properties":{"lu":"Vacant Area","ct":"Existing","a":0.662},"geometry":{"type":"MultiPolygon","coordinates":[[[[73.6785,32.05016],[73.67847,32.05006],[73.67756,32.05011],[73.67757,32.05037],[73.6785,32.05032],[73.6785,32.05016]]]]}},{"type":"Feature","properties":{"lu":"Vacant Area","ct":"Existing","a":2.3},"geometry":{"type":"MultiPolygon","coordinates":[[[[73.67859,32.05069],[73.67857,32.05037],[73.67745,32.05042],[73.67745,32.05036],[73.67754,32.05036],[73.67754,32.05011],[73.67742,32.05008],[73.67812,32.05005],[73.67807,32.04946],[73.6772,32.04952],[73.67735,32.05069],[73.6785,32.05063],[73.67854,32.05049],[73.67859,32.05069]]]]}},{"type":"Feature","properties":{"lu":"Vacant Area","ct":"Existing","a":0.701},"geometry":{"type":"MultiPolygon","coordinates":[[[[73.67854,32.05093],[73.67851,32.05067],[73.67754,32.05071],[73.67756,32.051],[73.67854,32.05093]]]]}},{"type":"Feature","properties":{"lu":"Vacant Area","ct":"Existing","a":0.107},"geometry":{"type":"MultiPolygon","coordinates":[[[[73.67735,32.05072],[73.67734,32.05101],[73.67751,32.051],[73.67749,32.05071],[73.67735,32.05072]]]]}},{"type":"Feature","properties":{"lu":"Vacant Area","ct":"Existing","a":0.675},"geometry":{"type":"MultiPolygon","coordinates":[[[[73.67966,32.05115],[73.67958,32.05071],[73.67927,32.05074],[73.6793,32.05104],[73.67923,32.05074],[73.67893,32.05078],[73.67896,32.05116],[73.67966,32.05115]]]]}},{"type":"Feature","properties":{"lu":"Vacant Area","ct":"Existing","a":1.576},"geometry":{"type":"MultiPolygon","coordinates":[[[[73.68007,32.05143],[73.68003,32.05124],[73.67979,32.05127],[73.67976,32.05115],[73.67762,32.05127],[73.67764,32.05155],[73.6788,32.05149],[73.67893,32.05137],[73.67953,32.05135],[73.67956,32.05147],[73.68007,32.05143]]]]}},{"type":"Feature","properties":{"lu":"Vacant Area","ct":"Existing","a":0.348},"geometry":{"type":"MultiPolygon","coordinates":[[[[73.66903,32.05118],[73.66871,32.0512],[73.66873,32.0516],[73.66907,32.05159],[73.66903,32.05118]]]]}},{"type":"Feature","properties":{"lu":"Vacant Area","ct":"Existing","a":1.524},"geometry":{"type":"MultiPolygon","coordinates":[[[[73.68,32.05183],[73.67998,32.05162],[73.68011,32.05159],[73.6801,32.05145],[73.67954,32.05153],[73.67946,32.05139],[73.67894,32.05142],[73.67887,32.05151],[73.67855,32.05154],[73.67857,32.0519],[73.68,32.05183]]]]}},{"type":"Feature","properties":{"lu":"Vacant Area","ct":"Existing","a":1.092},"geometry":{"type":"MultiPolygon","coordinates":[[[[73.68015,32.05236],[73.68011,32.05184],[73.6789,32.05193],[73.67892,32.05224],[73.67981,32.05214],[73.67984,32.05238],[73.68015,32.05236]]]]}},{"type":"Feature","properties":{"lu":"Vacant Area","ct":"Existing","a":0.458},"geometry":{"type":"MultiPolygon","coordinates":[[[[73.67094,32.0525],[73.67058,32.05248],[73.67062,32.05297],[73.67097,32.05296],[73.67094,32.0525]]]]}},{"type":"Feature","properties":{"lu":"Vacant Area","ct":"Existing","a":0.523},"geometry":{"type":"MultiPolygon","coordinates":[[[[73.67053,32.05239],[73.6702,32.05239],[73.67026,32.05299],[73.67059,32.05298],[73.67053,32.05239]]]]}},{"type":"Feature","properties":{"lu":"Vacant Area","ct":"Existing","a":0.537},"geometry":{"type":"MultiPolygon","coordinates":[[[[73.67019,32.05255],[73.67017,32.05239],[73.66984,32.05241],[73.66988,32.05302],[73.67023,32.053],[73.67019,32.05255]]]]}},{"type":"Feature","properties":{"lu":"Vacant Area","ct":"Existing","a":1.847},"geometry":{"type":"MultiPolygon","coordinates":[[[[73.67978,32.05221],[73.67892,32.05227],[73.67896,32.05318],[73.67913,32.05317],[73.67912,32.05302],[73.67984,32.05298],[73.67978,32.05221]]]]}},{"type":"Feature","properties":{"lu":"Vacant Area","ct":"Existing","a":0.454},"geometry":{"type":"MultiPolygon","coordinates":[[[[73.67983,32.05312],[73.67984,32.05301],[73.67918,32.05305],[73.67918,32.05331],[73.67984,32.05328],[73.67983,32.05312]]]]}},{"type":"Feature","properties":{"lu":"Vacant Area","ct":"Existing","a":0.496},"geometry":{"type":"MultiPolygon","coordinates":[[[[73.67157,32.05311],[73.67156,32.05297],[73.67133,32.05299],[73.67135,32.05374],[73.67162,32.05373],[73.67157,32.05311]]]]}},{"type":"Feature","properties":{"lu":"Vacant Area","ct":"Existing","a":0.5},"geometry":{"type":"MultiPolygon","coordinates":[[[[73.67132,32.05374],[73.67126,32.05299],[73.67101,32.05301],[73.67106,32.05376],[73.67132,32.05374]]]]}},{"type":"Feature","properties":{"lu":"Vacant Area","ct":"Existing","a":0.678},"geometry":{"type":"MultiPolygon","coordinates":[[[[73.671,32.05337],[73.67097,32.05301],[73.67063,32.05302],[73.67069,32.05378],[73.67103,32.05376],[73.671,32.05337]]]]}},{"type":"Feature","properties":{"lu":"Vacant Area","ct":"Existing","a":0.661},"geometry":{"type":"MultiPolygon","coordinates":[[[[73.6706,32.05312],[73.67059,32.05303],[73.67026,32.05304],[73.67032,32.0538],[73.67066,32.05378],[73.6706,32.05312]]]]}},{"type":"Feature","properties":{"lu":"Vacant Area","ct":"Existing","a":0.678},"geometry":{"type":"MultiPolygon","coordinates":[[[[73.67028,32.05381],[73.67023,32.05304],[73.66989,32.05305],[73.66995,32.05383],[73.67028,32.05381]]]]}},{"type":"Feature","properties":{"lu":"Vacant Area","ct":"Existing","a":0.521},"geometry":{"type":"MultiPolygon","coordinates":[[[[73.66991,32.05383],[73.66985,32.05305],[73.66957,32.05306],[73.66967,32.05384],[73.66991,32.05383]]]]}},{"type":"Feature","properties":{"lu":"Vacant Area","ct":"Existing","a":0.629},"geometry":{"type":"MultiPolygon","coordinates":[[[[73.66964,32.05384],[73.66954,32.05307],[73.66923,32.05309],[73.66932,32.05385],[73.66964,32.05384]]]]}},{"type":"Feature","properties":{"lu":"Vacant Area","ct":"Existing","a":0.616},"geometry":{"type":"MultiPolygon","coordinates":[[[[73.66928,32.05385],[73.66919,32.05309],[73.66888,32.05311],[73.66897,32.05388],[73.66928,32.05385]]]]}},{"type":"Feature","properties":{"lu":"Vacant Area","ct":"Existing","a":0.667},"geometry":{"type":"MultiPolygon","coordinates":[[[[73.66888,32.05344],[73.66883,32.05312],[73.66851,32.05314],[73.6686,32.05391],[73.66894,32.05388],[73.66888,32.05344]]]]}},{"type":"Feature","properties":{"lu":"Vacant Area","ct":"Existing","a":0.632},"geometry":{"type":"MultiPolygon","coordinates":[[[[73.66779,32.05337],[73.66777,32.05319],[73.66745,32.05321],[73.66753,32.05398],[73.66783,32.05395],[73.66779,32.05337]]]]}},{"type":"Feature","properties":{"lu":"Vacant Area","ct":"Existing","a":1.536},"geometry":{"type":"MultiPolygon","coordinates":[[[[73.67988,32.05401],[73.67984,32.05331],[73.67915,32.05334],[73.67913,32.05321],[73.67896,32.05322],[73.67899,32.05393],[73.67988,32.05401]]]]}},{"type":"Feature","properties":{"lu":"Vacant Area","ct":"Existing","a":0.317},"geometry":{"type":"MultiPolygon","coordinates":[[[[73.68023,32.05402],[73.68021,32.05362],[73.6799,32.05364],[73.67991,32.05401],[73.68023,32.05402]]]]}},{"type":"Feature","properties":{"lu":"Vacant Area","ct":"Existing","a":3.798},"geometry":{"type":"MultiPolygon","coordinates":[[[[73.68017,32.05205],[73.68027,32.05402],[73.6816,32.05409],[73.68127,32.05337],[73.68109,32.05341],[73.68054,32.05232],[73.68035,32.05235],[73.68032,32.05203],[73.68017,32.05205]]]]}},{"type":"Feature","properties":{"lu":"Vacant Area","ct":"Existing","a":0.886},"geometry":{"type":"MultiPolygon","coordinates":[[[[73.66905,32.05428],[73.66801,32.05438],[73.66803,32.05467],[73.66914,32.05458],[73.66905,32.05428]]]]}},{"type":"Feature","properties":{"lu":"Vacant Area","ct":"Existing","a":1.163},"geometry":{"type":"MultiPolygon","coordinates":[[[[73.67912,32.05434],[73.6791,32.05399],[73.67806,32.05393],[73.67808,32.05429],[73.67837,32.05428],[73.67838,32.0545],[73.67912,32.05434]]]]}},{"type":"Feature","properties":{"lu":"Vacant Area","ct":"Existing","a":0.53},"geometry":{"type":"MultiPolygon","coordinates":[[[[73.68793,32.05467],[73.6874,32.0547],[73.68731,32.05505],[73.68798,32.05501],[73.68793,32.05467]]]]}},{"type":"Feature","properties":{"lu":"Vacant Area","ct":"Existing","a":0.905},"geometry":{"type":"MultiPolygon","coordinates":[[[[73.66921,32.05528],[73.66918,32.05497],[73.66806,32.05504],[73.66808,32.05535],[73.66921,32.05528]]]]}},{"type":"Feature","properties":{"lu":"Vacant Area","ct":"Existing","a":1.163},"geometry":{"type":"MultiPolygon","coordinates":[[[[73.66796,32.05448],[73.66795,32.05439],[73.66749,32.05441],[73.66758,32.05539],[73.66802,32.05537],[73.66796,32.05448]]]]}},{"type":"Feature","properties":{"lu":"Vacant Area","ct":"Existing","a":1.016},"geometry":{"type":"MultiPolygon","coordinates":[[[[73.68145,32.05535],[73.68142,32.05498],[73.68038,32.05502],[73.68043,32.05541],[73.68145,32.05535]]]]}},{"type":"Feature","properties":{"lu":"Vacant Area","ct":"Existing","a":0.952},"geometry":{"type":"MultiPolygon","coordinates":[[[[73.6675,32.05498],[73.66746,32.05441],[73.6671,32.05443],[73.66717,32.05542],[73.66754,32.0554],[73.6675,32.05498]]]]}},{"type":"Feature","properties":{"lu":"Vacant Area","ct":"Existing","a":0.898},"geometry":{"type":"MultiPolygon","coordinates":[[[[73.66922,32.05539],[73.66922,32.05532],[73.66808,32.05538],[73.66811,32.05569],[73.66925,32.05561],[73.66922,32.05539]]]]}},{"type":"Feature","properties":{"lu":"Vacant Area","ct":"Existing","a":0.615},"geometry":{"type":"MultiPolygon","coordinates":[[[[73.6813,32.05567],[73.68128,32.05539],[73.68048,32.05543],[73.68045,32.05549],[73.68046,32.05572],[73.6813,32.05567]]]]}},{"type":"Feature","properties":{"lu":"Vacant Area","ct":"Existing","a":0.718},"geometry":{"type":"MultiPolygon","coordinates":[[[[73.68148,32.05598],[73.68145,32.05569],[73.68049,32.05575],[73.6805,32.05602],[73.68148,32.05598]]]]}},{"type":"Feature","properties":{"lu":"Vacant Area","ct":"Existing","a":0.753},"geometry":{"type":"MultiPolygon","coordinates":[[[[73.68779,32.05584],[73.68776,32.05562],[73.68726,32.05565],[73.68733,32.05623],[73.68782,32.0562],[73.68779,32.05584]]]]}},{"type":"Feature","properties":{"lu":"Vacant Area","ct":"Existing","a":0.474},"geometry":{"type":"MultiPolygon","coordinates":[[[[73.6775,32.05574],[73.67688,32.05608],[73.67688,32.05622],[73.67755,32.05617],[73.6775,32.05574]]]]}},{"type":"Feature","properties":{"lu":"Vacant Area","ct":"Existing","a":0.357},"geometry":{"type":"MultiPolygon","coordinates":[[[[73.6809,32.05638],[73.68088,32.05604],[73.68049,32.05604],[73.68052,32.05641],[73.6809,32.05638]]]]}},{"type":"Feature","properties":{"lu":"Vacant Area","ct":"Existing","a":0.41},"geometry":{"type":"MultiPolygon","coordinates":[[[[73.68354,32.05633],[73.68353,32.0562],[73.68302,32.05625],[73.68312,32.05657],[73.68357,32.05653],[73.68354,32.05633]]]]}},{"type":"Feature","properties":{"lu":"Vacant Area","ct":"Existing","a":1.12},"geometry":{"type":"MultiPolygon","coordinates":[[[[73.66803,32.05554],[73.66802,32.0554],[73.66758,32.05544],[73.66769,32.05662],[73.66798,32.05633],[73.66796,32.05617],[73.66807,32.05605],[73.66803,32.05554]]]]}},{"type":"Feature","properties":{"lu":"Vacant Area","ct":"Existing","a":1.115},"geometry":{"type":"MultiPolygon","coordinates":[[[[73.67702,32.05667],[73.67759,32.05664],[73.67755,32.05621],[73.67655,32.05629],[73.67658,32.05672],[73.67702,32.05667]]]]}},{"type":"Feature","properties":{"lu":"Vacant Area","ct":"Existing","a":0.522},"geometry":{"type":"MultiPolygon","coordinates":[[[[73.6877,32.05643],[73.68767,32.05623],[73.68733,32.05627],[73.6874,32.05684],[73.68775,32.05681],[73.6877,32.05643]]]]}},{"type":"Feature","properties":{"lu":"Vacant Area","ct":"Existing","a":0.77},"geometry":{"type":"MultiPolygon","coordinates":[[[[73.66857,32.05623],[73.66844,32.05605],[73.6682,32.05609],[73.66828,32.05621],[73.66823,32.05635],[73.66868,32.05693],[73.66898,32.05678],[73.66857,32.05623]]]]}},{"type":"Feature","properties":{"lu":"Vacant Area","ct":"Existing","a":0.457},"geometry":{"type":"MultiPolygon","coordinates":[[[[73.66642,32.05667],[73.66641,32.05658],[73.66572,32.05663],[73.66645,32.05709],[73.66642,32.05667]]]]}},{"type":"Feature","properties":{"lu":"Vacant Area","ct":"Existing","a":0.621},"geometry":{"type":"MultiPolygon","coordinates":[[[[73.66792,32.0566],[73.66786,32.05653],[73.6676,32.05679],[73.66799,32.05728],[73.66831,32.05712],[73.66792,32.0566]]]]}},{"type":"Feature","properties":{"lu":"Vacant Area","ct":"Existing","a":1.685},"geometry":{"type":"MultiPolygon","coordinates":[[[[73.66717,32.056],[73.66712,32.05545],[73.66676,32.05549],[73.6669,32.05728],[73.66697,32.05733],[73.66726,32.05705],[73.66717,32.056]]]]}},{"type":"Feature","properties":{"lu":"Vacant Area","ct":"Existing","a":0.727},"geometry":{"type":"MultiPolygon","coordinates":[[[[73.68246,32.05694],[73.68247,32.05707],[73.68212,32.0571],[73.68213,32.05733],[73.68307,32.05727],[73.68297,32.05692],[73.68246,32.05694]]]]}},{"type":"Feature","properties":{"lu":"Vacant Area","ct":"Existing","a":1.043},"geometry":{"type":"MultiPolygon","coordinates":[[[[73.6669,32.0575],[73.66717,32.05766],[73.66794,32.0573],[73.66757,32.05682],[73.6669,32.0575]]]]}},{"type":"Feature","properties":{"lu":"Vacant Area","ct":"Existing","a":5.952},"geometry":{"type":"MultiPolygon","coordinates":[[[[73.6703,32.05741],[73.67025,32.05707],[73.67002,32.05708],[73.66996,32.05695],[73.67044,32.05672],[73.67026,32.05647],[73.66984,32.05667],[73.66982,32.05662],[73.67022,32.05642],[73.67011,32.05626],[73.66924,32.0567],[73.66941,32.05697],[73.66871,32.05733],[73.66854,32.05707],[73.66761,32.05753],[73.66815,32.05826],[73.6703,32.05741]]]]}},{"type":"Feature","properties":{"lu":"Vacant Area","ct":"Existing","a":4.138},"geometry":{"type":"MultiPolygon","coordinates":[[[[73.68042,32.05556],[73.68038,32.0552],[73.68016,32.0552],[73.6802,32.05564],[73.68042,32.05563],[73.68042,32.05556]]],[[[73.68155,32.05751],[73.68154,32.05736],[73.68139,32.05737],[73.68062,32.05743],[73.6806,32.05756],[73.68043,32.0557],[73.68021,32.05571],[73.68037,32.05766],[73.68059,32.05842],[73.68067,32.05848],[73.68109,32.05841],[73.68084,32.05757],[73.68093,32.05754],[73.68113,32.0584],[73.6815,32.05834],[73.6813,32.05752],[73.68136,32.05752],[73.68155,32.05833],[73.68174,32.05829],[73.68163,32.0575],[73.68155,32.05751]]]]}},{"type":"Feature","properties":{"lu":"Vacant Area","ct":"Existing","a":3.542},"geometry":{"type":"MultiPolygon","coordinates":[[[[73.68004,32.05545],[73.67979,32.05547],[73.67979,32.05528],[73.67958,32.05525],[73.67979,32.05754],[73.68005,32.05859],[73.68046,32.05848],[73.68027,32.05777],[73.68004,32.05545]]]]}},{"type":"Feature","properties":{"lu":"Vacant Area","ct":"Existing","a":0.207},"geometry":{"type":"MultiPolygon","coordinates":[[[[73.68,32.05853],[73.67996,32.0584],[73.67954,32.05848],[73.67959,32.05866],[73.68001,32.05859],[73.68,32.05853]]]]}},{"type":"Feature","properties":{"lu":"Vacant Area","ct":"Existing","a":0.46},"geometry":{"type":"MultiPolygon","coordinates":[[[[73.68117,32.05876],[73.68112,32.05851],[73.68063,32.05859],[73.68071,32.05895],[73.68119,32.05885],[73.68117,32.05876]]]]}},{"type":"Feature","properties":{"lu":"Vacant Area","ct":"Existing","a":0.644},"geometry":{"type":"MultiPolygon","coordinates":[[[[73.68069,32.05911],[73.68056,32.05861],[73.6801,32.05869],[73.68025,32.05921],[73.68069,32.05911]]]]}},{"type":"Feature","properties":{"lu":"Vacant Area","ct":"Existing","a":4.39},"geometry":{"type":"MultiPolygon","coordinates":[[[[73.68217,32.05956],[73.68211,32.05945],[73.68205,32.05948],[73.68176,32.0584],[73.68158,32.05843],[73.68185,32.05958],[73.6818,32.0596],[73.68153,32.05844],[73.68117,32.0585],[73.68145,32.05969],[73.68121,32.05891],[73.68074,32.05899],[73.68096,32.05987],[73.68091,32.05989],[73.68071,32.05917],[73.68026,32.05927],[73.68048,32.06023],[73.68217,32.05956]]]]}},{"type":"Feature","properties":{"lu":"Vacant Area","ct":"Existing","a":4.367},"geometry":{"type":"MultiPolygon","coordinates":[[[[73.66544,32.05874],[73.66538,32.05865],[73.66434,32.05917],[73.66482,32.06034],[73.66571,32.06034],[73.66575,32.05926],[73.66544,32.05874]]]]}},{"type":"Feature","properties":{"lu":"Vacant Area","ct":"Existing","a":0.171},"geometry":{"type":"MultiPolygon","coordinates":[[[[73.6804,32.0603],[73.68032,32.05999],[73.68008,32.06004],[73.68028,32.06036],[73.6804,32.0603]]]]}},{"type":"Feature","properties":{"lu":"Vacant Area","ct":"Existing","a":15.178},"geometry":{"type":"MultiPolygon","coordinates":[[[[73.6869,32.0605],[73.68681,32.05992],[73.68663,32.05992],[73.68663,32.05958],[73.68642,32.05952],[73.68642,32.05943],[73.68655,32.05942],[73.68652,32.0592],[73.68639,32.05921],[73.68637,32.05878],[73.68613,32.05881],[73.68614,32.05867],[73.68623,32.05859],[73.68653,32.05859],[73.68648,32.05816],[73.68695,32.05815],[73.68702,32.05809],[73.68695,32.05756],[73.68677,32.05757],[73.68675,32.05772],[73.68667,32.05696],[73.68595,32.05703],[73.686,32.05742],[73.68579,32.05743],[73.68573,32.05705],[73.68524,32.05709],[73.68531,32.05764],[73.68487,32.0577],[73.68484,32.05758],[73.68444,32.05758],[73.68437,32.05716],[73.68383,32.05718],[73.68394,32.05779],[73.68373,32.05786],[73.68396,32.05849],[73.68411,32.05845],[73.68423,32.05868],[73.68433,32.05865],[73.68424,32.05843],[73.68459,32.05833],[73.68478,32.05896],[73.68499,32.05899],[73.68502,32.0591],[73.68521,32.05905],[73.68527,32.05917],[73.68537,32.05952],[73.68511,32.05953],[73.68518,32.05969],[73.6854,32.05957],[73.68545,32.05975],[73.68531,32.05979],[73.68535,32.05991],[73.68586,32.05978],[73.68589,32.05985],[73.68574,32.0599],[73.68588,32.06026],[73.68608,32.06022],[73.68615,32.06037],[73.68625,32.06037],[73.68625,32.06019],[73.68642,32.0602],[73.6865,32.06037],[73.6866,32.06037],[73.6866,32.06024],[73.68671,32.06024],[73.68674,32.06051],[73.6869,32.0605]]]]}},{"type":"Feature","properties":{"lu":"Vacant Area","ct":"Existing","a":2.224},"geometry":{"type":"MultiPolygon","coordinates":[[[[73.66254,32.06024],[73.66296,32.06005],[73.66232,32.06039],[73.66243,32.06056],[73.66307,32.06031],[73.66306,32.06021],[73.6636,32.06003],[73.66339,32.05966],[73.66312,32.0596],[73.66222,32.06009],[73.6619,32.0601],[73.66193,32.06041],[73.66211,32.06069],[73.6624,32.06057],[73.66228,32.06037],[73.66254,32.06024]]]]}},{"type":"Feature","properties":{"lu":"Vacant Area","ct":"Existing","a":0.692},"geometry":{"type":"MultiPolygon","coordinates":[[[[73.66188,32.0604],[73.66184,32.06011],[73.66151,32.06013],[73.66164,32.06086],[73.66208,32.0607],[73.66188,32.0604]]]]}},{"type":"Feature","properties":{"lu":"Vacant Area","ct":"Existing","a":1.739},"geometry":{"type":"MultiPolygon","coordinates":[[[[73.66098,32.06069],[73.66095,32.06016],[73.66,32.06022],[73.66005,32.06093],[73.66101,32.06086],[73.66098,32.06069]]]]}},{"type":"Feature","properties":{"lu":"Vacant Area","ct":"Existing","a":3.378},"geometry":{"type":"MultiPolygon","coordinates":[[[[73.66411,32.06025],[73.66476,32.06066],[73.66473,32.06028],[73.66427,32.05921],[73.66343,32.05964],[73.66412,32.06095],[73.6646,32.06081],[73.66473,32.06068],[73.66411,32.06025]]]]}},{"type":"Feature","properties":{"lu":"Vacant Area","ct":"Existing","a":0.663},"geometry":{"type":"MultiPolygon","coordinates":[[[[73.66599,32.06072],[73.66484,32.06073],[73.66541,32.06114],[73.66599,32.06072]]]]}},{"type":"Feature","properties":{"lu":"Vacant Area","ct":"Existing","a":0.659},"geometry":{"type":"MultiPolygon","coordinates":[[[[73.66103,32.06096],[73.66006,32.06098],[73.66008,32.06123],[73.66096,32.06119],[73.66106,32.06114],[73.66103,32.06096]]]]}},{"type":"Feature","properties":{"lu":"Vacant Area","ct":"Existing","a":0.131},"geometry":{"type":"MultiPolygon","coordinates":[[[[73.7021,32.0619],[73.70208,32.06175],[73.70178,32.06179],[73.70203,32.06202],[73.70212,32.06201],[73.7021,32.0619]]]]}},{"type":"Feature","properties":{"lu":"Vacant Area","ct":"Existing","a":0.497},"geometry":{"type":"MultiPolygon","coordinates":[[[[73.65988,32.06216],[73.65983,32.06159],[73.65949,32.06161],[73.65954,32.06218],[73.65988,32.06216]]]]}},{"type":"Feature","properties":{"lu":"Vacant Area","ct":"Existing","a":0.509},"geometry":{"type":"MultiPolygon","coordinates":[[[[73.6595,32.06219],[73.65945,32.06162],[73.65911,32.06164],[73.65915,32.06221],[73.6595,32.06219]]]]}},{"type":"Feature","properties":{"lu":"Vacant Area","ct":"Existing","a":7.079},"geometry":{"type":"MultiPolygon","coordinates":[[[[73.65789,32.0609],[73.65811,32.06107],[73.65815,32.06166],[73.65827,32.06166],[73.65829,32.0618],[73.65856,32.06179],[73.65859,32.06209],[73.65873,32.06208],[73.65874,32.06193],[73.65892,32.06192],[73.65893,32.06207],[73.65901,32.06206],[73.65903,32.06222],[73.65911,32.06221],[73.65906,32.06164],[73.65888,32.06161],[73.65968,32.06157],[73.65963,32.06082],[73.6597,32.06157],[73.66005,32.06155],[73.65994,32.06023],[73.65845,32.06033],[73.65789,32.0609]]]]}},{"type":"Feature","properties":{"lu":"Vacant Area","ct":"Existing","a":3.957},"geometry":{"type":"MultiPolygon","coordinates":[[[[73.70331,32.06175],[73.70218,32.06096],[73.7015,32.061],[73.70149,32.06111],[73.70132,32.06113],[73.70147,32.06165],[73.70176,32.06177],[73.70213,32.06172],[73.70221,32.06219],[73.70275,32.06237],[73.70298,32.06224],[73.70331,32.06175]]]]}},{"type":"Feature","properties":{"lu":"Vacant Area","ct":"Existing","a":1.15},"geometry":{"type":"MultiPolygon","coordinates":[[[[73.65822,32.06232],[73.65844,32.06259],[73.65983,32.06249],[73.65981,32.0622],[73.65822,32.06232]]]]}},{"type":"Feature","properties":{"lu":"Vacant Area","ct":"Existing","a":0.347},"geometry":{"type":"MultiPolygon","coordinates":[[[[73.70337,32.06171],[73.70319,32.06204],[73.70287,32.06237],[73.70307,32.06236],[73.70306,32.06217],[73.70363,32.0621],[73.70337,32.06171]]]]}},{"type":"Feature","properties":{"lu":"Vacant Area","ct":"Existing","a":0.058},"geometry":{"type":"MultiPolygon","coordinates":[[[[73.70231,32.06236],[73.70267,32.06237],[73.70224,32.06224],[73.70231,32.06236]]]]}},{"type":"Feature","properties":{"lu":"Vacant Area","ct":"Existing","a":8.429},"geometry":{"type":"MultiPolygon","coordinates":[[[[73.66307,32.06071],[73.66312,32.06083],[73.66204,32.06124],[73.66243,32.06205],[73.66375,32.06157],[73.66394,32.06201],[73.6636,32.06215],[73.66374,32.0624],[73.66425,32.06221],[73.66441,32.06251],[73.66469,32.06239],[73.66454,32.062],[73.66473,32.06237],[73.66533,32.06214],[73.66508,32.06164],[73.66463,32.0618],[73.66506,32.06161],[73.66479,32.0611],[73.66458,32.06115],[73.66446,32.06092],[73.66414,32.06098],[73.66433,32.06137],[73.66418,32.06127],[73.66367,32.06147],[73.66365,32.06142],[73.66419,32.06122],[73.66405,32.06097],[73.66352,32.06118],[73.66351,32.06112],[73.66403,32.06093],[73.6639,32.06069],[73.66336,32.06087],[73.66333,32.06083],[73.66388,32.06064],[73.66374,32.0604],[73.66307,32.06071]]]]}},{"type":"Feature","properties":{"lu":"Vacant Area","ct":"Existing","a":0.946},"geometry":{"type":"MultiPolygon","coordinates":[[[[73.65986,32.06282],[73.65984,32.06252],[73.6586,32.06261],[73.65853,32.06267],[73.65876,32.06289],[73.65986,32.06282]]]]}},{"type":"Feature","properties":{"lu":"Vacant Area","ct":"Existing","a":3.078},"geometry":{"type":"MultiPolygon","coordinates":[[[[73.66588,32.06252],[73.66576,32.06236],[73.66606,32.06224],[73.6662,32.06243],[73.66644,32.06226],[73.66594,32.06166],[73.66478,32.06072],[73.66452,32.0609],[73.66462,32.0611],[73.66482,32.06103],[73.6656,32.06257],[73.66573,32.06252],[73.66581,32.06267],[73.66594,32.0626],[73.66588,32.06252]]]]}},{"type":"Feature","properties":{"lu":"Vacant Area","ct":"Existing","a":0.181},"geometry":{"type":"MultiPolygon","coordinates":[[[[73.70045,32.06276],[73.70043,32.06251],[73.70011,32.06254],[73.70013,32.06274],[73.70045,32.06276]]]]}},{"type":"Feature","properties":{"lu":"Vacant Area","ct":"Existing","a":0.318},"geometry":{"type":"MultiPolygon","coordinates":[[[[73.67037,32.0632],[73.67023,32.06316],[73.67013,32.06346],[73.67053,32.06355],[73.67061,32.06326],[73.67037,32.0632]]]]}},{"type":"Feature","properties":{"lu":"Vacant Area","ct":"Existing","a":0.415},"geometry":{"type":"MultiPolygon","coordinates":[[[[73.66143,32.06353],[73.66133,32.06332],[73.66108,32.06341],[73.66133,32.06393],[73.66159,32.06384],[73.66143,32.06353]]]]}},{"type":"Feature","properties":{"lu":"Vacant Area","ct":"Existing","a":0.409},"geometry":{"type":"MultiPolygon","coordinates":[[[[73.70203,32.0638],[73.70219,32.06377],[73.70221,32.06399],[73.70238,32.06397],[73.7023,32.06338],[73.70199,32.06342],[73.70203,32.0638]]]]}},{"type":"Feature","properties":{"lu":"Vacant Area","ct":"Existing","a":0.206},"geometry":{"type":"MultiPolygon","coordinates":[[[[73.66175,32.06414],[73.66162,32.0639],[73.66136,32.06399],[73.66148,32.06425],[73.66175,32.06414]]]]}},{"type":"Feature","properties":{"lu":"Vacant Area","ct":"Existing","a":1.46},"geometry":{"type":"MultiPolygon","coordinates":[[[[73.67025,32.0643],[73.66993,32.06426],[73.66981,32.06463],[73.67114,32.06493],[73.67126,32.06455],[73.67025,32.0643]]]]}},{"type":"Feature","properties":{"lu":"Vacant Area","ct":"Existing","a":0.574},"geometry":{"type":"MultiPolygon","coordinates":[[[[73.66208,32.0648],[73.66177,32.06418],[73.6615,32.06429],[73.66183,32.06495],[73.66208,32.0648]]]]}},{"type":"Feature","properties":{"lu":"Vacant Area","ct":"Existing","a":2.418},"geometry":{"type":"MultiPolygon","coordinates":[[[[73.67174,32.06411],[73.67171,32.06403],[73.67182,32.06381],[73.67116,32.06373],[73.67095,32.06427],[73.67113,32.06372],[73.67081,32.06364],[73.67068,32.06404],[73.67084,32.06409],[73.67081,32.06417],[73.67061,32.06412],[73.67077,32.06363],[73.67013,32.06349],[73.67005,32.06388],[73.67051,32.06399],[73.67035,32.06399],[73.67026,32.06425],[73.67128,32.06449],[73.67141,32.06405],[73.67174,32.06411]]]]}},{"type":"Feature","properties":{"lu":"Vacant Area","ct":"Existing","a":0.325},"geometry":{"type":"MultiPolygon","coordinates":[[[[73.67006,32.06473],[73.6698,32.06467],[73.66965,32.06508],[73.66992,32.06518],[73.67006,32.06473]]]]}},{"type":"Feature","properties":{"lu":"Vacant Area","ct":"Existing","a":0.867},"geometry":{"type":"MultiPolygon","coordinates":[[[[73.67305,32.06545],[73.67242,32.06534],[73.67237,32.06559],[73.67359,32.06582],[73.6736,32.06556],[73.67305,32.06545]]]]}},{"type":"Feature","properties":{"lu":"Vacant Area","ct":"Existing","a":0.881},"geometry":{"type":"MultiPolygon","coordinates":[[[[73.67243,32.06563],[73.67237,32.06564],[73.67232,32.06589],[73.67353,32.0661],[73.67354,32.06585],[73.67243,32.06563]]]]}},{"type":"Feature","properties":{"lu":"Vacant Area","ct":"Existing","a":0.895},"geometry":{"type":"MultiPolygon","coordinates":[[[[73.67192,32.06527],[73.6716,32.06525],[73.67143,32.06624],[73.67173,32.0663],[73.67192,32.06527]]]]}},{"type":"Feature","properties":{"lu":"Vacant Area","ct":"Existing","a":1.112},"geometry":{"type":"MultiPolygon","coordinates":[[[[73.67235,32.06534],[73.67196,32.06528],[73.67176,32.06631],[73.67216,32.06636],[73.67235,32.06534]]]]}},{"type":"Feature","properties":{"lu":"Vacant Area","ct":"Existing","a":0.884},"geometry":{"type":"MultiPolygon","coordinates":[[[[73.70167,32.06957],[73.70161,32.06907],[73.70129,32.06911],[73.70141,32.07017],[73.70174,32.07014],[73.70167,32.06957]]]]}},{"type":"Feature","properties":{"lu":"Vacant Area","ct":"Existing","a":1.151},"geometry":{"type":"MultiPolygon","coordinates":[[[[73.71088,32.07001],[73.71069,32.06953],[73.70989,32.06978],[73.71009,32.07027],[73.71088,32.07001]]]]}},{"type":"Feature","properties":{"lu":"Vacant Area","ct":"Existing","a":0.729},"geometry":{"type":"MultiPolygon","coordinates":[[[[73.67614,32.07332],[73.67544,32.07386],[73.67574,32.07407],[73.67635,32.07348],[73.67614,32.07332]]]]}},{"type":"Feature","properties":{"lu":"Vacant Area","ct":"Existing","a":0.759},"geometry":{"type":"MultiPolygon","coordinates":[[[[73.67661,32.07367],[73.67638,32.0735],[73.67577,32.07409],[73.67612,32.07433],[73.67661,32.07367]]]]}},{"type":"Feature","properties":{"lu":"Vacant Area","ct":"Existing","a":1.889},"geometry":{"type":"MultiPolygon","coordinates":[[[[73.70802,32.07333],[73.70772,32.07329],[73.70774,32.07345],[73.70764,32.07345],[73.70762,32.07332],[73.7075,32.07333],[73.7077,32.07477],[73.7082,32.07471],[73.70802,32.07333]]]]}},{"type":"Feature","properties":{"lu":"Vacant Area","ct":"Existing","a":0.547},"geometry":{"type":"MultiPolygon","coordinates":[[[[73.67155,32.07442],[73.67146,32.0743],[73.67025,32.07485],[73.67034,32.075],[73.67155,32.07442]]]]}},{"type":"Feature","properties":{"lu":"Vacant Area","ct":"Existing","a":1.917},"geometry":{"type":"MultiPolygon","coordinates":[[[[73.68018,32.07388],[73.67993,32.07362],[73.67951,32.07387],[73.67919,32.07369],[73.6788,32.07393],[73.6789,32.07439],[73.6793,32.07433],[73.67965,32.07457],[73.68018,32.07388]]]]}},{"type":"Feature","properties":{"lu":"Vacant Area","ct":"Existing","a":1.241},"geometry":{"type":"MultiPolygon","coordinates":[[[[73.67178,32.07472],[73.67157,32.07445],[73.67036,32.07504],[73.67058,32.07535],[73.67178,32.07472]]]]}},{"type":"Feature","properties":{"lu":"Vacant Area","ct":"Existing","a":3.615},"geometry":{"type":"MultiPolygon","coordinates":[[[[73.673,32.0738],[73.67325,32.07417],[73.67231,32.07453],[73.67285,32.07549],[73.67309,32.07539],[73.67276,32.07478],[73.67296,32.07508],[73.67328,32.07499],[73.67298,32.07511],[73.67313,32.07538],[73.67408,32.075],[73.67319,32.07371],[73.673,32.0738]]]]}},{"type":"Feature","properties":{"lu":"Vacant Area","ct":"Existing","a":0.779},"geometry":{"type":"MultiPolygon","coordinates":[[[[73.68178,32.07521],[73.68124,32.07501],[73.68092,32.07539],[73.68164,32.07565],[73.68178,32.07521]]]]}},{"type":"Feature","properties":{"lu":"Vacant Area","ct":"Existing","a":0.56},"geometry":{"type":"MultiPolygon","coordinates":[[[[73.67021,32.07486],[73.6701,32.07491],[73.67032,32.07523],[73.66985,32.07545],[73.67011,32.07583],[73.67006,32.07571],[73.67055,32.07538],[73.67021,32.07486]]]]}},{"type":"Feature","properties":{"lu":"Vacant Area","ct":"Existing","a":0.635},"geometry":{"type":"MultiPolygon","coordinates":[[[[73.67012,32.07585],[73.66976,32.07607],[73.67014,32.07654],[73.6705,32.07633],[73.67012,32.07585]]]]}},{"type":"Feature","properties":{"lu":"Vacant Area","ct":"Existing","a":0.249},"geometry":{"type":"MultiPolygon","coordinates":[[[[73.66973,32.07609],[73.66959,32.07616],[73.66998,32.07663],[73.67012,32.07655],[73.66973,32.07609]]]]}},{"type":"Feature","properties":{"lu":"Vacant Area","ct":"Existing","a":0.193},"geometry":{"type":"MultiPolygon","coordinates":[[[[73.67066,32.07652],[73.67053,32.07637],[73.67022,32.07654],[73.67037,32.07671],[73.67066,32.07652]]]]}},{"type":"Feature","properties":{"lu":"Vacant Area","ct":"Existing","a":1.872},"geometry":{"type":"MultiPolygon","coordinates":[[[[73.70223,32.07558],[73.70221,32.07542],[73.70172,32.07546],[73.70181,32.0764],[73.70174,32.07642],[73.70176,32.07677],[73.7024,32.07673],[73.70223,32.07558]]]]}},{"type":"Feature","properties":{"lu":"Vacant Area","ct":"Existing","a":4.215},"geometry":{"type":"MultiPolygon","coordinates":[[[[73.70373,32.07695],[73.70363,32.07584],[73.70329,32.07588],[73.70335,32.07655],[73.70302,32.07658],[73.70288,32.07518],[73.70226,32.07524],[73.70248,32.07706],[73.70373,32.07695]]]]}},{"type":"Feature","properties":{"lu":"Vacant Area","ct":"Existing","a":0.491},"geometry":{"type":"MultiPolygon","coordinates":[[[[73.67036,32.07675],[73.67017,32.07686],[73.67038,32.07711],[73.67089,32.07679],[73.67069,32.07655],[73.67036,32.07675]]]]}},{"type":"Feature","properties":{"lu":"Vacant Area","ct":"Existing","a":2.038},"geometry":{"type":"MultiPolygon","coordinates":[[[[73.67877,32.07637],[73.67857,32.0766],[73.67838,32.07646],[73.67798,32.07697],[73.67862,32.07744],[73.6794,32.07679],[73.67877,32.07637]]]]}},{"type":"Feature","properties":{"lu":"Vacant Area","ct":"Existing","a":1.334},"geometry":{"type":"MultiPolygon","coordinates":[[[[73.6704,32.07713],[73.67055,32.07731],[73.67038,32.07742],[73.6707,32.07777],[73.67137,32.07735],[73.6709,32.07681],[73.6704,32.07713]]]]}},{"type":"Feature","properties":{"lu":"Vacant Area","ct":"Existing","a":13.786},"geometry":{"type":"MultiPolygon","coordinates":[[[[73.67198,32.07776],[73.67237,32.07752],[73.67163,32.07661],[73.67239,32.07751],[73.67265,32.07739],[73.67246,32.0771],[73.67281,32.07691],[73.67271,32.07664],[73.67258,32.07671],[73.6724,32.07648],[73.67316,32.07622],[73.67228,32.07455],[73.67112,32.07507],[73.67009,32.07574],[73.67027,32.07598],[73.67059,32.07577],[73.67079,32.07598],[73.6706,32.07581],[73.67029,32.07601],[73.67044,32.0762],[73.6706,32.0761],[73.67069,32.07622],[73.67104,32.076],[73.67056,32.07635],[73.67178,32.07777],[73.67192,32.07768],[73.67198,32.07776]]]]}},{"type":"Feature","properties":{"lu":"Vacant Area","ct":"Existing","a":0.594},"geometry":{"type":"MultiPolygon","coordinates":[[[[73.72077,32.07784],[73.72078,32.07796],[73.72117,32.07792],[73.72111,32.07743],[73.72088,32.07731],[73.72071,32.07734],[73.72077,32.07784]]]]}},{"type":"Feature","properties":{"lu":"Vacant Area","ct":"Existing","a":1.089},"geometry":{"type":"MultiPolygon","coordinates":[[[[73.6716,32.07762],[73.67143,32.07771],[73.67133,32.0776],[73.67121,32.07767],[73.67111,32.07755],[73.67073,32.07781],[73.67112,32.07828],[73.67182,32.07789],[73.6716,32.07762]]]]}},{"type":"Feature","properties":{"lu":"Vacant Area","ct":"Existing","a":0.59},"geometry":{"type":"MultiPolygon","coordinates":[[[[73.67673,32.07778],[73.67661,32.07767],[73.67616,32.07814],[73.67638,32.07832],[73.67644,32.07829],[73.67692,32.07793],[73.67673,32.07778]]]]}},{"type":"Feature","properties":{"lu":"Vacant Area","ct":"Existing","a":0.988},"geometry":{"type":"MultiPolygon","coordinates":[[[[73.67106,32.07826],[73.67035,32.07744],[73.67015,32.07761],[73.67056,32.07829],[73.6708,32.0782],[73.67058,32.07833],[73.6707,32.07852],[73.67106,32.07826]]]]}},{"type":"Feature","properties":{"lu":"Vacant Area","ct":"Existing","a":1.403},"geometry":{"type":"MultiPolygon","coordinates":[[[[73.67291,32.07833],[73.67265,32.07848],[73.6726,32.0784],[73.67237,32.07849],[73.67301,32.0794],[73.67344,32.07906],[73.67291,32.07833]]]]}},{"type":"Feature","properties":{"lu":"Vacant Area","ct":"Existing","a":0.656},"geometry":{"type":"MultiPolygon","coordinates":[[[[73.67083,32.07914],[73.67061,32.07923],[73.67068,32.07934],[73.67055,32.07942],[73.67043,32.07932],[73.67031,32.07937],[73.67063,32.07979],[73.67114,32.07944],[73.67083,32.07914]]]]}},{"type":"Feature","properties":{"lu":"Vacant Area","ct":"Existing","a":1.913},"geometry":{"type":"MultiPolygon","coordinates":[[[[73.67269,32.07903],[73.67251,32.07879],[73.67176,32.0792],[73.67232,32.07994],[73.67301,32.07945],[73.67269,32.07903]]]]}},{"type":"Feature","properties":{"lu":"Vacant Area","ct":"Existing","a":0.699},"geometry":{"type":"MultiPolygon","coordinates":[[[[73.67201,32.0796],[73.67194,32.0795],[73.67153,32.07975],[73.67196,32.08022],[73.67229,32.07997],[73.67201,32.0796]]]]}},{"type":"Feature","properties":{"lu":"Vacant Area","ct":"Existing","a":0.999},"geometry":{"type":"MultiPolygon","coordinates":[[[[73.6723,32.08017],[73.67219,32.08008],[73.67144,32.08069],[73.67172,32.08098],[73.67249,32.08033],[73.6723,32.08017]]]]}},{"type":"Feature","properties":{"lu":"Vacant Area","ct":"Existing","a":0.565},"geometry":{"type":"MultiPolygon","coordinates":[[[[73.67008,32.08124],[73.66982,32.08088],[73.66939,32.08111],[73.66963,32.08148],[73.67008,32.08124]]]]}},{"type":"Feature","properties":{"lu":"Vacant Area","ct":"Existing","a":0.861},"geometry":{"type":"MultiPolygon","coordinates":[[[[73.67191,32.08174],[73.67199,32.08168],[73.67112,32.08091],[73.67089,32.08107],[73.67142,32.08163],[73.67158,32.08173],[73.67191,32.08174]]]]}},{"type":"Feature","properties":{"lu":"Vacant Area","ct":"Existing","a":1.674},"geometry":{"type":"MultiPolygon","coordinates":[[[[73.67593,32.0814],[73.67438,32.08092],[73.67414,32.08135],[73.67569,32.08171],[73.67575,32.08149],[73.67587,32.08153],[73.67593,32.0814]]]]}},{"type":"Feature","properties":{"lu":"Vacant Area","ct":"Existing","a":1.274},"geometry":{"type":"MultiPolygon","coordinates":[[[[73.67282,32.08149],[73.67257,32.08127],[73.67232,32.08148],[73.6726,32.08174],[73.67337,32.0822],[73.67382,32.0823],[73.67388,32.08202],[73.67335,32.08188],[73.67282,32.08149]]]]}},{"type":"Feature","properties":{"lu":"Vacant Area","ct":"Existing","a":1.043},"geometry":{"type":"MultiPolygon","coordinates":[[[[73.67649,32.0823],[73.67624,32.08216],[73.67599,32.08253],[73.67687,32.08293],[73.67709,32.0826],[73.67649,32.0823]]]]}},{"type":"Feature","properties":{"lu":"Vacant Area","ct":"Existing","a":2.047},"geometry":{"type":"MultiPolygon","coordinates":[[[[73.67256,32.08172],[73.67229,32.0815],[73.67206,32.08169],[73.67361,32.08306],[73.67381,32.08233],[73.67336,32.08224],[73.67256,32.08172]]]]}},{"type":"Feature","properties":{"lu":"Vacant Area","ct":"Existing","a":1.107},"geometry":{"type":"MultiPolygon","coordinates":[[[[73.67602,32.08257],[73.67595,32.08255],[73.67574,32.08294],[73.67658,32.08335],[73.67684,32.08298],[73.67602,32.08257]]]]}},{"type":"Feature","properties":{"lu":"Vacant Area","ct":"Existing","a":1.758},"geometry":{"type":"MultiPolygon","coordinates":[[[[73.67751,32.0825],[73.67734,32.08244],[73.67721,32.0825],[73.67665,32.08338],[73.67714,32.08363],[73.67779,32.08266],[73.67751,32.0825]]]]}},{"type":"Feature","properties":{"lu":"Vacant Area","ct":"Existing","a":0.692},"geometry":{"type":"MultiPolygon","coordinates":[[[[73.68861,32.08544],[73.68761,32.08545],[73.68761,32.0857],[73.68861,32.0857],[73.68861,32.08544]]]]}},{"type":"Feature","properties":{"lu":"Vacant Area","ct":"Existing","a":0.735},"geometry":{"type":"MultiPolygon","coordinates":[[[[73.68872,32.08544],[73.68865,32.08544],[73.68864,32.08605],[73.68911,32.08605],[73.68913,32.08545],[73.68872,32.08544]]]]}},{"type":"Feature","properties":{"lu":"Vacant Area","ct":"Existing","a":0.53},"geometry":{"type":"MultiPolygon","coordinates":[[[[73.68942,32.08545],[73.68917,32.08545],[73.68915,32.08605],[73.68949,32.08605],[73.6895,32.08545],[73.68942,32.08545]]]]}},{"type":"Feature","properties":{"lu":"Vacant Area","ct":"Existing","a":0.681},"geometry":{"type":"MultiPolygon","coordinates":[[[[73.69006,32.08545],[73.68992,32.08545],[73.68992,32.08605],[73.69064,32.08607],[73.69064,32.08591],[73.69026,32.0859],[73.69026,32.08545],[73.69006,32.08545]]]]}},{"type":"Feature","properties":{"lu":"Vacant Area","ct":"Existing","a":3.669},"geometry":{"type":"MultiPolygon","coordinates":[[[[73.68877,32.08608],[73.68864,32.08608],[73.68864,32.08725],[73.68984,32.08725],[73.68988,32.08609],[73.68877,32.08608]]]]}},{"type":"Feature","properties":{"lu":"Vacant Area","ct":"Existing","a":1.083},"geometry":{"type":"MultiPolygon","coordinates":[[[[73.68023,32.08832],[73.68032,32.08811],[73.68011,32.08812],[73.6797,32.08872],[73.68032,32.08898],[73.68058,32.08844],[73.68023,32.08832]]]]}},{"type":"Feature","properties":{"lu":"Vacant Area","ct":"Existing","a":0.827},"geometry":{"type":"MultiPolygon","coordinates":[[[[73.69058,32.08875],[73.68987,32.08874],[73.68987,32.08919],[73.69058,32.08921],[73.69058,32.08875]]]]}},{"type":"Feature","properties":{"lu":"Vacant Area","ct":"Existing","a":0.614},"geometry":{"type":"MultiPolygon","coordinates":[[[[73.67968,32.08877],[73.6793,32.08943],[73.6796,32.08954],[73.67998,32.08888],[73.67968,32.08877]]]]}},{"type":"Feature","properties":{"lu":"Vacant Area","ct":"Existing","a":0.565},"geometry":{"type":"MultiPolygon","coordinates":[[[[73.68078,32.0892],[73.68065,32.08915],[73.68042,32.08956],[73.68084,32.08976],[73.68101,32.08946],[73.68094,32.08926],[73.68078,32.0892]]]]}},{"type":"Feature","properties":{"lu":"Vacant Area","ct":"Existing","a":0.689},"geometry":{"type":"MultiPolygon","coordinates":[[[[73.6812,32.0899],[73.68112,32.08989],[73.68078,32.09052],[73.6811,32.09065],[73.68148,32.08999],[73.6812,32.0899]]]]}},{"type":"Feature","properties":{"lu":"Vacant Area","ct":"Existing","a":4.823},"geometry":{"type":"MultiPolygon","coordinates":[[[[73.68385,32.08985],[73.68338,32.08986],[73.68195,32.08927],[73.68152,32.08998],[73.68192,32.09013],[73.68216,32.08973],[73.68221,32.08976],[73.68196,32.09015],[73.68292,32.09054],[73.6831,32.09022],[73.68296,32.09055],[73.68385,32.0909],[73.68385,32.08985]]]]}},{"type":"Feature","properties":{"lu":"Vacant Area","ct":"Existing","a":5.523},"geometry":{"type":"MultiPolygon","coordinates":[[[[73.69003,32.09007],[73.69089,32.09007],[73.69092,32.08967],[73.69076,32.08964],[73.69144,32.08964],[73.69142,32.08926],[73.68987,32.08923],[73.68984,32.09113],[73.69085,32.09115],[73.69089,32.0901],[73.69003,32.09007]]]]}},{"type":"Feature","properties":{"lu":"Vacant Area","ct":"Existing","a":1.977},"geometry":{"type":"MultiPolygon","coordinates":[[[[73.68204,32.09022],[73.68194,32.09018],[73.68159,32.09085],[73.68252,32.09123],[73.6829,32.09058],[73.68204,32.09022]]]]}},{"type":"Feature","properties":{"lu":"Vacant Area","ct":"Existing","a":2.005},"geometry":{"type":"MultiPolygon","coordinates":[[[[73.67308,32.09097],[73.67274,32.09083],[73.67281,32.09072],[73.67315,32.09086],[73.6735,32.09027],[73.67286,32.08998],[73.67228,32.09103],[73.6729,32.0913],[73.67308,32.09097]]]]}},{"type":"Feature","properties":{"lu":"Vacant Area","ct":"Existing","a":1.512},"geometry":{"type":"MultiPolygon","coordinates":[[[[73.68385,32.09096],[73.68334,32.09076],[73.68297,32.09142],[73.6839,32.09179],[73.68385,32.09096]]]]}},{"type":"Feature","properties":{"lu":"Vacant Area","ct":"Existing","a":2.957},"geometry":{"type":"MultiPolygon","coordinates":[[[[73.68973,32.09119],[73.68971,32.0919],[73.69139,32.09189],[73.69141,32.09124],[73.68973,32.09119]]]]}},{"type":"Feature","properties":{"lu":"Vacant Area","ct":"Existing","a":2.268},"geometry":{"type":"MultiPolygon","coordinates":[[[[73.69121,32.09233],[73.6907,32.09227],[73.6914,32.09229],[73.69139,32.09194],[73.69022,32.09194],[73.69017,32.09268],[73.6914,32.0927],[73.6914,32.09234],[73.69121,32.09233]]]]}},{"type":"Feature","properties":{"lu":"Vacant Area","ct":"Existing","a":0.881},"geometry":{"type":"MultiPolygon","coordinates":[[[[73.68989,32.09194],[73.68979,32.09278],[73.69046,32.09295],[73.69046,32.09272],[73.69014,32.09272],[73.69017,32.09194],[73.68989,32.09194]]]]}},{"type":"Feature","properties":{"lu":"Vacant Area","ct":"Existing","a":0.849},"geometry":{"type":"MultiPolygon","coordinates":[[[[73.6914,32.09321],[73.6914,32.09274],[73.6905,32.09271],[73.69048,32.09296],[73.6914,32.09321]]]]}},{"type":"Feature","properties":{"lu":"Vacant Area","ct":"Existing","a":1.55},"geometry":{"type":"MultiPolygon","coordinates":[[[[73.69701,32.09332],[73.69701,32.09282],[73.69585,32.0928],[73.69586,32.09332],[73.69701,32.09332]]]]}},{"type":"Feature","properties":{"lu":"Vacant Area","ct":"Existing","a":0.539},"geometry":{"type":"MultiPolygon","coordinates":[[[[73.66969,32.09354],[73.66943,32.09385],[73.66951,32.09407],[73.66992,32.09398],[73.67006,32.09369],[73.66969,32.09354]]]]}},{"type":"Feature","properties":{"lu":"Vacant Area","ct":"Existing","a":0.593},"geometry":{"type":"MultiPolygon","coordinates":[[[[73.67134,32.09366],[73.67104,32.09356],[73.67064,32.09424],[73.67093,32.09436],[73.67134,32.09366]]]]}},{"type":"Feature","properties":{"lu":"Vacant Area","ct":"Existing","a":2.142},"geometry":{"type":"MultiPolygon","coordinates":[[[[73.69513,32.09425],[73.69597,32.09445],[73.69601,32.09336],[73.69514,32.09338],[73.69513,32.09425]]]]}},{"type":"Feature","properties":{"lu":"Vacant Area","ct":"Existing","a":2.185},"geometry":{"type":"MultiPolygon","coordinates":[[[[73.69911,32.09351],[73.69859,32.09362],[73.69854,32.09333],[73.698,32.09345],[73.69815,32.0939],[73.69836,32.09384],[73.69834,32.09379],[73.69898,32.09366],[73.69838,32.0938],[73.69839,32.09386],[73.69816,32.09392],[73.69826,32.09417],[73.69838,32.09415],[73.69848,32.0944],[73.6993,32.09423],[73.69911,32.09351]]]]}},{"type":"Feature","properties":{"lu":"Vacant Area","ct":"Existing","a":0.489},"geometry":{"type":"MultiPolygon","coordinates":[[[[73.67354,32.09835],[73.67318,32.0982],[73.67285,32.09879],[73.67331,32.09899],[73.67309,32.0987],[73.67325,32.09843],[73.67337,32.09849],[73.67354,32.09835]]]]}},{"type":"Feature","properties":{"lu":"Park and Open Spaces","ct":"Existing","a":8.072},"geometry":{"type":"MultiPolygon","coordinates":[[[[73.72143,32.07169],[73.72184,32.07145],[73.71756,32.06798],[73.71671,32.06733],[73.71633,32.06764],[73.72143,32.07169]]]]}},{"type":"Feature","properties":{"lu":"Vacant Area","ct":"Existing","a":9.368},"geometry":{"type":"MultiPolygon","coordinates":[[[[73.71664,32.06727],[73.71506,32.0659],[73.71382,32.06499],[73.71301,32.06421],[73.71112,32.06262],[73.71071,32.06297],[73.7163,32.06758],[73.71664,32.06727]]]]}},{"type":"Feature","properties":{"lu":"Grassland","ct":"Existing","a":11.702},"geometry":{"type":"MultiPolygon","coordinates":[[[[73.71011,32.06178],[73.70873,32.06062],[73.70496,32.05637],[73.70449,32.05678],[73.70747,32.06012],[73.70891,32.06156],[73.70967,32.06215],[73.71011,32.06178]]]]}},{"type":"Feature","properties":{"lu":"Graveyard","ct":"Existing","a":8.186},"geometry":{"type":"MultiPolygon","coordinates":[[[[73.69933,32.06732],[73.69929,32.0661],[73.69855,32.06615],[73.69834,32.06571],[73.69666,32.06612],[73.69668,32.06665],[73.69645,32.06664],[73.69646,32.0667],[73.6967,32.06676],[73.69745,32.06687],[73.69751,32.06716],[73.69763,32.06724],[73.69824,32.06734],[73.69933,32.06732]]]]}},{"type":"Feature","properties":{"lu":"Vacant Area","ct":"Existing","a":0.18},"geometry":{"type":"MultiPolygon","coordinates":[[[[73.6905,32.05362],[73.69047,32.05345],[73.69007,32.05349],[73.69011,32.05367],[73.6905,32.05362]]]]}},{"type":"Feature","properties":{"lu":"Vacant Area","ct":"Existing","a":5.493},"geometry":{"type":"MultiPolygon","coordinates":[[[[73.68993,32.05351],[73.68946,32.05357],[73.6894,32.05322],[73.69041,32.05308],[73.69033,32.05258],[73.68817,32.05331],[73.68706,32.05357],[73.68708,32.05398],[73.68719,32.05397],[73.68719,32.05386],[73.68732,32.05384],[73.68737,32.05407],[73.68893,32.05394],[73.68897,32.05377],[73.68918,32.05375],[73.6892,32.05389],[73.68952,32.05388],[73.68948,32.0537],[73.6897,32.05368],[73.68971,32.05384],[73.68996,32.05382],[73.68993,32.05351]]]]}},{"type":"Feature","properties":{"lu":"Vacant Area","ct":"Existing","a":11.274},"geometry":{"type":"MultiPolygon","coordinates":[[[[73.68261,32.05314],[73.68252,32.05276],[73.68383,32.05262],[73.6846,32.0523],[73.68453,32.05191],[73.68499,32.05183],[73.6847,32.05023],[73.68334,32.05039],[73.68343,32.05084],[73.68442,32.05069],[73.68462,32.05172],[73.68444,32.05175],[73.68436,32.05153],[73.68269,32.05176],[73.68271,32.052],[73.68254,32.05203],[73.68243,32.05177],[73.68115,32.05196],[73.68137,32.05274],[73.68159,32.05271],[73.68174,32.0531],[73.68227,32.05302],[73.68233,32.05316],[73.68261,32.05314]]]]}},{"type":"Feature","properties":{"lu":"Vacant Area","ct":"Existing","a":1.837},"geometry":{"type":"MultiPolygon","coordinates":[[[[73.67806,32.05455],[73.67804,32.05428],[73.67761,32.0543],[73.67803,32.05425],[73.67802,32.05393],[73.67691,32.05397],[73.67697,32.05467],[73.67806,32.05455]]]]}},{"type":"Feature","properties":{"lu":"Vacant Area","ct":"Existing","a":1.691},"geometry":{"type":"MultiPolygon","coordinates":[[[[73.68361,32.05556],[73.68356,32.05514],[73.68365,32.05513],[73.68359,32.05479],[73.68342,32.05479],[73.68346,32.05507],[73.68335,32.05508],[73.68332,32.05487],[73.68272,32.05493],[73.68266,32.05483],[73.68264,32.05521],[73.68273,32.05523],[73.68264,32.05523],[73.68282,32.05566],[73.68361,32.05556]]]]}},{"type":"Feature","properties":{"lu":"Vacant Area","ct":"Existing","a":0.342},"geometry":{"type":"MultiPolygon","coordinates":[[[[73.68364,32.05576],[73.68361,32.0556],[73.68283,32.05569],[73.6829,32.05587],[73.68364,32.05576]]]]}},{"type":"Feature","properties":{"lu":"Vacant Area","ct":"Existing","a":5.081},"geometry":{"type":"MultiPolygon","coordinates":[[[[73.68454,32.05652],[73.68458,32.05627],[73.68475,32.05622],[73.68471,32.05594],[73.68509,32.0559],[73.68503,32.05526],[73.68516,32.05523],[73.68515,32.05478],[73.68406,32.05486],[73.68423,32.05576],[73.68415,32.05577],[73.68416,32.05587],[73.68367,32.05596],[73.68365,32.05579],[73.68349,32.05582],[73.68366,32.05684],[73.68446,32.05676],[73.68442,32.05655],[73.68427,32.05652],[73.68454,32.05652]]]]}},{"type":"Feature","properties":{"lu":"Vacant Area","ct":"Existing","a":3.005},"geometry":{"type":"MultiPolygon","coordinates":[[[[73.70189,32.06301],[73.70104,32.0631],[73.70108,32.06349],[73.70058,32.06355],[73.70063,32.06413],[73.70095,32.06411],[73.70094,32.06378],[73.70098,32.0641],[73.70202,32.064],[73.70189,32.06301]]]]}},{"type":"Feature","properties":{"lu":"Graveyard","ct":"Existing","a":9.677},"geometry":{"type":"MultiPolygon","coordinates":[[[[73.68619,32.06559],[73.68668,32.06554],[73.68662,32.06521],[73.68672,32.06497],[73.687,32.06486],[73.68726,32.06442],[73.68763,32.06423],[73.68752,32.06369],[73.68738,32.06373],[73.68739,32.06385],[73.68668,32.06409],[73.68662,32.06397],[73.68638,32.06405],[73.68616,32.06344],[73.68554,32.06362],[73.68558,32.06435],[73.68574,32.06469],[73.68578,32.06509],[73.6857,32.06465],[73.68555,32.06439],[73.68551,32.06402],[73.6855,32.06414],[73.68449,32.06437],[73.68506,32.06566],[73.68529,32.06562],[73.68528,32.0653],[73.68556,32.06529],[73.68565,32.06562],[73.68619,32.06559]]]]}},{"type":"Feature","properties":{"lu":"Vacant Area","ct":"Existing","a":2.493},"geometry":{"type":"MultiPolygon","coordinates":[[[[73.66056,32.06606],[73.66035,32.06565],[73.6585,32.06631],[73.65948,32.0667],[73.65985,32.06645],[73.65993,32.06656],[73.66002,32.06652],[73.65991,32.06628],[73.66056,32.06606]]]]}},{"type":"Feature","properties":{"lu":"Vacant Area","ct":"Existing","a":0.801},"geometry":{"type":"MultiPolygon","coordinates":[[[[73.66098,32.06745],[73.66039,32.06717],[73.65967,32.0674],[73.65978,32.06762],[73.66038,32.06748],[73.66043,32.06757],[73.66062,32.06759],[73.66098,32.06745]]]]}},{"type":"Feature","properties":{"lu":"Vacant Area","ct":"Existing","a":10.527},"geometry":{"type":"MultiPolygon","coordinates":[[[[73.71287,32.07065],[73.71266,32.07073],[73.71288,32.07136],[73.71245,32.07153],[73.7124,32.07138],[73.71219,32.07144],[73.71199,32.07097],[73.71165,32.07107],[73.71187,32.07176],[73.71215,32.07177],[73.71239,32.07231],[73.71222,32.07234],[73.71255,32.07319],[73.71364,32.07291],[73.71373,32.07324],[73.71408,32.07316],[73.71417,32.07341],[73.71503,32.07313],[73.71471,32.07257],[73.71328,32.07131],[73.71287,32.07065]]]]}},{"type":"Feature","properties":{"lu":"Grassland","ct":"Existing","a":0.424},"geometry":{"type":"MultiPolygon","coordinates":[[[[73.72693,32.07574],[73.72655,32.07541],[73.72613,32.0754],[73.72671,32.07588],[73.72693,32.07574]]]]}},{"type":"Feature","properties":{"lu":"Vacant Area","ct":"Existing","a":0.86},"geometry":{"type":"MultiPolygon","coordinates":[[[[73.67221,32.07838],[73.67185,32.07854],[73.67196,32.07872],[73.67154,32.07892],[73.67173,32.07917],[73.67249,32.07877],[73.67221,32.07838]]]]}},{"type":"Feature","properties":{"lu":"Vacant Area","ct":"Existing","a":7.978},"geometry":{"type":"MultiPolygon","coordinates":[[[[73.68777,32.07803],[73.68777,32.07768],[73.68652,32.07708],[73.68629,32.07714],[73.6863,32.07747],[73.68641,32.0777],[73.6863,32.07778],[73.68629,32.07789],[73.68611,32.07789],[73.68611,32.07798],[73.6858,32.0779],[73.68579,32.07813],[73.68612,32.07815],[73.68606,32.07878],[73.68556,32.07874],[73.68535,32.07954],[73.68667,32.07949],[73.68663,32.07874],[73.68782,32.07855],[73.68762,32.07803],[73.68777,32.07803]]]]}},{"type":"Feature","properties":{"lu":"Vacant Area","ct":"Existing","a":83.267},"geometry":{"type":"MultiPolygon","coordinates":[[[[73.67806,32.08207],[73.67838,32.08221],[73.67798,32.0829],[73.67888,32.08316],[73.67895,32.08296],[73.67917,32.083],[73.67976,32.08189],[73.67908,32.08173],[73.67975,32.08096],[73.68037,32.08109],[73.68066,32.08039],[73.68098,32.08046],[73.68103,32.07996],[73.68134,32.07999],[73.68162,32.07947],[73.68181,32.07951],[73.68193,32.07926],[73.68202,32.07929],[73.6823,32.0787],[73.68105,32.07841],[73.68097,32.07874],[73.68152,32.07878],[73.68148,32.07906],[73.68087,32.07898],[73.68104,32.07838],[73.68238,32.07868],[73.68303,32.07769],[73.683,32.07751],[73.68253,32.07737],[73.68245,32.07713],[73.68176,32.07697],[73.68173,32.07704],[73.68168,32.07701],[73.68204,32.07584],[73.68167,32.07575],[73.68157,32.07599],[73.68067,32.07568],[73.68057,32.0758],[73.68075,32.07588],[73.68062,32.07613],[73.68036,32.07599],[73.67994,32.07638],[73.68121,32.07683],[73.68076,32.0776],[73.6795,32.07733],[73.67963,32.07712],[73.67931,32.07693],[73.67852,32.07759],[73.67821,32.07775],[73.67898,32.07929],[73.67899,32.07943],[73.67876,32.07996],[73.67873,32.08074],[73.67867,32.08075],[73.67866,32.08015],[73.67896,32.07936],[73.67844,32.07835],[73.67789,32.07845],[73.67716,32.07834],[73.67548,32.07964],[73.67591,32.07976],[73.67546,32.07966],[73.67527,32.07981],[73.67486,32.08023],[73.67511,32.08037],[73.67501,32.0805],[73.67509,32.08057],[73.67523,32.08031],[73.67568,32.08049],[73.67523,32.08037],[73.67487,32.08105],[73.6761,32.08141],[73.67609,32.08154],[73.6768,32.08175],[73.67607,32.08158],[73.67598,32.08183],[73.67413,32.08138],[73.67359,32.08335],[73.67599,32.08394],[73.67669,32.08428],[73.6771,32.08368],[73.67434,32.08233],[73.67437,32.08228],[73.675,32.08258],[73.67557,32.08182],[73.67505,32.08261],[73.67531,32.08273],[73.67584,32.0819],[73.67589,32.08192],[73.67536,32.08275],[73.67566,32.0829],[73.67625,32.08202],[73.67629,32.08216],[73.67713,32.08255],[73.67736,32.0824],[73.67781,32.08262],[73.67804,32.08213],[73.67725,32.0819],[73.67806,32.08207]]]]}},{"type":"Feature","properties":{"lu":"Vacant Area","ct":"Existing","a":2.153},"geometry":{"type":"MultiPolygon","coordinates":[[[[73.67229,32.09783],[73.67165,32.09759],[73.67115,32.09852],[73.67146,32.09901],[73.67158,32.0988],[73.67173,32.09888],[73.67229,32.09783]]]]}},{"type":"Feature","properties":{"lu":"Graveyard","ct":"Existing","a":2.199},"geometry":{"type":"MultiPolygon","coordinates":[[[[73.68936,32.06486],[73.68903,32.06472],[73.68834,32.06526],[73.68891,32.06641],[73.68936,32.06486]]]]}},{"type":"Feature","properties":{"lu":"Graveyard","ct":"Existing","a":4.802},"geometry":{"type":"MultiPolygon","coordinates":[[[[73.68512,32.06591],[73.68422,32.06378],[73.68331,32.06367],[73.68314,32.0642],[73.68479,32.06594],[73.6849,32.06602],[73.68512,32.06591]]]]}},{"type":"Feature","properties":{"lu":"Vacant Area","ct":"Existing","a":0.293},"geometry":{"type":"MultiPolygon","coordinates":[[[[73.67772,32.05838],[73.6782,32.05891],[73.67826,32.05889],[73.67808,32.05837],[73.67772,32.05838]]]]}},{"type":"Feature","properties":{"lu":"Vacant Area","ct":"Existing","a":0.397},"geometry":{"type":"MultiPolygon","coordinates":[[[[73.67735,32.05804],[73.67763,32.05829],[73.67809,32.05825],[73.678,32.05798],[73.67735,32.05804]]]]}},{"type":"Feature","properties":{"lu":"Vacant Area","ct":"Existing","a":0.711},"geometry":{"type":"MultiPolygon","coordinates":[[[[73.68264,32.06368],[73.68311,32.06416],[73.68339,32.06328],[73.68264,32.06368]]]]}},{"type":"Feature","properties":{"lu":"Vacant Area","ct":"Existing","a":3.284},"geometry":{"type":"MultiPolygon","coordinates":[[[[73.6855,32.08318],[73.68685,32.08349],[73.68671,32.08388],[73.68772,32.08411],[73.68783,32.08374],[73.6877,32.08345],[73.68656,32.08328],[73.68711,32.08337],[73.68712,32.08308],[73.68566,32.08277],[73.68558,32.08303],[73.68588,32.08312],[73.68557,32.08306],[73.6855,32.08318]]]]}},{"type":"Feature","properties":{"lu":"Vacant Area","ct":"Existing","a":2.028},"geometry":{"type":"MultiPolygon","coordinates":[[[[73.70343,32.0651],[73.70327,32.06513],[73.70334,32.06571],[73.7035,32.0657],[73.70343,32.0651]]],[[[73.70245,32.06583],[73.70143,32.06592],[73.70148,32.06633],[73.70237,32.06628],[73.70148,32.06636],[73.7015,32.06652],[73.70271,32.06638],[73.70265,32.06581],[73.70245,32.06583]]]]}},{"type":"Feature","properties":{"lu":"Vacant Area","ct":"Existing","a":0.269},"geometry":{"type":"MultiPolygon","coordinates":[[[[73.68113,32.06265],[73.68084,32.06234],[73.68069,32.06242],[73.68085,32.06281],[73.68113,32.06265]]]]}},{"type":"Feature","properties":{"lu":"Vacant Area","ct":"Existing","a":0.577},"geometry":{"type":"MultiPolygon","coordinates":[[[[73.67017,32.05193],[73.67017,32.05171],[73.6698,32.05173],[73.66984,32.05238],[73.67018,32.05234],[73.67017,32.05193]]]]}},{"type":"Feature","properties":{"lu":"Park and Open Spaces","ct":"Existing","a":23.25},"geometry":{"type":"MultiPolygon","coordinates":[[[[73.68099,32.0649],[73.68074,32.06422],[73.68068,32.0637],[73.68117,32.06364],[73.68059,32.06239],[73.68028,32.0623],[73.68009,32.06243],[73.67989,32.0622],[73.67914,32.06259],[73.67869,32.06196],[73.67874,32.06193],[73.67864,32.06178],[73.67879,32.06167],[73.67873,32.0616],[73.6788,32.06152],[73.67863,32.06113],[73.67775,32.0611],[73.67771,32.06098],[73.67744,32.06105],[73.67791,32.06324],[73.67872,32.06543],[73.68031,32.06482],[73.68042,32.06507],[73.68099,32.0649]]]]}},{"type":"Feature","properties":{"lu":"Vacant Area","ct":"Existing","a":1.761},"geometry":{"type":"MultiPolygon","coordinates":[[[[73.71071,32.06297],[73.71012,32.06251],[73.7093,32.06282],[73.70953,32.06341],[73.71071,32.06297]]]]}},{"type":"Feature","properties":{"lu":"Water Body","ct":"Existing","a":2.821},"geometry":{"type":"MultiPolygon","coordinates":[[[[73.70811,32.06392],[73.70524,32.0605],[73.70407,32.05921],[73.70398,32.05924],[73.70314,32.05832],[73.70609,32.06176],[73.7079,32.06399],[73.70811,32.06392]]]]}},{"type":"Feature","properties":{"lu":"Vacant Area","ct":"Existing","a":10.148},"geometry":{"type":"MultiPolygon","coordinates":[[[[73.70712,32.06413],[73.70791,32.064],[73.70503,32.06054],[73.70364,32.06073],[73.70366,32.06087],[73.70428,32.06079],[73.7044,32.06139],[73.7051,32.06132],[73.70517,32.0619],[73.70481,32.06192],[73.7049,32.06248],[73.70591,32.06244],[73.70614,32.06365],[73.70684,32.06358],[73.70691,32.06416],[73.70712,32.06413]]]]}},{"type":"Feature","properties":{"lu":"Park and Open Spaces","ct":"Existing","a":0.058},"geometry":{"type":"MultiPolygon","coordinates":[[[[73.71655,32.07384],[73.71639,32.07384],[73.71638,32.0739],[73.7165,32.07397],[73.71655,32.07384]]]]}},{"type":"Feature","properties":{"lu":"Vacant Area","ct":"Existing","a":2.514},"geometry":{"type":"MultiPolygon","coordinates":[[[[73.71228,32.07077],[73.71204,32.07017],[73.71225,32.07011],[73.71197,32.06973],[73.71126,32.06998],[73.71137,32.07028],[73.71114,32.07038],[73.71143,32.07105],[73.71228,32.07077]]]]}},{"type":"Feature","properties":{"lu":"Vacant Area","ct":"Existing","a":5.867},"geometry":{"type":"MultiPolygon","coordinates":[[[[73.70117,32.06716],[73.70101,32.06717],[73.70105,32.06758],[73.70158,32.06753],[73.70156,32.06712],[73.70117,32.06716]]],[[[73.70101,32.06759],[73.70096,32.06718],[73.70082,32.06719],[73.70085,32.0676],[73.70101,32.06759]]],[[[73.70112,32.06909],[73.70184,32.06903],[73.70183,32.06892],[73.70099,32.069],[73.70101,32.0691],[73.70112,32.06909]]],[[[73.70187,32.06953],[73.70184,32.06905],[73.70164,32.06906],[73.70176,32.07014],[73.70194,32.07012],[73.70187,32.06953]]],[[[73.70118,32.06989],[73.70102,32.06988],[73.70106,32.0702],[73.70138,32.07017],[73.70126,32.06912],[73.7011,32.06913],[73.70118,32.06989]]],[[[73.70194,32.07014],[73.70177,32.07016],[73.70179,32.07035],[73.70196,32.07034],[73.70194,32.07014]]],[[[73.70265,32.06723],[73.70279,32.06724],[73.7028,32.06732],[73.70299,32.06728],[73.70296,32.06699],[73.70262,32.06702],[73.70265,32.06723]]],[[[73.70275,32.07065],[73.70276,32.07117],[73.70349,32.07117],[73.70342,32.07057],[73.70275,32.07065]]],[[[73.70269,32.07142],[73.70267,32.07096],[73.70216,32.07116],[73.70222,32.07153],[73.70269,32.07142]]],[[[73.70458,32.07146],[73.70459,32.07159],[73.70465,32.07159],[73.70458,32.07146]]],[[[73.70517,32.07167],[73.70639,32.07156],[73.70639,32.07153],[73.70525,32.07166],[73.70516,32.07165],[73.70517,32.07167]]],[[[73.70454,32.07138],[73.70353,32.07148],[73.7035,32.0712],[73.7027,32.07121],[73.70274,32.07158],[73.7032,32.07153],[73.70328,32.07213],[73.70361,32.07213],[73.70357,32.07179],[73.70428,32.07176],[73.70423,32.07144],[73.70454,32.07138]]]]}},{"type":"Feature","properties":{"lu":"Vacant Area","ct":"Existing","a":0.213},"geometry":{"type":"MultiPolygon","coordinates":[[[[73.70996,32.07108],[73.70983,32.07077],[73.70958,32.07085],[73.70971,32.07114],[73.70996,32.07108]]]]}},{"type":"Feature","properties":{"lu":"Vacant Area","ct":"Existing","a":9.786},"geometry":{"type":"MultiPolygon","coordinates":[[[[73.70934,32.0694],[73.70924,32.06907],[73.70958,32.06899],[73.70967,32.0693],[73.71065,32.06901],[73.71036,32.06843],[73.71042,32.06839],[73.70965,32.06767],[73.70884,32.06792],[73.70868,32.06747],[73.70888,32.06743],[73.70902,32.06783],[73.70962,32.06764],[73.70863,32.06666],[73.70826,32.06675],[73.70805,32.06706],[73.70794,32.06709],[73.70834,32.06804],[73.70882,32.06955],[73.70934,32.0694]]]]}},{"type":"Feature","properties":{"lu":"Vacant Area","ct":"Existing","a":0.765},"geometry":{"type":"MultiPolygon","coordinates":[[[[73.69981,32.06706],[73.69996,32.06705],[73.69996,32.06719],[73.70007,32.06723],[73.70025,32.0672],[73.7002,32.06649],[73.69974,32.06652],[73.69981,32.06706]]]]}},{"type":"Feature","properties":{"lu":"Vacant Area","ct":"Existing","a":3.93},"geometry":{"type":"MultiPolygon","coordinates":[[[[73.69958,32.05218],[73.69949,32.05147],[73.69933,32.05149],[73.69938,32.05191],[73.69902,32.05195],[73.69936,32.05189],[73.69931,32.05149],[73.6977,32.05163],[73.69815,32.05217],[73.6986,32.05212],[73.69862,32.05199],[73.69863,32.05216],[73.69817,32.05219],[73.69852,32.05262],[73.69894,32.05257],[73.69854,32.05264],[73.69864,32.05278],[73.69937,32.05269],[73.6993,32.05226],[73.69958,32.05218]],[[73.699,32.05171],[73.69898,32.05171],[73.69897,32.05152],[73.69899,32.05152],[73.69899,32.05157],[73.699,32.05171]]]]}},{"type":"Feature","properties":{"lu":"Park and Open Spaces","ct":"Existing","a":2.883},"geometry":{"type":"MultiPolygon","coordinates":[[[[73.69588,32.05189],[73.69613,32.0514],[73.69538,32.05144],[73.69522,32.05082],[73.6949,32.05093],[73.69483,32.0508],[73.69475,32.05083],[73.69487,32.05106],[73.69461,32.05116],[73.6947,32.05164],[73.69458,32.05166],[73.69467,32.05213],[73.69588,32.05189]]]]}},{"type":"Feature","properties":{"lu":"Vacant Area","ct":"Existing","a":0.032},"geometry":{"type":"MultiPolygon","coordinates":[[[[73.69177,32.07071],[73.69169,32.07072],[73.69167,32.07086],[73.69176,32.07087],[73.69177,32.07071]]]]}},{"type":"Feature","properties":{"lu":"Graveyard","ct":"Existing","a":0.83},"geometry":{"type":"MultiPolygon","coordinates":[[[[73.6894,32.06618],[73.68919,32.06615],[73.68923,32.06604],[73.68897,32.06671],[73.68949,32.06667],[73.68954,32.06688],[73.68973,32.06683],[73.68963,32.06633],[73.68946,32.06635],[73.6894,32.06618]]]]}},{"type":"Feature","properties":{"lu":"Graveyard","ct":"Existing","a":0.612},"geometry":{"type":"MultiPolygon","coordinates":[[[[73.69039,32.06875],[73.69009,32.06885],[73.69006,32.06925],[73.69062,32.06923],[73.6906,32.06891],[73.6904,32.06887],[73.69039,32.06875]]]]}},{"type":"Feature","properties":{"lu":"Vacant Area","ct":"Existing","a":0.978},"geometry":{"type":"MultiPolygon","coordinates":[[[[73.68738,32.05462],[73.68693,32.05462],[73.68694,32.05473],[73.68681,32.05474],[73.68641,32.05464],[73.68645,32.05511],[73.68723,32.05507],[73.68738,32.05462]]]]}},{"type":"Feature","properties":{"lu":"Vacant Area","ct":"Existing","a":0.065},"geometry":{"type":"MultiPolygon","coordinates":[[[[73.68373,32.05746],[73.6837,32.05732],[73.68353,32.05733],[73.68357,32.05749],[73.68373,32.05746]]]]}},{"type":"Feature","properties":{"lu":"Vacant Area","ct":"Existing","a":0.038},"geometry":{"type":"MultiPolygon","coordinates":[[[[73.68043,32.0557],[73.68042,32.05563],[73.6802,32.05564],[73.68021,32.05571],[73.68043,32.0557]]]]}},{"type":"Feature","properties":{"lu":"Vacant Area","ct":"Existing","a":0.327},"geometry":{"type":"MultiPolygon","coordinates":[[[[73.67985,32.05796],[73.67979,32.0577],[73.67937,32.05776],[73.67942,32.05803],[73.67985,32.05796]]]]}},{"type":"Feature","properties":{"lu":"Vacant Area","ct":"Existing","a":0.954},"geometry":{"type":"MultiPolygon","coordinates":[[[[73.6789,32.05786],[73.67887,32.05776],[73.67854,32.05778],[73.67875,32.0588],[73.67913,32.05873],[73.6789,32.05786]]]]}},{"type":"Feature","properties":{"lu":"Vacant Area","ct":"Existing","a":1.149},"geometry":{"type":"MultiPolygon","coordinates":[[[[73.6787,32.05881],[73.67846,32.05779],[73.67804,32.05782],[73.67829,32.05889],[73.6787,32.05881]]]]}},{"type":"Feature","properties":{"lu":"Vacant Area","ct":"Existing","a":2.174},"geometry":{"type":"MultiPolygon","coordinates":[[[[73.67795,32.05564],[73.67755,32.05571],[73.67774,32.0578],[73.67813,32.05777],[73.67795,32.05564]]]]}},{"type":"Feature","properties":{"lu":"Vacant Area","ct":"Existing","a":0.369},"geometry":{"type":"MultiPolygon","coordinates":[[[[73.67883,32.05951],[73.67872,32.05895],[73.67831,32.05903],[73.67876,32.05952],[73.67883,32.05951]]]]}},{"type":"Feature","properties":{"lu":"Vacant Area","ct":"Existing","a":0.429},"geometry":{"type":"MultiPolygon","coordinates":[[[[73.67965,32.05925],[73.67955,32.05881],[73.67921,32.05887],[73.67934,32.05938],[73.67965,32.05925]]]]}},{"type":"Feature","properties":{"lu":"Vacant Area","ct":"Existing","a":0.505},"geometry":{"type":"MultiPolygon","coordinates":[[[[73.67925,32.05943],[73.67915,32.05888],[73.67881,32.05894],[73.67892,32.05949],[73.67925,32.05943]]]]}},{"type":"Feature","properties":{"lu":"Vacant Area","ct":"Existing","a":0.534},"geometry":{"type":"MultiPolygon","coordinates":[[[[73.67987,32.05934],[73.67993,32.05962],[73.67974,32.05966],[73.67975,32.05973],[73.67986,32.05971],[73.68002,32.05996],[73.6803,32.05989],[73.68016,32.0593],[73.67987,32.05934]]]]}},{"type":"Feature","properties":{"lu":"Park and Open Spaces","ct":"Existing","a":2.227},"geometry":{"type":"MultiPolygon","coordinates":[[[[73.6741,32.05557],[73.67358,32.05483],[73.67255,32.05525],[73.67266,32.0557],[73.67311,32.05573],[73.6741,32.05557]]]]}},{"type":"Feature","properties":{"lu":"Vacant Area","ct":"Existing","a":0.58},"geometry":{"type":"MultiPolygon","coordinates":[[[[73.67939,32.04964],[73.67925,32.04938],[73.67847,32.04943],[73.67848,32.04969],[73.67939,32.04964]]]]}},{"type":"Feature","properties":{"lu":"Vacant Area","ct":"Existing","a":0.49},"geometry":{"type":"MultiPolygon","coordinates":[[[[73.6717,32.04983],[73.67168,32.0497],[73.67017,32.04982],[73.67017,32.04992],[73.66998,32.04993],[73.6717,32.04983]]]]}},{"type":"Feature","properties":{"lu":"Vacant Area","ct":"Existing","a":0.353},"geometry":{"type":"MultiPolygon","coordinates":[[[[73.6717,32.05292],[73.67171,32.05279],[73.67141,32.05282],[73.67136,32.05266],[73.671,32.05273],[73.671,32.05296],[73.6717,32.05292]]]]}},{"type":"Feature","properties":{"lu":"Vacant Area","ct":"Existing","a":0.032},"geometry":{"type":"MultiPolygon","coordinates":[[[[73.67109,32.05267],[73.67108,32.05256],[73.67098,32.05256],[73.67099,32.0527],[73.67109,32.05267]]]]}},{"type":"Feature","properties":{"lu":"Vacant Area","ct":"Existing","a":0.268},"geometry":{"type":"MultiPolygon","coordinates":[[[[73.67108,32.05239],[73.67107,32.05226],[73.67019,32.05227],[73.6702,32.05236],[73.67058,32.05234],[73.6706,32.05245],[73.67108,32.05239]]]]}},{"type":"Feature","properties":{"lu":"Vacant Area","ct":"Existing","a":0.148},"geometry":{"type":"MultiPolygon","coordinates":[[[[73.67049,32.0522],[73.67031,32.05196],[73.67018,32.05198],[73.67019,32.05223],[73.67049,32.0522]]]]}},{"type":"Feature","properties":{"lu":"Vacant Area","ct":"Existing","a":0.314},"geometry":{"type":"MultiPolygon","coordinates":[[[[73.67017,32.05167],[73.6701,32.05168],[73.66988,32.05111],[73.66975,32.05112],[73.66979,32.0517],[73.67017,32.05167]]]]}},{"type":"Feature","properties":{"lu":"Vacant Area","ct":"Existing","a":2.637},"geometry":{"type":"MultiPolygon","coordinates":[[[[73.66968,32.05113],[73.66958,32.05114],[73.66957,32.05135],[73.66946,32.05136],[73.66943,32.0516],[73.66872,32.05163],[73.66875,32.05229],[73.66944,32.05223],[73.66914,32.05229],[73.66917,32.05269],[73.66982,32.05265],[73.66968,32.05113]]]]}},{"type":"Feature","properties":{"lu":"Vacant Area","ct":"Existing","a":0.318},"geometry":{"type":"MultiPolygon","coordinates":[[[[73.6683,32.05121],[73.668,32.05122],[73.66802,32.05163],[73.66831,32.05162],[73.6683,32.05121]]]]}},{"type":"Feature","properties":{"lu":"Vacant Area","ct":"Existing","a":0.327},"geometry":{"type":"MultiPolygon","coordinates":[[[[73.66796,32.05122],[73.66766,32.05123],[73.66768,32.05165],[73.66798,32.05164],[73.66796,32.05122]]]]}},{"type":"Feature","properties":{"lu":"Vacant Area","ct":"Existing","a":0.355},"geometry":{"type":"MultiPolygon","coordinates":[[[[73.66723,32.05124],[73.6669,32.05126],[73.66693,32.05168],[73.66724,32.05167],[73.66723,32.05124]]]]}},{"type":"Feature","properties":{"lu":"Vacant Area","ct":"Existing","a":0.377},"geometry":{"type":"MultiPolygon","coordinates":[[[[73.6676,32.05123],[73.66727,32.05124],[73.66728,32.05167],[73.66762,32.05166],[73.6676,32.05123]]]]}},{"type":"Feature","properties":{"lu":"Vacant Area","ct":"Existing","a":1.05},"geometry":{"type":"MultiPolygon","coordinates":[[[[73.66675,32.05366],[73.66672,32.05326],[73.6662,32.0533],[73.66625,32.05407],[73.66677,32.05404],[73.66675,32.05366]]]]}},{"type":"Feature","properties":{"lu":"Vacant Area","ct":"Existing","a":17.434},"geometry":{"type":"MultiPolygon","coordinates":[[[[73.67189,32.05433],[73.67169,32.05377],[73.66625,32.0541],[73.66628,32.05444],[73.66912,32.05425],[73.66933,32.05615],[73.66952,32.05613],[73.66956,32.05648],[73.67216,32.05519],[73.67189,32.05433]]]]}},{"type":"Feature","properties":{"lu":"Vacant Area","ct":"Existing","a":0.189},"geometry":{"type":"MultiPolygon","coordinates":[[[[73.66966,32.05965],[73.6696,32.05971],[73.66946,32.05961],[73.6692,32.05991],[73.66934,32.06002],[73.66966,32.05965]]]]}},{"type":"Feature","properties":{"lu":"Vacant Area","ct":"Existing","a":0.052},"geometry":{"type":"MultiPolygon","coordinates":[[[[73.66654,32.06073],[73.66652,32.0609],[73.66681,32.06073],[73.66654,32.06073]]]]}},{"type":"Feature","properties":{"lu":"Vacant Area","ct":"Existing","a":3.34},"geometry":{"type":"MultiPolygon","coordinates":[[[[73.65945,32.0602],[73.65934,32.059],[73.65828,32.05908],[73.65839,32.06029],[73.65945,32.0602]]]]}},{"type":"Feature","properties":{"lu":"Vacant Area","ct":"Existing","a":19.997},"geometry":{"type":"MultiPolygon","coordinates":[[[[73.66629,32.05812],[73.66539,32.05712],[73.66233,32.05879],[73.66199,32.05886],[73.66168,32.05882],[73.66133,32.05863],[73.66109,32.05832],[73.66073,32.05832],[73.66076,32.05892],[73.66007,32.05897],[73.66016,32.06014],[73.66217,32.06004],[73.66305,32.05953],[73.66333,32.0596],[73.66629,32.05812]]]]}},{"type":"Feature","properties":{"lu":"Vacant Area","ct":"Existing","a":4.038},"geometry":{"type":"MultiPolygon","coordinates":[[[[73.66517,32.0569],[73.66506,32.05679],[73.66484,32.057],[73.6644,32.05671],[73.66433,32.05679],[73.66435,32.05695],[73.66191,32.05824],[73.66135,32.05828],[73.66153,32.05852],[73.66178,32.05863],[73.66204,32.05861],[73.66366,32.05779],[73.66517,32.0569]]]]}},{"type":"Feature","properties":{"lu":"Vacant Area","ct":"Existing","a":2.425},"geometry":{"type":"MultiPolygon","coordinates":[[[[73.66086,32.05536],[73.66065,32.05506],[73.66151,32.0545],[73.66055,32.05388],[73.6603,32.05417],[73.66049,32.05402],[73.66063,32.05414],[73.66024,32.05454],[73.66036,32.05464],[73.6601,32.05483],[73.66066,32.05551],[73.66086,32.05536]]]]}},{"type":"Feature","properties":{"lu":"Vacant Area","ct":"Existing","a":3.538},"geometry":{"type":"MultiPolygon","coordinates":[[[[73.66202,32.05621],[73.66314,32.0555],[73.66286,32.05532],[73.66182,32.056],[73.66283,32.0553],[73.66237,32.05502],[73.66095,32.05592],[73.66148,32.05645],[73.66197,32.05617],[73.66202,32.05621]]]]}},{"type":"Feature","properties":{"lu":"Vacant Area","ct":"Existing","a":0.477},"geometry":{"type":"MultiPolygon","coordinates":[[[[73.663,32.05582],[73.66328,32.05563],[73.66321,32.05554],[73.66207,32.05625],[73.66218,32.05635],[73.663,32.05582]]]]}},{"type":"Feature","properties":{"lu":"Vacant Area","ct":"Existing","a":2.315},"geometry":{"type":"MultiPolygon","coordinates":[[[[73.66232,32.05499],[73.66171,32.05461],[73.66149,32.05473],[73.66142,32.05463],[73.66072,32.05507],[73.66124,32.05569],[73.66232,32.05499]]]]}},{"type":"Feature","properties":{"lu":"Vacant Area","ct":"Existing","a":0.134},"geometry":{"type":"MultiPolygon","coordinates":[[[[73.66109,32.05559],[73.66083,32.05576],[73.66094,32.05589],[73.66119,32.05573],[73.66109,32.05559]]]]}},{"type":"Feature","properties":{"lu":"Vacant Area","ct":"Existing","a":0.987},"geometry":{"type":"MultiPolygon","coordinates":[[[[73.66181,32.06506],[73.66098,32.06344],[73.66081,32.06351],[73.66169,32.06529],[73.66175,32.06526],[73.66167,32.06512],[73.66181,32.06506]]]]}},{"type":"Feature","properties":{"lu":"Vacant Area","ct":"Existing","a":0.048},"geometry":{"type":"MultiPolygon","coordinates":[[[[73.68498,32.06657],[73.68492,32.0665],[73.68477,32.06654],[73.68482,32.06666],[73.68498,32.06657]]]]}},{"type":"Feature","properties":{"lu":"Water Body","ct":"Existing","a":0.996},"geometry":{"type":"MultiPolygon","coordinates":[[[[73.6997,32.07767],[73.69984,32.07749],[73.69945,32.07724],[73.69956,32.07713],[73.6995,32.0771],[73.69928,32.07712],[73.69902,32.07699],[73.6989,32.07714],[73.69879,32.07709],[73.69876,32.07715],[73.69902,32.07731],[73.69895,32.07741],[73.69871,32.07726],[73.69861,32.07737],[73.6989,32.07752],[73.69898,32.07744],[73.69909,32.0775],[73.69918,32.0774],[73.69929,32.07746],[73.6992,32.07757],[73.69938,32.07767],[73.69947,32.07758],[73.6997,32.07767]]]]}},{"type":"Feature","properties":{"lu":"Vacant Area","ct":"Existing","a":0.294},"geometry":{"type":"MultiPolygon","coordinates":[[[[73.70089,32.08249],[73.70068,32.08231],[73.70038,32.08254],[73.70058,32.08277],[73.70089,32.08249]]]]}},{"type":"Feature","properties":{"lu":"Vacant Area","ct":"Existing","a":0.348},"geometry":{"type":"MultiPolygon","coordinates":[[[[73.70114,32.0827],[73.70091,32.08251],[73.7006,32.08279],[73.70079,32.08301],[73.70114,32.0827]]]]}},{"type":"Feature","properties":{"lu":"Vacant Area","ct":"Existing","a":7.638},"geometry":{"type":"MultiPolygon","coordinates":[[[[73.6998,32.08042],[73.69937,32.08019],[73.69986,32.07961],[73.70003,32.07971],[73.70029,32.07951],[73.69983,32.07893],[73.69988,32.07874],[73.70001,32.07867],[73.70051,32.0787],[73.70051,32.07847],[73.70043,32.07818],[73.70016,32.07815],[73.70013,32.07849],[73.69998,32.07847],[73.70002,32.07813],[73.69981,32.0781],[73.69983,32.07797],[73.69962,32.07781],[73.69949,32.07794],[73.69978,32.07818],[73.69966,32.07829],[73.69935,32.07808],[73.69926,32.07816],[73.69974,32.07847],[73.69972,32.07854],[73.69967,32.07859],[73.69913,32.0783],[73.69895,32.07854],[73.69891,32.0788],[73.69852,32.07927],[73.69833,32.07994],[73.69871,32.08004],[73.69876,32.07996],[73.69879,32.08046],[73.69905,32.08051],[73.69948,32.08077],[73.6998,32.08042]]]]}},{"type":"Feature","properties":{"lu":"Graveyard","ct":"Existing","a":1.471},"geometry":{"type":"MultiPolygon","coordinates":[[[[73.70077,32.07938],[73.70079,32.07881],[73.70014,32.07867],[73.69988,32.07874],[73.69983,32.07893],[73.70029,32.07951],[73.70045,32.07936],[73.70077,32.07938]]]]}},{"type":"Feature","properties":{"lu":"Vacant Area","ct":"Existing","a":8.896},"geometry":{"type":"MultiPolygon","coordinates":[[[[73.72121,32.07711],[73.72317,32.0758],[73.72311,32.07573],[73.72242,32.07584],[73.72236,32.07557],[73.72265,32.07554],[73.72265,32.07527],[73.72256,32.07518],[73.72147,32.07537],[73.7215,32.07564],[73.72053,32.07576],[73.72054,32.07591],[73.7208,32.07589],[73.72081,32.07599],[73.72093,32.07596],[73.72095,32.0763],[73.71986,32.07639],[73.71993,32.07685],[73.71964,32.07688],[73.71974,32.07737],[73.72096,32.07728],[73.72103,32.07713],[73.72121,32.07711]]]]}},{"type":"Feature","properties":{"lu":"Vacant Area","ct":"Existing","a":0.537},"geometry":{"type":"MultiPolygon","coordinates":[[[[73.70043,32.08268],[73.70021,32.08242],[73.69979,32.08285],[73.70016,32.08309],[73.70043,32.08268]]]]}},{"type":"Feature","properties":{"lu":"Vacant Area","ct":"Existing","a":2.616},"geometry":{"type":"MultiPolygon","coordinates":[[[[73.69975,32.08283],[73.70019,32.0824],[73.69989,32.08204],[73.69937,32.08165],[73.69869,32.08245],[73.69953,32.08296],[73.69967,32.08278],[73.69975,32.08283]]]]}},{"type":"Feature","properties":{"lu":"Vacant Area","ct":"Existing","a":0.221},"geometry":{"type":"MultiPolygon","coordinates":[[[[73.69618,32.08032],[73.69631,32.08007],[73.69603,32.08],[73.69588,32.08017],[73.69599,32.08033],[73.69603,32.08027],[73.69618,32.08032]]]]}},{"type":"Feature","properties":{"lu":"Vacant Area","ct":"Existing","a":1.371},"geometry":{"type":"MultiPolygon","coordinates":[[[[73.69666,32.08101],[73.69708,32.08033],[73.69636,32.08008],[73.6961,32.08049],[73.69654,32.08115],[73.69666,32.08101]]]]}},{"type":"Feature","properties":{"lu":"Vacant Area","ct":"Existing","a":2.307},"geometry":{"type":"MultiPolygon","coordinates":[[[[73.69496,32.08724],[73.69491,32.08655],[73.69338,32.08667],[73.69433,32.08755],[73.69468,32.08734],[73.69467,32.0872],[73.69496,32.08717],[73.69496,32.08724]]]]}},{"type":"Feature","properties":{"lu":"Vacant Area","ct":"Existing","a":12.974},"geometry":{"type":"MultiPolygon","coordinates":[[[[73.69936,32.08923],[73.69914,32.08744],[73.69844,32.08748],[73.69833,32.08691],[73.69706,32.08701],[73.69693,32.08707],[73.69697,32.08728],[73.69623,32.08736],[73.69623,32.08745],[73.69559,32.08754],[73.69569,32.08835],[73.69549,32.08838],[73.69539,32.08822],[73.69519,32.08831],[73.69562,32.08895],[73.69576,32.08893],[73.69574,32.0888],[73.69588,32.08877],[73.69615,32.08875],[73.69618,32.08889],[73.69644,32.08888],[73.69641,32.08862],[73.69658,32.0886],[73.69654,32.08824],[73.69642,32.08823],[73.6971,32.08819],[73.69724,32.08878],[73.69751,32.08875],[73.69746,32.08835],[73.69782,32.08837],[73.69781,32.08814],[73.69853,32.08808],[73.6987,32.08927],[73.69936,32.08923]]]]}},{"type":"Feature","properties":{"lu":"Vacant Area","ct":"Existing","a":18.438},"geometry":{"type":"MultiPolygon","coordinates":[[[[73.69709,32.08341],[73.69663,32.08304],[73.69651,32.08318],[73.69677,32.08281],[73.69536,32.0821],[73.69402,32.08354],[73.69403,32.08368],[73.69417,32.08376],[73.69595,32.08453],[73.69616,32.08644],[73.69825,32.08628],[73.69819,32.08578],[73.69805,32.0857],[73.698,32.08514],[73.69773,32.08517],[73.69614,32.0846],[73.69673,32.08334],[73.69668,32.0835],[73.69693,32.08363],[73.69709,32.08341]]]]}},{"type":"Feature","properties":{"lu":"Water Body","ct":"Existing","a":0.963},"geometry":{"type":"MultiPolygon","coordinates":[[[[73.69294,32.08434],[73.69294,32.08414],[73.69312,32.0841],[73.69304,32.08398],[73.69313,32.08396],[73.69295,32.08366],[73.69236,32.08396],[73.69245,32.08412],[73.69228,32.08389],[73.69206,32.084],[73.69219,32.08413],[73.69233,32.08414],[73.69245,32.0843],[73.69259,32.08423],[73.69285,32.08437],[73.69294,32.08434]]]]}},{"type":"Feature","properties":{"lu":"Vacant Area","ct":"Existing","a":1.742},"geometry":{"type":"MultiPolygon","coordinates":[[[[73.69765,32.09416],[73.69755,32.09366],[73.69719,32.09368],[73.69717,32.09336],[73.69672,32.09336],[73.69684,32.09432],[73.69679,32.09447],[73.69765,32.09416]]]]}},{"type":"Feature","properties":{"lu":"Vacant Area","ct":"Existing","a":2.064},"geometry":{"type":"MultiPolygon","coordinates":[[[[73.69653,32.09457],[73.69668,32.09451],[73.69678,32.09433],[73.69665,32.09336],[73.69605,32.09336],[73.69599,32.09445],[73.69653,32.09457]]]]}},{"type":"Feature","properties":{"lu":"Vacant Area","ct":"Existing","a":0.948},"geometry":{"type":"MultiPolygon","coordinates":[[[[73.69581,32.0928],[73.69512,32.0928],[73.69514,32.09332],[73.69583,32.09332],[73.69581,32.0928]]]]}},{"type":"Feature","properties":{"lu":"Vacant Area","ct":"Existing","a":0.821},"geometry":{"type":"MultiPolygon","coordinates":[[[[73.69507,32.0923],[73.69493,32.09229],[73.69492,32.09419],[73.69509,32.09424],[73.69507,32.0923]]]]}},{"type":"Feature","properties":{"lu":"Vacant Area","ct":"Existing","a":3.548},"geometry":{"type":"MultiPolygon","coordinates":[[[[73.697,32.09279],[73.69697,32.09233],[73.69721,32.09231],[73.69682,32.09153],[73.69671,32.09153],[73.69673,32.0918],[73.69637,32.09183],[73.69634,32.09214],[73.6957,32.09212],[73.69569,32.09231],[73.69511,32.09232],[73.69511,32.09276],[73.69622,32.09276],[73.69625,32.09229],[73.69625,32.09276],[73.697,32.09279]]]]}},{"type":"Feature","properties":{"lu":"Water Body","ct":"Existing","a":0.071},"geometry":{"type":"MultiPolygon","coordinates":[[[[73.69597,32.09445],[73.69576,32.0944],[73.69513,32.09425],[73.69513,32.09428],[73.69596,32.09448],[73.69597,32.09445]]]]}},{"type":"Feature","properties":{"lu":"Water Body","ct":"Existing","a":0.013},"geometry":{"type":"MultiPolygon","coordinates":[[[[73.69509,32.09424],[73.69505,32.09423],[73.69492,32.09419],[73.69492,32.09422],[73.69509,32.09427],[73.69509,32.09424]]]]}},{"type":"Feature","properties":{"lu":"Water Body","ct":"Existing","a":0.053},"geometry":{"type":"MultiPolygon","coordinates":[[[[73.69653,32.09457],[73.69653,32.09456],[73.69653,32.09457],[73.69606,32.09447],[73.69599,32.09445],[73.69599,32.09449],[73.69645,32.0946],[73.69651,32.09457],[73.69653,32.09457]]]]}},{"type":"Feature","properties":{"lu":"Water Body","ct":"Existing","a":0.12},"geometry":{"type":"MultiPolygon","coordinates":[[[[73.6991,32.09483],[73.69836,32.0948],[73.69847,32.09487],[73.69912,32.09489],[73.6991,32.09483]]]]}},{"type":"Feature","properties":{"lu":"Vacant Area","ct":"Existing","a":0.842},"geometry":{"type":"MultiPolygon","coordinates":[[[[73.69985,32.09416],[73.69849,32.09444],[73.6986,32.09481],[73.6991,32.09483],[73.699,32.09446],[73.69988,32.09428],[73.69985,32.09416]]]]}},{"type":"Feature","properties":{"lu":"Vacant Area","ct":"Existing","a":0.636},"geometry":{"type":"MultiPolygon","coordinates":[[[[73.69984,32.09412],[73.69975,32.09379],[73.69942,32.09385],[73.69928,32.09347],[73.69914,32.0935],[73.69933,32.09422],[73.69984,32.09412]]]]}},{"type":"Feature","properties":{"lu":"Water Body","ct":"Existing","a":0.274},"geometry":{"type":"MultiPolygon","coordinates":[[[[73.6927,32.0885],[73.69235,32.08854],[73.69236,32.08848],[73.69219,32.08848],[73.69218,32.08863],[73.69244,32.08863],[73.69244,32.08878],[73.69269,32.0888],[73.6927,32.0885]]]]}},{"type":"Feature","properties":{"lu":"Vacant Area","ct":"Existing","a":0.191},"geometry":{"type":"MultiPolygon","coordinates":[[[[73.69247,32.09271],[73.69145,32.09271],[73.69145,32.09296],[73.69171,32.09297],[73.69172,32.09271],[73.69247,32.09271]]]]}},{"type":"Feature","properties":{"lu":"Vacant Area","ct":"Existing","a":0.484},"geometry":{"type":"MultiPolygon","coordinates":[[[[73.68795,32.08646],[73.68795,32.08673],[73.68861,32.08676],[73.6886,32.08646],[73.68795,32.08646]]]]}},{"type":"Feature","properties":{"lu":"Vacant Area","ct":"Existing","a":14.668},"geometry":{"type":"MultiPolygon","coordinates":[[[[73.68717,32.08727],[73.68745,32.08966],[73.68981,32.08973],[73.68982,32.08907],[73.68932,32.08906],[73.68982,32.08903],[73.68983,32.08841],[73.68935,32.08841],[73.68983,32.08837],[73.68984,32.0873],[73.68864,32.08729],[73.68857,32.08847],[73.6886,32.08768],[73.68773,32.08765],[73.68773,32.08726],[73.68717,32.08727]]]]}},{"type":"Feature","properties":{"lu":"Graveyard","ct":"Existing","a":3.433},"geometry":{"type":"MultiPolygon","coordinates":[[[[73.68964,32.08474],[73.68978,32.08412],[73.68825,32.08379],[73.68808,32.08439],[73.68801,32.08439],[73.68788,32.085],[73.68822,32.08507],[73.68834,32.08461],[73.68892,32.08473],[73.68914,32.08463],[73.68964,32.08474]]]]}},{"type":"Feature","properties":{"lu":"Vacant Area","ct":"Existing","a":2.699},"geometry":{"type":"MultiPolygon","coordinates":[[[[73.68924,32.084],[73.68942,32.08344],[73.68875,32.08328],[73.68869,32.08346],[73.68763,32.08322],[73.68787,32.0837],[73.6877,32.08432],[73.68808,32.08439],[73.68825,32.08379],[73.68924,32.084]]]]}},{"type":"Feature","properties":{"lu":"Vacant Area","ct":"Existing","a":0.422},"geometry":{"type":"MultiPolygon","coordinates":[[[[73.6867,32.08391],[73.68666,32.08405],[73.68765,32.0843],[73.68771,32.08414],[73.6867,32.08391]]]]}},{"type":"Feature","properties":{"lu":"Water Body","ct":"Existing","a":0.669},"geometry":{"type":"MultiPolygon","coordinates":[[[[73.68698,32.08102],[73.68655,32.08092],[73.68646,32.08122],[73.68638,32.08121],[73.68634,32.08134],[73.68709,32.08147],[73.68698,32.08102]]]]}},{"type":"Feature","properties":{"lu":"Vacant Area","ct":"Existing","a":0.351},"geometry":{"type":"MultiPolygon","coordinates":[[[[73.67934,32.08826],[73.67923,32.08851],[73.67964,32.0887],[73.67981,32.08846],[73.67934,32.08826]]]]}},{"type":"Feature","properties":{"lu":"Vacant Area","ct":"Existing","a":0.173},"geometry":{"type":"MultiPolygon","coordinates":[[[[73.67015,32.09352],[73.66977,32.09333],[73.66971,32.0935],[73.67009,32.09365],[73.67015,32.09352]]]]}},{"type":"Feature","properties":{"lu":"Vacant Area","ct":"Existing","a":0.427},"geometry":{"type":"MultiPolygon","coordinates":[[[[73.67051,32.09368],[73.67018,32.09352],[73.66998,32.09399],[73.67028,32.0941],[73.67051,32.09368]]]]}},{"type":"Feature","properties":{"lu":"Vacant Area","ct":"Existing","a":0.484},"geometry":{"type":"MultiPolygon","coordinates":[[[[73.67088,32.09351],[73.67074,32.09375],[73.67055,32.09369],[73.67031,32.09411],[73.6706,32.09423],[73.67099,32.09354],[73.67088,32.09351]]]]}},{"type":"Feature","properties":{"lu":"Vacant Area","ct":"Existing","a":12.037},"geometry":{"type":"MultiPolygon","coordinates":[[[[73.67013,32.08072],[73.66988,32.08086],[73.67012,32.08122],[73.67038,32.08108],[73.67013,32.08072]]],[[[73.67343,32.08423],[73.6736,32.0831],[73.6723,32.08195],[73.6718,32.08228],[73.6716,32.082],[73.67189,32.08176],[73.67161,32.08176],[73.6714,32.08166],[73.67059,32.08083],[73.66992,32.08003],[73.67086,32.08105],[73.6711,32.08088],[73.66989,32.07954],[73.66969,32.07964],[73.66982,32.07975],[73.66877,32.08028],[73.66936,32.08107],[73.67015,32.08067],[73.67084,32.0816],[73.67097,32.08153],[73.67275,32.0839],[73.67334,32.08453],[73.67343,32.08423]]]]}},{"type":"Feature","properties":{"lu":"Vacant Area","ct":"Existing","a":6.957},"geometry":{"type":"MultiPolygon","coordinates":[[[[73.66756,32.08064],[73.66666,32.08108],[73.66693,32.08147],[73.6671,32.0814],[73.66783,32.08245],[73.66797,32.08237],[73.66765,32.08187],[73.668,32.08235],[73.66827,32.08221],[73.66792,32.08171],[73.66831,32.08219],[73.66857,32.08206],[73.66821,32.08155],[73.66861,32.08204],[73.66888,32.08189],[73.66852,32.08139],[73.66891,32.08188],[73.6692,32.08172],[73.66883,32.08121],[73.66924,32.0817],[73.66957,32.08152],[73.66897,32.08061],[73.66798,32.08116],[73.66756,32.08064]]]]}},{"type":"Feature","properties":{"lu":"Vacant Area","ct":"Existing","a":0.232},"geometry":{"type":"MultiPolygon","coordinates":[[[[73.67019,32.08195],[73.6698,32.08143],[73.66967,32.08151],[73.67008,32.08201],[73.67019,32.08195]]]]}},{"type":"Feature","properties":{"lu":"Vacant Area","ct":"Existing","a":0.258},"geometry":{"type":"MultiPolygon","coordinates":[[[[73.66838,32.08293],[73.668,32.08241],[73.66786,32.08249],[73.66825,32.083],[73.66838,32.08293]]]]}},{"type":"Feature","properties":{"lu":"Vacant Area","ct":"Existing","a":0.326},"geometry":{"type":"MultiPolygon","coordinates":[[[[73.6697,32.08222],[73.66952,32.08198],[73.66914,32.08218],[73.66932,32.08242],[73.6697,32.08222]]]]}},{"type":"Feature","properties":{"lu":"Vacant Area","ct":"Existing","a":0.48},"geometry":{"type":"MultiPolygon","coordinates":[[[[73.66898,32.0826],[73.6686,32.08209],[73.66835,32.08223],[73.66872,32.08274],[73.66898,32.0826]]]]}},{"type":"Feature","properties":{"lu":"Vacant Area","ct":"Existing","a":0.497},"geometry":{"type":"MultiPolygon","coordinates":[[[[73.66928,32.08244],[73.66892,32.08193],[73.66864,32.08207],[73.66901,32.08258],[73.66928,32.08244]]]]}},{"type":"Feature","properties":{"lu":"Vacant Area","ct":"Existing","a":0.503},"geometry":{"type":"MultiPolygon","coordinates":[[[[73.66867,32.08277],[73.66831,32.08224],[73.66803,32.08239],[73.66842,32.08291],[73.66867,32.08277]]]]}},{"type":"Feature","properties":{"lu":"Vacant Area","ct":"Existing","a":0.53},"geometry":{"type":"MultiPolygon","coordinates":[[[[73.67003,32.08204],[73.66963,32.08153],[73.66936,32.08169],[73.66974,32.0822],[73.67003,32.08204]]]]}},{"type":"Feature","properties":{"lu":"Vacant Area","ct":"Existing","a":1.03},"geometry":{"type":"MultiPolygon","coordinates":[[[[73.67078,32.08163],[73.67042,32.08111],[73.66985,32.08141],[73.67023,32.08192],[73.67078,32.08163]]]]}},{"type":"Feature","properties":{"lu":"Water Body","ct":"Existing","a":0.344},"geometry":{"type":"MultiPolygon","coordinates":[[[[73.6677,32.08929],[73.66748,32.0887],[73.66731,32.08871],[73.66762,32.08955],[73.6677,32.08929]]]]}},{"type":"Feature","properties":{"lu":"Vacant Area","ct":"Existing","a":15.451},"geometry":{"type":"MultiPolygon","coordinates":[[[[73.66653,32.07028],[73.66648,32.07017],[73.66703,32.07002],[73.66711,32.07018],[73.66807,32.06988],[73.66802,32.06979],[73.66751,32.06999],[73.66766,32.06991],[73.66731,32.0692],[73.66701,32.06931],[73.66715,32.06957],[73.66689,32.06967],[73.66698,32.06983],[73.6664,32.07002],[73.66632,32.06986],[73.66712,32.06956],[73.66698,32.06932],[73.66644,32.06946],[73.66666,32.06939],[73.66658,32.06919],[73.66667,32.06938],[73.66696,32.06928],[73.66676,32.06888],[73.66672,32.06872],[73.66687,32.06867],[73.66674,32.06839],[73.66707,32.06827],[73.66703,32.06821],[73.66685,32.06828],[73.6668,32.06817],[73.66653,32.06837],[73.6664,32.06811],[73.66623,32.06816],[73.66612,32.06793],[73.66487,32.06836],[73.66494,32.06858],[73.66458,32.06869],[73.66468,32.06889],[73.66424,32.06909],[73.66434,32.06925],[73.66414,32.06936],[73.66439,32.06982],[73.66402,32.06995],[73.66378,32.06951],[73.66317,32.06973],[73.66344,32.07024],[73.66365,32.07016],[73.66373,32.07032],[73.66653,32.07028]]]]}},{"type":"Feature","properties":{"lu":"Vacant Area","ct":"Existing","a":6.103},"geometry":{"type":"MultiPolygon","coordinates":[[[[73.6747,32.07001],[73.67506,32.06997],[73.67506,32.06918],[73.67553,32.0692],[73.67558,32.06994],[73.67592,32.06995],[73.67609,32.069],[73.67569,32.06894],[73.67573,32.06879],[73.67589,32.0688],[73.67594,32.06858],[73.6743,32.06827],[73.67426,32.06879],[73.67438,32.06928],[73.67399,32.06925],[73.67398,32.0697],[73.67411,32.0697],[73.67432,32.07004],[73.6747,32.07001]]]]}},{"type":"Feature","properties":{"lu":"Vacant Area","ct":"Existing","a":1.771},"geometry":{"type":"MultiPolygon","coordinates":[[[[73.66818,32.06919],[73.6683,32.06914],[73.66847,32.06948],[73.6694,32.06914],[73.66912,32.06855],[73.66805,32.06894],[73.66818,32.06919]]]]}},{"type":"Feature","properties":{"lu":"Vacant Area","ct":"Existing","a":0.524},"geometry":{"type":"MultiPolygon","coordinates":[[[[73.66891,32.07006],[73.66863,32.06947],[73.66803,32.06971],[73.66811,32.06987],[73.66861,32.06972],[73.66878,32.07013],[73.66891,32.07006]]]]}},{"type":"Feature","properties":{"lu":"Graveyard","ct":"Existing","a":5.573},"geometry":{"type":"MultiPolygon","coordinates":[[[[73.66482,32.07167],[73.66429,32.07052],[73.66301,32.07055],[73.663,32.07067],[73.6627,32.07076],[73.66279,32.07125],[73.66345,32.07186],[73.66378,32.07171],[73.66393,32.072],[73.66482,32.07167]]]]}},{"type":"Feature","properties":{"lu":"Vacant Area","ct":"Existing","a":2.204},"geometry":{"type":"MultiPolygon","coordinates":[[[[73.66595,32.07065],[73.66461,32.07116],[73.66484,32.07167],[73.6662,32.07121],[73.66609,32.07098],[73.66613,32.07088],[73.66595,32.07065]]]]}},{"type":"Feature","properties":{"lu":"Vacant Area","ct":"Existing","a":1.837},"geometry":{"type":"MultiPolygon","coordinates":[[[[73.66914,32.07398],[73.6691,32.07388],[73.66973,32.07362],[73.6693,32.07273],[73.66863,32.07298],[73.66882,32.07339],[73.66927,32.07327],[73.66939,32.07354],[73.66868,32.07383],[73.66886,32.07421],[73.66919,32.07409],[73.66914,32.07398]]]]}},{"type":"Feature","properties":{"lu":"Vacant Area","ct":"Existing","a":0.087},"geometry":{"type":"MultiPolygon","coordinates":[[[[73.66085,32.07451],[73.66124,32.07524],[73.66113,32.07527],[73.66128,32.07523],[73.66085,32.07451]]]]}},{"type":"Feature","properties":{"lu":"Vacant Area","ct":"Existing","a":0.429},"geometry":{"type":"MultiPolygon","coordinates":[[[[73.65982,32.07423],[73.65997,32.07416],[73.65966,32.07358],[73.65942,32.07366],[73.65975,32.07426],[73.65982,32.07423]]]]}},{"type":"Feature","properties":{"lu":"Vacant Area","ct":"Existing","a":5.887},"geometry":{"type":"MultiPolygon","coordinates":[[[[73.6854,32.04926],[73.68528,32.04873],[73.68364,32.04899],[73.68369,32.04925],[73.68392,32.04922],[73.68413,32.05007],[73.68194,32.0504],[73.68435,32.05021],[73.68425,32.04962],[73.68464,32.04954],[73.68474,32.05015],[73.68573,32.05002],[73.68559,32.04923],[73.6854,32.04926]]],[[[73.68459,32.0496],[73.6843,32.04965],[73.68439,32.0502],[73.68469,32.05016],[73.68459,32.0496]]]]}},{"type":"Feature","properties":{"lu":"Vacant Area","ct":"Existing","a":2.249},"geometry":{"type":"MultiPolygon","coordinates":[[[[73.68591,32.05006],[73.6851,32.05017],[73.68541,32.05178],[73.6857,32.0517],[73.68548,32.05054],[73.68637,32.0504],[73.6863,32.05001],[73.68591,32.05006]]]]}},{"type":"Feature","properties":{"lu":"Vacant Area","ct":"Existing","a":0.218},"geometry":{"type":"MultiPolygon","coordinates":[[[[73.6859,32.05],[73.68575,32.04927],[73.68565,32.04928],[73.68578,32.05002],[73.6859,32.05]]]]}},{"type":"Feature","properties":{"lu":"Vacant Area","ct":"Existing","a":0.83},"geometry":{"type":"MultiPolygon","coordinates":[[[[73.68232,32.05099],[73.68223,32.05043],[73.6817,32.05045],[73.68177,32.05106],[73.68232,32.05099]]]]}},{"type":"Feature","properties":{"lu":"Vacant Area","ct":"Existing","a":1.35},"geometry":{"type":"MultiPolygon","coordinates":[[[[73.68339,32.05084],[73.68329,32.05039],[73.68227,32.05042],[73.68236,32.05099],[73.68339,32.05084]]]]}},{"type":"Feature","properties":{"lu":"Vacant Area","ct":"Existing","a":1.294},"geometry":{"type":"MultiPolygon","coordinates":[[[[73.68536,32.05178],[73.68507,32.05017],[73.68476,32.05022],[73.68506,32.05183],[73.68536,32.05178]]]]}},{"type":"Feature","properties":{"lu":"Vacant Area","ct":"Existing","a":0.584},"geometry":{"type":"MultiPolygon","coordinates":[[[[73.71666,32.07389],[73.71624,32.07356],[73.71615,32.07384],[73.71584,32.07399],[73.71716,32.07418],[73.71666,32.07389]],[[73.71658,32.07389],[73.7165,32.07397],[73.71638,32.0739],[73.71651,32.07381],[73.71658,32.07389]]]]}},{"type":"Feature","properties":{"lu":"Vacant Area","ct":"Existing","a":4.143},"geometry":{"type":"MultiPolygon","coordinates":[[[[73.66419,32.07594],[73.66572,32.07557],[73.66519,32.07561],[73.66405,32.07544],[73.66369,32.07552],[73.6632,32.07479],[73.66136,32.07562],[73.66248,32.07518],[73.66329,32.07616],[73.66419,32.07594]]]]}},{"type":"Feature","properties":{"lu":"Vacant Area","ct":"Existing","a":1.682},"geometry":{"type":"MultiPolygon","coordinates":[[[[73.2784,31.8904],[73.27845,31.89027],[73.27825,31.89025],[73.2783,31.89001],[73.27866,31.89005],[73.27853,31.88999],[73.27856,31.88976],[73.27812,31.88974],[73.2781,31.88997],[73.27794,31.88996],[73.27796,31.88974],[73.27777,31.88973],[73.27776,31.88981],[73.27766,31.88981],[73.27765,31.89003],[73.27782,31.89004],[73.27779,31.89013],[73.27765,31.89012],[73.27757,31.89054],[73.27774,31.89057],[73.2777,31.89072],[73.27813,31.89081],[73.27822,31.89037],[73.2784,31.8904]]]]}},{"type":"Feature","properties":{"lu":"Vacant Area","ct":"Existing","a":0.396},"geometry":{"type":"MultiPolygon","coordinates":[[[[73.27845,31.89125],[73.27839,31.89152],[73.27896,31.89158],[73.279,31.89132],[73.27845,31.89125]]]]}},{"type":"Feature","properties":{"lu":"Vacant Area","ct":"Existing","a":1.646},"geometry":{"type":"MultiPolygon","coordinates":[[[[73.2841,31.8914],[73.28174,31.89124],[73.28172,31.89152],[73.28409,31.89167],[73.2841,31.8914]]]]}},{"type":"Feature","properties":{"lu":"Vacant Area","ct":"Existing","a":0.717},"geometry":{"type":"MultiPolygon","coordinates":[[[[73.28931,31.89255],[73.2893,31.89243],[73.28951,31.89238],[73.28948,31.89224],[73.28931,31.89227],[73.28926,31.89194],[73.28877,31.89205],[73.28823,31.89235],[73.28903,31.89223],[73.28913,31.89257],[73.28931,31.89255]]]]}},{"type":"Feature","properties":{"lu":"Graveyard","ct":"Existing","a":0.962},"geometry":{"type":"MultiPolygon","coordinates":[[[[73.27659,31.89206],[73.27673,31.8919],[73.27671,31.8915],[73.27665,31.89139],[73.27634,31.89137],[73.27613,31.89152],[73.27607,31.89183],[73.27629,31.89202],[73.27659,31.89206]]]]}},{"type":"Feature","properties":{"lu":"Vacant Area","ct":"Existing","a":0.688},"geometry":{"type":"MultiPolygon","coordinates":[[[[73.29081,31.89263],[73.29062,31.89266],[73.29063,31.89254],[73.29079,31.89251],[73.29071,31.8921],[73.29051,31.89213],[73.29049,31.89203],[73.29034,31.89205],[73.2905,31.8929],[73.29085,31.89285],[73.29081,31.89263]]]]}},{"type":"Feature","properties":{"lu":"Vacant Area","ct":"Existing","a":0.547},"geometry":{"type":"MultiPolygon","coordinates":[[[[73.29041,31.89279],[73.29027,31.89206],[73.28992,31.89212],[73.29001,31.89262],[73.29025,31.89259],[73.29031,31.8928],[73.29041,31.89279]]]]}},{"type":"Feature","properties":{"lu":"Park and Open Spaces","ct":"Existing","a":0.389},"geometry":{"type":"MultiPolygon","coordinates":[[[[73.28897,31.89312],[73.28892,31.89285],[73.28836,31.89294],[73.28842,31.8932],[73.28897,31.89312]]]]}},{"type":"Feature","properties":{"lu":"Vacant Area","ct":"Existing","a":1.465},"geometry":{"type":"MultiPolygon","coordinates":[[[[73.28582,31.89322],[73.28592,31.89359],[73.28734,31.89346],[73.28727,31.89306],[73.28582,31.89322]]]]}},{"type":"Feature","properties":{"lu":"Vacant Area","ct":"Existing","a":1.884},"geometry":{"type":"MultiPolygon","coordinates":[[[[73.29138,31.89213],[73.29113,31.89126],[73.29061,31.89137],[73.28984,31.89175],[73.28996,31.89195],[73.29031,31.89188],[73.29033,31.892],[73.29112,31.89189],[73.29117,31.89216],[73.29138,31.89213]]]]}},{"type":"Feature","properties":{"lu":"Vacant Area","ct":"Existing","a":0.721},"geometry":{"type":"MultiPolygon","coordinates":[[[[73.29594,31.89546],[73.29591,31.89532],[73.29577,31.89534],[73.2957,31.89511],[73.29568,31.89488],[73.29582,31.89487],[73.29575,31.89456],[73.29515,31.89547],[73.29594,31.89546]]]]}},{"type":"Feature","properties":{"lu":"Vacant Area","ct":"Existing","a":2.368},"geometry":{"type":"MultiPolygon","coordinates":[[[[73.28786,31.89543],[73.28768,31.89446],[73.28804,31.89441],[73.28799,31.89418],[73.28679,31.89439],[73.2869,31.89484],[73.28715,31.89483],[73.28722,31.89544],[73.28786,31.89543]]]]}},{"type":"Feature","properties":{"lu":"Vacant Area","ct":"Existing","a":0.531},"geometry":{"type":"MultiPolygon","coordinates":[[[[73.27406,31.895],[73.27406,31.89523],[73.27497,31.89525],[73.27499,31.89503],[73.27406,31.895]]]]}},{"type":"Feature","properties":{"lu":"Graveyard","ct":"Existing","a":4.408},"geometry":{"type":"MultiPolygon","coordinates":[[[[73.29813,31.89656],[73.29791,31.89564],[73.29652,31.89576],[73.29747,31.89691],[73.29782,31.89697],[73.29787,31.89663],[73.29793,31.89665],[73.2979,31.89687],[73.29821,31.89688],[73.2983,31.89726],[73.29883,31.8972],[73.29872,31.89652],[73.29813,31.89656]]]]}},{"type":"Feature","properties":{"lu":"Graveyard","ct":"Existing","a":3.963},"geometry":{"type":"MultiPolygon","coordinates":[[[[73.2976,31.89722],[73.29645,31.89577],[73.29554,31.89581],[73.29581,31.89653],[73.29789,31.89757],[73.2976,31.89722]]]]}},{"type":"Feature","properties":{"lu":"Vacant Area","ct":"Existing","a":1.247},"geometry":{"type":"MultiPolygon","coordinates":[[[[73.26649,31.89707],[73.26652,31.8968],[73.26635,31.89679],[73.26637,31.89657],[73.26621,31.89654],[73.26624,31.89635],[73.26586,31.89619],[73.26583,31.89668],[73.26601,31.8967],[73.26599,31.89695],[73.26617,31.89696],[73.26616,31.89708],[73.26581,31.89705],[73.2658,31.89734],[73.26628,31.89737],[73.26632,31.89707],[73.26649,31.89707]]]]}},{"type":"Feature","properties":{"lu":"Vacant Area","ct":"Existing","a":2.65},"geometry":{"type":"MultiPolygon","coordinates":[[[[73.26357,31.89532],[73.26341,31.89552],[73.26338,31.89593],[73.26422,31.89605],[73.26421,31.89617],[73.26434,31.89618],[73.26432,31.89632],[73.2644,31.89633],[73.26437,31.89668],[73.26468,31.89678],[73.26504,31.89596],[73.26482,31.89585],[73.26486,31.89579],[73.26406,31.8955],[73.26404,31.89565],[73.26397,31.89566],[73.26399,31.89547],[73.26357,31.89532]]]]}},{"type":"Feature","properties":{"lu":"Vacant Area","ct":"Existing","a":1.492},"geometry":{"type":"MultiPolygon","coordinates":[[[[73.29073,31.89813],[73.29141,31.89788],[73.2913,31.89728],[73.29042,31.89743],[73.29067,31.89814],[73.29073,31.89813]]]]}},{"type":"Feature","properties":{"lu":"Vacant Area","ct":"Existing","a":0.448},"geometry":{"type":"MultiPolygon","coordinates":[[[[73.28067,31.89823],[73.28061,31.89787],[73.28014,31.89791],[73.28017,31.89826],[73.28067,31.89823]]]]}},{"type":"Feature","properties":{"lu":"Graveyard","ct":"Existing","a":13.346},"geometry":{"type":"MultiPolygon","coordinates":[[[[73.26962,31.89876],[73.2694,31.89879],[73.26928,31.89862],[73.26933,31.89836],[73.26942,31.89835],[73.26943,31.8981],[73.26911,31.8981],[73.26901,31.89796],[73.26904,31.89749],[73.26879,31.89735],[73.26882,31.8973],[73.26776,31.89686],[73.2672,31.89703],[73.26688,31.89737],[73.26663,31.89793],[73.26674,31.89833],[73.26708,31.89882],[73.26713,31.89916],[73.26764,31.89931],[73.26821,31.89935],[73.2683,31.89945],[73.26878,31.89952],[73.26872,31.89918],[73.26924,31.89913],[73.26928,31.89897],[73.26943,31.89894],[73.26962,31.89876]]]]}},{"type":"Feature","properties":{"lu":"Vacant Area","ct":"Existing","a":1.484},"geometry":{"type":"MultiPolygon","coordinates":[[[[73.2821,31.90159],[73.27899,31.90132],[73.27897,31.90151],[73.28131,31.90171],[73.28208,31.90173],[73.2821,31.90159]]]]}},{"type":"Feature","properties":{"lu":"Vacant Area","ct":"Existing","a":1.048},"geometry":{"type":"MultiPolygon","coordinates":[[[[73.28084,31.90171],[73.27938,31.9016],[73.27936,31.90188],[73.28044,31.90197],[73.28044,31.90181],[73.28057,31.90184],[73.28056,31.90198],[73.28092,31.90201],[73.28091,31.90188],[73.28082,31.90187],[73.28084,31.90171]]]]}},{"type":"Feature","properties":{"lu":"Vacant Area","ct":"Existing","a":0.596},"geometry":{"type":"MultiPolygon","coordinates":[[[[73.28208,31.90179],[73.2814,31.90174],[73.28131,31.90179],[73.28126,31.90202],[73.28206,31.90206],[73.28208,31.90179]]]]}},{"type":"Feature","properties":{"lu":"Vacant Area","ct":"Existing","a":0.505},"geometry":{"type":"MultiPolygon","coordinates":[[[[73.27886,31.90188],[73.27816,31.90181],[73.27812,31.90208],[73.27884,31.90215],[73.27886,31.90188]]]]}},{"type":"Feature","properties":{"lu":"Vacant Area","ct":"Existing","a":1.288},"geometry":{"type":"MultiPolygon","coordinates":[[[[73.28101,31.90227],[73.28084,31.90226],[73.28085,31.90215],[73.28113,31.90206],[73.27994,31.90197],[73.27993,31.90211],[73.27978,31.90212],[73.27978,31.90196],[73.2792,31.90191],[73.27918,31.90219],[73.28061,31.90232],[73.28102,31.90233],[73.28101,31.90227]]]]}},{"type":"Feature","properties":{"lu":"Vacant Area","ct":"Existing","a":0.679},"geometry":{"type":"MultiPolygon","coordinates":[[[[73.28191,31.90239],[73.28106,31.90238],[73.28107,31.90268],[73.28197,31.90267],[73.28191,31.90239]]]]}},{"type":"Feature","properties":{"lu":"Vacant Area","ct":"Existing","a":0.283},"geometry":{"type":"MultiPolygon","coordinates":[[[[73.27775,31.90285],[73.27763,31.90284],[73.27759,31.90315],[73.27793,31.90318],[73.27799,31.90286],[73.27775,31.90285]]]]}},{"type":"Feature","properties":{"lu":"Vacant Area","ct":"Existing","a":0.266},"geometry":{"type":"MultiPolygon","coordinates":[[[[73.27855,31.90291],[73.27842,31.9029],[73.27838,31.90322],[73.27871,31.90324],[73.27874,31.90293],[73.27855,31.90291]]]]}},{"type":"Feature","properties":{"lu":"Vacant Area","ct":"Existing","a":0.563},"geometry":{"type":"MultiPolygon","coordinates":[[[[73.27914,31.90255],[73.27886,31.90253],[73.27877,31.90325],[73.27908,31.90327],[73.27914,31.90255]]]]}},{"type":"Feature","properties":{"lu":"Vacant Area","ct":"Existing","a":3.575},"geometry":{"type":"MultiPolygon","coordinates":[[[[73.26479,31.90286],[73.26496,31.90287],[73.26497,31.90243],[73.26546,31.90243],[73.26548,31.90211],[73.2653,31.90208],[73.26528,31.90218],[73.26504,31.90215],[73.26518,31.90183],[73.26478,31.90181],[73.2647,31.90215],[73.26444,31.9021],[73.26452,31.90172],[73.26514,31.9018],[73.26493,31.90168],[73.26499,31.9016],[73.26492,31.90131],[73.26398,31.90153],[73.2639,31.90228],[73.26403,31.90224],[73.26419,31.90244],[73.26429,31.90241],[73.26421,31.90259],[73.26435,31.90285],[73.26445,31.90285],[73.26441,31.90273],[73.26452,31.90273],[73.26457,31.90292],[73.26479,31.90286]]]]}},{"type":"Feature","properties":{"lu":"Vacant Area","ct":"Existing","a":4.734},"geometry":{"type":"MultiPolygon","coordinates":[[[[73.27076,31.90222],[73.27033,31.90079],[73.27008,31.90084],[73.27007,31.90099],[73.26955,31.90108],[73.26941,31.90115],[73.26942,31.90124],[73.26904,31.90118],[73.26895,31.9014],[73.26884,31.90138],[73.26879,31.90152],[73.26865,31.90148],[73.26863,31.90163],[73.26876,31.90164],[73.26874,31.90174],[73.26906,31.90177],[73.26912,31.90212],[73.26963,31.90215],[73.26971,31.90201],[73.26998,31.90199],[73.26996,31.90221],[73.27076,31.90222]]]]}},{"type":"Feature","properties":{"lu":"Vacant Area","ct":"Existing","a":0.22},"geometry":{"type":"MultiPolygon","coordinates":[[[[73.27908,31.90333],[73.27876,31.90329],[73.27873,31.90356],[73.27906,31.90359],[73.27908,31.90333]]]]}},{"type":"Feature","properties":{"lu":"Vacant Area","ct":"Existing","a":4.041},"geometry":{"type":"MultiPolygon","coordinates":[[[[73.26157,31.90347],[73.26344,31.90307],[73.26335,31.90285],[73.26191,31.90327],[73.26241,31.90309],[73.26236,31.90295],[73.26245,31.90291],[73.26237,31.90274],[73.2626,31.90267],[73.26256,31.90254],[73.26261,31.90252],[73.26257,31.90238],[73.26231,31.90246],[73.26236,31.90262],[73.26194,31.9027],[73.26188,31.90253],[73.26308,31.90219],[73.26301,31.90203],[73.26245,31.90219],[73.26248,31.90226],[73.26238,31.90228],[73.26236,31.90222],[73.26105,31.90261],[73.2613,31.9035],[73.26157,31.90347]]]]}},{"type":"Feature","properties":{"lu":"Vacant Area","ct":"Existing","a":0.33},"geometry":{"type":"MultiPolygon","coordinates":[[[[73.26384,31.90359],[73.26372,31.90337],[73.26323,31.90355],[73.26333,31.90376],[73.26384,31.90359]]]]}},{"type":"Feature","properties":{"lu":"Vacant Area","ct":"Existing","a":0.41},"geometry":{"type":"MultiPolygon","coordinates":[[[[73.26322,31.90375],[73.26298,31.90324],[73.26273,31.9033],[73.26296,31.90386],[73.26322,31.90375]]]]}},{"type":"Feature","properties":{"lu":"Vacant Area","ct":"Existing","a":0.417},"geometry":{"type":"MultiPolygon","coordinates":[[[[73.26271,31.90341],[73.26266,31.90331],[73.26241,31.90337],[73.26268,31.90397],[73.26291,31.90388],[73.26271,31.90341]]]]}},{"type":"Feature","properties":{"lu":"Vacant Area","ct":"Existing","a":0.537},"geometry":{"type":"MultiPolygon","coordinates":[[[[73.26422,31.90436],[73.26407,31.90402],[73.26353,31.90421],[73.26367,31.90454],[73.26422,31.90436]]]]}},{"type":"Feature","properties":{"lu":"Vacant Area","ct":"Existing","a":14.85},"geometry":{"type":"MultiPolygon","coordinates":[[[[73.27587,31.90426],[73.27588,31.90407],[73.27568,31.90404],[73.27576,31.90359],[73.27585,31.90359],[73.27586,31.90347],[73.27618,31.90346],[73.2763,31.90272],[73.27612,31.9027],[73.27611,31.9023],[73.27622,31.9023],[73.27623,31.9022],[73.27642,31.90225],[73.27643,31.90213],[73.27598,31.90206],[73.27605,31.90178],[73.27636,31.9018],[73.27636,31.90168],[73.27602,31.90168],[73.27601,31.90148],[73.27624,31.90144],[73.27623,31.90137],[73.27567,31.90146],[73.27563,31.90198],[73.27539,31.90203],[73.27539,31.9021],[73.27561,31.90213],[73.27557,31.90247],[73.27473,31.90245],[73.27465,31.90172],[73.27456,31.90174],[73.27455,31.9019],[73.27421,31.90192],[73.27421,31.90182],[73.27387,31.90191],[73.27368,31.90229],[73.2742,31.90231],[73.2742,31.90265],[73.27388,31.90263],[73.27386,31.9028],[73.27343,31.90275],[73.2733,31.90301],[73.27369,31.90307],[73.27369,31.90329],[73.27321,31.90325],[73.27342,31.904],[73.27406,31.90401],[73.27404,31.90417],[73.27389,31.90418],[73.2739,31.90438],[73.27354,31.9044],[73.27358,31.90459],[73.2748,31.90446],[73.27479,31.90437],[73.2754,31.90427],[73.27587,31.90426]]]]}},{"type":"Feature","properties":{"lu":"Vacant Area","ct":"Existing","a":0.936},"geometry":{"type":"MultiPolygon","coordinates":[[[[73.26493,31.90464],[73.26483,31.90447],[73.26523,31.90429],[73.2651,31.9041],[73.26474,31.90423],[73.26481,31.90434],[73.26376,31.90474],[73.26383,31.90492],[73.2646,31.90465],[73.26471,31.90478],[73.26493,31.90464]]]]}},{"type":"Feature","properties":{"lu":"Vacant Area","ct":"Existing","a":0.473},"geometry":{"type":"MultiPolygon","coordinates":[[[[73.26461,31.9047],[73.26385,31.90496],[73.26398,31.90525],[73.26467,31.9048],[73.26461,31.9047]]]]}},{"type":"Feature","properties":{"lu":"Vacant Area","ct":"Existing","a":0.473},"geometry":{"type":"MultiPolygon","coordinates":[[[[73.26394,31.90527],[73.2637,31.90475],[73.26342,31.90486],[73.26368,31.90543],[73.26394,31.90527]]]]}},{"type":"Feature","properties":{"lu":"Vacant Area","ct":"Existing","a":0.641},"geometry":{"type":"MultiPolygon","coordinates":[[[[73.26273,31.90493],[73.26305,31.90565],[73.26312,31.90572],[73.26336,31.9056],[73.26297,31.90483],[73.26273,31.90493]]]]}},{"type":"Feature","properties":{"lu":"Vacant Area","ct":"Existing","a":5.096},"geometry":{"type":"MultiPolygon","coordinates":[[[[73.28095,31.90444],[73.28062,31.90444],[73.28061,31.90427],[73.27972,31.90424],[73.2797,31.90451],[73.27906,31.90447],[73.27904,31.90467],[73.27878,31.90465],[73.27879,31.90447],[73.27856,31.90447],[73.27855,31.90483],[73.27873,31.90482],[73.27872,31.90516],[73.2792,31.90517],[73.27918,31.90536],[73.27965,31.90534],[73.27967,31.90526],[73.28094,31.90528],[73.28095,31.90444]]]]}},{"type":"Feature","properties":{"lu":"Vacant Area","ct":"Existing","a":2.025},"geometry":{"type":"MultiPolygon","coordinates":[[[[73.27325,31.91208],[73.27292,31.91071],[73.27264,31.91063],[73.27263,31.91105],[73.27278,31.91173],[73.2719,31.91216],[73.272,31.91228],[73.27325,31.91208]]]]}},{"type":"Feature","properties":{"lu":"Vacant Area","ct":"Existing","a":0.902},"geometry":{"type":"MultiPolygon","coordinates":[[[[73.27731,31.91751],[73.27715,31.91751],[73.27719,31.91792],[73.27807,31.91791],[73.27805,31.91755],[73.27731,31.91751]]]]}},{"type":"Feature","properties":{"lu":"Vacant Area","ct":"Existing","a":7.108},"geometry":{"type":"MultiPolygon","coordinates":[[[[73.27084,31.89715],[73.27077,31.89714],[73.27079,31.89691],[73.27114,31.89693],[73.27121,31.89624],[73.27174,31.89628],[73.27178,31.89601],[73.27158,31.89599],[73.2716,31.89567],[73.27089,31.89563],[73.27095,31.89532],[73.27069,31.8953],[73.27067,31.89493],[73.27059,31.89493],[73.27058,31.8948],[73.27046,31.89481],[73.27037,31.89454],[73.26971,31.89457],[73.2697,31.89446],[73.26956,31.89447],[73.26957,31.89462],[73.26966,31.89462],[73.26965,31.89552],[73.26996,31.89524],[73.27,31.89492],[73.27027,31.89493],[73.27033,31.89511],[73.27024,31.89528],[73.26997,31.89529],[73.26973,31.89548],[73.26965,31.8956],[73.26985,31.89561],[73.26994,31.89585],[73.26954,31.89582],[73.26945,31.89623],[73.26984,31.89626],[73.26985,31.89643],[73.27012,31.89645],[73.27015,31.8959],[73.27094,31.89596],[73.27093,31.89621],[73.27059,31.89621],[73.27059,31.89651],[73.27084,31.89653],[73.27084,31.89659],[73.27067,31.89656],[73.27065,31.8968],[73.27044,31.89678],[73.27048,31.89652],[73.26986,31.89647],[73.26989,31.89678],[73.27033,31.89687],[73.27029,31.89705],[73.27067,31.89712],[73.27065,31.8974],[73.27073,31.89742],[73.27084,31.89715]]]]}},{"type":"Feature","properties":{"lu":"Vacant Area","ct":"Existing","a":0.607},"geometry":{"type":"MultiPolygon","coordinates":[[[[73.29565,31.89609],[73.29534,31.89613],[73.29525,31.89608],[73.29558,31.89599],[73.29551,31.89581],[73.29488,31.89605],[73.29581,31.89653],[73.29565,31.89609]]]]}},{"type":"Feature","properties":{"lu":"Vacant Area","ct":"Existing","a":3.424},"geometry":{"type":"MultiPolygon","coordinates":[[[[73.29524,31.89627],[73.29483,31.89607],[73.29468,31.89613],[73.29383,31.89683],[73.29399,31.89744],[73.29524,31.89721],[73.2951,31.89667],[73.29531,31.89661],[73.29524,31.89627]]]]}},{"type":"Feature","properties":{"lu":"Vacant Area","ct":"Existing","a":0.091},"geometry":{"type":"MultiPolygon","coordinates":[[[[73.29014,31.8932],[73.29012,31.89314],[73.29039,31.8931],[73.29036,31.89297],[73.2901,31.89302],[73.29014,31.8932]]]]}},{"type":"Feature","properties":{"lu":"Vacant Area","ct":"Existing","a":0.16},"geometry":{"type":"MultiPolygon","coordinates":[[[[73.29145,31.89256],[73.2914,31.89225],[73.2912,31.89228],[73.29126,31.89259],[73.29145,31.89256]]]]}},{"type":"Feature","properties":{"lu":"Vacant Area","ct":"Existing","a":0.261},"geometry":{"type":"MultiPolygon","coordinates":[[[[73.29133,31.89294],[73.2913,31.89281],[73.29054,31.89294],[73.29058,31.89307],[73.29133,31.89294]]]]}},{"type":"Feature","properties":{"lu":"Vacant Area","ct":"Existing","a":0.206},"geometry":{"type":"MultiPolygon","coordinates":[[[[73.29121,31.89258],[73.29085,31.89262],[73.29089,31.89284],[73.29123,31.89279],[73.29121,31.89258]]]]}},{"type":"Feature","properties":{"lu":"Vacant Area","ct":"Existing","a":0.284},"geometry":{"type":"MultiPolygon","coordinates":[[[[73.29119,31.89244],[73.2911,31.89197],[73.29075,31.89199],[73.29078,31.89216],[73.29098,31.89215],[73.29105,31.89246],[73.29119,31.89244]]]]}},{"type":"Feature","properties":{"lu":"Vacant Area","ct":"Existing","a":0.141},"geometry":{"type":"MultiPolygon","coordinates":[[[[73.28813,31.89487],[73.28809,31.8947],[73.28778,31.89474],[73.28781,31.89491],[73.28813,31.89487]]]]}},{"type":"Feature","properties":{"lu":"Vacant Area","ct":"Existing","a":0.308},"geometry":{"type":"MultiPolygon","coordinates":[[[[73.28823,31.89542],[73.28816,31.89503],[73.28785,31.89507],[73.28792,31.89543],[73.28823,31.89542]]]]}},{"type":"Feature","properties":{"lu":"Graveyard","ct":"Existing","a":0.59},"geometry":{"type":"MultiPolygon","coordinates":[[[[73.2779,31.89828],[73.27798,31.89824],[73.27793,31.89812],[73.278,31.8981],[73.27793,31.89783],[73.27742,31.89792],[73.27754,31.89837],[73.2779,31.89828]]]]}},{"type":"Feature","properties":{"lu":"Vacant Area","ct":"Existing","a":0.125},"geometry":{"type":"MultiPolygon","coordinates":[[[[73.27913,31.90158],[73.27896,31.90156],[73.27893,31.90184],[73.2791,31.90186],[73.27913,31.90158]]]]}},{"type":"Feature","properties":{"lu":"Vacant Area","ct":"Existing","a":0.194},"geometry":{"type":"MultiPolygon","coordinates":[[[[73.28094,31.90172],[73.28092,31.90182],[73.28104,31.90183],[73.281,31.90202],[73.28121,31.90203],[73.28127,31.90174],[73.28094,31.90172]]]]}},{"type":"Feature","properties":{"lu":"Vacant Area","ct":"Existing","a":1.238},"geometry":{"type":"MultiPolygon","coordinates":[[[[73.27805,31.90542],[73.27814,31.90519],[73.27856,31.9052],[73.27855,31.90483],[73.27831,31.90481],[73.2784,31.90447],[73.27806,31.90447],[73.27799,31.90489],[73.27775,31.90485],[73.27768,31.9053],[73.27795,31.90531],[73.27794,31.90546],[73.27805,31.90542]]]]}},{"type":"Feature","properties":{"lu":"Graveyard","ct":"Existing","a":0.049},"geometry":{"type":"MultiPolygon","coordinates":[[[[73.27438,31.9019],[73.27439,31.90178],[73.27421,31.90182],[73.27421,31.90192],[73.27438,31.9019]]]]}},{"type":"Feature","properties":{"lu":"Vacant Area","ct":"Existing","a":6.219},"geometry":{"type":"MultiPolygon","coordinates":[[[[73.27823,31.90544],[73.27821,31.90563],[73.278,31.90562],[73.27799,31.9058],[73.2782,31.90581],[73.27818,31.90596],[73.27777,31.90594],[73.27779,31.90576],[73.27763,31.90577],[73.2776,31.90607],[73.27917,31.90615],[73.27911,31.9067],[73.27943,31.90673],[73.27945,31.90658],[73.27932,31.90655],[73.27945,31.90657],[73.2795,31.9061],[73.28089,31.90619],[73.2809,31.90597],[73.28047,31.90594],[73.2809,31.90594],[73.28093,31.90531],[73.2802,31.90531],[73.28015,31.90576],[73.28017,31.90531],[73.27823,31.90544]]]]}},{"type":"Feature","properties":{"lu":"Vacant Area","ct":"Existing","a":1.282},"geometry":{"type":"MultiPolygon","coordinates":[[[[73.27822,31.91935],[73.27824,31.91883],[73.27743,31.91871],[73.27746,31.91842],[73.27714,31.91845],[73.27712,31.91908],[73.27772,31.91893],[73.27791,31.91938],[73.27822,31.91935]]]]}},{"type":"Feature","properties":{"lu":"Vacant Area","ct":"Existing","a":0.695},"geometry":{"type":"MultiPolygon","coordinates":[[[[73.27095,31.90367],[73.27113,31.90354],[73.27101,31.9031],[73.27091,31.90312],[73.27087,31.90301],[73.27063,31.90305],[73.27056,31.90353],[73.27074,31.90353],[73.27078,31.9037],[73.27095,31.90367]]]]}},{"type":"Feature","properties":{"lu":"Park and Open Spaces","ct":"Existing","a":1.515},"geometry":{"type":"MultiPolygon","coordinates":[[[[73.26983,31.89854],[73.26992,31.89843],[73.26973,31.89786],[73.26956,31.89771],[73.26955,31.89778],[73.2693,31.89774],[73.26931,31.89762],[73.26904,31.89749],[73.26901,31.89796],[73.26911,31.8981],[73.26943,31.8981],[73.26942,31.89835],[73.26933,31.89836],[73.26929,31.89854],[73.26939,31.89855],[73.26944,31.89869],[73.26959,31.89869],[73.26983,31.89854]]]]}},{"type":"Feature","properties":{"lu":"Vacant Area","ct":"Existing","a":1.101},"geometry":{"type":"MultiPolygon","coordinates":[[[[73.26759,31.89687],[73.26707,31.89668],[73.26701,31.89672],[73.26694,31.89661],[73.26663,31.89652],[73.26651,31.89717],[73.2668,31.89721],[73.26679,31.8974],[73.26719,31.89699],[73.26759,31.89687]]]]}},{"type":"Feature","properties":{"lu":"Vacant Area","ct":"Existing","a":3.424},"geometry":{"type":"MultiPolygon","coordinates":[[[[73.27214,31.8954],[73.27243,31.89541],[73.27246,31.89514],[73.27272,31.89512],[73.27276,31.89475],[73.27268,31.89474],[73.27268,31.89463],[73.27259,31.89463],[73.2726,31.89455],[73.27224,31.89453],[73.27224,31.89441],[73.27208,31.89441],[73.27204,31.89479],[73.27097,31.89472],[73.27095,31.89532],[73.27165,31.89538],[73.27162,31.89574],[73.27198,31.89578],[73.27202,31.8953],[73.27215,31.89529],[73.27214,31.8954]]]]}},{"type":"Feature","properties":{"lu":"Vacant Area","ct":"Existing","a":0.582},"geometry":{"type":"MultiPolygon","coordinates":[[[[73.27239,31.89619],[73.27218,31.89616],[73.27216,31.89601],[73.27195,31.89602],[73.2719,31.89637],[73.27201,31.89638],[73.27198,31.8966],[73.27226,31.89664],[73.2723,31.8965],[73.27243,31.8965],[73.27239,31.89619]]]]}},{"type":"Feature","properties":{"lu":"Vacant Area","ct":"Existing","a":0.681},"geometry":{"type":"MultiPolygon","coordinates":[[[[73.276,31.89573],[73.27606,31.8956],[73.27633,31.89563],[73.27644,31.89523],[73.27633,31.89522],[73.27633,31.89511],[73.27611,31.89509],[73.2761,31.89521],[73.27591,31.89519],[73.27584,31.89581],[73.27598,31.89582],[73.276,31.89573]]]]}},{"type":"Feature","properties":{"lu":"Vacant Area","ct":"Existing","a":0.85},"geometry":{"type":"MultiPolygon","coordinates":[[[[73.27981,31.90294],[73.27986,31.90262],[73.27919,31.90256],[73.27914,31.90315],[73.27962,31.90318],[73.27956,31.90292],[73.27981,31.90294]]]]}},{"type":"Feature","properties":{"lu":"Vacant Area","ct":"Existing","a":0.478},"geometry":{"type":"MultiPolygon","coordinates":[[[[73.27968,31.90418],[73.27949,31.90417],[73.27951,31.90403],[73.27969,31.90404],[73.27972,31.90381],[73.27939,31.90379],[73.27934,31.90446],[73.27966,31.90446],[73.27968,31.90418]]]]}},{"type":"Feature","properties":{"lu":"Vacant Area","ct":"Existing","a":2.541},"geometry":{"type":"MultiPolygon","coordinates":[[[[73.28038,31.90266],[73.28036,31.90293],[73.28005,31.9029],[73.28006,31.9028],[73.28027,31.90279],[73.28028,31.90266],[73.27991,31.90263],[73.2798,31.90356],[73.28098,31.90357],[73.28101,31.9027],[73.28038,31.90266]]]]}},{"type":"Feature","properties":{"lu":"Vacant Area","ct":"Existing","a":0.794},"geometry":{"type":"MultiPolygon","coordinates":[[[[73.27976,31.90392],[73.27984,31.90393],[73.27983,31.90405],[73.28009,31.90405],[73.28007,31.9042],[73.28037,31.90423],[73.28036,31.90361],[73.2798,31.90359],[73.27976,31.90392]]]]}},{"type":"Feature","properties":{"lu":"Vacant Area","ct":"Existing","a":0.221},"geometry":{"type":"MultiPolygon","coordinates":[[[[73.27871,31.9052],[73.27865,31.9052],[73.27864,31.90538],[73.27915,31.90536],[73.27915,31.90521],[73.27871,31.9052]]]]}},{"type":"Feature","properties":{"lu":"Vacant Area","ct":"Existing","a":1.729},"geometry":{"type":"MultiPolygon","coordinates":[[[[73.28084,31.90683],[73.28088,31.90636],[73.28054,31.90637],[73.28054,31.90628],[73.28067,31.90628],[73.28068,31.90621],[73.28016,31.90618],[73.28015,31.90629],[73.28048,31.90631],[73.28048,31.90653],[73.28012,31.9066],[73.28029,31.90644],[73.28015,31.90643],[73.28015,31.90633],[73.27994,31.90632],[73.27994,31.90621],[73.2801,31.90623],[73.2801,31.90618],[73.27955,31.90615],[73.27948,31.90673],[73.28084,31.90683]]]]}},{"type":"Feature","properties":{"lu":"Vacant Area","ct":"Existing","a":0.488},"geometry":{"type":"MultiPolygon","coordinates":[[[[73.38354,32.05409],[73.38329,32.05405],[73.3832,32.05457],[73.38356,32.05462],[73.38363,32.05411],[73.38354,32.05409]]]]}},{"type":"Feature","properties":{"lu":"Vacant Area","ct":"Existing","a":0.906},"geometry":{"type":"MultiPolygon","coordinates":[[[[73.38372,32.05405],[73.38389,32.05408],[73.38388,32.05414],[73.38371,32.05413],[73.38363,32.05463],[73.38401,32.05468],[73.38415,32.05373],[73.38375,32.0537],[73.38372,32.05405]]]]}},{"type":"Feature","properties":{"lu":"Vacant Area","ct":"Existing","a":1.072},"geometry":{"type":"MultiPolygon","coordinates":[[[[73.38457,32.05361],[73.38421,32.05358],[73.38405,32.05468],[73.38443,32.05473],[73.38457,32.05361]]]]}},{"type":"Feature","properties":{"lu":"Vacant Area","ct":"Existing","a":1.927},"geometry":{"type":"MultiPolygon","coordinates":[[[[73.3728,32.05467],[73.37286,32.05485],[73.37412,32.05498],[73.37405,32.05533],[73.37428,32.05535],[73.37429,32.05549],[73.37415,32.05547],[73.37412,32.05559],[73.37475,32.05564],[73.37487,32.05488],[73.3728,32.05467]]]]}},{"type":"Feature","properties":{"lu":"Vacant Area","ct":"Existing","a":1.403},"geometry":{"type":"MultiPolygon","coordinates":[[[[73.38464,32.05487],[73.38444,32.05485],[73.3843,32.05594],[73.38477,32.05599],[73.38495,32.0549],[73.38464,32.05487]]]]}},{"type":"Feature","properties":{"lu":"Vacant Area","ct":"Existing","a":1.534},"geometry":{"type":"MultiPolygon","coordinates":[[[[73.37587,32.05379],[73.37589,32.0537],[73.37542,32.05363],[73.37521,32.05483],[73.37571,32.05491],[73.37587,32.05379]]]]}},{"type":"Feature","properties":{"lu":"Vacant Area","ct":"Existing","a":1.307},"geometry":{"type":"MultiPolygon","coordinates":[[[[73.38323,32.05587],[73.38304,32.05585],[73.38301,32.05613],[73.38472,32.0563],[73.38476,32.05603],[73.38323,32.05587]]]]}},{"type":"Feature","properties":{"lu":"Water Body","ct":"Existing","a":1.269},"geometry":{"type":"MultiPolygon","coordinates":[[[[73.37865,32.05608],[73.37847,32.05559],[73.3782,32.05557],[73.37818,32.05577],[73.37781,32.05574],[73.37779,32.05583],[73.37763,32.05581],[73.37759,32.05606],[73.37776,32.0561],[73.37775,32.05628],[73.37791,32.05631],[73.3779,32.05645],[73.37819,32.05649],[73.3782,32.05604],[73.37865,32.05608]]]]}},{"type":"Feature","properties":{"lu":"Graveyard","ct":"Existing","a":1.233},"geometry":{"type":"MultiPolygon","coordinates":[[[[73.3789,32.05974],[73.37889,32.05925],[73.37875,32.05925],[73.37875,32.05893],[73.37838,32.05891],[73.37838,32.05897],[73.37828,32.05897],[73.37822,32.05942],[73.37832,32.05976],[73.3789,32.05974]]]]}},{"type":"Feature","properties":{"lu":"Vacant Area","ct":"Existing","a":1.388},"geometry":{"type":"MultiPolygon","coordinates":[[[[73.38164,32.05922],[73.38132,32.05919],[73.38129,32.05941],[73.38106,32.05938],[73.38109,32.05916],[73.38093,32.05914],[73.38084,32.05963],[73.38149,32.05971],[73.38146,32.05992],[73.38214,32.06],[73.38218,32.05975],[73.38171,32.0597],[73.38176,32.05926],[73.38164,32.05922]]]]}},{"type":"Feature","properties":{"lu":"Vacant Area","ct":"Existing","a":1.741},"geometry":{"type":"MultiPolygon","coordinates":[[[[73.38423,32.05949],[73.38415,32.05936],[73.3836,32.0593],[73.38357,32.05943],[73.38318,32.05939],[73.3832,32.05925],[73.38305,32.05923],[73.38294,32.05994],[73.38367,32.06003],[73.38371,32.05991],[73.384,32.05994],[73.38406,32.05948],[73.38423,32.05949]]]]}},{"type":"Feature","properties":{"lu":"Vacant Area","ct":"Existing","a":0.438},"geometry":{"type":"MultiPolygon","coordinates":[[[[73.38222,32.06006],[73.38214,32.06029],[73.38284,32.06038],[73.38287,32.06013],[73.38222,32.06006]]]]}},{"type":"Feature","properties":{"lu":"Vacant Area","ct":"Existing","a":1.019},"geometry":{"type":"MultiPolygon","coordinates":[[[[73.38777,32.05994],[73.38728,32.05991],[73.38721,32.06054],[73.38736,32.06055],[73.38736,32.06087],[73.38762,32.06089],[73.38777,32.05994]]]]}},{"type":"Feature","properties":{"lu":"Vacant Area","ct":"Existing","a":1.792},"geometry":{"type":"MultiPolygon","coordinates":[[[[73.38126,32.06145],[73.38125,32.06159],[73.38192,32.06168],[73.382,32.06109],[73.38062,32.06093],[73.38056,32.06135],[73.38126,32.06145]]]]}},{"type":"Feature","properties":{"lu":"Vacant Area","ct":"Existing","a":1.137},"geometry":{"type":"MultiPolygon","coordinates":[[[[73.37316,32.06273],[73.37316,32.06251],[73.37235,32.06245],[73.37237,32.06216],[73.372,32.06212],[73.37189,32.06266],[73.37316,32.06273]]]]}},{"type":"Feature","properties":{"lu":"Vacant Area","ct":"Existing","a":2.158},"geometry":{"type":"MultiPolygon","coordinates":[[[[73.3723,32.06311],[73.37154,32.06307],[73.37155,32.06296],[73.37184,32.06296],[73.37184,32.0629],[73.37234,32.06298],[73.37239,32.06281],[73.37075,32.06262],[73.37067,32.06326],[73.37096,32.06328],[73.37098,32.06312],[73.37127,32.06316],[73.37124,32.0633],[73.37222,32.06337],[73.3723,32.06311]]]]}},{"type":"Feature","properties":{"lu":"Vacant Area","ct":"Existing","a":2.858},"geometry":{"type":"MultiPolygon","coordinates":[[[[73.3745,32.0674],[73.37445,32.06733],[73.37452,32.06727],[73.37457,32.06738],[73.37466,32.06734],[73.37463,32.06722],[73.37474,32.06721],[73.37478,32.0673],[73.37488,32.06726],[73.37482,32.06705],[73.37491,32.06703],[73.37495,32.06711],[73.37512,32.06704],[73.37503,32.06679],[73.37519,32.06675],[73.37531,32.06696],[73.37572,32.06685],[73.37571,32.06678],[73.37581,32.06675],[73.3756,32.06604],[73.37554,32.06604],[73.37556,32.0662],[73.37433,32.06632],[73.37444,32.06723],[73.37434,32.06727],[73.3744,32.06744],[73.3745,32.0674]]]]}},{"type":"Feature","properties":{"lu":"Vacant Area","ct":"Existing","a":0.362},"geometry":{"type":"MultiPolygon","coordinates":[[[[73.38229,32.06568],[73.38223,32.06568],[73.38221,32.06582],[73.38235,32.06587],[73.38239,32.06557],[73.38229,32.06558],[73.38229,32.06568]]],[[[73.38179,32.06611],[73.38181,32.06598],[73.38165,32.06595],[73.38163,32.0661],[73.38179,32.06611]]],[[[73.38342,32.06637],[73.38362,32.0664],[73.3836,32.06617],[73.38339,32.06616],[73.38342,32.06637]]],[[[73.38282,32.06649],[73.38296,32.06651],[73.38297,32.06638],[73.38285,32.06636],[73.38282,32.06649]]],[[[73.38041,32.06702],[73.38056,32.067],[73.3806,32.06689],[73.38041,32.06689],[73.38041,32.06702]]],[[[73.38074,32.06775],[73.38073,32.06771],[73.38073,32.06776],[73.38074,32.06775]]]]}},{"type":"Feature","properties":{"lu":"Vacant Area","ct":"Existing","a":12.042},"geometry":{"type":"MultiPolygon","coordinates":[[[[73.38742,32.06789],[73.38736,32.06782],[73.38743,32.06777],[73.38762,32.06658],[73.3862,32.06641],[73.38623,32.06625],[73.38563,32.06622],[73.38551,32.06718],[73.38538,32.06717],[73.3854,32.06699],[73.38433,32.06692],[73.38434,32.06722],[73.38402,32.06918],[73.38434,32.06922],[73.3845,32.06804],[73.38618,32.06823],[73.38637,32.06741],[73.38742,32.06789]]]]}},{"type":"Feature","properties":{"lu":"Vacant Area","ct":"Existing","a":1.783},"geometry":{"type":"MultiPolygon","coordinates":[[[[73.3791,32.07112],[73.3792,32.07057],[73.37847,32.07049],[73.37844,32.07079],[73.37774,32.07077],[73.37788,32.07125],[73.3783,32.07129],[73.37832,32.07108],[73.3791,32.07112]]]]}},{"type":"Feature","properties":{"lu":"Vacant Area","ct":"Existing","a":0.683},"geometry":{"type":"MultiPolygon","coordinates":[[[[73.38253,32.07233],[73.38248,32.07253],[73.38374,32.07269],[73.38375,32.07248],[73.38253,32.07233]]]]}},{"type":"Feature","properties":{"lu":"Vacant Area","ct":"Existing","a":2.862},"geometry":{"type":"MultiPolygon","coordinates":[[[[73.37832,32.07299],[73.37888,32.07437],[73.37896,32.07215],[73.37805,32.07209],[73.37811,32.07229],[73.37822,32.07229],[73.37825,32.07236],[73.37813,32.07236],[73.37832,32.07299]]]]}},{"type":"Feature","properties":{"lu":"Vacant Area","ct":"Existing","a":6.689},"geometry":{"type":"MultiPolygon","coordinates":[[[[73.38673,32.05856],[73.38664,32.05917],[73.38627,32.05914],[73.38625,32.05944],[73.38595,32.05941],[73.38594,32.05956],[73.38613,32.05956],[73.38612,32.05972],[73.38935,32.06004],[73.38946,32.05963],[73.38801,32.05953],[73.38814,32.05874],[73.38673,32.05856]]]]}},{"type":"Feature","properties":{"lu":"Vacant Area","ct":"Existing","a":7.531},"geometry":{"type":"MultiPolygon","coordinates":[[[[73.38952,32.06131],[73.38776,32.06112],[73.38788,32.06055],[73.38854,32.06062],[73.38862,32.06001],[73.38851,32.06001],[73.38844,32.06051],[73.38838,32.06049],[73.38845,32.06001],[73.38819,32.05999],[73.38811,32.06047],[73.38812,32.06],[73.38783,32.05996],[73.38765,32.06098],[73.38726,32.06092],[73.3873,32.06061],[73.38715,32.06058],[73.38717,32.06033],[73.38686,32.06029],[73.38681,32.06054],[73.38628,32.06048],[73.38618,32.06094],[73.38637,32.06098],[73.38632,32.06144],[73.3865,32.06147],[73.3865,32.06157],[73.38727,32.06167],[73.38911,32.06184],[73.38939,32.06171],[73.38952,32.06131]]]]}},{"type":"Feature","properties":{"lu":"Vacant Area","ct":"Existing","a":0.898},"geometry":{"type":"MultiPolygon","coordinates":[[[[73.38686,32.06251],[73.38619,32.06245],[73.38613,32.06298],[73.38677,32.06301],[73.38686,32.06251]]]]}},{"type":"Feature","properties":{"lu":"Vacant Area","ct":"Existing","a":0.779},"geometry":{"type":"MultiPolygon","coordinates":[[[[73.38656,32.06159],[73.3863,32.06157],[73.3862,32.06238],[73.38686,32.06244],[73.38685,32.06224],[73.38652,32.06219],[73.38656,32.06159]]]]}},{"type":"Feature","properties":{"lu":"Vacant Area","ct":"Existing","a":0.157},"geometry":{"type":"MultiPolygon","coordinates":[[[[73.38481,32.05345],[73.38436,32.0534],[73.38434,32.05353],[73.38479,32.05359],[73.38481,32.05345]]]]}},{"type":"Feature","properties":{"lu":"Vacant Area","ct":"Existing","a":0.204},"geometry":{"type":"MultiPolygon","coordinates":[[[[73.38622,32.05362],[73.38553,32.05354],[73.3855,32.05366],[73.3862,32.05372],[73.38622,32.05362]]]]}},{"type":"Feature","properties":{"lu":"Vacant Area","ct":"Existing","a":1.101},"geometry":{"type":"MultiPolygon","coordinates":[[[[73.38418,32.05352],[73.38419,32.05339],[73.38399,32.05337],[73.38395,32.05359],[73.38366,32.05354],[73.38368,32.05334],[73.38349,32.05332],[73.38346,32.05354],[73.38317,32.05352],[73.38308,32.05415],[73.38323,32.05418],[73.38326,32.05401],[73.38364,32.05404],[73.38371,32.05366],[73.38416,32.05369],[73.38418,32.05352]]]]}},{"type":"Feature","properties":{"lu":"Vacant Area","ct":"Existing","a":1.116},"geometry":{"type":"MultiPolygon","coordinates":[[[[73.38504,32.05607],[73.3848,32.05605],[73.38474,32.05637],[73.38468,32.05637],[73.38296,32.05616],[73.383,32.0558],[73.38285,32.05578],[73.38277,32.05629],[73.38485,32.05653],[73.38504,32.05607]]]]}},{"type":"Feature","properties":{"lu":"Vacant Area","ct":"Existing","a":0.437},"geometry":{"type":"MultiPolygon","coordinates":[[[[73.38255,32.05875],[73.38223,32.05871],[73.38214,32.0594],[73.38225,32.05941],[73.38228,32.05922],[73.38248,32.0591],[73.38255,32.05875]]]]}},{"type":"Feature","properties":{"lu":"Vacant Area","ct":"Existing","a":0.668},"geometry":{"type":"MultiPolygon","coordinates":[[[[73.38289,32.0588],[73.38258,32.05876],[73.38253,32.0591],[73.38231,32.05926],[73.38228,32.05941],[73.3828,32.05947],[73.38289,32.0588]]]]}},{"type":"Feature","properties":{"lu":"Vacant Area","ct":"Existing","a":0.715},"geometry":{"type":"MultiPolygon","coordinates":[[[[73.38219,32.0587],[73.3819,32.05866],[73.38176,32.05964],[73.38204,32.05968],[73.38219,32.0587]]]]}},{"type":"Feature","properties":{"lu":"Vacant Area","ct":"Existing","a":1.307},"geometry":{"type":"MultiPolygon","coordinates":[[[[73.37716,32.05564],[73.37568,32.05548],[73.37563,32.05583],[73.37709,32.05598],[73.37716,32.05564]]]]}},{"type":"Feature","properties":{"lu":"Vacant Area","ct":"Existing","a":0.838},"geometry":{"type":"MultiPolygon","coordinates":[[[[73.37559,32.05547],[73.37559,32.05536],[73.37518,32.05531],[73.37523,32.05484],[73.37519,32.05491],[73.37509,32.0549],[73.37502,32.0554],[73.37486,32.0554],[73.37484,32.05555],[73.375,32.05558],[73.375,32.05572],[73.37554,32.05578],[73.37559,32.05547]]]]}},{"type":"Feature","properties":{"lu":"Vacant Area","ct":"Existing","a":0.292},"geometry":{"type":"MultiPolygon","coordinates":[[[[73.37521,32.05436],[73.37495,32.05432],[73.37488,32.05476],[73.37514,32.05478],[73.37521,32.05436]]]]}},{"type":"Feature","properties":{"lu":"Vacant Area","ct":"Existing","a":0.734},"geometry":{"type":"MultiPolygon","coordinates":[[[[73.37508,32.05359],[73.37504,32.05381],[73.37491,32.05379],[73.37495,32.05357],[73.3746,32.05353],[73.37453,32.05396],[73.37527,32.05403],[73.37533,32.05362],[73.37508,32.05359]]]]}},{"type":"Feature","properties":{"lu":"Vacant Area","ct":"Existing","a":0.359},"geometry":{"type":"MultiPolygon","coordinates":[[[[73.37452,32.05401],[73.37449,32.05419],[73.37523,32.05427],[73.37526,32.05409],[73.37452,32.05401]]]]}},{"type":"Feature","properties":{"lu":"Vacant Area","ct":"Existing","a":1.436},"geometry":{"type":"MultiPolygon","coordinates":[[[[73.37412,32.05411],[73.3738,32.05407],[73.37374,32.05399],[73.3732,32.05398],[73.37315,32.05461],[73.37403,32.05468],[73.37412,32.05411]]]]}},{"type":"Feature","properties":{"lu":"Vacant Area","ct":"Existing","a":0.686},"geometry":{"type":"MultiPolygon","coordinates":[[[[73.37141,32.06175],[73.3712,32.06173],[73.37112,32.06232],[73.3708,32.06227],[73.37077,32.06252],[73.37131,32.06259],[73.37141,32.06175]]]]}},{"type":"Feature","properties":{"lu":"Vacant Area","ct":"Existing","a":0.815},"geometry":{"type":"MultiPolygon","coordinates":[[[[73.37193,32.06211],[73.37156,32.06206],[73.37163,32.06177],[73.37146,32.06175],[73.37137,32.06259],[73.37185,32.06266],[73.37189,32.0624],[73.37178,32.06237],[73.37189,32.06238],[73.37193,32.06211]]]]}},{"type":"Feature","properties":{"lu":"Vacant Area","ct":"Existing","a":1.934},"geometry":{"type":"MultiPolygon","coordinates":[[[[73.38428,32.06726],[73.38387,32.06722],[73.38361,32.06913],[73.38393,32.06917],[73.38428,32.06726]]]]}},{"type":"Feature","properties":{"lu":"Vacant Area","ct":"Existing","a":1.072},"geometry":{"type":"MultiPolygon","coordinates":[[[[73.38065,32.06826],[73.3805,32.06879],[73.38128,32.06887],[73.38133,32.0683],[73.38065,32.06826]]]]}},{"type":"Feature","properties":{"lu":"Vacant Area","ct":"Existing","a":0.184},"geometry":{"type":"MultiPolygon","coordinates":[[[[73.38392,32.07164],[73.38375,32.07162],[73.38371,32.07205],[73.38388,32.07206],[73.38392,32.07164]]]]}},{"type":"Feature","properties":{"lu":"Vacant Area","ct":"Existing","a":0.367},"geometry":{"type":"MultiPolygon","coordinates":[[[[73.3837,32.07161],[73.38336,32.07157],[73.38332,32.072],[73.38364,32.07204],[73.3837,32.07161]]]]}},{"type":"Feature","properties":{"lu":"Vacant Area","ct":"Existing","a":0.445},"geometry":{"type":"MultiPolygon","coordinates":[[[[73.38329,32.07156],[73.3829,32.07152],[73.38282,32.07194],[73.38324,32.07198],[73.38329,32.07156]]]]}},{"type":"Feature","properties":{"lu":"Vacant Area","ct":"Existing","a":10.662},"geometry":{"type":"MultiPolygon","coordinates":[[[[73.38294,32.06912],[73.37986,32.06883],[73.38011,32.06936],[73.38037,32.06939],[73.38034,32.06965],[73.3808,32.06957],[73.38083,32.07007],[73.38111,32.07009],[73.38152,32.0708],[73.38201,32.07085],[73.38203,32.071],[73.38228,32.07108],[73.38222,32.07146],[73.38261,32.07149],[73.38294,32.06912]]]]}},{"type":"Feature","properties":{"lu":"Vacant Area","ct":"Existing","a":1.311},"geometry":{"type":"MultiPolygon","coordinates":[[[[73.38427,32.07218],[73.38266,32.072],[73.38264,32.07213],[73.38252,32.07211],[73.38254,32.07199],[73.38172,32.07193],[73.38183,32.07212],[73.38204,32.07214],[73.382,32.07204],[73.38227,32.07205],[73.38227,32.07217],[73.38393,32.07238],[73.38395,32.0723],[73.38426,32.07232],[73.38427,32.07218]]]]}},{"type":"Feature","properties":{"lu":"Vacant Area","ct":"Existing","a":2.103},"geometry":{"type":"MultiPolygon","coordinates":[[[[73.38577,32.07334],[73.38586,32.07293],[73.38529,32.07294],[73.38529,32.07281],[73.38516,32.07281],[73.38514,32.0727],[73.38456,32.0729],[73.38473,32.07361],[73.38526,32.07366],[73.38527,32.07352],[73.3856,32.07353],[73.38561,32.07333],[73.38577,32.07334]]]]}},{"type":"Feature","properties":{"lu":"Vacant Area","ct":"Existing","a":0.169},"geometry":{"type":"MultiPolygon","coordinates":[[[[73.38228,32.07229],[73.38191,32.07225],[73.38202,32.07247],[73.38226,32.0725],[73.38228,32.07229]]]]}},{"type":"Feature","properties":{"lu":"Vacant Area","ct":"Existing","a":0.472},"geometry":{"type":"MultiPolygon","coordinates":[[[[73.38517,32.07427],[73.38551,32.07429],[73.38555,32.07376],[73.38522,32.07372],[73.38517,32.07427]]]]}},{"type":"Feature","properties":{"lu":"Vacant Area","ct":"Existing","a":1.986},"geometry":{"type":"MultiPolygon","coordinates":[[[[73.38697,32.07385],[73.38559,32.07376],[73.38555,32.0743],[73.38692,32.07441],[73.38697,32.07385]]]]}},{"type":"Feature","properties":{"lu":"Vacant Area","ct":"Existing","a":2.089},"geometry":{"type":"MultiPolygon","coordinates":[[[[73.38342,32.07465],[73.38423,32.07592],[73.38444,32.07593],[73.38416,32.07431],[73.38342,32.07465]]]]}},{"type":"Feature","properties":{"lu":"Vacant Area","ct":"Existing","a":1.41},"geometry":{"type":"MultiPolygon","coordinates":[[[[73.38857,32.06506],[73.38723,32.06491],[73.3872,32.06531],[73.38854,32.06547],[73.38857,32.06506]]]]}},{"type":"Feature","properties":{"lu":"Vacant Area","ct":"Existing","a":2.459},"geometry":{"type":"MultiPolygon","coordinates":[[[[73.38727,32.06422],[73.38694,32.06427],[73.38689,32.0641],[73.3868,32.06409],[73.38685,32.06422],[73.3866,32.06421],[73.38658,32.06431],[73.38583,32.06429],[73.38582,32.0646],[73.38654,32.06466],[73.38645,32.0652],[73.3871,32.0653],[73.38727,32.06422]]]]}},{"type":"Feature","properties":{"lu":"Vacant Area","ct":"Existing","a":1.04},"geometry":{"type":"MultiPolygon","coordinates":[[[[73.2649,31.89687],[73.26466,31.89683],[73.26462,31.89696],[73.26393,31.89692],[73.26388,31.8974],[73.26456,31.89744],[73.2649,31.89687]]]]}},{"type":"Feature","properties":{"lu":"Vacant Area","ct":"Existing","a":0.754},"geometry":{"type":"MultiPolygon","coordinates":[[[[73.53122,31.85842],[73.5311,31.85812],[73.53126,31.85802],[73.53112,31.85767],[73.53088,31.85773],[73.53091,31.85784],[73.53056,31.85792],[73.53075,31.85803],[73.53091,31.85849],[73.53122,31.85842]]]]}},{"type":"Feature","properties":{"lu":"Water Body","ct":"Existing","a":0.777},"geometry":{"type":"MultiPolygon","coordinates":[[[[73.53039,31.85993],[73.53037,31.85987],[73.53022,31.8599],[73.53017,31.85975],[73.53034,31.85973],[73.53026,31.85937],[73.52967,31.85954],[73.52986,31.86006],[73.53039,31.85993]]]]}},{"type":"Feature","properties":{"lu":"Graveyard","ct":"Existing","a":3.915},"geometry":{"type":"MultiPolygon","coordinates":[[[[73.50527,31.86116],[73.5058,31.86083],[73.50455,31.85917],[73.50394,31.85956],[73.50521,31.8612],[73.50527,31.86116]]]]}},{"type":"Feature","properties":{"lu":"Vacant Area","ct":"Existing","a":1.841},"geometry":{"type":"MultiPolygon","coordinates":[[[[73.52118,31.86285],[73.52092,31.86219],[73.52077,31.86222],[73.52061,31.86176],[73.52012,31.86189],[73.52049,31.86293],[73.52096,31.86295],[73.52118,31.86285]]]]}},{"type":"Feature","properties":{"lu":"Vacant Area","ct":"Existing","a":0.611},"geometry":{"type":"MultiPolygon","coordinates":[[[[73.51971,31.86378],[73.52036,31.86359],[73.52033,31.86349],[73.51999,31.86359],[73.51994,31.86344],[73.51926,31.86358],[73.51937,31.86388],[73.51971,31.86378]]]]}},{"type":"Feature","properties":{"lu":"Water Body","ct":"Existing","a":1.339},"geometry":{"type":"MultiPolygon","coordinates":[[[[73.50968,31.86056],[73.50953,31.86057],[73.51004,31.86227],[73.51079,31.86406],[73.51093,31.86403],[73.51027,31.86249],[73.50968,31.86056]]]]}},{"type":"Feature","properties":{"lu":"Vacant Area","ct":"Existing","a":2.219},"geometry":{"type":"MultiPolygon","coordinates":[[[[73.50725,31.86386],[73.50666,31.8631],[73.5059,31.86348],[73.506,31.8636],[73.50581,31.8637],[73.50619,31.86404],[73.50634,31.86394],[73.50658,31.86422],[73.50725,31.86386]]]]}},{"type":"Feature","properties":{"lu":"Vacant Area","ct":"Existing","a":1.049},"geometry":{"type":"MultiPolygon","coordinates":[[[[73.51025,31.86673],[73.50977,31.86612],[73.50934,31.8663],[73.50938,31.86642],[73.50955,31.86639],[73.50965,31.86665],[73.5096,31.86667],[73.5099,31.86707],[73.51009,31.86697],[73.51025,31.86673]]]]}},{"type":"Feature","properties":{"lu":"Water Body","ct":"Existing","a":2.773},"geometry":{"type":"MultiPolygon","coordinates":[[[[73.51099,31.86728],[73.51133,31.86714],[73.50924,31.86452],[73.50894,31.86458],[73.51099,31.86728]]]]}},{"type":"Feature","properties":{"lu":"Vacant Area","ct":"Existing","a":0.592},"geometry":{"type":"MultiPolygon","coordinates":[[[[73.5106,31.86718],[73.51028,31.86677],[73.51008,31.86702],[73.50991,31.8671],[73.51013,31.86746],[73.5106,31.86718]]]]}},{"type":"Feature","properties":{"lu":"Vacant Area","ct":"Existing","a":2.087},"geometry":{"type":"MultiPolygon","coordinates":[[[[73.49587,31.86532],[73.49565,31.86426],[73.49495,31.86436],[73.49512,31.8653],[73.49464,31.86535],[73.49466,31.86549],[73.49543,31.86537],[73.49533,31.86476],[73.49538,31.86476],[73.49548,31.86537],[73.49587,31.86532]]]]}},{"type":"Feature","properties":{"lu":"Vacant Area","ct":"Existing","a":2.574},"geometry":{"type":"MultiPolygon","coordinates":[[[[73.4988,31.86876],[73.4987,31.8683],[73.49854,31.86832],[73.49837,31.86748],[73.4977,31.86763],[73.49789,31.8689],[73.4988,31.86876]]]]}},{"type":"Feature","properties":{"lu":"Vacant Area","ct":"Existing","a":0.865},"geometry":{"type":"MultiPolygon","coordinates":[[[[73.50485,31.86879],[73.50474,31.86851],[73.50421,31.86865],[73.50443,31.86923],[73.50495,31.86907],[73.50485,31.86879]]]]}},{"type":"Feature","properties":{"lu":"Vacant Area","ct":"Existing","a":1.346},"geometry":{"type":"MultiPolygon","coordinates":[[[[73.50586,31.8685],[73.50575,31.86824],[73.50479,31.86852],[73.50516,31.86948],[73.50543,31.8694],[73.50521,31.86869],[73.50586,31.8685]]]]}},{"type":"Feature","properties":{"lu":"Vacant Area","ct":"Existing","a":0.522},"geometry":{"type":"MultiPolygon","coordinates":[[[[73.48119,31.87288],[73.48114,31.8726],[73.48041,31.87271],[73.48046,31.87297],[73.48119,31.87288]]]]}},{"type":"Feature","properties":{"lu":"Vacant Area","ct":"Existing","a":2.094},"geometry":{"type":"MultiPolygon","coordinates":[[[[73.47916,31.87207],[73.47882,31.87096],[73.47959,31.87084],[73.47818,31.87107],[73.47843,31.87217],[73.47916,31.87207]]]]}},{"type":"Feature","properties":{"lu":"Vacant Area","ct":"Existing","a":0.532},"geometry":{"type":"MultiPolygon","coordinates":[[[[73.48124,31.8731],[73.4812,31.87292],[73.48047,31.87303],[73.48052,31.87329],[73.48125,31.87322],[73.48124,31.8731]]]]}},{"type":"Feature","properties":{"lu":"Vacant Area","ct":"Existing","a":0.338},"geometry":{"type":"MultiPolygon","coordinates":[[[[73.4672,31.87306],[73.46715,31.8728],[73.46657,31.87287],[73.4666,31.873],[73.46679,31.87298],[73.46682,31.87312],[73.4672,31.87306]]]]}},{"type":"Feature","properties":{"lu":"Vacant Area","ct":"Existing","a":1.255},"geometry":{"type":"MultiPolygon","coordinates":[[[[73.48152,31.87345],[73.48135,31.87242],[73.48124,31.87242],[73.48122,31.87233],[73.48103,31.87241],[73.48095,31.87209],[73.48028,31.87231],[73.48038,31.87264],[73.48105,31.87256],[73.48103,31.87249],[73.48117,31.87247],[73.48135,31.87348],[73.48152,31.87345]]]]}},{"type":"Feature","properties":{"lu":"Vacant Area","ct":"Existing","a":0.436},"geometry":{"type":"MultiPolygon","coordinates":[[[[73.48129,31.87348],[73.48126,31.87326],[73.48053,31.87335],[73.48055,31.87358],[73.48129,31.87348]]]]}},{"type":"Feature","properties":{"lu":"Water Body","ct":"Existing","a":1.309},"geometry":{"type":"MultiPolygon","coordinates":[[[[73.46693,31.87398],[73.46691,31.87387],[73.46718,31.87384],[73.46705,31.87314],[73.46652,31.87321],[73.46655,31.87332],[73.46635,31.87335],[73.46652,31.87392],[73.46664,31.8739],[73.46666,31.87404],[73.46693,31.87398]]]]}},{"type":"Feature","properties":{"lu":"Vacant Area","ct":"Existing","a":0.271},"geometry":{"type":"MultiPolygon","coordinates":[[[[73.47523,31.87455],[73.47516,31.87427],[73.47477,31.87441],[73.47481,31.87462],[73.47523,31.87455]]]]}},{"type":"Feature","properties":{"lu":"Vacant Area","ct":"Existing","a":0.504},"geometry":{"type":"MultiPolygon","coordinates":[[[[73.47605,31.87481],[73.47601,31.87452],[73.47534,31.87461],[73.4754,31.87489],[73.47605,31.87481]]]]}},{"type":"Feature","properties":{"lu":"Vacant Area","ct":"Existing","a":0.296},"geometry":{"type":"MultiPolygon","coordinates":[[[[73.4753,31.87491],[73.47524,31.87463],[73.47484,31.87471],[73.47488,31.87497],[73.4753,31.87491]]]]}},{"type":"Feature","properties":{"lu":"Graveyard","ct":"Existing","a":3.966},"geometry":{"type":"MultiPolygon","coordinates":[[[[73.47633,31.87501],[73.47661,31.87481],[73.47731,31.87341],[73.47729,31.87317],[73.47568,31.87371],[73.47604,31.87444],[73.47617,31.87499],[73.47633,31.87501]]]]}},{"type":"Feature","properties":{"lu":"Vacant Area","ct":"Existing","a":0.517},"geometry":{"type":"MultiPolygon","coordinates":[[[[73.47623,31.87503],[73.47612,31.87501],[73.47609,31.87487],[73.47493,31.87506],[73.47488,31.87521],[73.47623,31.87503]]]]}},{"type":"Feature","properties":{"lu":"Vacant Area","ct":"Existing","a":7.864},"geometry":{"type":"MultiPolygon","coordinates":[[[[73.47914,31.87268],[73.47739,31.87329],[73.47763,31.87406],[73.47832,31.87356],[73.47902,31.87465],[73.48026,31.87443],[73.48011,31.87332],[73.4794,31.87343],[73.47929,31.87289],[73.47914,31.87268]]]]}},{"type":"Feature","properties":{"lu":"Vacant Area","ct":"Existing","a":1.04},"geometry":{"type":"MultiPolygon","coordinates":[[[[73.47291,31.87493],[73.47249,31.87501],[73.47251,31.87514],[73.47232,31.87519],[73.47247,31.87568],[73.47308,31.8756],[73.47291,31.87493]]]]}},{"type":"Feature","properties":{"lu":"Water Body","ct":"Existing","a":0.393},"geometry":{"type":"MultiPolygon","coordinates":[[[[73.47214,31.87603],[73.47209,31.87578],[73.4715,31.87586],[73.47155,31.8761],[73.47214,31.87603]]]]}},{"type":"Feature","properties":{"lu":"Vacant Area","ct":"Existing","a":0.951},"geometry":{"type":"MultiPolygon","coordinates":[[[[73.46291,31.87788],[73.46311,31.87783],[73.46302,31.87744],[73.4629,31.87746],[73.46287,31.87735],[73.46256,31.8774],[73.4626,31.87752],[73.46215,31.87756],[73.4621,31.87735],[73.46198,31.87736],[73.46202,31.87754],[73.46214,31.87754],[73.46222,31.87786],[73.46268,31.87779],[73.46271,31.87792],[73.46291,31.87788]]]]}},{"type":"Feature","properties":{"lu":"Vacant Area","ct":"Existing","a":1.845},"geometry":{"type":"MultiPolygon","coordinates":[[[[73.46999,31.87731],[73.46989,31.87685],[73.4693,31.87695],[73.46943,31.87793],[73.46998,31.87816],[73.47005,31.87792],[73.46999,31.87731]]]]}},{"type":"Feature","properties":{"lu":"Vacant Area","ct":"Existing","a":2.012},"geometry":{"type":"MultiPolygon","coordinates":[[[[73.46957,31.87821],[73.46945,31.87816],[73.46939,31.87827],[73.46922,31.87827],[73.46918,31.87811],[73.46909,31.87812],[73.46898,31.87797],[73.46866,31.87783],[73.46802,31.87884],[73.46819,31.87923],[73.46858,31.87917],[73.4684,31.8786],[73.46953,31.87841],[73.46957,31.87821]]]]}},{"type":"Feature","properties":{"lu":"Vacant Area","ct":"Existing","a":0.299},"geometry":{"type":"MultiPolygon","coordinates":[[[[73.53014,31.85857],[73.52984,31.85782],[73.52969,31.85785],[73.53,31.85861],[73.53014,31.85857]]]]}},{"type":"Feature","properties":{"lu":"Vacant Area","ct":"Existing","a":1.504},"geometry":{"type":"MultiPolygon","coordinates":[[[[73.53087,31.8585],[73.53071,31.85809],[73.53034,31.85785],[73.53024,31.85762],[73.52983,31.85767],[73.53023,31.85869],[73.53087,31.8585]]]]}},{"type":"Feature","properties":{"lu":"Vacant Area","ct":"Existing","a":0.288},"geometry":{"type":"MultiPolygon","coordinates":[[[[73.52997,31.85761],[73.52981,31.85714],[73.52958,31.85721],[73.52977,31.85766],[73.52997,31.85761]]]]}},{"type":"Feature","properties":{"lu":"Vacant Area","ct":"Existing","a":1.546},"geometry":{"type":"MultiPolygon","coordinates":[[[[73.51679,31.862],[73.5167,31.86153],[73.517,31.86149],[73.51697,31.86135],[73.51595,31.86144],[73.51597,31.86164],[73.51636,31.86163],[73.51635,31.86174],[73.51609,31.86175],[73.51614,31.86193],[73.51603,31.86195],[73.51615,31.86247],[73.5165,31.86238],[73.51642,31.8621],[73.51679,31.862]]]]}},{"type":"Feature","properties":{"lu":"Vacant Area","ct":"Existing","a":0.029},"geometry":{"type":"MultiPolygon","coordinates":[[[[73.51514,31.86088],[73.51515,31.86071],[73.51508,31.86072],[73.51514,31.86088]]]]}},{"type":"Feature","properties":{"lu":"Vacant Area","ct":"Existing","a":0.184},"geometry":{"type":"MultiPolygon","coordinates":[[[[73.51081,31.85987],[73.5108,31.85975],[73.51048,31.85978],[73.51045,31.85962],[73.51029,31.85964],[73.51031,31.85981],[73.51047,31.85979],[73.5105,31.85992],[73.51081,31.85987]]]]}},{"type":"Feature","properties":{"lu":"Vacant Area","ct":"Existing","a":0.126},"geometry":{"type":"MultiPolygon","coordinates":[[[[73.51138,31.85983],[73.51136,31.8597],[73.51092,31.85974],[73.51101,31.85975],[73.51103,31.85987],[73.51138,31.85983]]]]}},{"type":"Feature","properties":{"lu":"Vacant Area","ct":"Existing","a":3.357},"geometry":{"type":"MultiPolygon","coordinates":[[[[73.50455,31.85917],[73.50346,31.85779],[73.50281,31.85813],[73.50394,31.85956],[73.50455,31.85917]]]]}},{"type":"Feature","properties":{"lu":"Vacant Area","ct":"Existing","a":6.829},"geometry":{"type":"MultiPolygon","coordinates":[[[[73.50367,31.86078],[73.50282,31.85972],[73.50293,31.85966],[73.5026,31.85926],[73.50249,31.85934],[73.50193,31.85866],[73.50075,31.85933],[73.50099,31.85953],[73.50131,31.85943],[73.50145,31.85948],[73.50292,31.86119],[73.50367,31.86078]]]]}},{"type":"Feature","properties":{"lu":"Vacant Area","ct":"Existing","a":0.427},"geometry":{"type":"MultiPolygon","coordinates":[[[[73.50287,31.86125],[73.50263,31.86102],[73.50225,31.86122],[73.50253,31.86154],[73.50287,31.86125]]]]}},{"type":"Feature","properties":{"lu":"Railway Station","ct":"Existing","a":0.132},"geometry":{"type":"MultiPolygon","coordinates":[[[[73.50351,31.8625],[73.50334,31.86228],[73.5032,31.86227],[73.50325,31.86232],[73.50319,31.86235],[73.50338,31.86258],[73.50351,31.8625]]]]}},{"type":"Feature","properties":{"lu":"Vacant Area","ct":"Existing","a":0.948},"geometry":{"type":"MultiPolygon","coordinates":[[[[73.49599,31.86593],[73.49593,31.86562],[73.49472,31.86581],[73.49477,31.86609],[73.49599,31.86593]]]]}},{"type":"Feature","properties":{"lu":"Vacant Area","ct":"Existing","a":0.871},"geometry":{"type":"MultiPolygon","coordinates":[[[[73.49593,31.86561],[73.49587,31.86534],[73.49467,31.86552],[73.49471,31.86579],[73.49593,31.86561]]]]}},{"type":"Feature","properties":{"lu":"Water Body","ct":"Existing","a":0.321},"geometry":{"type":"MultiPolygon","coordinates":[[[[73.46682,31.87312],[73.46679,31.87298],[73.4666,31.873],[73.46657,31.87287],[73.46615,31.87294],[73.46617,31.87306],[73.46633,31.87304],[73.46636,31.87318],[73.46682,31.87312]]]]}},{"type":"Feature","properties":{"lu":"Vacant Area","ct":"Existing","a":0.138},"geometry":{"type":"MultiPolygon","coordinates":[[[[73.47449,31.87892],[73.47445,31.87849],[73.47432,31.8785],[73.4744,31.87893],[73.47449,31.87892]]]]}},{"type":"Feature","properties":{"lu":"Vacant Area","ct":"Existing","a":0.648},"geometry":{"type":"MultiPolygon","coordinates":[[[[73.47209,31.87578],[73.47214,31.87603],[73.47312,31.87587],[73.47303,31.87566],[73.47209,31.87578]]]]}},{"type":"Feature","properties":{"lu":"Vacant Area","ct":"Existing","a":0.618},"geometry":{"type":"MultiPolygon","coordinates":[[[[73.47604,31.87444],[73.4758,31.87404],[73.47526,31.87424],[73.47533,31.87454],[73.47604,31.87444]]]]}},{"type":"Feature","properties":{"lu":"Graveyard","ct":"Existing","a":0.256},"geometry":{"type":"MultiPolygon","coordinates":[[[[73.47667,31.87481],[73.47611,31.87526],[73.47682,31.8751],[73.47667,31.87481]]]]}},{"type":"Feature","properties":{"lu":"Vacant Area","ct":"Existing","a":1.126},"geometry":{"type":"MultiPolygon","coordinates":[[[[73.47697,31.87457],[73.47758,31.87411],[73.47736,31.8734],[73.47666,31.87481],[73.47697,31.87457]]]]}},{"type":"Feature","properties":{"lu":"Vacant Area","ct":"Existing","a":0.942},"geometry":{"type":"MultiPolygon","coordinates":[[[[73.50769,31.86742],[73.50821,31.86727],[73.50816,31.8671],[73.50831,31.86706],[73.50823,31.86691],[73.50832,31.86689],[73.50827,31.86675],[73.50736,31.86698],[73.50745,31.86711],[73.5076,31.86708],[73.5077,31.86724],[73.50747,31.86734],[73.50757,31.86746],[73.50769,31.86742]]]]}},{"type":"Feature","properties":{"lu":"Vacant Area","ct":"Existing","a":0.296},"geometry":{"type":"MultiPolygon","coordinates":[[[[73.50976,31.86611],[73.5096,31.8659],[73.50912,31.86605],[73.50919,31.86616],[73.50937,31.86613],[73.50943,31.86624],[73.50976,31.86611]]]]}},{"type":"Feature","properties":{"lu":"Water Body","ct":"Existing","a":1.11},"geometry":{"type":"MultiPolygon","coordinates":[[[[73.5122,31.86644],[73.51096,31.86408],[73.51082,31.86412],[73.5108,31.86421],[73.51194,31.86632],[73.51205,31.86647],[73.5122,31.86644]]]]}},{"type":"Feature","properties":{"lu":"Vacant Area","ct":"Existing","a":3.365},"geometry":{"type":"MultiPolygon","coordinates":[[[[73.51178,31.86694],[73.51218,31.86677],[73.51197,31.86649],[73.51205,31.86647],[73.51138,31.86528],[73.51065,31.86554],[73.51069,31.86563],[73.51078,31.8656],[73.51092,31.86586],[73.51071,31.86593],[73.51158,31.86703],[73.51178,31.86694]]]]}},{"type":"Feature","properties":{"lu":"Vacant Area","ct":"Existing","a":0.898},"geometry":{"type":"MultiPolygon","coordinates":[[[[73.51202,31.8651],[73.51163,31.86435],[73.51123,31.86448],[73.51163,31.86524],[73.51202,31.8651]]]]}},{"type":"Feature","properties":{"lu":"Vacant Area","ct":"Existing","a":2.103},"geometry":{"type":"MultiPolygon","coordinates":[[[[73.49718,31.85698],[73.49704,31.85685],[73.49734,31.85657],[73.49751,31.85673],[73.49777,31.85654],[73.49731,31.85604],[73.49709,31.85625],[73.497,31.85613],[73.49673,31.85638],[73.49684,31.85654],[73.49689,31.85647],[73.49698,31.85656],[73.4966,31.85685],[73.4965,31.85675],[73.49622,31.85702],[73.49626,31.85698],[73.49654,31.8573],[73.49629,31.85746],[73.49646,31.85756],[73.49718,31.85698]]]]}},{"type":"Feature","properties":{"lu":"Vacant Area","ct":"Existing","a":1.373},"geometry":{"type":"MultiPolygon","coordinates":[[[[73.58972,32.21236],[73.5898,32.21189],[73.58972,32.21188],[73.58974,32.21169],[73.58999,32.2117],[73.58962,32.21165],[73.58972,32.21135],[73.58929,32.21125],[73.5893,32.21151],[73.58926,32.2116],[73.58918,32.21159],[73.58914,32.21176],[73.58933,32.2118],[73.5892,32.21207],[73.58975,32.21218],[73.58942,32.21216],[73.58943,32.21247],[73.59,32.21252],[73.59002,32.21239],[73.58972,32.21236]]]]}},{"type":"Feature","properties":{"lu":"Vacant Area","ct":"Existing","a":6.778},"geometry":{"type":"MultiPolygon","coordinates":[[[[73.58813,32.21153],[73.58823,32.21105],[73.58833,32.21107],[73.58836,32.21096],[73.58834,32.21032],[73.58721,32.21095],[73.58726,32.21143],[73.58686,32.21145],[73.58683,32.21115],[73.58652,32.21131],[73.58659,32.21202],[73.5867,32.21204],[73.58668,32.21262],[73.58743,32.21265],[73.58741,32.21279],[73.58748,32.21281],[73.58747,32.21298],[73.58757,32.21299],[73.58755,32.21307],[73.58782,32.21302],[73.58785,32.21294],[73.58772,32.21293],[73.58781,32.21268],[73.58769,32.21266],[73.58775,32.21236],[73.58796,32.21208],[73.58813,32.21153]]]]}},{"type":"Feature","properties":{"lu":"Vacant Area","ct":"Existing","a":0.762},"geometry":{"type":"MultiPolygon","coordinates":[[[[73.58683,32.21338],[73.58681,32.21312],[73.58569,32.2131],[73.58568,32.21337],[73.58683,32.21338]]]]}},{"type":"Feature","properties":{"lu":"Vacant Area","ct":"Existing","a":1.261},"geometry":{"type":"MultiPolygon","coordinates":[[[[73.58806,32.21774],[73.58806,32.21763],[73.58734,32.21765],[73.58728,32.21828],[73.58805,32.21831],[73.58806,32.21774]]]]}},{"type":"Feature","properties":{"lu":"Vacant Area","ct":"Existing","a":0.808},"geometry":{"type":"MultiPolygon","coordinates":[[[[73.58804,32.21868],[73.58805,32.21834],[73.58728,32.2183],[73.58725,32.21884],[73.58745,32.21885],[73.58746,32.21868],[73.58804,32.21868]]]]}},{"type":"Feature","properties":{"lu":"Vacant Area","ct":"Existing","a":1.261},"geometry":{"type":"MultiPolygon","coordinates":[[[[73.58677,32.21052],[73.58676,32.21034],[73.58688,32.21034],[73.58693,32.21003],[73.58629,32.21003],[73.58627,32.21093],[73.58676,32.21095],[73.58677,32.21052]]]]}},{"type":"Feature","properties":{"lu":"Graveyard","ct":"Existing","a":0.541},"geometry":{"type":"MultiPolygon","coordinates":[[[[73.584,32.21199],[73.58348,32.212],[73.58337,32.21244],[73.58401,32.21228],[73.584,32.21199]]]]}},{"type":"Feature","properties":{"lu":"Graveyard","ct":"Existing","a":0.185},"geometry":{"type":"MultiPolygon","coordinates":[[[[73.58366,32.21244],[73.58369,32.21257],[73.58402,32.21263],[73.58404,32.21234],[73.58366,32.21244]]]]}},{"type":"Feature","properties":{"lu":"Graveyard","ct":"Existing","a":0.744},"geometry":{"type":"MultiPolygon","coordinates":[[[[73.58468,32.21219],[73.5841,32.21233],[73.58406,32.21273],[73.58471,32.21274],[73.58468,32.21219]]]]}},{"type":"Feature","properties":{"lu":"Graveyard","ct":"Existing","a":0.482},"geometry":{"type":"MultiPolygon","coordinates":[[[[73.5857,32.21744],[73.58573,32.21686],[73.58542,32.21686],[73.58538,32.21743],[73.5857,32.21744]]]]}},{"type":"Feature","properties":{"lu":"Vacant Area","ct":"Existing","a":11.482},"geometry":{"type":"MultiPolygon","coordinates":[[[[73.59585,31.97563],[73.59565,31.97523],[73.59595,31.9751],[73.59564,31.97457],[73.596,31.9744],[73.59543,31.97335],[73.59478,31.97358],[73.59509,31.97417],[73.59452,31.97437],[73.59441,31.97416],[73.59306,31.97468],[73.59315,31.97487],[73.59251,31.97507],[73.59267,31.97529],[73.59345,31.97524],[73.59347,31.97543],[73.59386,31.9755],[73.59503,31.97603],[73.59591,31.97575],[73.59585,31.97563]]]]}},{"type":"Feature","properties":{"lu":"Vacant Area","ct":"Existing","a":0.695},"geometry":{"type":"MultiPolygon","coordinates":[[[[73.58862,31.97808],[73.58883,31.97846],[73.5894,31.97825],[73.58921,31.97786],[73.58862,31.97808]]]]}},{"type":"Feature","properties":{"lu":"Railway Station","ct":"Existing","a":0.694},"geometry":{"type":"MultiPolygon","coordinates":[[[[73.59978,31.97488],[73.59926,31.97433],[73.59914,31.97441],[73.59845,31.97368],[73.59836,31.97374],[73.59959,31.97499],[73.59978,31.97488]]]]}},{"type":"Feature","properties":{"lu":"Graveyard","ct":"Existing","a":3.584},"geometry":{"type":"MultiPolygon","coordinates":[[[[73.60419,31.97957],[73.60503,31.97941],[73.60479,31.97839],[73.60367,31.97863],[73.60324,31.97882],[73.60398,31.97963],[73.60419,31.97957]]]]}},{"type":"Feature","properties":{"lu":"Vacant Area","ct":"Existing","a":1.161},"geometry":{"type":"MultiPolygon","coordinates":[[[[73.60314,31.97827],[73.60284,31.97766],[73.60262,31.97778],[73.60233,31.97734],[73.60201,31.97751],[73.60284,31.97841],[73.60314,31.97827]]]]}},{"type":"Feature","properties":{"lu":"Vacant Area","ct":"Existing","a":1.245},"geometry":{"type":"MultiPolygon","coordinates":[[[[73.60062,31.97923],[73.60025,31.97837],[73.59965,31.97832],[73.60024,31.97937],[73.60062,31.97923]]]]}},{"type":"Feature","properties":{"lu":"Vacant Area","ct":"Existing","a":1.096},"geometry":{"type":"MultiPolygon","coordinates":[[[[73.58979,31.97741],[73.58919,31.97764],[73.58902,31.97739],[73.58841,31.97764],[73.5886,31.97804],[73.58986,31.97758],[73.58979,31.97741]]]]}},{"type":"Feature","properties":{"lu":"Vacant Area","ct":"Existing","a":0.372},"geometry":{"type":"MultiPolygon","coordinates":[[[[73.58958,31.9778],[73.58955,31.97773],[73.58923,31.97785],[73.58943,31.97824],[73.58973,31.97811],[73.58958,31.9778]]]]}},{"type":"Feature","properties":{"lu":"Vacant Area","ct":"Existing","a":4.901},"geometry":{"type":"MultiPolygon","coordinates":[[[[73.26382,31.8989],[73.25923,31.89858],[73.25932,31.89731],[73.25979,31.89732],[73.2598,31.89719],[73.25982,31.89675],[73.25965,31.89673],[73.25966,31.89663],[73.25983,31.89664],[73.25989,31.89585],[73.25955,31.89585],[73.25945,31.897],[73.25933,31.89696],[73.25948,31.89541],[73.25925,31.89594],[73.25899,31.8987],[73.26379,31.89908],[73.26382,31.8989]]]]}},{"type":"Feature","properties":{"lu":"Vacant Area","ct":"Existing","a":0.375},"geometry":{"type":"MultiPolygon","coordinates":[[[[73.2615,31.89657],[73.26152,31.89635],[73.261,31.89631],[73.26098,31.89662],[73.2615,31.89657]]]]}},{"type":"Feature","properties":{"lu":"Vacant Area","ct":"Existing","a":0.338},"geometry":{"type":"MultiPolygon","coordinates":[[[[73.26126,31.89692],[73.2615,31.89691],[73.26152,31.89673],[73.26098,31.89669],[73.26096,31.89709],[73.26105,31.89717],[73.2611,31.89689],[73.26126,31.89692]]]]}},{"type":"Feature","properties":{"lu":"Vacant Area","ct":"Existing","a":0.346},"geometry":{"type":"MultiPolygon","coordinates":[[[[73.2634,31.89801],[73.26293,31.89799],[73.26288,31.89823],[73.26311,31.89825],[73.26308,31.89834],[73.26326,31.89835],[73.2634,31.89801]]]]}},{"type":"Feature","properties":{"lu":"Park and Open Spaces","ct":"Existing","a":0.712},"geometry":{"type":"MultiPolygon","coordinates":[[[[73.26241,31.89638],[73.2616,31.89633],[73.26157,31.89667],[73.26238,31.89672],[73.26241,31.89638]]]]}},{"type":"Feature","properties":{"lu":"Vacant Area","ct":"Existing","a":0.83},"geometry":{"type":"MultiPolygon","coordinates":[[[[73.26236,31.89795],[73.26232,31.89814],[73.2622,31.89812],[73.26223,31.89795],[73.2619,31.89793],[73.26187,31.89829],[73.2628,31.89831],[73.26283,31.89799],[73.26236,31.89795]]]]}},{"type":"Feature","properties":{"lu":"Vacant Area","ct":"Existing","a":0.984},"geometry":{"type":"MultiPolygon","coordinates":[[[[73.26222,31.89677],[73.26222,31.89696],[73.26207,31.89695],[73.26208,31.89677],[73.26175,31.89674],[73.26173,31.89693],[73.26153,31.89692],[73.26149,31.89709],[73.26136,31.89708],[73.26137,31.89692],[73.26126,31.89692],[73.26119,31.89718],[73.26233,31.89725],[73.26237,31.89678],[73.26222,31.89677]]]]}},{"type":"Feature","properties":{"lu":"Vacant Area","ct":"Existing","a":1.24},"geometry":{"type":"MultiPolygon","coordinates":[[[[73.26244,31.89596],[73.26102,31.89591],[73.261,31.89623],[73.26241,31.89631],[73.26244,31.89596]]]]}},{"type":"Feature","properties":{"lu":"Vacant Area","ct":"Existing","a":0.711},"geometry":{"type":"MultiPolygon","coordinates":[[[[73.26383,31.89881],[73.26387,31.89848],[73.26355,31.89846],[73.26353,31.89863],[73.26313,31.8986],[73.26317,31.89843],[73.26288,31.89841],[73.26288,31.89859],[73.2628,31.89858],[73.2628,31.89874],[73.26383,31.89881]]]]}},{"type":"Feature","properties":{"lu":"Vacant Area","ct":"Existing","a":1.295},"geometry":{"type":"MultiPolygon","coordinates":[[[[73.26136,31.89832],[73.26085,31.89828],[73.26082,31.89864],[73.26225,31.89872],[73.26228,31.89839],[73.26136,31.89832]]]]}},{"type":"Feature","properties":{"lu":"Vacant Area","ct":"Existing","a":2.372},"geometry":{"type":"MultiPolygon","coordinates":[[[[73.26356,31.89795],[73.26359,31.89788],[73.26439,31.89796],[73.26453,31.89752],[73.26342,31.89745],[73.26314,31.89755],[73.26288,31.89745],[73.26251,31.89743],[73.26243,31.89749],[73.26244,31.89792],[73.26356,31.89795]]]]}},{"type":"Feature","properties":{"lu":"Vacant Area","ct":"Existing","a":1.244},"geometry":{"type":"MultiPolygon","coordinates":[[[[73.25978,31.89743],[73.25978,31.89738],[73.25938,31.89738],[73.25926,31.89842],[73.25933,31.89854],[73.25967,31.89856],[73.25978,31.89743]]]]}},{"type":"Feature","properties":{"lu":"Vacant Area","ct":"Existing","a":1.215},"geometry":{"type":"MultiPolygon","coordinates":[[[[73.26015,31.89728],[73.26012,31.89744],[73.25982,31.89743],[73.25976,31.89824],[73.25998,31.89826],[73.25995,31.8984],[73.25975,31.89839],[73.25974,31.89856],[73.26016,31.89858],[73.26026,31.89728],[73.26015,31.89728]]]]}},{"type":"Feature","properties":{"lu":"Vacant Area","ct":"Existing","a":0.73},"geometry":{"type":"MultiPolygon","coordinates":[[[[73.26074,31.89795],[73.26078,31.89741],[73.26066,31.8973],[73.26033,31.89729],[73.2603,31.89772],[73.2605,31.89774],[73.26049,31.89783],[73.26029,31.89782],[73.26028,31.898],[73.26074,31.89795]]]]}},{"type":"Feature","properties":{"lu":"Vacant Area","ct":"Existing","a":0.756},"geometry":{"type":"MultiPolygon","coordinates":[[[[73.26087,31.89641],[73.26043,31.89645],[73.26041,31.89663],[73.2606,31.89665],[73.26058,31.89685],[73.26039,31.89683],[73.26036,31.89716],[73.26067,31.89718],[73.26084,31.89707],[73.26087,31.89641]]]]}},{"type":"Feature","properties":{"lu":"Vacant Area","ct":"Existing","a":1.234},"geometry":{"type":"MultiPolygon","coordinates":[[[[73.26038,31.89589],[73.26001,31.89586],[73.2599,31.89706],[73.25998,31.89713],[73.26027,31.89715],[73.26038,31.89589]]]]}},{"type":"Feature","properties":{"lu":"Vacant Area","ct":"Existing","a":2.959},"geometry":{"type":"MultiPolygon","coordinates":[[[[73.26231,31.89569],[73.26207,31.89554],[73.26105,31.89548],[73.26096,31.89554],[73.2599,31.89502],[73.25967,31.89502],[73.25952,31.89534],[73.25952,31.89571],[73.25985,31.89573],[73.25987,31.89535],[73.25995,31.89535],[73.25991,31.89573],[73.26021,31.89576],[73.26027,31.89528],[73.26034,31.89529],[73.2603,31.89571],[73.26036,31.89579],[73.26227,31.89589],[73.26231,31.89569]]]]}},{"type":"Feature","properties":{"lu":"Vacant Area","ct":"Existing","a":0.092},"geometry":{"type":"MultiPolygon","coordinates":[[[[73.26254,31.8984],[73.2624,31.8984],[73.26236,31.89861],[73.26253,31.89863],[73.26254,31.8984]]]]}},{"type":"Feature","properties":{"lu":"Vacant Area","ct":"Existing","a":0.477},"geometry":{"type":"MultiPolygon","coordinates":[[[[73.26072,31.89817],[73.26026,31.89821],[73.26023,31.89858],[73.26069,31.8986],[73.26072,31.89817]]]]}},{"type":"Feature","properties":{"lu":"Vacant Area","ct":"Existing","a":0.461},"geometry":{"type":"MultiPolygon","coordinates":[[[[73.26088,31.89631],[73.2609,31.89591],[73.26048,31.89589],[73.26044,31.89633],[73.26088,31.89631]]]]}},{"type":"Feature","properties":{"lu":"Vacant Area","ct":"Existing","a":0.944},"geometry":{"type":"MultiPolygon","coordinates":[[[[73.3735,32.06487],[73.37354,32.06452],[73.37297,32.06446],[73.37296,32.06419],[73.3726,32.06415],[73.37259,32.0643],[73.37268,32.06431],[73.37267,32.06454],[73.37295,32.0646],[73.37291,32.06482],[73.37318,32.06487],[73.37315,32.065],[73.37334,32.06502],[73.37337,32.06487],[73.3735,32.06487]]]]}},{"type":"Feature","properties":{"lu":"Vacant Area","ct":"Existing","a":0.618},"geometry":{"type":"MultiPolygon","coordinates":[[[[73.37299,32.0638],[73.3723,32.06374],[73.37225,32.06407],[73.37295,32.06415],[73.37299,32.0638]]]]}},{"type":"Feature","properties":{"lu":"Vacant Area","ct":"Existing","a":7.752},"geometry":{"type":"MultiPolygon","coordinates":[[[[73.68777,32.08684],[73.68795,32.08685],[73.68794,32.08642],[73.68859,32.0864],[73.68859,32.08608],[73.68794,32.08608],[73.68859,32.08605],[73.68861,32.08574],[73.68761,32.08573],[73.68758,32.08601],[73.68757,32.08541],[73.68862,32.08542],[73.68868,32.08502],[73.68866,32.08542],[73.68913,32.08541],[73.68917,32.08499],[73.68917,32.08541],[73.6895,32.08542],[73.68956,32.08489],[73.68954,32.08542],[73.68989,32.08541],[73.68988,32.08479],[73.68914,32.08463],[73.68892,32.08473],[73.68834,32.08461],[73.68822,32.08507],[73.68788,32.085],[73.68782,32.0853],[73.68707,32.08546],[73.68717,32.08722],[73.68773,32.08723],[73.68777,32.08684]]]]}},{"type":"Feature","properties":{"lu":"Vacant Area","ct":"Existing","a":0.194},"geometry":{"type":"MultiPolygon","coordinates":[[[[73.67721,32.05788],[73.6773,32.05798],[73.67797,32.05793],[73.67797,32.05783],[73.67721,32.05788]]]]}},{"type":"Feature","properties":{"lu":"Vacant Area","ct":"Existing","a":7.969},"geometry":{"type":"MultiPolygon","coordinates":[[[[73.66751,32.05899],[73.66664,32.05801],[73.66544,32.05861],[73.6658,32.05921],[73.66579,32.05974],[73.66674,32.05975],[73.6671,32.05968],[73.66719,32.05959],[73.66712,32.05971],[73.66664,32.05979],[73.66579,32.05978],[73.66578,32.06007],[73.66717,32.06006],[73.66717,32.0599],[73.66739,32.05987],[73.66789,32.05928],[73.66751,32.05899]]]]}},{"type":"Feature","properties":{"lu":"Vacant Area","ct":"Existing","a":1.724},"geometry":{"type":"MultiPolygon","coordinates":[[[[73.70236,32.05829],[73.70229,32.05798],[73.70195,32.05743],[73.70152,32.05783],[73.70107,32.05844],[73.70236,32.05829]]]]}},{"type":"Feature","properties":{"lu":"Vacant Area","ct":"Existing","a":10.207},"geometry":{"type":"MultiPolygon","coordinates":[[[[73.70116,32.06412],[73.70123,32.06474],[73.69823,32.06496],[73.69806,32.06518],[73.6981,32.06547],[73.69829,32.06544],[73.69833,32.06568],[73.69937,32.06547],[73.70132,32.06531],[73.70139,32.06589],[73.70257,32.06578],[73.7023,32.06401],[73.70172,32.06407],[73.70175,32.06468],[73.70169,32.06408],[73.70135,32.0641],[73.70144,32.06471],[73.70133,32.0641],[73.70116,32.06412]]]]}},{"type":"Feature","properties":{"lu":"Vacant Area","ct":"Existing","a":1.535},"geometry":{"type":"MultiPolygon","coordinates":[[[[73.70272,32.06426],[73.70269,32.06397],[73.70234,32.06401],[73.70264,32.06578],[73.70296,32.06575],[73.70272,32.06426]]]]}},{"type":"Feature","properties":{"lu":"Graveyard","ct":"Existing","a":0.536},"geometry":{"type":"MultiPolygon","coordinates":[[[[73.69712,32.06598],[73.69699,32.06557],[73.69667,32.06561],[73.69657,32.06573],[73.69664,32.06609],[73.69712,32.06598]]]]}},{"type":"Feature","properties":{"lu":"Vacant Area","ct":"Existing","a":2.743},"geometry":{"type":"MultiPolygon","coordinates":[[[[73.69834,32.06571],[73.69855,32.06615],[73.69929,32.0661],[73.6993,32.06623],[73.70016,32.06616],[73.70006,32.06544],[73.69903,32.06555],[73.69834,32.06571]]]]}},{"type":"Feature","properties":{"lu":"Vacant Area","ct":"Existing","a":1.541},"geometry":{"type":"MultiPolygon","coordinates":[[[[73.70324,32.06525],[73.70305,32.06394],[73.70273,32.06396],[73.703,32.06574],[73.7033,32.06572],[73.70324,32.06525]]]]}},{"type":"Feature","properties":{"lu":"Vacant Area","ct":"Existing","a":1.339},"geometry":{"type":"MultiPolygon","coordinates":[[[[73.68742,32.05718],[73.68736,32.05672],[73.68667,32.05679],[73.68677,32.05754],[73.68745,32.05746],[73.68742,32.05718]]]]}},{"type":"Feature","properties":{"lu":"Park and Open Spaces","ct":"Existing","a":5.453},"geometry":{"type":"MultiPolygon","coordinates":[[[[73.69461,32.07407],[73.69454,32.07407],[73.69452,32.0749],[73.69502,32.07493],[73.69508,32.07556],[73.69628,32.07566],[73.69606,32.07417],[73.69461,32.07407]]]]}},{"type":"Feature","properties":{"lu":"Vacant Area","ct":"Existing","a":7.239},"geometry":{"type":"MultiPolygon","coordinates":[[[[73.67384,32.06543],[73.67269,32.06517],[73.67281,32.06459],[73.67138,32.06438],[73.67082,32.06637],[73.67154,32.06648],[73.67158,32.06633],[73.67134,32.06624],[73.67154,32.06525],[73.67141,32.0652],[73.67142,32.06514],[73.67245,32.0653],[73.67363,32.06554],[73.6736,32.06608],[73.67346,32.06617],[73.67231,32.06594],[73.6722,32.06654],[73.67294,32.06663],[73.67295,32.06652],[73.67335,32.06659],[73.67333,32.06669],[73.67365,32.06672],[73.67363,32.0669],[73.67384,32.06543]]]]}},{"type":"Feature","properties":{"lu":"City Park and Open Spaces","ct":"Proposed","a":8.465},"geometry":{"type":"MultiPolygon","coordinates":[[[[73.38074,32.06775],[73.38138,32.06734],[73.38264,32.06687],[73.38328,32.06677],[73.38333,32.06656],[73.3836,32.06658],[73.38362,32.0664],[73.38265,32.06626],[73.38263,32.0659],[73.3819,32.06578],[73.38188,32.06593],[73.38182,32.06592],[73.38182,32.0658],[73.38168,32.06578],[73.38166,32.06591],[73.38158,32.06591],[73.38156,32.06563],[73.38125,32.06565],[73.38119,32.06662],[73.38082,32.06659],[73.3808,32.06674],[73.38026,32.0667],[73.38028,32.06681],[73.38013,32.0668],[73.38017,32.06707],[73.38022,32.06716],[73.38044,32.06714],[73.38048,32.06738],[73.38021,32.0674],[73.38019,32.06762],[73.38007,32.0676],[73.38005,32.06774],[73.38049,32.06777],[73.38041,32.06787],[73.38047,32.06789],[73.38045,32.06807],[73.38057,32.06808],[73.38078,32.06798],[73.38074,32.0678],[73.38054,32.06775],[73.38074,32.06766],[73.38074,32.06775]],[[73.38181,32.06598],[73.38179,32.06611],[73.38163,32.0661],[73.38165,32.06595],[73.38181,32.06598]],[[73.38285,32.06636],[73.38297,32.06638],[73.38296,32.06651],[73.38282,32.06649],[73.38285,32.06636]],[[73.3806,32.06689],[73.38056,32.067],[73.38041,32.06702],[73.38041,32.06689],[73.3806,32.06689]]]]}},{"type":"Feature","properties":{"lu":"City Park and Open Spaces","ct":"Proposed","a":7.257},"geometry":{"type":"MultiPolygon","coordinates":[[[[73.68369,32.07204],[73.68268,32.07235],[73.68255,32.07218],[73.68227,32.07242],[73.68247,32.0727],[73.68212,32.07298],[73.68175,32.0726],[73.68195,32.07247],[73.68173,32.07222],[73.6816,32.07231],[73.6815,32.07216],[73.68116,32.07244],[73.68096,32.07225],[73.68049,32.07259],[73.68175,32.07392],[73.68199,32.07369],[73.68371,32.07254],[73.6838,32.07239],[73.68369,32.07204]]]]}},{"type":"Feature","properties":{"lu":"City Park and Open Spaces","ct":"Proposed","a":23.008},"geometry":{"type":"MultiPolygon","coordinates":[[[[73.69451,32.07732],[73.69054,32.07145],[73.69041,32.07143],[73.69016,32.07154],[73.68999,32.07134],[73.68975,32.07129],[73.69399,32.07759],[73.69451,32.07732]]],[[[73.69388,32.07765],[73.68978,32.07142],[73.68952,32.07149],[73.68971,32.07177],[73.68917,32.07204],[73.68924,32.07222],[73.69034,32.07385],[73.69088,32.07396],[73.6909,32.07423],[73.69063,32.07423],[73.69085,32.07454],[73.69159,32.07423],[73.69238,32.07539],[73.69163,32.07571],[73.6932,32.078],[73.69388,32.07765]]]]}},{"type":"Feature","properties":{"lu":"Railway Station","ct":"Existing","a":2.916},"geometry":{"type":"MultiPolygon","coordinates":[[[[73.69085,32.07454],[73.69163,32.07571],[73.69238,32.07539],[73.69159,32.07423],[73.69085,32.07454]]]]}},{"type":"Feature","properties":{"lu":"Park and Open Spaces","ct":"Existing","a":0.786},"geometry":{"type":"MultiPolygon","coordinates":[[[[73.28801,31.90425],[73.28734,31.9042],[73.2873,31.90464],[73.28798,31.9047],[73.28801,31.90425]]]]}},{"type":"Feature","properties":{"lu":"Water Body","ct":"Existing","a":0.008},"geometry":{"type":"MultiPolygon","coordinates":[[[[73.66565,32.05321],[73.66564,32.05322],[73.66578,32.05331],[73.66594,32.05341],[73.66615,32.05354],[73.66616,32.05355],[73.66565,32.05321]]]]}},{"type":"Feature","properties":{"lu":"Water Body","ct":"Existing","a":0.588},"geometry":{"type":"MultiPolygon","coordinates":[[[[73.68344,32.03962],[73.68013,32.03958],[73.68013,32.03965],[73.68345,32.03971],[73.68344,32.03962]]]]}},{"type":"Feature","properties":{"lu":"Water Body","ct":"Existing","a":0.27},"geometry":{"type":"MultiPolygon","coordinates":[[[[73.67993,32.03965],[73.67993,32.03958],[73.67803,32.03954],[73.67811,32.0396],[73.67993,32.03965]]]]}},{"type":"Feature","properties":{"lu":"Waste Water Treatment Plant","ct":"Proposed","a":85.084,"nm":"Proposed Treatment Plant 2"},"geometry":{"type":"MultiPolygon","coordinates":[[[[73.64346,32.057],[73.64434,32.05496],[73.64432,32.05181],[73.6378,32.0518],[73.63768,32.05684],[73.64346,32.057]]]]}},{"type":"Feature","properties":{"lu":"Water Body","ct":"Existing","a":5.642},"geometry":{"type":"MultiPolygon","coordinates":[[[[73.54727,31.86589],[73.5473,31.86569],[73.54657,31.86573],[73.54305,31.86546],[73.53711,31.8663],[73.53105,31.86739],[73.53036,31.86736],[73.52926,31.8669],[73.5291,31.86697],[73.53024,31.86745],[73.5309,31.86751],[73.53675,31.86646],[73.54322,31.86555],[73.54727,31.86589]]]]}},{"type":"Feature","properties":{"lu":"Water Body","ct":"Existing","a":13.013},"geometry":{"type":"MultiPolygon","coordinates":[[[[73.51518,31.81904],[73.51512,31.81896],[73.511,31.82259],[73.51074,31.82317],[73.51072,31.82354],[73.51305,31.83468],[73.51293,31.83551],[73.51194,31.83863],[73.5112,31.8417],[73.50906,31.8519],[73.50886,31.85407],[73.509,31.85408],[73.50937,31.85119],[73.51176,31.83973],[73.51307,31.83552],[73.51318,31.83493],[73.51318,31.83463],[73.51208,31.82942],[73.51089,31.82327],[73.51098,31.8229],[73.51124,31.82253],[73.51518,31.81904]]]]}},{"type":"Feature","properties":{"lu":"Water Body","ct":"Existing","a":0.437},"geometry":{"type":"MultiPolygon","coordinates":[[[[73.50896,31.85441],[73.50884,31.8544],[73.50881,31.8556],[73.50896,31.8556],[73.50896,31.85441]]]]}},{"type":"Feature","properties":{"lu":"Water Body","ct":"Existing","a":1.035},"geometry":{"type":"MultiPolygon","coordinates":[[[[73.52786,31.86666],[73.52826,31.86667],[73.52864,31.8668],[73.52881,31.86673],[73.52842,31.8666],[73.52759,31.8666],[73.52532,31.86724],[73.52536,31.86735],[73.52786,31.86666]]]]}},{"type":"Feature","properties":{"lu":"Water Body","ct":"Existing","a":1.455},"geometry":{"type":"MultiPolygon","coordinates":[[[[73.52518,31.86741],[73.52514,31.8673],[73.51997,31.8688],[73.52,31.86888],[73.52518,31.86741]]]]}},{"type":"Feature","properties":{"lu":"Water Body","ct":"Existing","a":0.598},"geometry":{"type":"MultiPolygon","coordinates":[[[[73.51777,31.8695],[73.51981,31.86893],[73.51978,31.86885],[73.51789,31.86939],[73.51729,31.86938],[73.51707,31.86947],[73.51777,31.8695]]]]}},{"type":"Feature","properties":{"lu":"Water Body","ct":"Existing","a":1.874},"geometry":{"type":"MultiPolygon","coordinates":[[[[73.69864,32.05278],[73.69849,32.05279],[73.70181,32.05669],[73.70189,32.05668],[73.70301,32.05794],[73.69864,32.05278]]]]}}]}