{"type":"FeatureCollection","features":[{"type":"Feature","properties":{"lu":"Notified Area","ct":"Existing","a":0.008},"geometry":{"type":"MultiPolygon","coordinates":[[[[73.727033,32.07627],[73.726649,32.075969],[73.726646,32.075972],[73.727033,32.07627]]],[[[73.72807,32.07748],[73.72782,32.07718],[73.72755,32.07685],[73.72807,32.07748]]]]}},{"type":"Feature","properties":{"lu":"Notified Area","ct":"Existing","a":668.049,"nm":"Air Base"},"geometry":{"type":"MultiPolygon","coordinates":[[[[73.79954,32.08125],[73.79372,32.07708],[73.79265,32.07579],[73.79056,32.07457],[73.78736,32.07242],[73.78715,32.0717],[73.78749,32.0712],[73.78751,32.07103],[73.78012,32.06587],[73.77986,32.06587],[73.77814,32.06761],[73.77548,32.06475],[73.77536,32.06426],[73.77466,32.06452],[73.77364,32.06555],[73.77199,32.06436],[73.77144,32.06487],[73.77314,32.06603],[73.77184,32.06733],[73.7732,32.06856],[73.77538,32.06984],[73.7756,32.07012],[73.77395,32.07184],[73.77961,32.0758],[73.77984,32.07627],[73.78075,32.07686],[73.78098,32.07658],[73.78399,32.07859],[73.78418,32.07894],[73.78415,32.08264],[73.78521,32.08266],[73.7891,32.08239],[73.79623,32.08764],[73.79757,32.08848],[73.79762,32.08961],[73.79889,32.08967],[73.8,32.09015],[73.80048,32.0901],[73.80047,32.09065],[73.80252,32.09071],[73.79954,32.08125]]]]}},{"type":"Feature","properties":{"lu":"Notified Area","ct":"Existing","a":78.963,"nm":"Oil Depot"},"geometry":{"type":"MultiPolygon","coordinates":[[[[73.71406,32.08325],[73.71352,32.08236],[73.71344,32.08152],[73.71325,32.08096],[73.70767,32.08049],[73.70759,32.08043],[73.70772,32.07989],[73.70664,32.08079],[73.70665,32.08112],[73.70723,32.08124],[73.70685,32.08478],[73.70691,32.08478],[73.70687,32.08534],[73.7128,32.08579],[73.71305,32.08311],[73.71312,32.08305],[73.71406,32.08325]]]]}},{"type":"Feature","properties":{"lu":"State Land","ct":"Existing","a":0.001},"geometry":{"type":"MultiPolygon","coordinates":[[[[73.501001,31.85974],[73.501001,31.859735],[73.500793,31.859802],[73.501001,31.85974]]]]}},{"type":"Feature","properties":{"lu":"State Land","ct":"Existing","a":0.642},"geometry":{"type":"MultiPolygon","coordinates":[[[[73.60475,31.98031],[73.60473,31.98011],[73.60451,31.98017],[73.60398,31.97963],[73.60375,31.97969],[73.60447,31.98043],[73.60475,31.98031]]]]}},{"type":"Feature","properties":{"lu":"Relocation Zone","ct":"Proposed","a":94.086},"geometry":{"type":"MultiPolygon","coordinates":[[[[73.71369,32.05381],[73.71096,32.05361],[73.70915,32.05367],[73.70799,32.0531],[73.70682,32.053],[73.70565,32.054],[73.70646,32.05488],[73.71776,32.05505],[73.71658,32.05369],[73.71369,32.05381]]],[[[73.71811,32.05549],[73.7179,32.05522],[73.70662,32.05504],[73.7084,32.05696],[73.71942,32.05712],[73.71811,32.05549]]]]}},{"type":"Feature","properties":{"lu":"Relocation Zone","ct":"Proposed","a":13.76},"geometry":{"type":"MultiPolygon","coordinates":[[[[73.71658,32.05369],[73.71608,32.05312],[73.70682,32.053],[73.70799,32.0531],[73.70915,32.05367],[73.71096,32.05361],[73.71369,32.05381],[73.71658,32.05369]]]]}},{"type":"Feature","properties":{"lu":"Natural Growth Boundary","ct":"Proposed","a":117.519},"geometry":{"type":"MultiPolygon","coordinates":[[[[73.28009,31.82286],[73.28008,31.82043],[73.28002,31.82043],[73.28001,31.82157],[73.27925,31.82157],[73.27936,31.82043],[73.27698,31.82045],[73.27691,31.82223],[73.27731,31.82224],[73.27717,31.82503],[73.27808,31.82511],[73.27822,31.82473],[73.278,31.82446],[73.27804,31.82338],[73.27868,31.82341],[73.27873,31.82405],[73.27941,31.82403],[73.27938,31.82335],[73.27977,31.82338],[73.2797,31.82297],[73.28011,31.823],[73.2801,31.82288],[73.28029,31.82286],[73.28009,31.82286]]],[[[73.28039,31.82429],[73.28048,31.82429],[73.28046,31.82444],[73.28076,31.82445],[73.28078,31.82469],[73.28013,31.82465],[73.28009,31.82495],[73.28049,31.82494],[73.28053,31.82613],[73.28122,31.82612],[73.28117,31.82642],[73.28055,31.82645],[73.28049,31.82744],[73.28016,31.82744],[73.28012,31.82822],[73.27915,31.82824],[73.27916,31.82885],[73.27904,31.82898],[73.2789,31.82948],[73.28009,31.82946],[73.28007,31.82914],[73.28017,31.82884],[73.28085,31.82881],[73.28082,31.82949],[73.28063,31.82948],[73.28053,31.83034],[73.28015,31.83037],[73.28012,31.83005],[73.27867,31.83011],[73.2787,31.82946],[73.27755,31.82951],[73.27752,31.82921],[73.27708,31.82921],[73.27707,31.82893],[73.2766,31.82891],[73.27661,31.8283],[73.27609,31.8283],[73.2761,31.82845],[73.27582,31.82846],[73.27584,31.82653],[73.27519,31.82651],[73.27517,31.82711],[73.27447,31.8271],[73.27444,31.82651],[73.27514,31.82646],[73.27514,31.82523],[73.27549,31.8252],[73.27544,31.82466],[73.27653,31.8247],[73.27656,31.82434],[73.27587,31.82434],[73.27587,31.82406],[73.27656,31.824],[73.27659,31.82225],[73.27621,31.82226],[73.27619,31.82138],[73.27581,31.82135],[73.27584,31.82105],[73.27655,31.82106],[73.27661,31.82048],[73.2767,31.82045],[73.27439,31.82046],[73.27447,31.83071],[73.28224,31.83066],[73.28213,31.82287],[73.2804,31.82286],[73.28039,31.82429]]]]}},{"type":"Feature","properties":{"lu":"Natural Growth Boundary","ct":"Proposed","a":225.586},"geometry":{"type":"MultiPolygon","coordinates":[[[[73.20792,31.84617],[73.20798,31.84608],[73.20826,31.84605],[73.20775,31.84598],[73.20763,31.84476],[73.20787,31.84347],[73.2074,31.84294],[73.20359,31.83931],[73.20322,31.83933],[73.20331,31.8442],[73.20346,31.84556],[73.2056,31.84547],[73.20575,31.84726],[73.20797,31.84717],[73.20792,31.84617]]],[[[73.21358,31.84924],[73.21277,31.84842],[73.21172,31.84856],[73.2117,31.84827],[73.21094,31.84827],[73.21094,31.84771],[73.21024,31.84769],[73.21007,31.84656],[73.20923,31.84663],[73.20924,31.84676],[73.20837,31.84662],[73.20832,31.84621],[73.20811,31.84623],[73.20827,31.84897],[73.21106,31.84884],[73.21108,31.8498],[73.21403,31.84967],[73.21358,31.84924]]],[[[73.22407,31.85888],[73.22308,31.85938],[73.22304,31.85783],[73.22168,31.85672],[73.22146,31.85672],[73.2187,31.85767],[73.21807,31.8563],[73.21896,31.85576],[73.21944,31.85536],[73.2191,31.85509],[73.21874,31.85451],[73.2186,31.85393],[73.21899,31.85376],[73.21846,31.85328],[73.21822,31.85362],[73.21796,31.85364],[73.21706,31.85345],[73.2169,31.854],[73.21723,31.85406],[73.21721,31.85426],[73.21699,31.85424],[73.21702,31.85462],[73.21603,31.85468],[73.21596,31.85506],[73.21518,31.85506],[73.21545,31.85444],[73.21619,31.85421],[73.21645,31.85297],[73.21573,31.85239],[73.21519,31.85209],[73.21594,31.8513],[73.21478,31.85027],[73.21439,31.85055],[73.21391,31.85013],[73.21315,31.85064],[73.21216,31.85089],[73.21207,31.85021],[73.21109,31.85022],[73.21112,31.85188],[73.2129,31.85188],[73.21315,31.8543],[73.2133,31.8585],[73.21469,31.85834],[73.21542,31.86041],[73.21928,31.85926],[73.2203,31.86087],[73.2247,31.85943],[73.22407,31.85888]],[[73.21567,31.85716],[73.21713,31.85708],[73.21716,31.85772],[73.2157,31.85779],[73.21567,31.85716]],[[73.21539,31.85813],[73.21537,31.85781],[73.21573,31.85779],[73.21586,31.85829],[73.21546,31.85836],[73.21539,31.85813]]]]}},{"type":"Feature","properties":{"lu":"Natural Growth Boundary","ct":"Proposed","a":375.94},"geometry":{"type":"MultiPolygon","coordinates":[[[[73.21033,31.83913],[73.21049,31.84097],[73.21343,31.8411],[73.21345,31.84143],[73.21251,31.84151],[73.21265,31.84151],[73.21268,31.84182],[73.21254,31.84183],[73.21257,31.8421],[73.21105,31.84222],[73.21118,31.84382],[73.21177,31.84378],[73.21175,31.84411],[73.21317,31.84314],[73.21433,31.84256],[73.21526,31.84362],[73.21562,31.84448],[73.21666,31.84472],[73.21769,31.84552],[73.21439,31.84675],[73.21405,31.8468],[73.21392,31.84668],[73.2139,31.84751],[73.21477,31.84739],[73.21662,31.84875],[73.21679,31.8516],[73.21846,31.85328],[73.22069,31.85537],[73.22146,31.85515],[73.2216,31.85531],[73.22219,31.85519],[73.22247,31.85567],[73.22313,31.85546],[73.22284,31.85493],[73.22422,31.8544],[73.22396,31.85388],[73.22325,31.85408],[73.22293,31.85332],[73.22367,31.85306],[73.22386,31.85335],[73.22409,31.85318],[73.22375,31.85265],[73.22408,31.85251],[73.2238,31.85195],[73.22513,31.85151],[73.22498,31.85116],[73.22506,31.85109],[73.22622,31.85062],[73.22637,31.85092],[73.22668,31.8508],[73.22678,31.85099],[73.22711,31.85086],[73.22724,31.85121],[73.22694,31.85126],[73.2272,31.85201],[73.22827,31.85441],[73.22739,31.85484],[73.22785,31.85546],[73.22846,31.85523],[73.22871,31.85584],[73.22803,31.85609],[73.22784,31.85579],[73.22774,31.85577],[73.22686,31.85612],[73.2265,31.85572],[73.22626,31.8558],[73.22603,31.85514],[73.22683,31.85485],[73.22646,31.85371],[73.2237,31.85474],[73.22465,31.8567],[73.22465,31.85693],[73.22379,31.85721],[73.22414,31.8583],[73.22472,31.85819],[73.22478,31.85888],[73.22431,31.85888],[73.22484,31.85938],[73.23097,31.85737],[73.22694,31.84891],[73.22505,31.84964],[73.22125,31.84145],[73.2161,31.84163],[73.21576,31.83911],[73.21033,31.83913]]]]}},{"type":"Feature","properties":{"lu":"Natural Growth Boundary","ct":"Proposed","a":24.127},"geometry":{"type":"MultiPolygon","coordinates":[[[[73.2103,31.84032],[73.21023,31.83913],[73.2038,31.83931],[73.20629,31.84164],[73.20572,31.8411],[73.20675,31.84112],[73.20682,31.84132],[73.20902,31.84046],[73.20965,31.84044],[73.20964,31.84033],[73.2103,31.84032]]]]}},{"type":"Feature","properties":{"lu":"Natural Growth Boundary","ct":"Proposed","a":87.04},"geometry":{"type":"MultiPolygon","coordinates":[[[[73.21056,31.92586],[73.20749,31.92791],[73.20848,31.92814],[73.20858,31.92776],[73.20905,31.92791],[73.2092,31.92757],[73.20914,31.92751],[73.20925,31.92736],[73.20939,31.92741],[73.20948,31.92718],[73.20924,31.92705],[73.20943,31.92676],[73.20962,31.92682],[73.20989,31.92643],[73.21057,31.92648],[73.21056,31.92586]]],[[[73.21076,31.92601],[73.21077,31.92653],[73.21113,31.92667],[73.21115,31.92685],[73.211,31.92705],[73.21253,31.92808],[73.21235,31.92833],[73.21261,31.92848],[73.21247,31.92875],[73.21279,31.9289],[73.21298,31.92866],[73.21349,31.92893],[73.21362,31.92913],[73.21327,31.92948],[73.21316,31.92979],[73.21326,31.92987],[73.21322,31.92996],[73.21556,31.93132],[73.21528,31.93168],[73.21547,31.9318],[73.21522,31.93226],[73.21483,31.9322],[73.2144,31.93237],[73.21386,31.93285],[73.21434,31.93318],[73.21454,31.93288],[73.21486,31.93305],[73.21477,31.93326],[73.21508,31.93344],[73.2152,31.93329],[73.2158,31.93364],[73.21565,31.93382],[73.21594,31.93426],[73.21601,31.93415],[73.21677,31.93434],[73.21674,31.93451],[73.21799,31.93474],[73.21883,31.93479],[73.22122,31.93458],[73.21074,31.9258],[73.21076,31.92601]]],[[[73.21404,31.93376],[73.2137,31.93361],[73.21367,31.93377],[73.21328,31.93357],[73.21305,31.93373],[73.21286,31.93364],[73.21267,31.93376],[73.21248,31.93365],[73.21236,31.9338],[73.212,31.9336],[73.21228,31.93316],[73.21189,31.93283],[73.21138,31.93246],[73.211,31.93273],[73.21042,31.93238],[73.21057,31.93205],[73.21036,31.93193],[73.21048,31.93171],[73.21118,31.93208],[73.2111,31.93216],[73.21116,31.93217],[73.21167,31.93162],[73.21126,31.93131],[73.21146,31.93093],[73.21113,31.93085],[73.21099,31.93109],[73.21022,31.93091],[73.20997,31.93124],[73.20964,31.93108],[73.20981,31.93088],[73.20953,31.93082],[73.20969,31.93046],[73.20948,31.9303],[73.20987,31.92972],[73.20866,31.92925],[73.20818,31.92895],[73.20784,31.92882],[73.20775,31.92893],[73.20689,31.92841],[73.20701,31.92823],[73.2062,31.92877],[73.21337,31.93511],[73.21444,31.93471],[73.21541,31.93449],[73.21428,31.93354],[73.21404,31.93376]]],[[[73.21601,31.93446],[73.21631,31.93448],[73.21584,31.93439],[73.21553,31.93391],[73.21503,31.93359],[73.21445,31.93345],[73.21566,31.93447],[73.21601,31.93446]]]]}},{"type":"Feature","properties":{"lu":"Natural Growth Boundary","ct":"Proposed","a":87.772},"geometry":{"type":"MultiPolygon","coordinates":[[[[73.31875,31.87497],[73.31422,31.87434],[73.31416,31.87477],[73.31458,31.87487],[73.31455,31.87494],[73.3147,31.87501],[73.31463,31.87521],[73.31553,31.87541],[73.31555,31.87509],[73.3159,31.87517],[73.31579,31.87573],[73.31721,31.87601],[73.31728,31.87547],[73.31768,31.87556],[73.3176,31.87603],[73.31833,31.87619],[73.31827,31.87681],[73.31859,31.87691],[73.31827,31.8779],[73.31969,31.87812],[73.31956,31.87887],[73.32004,31.87901],[73.31984,31.87995],[73.31903,31.8798],[73.3189,31.88047],[73.31733,31.88027],[73.31731,31.88004],[73.31618,31.87984],[73.31643,31.87883],[73.31686,31.8776],[73.31723,31.87766],[73.31732,31.87697],[73.31636,31.87678],[73.31618,31.87737],[73.31591,31.87732],[73.31548,31.8772],[73.31592,31.87668],[73.31492,31.8765],[73.31489,31.87631],[73.31432,31.87628],[73.31426,31.87651],[73.31386,31.87647],[73.31382,31.87677],[73.31168,31.87644],[73.31162,31.87664],[73.3114,31.87661],[73.31132,31.8772],[73.31112,31.87715],[73.31109,31.87691],[73.31079,31.87688],[73.31086,31.87637],[73.31119,31.87633],[73.3114,31.87621],[73.31146,31.87593],[73.31165,31.87594],[73.31173,31.87579],[73.31185,31.87579],[73.31191,31.87554],[73.31158,31.8755],[73.31161,31.87518],[73.31145,31.87513],[73.31147,31.87479],[73.31233,31.87491],[73.31229,31.87507],[73.31266,31.87514],[73.31272,31.87475],[73.31294,31.87469],[73.31336,31.8748],[73.31384,31.87465],[73.31396,31.8743],[73.31107,31.8739],[73.3103,31.87849],[73.31189,31.879],[73.31395,31.87992],[73.31995,31.88062],[73.32088,31.87527],[73.31875,31.87497]]]]}},{"type":"Feature","properties":{"lu":"Natural Growth Boundary","ct":"Proposed","a":231.089},"geometry":{"type":"MultiPolygon","coordinates":[[[[73.33029,31.86136],[73.3308,31.86125],[73.32946,31.85799],[73.33095,31.85755],[73.3312,31.85644],[73.33089,31.85594],[73.33124,31.85587],[73.33161,31.85656],[73.33264,31.85586],[73.33443,31.85578],[73.33581,31.85554],[73.33661,31.85501],[73.33728,31.85484],[73.33749,31.85537],[73.33804,31.85514],[73.33779,31.85467],[73.33874,31.85432],[73.33858,31.85388],[73.33977,31.85343],[73.33948,31.85285],[73.34019,31.85263],[73.34006,31.85242],[73.34035,31.85197],[73.34066,31.85174],[73.3408,31.85182],[73.34131,31.85158],[73.34071,31.8501],[73.34131,31.84983],[73.34175,31.84979],[73.34269,31.84944],[73.34261,31.84923],[73.34298,31.84911],[73.34294,31.84899],[73.3432,31.84888],[73.34314,31.84875],[73.34375,31.84851],[73.34401,31.84905],[73.34466,31.84884],[73.3444,31.84826],[73.34511,31.84812],[73.34487,31.84754],[73.33737,31.84969],[73.33765,31.85022],[73.33882,31.8531],[73.32604,31.8568],[73.32826,31.86216],[73.32888,31.86224],[73.32881,31.86186],[73.33029,31.86136]]],[[[73.34535,31.849],[73.34467,31.84957],[73.34497,31.84995],[73.34466,31.85009],[73.3448,31.85025],[73.34368,31.85065],[73.34428,31.85145],[73.34436,31.85141],[73.3445,31.85165],[73.34443,31.85168],[73.34448,31.8518],[73.34397,31.85202],[73.34384,31.85172],[73.34358,31.85171],[73.34344,31.85146],[73.34309,31.85167],[73.34287,31.85165],[73.34276,31.85127],[73.3403,31.85365],[73.34075,31.85441],[73.34057,31.85454],[73.33935,31.85485],[73.34014,31.85646],[73.33965,31.85674],[73.33846,31.85703],[73.33918,31.8588],[73.33756,31.85909],[73.33708,31.86005],[73.33747,31.86103],[73.33739,31.86117],[73.33721,31.86121],[73.33696,31.86068],[73.33664,31.86073],[73.33548,31.86159],[73.33358,31.86146],[73.33296,31.86179],[73.33275,31.86223],[73.33244,31.86208],[73.33167,31.8625],[73.3293,31.86221],[73.32894,31.86225],[73.33226,31.86272],[73.34352,31.85944],[73.34164,31.85465],[73.34729,31.85354],[73.34561,31.84937],[73.34535,31.849]],[[73.33749,31.86081],[73.33758,31.8608],[73.33762,31.86091],[73.33753,31.86092],[73.33749,31.86081]]]]}},{"type":"Feature","properties":{"lu":"Natural Growth Boundary","ct":"Proposed","a":0.002},"geometry":{"type":"MultiPolygon","coordinates":[[[[73.338454,31.889159],[73.338451,31.88916],[73.337773,31.889528],[73.337767,31.889532],[73.338454,31.889159]]]]}},{"type":"Feature","properties":{"lu":"Natural Growth Boundary","ct":"Proposed","a":0.099},"geometry":{"type":"MultiPolygon","coordinates":[[[[73.33565,31.89096],[73.3351,31.89131],[73.3351,31.89143],[73.33565,31.89096]]]]}},{"type":"Feature","properties":{"lu":"Natural Growth Boundary","ct":"Proposed","a":48.227},"geometry":{"type":"MultiPolygon","coordinates":[[[[73.33467,31.89413],[73.33558,31.89228],[73.33513,31.89162],[73.33468,31.89251],[73.33451,31.89248],[73.33364,31.89452],[73.3344,31.89468],[73.33467,31.89413]]],[[[73.34542,31.89134],[73.34463,31.89109],[73.34425,31.89174],[73.34348,31.89177],[73.34387,31.89074],[73.34259,31.89091],[73.34207,31.89197],[73.34234,31.89213],[73.3423,31.8925],[73.34209,31.89244],[73.34154,31.89295],[73.34139,31.89288],[73.341,31.89401],[73.3402,31.89375],[73.34003,31.89411],[73.33971,31.89393],[73.33932,31.89499],[73.33917,31.89568],[73.3402,31.8959],[73.34092,31.89401],[73.34159,31.89418],[73.34204,31.89316],[73.34606,31.89435],[73.34702,31.89237],[73.34542,31.89134]]],[[[73.33821,31.89497],[73.33701,31.89442],[73.33714,31.89418],[73.3362,31.89381],[73.33554,31.8949],[73.33513,31.89483],[73.33806,31.89545],[73.33821,31.89497]]]]}},{"type":"Feature","properties":{"lu":"Natural Growth Boundary","ct":"Proposed","a":34.43},"geometry":{"type":"MultiPolygon","coordinates":[[[[73.34741,31.89007],[73.34818,31.88996],[73.34915,31.88784],[73.34718,31.8872],[73.34722,31.8871],[73.34422,31.88605],[73.34073,31.88856],[73.3426,31.88941],[73.34282,31.88885],[73.34334,31.88831],[73.34436,31.88801],[73.346,31.88736],[73.34666,31.88726],[73.34714,31.88749],[73.34615,31.88944],[73.34658,31.88953],[73.3463,31.8902],[73.34741,31.89007]]]]}},{"type":"Feature","properties":{"lu":"Natural Growth Boundary","ct":"Proposed","a":65.55},"geometry":{"type":"MultiPolygon","coordinates":[[[[73.50701,31.83382],[73.5058,31.83419],[73.50425,31.83431],[73.50415,31.83409],[73.50284,31.83413],[73.50255,31.83299],[73.50131,31.83294],[73.50126,31.83216],[73.50312,31.83144],[73.50304,31.83076],[73.50347,31.83038],[73.50331,31.82945],[73.50339,31.82943],[73.50404,31.82853],[73.5047,31.82827],[73.50474,31.82893],[73.50422,31.82899],[73.50431,31.82978],[73.50464,31.82985],[73.50476,31.8304],[73.50496,31.83037],[73.50507,31.83075],[73.50581,31.83066],[73.50598,31.83134],[73.50577,31.83149],[73.5056,31.83141],[73.50554,31.83155],[73.50581,31.83201],[73.50589,31.83244],[73.50609,31.83246],[73.50625,31.83334],[73.50692,31.83334],[73.50594,31.82781],[73.50031,31.82862],[73.50081,31.83296],[73.50159,31.83539],[73.50368,31.83514],[73.50372,31.83536],[73.50718,31.83479],[73.50701,31.83382]]]]}},{"type":"Feature","properties":{"lu":"Natural Growth Boundary","ct":"Proposed","a":64.754},"geometry":{"type":"MultiPolygon","coordinates":[[[[73.51607,31.84198],[73.51671,31.84178],[73.51656,31.84133],[73.5168,31.84117],[73.51673,31.84083],[73.51698,31.84061],[73.51681,31.84003],[73.51742,31.83985],[73.51729,31.83941],[73.51658,31.83959],[73.51635,31.83917],[73.51588,31.83926],[73.51586,31.8391],[73.51607,31.83901],[73.51598,31.83859],[73.51655,31.83844],[73.51603,31.83727],[73.51708,31.83631],[73.51782,31.83612],[73.51803,31.83667],[73.51666,31.83708],[73.51714,31.83817],[73.51803,31.83796],[73.51829,31.83833],[73.51809,31.83861],[73.51822,31.83878],[73.51821,31.83906],[73.51784,31.83907],[73.51778,31.83938],[73.51833,31.83949],[73.5192,31.83924],[73.51955,31.83884],[73.51977,31.83873],[73.52006,31.83907],[73.52082,31.83946],[73.52114,31.84029],[73.52187,31.84002],[73.52234,31.84114],[73.52165,31.84124],[73.52207,31.8422],[73.52133,31.8424],[73.52126,31.84226],[73.52092,31.84223],[73.51929,31.8427],[73.51903,31.84209],[73.51882,31.84209],[73.51842,31.84232],[73.51712,31.84256],[73.51693,31.8421],[73.51619,31.84232],[73.51682,31.844],[73.52288,31.84229],[73.52168,31.83943],[73.52143,31.83949],[73.51999,31.83544],[73.51674,31.83639],[73.51498,31.83662],[73.51491,31.83823],[73.51531,31.8401],[73.51607,31.84198]]]]}},{"type":"Feature","properties":{"lu":"Natural Growth Boundary","ct":"Proposed","a":206.267},"geometry":{"type":"MultiPolygon","coordinates":[[[[73.41026,31.9627],[73.40982,31.96636],[73.40908,31.96628],[73.40892,31.96802],[73.40963,31.96808],[73.40967,31.96772],[73.41054,31.9679],[73.41051,31.96802],[73.4108,31.96808],[73.41078,31.96816],[73.41106,31.96825],[73.41174,31.96834],[73.41182,31.96775],[73.41081,31.96756],[73.41092,31.96716],[73.41042,31.96709],[73.41045,31.96697],[73.40975,31.96692],[73.41001,31.96573],[73.41172,31.96588],[73.41169,31.96615],[73.41176,31.96615],[73.41159,31.96755],[73.41398,31.96774],[73.41381,31.96835],[73.4146,31.96841],[73.4146,31.96849],[73.41493,31.96851],[73.41497,31.96829],[73.41536,31.96826],[73.41533,31.9685],[73.4157,31.96855],[73.41587,31.96822],[73.41562,31.9682],[73.4162,31.96684],[73.41621,31.96651],[73.41555,31.96645],[73.41552,31.9668],[73.41412,31.96672],[73.41412,31.96638],[73.41446,31.96637],[73.41452,31.96608],[73.41511,31.96616],[73.41521,31.96558],[73.41558,31.96557],[73.41652,31.9652],[73.41697,31.96451],[73.41724,31.96388],[73.4177,31.96392],[73.41808,31.96371],[73.41872,31.96386],[73.41891,31.96354],[73.42003,31.96342],[73.41026,31.9627]]],[[[73.42005,31.96369],[73.41964,31.96365],[73.41967,31.96454],[73.41928,31.96469],[73.4184,31.96452],[73.41827,31.96508],[73.41803,31.96507],[73.41773,31.96634],[73.41801,31.9664],[73.41795,31.96713],[73.41648,31.96701],[73.41635,31.96754],[73.4185,31.96764],[73.41837,31.96878],[73.41771,31.96891],[73.41736,31.96914],[73.41595,31.96909],[73.41587,31.9701],[73.41528,31.97059],[73.41598,31.97077],[73.41759,31.97205],[73.41757,31.97378],[73.41685,31.97372],[73.41698,31.97223],[73.41637,31.97188],[73.41628,31.97259],[73.41553,31.97254],[73.41569,31.97148],[73.41503,31.9711],[73.41489,31.97094],[73.41432,31.9713],[73.41378,31.97093],[73.41381,31.97076],[73.4135,31.97063],[73.41352,31.97103],[73.41274,31.97119],[73.41276,31.97176],[73.41247,31.97169],[73.41233,31.97218],[73.41208,31.97221],[73.41207,31.97263],[73.41291,31.97251],[73.41265,31.97371],[73.41225,31.9738],[73.41158,31.97379],[73.41154,31.97309],[73.41121,31.97307],[73.41117,31.97247],[73.41189,31.9725],[73.41194,31.97208],[73.41132,31.97198],[73.41131,31.97152],[73.41066,31.97151],[73.41064,31.97166],[73.40907,31.97144],[73.40911,31.9711],[73.40892,31.97105],[73.40894,31.9707],[73.40867,31.9707],[73.40868,31.97039],[73.4091,31.97037],[73.40912,31.96991],[73.41018,31.96994],[73.41017,31.96938],[73.41084,31.96944],[73.41095,31.96888],[73.41031,31.96878],[73.41027,31.96904],[73.40981,31.969],[73.40992,31.96829],[73.40963,31.96821],[73.4096,31.96873],[73.40884,31.96865],[73.40821,31.97406],[73.41881,31.97501],[73.42023,31.96344],[73.42007,31.96343],[73.42005,31.96369]]]]}},{"type":"Feature","properties":{"lu":"Natural Growth Boundary","ct":"Proposed","a":55.584},"geometry":{"type":"MultiPolygon","coordinates":[[[[73.41251,31.92806],[73.41047,31.9277],[73.41097,31.92586],[73.4054,31.92481],[73.40402,31.93015],[73.40607,31.93054],[73.40621,31.93007],[73.40657,31.93014],[73.40669,31.92973],[73.40598,31.9296],[73.40602,31.92947],[73.40568,31.92942],[73.40573,31.92927],[73.40503,31.9291],[73.40527,31.92821],[73.4057,31.92827],[73.40574,31.92815],[73.40564,31.92812],[73.40588,31.92724],[73.40556,31.92714],[73.40566,31.92673],[73.40598,31.9268],[73.40632,31.92561],[73.40665,31.92567],[73.40672,31.92535],[73.40745,31.92548],[73.40735,31.9258],[73.40838,31.92602],[73.40853,31.92544],[73.40884,31.92547],[73.40867,31.92605],[73.40907,31.92616],[73.40883,31.92736],[73.40935,31.9275],[73.40921,31.92788],[73.40969,31.92798],[73.40967,31.92815],[73.40896,31.92799],[73.40892,31.92815],[73.40929,31.9283],[73.40922,31.92855],[73.40949,31.92872],[73.41194,31.9292],[73.41175,31.92968],[73.41207,31.92982],[73.41251,31.92806]]],[[[73.41168,31.93016],[73.41171,31.92977],[73.40966,31.92942],[73.40957,31.9297],[73.40924,31.92965],[73.40932,31.92935],[73.40911,31.9293],[73.40893,31.92989],[73.40849,31.92979],[73.40835,31.93038],[73.40764,31.93028],[73.40751,31.93074],[73.40687,31.9306],[73.40682,31.93069],[73.41161,31.93164],[73.41197,31.93023],[73.41168,31.93016]]]]}},{"type":"Feature","properties":{"lu":"Natural Growth Boundary","ct":"Proposed","a":105.561},"geometry":{"type":"MultiPolygon","coordinates":[[[[73.50065,31.91652],[73.50072,31.91736],[73.50068,31.91652],[73.50065,31.91652]]],[[[73.50079,31.91826],[73.50148,31.91821],[73.5014,31.91758],[73.50074,31.91764],[73.50079,31.91826]]],[[[73.51295,31.92706],[73.51294,31.92676],[73.51241,31.92668],[73.51244,31.92705],[73.51192,31.92699],[73.51177,31.92709],[73.51177,31.92697],[73.51078,31.9269],[73.50963,31.92622],[73.50928,31.92629],[73.50917,31.92569],[73.50709,31.92572],[73.50696,31.92422],[73.50671,31.92424],[73.50668,31.92399],[73.50331,31.92422],[73.50335,31.92363],[73.50197,31.92368],[73.5019,31.92309],[73.50389,31.9229],[73.50408,31.92195],[73.50323,31.92195],[73.50322,31.92175],[73.50248,31.92177],[73.50241,31.92055],[73.501,31.92064],[73.50086,31.91913],[73.50162,31.92851],[73.51305,31.92784],[73.51295,31.92706]]]]}},{"type":"Feature","properties":{"lu":"Natural Growth Boundary","ct":"Proposed","a":106.072},"geometry":{"type":"MultiPolygon","coordinates":[[[[73.50748,31.91719],[73.50604,31.91669],[73.50285,31.91659],[73.50323,31.91808],[73.50366,31.91805],[73.50367,31.91833],[73.50469,31.91799],[73.50511,31.91796],[73.50513,31.91839],[73.50534,31.91886],[73.50584,31.91884],[73.50587,31.91905],[73.50602,31.91906],[73.5061,31.91957],[73.50765,31.91965],[73.50822,31.91977],[73.50831,31.92202],[73.50895,31.92198],[73.50896,31.92229],[73.5087,31.92231],[73.50869,31.92202],[73.50831,31.92205],[73.50834,31.92275],[73.50811,31.92279],[73.50754,31.9227],[73.50682,31.92276],[73.5071,31.92301],[73.51039,31.92486],[73.51061,31.92484],[73.51062,31.92499],[73.51084,31.92511],[73.51074,31.92553],[73.51137,31.92548],[73.51142,31.92607],[73.51207,31.92638],[73.51293,31.92651],[73.51227,31.91875],[73.50748,31.91719]],[[73.51119,31.92325],[73.51054,31.92332],[73.51049,31.9227],[73.51115,31.92268],[73.51119,31.92325]],[[73.51193,31.92301],[73.51194,31.92345],[73.51176,31.92345],[73.51174,31.92301],[73.51193,31.92301]]]]}},{"type":"Feature","properties":{"lu":"Natural Growth Boundary","ct":"Proposed","a":76.212},"geometry":{"type":"MultiPolygon","coordinates":[[[[73.54231,31.95004],[73.54137,31.94907],[73.54098,31.94847],[73.54085,31.94849],[73.54071,31.94834],[73.53944,31.94856],[73.53955,31.9492],[73.53816,31.94944],[73.53783,31.94764],[73.53738,31.94768],[73.53726,31.94737],[73.537,31.94736],[73.53698,31.94749],[73.53638,31.94762],[73.53608,31.94759],[73.53592,31.94773],[73.53575,31.94773],[73.53569,31.94787],[73.53556,31.94786],[73.53556,31.94806],[73.53542,31.94812],[73.53542,31.94829],[73.53507,31.94834],[73.53492,31.94756],[73.53456,31.94762],[73.5346,31.94778],[73.53406,31.94791],[73.53382,31.94796],[73.53363,31.94785],[73.53341,31.94786],[73.5333,31.94735],[73.53341,31.94733],[73.53336,31.94719],[73.53316,31.94721],[73.5331,31.94709],[73.53297,31.94712],[73.53289,31.94653],[73.5329,31.94648],[73.53359,31.94644],[73.53347,31.94598],[73.53298,31.94599],[73.53298,31.94587],[73.53309,31.94587],[73.53302,31.94535],[73.53292,31.94535],[73.53288,31.94508],[73.53315,31.94504],[73.53317,31.94525],[73.53344,31.94521],[73.53347,31.94507],[73.53371,31.94504],[73.53364,31.94454],[73.53461,31.94437],[73.53456,31.94412],[73.53509,31.94398],[73.53504,31.94371],[73.53514,31.94363],[73.53513,31.94314],[73.53472,31.94309],[73.53481,31.94273],[73.53393,31.94232],[73.53389,31.94241],[73.533,31.94241],[73.53301,31.94204],[73.53279,31.942],[73.53288,31.94177],[73.53255,31.9416],[73.53261,31.94301],[73.53222,31.94305],[73.53237,31.94541],[73.5335,31.95121],[73.53483,31.95103],[73.53487,31.95117],[73.54231,31.95004]]]]}},{"type":"Feature","properties":{"lu":"Natural Growth Boundary","ct":"Proposed","a":29.979},"geometry":{"type":"MultiPolygon","coordinates":[[[[73.54304,31.94497],[73.5388,31.94406],[73.53877,31.94423],[73.53856,31.94424],[73.5385,31.944],[73.53801,31.9439],[73.538,31.94416],[73.53785,31.94417],[73.53793,31.94459],[73.53807,31.94458],[73.53811,31.94465],[73.5386,31.94456],[73.53874,31.94501],[73.53899,31.945],[73.53916,31.94556],[73.54097,31.94531],[73.54106,31.94591],[73.53995,31.94604],[73.54017,31.94664],[73.54046,31.94657],[73.54061,31.94714],[73.54166,31.94701],[73.54191,31.948],[73.5422,31.94793],[73.5424,31.9488],[73.54376,31.94856],[73.54304,31.94497]]],[[[73.54387,31.94926],[73.544,31.94977],[73.54389,31.94918],[73.54387,31.94926]]],[[[73.54269,31.94998],[73.54387,31.94979],[73.54313,31.94989],[73.54269,31.94998]]]]}},{"type":"Feature","properties":{"lu":"Natural Growth Boundary","ct":"Proposed","a":103.531},"geometry":{"type":"MultiPolygon","coordinates":[[[[73.61219,31.93201],[73.60315,31.93014],[73.60138,31.93669],[73.61029,31.93849],[73.61219,31.93201]],[[73.60366,31.93385],[73.60359,31.93345],[73.60423,31.93295],[73.60398,31.93151],[73.60505,31.93134],[73.60513,31.93106],[73.60529,31.93111],[73.60527,31.93175],[73.6061,31.93176],[73.60615,31.93164],[73.60656,31.93175],[73.60672,31.93204],[73.60679,31.93187],[73.6071,31.93194],[73.60716,31.9316],[73.60838,31.93185],[73.60843,31.93168],[73.60994,31.93197],[73.60992,31.93213],[73.60949,31.9321],[73.6094,31.93268],[73.60979,31.93279],[73.60967,31.93317],[73.60928,31.93313],[73.60924,31.93328],[73.60888,31.93322],[73.60887,31.93363],[73.60946,31.93378],[73.60939,31.93411],[73.60855,31.93402],[73.60855,31.93392],[73.60835,31.93388],[73.60831,31.93424],[73.60899,31.93444],[73.60895,31.93452],[73.60881,31.93449],[73.60873,31.93487],[73.60952,31.9351],[73.6096,31.93488],[73.61051,31.93514],[73.6105,31.93531],[73.6107,31.93543],[73.61062,31.93575],[73.61036,31.93568],[73.61045,31.93538],[73.60996,31.93529],[73.60992,31.93547],[73.60969,31.93545],[73.60972,31.93526],[73.60955,31.93521],[73.60942,31.93549],[73.60903,31.93539],[73.60912,31.93506],[73.60847,31.93508],[73.60834,31.93559],[73.6076,31.93545],[73.60765,31.93506],[73.60716,31.93504],[73.60708,31.93508],[73.60695,31.93554],[73.60655,31.93547],[73.60661,31.93527],[73.60634,31.93528],[73.60622,31.9354],[73.60613,31.93571],[73.60629,31.93577],[73.60621,31.936],[73.60604,31.93594],[73.60599,31.93609],[73.60535,31.93592],[73.60512,31.93617],[73.60499,31.93613],[73.60488,31.93633],[73.60478,31.93632],[73.60472,31.93665],[73.60435,31.93676],[73.60384,31.93549],[73.60387,31.93506],[73.60366,31.93385]]]]}},{"type":"Feature","properties":{"lu":"Natural Growth Boundary","ct":"Proposed","a":134.684},"geometry":{"type":"MultiPolygon","coordinates":[[[[73.66485,31.95184],[73.66464,31.95308],[73.66458,31.95308],[73.66456,31.95321],[73.66417,31.95315],[73.66419,31.95304],[73.66378,31.95301],[73.66373,31.9537],[73.66572,31.95399],[73.66742,31.95405],[73.66873,31.95429],[73.66874,31.95444],[73.669,31.95248],[73.66762,31.95234],[73.66804,31.94868],[73.66233,31.94819],[73.66164,31.95414],[73.66103,31.95839],[73.66276,31.95856],[73.66268,31.95851],[73.66263,31.95807],[73.66284,31.95784],[73.66286,31.95757],[73.66266,31.95755],[73.66271,31.95701],[73.66318,31.95705],[73.6632,31.95672],[73.66343,31.95679],[73.66351,31.95617],[73.66327,31.95615],[73.6633,31.95573],[73.66345,31.95568],[73.66343,31.95555],[73.66364,31.95557],[73.66368,31.95489],[73.66349,31.95406],[73.66332,31.95408],[73.66331,31.9531],[73.66288,31.95303],[73.66281,31.95363],[73.66208,31.9536],[73.6621,31.95293],[73.66263,31.95299],[73.66266,31.95278],[73.66309,31.95275],[73.66298,31.95226],[73.66283,31.95203],[73.6627,31.95186],[73.66253,31.95186],[73.66255,31.9515],[73.66272,31.95149],[73.66273,31.95107],[73.66285,31.95108],[73.66285,31.95062],[73.6627,31.95061],[73.66273,31.95041],[73.6634,31.95026],[73.66336,31.94974],[73.66295,31.94971],[73.66298,31.94959],[73.6635,31.94959],[73.66346,31.94914],[73.66374,31.94915],[73.66376,31.94886],[73.66398,31.94888],[73.66392,31.9491],[73.66426,31.94914],[73.66429,31.94931],[73.66394,31.94933],[73.66395,31.94952],[73.66365,31.94949],[73.66368,31.95013],[73.66346,31.95015],[73.66353,31.9506],[73.66432,31.95085],[73.66486,31.95142],[73.66485,31.95184]]],[[[73.66801,31.95481],[73.66804,31.95466],[73.66767,31.95467],[73.66771,31.95417],[73.66589,31.95415],[73.66589,31.95433],[73.66618,31.95434],[73.66635,31.95489],[73.66598,31.95493],[73.66596,31.95512],[73.6657,31.95511],[73.66573,31.9553],[73.66547,31.95529],[73.66516,31.95588],[73.66517,31.95613],[73.66555,31.95642],[73.66627,31.95648],[73.66649,31.95708],[73.66686,31.95706],[73.66684,31.95739],[73.66611,31.95744],[73.66627,31.95807],[73.66602,31.95817],[73.6656,31.95755],[73.66541,31.95755],[73.66541,31.95777],[73.66505,31.95775],[73.66512,31.95743],[73.66476,31.9575],[73.66482,31.95689],[73.66467,31.95692],[73.66467,31.95654],[73.66451,31.95652],[73.66453,31.9564],[73.6642,31.95642],[73.66413,31.95683],[73.66381,31.95685],[73.66374,31.95717],[73.66403,31.95725],[73.66404,31.9574],[73.66339,31.95737],[73.66328,31.95769],[73.66312,31.95767],[73.66303,31.95792],[73.66294,31.95792],[73.66279,31.95856],[73.66747,31.959],[73.66811,31.959],[73.66867,31.95492],[73.66801,31.95481]]]]}},{"type":"Feature","properties":{"lu":"Natural Growth Boundary","ct":"Proposed","a":102.575},"geometry":{"type":"MultiPolygon","coordinates":[[[[73.71184,31.95637],[73.70695,31.95618],[73.70694,31.95643],[73.70776,31.95711],[73.70824,31.95777],[73.70828,31.95763],[73.70853,31.95765],[73.70855,31.95755],[73.71013,31.95738],[73.71169,31.95768],[73.71184,31.95763],[73.71196,31.95653],[73.71184,31.95637]]],[[[73.69788,31.96188],[73.69789,31.96131],[73.69799,31.96128],[73.69865,31.96117],[73.69861,31.96126],[73.69924,31.96133],[73.69929,31.96183],[73.70034,31.96184],[73.70032,31.96127],[73.70066,31.96123],[73.70069,31.96151],[73.70127,31.96149],[73.70128,31.96185],[73.702,31.96183],[73.70204,31.96192],[73.70194,31.96161],[73.70235,31.96178],[73.70213,31.96209],[73.70219,31.96228],[73.70391,31.96227],[73.70372,31.96035],[73.69392,31.96033],[73.69398,31.96237],[73.69431,31.96242],[73.69431,31.96194],[73.69538,31.9619],[73.69537,31.96234],[73.69562,31.96233],[73.69562,31.96243],[73.69711,31.96242],[73.69715,31.96189],[73.69788,31.96188]]],[[[73.70406,31.96412],[73.70399,31.96406],[73.70387,31.96248],[73.7038,31.96241],[73.70227,31.96244],[73.70247,31.96305],[73.70261,31.96311],[73.70334,31.96295],[73.70343,31.96336],[73.70259,31.9636],[73.70258,31.96369],[73.70179,31.9638],[73.7018,31.9639],[73.70126,31.9639],[73.70009,31.96412],[73.69969,31.96504],[73.6997,31.96551],[73.69898,31.96553],[73.69896,31.96499],[73.69824,31.96495],[73.69823,31.96503],[73.69774,31.96504],[73.69774,31.96514],[73.69755,31.96513],[73.69757,31.96574],[73.69723,31.96576],[73.69721,31.96597],[73.69697,31.96596],[73.69677,31.96538],[73.69643,31.96541],[73.69644,31.96507],[73.69613,31.96496],[73.69611,31.96457],[73.69545,31.96462],[73.69546,31.96497],[73.69472,31.96497],[73.69468,31.96421],[73.69531,31.96414],[73.69524,31.9632],[73.69468,31.9632],[73.6947,31.96259],[73.69399,31.96254],[73.6941,31.96615],[73.70419,31.96603],[73.70406,31.96412]]]]}},{"type":"Feature","properties":{"lu":"Natural Growth Boundary","ct":"Proposed","a":127.535},"geometry":{"type":"MultiPolygon","coordinates":[[[[73.70715,31.96167],[73.70737,31.96149],[73.70737,31.96107],[73.70766,31.96108],[73.70779,31.96049],[73.7074,31.96046],[73.70743,31.95984],[73.70763,31.95985],[73.70767,31.95928],[73.70817,31.95929],[73.70817,31.95867],[73.70754,31.95865],[73.70756,31.95805],[73.7082,31.95806],[73.70824,31.95777],[73.70776,31.95711],[73.70694,31.95643],[73.70672,31.96041],[73.70606,31.9604],[73.70593,31.96213],[73.70616,31.96224],[73.70619,31.96251],[73.70656,31.96231],[73.70659,31.96164],[73.70715,31.96167]]],[[[73.70372,31.96035],[73.70388,31.96195],[73.70449,31.96196],[73.70456,31.96036],[73.70372,31.96035]]],[[[73.70559,31.96294],[73.7058,31.96274],[73.70569,31.96279],[73.70559,31.96294]]],[[[73.71549,31.96557],[73.71551,31.9651],[73.71677,31.96587],[73.719,31.96585],[73.71509,31.96067],[73.71454,31.96068],[73.71447,31.96138],[73.71339,31.96135],[73.71318,31.96137],[73.71306,31.96163],[73.71255,31.96162],[73.71248,31.96252],[73.71295,31.96254],[73.71295,31.96262],[73.71314,31.96264],[73.71301,31.9632],[73.71284,31.96312],[73.71231,31.9631],[73.71243,31.96316],[73.7124,31.9634],[73.71218,31.96338],[73.71221,31.96314],[73.71068,31.96306],[73.71059,31.96364],[73.7096,31.96361],[73.70965,31.963],[73.70879,31.96297],[73.70886,31.96365],[73.70844,31.96364],[73.70838,31.96316],[73.70727,31.96309],[73.70725,31.9635],[73.70549,31.96343],[73.70543,31.96332],[73.70406,31.96412],[73.70419,31.96603],[73.71484,31.9659],[73.71478,31.96589],[73.71477,31.9656],[73.71549,31.96557]],[[73.71502,31.9617],[73.71481,31.9617],[73.71483,31.96139],[73.71505,31.96139],[73.71502,31.9617]],[[73.70921,31.96441],[73.70925,31.96404],[73.7094,31.96399],[73.70961,31.96405],[73.70961,31.9642],[73.70947,31.96418],[73.70947,31.96443],[73.70921,31.96441]],[[73.70716,31.96445],[73.70642,31.96442],[73.70644,31.96406],[73.70717,31.96408],[73.70716,31.96445]],[[73.71545,31.96502],[73.71498,31.96475],[73.71505,31.96435],[73.7153,31.96451],[73.71558,31.96417],[73.71568,31.96432],[73.71564,31.96471],[73.7155,31.96469],[73.71545,31.96502]],[[73.70748,31.96471],[73.70747,31.96505],[73.70712,31.96504],[73.70715,31.96469],[73.70748,31.96471]]]]}},{"type":"Feature","properties":{"lu":"Natural Growth Boundary","ct":"Proposed","a":1.246},"geometry":{"type":"MultiPolygon","coordinates":[[[[73.7428,31.97966],[73.74183,31.97963],[73.74185,31.9803],[73.7423,31.98033],[73.7428,31.97966]]]]}},{"type":"Feature","properties":{"lu":"Natural Growth Boundary","ct":"Proposed","a":18.781},"geometry":{"type":"MultiPolygon","coordinates":[[[[73.7423,31.98033],[73.74185,31.9803],[73.74181,31.97909],[73.74319,31.97914],[73.74367,31.9785],[73.74319,31.97851],[73.74321,31.97832],[73.74336,31.97832],[73.74337,31.97806],[73.7437,31.97807],[73.7437,31.97787],[73.74293,31.97787],[73.74293,31.978],[73.74192,31.978],[73.74194,31.97824],[73.7418,31.97823],[73.74182,31.9785],[73.74096,31.97848],[73.74094,31.97911],[73.73966,31.97909],[73.73966,31.9785],[73.739,31.97848],[73.73899,31.97894],[73.73867,31.97895],[73.73863,31.97924],[73.73825,31.97925],[73.73833,31.97971],[73.739,31.97975],[73.73899,31.9813],[73.73966,31.98136],[73.73966,31.98032],[73.74158,31.98033],[73.74164,31.98088],[73.74188,31.98089],[73.7423,31.98033]],[[73.73995,31.97995],[73.73994,31.97977],[73.73983,31.97978],[73.73983,31.97966],[73.73966,31.97965],[73.73966,31.97939],[73.74038,31.97938],[73.74039,31.97966],[73.74069,31.97968],[73.74068,31.9798],[73.74048,31.97979],[73.74049,31.97994],[73.73995,31.97995]]]]}},{"type":"Feature","properties":{"lu":"Natural Growth Boundary","ct":"Proposed","a":4.241},"geometry":{"type":"MultiPolygon","coordinates":[[[[73.73366,31.98308],[73.73382,31.98264],[73.73359,31.98264],[73.73363,31.9816],[73.73316,31.98162],[73.73318,31.98152],[73.73201,31.98157],[73.73286,31.98274],[73.73351,31.9832],[73.73366,31.98308]]]]}},{"type":"Feature","properties":{"lu":"Natural Growth Boundary","ct":"Proposed","a":240.678},"geometry":{"type":"MultiPolygon","coordinates":[[[[73.74389,31.97786],[73.74413,31.97789],[73.74687,31.97424],[73.7389,31.97426],[73.73895,31.97488],[73.73969,31.97487],[73.73972,31.9754],[73.7399,31.97546],[73.7399,31.97614],[73.73877,31.97614],[73.73875,31.97657],[73.73938,31.9766],[73.73934,31.97683],[73.7397,31.97683],[73.73971,31.97747],[73.74039,31.97749],[73.74038,31.97699],[73.74059,31.97698],[73.74059,31.97719],[73.74092,31.9772],[73.74092,31.97745],[73.74111,31.97745],[73.74112,31.97759],[73.74165,31.97768],[73.74165,31.97787],[73.74191,31.97787],[73.74192,31.978],[73.74293,31.978],[73.74293,31.97787],[73.74389,31.97786]]],[[[73.7286,31.98645],[73.73408,31.98644],[73.73408,31.98635],[73.73264,31.98641],[73.73265,31.98576],[73.73481,31.98565],[73.7348,31.9852],[73.73527,31.98515],[73.73532,31.98457],[73.73562,31.98453],[73.73562,31.98572],[73.73654,31.98583],[73.73646,31.98644],[73.73772,31.98643],[73.73758,31.9864],[73.73759,31.98518],[73.73832,31.98516],[73.73833,31.98412],[73.73753,31.98374],[73.73417,31.98337],[73.73366,31.98308],[73.73351,31.9832],[73.73286,31.98274],[73.73004,31.98258],[73.72981,31.98156],[73.72781,31.98157],[73.72783,31.98099],[73.72833,31.98098],[73.72832,31.97977],[73.72891,31.97977],[73.72848,31.97949],[73.72851,31.97918],[73.72781,31.97874],[73.72824,31.97705],[73.72959,31.9765],[73.72984,31.9762],[73.72984,31.97612],[73.72975,31.97613],[73.72972,31.97551],[73.73,31.97551],[73.72998,31.97577],[73.73048,31.97576],[73.73054,31.97667],[73.73186,31.97673],[73.73189,31.97706],[73.73206,31.97731],[73.73185,31.97737],[73.73124,31.9773],[73.73116,31.97751],[73.73116,31.97788],[73.73124,31.97798],[73.73113,31.97804],[73.73115,31.97822],[73.73082,31.9782],[73.73103,31.97849],[73.73105,31.97865],[73.73116,31.97866],[73.73117,31.97943],[73.73102,31.97944],[73.73103,31.9796],[73.73143,31.97965],[73.73146,31.97945],[73.73156,31.97946],[73.73156,31.97967],[73.73193,31.97976],[73.73251,31.97983],[73.73304,31.97976],[73.73299,31.97917],[73.73395,31.97919],[73.73402,31.97799],[73.73351,31.97798],[73.73352,31.97762],[73.73426,31.97771],[73.73426,31.97763],[73.73442,31.97763],[73.73441,31.97748],[73.73425,31.97749],[73.73423,31.97732],[73.7344,31.97732],[73.73444,31.97714],[73.73497,31.97712],[73.73495,31.97671],[73.73521,31.97669],[73.73524,31.97694],[73.73542,31.97692],[73.73541,31.97673],[73.73692,31.97671],[73.73691,31.97609],[73.73761,31.97609],[73.7377,31.97548],[73.73823,31.97546],[73.73831,31.97484],[73.73826,31.97428],[73.73866,31.97426],[73.73326,31.97429],[73.73326,31.97548],[73.73221,31.9755],[73.73219,31.9743],[73.72895,31.97432],[73.72893,31.9761],[73.72695,31.97598],[73.72694,31.98582],[73.72679,31.98584],[73.7268,31.98643],[73.72841,31.98645],[73.7284,31.98626],[73.72861,31.98626],[73.7286,31.98645]],[[73.72967,31.97492],[73.72968,31.97467],[73.73003,31.97466],[73.73004,31.97492],[73.72967,31.97492]],[[73.73297,31.97895],[73.73271,31.97902],[73.73256,31.97895],[73.73251,31.97854],[73.73351,31.97858],[73.73351,31.97879],[73.73331,31.97879],[73.73297,31.97895]],[[73.72717,31.98159],[73.72717,31.98144],[73.72764,31.98141],[73.72764,31.98157],[73.72717,31.98159]],[[73.72914,31.98173],[73.72895,31.98174],[73.72899,31.98162],[73.72914,31.98161],[73.72914,31.98173]],[[73.72878,31.98178],[73.72878,31.9822],[73.72839,31.98222],[73.72837,31.98195],[73.72869,31.98192],[73.72869,31.98178],[73.72878,31.98178]]],[[[73.73477,31.98639],[73.73477,31.98644],[73.73567,31.98644],[73.73567,31.98643],[73.73477,31.98639]]]]}},{"type":"Feature","properties":{"lu":"Natural Growth Boundary","ct":"Proposed","a":98.158},"geometry":{"type":"MultiPolygon","coordinates":[[[[73.75909,31.98826],[73.75224,31.98965],[73.75359,31.9904],[73.7537,31.9903],[73.75397,31.99047],[73.75388,31.99055],[73.7546,31.99096],[73.75486,31.991],[73.75538,31.99126],[73.75534,31.99102],[73.75555,31.99097],[73.7556,31.99117],[73.75595,31.99104],[73.75588,31.99081],[73.75599,31.99078],[73.75578,31.99011],[73.75717,31.98983],[73.75705,31.98928],[73.75759,31.98912],[73.75759,31.98903],[73.75771,31.989],[73.75793,31.9897],[73.75858,31.98946],[73.75845,31.98899],[73.75915,31.98884],[73.75929,31.98913],[73.75988,31.98877],[73.75967,31.98809],[73.76029,31.98795],[73.76028,31.9879],[73.75909,31.98826]],[[73.75357,31.98998],[73.75339,31.99],[73.75333,31.98983],[73.75358,31.98978],[73.75362,31.98997],[73.75357,31.98998]],[[73.75528,31.99024],[73.75445,31.9904],[73.75443,31.99024],[73.75506,31.99001],[73.75512,31.99017],[73.75525,31.99015],[73.75528,31.99024]],[[73.75462,31.99061],[73.75414,31.99069],[73.75405,31.99053],[73.75458,31.99043],[73.75462,31.99061]]],[[[73.75968,31.98939],[73.7596,31.9894],[73.75962,31.98949],[73.7595,31.98952],[73.75956,31.98981],[73.75925,31.98988],[73.75943,31.99059],[73.75964,31.99064],[73.75984,31.99122],[73.75941,31.99133],[73.75967,31.99189],[73.75973,31.99256],[73.75952,31.99266],[73.75977,31.99325],[73.75962,31.99334],[73.7585,31.99324],[73.75849,31.99331],[73.75906,31.9938],[73.75979,31.99482],[73.76208,31.99433],[73.76045,31.98853],[73.75957,31.98906],[73.75968,31.98939]]],[[[73.75891,31.9939],[73.75832,31.9934],[73.7583,31.9933],[73.75641,31.99315],[73.75616,31.99304],[73.75533,31.99212],[73.75525,31.99214],[73.75566,31.99265],[73.75509,31.99278],[73.75496,31.99219],[73.75425,31.99232],[73.75408,31.99174],[73.75487,31.99157],[73.75446,31.99107],[73.75203,31.98973],[73.75306,31.99311],[73.75381,31.99609],[73.7596,31.99486],[73.75891,31.9939]]]]}},{"type":"Feature","properties":{"lu":"Natural Growth Boundary","ct":"Proposed","a":85.557},"geometry":{"type":"MultiPolygon","coordinates":[[[[73.69096,32.01882],[73.69097,32.0179],[73.69074,32.01749],[73.69048,32.01751],[73.69046,32.01724],[73.6906,32.01723],[73.69013,32.01637],[73.6905,32.01628],[73.69038,32.01607],[73.68981,32.01611],[73.6898,32.01591],[73.68993,32.0159],[73.68994,32.01579],[73.6896,32.0158],[73.68958,32.01551],[73.68973,32.01549],[73.68964,32.01484],[73.6897,32.01478],[73.69008,32.01471],[73.69048,32.01606],[73.69234,32.01598],[73.69238,32.01621],[73.69248,32.01621],[73.69258,32.01708],[73.69572,32.01687],[73.69569,32.01645],[73.69613,32.01643],[73.69616,32.01684],[73.69646,32.01682],[73.69629,32.01502],[73.69344,32.0152],[73.69334,32.01398],[73.6862,32.01448],[73.68669,32.02035],[73.6882,32.02131],[73.68827,32.02061],[73.68823,32.01987],[73.68829,32.01986],[73.68814,32.01951],[73.68825,32.01948],[73.68816,32.01877],[73.68878,32.01872],[73.68878,32.01859],[73.68945,32.01855],[73.68954,32.01903],[73.68982,32.01905],[73.69025,32.01901],[73.69024,32.0189],[73.6906,32.01887],[73.69074,32.01893],[73.69096,32.01882]]]]}},{"type":"Feature","properties":{"lu":"Natural Growth Boundary","ct":"Proposed","a":28.482},"geometry":{"type":"MultiPolygon","coordinates":[[[[73.69684,32.02105],[73.69651,32.01743],[73.6951,32.01757],[73.69504,32.01697],[73.69366,32.01705],[73.69369,32.01767],[73.69435,32.01762],[73.69448,32.01849],[73.69368,32.0185],[73.69361,32.01822],[73.69349,32.01822],[73.69346,32.01813],[73.69361,32.01799],[73.69362,32.01772],[73.69282,32.01777],[73.69281,32.0182],[73.6927,32.01824],[73.69264,32.01791],[73.69253,32.01782],[73.69234,32.01784],[73.69227,32.01823],[73.69234,32.01836],[73.69201,32.01842],[73.69198,32.01851],[73.69247,32.01861],[73.69249,32.01886],[73.6927,32.019],[73.69282,32.01892],[73.69327,32.01896],[73.69364,32.01932],[73.69382,32.01917],[73.694,32.01928],[73.69384,32.01941],[73.69394,32.02063],[73.69464,32.02061],[73.69462,32.01998],[73.69532,32.01998],[73.6954,32.0206],[73.69502,32.02065],[73.69513,32.02119],[73.69684,32.02105]]]]}},{"type":"Feature","properties":{"lu":"Natural Growth Boundary","ct":"Proposed","a":15.023},"geometry":{"type":"MultiPolygon","coordinates":[[[[73.6955,32.02121],[73.69552,32.02201],[73.69407,32.02229],[73.69402,32.02193],[73.69269,32.02237],[73.6927,32.02248],[73.69242,32.02251],[73.69244,32.02257],[73.69133,32.02268],[73.69139,32.02335],[73.69207,32.02379],[73.69565,32.02357],[73.69553,32.02241],[73.6955,32.02121]]]]}},{"type":"Feature","properties":{"lu":"Natural Growth Boundary","ct":"Proposed","a":44.911},"geometry":{"type":"MultiPolygon","coordinates":[[[[73.55395,31.96086],[73.55345,31.9629],[73.55525,31.96325],[73.55532,31.96266],[73.55428,31.96282],[73.55426,31.96255],[73.5544,31.96251],[73.5543,31.96225],[73.55437,31.96222],[73.55436,31.96202],[73.55414,31.962],[73.55427,31.96157],[73.55393,31.96123],[73.55415,31.96104],[73.55395,31.96086]]],[[[73.5561,31.96312],[73.55564,31.96303],[73.5556,31.9633],[73.55617,31.96338],[73.55618,31.96323],[73.55609,31.96323],[73.5561,31.96312]]],[[[73.56153,31.96661],[73.56001,31.96548],[73.5598,31.96566],[73.5595,31.96534],[73.55973,31.96515],[73.55925,31.96404],[73.55642,31.96353],[73.55645,31.96332],[73.55637,31.96332],[73.55635,31.96351],[73.55625,31.96356],[73.55341,31.96306],[73.55312,31.96426],[73.5573,31.96503],[73.55683,31.96677],[73.56002,31.96735],[73.5601,31.96752],[73.56228,31.96713],[73.56153,31.96661]]]]}},{"type":"Feature","properties":{"lu":"Natural Growth Boundary","ct":"Proposed","a":129.679},"geometry":{"type":"MultiPolygon","coordinates":[[[[73.55401,31.96063],[73.55478,31.96134],[73.55525,31.9613],[73.55545,31.96139],[73.55549,31.96166],[73.55575,31.96156],[73.55613,31.96156],[73.55617,31.96102],[73.55645,31.96101],[73.55663,31.9609],[73.55711,31.96101],[73.55739,31.96086],[73.55759,31.96091],[73.55772,31.96037],[73.55817,31.96044],[73.55826,31.96003],[73.55846,31.96006],[73.55855,31.95991],[73.55894,31.95999],[73.55888,31.96027],[73.56059,31.96058],[73.56047,31.96115],[73.56016,31.9611],[73.56013,31.96125],[73.55979,31.9612],[73.55966,31.96164],[73.56025,31.96174],[73.56012,31.96225],[73.56027,31.96228],[73.56024,31.96242],[73.55986,31.96236],[73.55983,31.9625],[73.55996,31.9625],[73.55991,31.96274],[73.55959,31.96271],[73.55942,31.96332],[73.5588,31.96315],[73.55925,31.96354],[73.55952,31.96403],[73.56,31.96416],[73.56026,31.96439],[73.56097,31.96365],[73.56115,31.96421],[73.56152,31.96418],[73.56147,31.96396],[73.56219,31.96397],[73.56231,31.96441],[73.56264,31.96438],[73.56342,31.96407],[73.56345,31.96412],[73.56378,31.96405],[73.56406,31.96442],[73.56442,31.96435],[73.56433,31.96376],[73.56517,31.96364],[73.56545,31.96419],[73.56484,31.96431],[73.56503,31.96502],[73.56497,31.96503],[73.56494,31.96489],[73.56467,31.96495],[73.56437,31.96509],[73.56405,31.96539],[73.56367,31.96556],[73.56205,31.96509],[73.56154,31.96569],[73.56219,31.96628],[73.56197,31.96651],[73.56244,31.96685],[73.56265,31.96647],[73.56663,31.96589],[73.56533,31.95991],[73.56468,31.95949],[73.55469,31.95771],[73.55401,31.96063]]]]}},{"type":"Feature","properties":{"lu":"Natural Growth Boundary","ct":"Proposed","a":74.326},"geometry":{"type":"MultiPolygon","coordinates":[[[[73.48504,31.96226],[73.48399,31.96],[73.4837,31.96008],[73.48393,31.96064],[73.48146,31.96138],[73.48159,31.96182],[73.48079,31.96202],[73.48067,31.96167],[73.47918,31.9621],[73.47901,31.96179],[73.47894,31.96179],[73.4784,31.96213],[73.47782,31.96232],[73.47728,31.96112],[73.47807,31.96088],[73.47784,31.96005],[73.47756,31.96005],[73.47756,31.95976],[73.47779,31.95942],[73.47775,31.9591],[73.47807,31.95904],[73.47803,31.95872],[73.47868,31.95854],[73.47858,31.95824],[73.47891,31.95818],[73.47886,31.95787],[73.47846,31.95794],[73.47845,31.95787],[73.47886,31.95779],[73.47903,31.95787],[73.47923,31.95775],[73.47935,31.95843],[73.47974,31.95832],[73.47981,31.95856],[73.48016,31.9585],[73.48032,31.95886],[73.48057,31.95882],[73.48059,31.95896],[73.48305,31.9584],[73.48309,31.95835],[73.48288,31.95811],[73.48169,31.95686],[73.47511,31.9585],[73.47534,31.95912],[73.47587,31.95899],[73.47607,31.95959],[73.47555,31.95969],[73.47565,31.96005],[73.47585,31.96001],[73.47592,31.96026],[73.47628,31.96017],[73.47645,31.96072],[73.47581,31.96087],[73.47706,31.96439],[73.48504,31.96226]]]]}},{"type":"Feature","properties":{"lu":"Natural Growth Boundary","ct":"Proposed","a":100.035},"geometry":{"type":"MultiPolygon","coordinates":[[[[73.42817,31.99158],[73.42748,31.99205],[73.42629,31.9924],[73.426,31.9926],[73.42598,31.99296],[73.42564,31.99295],[73.42561,31.99314],[73.42534,31.99315],[73.4254,31.99349],[73.42504,31.99354],[73.42501,31.99391],[73.42484,31.99391],[73.4248,31.99442],[73.42549,31.9945],[73.4255,31.99467],[73.42585,31.99459],[73.42587,31.99443],[73.42609,31.99443],[73.4261,31.99454],[73.42624,31.99451],[73.42623,31.99419],[73.42657,31.99413],[73.42656,31.99443],[73.42711,31.99437],[73.42711,31.99414],[73.42729,31.99414],[73.42729,31.99436],[73.42787,31.99431],[73.42784,31.99418],[73.42801,31.99416],[73.42817,31.99158]]],[[[73.42002,31.99652],[73.42004,31.99647],[73.42026,31.99648],[73.42029,31.99628],[73.42127,31.99633],[73.42129,31.99615],[73.42144,31.99616],[73.42157,31.99482],[73.42135,31.99481],[73.42135,31.99435],[73.42158,31.99436],[73.4216,31.99401],[73.42174,31.99394],[73.42168,31.9938],[73.42174,31.99378],[73.42152,31.99354],[73.42153,31.99331],[73.42115,31.99329],[73.42117,31.99312],[73.42146,31.99313],[73.42147,31.99299],[73.4217,31.99296],[73.42161,31.99273],[73.42141,31.99271],[73.42141,31.99262],[73.42156,31.99262],[73.42138,31.99204],[73.42102,31.99206],[73.42103,31.99192],[73.42036,31.99186],[73.42043,31.99119],[73.42088,31.99119],[73.42088,31.99095],[73.42112,31.99094],[73.42113,31.99104],[73.42177,31.99099],[73.42183,31.99108],[73.42181,31.99152],[73.42143,31.99151],[73.4214,31.99169],[73.42148,31.99201],[73.42202,31.99202],[73.42202,31.99239],[73.4223,31.99241],[73.42233,31.9927],[73.42309,31.99272],[73.42319,31.99217],[73.42459,31.99229],[73.42455,31.99289],[73.42492,31.99291],[73.42498,31.9931],[73.42524,31.99292],[73.42528,31.99232],[73.42555,31.99233],[73.42556,31.9927],[73.4262,31.99225],[73.42738,31.99191],[73.42818,31.99136],[73.42819,31.99121],[73.41974,31.99085],[73.41931,31.99645],[73.4198,31.99681],[73.41985,31.99651],[73.42002,31.99652]]],[[[73.42765,31.9947],[73.42765,31.99476],[73.42746,31.99477],[73.42746,31.99441],[73.42727,31.99442],[73.42727,31.99457],[73.42716,31.99457],[73.42717,31.99463],[73.42695,31.99464],[73.42695,31.99443],[73.42656,31.9945],[73.4265,31.99505],[73.42637,31.99504],[73.42637,31.9948],[73.4262,31.9948],[73.42618,31.99458],[73.42583,31.99465],[73.42579,31.99536],[73.42512,31.99533],[73.42508,31.99564],[73.42523,31.99564],[73.4252,31.99594],[73.42505,31.99594],[73.425,31.99652],[73.42543,31.99657],[73.42542,31.99674],[73.42508,31.99672],[73.42514,31.99712],[73.42424,31.9971],[73.4242,31.99757],[73.42351,31.99754],[73.42355,31.99708],[73.42331,31.99708],[73.42338,31.99648],[73.42254,31.99642],[73.42249,31.997],[73.42235,31.99699],[73.42235,31.99684],[73.42215,31.99684],[73.42214,31.99664],[73.42163,31.99673],[73.42165,31.99695],[73.42138,31.99694],[73.42137,31.99755],[73.42153,31.99758],[73.42143,31.99801],[73.42179,31.99827],[73.42203,31.99822],[73.4277,31.99846],[73.428,31.99434],[73.42764,31.99438],[73.42765,31.9947]]]]}},{"type":"Feature","properties":{"lu":"Natural Growth Boundary","ct":"Proposed","a":97.985},"geometry":{"type":"MultiPolygon","coordinates":[[[[73.45716,31.99126],[73.45728,31.99159],[73.45726,31.99217],[73.45782,31.9922],[73.45777,31.99261],[73.45849,31.99265],[73.45847,31.99309],[73.45918,31.99313],[73.45921,31.99252],[73.45991,31.99255],[73.4599,31.99315],[73.46028,31.99314],[73.4603,31.99341],[73.46061,31.99343],[73.46066,31.99349],[73.46128,31.9935],[73.4613,31.99321],[73.46201,31.99323],[73.46201,31.99307],[73.46236,31.99309],[73.46237,31.99264],[73.46274,31.99265],[73.46276,31.99234],[73.46312,31.99234],[73.46313,31.99207],[73.46352,31.99209],[73.46348,31.99268],[73.46381,31.99272],[73.4638,31.99323],[73.46398,31.99333],[73.46432,31.99334],[73.46434,31.99356],[73.46444,31.99364],[73.46481,31.99364],[73.46479,31.99395],[73.46452,31.99397],[73.46454,31.99445],[73.46459,31.99452],[73.4652,31.99457],[73.46504,31.9949],[73.46478,31.99491],[73.46468,31.99522],[73.46496,31.99522],[73.46494,31.99586],[73.46293,31.99574],[73.46291,31.99608],[73.46272,31.99607],[73.46273,31.99577],[73.46256,31.99579],[73.46252,31.99632],[73.46188,31.99629],[73.46186,31.99687],[73.4611,31.99685],[73.46115,31.99637],[73.46095,31.99636],[73.46095,31.99627],[73.46044,31.99625],[73.4604,31.99641],[73.46003,31.9964],[73.46004,31.99621],[73.45972,31.99619],[73.45977,31.99558],[73.46034,31.9956],[73.46042,31.99429],[73.45932,31.99405],[73.45925,31.99429],[73.4588,31.99432],[73.45882,31.99417],[73.45843,31.99413],[73.45842,31.99397],[73.45817,31.99392],[73.45823,31.99371],[73.45703,31.99311],[73.45677,31.99725],[73.46605,31.99767],[73.46639,31.99158],[73.45716,31.99126]]]]}},{"type":"Feature","properties":{"lu":"Natural Growth Boundary","ct":"Proposed","a":156.601},"geometry":{"type":"MultiPolygon","coordinates":[[[[73.33731,31.93807],[73.33709,31.93812],[73.33719,31.93872],[73.33785,31.93867],[73.33795,31.93919],[73.33744,31.93924],[73.33763,31.94024],[73.33911,31.94014],[73.34023,31.93997],[73.34027,31.94034],[73.33813,31.94068],[73.33796,31.94082],[73.33797,31.94151],[73.33825,31.94192],[73.34064,31.94274],[73.34035,31.94315],[73.34124,31.94405],[73.34005,31.93712],[73.3372,31.93749],[73.33731,31.93807]]],[[[73.34038,31.94339],[73.34015,31.94321],[73.33815,31.94242],[73.33811,31.94247],[73.33809,31.94231],[73.33755,31.94238],[73.33751,31.94264],[73.33694,31.94271],[73.33685,31.9429],[73.33664,31.94288],[73.3365,31.94329],[73.3362,31.94345],[73.33621,31.94424],[73.33736,31.94415],[73.33733,31.94442],[73.3369,31.94446],[73.33696,31.94499],[73.33669,31.94501],[73.3368,31.94544],[73.33703,31.94537],[73.33707,31.94574],[73.33652,31.94575],[73.33644,31.94623],[73.33594,31.94626],[73.33558,31.94596],[73.33455,31.94558],[73.33485,31.94484],[73.33611,31.94289],[73.33542,31.94251],[73.3337,31.94221],[73.33369,31.94175],[73.33451,31.9417],[73.33449,31.94144],[73.33427,31.94144],[73.33381,31.94092],[73.33342,31.9409],[73.33344,31.94066],[73.33304,31.94065],[73.33303,31.9404],[73.33271,31.9404],[73.33267,31.94053],[73.33236,31.9405],[73.33251,31.93989],[73.33277,31.93995],[73.33299,31.93974],[73.33296,31.93959],[73.33361,31.93917],[73.33405,31.94058],[73.33494,31.94076],[73.33511,31.94116],[73.33539,31.94125],[73.33544,31.94157],[73.33628,31.94175],[73.33634,31.9409],[73.3366,31.94086],[73.33667,31.94052],[73.33704,31.94053],[73.3369,31.93966],[73.33614,31.93963],[73.33615,31.93939],[73.33631,31.93937],[73.33618,31.939],[73.33639,31.93893],[73.33638,31.93879],[73.33578,31.93882],[73.33564,31.93824],[73.33537,31.93829],[73.33531,31.938],[73.33651,31.93784],[73.3365,31.93757],[73.33127,31.93821],[73.33267,31.94718],[73.34154,31.9458],[73.3413,31.94437],[73.34038,31.94339]]]]}},{"type":"Feature","properties":{"lu":"Natural Growth Boundary","ct":"Proposed","a":108.405},"geometry":{"type":"MultiPolygon","coordinates":[[[[73.28333,32.05165],[73.2829,32.05216],[73.28369,32.05326],[73.28406,32.0528],[73.28466,32.05317],[73.28412,32.05387],[73.28487,32.05301],[73.28542,32.05343],[73.28491,32.05401],[73.2854,32.05429],[73.28604,32.05366],[73.28627,32.05382],[73.28646,32.05416],[73.28611,32.05473],[73.28778,32.05572],[73.2879,32.05561],[73.2881,32.05575],[73.28844,32.05556],[73.28899,32.05504],[73.28333,32.05165]]],[[[73.28857,32.05568],[73.2878,32.0561],[73.28635,32.05641],[73.2866,32.05659],[73.28642,32.05682],[73.28734,32.05733],[73.28778,32.05688],[73.2883,32.05725],[73.28771,32.05795],[73.28789,32.05806],[73.28772,32.05831],[73.28707,32.05798],[73.28703,32.05853],[73.28724,32.05902],[73.28778,32.05982],[73.2873,32.06054],[73.28704,32.06063],[73.28674,32.06034],[73.286,32.0599],[73.28631,32.05946],[73.28593,32.05918],[73.28573,32.05866],[73.28533,32.05813],[73.28476,32.05711],[73.28399,32.05611],[73.28408,32.05597],[73.28364,32.05563],[73.28367,32.05524],[73.28379,32.05507],[73.28369,32.05501],[73.2838,32.05476],[73.28266,32.05384],[73.28263,32.05374],[73.28277,32.0535],[73.28339,32.05315],[73.28278,32.05231],[73.28082,32.05462],[73.27925,32.05662],[73.28747,32.0614],[73.29147,32.05653],[73.28914,32.05513],[73.28857,32.05568]]]]}},{"type":"Feature","properties":{"lu":"Natural Growth Boundary","ct":"Proposed","a":0.032},"geometry":{"type":"MultiPolygon","coordinates":[[[[73.70047,32.00849],[73.70009,32.00735],[73.70009,32.00733],[73.70007,32.00733],[73.70032,32.00805],[73.70046,32.00849],[73.70047,32.00849]]]]}},{"type":"Feature","properties":{"lu":"Natural Growth Boundary","ct":"Proposed","a":2.394},"geometry":{"type":"MultiPolygon","coordinates":[[[[73.69512,32.00158],[73.69517,32.0009],[73.69512,32.00068],[73.69433,32.00046],[73.69454,32.00103],[73.69404,32.00118],[73.69418,32.00163],[73.6943,32.00161],[73.69434,32.00174],[73.69512,32.00158]]]]}},{"type":"Feature","properties":{"lu":"Natural Growth Boundary","ct":"Proposed","a":0.228},"geometry":{"type":"MultiPolygon","coordinates":[[[[73.70009,32.00733],[73.69922,32.00467],[73.6994,32.00536],[73.6996,32.00596],[73.69977,32.00649],[73.70007,32.00733],[73.70009,32.00733]]]]}},{"type":"Feature","properties":{"lu":"Natural Growth Boundary","ct":"Proposed","a":0.0},"geometry":{"type":"MultiPolygon","coordinates":[[[[73.70047,32.0085],[73.70047,32.00849],[73.70046,32.00849],[73.70046,32.0085],[73.70047,32.0085]]]]}},{"type":"Feature","properties":{"lu":"Natural Growth Boundary","ct":"Proposed","a":91.355},"geometry":{"type":"MultiPolygon","coordinates":[[[[73.69817,32.00002],[73.69815,31.99881],[73.69826,31.99766],[73.69165,31.99914],[73.69246,31.99954],[73.69244,31.9993],[73.69276,31.99922],[73.69284,31.99946],[73.69325,31.99941],[73.69329,31.99949],[73.69397,31.99932],[73.69426,32.00026],[73.69502,32.00048],[73.69498,32.00034],[73.69607,32.00011],[73.69623,32.00068],[73.69722,32.00045],[73.69719,32.0003],[73.69802,32.00007],[73.69807,32.00091],[73.69821,32.00089],[73.69817,32.00002]]],[[[73.69876,32.00768],[73.69835,32.00648],[73.69803,32.00648],[73.69786,32.00591],[73.6974,32.00598],[73.69739,32.00609],[73.69717,32.00615],[73.69701,32.00564],[73.69671,32.0057],[73.69677,32.00597],[73.69638,32.00606],[73.69619,32.00606],[73.69607,32.00577],[73.69493,32.00599],[73.69497,32.00612],[73.69481,32.00617],[73.69485,32.00632],[73.69402,32.00649],[73.69375,32.00579],[73.6936,32.00583],[73.69355,32.00568],[73.69305,32.0058],[73.69284,32.0052],[73.69352,32.00506],[73.6927,32.00243],[73.69343,32.00227],[73.69315,32.00139],[73.6938,32.00121],[73.69353,32.00038],[73.69327,32.00042],[73.6932,32.00014],[73.6929,32.00019],[73.69279,31.99989],[73.69262,31.99993],[73.69257,31.99983],[73.69242,31.99983],[73.69243,31.99971],[73.69138,31.9992],[73.69084,31.99932],[73.69432,32.00991],[73.69915,32.0088],[73.69876,32.00768]]]]}},{"type":"Feature","properties":{"lu":"Natural Growth Boundary","ct":"Proposed","a":91.398},"geometry":{"type":"MultiPolygon","coordinates":[[[[73.70134,31.99951],[73.70127,31.99929],[73.70145,31.99926],[73.7014,31.99916],[73.70163,31.99908],[73.70149,31.99885],[73.70181,31.99878],[73.70121,31.997],[73.69826,31.99766],[73.69815,31.99881],[73.69821,32.00089],[73.69885,32.00099],[73.69908,32.0016],[73.69924,32.0016],[73.69932,32.00186],[73.69939,32.00184],[73.69954,32.00206],[73.69967,32.00205],[73.69981,32.00228],[73.69996,32.00225],[73.69967,32.00115],[73.70036,32.001],[73.70069,32.00216],[73.70138,32.00199],[73.70106,32.00094],[73.70145,32.00074],[73.70153,32.00103],[73.70182,32.00098],[73.70208,32.00188],[73.70274,32.00176],[73.702,31.99937],[73.70134,31.99951]],[[73.70078,31.99999],[73.70066,31.99967],[73.70095,31.9996],[73.70105,31.99991],[73.70078,31.99999]],[[73.69942,32.00032],[73.69948,32.00056],[73.69913,32.00066],[73.69896,32.0001],[73.69965,31.99991],[73.69974,32.00022],[73.69942,32.00032]]],[[[73.70233,32.00246],[73.70095,32.00299],[73.70067,32.00387],[73.7012,32.00382],[73.70124,32.00395],[73.70002,32.00417],[73.69973,32.0043],[73.69971,32.00424],[73.69913,32.00436],[73.70047,32.0085],[73.70452,32.00757],[73.70291,32.00233],[73.70233,32.00246]],[[73.70125,32.00454],[73.70116,32.00418],[73.70139,32.00411],[73.7015,32.00446],[73.70125,32.00454]],[[73.70201,32.00515],[73.70203,32.00531],[73.7017,32.00541],[73.70159,32.00511],[73.70214,32.00499],[73.70218,32.00512],[73.70201,32.00515]]]]}},{"type":"Feature","properties":{"lu":"Natural Growth Boundary","ct":"Proposed","a":48.86},"geometry":{"type":"MultiPolygon","coordinates":[[[[73.73002,32.03583],[73.73008,32.0355],[73.72991,32.03547],[73.73018,32.03427],[73.73006,32.03426],[73.7301,32.03387],[73.73028,32.03388],[73.73028,32.03378],[73.73058,32.03381],[73.7306,32.0337],[73.7304,32.03356],[73.73035,32.03322],[73.73091,32.03326],[73.7309,32.03338],[73.73112,32.03341],[73.7312,32.03303],[73.73087,32.03291],[73.73099,32.03261],[73.73118,32.03266],[73.73124,32.03244],[73.73226,32.03257],[73.73234,32.03214],[73.73274,32.03221],[73.73293,32.03136],[73.73318,32.03138],[73.73322,32.03118],[73.73341,32.03122],[73.73339,32.03147],[73.7336,32.0315],[73.73371,32.03114],[73.73383,32.03114],[73.73439,32.03122],[73.73432,32.03156],[73.73475,32.03167],[73.73469,32.03188],[73.73498,32.03193],[73.73489,32.03252],[73.73456,32.03261],[73.73469,32.03297],[73.73486,32.03298],[73.73498,32.03331],[73.73548,32.0332],[73.73578,32.03322],[73.73579,32.03349],[73.73549,32.03351],[73.73547,32.03375],[73.73572,32.03376],[73.73571,32.03391],[73.7355,32.03391],[73.73549,32.03408],[73.73524,32.03406],[73.73516,32.03445],[73.73466,32.03439],[73.7346,32.03494],[73.73506,32.03498],[73.73496,32.03558],[73.7351,32.03557],[73.73506,32.03576],[73.73492,32.03577],[73.73493,32.0359],[73.73453,32.036],[73.73454,32.03607],[73.73621,32.03634],[73.73715,32.03164],[73.7302,32.03058],[73.72895,32.03648],[73.72962,32.0366],[73.7299,32.03656],[73.73002,32.03583]]],[[[73.73347,32.03536],[73.73229,32.03523],[73.73224,32.03536],[73.73211,32.03534],[73.73204,32.03569],[73.73168,32.03564],[73.73175,32.03532],[73.73124,32.03524],[73.73127,32.03507],[73.73078,32.03501],[73.73062,32.03555],[73.731,32.03553],[73.731,32.0356],[73.7313,32.03558],[73.7344,32.03607],[73.73442,32.0358],[73.73379,32.03573],[73.73386,32.03541],[73.73347,32.03536]]]]}},{"type":"Feature","properties":{"lu":"Natural Growth Boundary","ct":"Proposed","a":15.306},"geometry":{"type":"MultiPolygon","coordinates":[[[[73.73619,32.03645],[73.73458,32.0362],[73.73461,32.03677],[73.7336,32.03668],[73.73373,32.03606],[73.73124,32.03569],[73.73047,32.03647],[73.73044,32.03637],[73.73037,32.03648],[73.72986,32.03668],[73.73596,32.03759],[73.73619,32.03645]]]]}},{"type":"Feature","properties":{"lu":"Natural Growth Boundary","ct":"Proposed","a":63.053},"geometry":{"type":"MultiPolygon","coordinates":[[[[73.76356,32.06015],[73.7636,32.06013],[73.76347,32.06016],[73.76356,32.06015]]],[[[73.7637,32.06043],[73.76342,32.06049],[73.7636,32.0611],[73.76386,32.06102],[73.76406,32.06159],[73.76432,32.06156],[73.7644,32.06184],[73.76553,32.06158],[73.76551,32.06152],[73.76588,32.0614],[73.76569,32.06091],[73.76605,32.06082],[73.76626,32.06142],[73.76823,32.06087],[73.76762,32.05917],[73.76362,32.06013],[73.7637,32.06043]]],[[[73.7665,32.06214],[73.76715,32.06421],[73.76766,32.06414],[73.7677,32.06404],[73.76711,32.06245],[73.76695,32.0625],[73.76682,32.06209],[73.7665,32.06214]]],[[[73.76422,32.06597],[73.76421,32.06568],[73.76434,32.06558],[73.76429,32.06472],[73.7637,32.06485],[73.76337,32.06388],[73.76236,32.06446],[73.76221,32.06411],[73.76319,32.06375],[73.76309,32.06343],[73.76326,32.06338],[73.76316,32.06308],[73.76297,32.06311],[73.76289,32.06284],[73.76257,32.06291],[73.76248,32.0626],[73.76322,32.06244],[73.76294,32.06157],[73.7632,32.0615],[73.76324,32.06139],[73.76289,32.0603],[73.76132,32.06068],[73.76128,32.06093],[73.76271,32.06667],[73.76351,32.06647],[73.7634,32.06613],[73.76422,32.06597]]],[[[73.76735,32.06238],[73.7673,32.0624],[73.7679,32.06405],[73.76778,32.06428],[73.76721,32.06437],[73.76731,32.06459],[73.7669,32.06479],[73.76707,32.06498],[73.76718,32.06504],[73.76759,32.06492],[73.76772,32.06517],[73.76754,32.06547],[73.76968,32.06494],[73.76848,32.06157],[73.76787,32.06176],[73.768,32.06221],[73.76735,32.06238]]],[[[73.76646,32.06482],[73.76638,32.06462],[73.76595,32.06485],[73.76602,32.06515],[73.76589,32.06531],[73.76473,32.06556],[73.7644,32.06574],[73.76442,32.06624],[73.7669,32.06563],[73.76646,32.06482]]]]}},{"type":"Feature","properties":{"lu":"Natural Growth Boundary","ct":"Proposed","a":166.473},"geometry":{"type":"MultiPolygon","coordinates":[[[[73.79233,32.02138],[73.79202,32.02057],[73.79214,32.02052],[73.79144,32.01907],[73.79174,32.01896],[73.7915,32.01842],[73.79119,32.01851],[73.79108,32.01831],[73.79044,32.0185],[73.79054,32.01874],[73.79018,32.01883],[73.78992,32.01826],[73.7896,32.01836],[73.78934,32.01781],[73.78867,32.01804],[73.78875,32.01821],[73.78838,32.01834],[73.78859,32.01874],[73.78833,32.01882],[73.78829,32.01898],[73.78852,32.01945],[73.78814,32.0196],[73.78784,32.01907],[73.78592,32.01971],[73.78604,32.01994],[73.78514,32.02024],[73.78528,32.02052],[73.78559,32.02043],[73.78569,32.02065],[73.78505,32.02082],[73.78496,32.02065],[73.78504,32.02062],[73.78501,32.02049],[73.78478,32.02055],[73.78464,32.02012],[73.78492,32.02002],[73.78472,32.01945],[73.78506,32.01933],[73.78522,32.01972],[73.78557,32.01961],[73.78564,32.01974],[73.78629,32.01954],[73.7861,32.0191],[73.78677,32.01887],[73.78643,32.01818],[73.78614,32.01827],[73.78577,32.01752],[73.78576,32.01741],[73.78591,32.01737],[73.786,32.01745],[73.78645,32.01735],[73.78456,32.017],[73.78441,32.01687],[73.78426,32.01623],[73.78508,32.01602],[73.78566,32.01646],[73.78625,32.01711],[73.78752,32.01686],[73.78784,32.01738],[73.78867,32.0171],[73.78854,32.0168],[73.78912,32.01668],[73.78911,32.01627],[73.78897,32.01594],[73.78961,32.01591],[73.78956,32.01557],[73.78904,32.0156],[73.78868,32.01483],[73.7896,32.01457],[73.78961,32.01445],[73.79035,32.01427],[73.79042,32.01452],[73.7906,32.01446],[73.79049,32.01408],[73.79132,32.01392],[73.7918,32.01501],[73.79245,32.01466],[73.7906,32.01289],[73.78227,32.01568],[73.78564,32.02304],[73.79273,32.02134],[73.79271,32.02127],[73.79233,32.02138]],[[73.78559,32.0147],[73.78566,32.01486],[73.78508,32.01498],[73.78499,32.01479],[73.78562,32.01457],[73.78559,32.0147]],[[73.78424,32.01569],[73.78415,32.01554],[73.78437,32.01545],[73.78467,32.01567],[73.7843,32.01581],[73.78424,32.01569]]],[[[73.79238,32.01489],[73.79261,32.0154],[73.79278,32.01535],[73.79379,32.0175],[73.79361,32.01755],[73.79367,32.01775],[73.79353,32.01785],[73.79257,32.0181],[73.79226,32.01811],[73.79224,32.0191],[73.79259,32.01904],[73.79271,32.01929],[73.79255,32.01942],[73.7927,32.0197],[73.79288,32.01967],[73.79313,32.02014],[73.79258,32.02032],[73.79291,32.02129],[73.798,32.02007],[73.79258,32.01478],[73.79238,32.01489]],[[73.7945,32.01729],[73.79423,32.01682],[73.79443,32.01675],[73.79446,32.01682],[73.79459,32.01681],[73.7948,32.0172],[73.7945,32.01729]]]]}},{"type":"Feature","properties":{"lu":"Natural Growth Boundary","ct":"Proposed","a":58.982},"geometry":{"type":"MultiPolygon","coordinates":[[[[73.79625,32.0341],[73.79868,32.0338],[73.79822,32.03008],[73.79796,32.03004],[73.79798,32.03041],[73.79759,32.03041],[73.79764,32.03063],[73.79654,32.03069],[73.79658,32.03099],[73.79691,32.03097],[73.79696,32.03129],[73.79688,32.03145],[73.79675,32.03147],[73.79674,32.03172],[73.79698,32.03177],[73.79699,32.0317],[73.79714,32.03171],[73.79725,32.03183],[73.79736,32.03184],[73.79748,32.03168],[73.79778,32.0316],[73.79804,32.03141],[73.79822,32.03139],[73.79831,32.03143],[73.79844,32.03199],[73.79814,32.03205],[73.79816,32.03217],[73.79791,32.03219],[73.79785,32.03207],[73.79707,32.03218],[73.79707,32.03231],[73.79725,32.03232],[73.79732,32.03241],[73.7968,32.03251],[73.79684,32.03281],[73.7963,32.03288],[73.7964,32.0335],[73.79514,32.03362],[73.79503,32.03313],[73.79515,32.03311],[73.79515,32.03304],[73.79402,32.03323],[73.79415,32.0338],[73.79277,32.03397],[73.79268,32.03357],[73.79255,32.03359],[73.79252,32.03339],[73.79331,32.03323],[73.79311,32.03211],[73.79299,32.03213],[73.79296,32.03188],[73.79309,32.03186],[73.79306,32.03165],[73.79233,32.03175],[73.79241,32.03219],[73.79179,32.03229],[73.79213,32.03407],[73.79244,32.03403],[73.79246,32.03418],[73.79216,32.03422],[73.7922,32.03441],[73.79243,32.03437],[73.79245,32.03462],[73.79625,32.0341]]],[[[73.79181,32.0344],[73.79179,32.03424],[73.79197,32.03422],[73.79148,32.0317],[73.79089,32.0318],[73.79071,32.031],[73.79025,32.03097],[73.79043,32.03175],[73.79016,32.03178],[73.79005,32.03129],[73.78872,32.03143],[73.78874,32.0315],[73.78849,32.03153],[73.78838,32.03096],[73.78782,32.03092],[73.78862,32.03513],[73.79206,32.03468],[73.792,32.03437],[73.79181,32.0344]],[[73.78842,32.03396],[73.78914,32.03385],[73.78923,32.03441],[73.78854,32.03452],[73.78842,32.03396]]]]}},{"type":"Feature","properties":{"lu":"Natural Growth Boundary","ct":"Proposed","a":63.768},"geometry":{"type":"MultiPolygon","coordinates":[[[[73.79778,32.02659],[73.79492,32.02691],[73.79541,32.02687],[73.79547,32.02717],[73.79581,32.02711],[73.79582,32.02724],[73.7955,32.02728],[73.7956,32.02785],[73.7959,32.02782],[73.79602,32.02844],[73.79685,32.02835],[73.79692,32.0284],[73.7969,32.02851],[73.7971,32.02848],[73.79709,32.02939],[73.79769,32.02986],[73.7982,32.02995],[73.79778,32.02659]]],[[[73.79357,32.02951],[73.79453,32.02936],[73.7945,32.02914],[73.79467,32.02909],[73.79454,32.0282],[73.79518,32.02812],[73.79509,32.0277],[73.79473,32.02693],[73.78728,32.02795],[73.78749,32.02921],[73.78756,32.02919],[73.7878,32.0308],[73.7885,32.0308],[73.78844,32.03033],[73.78881,32.03033],[73.78883,32.03044],[73.78897,32.03042],[73.7889,32.03006],[73.78909,32.03003],[73.78914,32.03017],[73.79059,32.02998],[73.79071,32.03054],[73.79213,32.03034],[73.79247,32.03001],[73.79237,32.02975],[73.79266,32.02968],[73.79271,32.02981],[73.79315,32.02959],[73.79357,32.02951]]]]}},{"type":"Feature","properties":{"lu":"Natural Growth Boundary","ct":"Proposed","a":0.089},"geometry":{"type":"MultiPolygon","coordinates":[[[[73.80456,32.03246],[73.80474,32.0326],[73.80484,32.03249],[73.8047,32.03234],[73.80456,32.03246]]]]}},{"type":"Feature","properties":{"lu":"Natural Growth Boundary","ct":"Proposed","a":75.5},"geometry":{"type":"MultiPolygon","coordinates":[[[[73.80493,32.03629],[73.80486,32.03617],[73.80504,32.03609],[73.80491,32.03585],[73.8046,32.03595],[73.80452,32.03579],[73.80416,32.03589],[73.80381,32.03526],[73.80509,32.03474],[73.80434,32.03337],[73.80467,32.03324],[73.80458,32.03311],[73.80496,32.0329],[73.80469,32.03275],[73.80445,32.0329],[73.80434,32.03274],[73.80456,32.03263],[73.80417,32.03228],[73.80313,32.03267],[73.80414,32.03448],[73.80219,32.0352],[73.80337,32.03726],[73.80365,32.03739],[73.80493,32.03629]]],[[[73.81044,32.0319],[73.81073,32.03247],[73.81,32.03278],[73.80967,32.03219],[73.80993,32.0321],[73.80981,32.03188],[73.80947,32.032],[73.80934,32.03176],[73.8088,32.032],[73.80906,32.03248],[73.80873,32.0326],[73.80868,32.03269],[73.80955,32.03424],[73.80909,32.03449],[73.80939,32.03501],[73.80988,32.03483],[73.8105,32.03596],[73.81007,32.03614],[73.81032,32.03666],[73.81014,32.03673],[73.8107,32.03751],[73.81037,32.03768],[73.81011,32.03741],[73.80972,32.03757],[73.80952,32.03725],[73.80983,32.03711],[73.80909,32.03649],[73.80791,32.03698],[73.80761,32.03642],[73.80727,32.03654],[73.80696,32.03599],[73.80668,32.0361],[73.80674,32.03625],[73.80632,32.03649],[73.80619,32.03635],[73.80585,32.03654],[73.80596,32.03672],[73.80567,32.03685],[73.80542,32.0367],[73.80512,32.03639],[73.80382,32.03747],[73.80736,32.03911],[73.81141,32.03759],[73.81108,32.03701],[73.81303,32.03625],[73.81056,32.03185],[73.81044,32.0319]]]]}},{"type":"Feature","properties":{"lu":"Natural Growth Boundary","ct":"Proposed","a":15.38},"geometry":{"type":"MultiPolygon","coordinates":[[[[73.806,32.03299],[73.80612,32.03296],[73.80595,32.03259],[73.80646,32.03242],[73.80664,32.03277],[73.80785,32.03227],[73.80799,32.03219],[73.8077,32.0317],[73.80802,32.03156],[73.80818,32.03187],[73.80874,32.03164],[73.80883,32.03158],[73.80867,32.03129],[73.809,32.03114],[73.8093,32.03169],[73.81025,32.0313],[73.80966,32.03024],[73.80429,32.03224],[73.80456,32.03246],[73.8047,32.03234],[73.80484,32.03249],[73.80474,32.0326],[73.80459,32.03248],[73.80488,32.03269],[73.80483,32.03261],[73.80506,32.03253],[73.80516,32.03269],[73.80504,32.03282],[73.8056,32.033],[73.806,32.03299]]],[[[73.804586,32.032476],[73.804586,32.032475],[73.804564,32.032458],[73.804586,32.032476]]]]}},{"type":"Feature","properties":{"lu":"Natural Growth Boundary","ct":"Proposed","a":169.644},"geometry":{"type":"MultiPolygon","coordinates":[[[[73.80182,32.05751],[73.80149,32.05647],[73.78706,32.05985],[73.78767,32.06179],[73.78862,32.06194],[73.79057,32.06155],[73.79039,32.06084],[73.7911,32.06068],[73.79117,32.05994],[73.79206,32.05974],[73.7921,32.0596],[73.7923,32.05953],[73.79234,32.05958],[73.79284,32.05945],[73.79294,32.05974],[73.79359,32.05958],[73.79345,32.05899],[73.79524,32.05859],[73.79576,32.05841],[73.79573,32.05831],[73.79645,32.05802],[73.79633,32.05781],[73.79654,32.05769],[73.79701,32.05816],[73.79739,32.05801],[73.79757,32.05819],[73.79797,32.05831],[73.7981,32.05821],[73.79819,32.05833],[73.79834,32.05835],[73.79887,32.05823],[73.79897,32.05771],[73.79924,32.05764],[73.79942,32.05824],[73.79978,32.05813],[73.79969,32.05781],[73.80013,32.05769],[73.80025,32.05806],[73.80051,32.05798],[73.80081,32.05916],[73.80051,32.05926],[73.80072,32.05993],[73.80045,32.06001],[73.80058,32.06049],[73.79987,32.06066],[73.80024,32.06181],[73.80091,32.06167],[73.80109,32.06227],[73.80188,32.06252],[73.80166,32.06179],[73.8019,32.06174],[73.802,32.06205],[73.8022,32.06198],[73.80239,32.06268],[73.80271,32.06277],[73.80262,32.0625],[73.80279,32.06246],[73.80288,32.06276],[73.80287,32.06312],[73.80217,32.06328],[73.80225,32.06347],[73.80192,32.06352],[73.80194,32.06363],[73.80158,32.06371],[73.80145,32.0634],[73.80078,32.06357],[73.80074,32.06343],[73.80044,32.06348],[73.80046,32.06364],[73.80023,32.06378],[73.79949,32.06389],[73.79942,32.06379],[73.79918,32.06383],[73.79913,32.06364],[73.79904,32.06365],[73.79899,32.06351],[73.7986,32.0636],[73.79857,32.06345],[73.79929,32.0633],[73.79911,32.06283],[73.79839,32.06295],[73.79826,32.06244],[73.79753,32.0626],[73.79737,32.06198],[73.7974,32.06187],[73.79761,32.06177],[73.79751,32.06151],[73.79713,32.06161],[73.79703,32.06178],[73.79688,32.0618],[73.79693,32.06193],[73.79627,32.06212],[73.79604,32.06154],[73.79574,32.0616],[73.79546,32.06081],[73.79528,32.06063],[73.79218,32.06136],[73.79228,32.06166],[73.79208,32.06168],[73.79197,32.06141],[73.79129,32.06157],[73.79131,32.06174],[73.79178,32.06163],[73.79191,32.06177],[73.79206,32.06174],[73.79213,32.06195],[73.79207,32.06237],[73.79216,32.06267],[73.79231,32.06273],[73.7925,32.06336],[73.79272,32.06349],[73.79272,32.0636],[73.79238,32.06378],[73.79187,32.06394],[73.79197,32.06421],[73.79208,32.06415],[73.79226,32.06449],[73.79234,32.06451],[73.79233,32.06462],[73.79164,32.06468],[73.79088,32.06485],[73.79082,32.0646],[73.78948,32.0649],[73.78896,32.06337],[73.7887,32.06342],[73.78862,32.06323],[73.78852,32.06325],[73.7883,32.06269],[73.78866,32.06243],[73.78857,32.0621],[73.78773,32.06197],[73.78927,32.06683],[73.8038,32.06357],[73.80182,32.05751]],[[73.80151,32.06019],[73.80137,32.05967],[73.80171,32.0596],[73.80178,32.05981],[73.80213,32.05971],[73.80226,32.06003],[73.80151,32.06019]],[[73.80194,32.06032],[73.8019,32.06019],[73.80224,32.06009],[73.80228,32.06027],[73.80194,32.06032]]],[[[73.78926,32.06198],[73.78934,32.06246],[73.79127,32.06205],[73.79133,32.06202],[73.79134,32.06188],[73.79123,32.06158],[73.78926,32.06198]]]]}},{"type":"Feature","properties":{"lu":"Natural Growth Boundary","ct":"Proposed","a":66.966},"geometry":{"type":"MultiPolygon","coordinates":[[[[73.77829,32.1146],[73.77823,32.11387],[73.77838,32.11384],[73.77831,32.1136],[73.77808,32.11363],[73.77808,32.11373],[73.77775,32.11376],[73.77777,32.11394],[73.77757,32.11396],[73.77758,32.11356],[73.77727,32.11359],[73.77725,32.11339],[73.77694,32.11338],[73.77694,32.11291],[73.7768,32.1129],[73.77681,32.11279],[73.77642,32.11277],[73.77643,32.11263],[73.77618,32.11263],[73.77618,32.11255],[73.77545,32.11265],[73.77543,32.11254],[73.77473,32.11272],[73.77476,32.11402],[73.77382,32.11403],[73.7738,32.11368],[73.77187,32.11363],[73.77192,32.11098],[73.77158,32.11094],[73.77166,32.11036],[73.77179,32.11035],[73.77179,32.11023],[73.77163,32.11021],[73.77164,32.1101],[73.77137,32.10997],[73.77138,32.10989],[73.77122,32.10987],[73.7712,32.1096],[73.76988,32.10873],[73.7699,32.10867],[73.76976,32.10859],[73.76972,32.11521],[73.77908,32.11524],[73.77857,32.11456],[73.77829,32.1146]]],[[[73.78262,32.11411],[73.78251,32.11491],[73.78182,32.11479],[73.78182,32.11524],[73.77972,32.11524],[73.77966,32.11483],[73.77973,32.11401],[73.77925,32.11399],[73.77923,32.11417],[73.77897,32.11417],[73.77898,32.11426],[73.77869,32.1143],[73.77873,32.11446],[73.77931,32.11524],[73.78267,32.11525],[73.78262,32.11411]]]]}},{"type":"Feature","properties":{"lu":"Natural Growth Boundary","ct":"Proposed","a":145.421},"geometry":{"type":"MultiPolygon","coordinates":[[[[73.78252,32.11035],[73.78253,32.10915],[73.78239,32.10914],[73.78239,32.10895],[73.78254,32.10896],[73.7826,32.10437],[73.78077,32.10436],[73.78078,32.10463],[73.7805,32.10464],[73.78046,32.10449],[73.78024,32.10447],[73.78015,32.10436],[73.76979,32.10432],[73.76976,32.10847],[73.76993,32.10857],[73.77002,32.10826],[73.77046,32.10832],[73.77041,32.10862],[73.77119,32.10871],[73.7712,32.10887],[73.7714,32.1089],[73.7714,32.10912],[73.77189,32.10915],[73.77191,32.10953],[73.77202,32.10956],[73.77199,32.1099],[73.77259,32.11032],[73.77262,32.10984],[73.77324,32.1098],[73.77325,32.10859],[73.77307,32.10858],[73.77307,32.10797],[73.77409,32.10796],[73.77409,32.10761],[73.77475,32.10757],[73.77476,32.1071],[73.77504,32.1071],[73.77503,32.10612],[73.7754,32.10612],[73.7754,32.10551],[73.77478,32.10552],[73.77477,32.10475],[73.77549,32.10472],[73.77547,32.10537],[73.77583,32.10538],[73.77584,32.10468],[73.7762,32.10467],[73.77621,32.10546],[73.77696,32.10547],[73.77695,32.1058],[73.77711,32.10581],[73.77714,32.10594],[73.7774,32.10595],[73.77742,32.10612],[73.77695,32.10613],[73.77697,32.1065],[73.77721,32.10651],[73.7772,32.10673],[73.77699,32.10673],[73.77699,32.10724],[73.7775,32.10726],[73.77754,32.10734],[73.77771,32.10734],[73.77805,32.10765],[73.77831,32.10763],[73.77833,32.10786],[73.77842,32.10795],[73.77867,32.10795],[73.77867,32.10779],[73.77919,32.10782],[73.77918,32.10829],[73.77931,32.1083],[73.77934,32.10851],[73.77947,32.10852],[73.77905,32.10856],[73.77893,32.11031],[73.77948,32.11032],[73.77948,32.1102],[73.77972,32.11021],[73.77972,32.11029],[73.78043,32.1103],[73.78044,32.11157],[73.78116,32.11159],[73.78113,32.1135],[73.78128,32.11354],[73.78131,32.11341],[73.78261,32.11341],[73.78252,32.11035]],[[73.77333,32.10727],[73.77405,32.10727],[73.77405,32.10755],[73.77335,32.10756],[73.77333,32.10727]],[[73.78093,32.10813],[73.78113,32.10813],[73.78112,32.10851],[73.78095,32.1085],[73.78093,32.10813]],[[73.7806,32.10853],[73.7806,32.10814],[73.78078,32.10815],[73.7808,32.10852],[73.7806,32.10853]],[[73.78102,32.10857],[73.78138,32.10856],[73.78138,32.10871],[73.78102,32.10872],[73.78102,32.10857]],[[73.7813,32.11002],[73.7813,32.10993],[73.7815,32.10994],[73.78151,32.11002],[73.78188,32.11003],[73.78188,32.11033],[73.78149,32.11033],[73.78146,32.11003],[73.7813,32.11002]],[[73.781,32.11016],[73.78133,32.11016],[73.78132,32.11033],[73.78101,32.11032],[73.781,32.11016]],[[73.78045,32.11021],[73.78065,32.1102],[73.78064,32.11033],[73.78044,32.11032],[73.78045,32.11021]]]]}},{"type":"Feature","properties":{"lu":"Natural Growth Boundary","ct":"Proposed","a":76.768},"geometry":{"type":"MultiPolygon","coordinates":[[[[73.78634,32.1225],[73.78665,32.12273],[73.78677,32.12294],[73.78923,32.12192],[73.78982,32.12281],[73.7902,32.12283],[73.79036,32.12319],[73.79078,32.12322],[73.79107,32.12316],[73.79136,32.12375],[73.79112,32.12384],[73.79077,32.12327],[73.79033,32.12331],[73.7903,32.12348],[73.79041,32.12399],[73.79072,32.12448],[73.79107,32.12435],[73.79134,32.12493],[73.79103,32.12506],[73.79116,32.12513],[73.79206,32.12475],[73.79224,32.12509],[73.79196,32.12521],[73.79178,32.12493],[73.7913,32.12513],[73.7915,32.12546],[73.79129,32.12553],[73.79112,32.1252],[73.79048,32.12546],[73.7906,32.12568],[73.78972,32.12606],[73.78956,32.12584],[73.78946,32.12588],[73.78954,32.12606],[73.78943,32.12612],[73.78931,32.12594],[73.7888,32.12615],[73.78885,32.12628],[73.78864,32.12639],[73.78823,32.12572],[73.78638,32.1265],[73.78557,32.12694],[73.78563,32.12701],[73.78535,32.12718],[73.78541,32.12729],[73.78524,32.12738],[73.78505,32.12705],[73.78398,32.128],[73.78351,32.12858],[73.78372,32.12893],[73.79276,32.12517],[73.79017,32.1208],[73.7862,32.12248],[73.78634,32.1225]]],[[[73.78462,32.12638],[73.78529,32.12602],[73.78505,32.12568],[73.78534,32.12535],[73.78561,32.12526],[73.78539,32.12488],[73.78682,32.12422],[73.78614,32.12334],[73.78601,32.12341],[73.78571,32.12317],[73.78576,32.12309],[73.78563,32.12293],[73.78523,32.12303],[73.78502,32.12298],[73.78121,32.12459],[73.78342,32.12841],[73.78383,32.12789],[73.78495,32.1269],[73.78462,32.12638]]]]}},{"type":"Feature","properties":{"lu":"Natural Growth Boundary","ct":"Proposed","a":96.567},"geometry":{"type":"MultiPolygon","coordinates":[[[[73.50844,32.00885],[73.50747,32.00884],[73.5069,32.00872],[73.50691,32.00879],[73.50555,32.00911],[73.50616,32.01084],[73.50592,32.0109],[73.50605,32.01124],[73.5056,32.01134],[73.50583,32.01193],[73.50544,32.01201],[73.50536,32.0117],[73.50501,32.01178],[73.50487,32.01119],[73.50393,32.01141],[73.50378,32.01086],[73.50405,32.01078],[73.504,32.01066],[73.50436,32.01056],[73.50438,32.01048],[73.50438,32.01005],[73.50406,32.0089],[73.50391,32.00891],[73.50388,32.0086],[73.50366,32.00863],[73.50362,32.00841],[73.50304,32.00828],[73.50296,32.00798],[73.50247,32.00797],[73.50237,32.00742],[73.50201,32.00752],[73.50169,32.00675],[73.5027,32.00652],[73.50251,32.0061],[73.50282,32.00601],[73.50305,32.00585],[73.50313,32.00569],[73.50334,32.00565],[73.50332,32.00557],[73.50316,32.00557],[73.50306,32.00531],[73.5033,32.00515],[73.50315,32.00465],[73.50388,32.00447],[73.50428,32.00562],[73.50495,32.00546],[73.50473,32.00488],[73.5053,32.00475],[73.50525,32.00451],[73.50553,32.00444],[73.50561,32.00466],[73.50613,32.00452],[73.50633,32.00511],[73.5058,32.00525],[73.50603,32.00585],[73.50587,32.00589],[73.50609,32.00645],[73.50542,32.00663],[73.50602,32.00832],[73.5067,32.00819],[73.50687,32.00862],[73.5069,32.00854],[73.50749,32.00868],[73.50837,32.00868],[73.50638,32.00317],[73.49966,32.00487],[73.5017,32.00868],[73.50298,32.0123],[73.50419,32.01206],[73.50415,32.01258],[73.50438,32.01258],[73.50933,32.01133],[73.50844,32.00885]]]]}},{"type":"Feature","properties":{"lu":"Natural Growth Boundary","ct":"Proposed","a":52.107},"geometry":{"type":"MultiPolygon","coordinates":[[[[73.43354,32.0119],[73.43343,32.01195],[73.43347,32.01208],[73.43361,32.01209],[73.43362,32.01231],[73.43378,32.01239],[73.4341,32.01231],[73.43438,32.01336],[73.43497,32.0131],[73.43479,32.01238],[73.43461,32.01241],[73.43457,32.01225],[73.43477,32.01221],[73.43465,32.0117],[73.43354,32.0119]]],[[[73.43111,32.01163],[73.4312,32.012],[73.4314,32.01195],[73.43146,32.01221],[73.43187,32.01214],[73.43194,32.01248],[73.43348,32.01157],[73.43355,32.01166],[73.4335,32.01174],[73.43478,32.01154],[73.43496,32.01218],[73.43508,32.01215],[73.43512,32.01236],[73.43501,32.01238],[73.43507,32.01263],[73.43529,32.01259],[73.43532,32.01271],[73.43511,32.01276],[73.43522,32.01322],[73.4353,32.01321],[73.43533,32.01335],[73.43525,32.01337],[73.43533,32.01366],[73.43557,32.0136],[73.43565,32.01386],[73.43539,32.01392],[73.43562,32.01486],[73.43613,32.01474],[73.43511,32.01089],[73.43111,32.01163]]],[[[73.4345,32.01658],[73.43424,32.01665],[73.43409,32.01614],[73.43366,32.01624],[73.43341,32.01525],[73.43252,32.01542],[73.43243,32.01498],[73.43213,32.015],[73.43212,32.0149],[73.43183,32.01491],[73.43117,32.01501],[73.4311,32.01476],[73.43131,32.01471],[73.43132,32.01453],[73.43173,32.01445],[73.43177,32.01462],[73.43209,32.01455],[73.43187,32.0139],[73.43181,32.0139],[73.43173,32.0135],[73.4315,32.01355],[73.43159,32.01396],[73.43143,32.01399],[73.43125,32.0135],[73.43066,32.01359],[73.43059,32.01331],[73.43049,32.01334],[73.43044,32.01318],[73.43015,32.01321],[73.43029,32.01367],[73.43012,32.01371],[73.43012,32.01383],[73.42992,32.01385],[73.42982,32.01341],[73.42949,32.01356],[73.42946,32.01345],[73.42896,32.01355],[73.42891,32.01331],[73.42862,32.01337],[73.42872,32.01395],[73.42897,32.01391],[73.42898,32.01409],[73.42876,32.0141],[73.42884,32.01453],[73.42854,32.0146],[73.42849,32.01432],[73.42812,32.01439],[73.4278,32.01325],[73.4285,32.0131],[73.42853,32.0132],[73.42909,32.01294],[73.42951,32.01287],[73.42956,32.01313],[73.43044,32.01296],[73.43041,32.0128],[73.43057,32.01277],[73.43049,32.0124],[73.43107,32.01229],[73.43092,32.01167],[73.42755,32.0123],[73.42826,32.01528],[73.43107,32.01478],[73.43151,32.01658],[73.43274,32.01634],[73.43316,32.01748],[73.43475,32.01719],[73.4345,32.01658]]],[[[73.43578,32.01512],[73.43539,32.01526],[73.43547,32.01549],[73.43494,32.0156],[73.43505,32.01615],[73.4352,32.01648],[73.43549,32.01642],[73.43564,32.01702],[73.43494,32.01716],[73.43669,32.01685],[73.4362,32.01503],[73.43578,32.01512]]]]}},{"type":"Feature","properties":{"lu":"Natural Growth Boundary","ct":"Proposed","a":28.011},"geometry":{"type":"MultiPolygon","coordinates":[[[[73.53043,32.06088],[73.5298,32.06086],[73.52986,32.06197],[73.53052,32.06192],[73.53043,32.06088]]],[[[73.52793,32.06429],[73.52794,32.06439],[73.52743,32.06447],[73.52744,32.06483],[73.52714,32.06494],[73.5271,32.0648],[73.52682,32.06485],[73.5269,32.06519],[73.52584,32.06525],[73.52576,32.06465],[73.52559,32.06467],[73.52556,32.06435],[73.52506,32.06437],[73.52504,32.06411],[73.52514,32.06394],[73.52488,32.06354],[73.5243,32.06355],[73.52436,32.06413],[73.52455,32.06412],[73.52457,32.0643],[73.52436,32.06431],[73.52437,32.06473],[73.52365,32.06479],[73.52353,32.06358],[73.52346,32.06358],[73.52346,32.06328],[73.52332,32.06329],[73.52326,32.06298],[73.52422,32.06289],[73.52409,32.06139],[73.52343,32.06142],[73.52339,32.06073],[73.52269,32.06072],[73.52293,32.06545],[73.52859,32.06509],[73.52852,32.06426],[73.52793,32.06429]]],[[[73.52951,32.06382],[73.5288,32.06385],[73.52877,32.06393],[73.52868,32.06392],[73.52878,32.06508],[73.53077,32.06495],[73.53067,32.06375],[73.52951,32.06382]]]]}},{"type":"Feature","properties":{"lu":"Natural Growth Boundary","ct":"Proposed","a":19.771},"geometry":{"type":"MultiPolygon","coordinates":[[[[73.48261,32.06243],[73.48211,32.06094],[73.48235,32.05877],[73.4816,32.05871],[73.48142,32.05957],[73.4807,32.05947],[73.48085,32.05868],[73.4802,32.05897],[73.48017,32.06047],[73.4799,32.06257],[73.48261,32.06243]]]]}},{"type":"Feature","properties":{"lu":"Natural Growth Boundary","ct":"Proposed","a":10.458},"geometry":{"type":"MultiPolygon","coordinates":[[[[73.48683,32.0578],[73.48738,32.05776],[73.48725,32.05716],[73.48655,32.0573],[73.48639,32.05681],[73.48746,32.05649],[73.48761,32.05707],[73.48926,32.05676],[73.48913,32.05636],[73.48895,32.05638],[73.48885,32.05602],[73.48902,32.05599],[73.48896,32.05579],[73.48697,32.05624],[73.48692,32.05595],[73.4857,32.0565],[73.48566,32.05675],[73.48555,32.05676],[73.48536,32.05798],[73.48586,32.05798],[73.48683,32.0578]]]]}},{"type":"Feature","properties":{"lu":"Natural Growth Boundary","ct":"Proposed","a":22.829},"geometry":{"type":"MultiPolygon","coordinates":[[[[73.49084,32.05839],[73.49321,32.05796],[73.4924,32.05501],[73.48899,32.05578],[73.48928,32.05676],[73.48997,32.05665],[73.48969,32.05564],[73.48997,32.0556],[73.49002,32.05576],[73.49037,32.05567],[73.49065,32.05632],[73.49076,32.05634],[73.49082,32.05649],[73.49002,32.0567],[73.49015,32.05724],[73.48949,32.05738],[73.48964,32.058],[73.49034,32.05789],[73.49048,32.05844],[73.49084,32.05839]]],[[[73.49363,32.05958],[73.49372,32.05984],[73.49351,32.05906],[73.49363,32.05958]]]]}},{"type":"Feature","properties":{"lu":"Natural Growth Boundary","ct":"Proposed","a":22.409},"geometry":{"type":"MultiPolygon","coordinates":[[[[73.48696,32.06089],[73.48689,32.06048],[73.48674,32.06051],[73.48671,32.06018],[73.48687,32.06012],[73.48687,32.05999],[73.48696,32.05995],[73.48689,32.05967],[73.48541,32.05985],[73.48314,32.05988],[73.4831,32.06072],[73.48386,32.06065],[73.48393,32.06079],[73.48408,32.06081],[73.48415,32.06144],[73.4849,32.0614],[73.48542,32.06044],[73.48696,32.06089]]],[[[73.49303,32.06276],[73.49372,32.06225],[73.49358,32.06227],[73.49345,32.06173],[73.49277,32.0618],[73.49233,32.0598],[73.4915,32.05963],[73.49195,32.06185],[73.49131,32.06197],[73.49131,32.06208],[73.49063,32.06219],[73.49055,32.06187],[73.49077,32.06275],[73.49144,32.06296],[73.49157,32.06289],[73.49239,32.06322],[73.49303,32.06276]]],[[[73.48842,32.06161],[73.48821,32.06144],[73.48809,32.06094],[73.48705,32.06091],[73.48772,32.06111],[73.489,32.062],[73.48842,32.06161]]],[[[73.4846,32.06174],[73.4845,32.062],[73.48459,32.06197],[73.48482,32.06154],[73.4846,32.06174]]]]}},{"type":"Feature","properties":{"lu":"Natural Growth Boundary","ct":"Proposed","a":17.487},"geometry":{"type":"MultiPolygon","coordinates":[[[[73.4915,32.05963],[73.49078,32.05949],[73.49083,32.06008],[73.49043,32.06011],[73.4904,32.05967],[73.49,32.05969],[73.49,32.06],[73.48964,32.05995],[73.48914,32.06],[73.48913,32.06019],[73.48884,32.06022],[73.48887,32.06067],[73.48809,32.0608],[73.48821,32.06144],[73.489,32.062],[73.49054,32.06183],[73.49063,32.06219],[73.49131,32.06208],[73.49131,32.06197],[73.49195,32.06185],[73.4915,32.05963]]]]}},{"type":"Feature","properties":{"lu":"Natural Growth Boundary","ct":"Proposed","a":104.147},"geometry":{"type":"MultiPolygon","coordinates":[[[[73.42777,32.06072],[73.4278,32.06096],[73.42803,32.06094],[73.42803,32.06121],[73.42795,32.06128],[73.42703,32.06129],[73.42707,32.06175],[73.42665,32.06177],[73.42672,32.06237],[73.42684,32.06271],[73.42761,32.06268],[73.42761,32.0623],[73.4278,32.06231],[73.42781,32.06292],[73.42854,32.06297],[73.42834,32.06062],[73.42777,32.06072]]],[[[73.4197,32.06443],[73.41969,32.06421],[73.41969,32.06414],[73.41966,32.0639],[73.41965,32.0639],[73.4197,32.06443]]],[[[73.41972,32.06447],[73.41971,32.06447],[73.41971,32.06449],[73.41988,32.06448],[73.41973,32.06448],[73.41972,32.06447]]],[[[73.42851,32.06356],[73.42821,32.06356],[73.42819,32.0638],[73.42765,32.0638],[73.42764,32.06373],[73.42672,32.06376],[73.42677,32.06447],[73.42669,32.06455],[73.42646,32.06454],[73.42653,32.06569],[73.42689,32.06566],[73.42706,32.06661],[73.42724,32.06659],[73.42724,32.06686],[73.42663,32.06687],[73.42671,32.06767],[73.42693,32.06771],[73.42695,32.06794],[73.4265,32.06795],[73.42629,32.06664],[73.42583,32.06666],[73.42584,32.06685],[73.42518,32.06688],[73.42517,32.06668],[73.42493,32.06668],[73.42492,32.06655],[73.42625,32.0664],[73.4263,32.06554],[73.4262,32.0654],[73.42579,32.06542],[73.42578,32.06518],[73.42605,32.06517],[73.42603,32.06495],[73.4264,32.06487],[73.42637,32.06437],[73.42617,32.06436],[73.42617,32.06421],[73.42547,32.06422],[73.42542,32.06396],[73.42531,32.06391],[73.42532,32.06363],[73.42513,32.06364],[73.42507,32.06352],[73.42474,32.06351],[73.42478,32.06368],[73.42412,32.06368],[73.42409,32.06345],[73.42385,32.06347],[73.42384,32.06387],[73.42356,32.0639],[73.4235,32.06386],[73.42352,32.06336],[73.42323,32.06331],[73.42319,32.06282],[73.42282,32.06285],[73.42278,32.06259],[73.42251,32.06261],[73.42259,32.06342],[73.42253,32.06345],[73.42252,32.0642],[73.42226,32.06424],[73.42225,32.06452],[73.42145,32.06457],[73.42145,32.06422],[73.42126,32.06425],[73.42125,32.0641],[73.42008,32.06416],[73.4202,32.06811],[73.42031,32.06868],[73.42877,32.06834],[73.42864,32.06408],[73.42859,32.06351],[73.42851,32.06356]],[[73.4245,32.06769],[73.4245,32.0679],[73.42383,32.06797],[73.42382,32.06774],[73.4245,32.06769]]]]}},{"type":"Feature","properties":{"lu":"Natural Growth Boundary","ct":"Proposed","a":175.219},"geometry":{"type":"MultiPolygon","coordinates":[[[[73.59365,32.08366],[73.59174,32.08425],[73.59177,32.08432],[73.592,32.08427],[73.59278,32.08607],[73.59254,32.08615],[73.59294,32.08708],[73.59485,32.08649],[73.59365,32.08366]]],[[[73.59319,32.08717],[73.59325,32.08732],[73.59298,32.08742],[73.59385,32.08943],[73.59452,32.08922],[73.59481,32.09003],[73.59484,32.09014],[73.5943,32.09027],[73.59438,32.09076],[73.59464,32.09068],[73.59475,32.09086],[73.59484,32.09084],[73.59488,32.09097],[73.59511,32.09091],[73.59512,32.09097],[73.59507,32.09099],[73.59514,32.09116],[73.59474,32.09132],[73.59479,32.09145],[73.59464,32.09152],[73.59474,32.0917],[73.5943,32.09185],[73.59431,32.09195],[73.59417,32.09198],[73.59417,32.09226],[73.59359,32.09225],[73.59355,32.09212],[73.59408,32.09186],[73.59397,32.09148],[73.59339,32.09163],[73.59327,32.09155],[73.59279,32.09169],[73.59241,32.09079],[73.59294,32.09062],[73.59275,32.09013],[73.59247,32.09024],[73.59236,32.08991],[73.59196,32.09001],[73.59174,32.08944],[73.59097,32.0897],[73.59119,32.09024],[73.58917,32.09086],[73.58931,32.09114],[73.58858,32.09136],[73.58826,32.09052],[73.58758,32.0907],[73.58641,32.08781],[73.58732,32.08753],[73.58712,32.08698],[73.58681,32.08708],[73.58659,32.08646],[73.58732,32.08621],[73.58779,32.08722],[73.58805,32.08715],[73.58812,32.0873],[73.58788,32.08741],[73.58821,32.08796],[73.58905,32.08764],[73.58891,32.08735],[73.58904,32.08731],[73.58914,32.08744],[73.58927,32.08737],[73.58936,32.08754],[73.58996,32.08737],[73.59017,32.08787],[73.59046,32.08783],[73.59024,32.08727],[73.59094,32.08693],[73.59072,32.08627],[73.59079,32.08623],[73.59073,32.08604],[73.59048,32.08612],[73.5903,32.08583],[73.59011,32.08588],[73.59002,32.08564],[73.58985,32.08569],[73.58989,32.0858],[73.58965,32.08587],[73.58952,32.08557],[73.59077,32.0852],[73.59068,32.08497],[73.59126,32.08479],[73.59136,32.08504],[73.59181,32.08492],[73.59156,32.0843],[73.58294,32.08693],[73.58635,32.09491],[73.59712,32.09185],[73.59492,32.08665],[73.59319,32.08717]]]]}},{"type":"Feature","properties":{"lu":"Natural Growth Boundary","ct":"Proposed","a":61.523},"geometry":{"type":"MultiPolygon","coordinates":[[[[73.57311,32.0816],[73.57212,32.08145],[73.57204,32.08185],[73.57167,32.08178],[73.57174,32.08142],[73.57002,32.08114],[73.57024,32.08004],[73.57018,32.07996],[73.56966,32.07987],[73.56951,32.08043],[73.5688,32.08032],[73.56883,32.08008],[73.56849,32.08005],[73.56854,32.07968],[73.56819,32.07961],[73.5683,32.07904],[73.56906,32.07913],[73.56901,32.07947],[73.56968,32.07955],[73.56986,32.07856],[73.57052,32.07869],[73.57063,32.07818],[73.56978,32.078],[73.56985,32.07764],[73.57004,32.07766],[73.57008,32.07759],[73.57078,32.07771],[73.57081,32.07753],[73.57293,32.07773],[73.57282,32.0782],[73.57348,32.07836],[73.57351,32.07831],[73.57419,32.07836],[73.57414,32.07864],[73.57455,32.07873],[73.5754,32.07704],[73.56823,32.0759],[73.56702,32.08191],[73.57255,32.08271],[73.57311,32.0816]]]]}},{"type":"Feature","properties":{"lu":"Natural Growth Boundary","ct":"Proposed","a":144.472},"geometry":{"type":"MultiPolygon","coordinates":[[[[73.43678,32.10506],[73.43559,32.10453],[73.43542,32.10477],[73.43571,32.10493],[73.43539,32.10538],[73.43533,32.10543],[73.43504,32.10529],[73.43494,32.10545],[73.43528,32.10562],[73.43519,32.10575],[73.43505,32.1057],[73.43477,32.10609],[73.43488,32.10616],[73.4347,32.10643],[73.43445,32.1063],[73.43437,32.10642],[73.43451,32.10651],[73.43442,32.10665],[73.43458,32.10674],[73.4345,32.10705],[73.43437,32.10703],[73.43437,32.10726],[73.43462,32.10775],[73.43481,32.10794],[73.43496,32.10777],[73.43543,32.10813],[73.43541,32.10833],[73.4358,32.10854],[73.4357,32.10869],[73.43648,32.10912],[73.43648,32.10922],[73.43678,32.10926],[73.43677,32.10931],[73.43683,32.10921],[73.43702,32.10938],[73.43726,32.10949],[73.43747,32.1095],[73.43765,32.10968],[73.43782,32.1097],[73.43777,32.10989],[73.43763,32.10995],[73.43763,32.11013],[73.43775,32.11052],[73.43785,32.11059],[73.44045,32.10687],[73.43678,32.10506]]],[[[73.4351,32.11163],[73.43531,32.11134],[73.4354,32.11138],[73.43543,32.11114],[73.43517,32.11108],[73.43522,32.11091],[73.4346,32.11095],[73.43452,32.11116],[73.43373,32.11121],[73.43353,32.11108],[73.43324,32.11106],[73.43252,32.11115],[73.4324,32.11135],[73.43219,32.11127],[73.43226,32.11113],[73.43194,32.11106],[73.43187,32.11111],[73.43164,32.11101],[73.43119,32.11104],[73.43058,32.11085],[73.43088,32.11053],[73.43124,32.11066],[73.43144,32.1104],[73.43168,32.11053],[73.43186,32.11029],[73.43251,32.11061],[73.43285,32.11009],[73.43317,32.11027],[73.43391,32.11023],[73.43422,32.10985],[73.43403,32.10976],[73.43431,32.10943],[73.43363,32.10908],[73.43305,32.10865],[73.43185,32.10825],[73.43097,32.10765],[73.43122,32.10706],[73.43169,32.10727],[73.43179,32.10707],[73.43198,32.10714],[73.43194,32.10723],[73.43299,32.10771],[73.43334,32.10723],[73.4332,32.10717],[73.43327,32.10703],[73.43341,32.10686],[73.43358,32.1069],[73.43375,32.1066],[73.43309,32.10629],[73.43325,32.106],[73.43409,32.10634],[73.43452,32.1057],[73.43409,32.10546],[73.43426,32.10519],[73.43447,32.10529],[73.43458,32.10514],[73.43476,32.10522],[73.43467,32.10537],[73.43473,32.10541],[73.43546,32.1044],[73.43306,32.10321],[73.42821,32.11021],[73.4334,32.11369],[73.43416,32.11283],[73.43497,32.11212],[73.43532,32.11194],[73.43538,32.11174],[73.4351,32.11163]]],[[[73.43771,32.11076],[73.43766,32.11083],[73.43749,32.11071],[73.43732,32.1109],[73.43694,32.11076],[73.43677,32.11101],[73.43637,32.11089],[73.43623,32.11107],[73.43595,32.11093],[73.436,32.11108],[73.43564,32.11109],[73.43557,32.11155],[73.43595,32.11167],[73.43583,32.11188],[73.43577,32.11186],[73.43571,32.11199],[73.43555,32.11193],[73.43546,32.11206],[73.43509,32.11225],[73.43431,32.11294],[73.43355,32.11379],[73.43494,32.11473],[73.43783,32.11062],[73.43771,32.11076]]]]}},{"type":"Feature","properties":{"lu":"Natural Growth Boundary","ct":"Proposed","a":145.693},"geometry":{"type":"MultiPolygon","coordinates":[[[[73.41202,32.12202],[73.41203,32.12139],[73.41237,32.12128],[73.41274,32.12129],[73.41278,32.12199],[73.41344,32.12194],[73.41346,32.12156],[73.41383,32.12155],[73.41384,32.12184],[73.41421,32.12181],[73.41413,32.1213],[73.41379,32.12132],[73.41376,32.12084],[73.41412,32.1208],[73.41426,32.12089],[73.41436,32.12112],[73.4147,32.1211],[73.4146,32.12008],[73.40912,32.12035],[73.40921,32.12156],[73.40962,32.12154],[73.40962,32.12167],[73.40991,32.12163],[73.40989,32.12121],[73.41061,32.12116],[73.41069,32.1221],[73.41202,32.12202]]],[[[73.41463,32.12805],[73.4153,32.12792],[73.41595,32.12758],[73.41851,32.12611],[73.41879,32.12582],[73.41955,32.12584],[73.42013,32.126],[73.42016,32.12523],[73.41977,32.11982],[73.41479,32.12007],[73.41491,32.1212],[73.41558,32.12119],[73.41561,32.12179],[73.41598,32.12182],[73.41598,32.122],[73.41546,32.12199],[73.41536,32.12183],[73.41509,32.12188],[73.41512,32.12242],[73.4153,32.12241],[73.41534,32.12304],[73.41606,32.12303],[73.41608,32.12289],[73.41639,32.1229],[73.41644,32.12331],[73.41678,32.12328],[73.41674,32.123],[73.41746,32.12294],[73.41755,32.12281],[73.41784,32.1228],[73.41789,32.12344],[73.41796,32.12351],[73.41911,32.12349],[73.41914,32.12407],[73.41892,32.1241],[73.41889,32.12467],[73.41944,32.12465],[73.41947,32.12486],[73.41939,32.12487],[73.41939,32.12496],[73.41869,32.125],[73.41874,32.12536],[73.41798,32.1254],[73.41794,32.12502],[73.41762,32.12505],[73.41758,32.12493],[73.4174,32.12495],[73.41739,32.12478],[73.41722,32.12479],[73.41723,32.12437],[73.41674,32.12435],[73.4168,32.1248],[73.41653,32.12482],[73.41659,32.1254],[73.4167,32.12541],[73.41677,32.12559],[73.41657,32.12563],[73.4165,32.12549],[73.41566,32.1255],[73.41565,32.12502],[73.41538,32.125],[73.41537,32.12481],[73.41506,32.12477],[73.41499,32.12499],[73.41463,32.12498],[73.41465,32.12615],[73.41527,32.12609],[73.41536,32.1273],[73.41372,32.12739],[73.41357,32.12816],[73.41463,32.12805]]],[[[73.41338,32.12811],[73.4136,32.12707],[73.41315,32.12709],[73.41314,32.12694],[73.41261,32.12696],[73.41261,32.12651],[73.4131,32.1265],[73.4132,32.12664],[73.41372,32.12661],[73.41367,32.12617],[73.41318,32.12623],[73.4132,32.12602],[73.41365,32.12601],[73.41354,32.125],[73.41329,32.12501],[73.41326,32.12437],[73.41263,32.12439],[73.41263,32.12406],[73.41324,32.12406],[73.41315,32.12363],[73.41344,32.12358],[73.41339,32.12289],[73.41288,32.12295],[73.41286,32.12313],[73.41263,32.12314],[73.41261,32.12295],[73.41249,32.12282],[73.41232,32.12291],[73.41231,32.12277],[73.41217,32.12277],[73.41215,32.12263],[73.41177,32.12262],[73.41166,32.1224],[73.41139,32.12245],[73.41148,32.12355],[73.41112,32.12355],[73.41111,32.1232],[73.41099,32.1231],[73.41095,32.12293],[73.41098,32.12276],[73.41117,32.12267],[73.41113,32.12214],[73.40968,32.12219],[73.40975,32.12272],[73.4093,32.12274],[73.40973,32.12866],[73.41319,32.12823],[73.41338,32.12819],[73.41338,32.12811]]]]}},{"type":"Feature","properties":{"lu":"Natural Growth Boundary","ct":"Proposed","a":4.073},"geometry":{"type":"MultiPolygon","coordinates":[[[[73.41324,32.13835],[73.41316,32.13859],[73.41283,32.13864],[73.41266,32.13886],[73.41246,32.13974],[73.41249,32.13992],[73.41264,32.14004],[73.41327,32.14006],[73.41408,32.14026],[73.4146,32.14055],[73.4149,32.1405],[73.4151,32.14024],[73.41505,32.1402],[73.41395,32.13978],[73.41298,32.13961],[73.41324,32.13835]]]]}},{"type":"Feature","properties":{"lu":"Natural Growth Boundary","ct":"Proposed","a":0.007},"geometry":{"type":"MultiPolygon","coordinates":[[[[73.41556,32.14111],[73.41555,32.14112],[73.41569,32.1412],[73.41571,32.14127],[73.4157,32.1412],[73.41561,32.14113],[73.41556,32.14111]]]]}},{"type":"Feature","properties":{"lu":"Natural Growth Boundary","ct":"Proposed","a":0.001},"geometry":{"type":"MultiPolygon","coordinates":[[[[73.41573,32.14132],[73.41573,32.14134],[73.41581,32.1414],[73.41573,32.14132]]]]}},{"type":"Feature","properties":{"lu":"Natural Growth Boundary","ct":"Proposed","a":0.007},"geometry":{"type":"MultiPolygon","coordinates":[[[[73.41605,32.14159],[73.41613,32.14165],[73.41643,32.14184],[73.41643,32.14183],[73.41625,32.14172],[73.41612,32.14163],[73.41605,32.14159]]]]}},{"type":"Feature","properties":{"lu":"Natural Growth Boundary","ct":"Proposed","a":0.001},"geometry":{"type":"MultiPolygon","coordinates":[[[[73.41643,32.14186],[73.41644,32.14195],[73.41648,32.14198],[73.41645,32.14193],[73.41643,32.14186]]]]}},{"type":"Feature","properties":{"lu":"Natural Growth Boundary","ct":"Proposed","a":0.02},"geometry":{"type":"MultiPolygon","coordinates":[[[[73.4168,32.14224],[73.41717,32.14255],[73.41731,32.14282],[73.41715,32.1425],[73.4168,32.14224]]]]}},{"type":"Feature","properties":{"lu":"Natural Growth Boundary","ct":"Proposed","a":77.238},"geometry":{"type":"MultiPolygon","coordinates":[[[[73.41383,32.13554],[73.41375,32.13549],[73.41375,32.13555],[73.41383,32.13554]]],[[[73.41361,32.13716],[73.4136,32.13685],[73.4132,32.13673],[73.41341,32.13641],[73.41295,32.13622],[73.41311,32.13592],[73.41359,32.1361],[73.41355,32.13538],[73.41323,32.1352],[73.41248,32.13608],[73.41288,32.13707],[73.41294,32.13764],[73.4131,32.13796],[73.41327,32.13786],[73.41348,32.13794],[73.41332,32.13819],[73.4135,32.13793],[73.41369,32.13739],[73.41361,32.13716]]],[[[73.41399,32.13581],[73.41407,32.13588],[73.41399,32.13672],[73.41455,32.13679],[73.41411,32.13739],[73.41514,32.138],[73.41524,32.13819],[73.41511,32.13863],[73.4156,32.13894],[73.41603,32.13837],[73.41713,32.13897],[73.41711,32.13904],[73.41744,32.13926],[73.41731,32.13941],[73.41775,32.13974],[73.41714,32.14045],[73.41805,32.14036],[73.41769,32.14088],[73.41737,32.1407],[73.41755,32.14048],[73.41674,32.14054],[73.41661,32.14075],[73.41685,32.14085],[73.41667,32.14109],[73.41636,32.1409],[73.41642,32.14074],[73.41633,32.14063],[73.41592,32.14056],[73.41562,32.14101],[73.41583,32.14125],[73.41602,32.14133],[73.41602,32.14148],[73.41743,32.14253],[73.4176,32.14242],[73.41788,32.14272],[73.41835,32.14302],[73.41906,32.14368],[73.41928,32.14435],[73.41944,32.14454],[73.42279,32.14051],[73.41399,32.13563],[73.41399,32.13581]]]]}},{"type":"Feature","properties":{"lu":"Natural Growth Boundary","ct":"Proposed","a":118.758},"geometry":{"type":"MultiPolygon","coordinates":[[[[73.41212,32.14307],[73.41237,32.14271],[73.41312,32.14083],[73.41325,32.14078],[73.41278,32.14061],[73.41275,32.14039],[73.41233,32.13995],[73.41246,32.13879],[73.41275,32.13852],[73.41278,32.138],[73.4122,32.13642],[73.40652,32.14335],[73.40715,32.1437],[73.40835,32.14374],[73.40991,32.14324],[73.41177,32.14327],[73.41212,32.14307]]],[[[73.41922,32.14453],[73.41893,32.1441],[73.41877,32.14364],[73.418,32.14318],[73.41747,32.143],[73.41865,32.14405],[73.41876,32.14434],[73.41855,32.14465],[73.41854,32.14476],[73.41868,32.14482],[73.41826,32.14538],[73.41812,32.14577],[73.41771,32.14627],[73.41743,32.1461],[73.41652,32.14725],[73.41671,32.14781],[73.41934,32.14466],[73.41922,32.14453]]],[[[73.4164,32.1475],[73.41633,32.14719],[73.41769,32.14547],[73.41743,32.14533],[73.41735,32.1454],[73.41711,32.14534],[73.41683,32.14506],[73.41628,32.14492],[73.41603,32.14453],[73.41579,32.14461],[73.41564,32.14456],[73.41557,32.14446],[73.41561,32.14434],[73.41505,32.14412],[73.41497,32.14436],[73.41503,32.14448],[73.41533,32.14464],[73.41563,32.14497],[73.41538,32.1448],[73.4152,32.14504],[73.41539,32.1452],[73.41514,32.14552],[73.415,32.14558],[73.41488,32.14552],[73.41498,32.1454],[73.4147,32.14529],[73.41445,32.14565],[73.41428,32.14573],[73.41328,32.14516],[73.41314,32.14533],[73.41338,32.14553],[73.41316,32.14582],[73.41252,32.14544],[73.41261,32.14532],[73.41206,32.14501],[73.41226,32.14463],[73.41259,32.14469],[73.41267,32.1446],[73.41284,32.1447],[73.41291,32.14462],[73.41309,32.14471],[73.41319,32.14448],[73.41179,32.14344],[73.40994,32.14341],[73.4084,32.14391],[73.40746,32.14388],[73.41586,32.14883],[73.41657,32.14798],[73.4164,32.1475]]]]}},{"type":"Feature","properties":{"lu":"Natural Growth Boundary","ct":"Proposed","a":106.348},"geometry":{"type":"MultiPolygon","coordinates":[[[[73.47538,32.14187],[73.47719,32.14179],[73.47719,32.14151],[73.47763,32.14152],[73.47764,32.14091],[73.47811,32.14089],[73.47813,32.13967],[73.47844,32.13962],[73.47847,32.1393],[73.4783,32.1393],[73.4783,32.139],[73.47887,32.13901],[73.47895,32.13851],[73.47877,32.13851],[73.47877,32.13823],[73.4786,32.13823],[73.4786,32.138],[73.47863,32.13772],[73.47886,32.13768],[73.47889,32.13755],[73.47914,32.13756],[73.47899,32.13841],[73.47902,32.13869],[73.47921,32.1387],[73.47915,32.13907],[73.47996,32.13916],[73.47996,32.13957],[73.47984,32.13956],[73.47984,32.1397],[73.48072,32.13975],[73.48085,32.13998],[73.48097,32.13996],[73.48099,32.13915],[73.48171,32.13913],[73.48173,32.13979],[73.48098,32.14001],[73.48092,32.14098],[73.48049,32.14097],[73.48047,32.14115],[73.4802,32.14116],[73.48015,32.14097],[73.47949,32.14098],[73.47948,32.14212],[73.47909,32.1422],[73.479,32.14388],[73.47984,32.14443],[73.48012,32.14446],[73.48007,32.14491],[73.48052,32.14496],[73.48103,32.14533],[73.4809,32.1455],[73.48115,32.14563],[73.48133,32.14547],[73.48248,32.14627],[73.48255,32.14538],[73.48254,32.14226],[73.4824,32.13972],[73.48249,32.13738],[73.47456,32.13718],[73.47449,32.14125],[73.47538,32.14187]]],[[[73.47762,32.14341],[73.47787,32.143],[73.47829,32.14313],[73.47835,32.14228],[73.47793,32.14224],[73.47794,32.14211],[73.47719,32.14207],[73.47719,32.14179],[73.47716,32.14309],[73.47762,32.14341]]],[[[73.48246,32.1466],[73.48247,32.14649],[73.48241,32.14657],[73.48246,32.1466]]]]}},{"type":"Feature","properties":{"lu":"Natural Growth Boundary","ct":"Proposed","a":55.977},"geometry":{"type":"MultiPolygon","coordinates":[[[[73.47776,32.14391],[73.47757,32.14378],[73.47767,32.14363],[73.47449,32.14151],[73.47439,32.14699],[73.47748,32.14564],[73.47771,32.1452],[73.478,32.14407],[73.47776,32.14391]]],[[[73.48242,32.14685],[73.4819,32.1465],[73.48165,32.14727],[73.47952,32.14694],[73.4797,32.14579],[73.47916,32.14567],[73.47893,32.14623],[73.4782,32.14615],[73.47815,32.14679],[73.47749,32.14678],[73.47748,32.14671],[73.47674,32.14662],[73.47668,32.14705],[73.47623,32.14703],[73.47622,32.14712],[73.47616,32.14711],[73.47618,32.1469],[73.47635,32.14692],[73.47638,32.14673],[73.476,32.14669],[73.47597,32.14685],[73.4757,32.14683],[73.47566,32.14703],[73.47502,32.147],[73.47499,32.14727],[73.47481,32.14726],[73.47482,32.1471],[73.47461,32.14706],[73.47438,32.14718],[73.47438,32.1475],[73.4821,32.14842],[73.48242,32.14685]]]]}},{"type":"Feature","properties":{"lu":"Natural Growth Boundary","ct":"Proposed","a":132.958},"geometry":{"type":"MultiPolygon","coordinates":[[[[73.52117,32.15431],[73.51857,32.15467],[73.51812,32.1548],[73.51508,32.15608],[73.51868,32.16507],[73.52345,32.16378],[73.52252,32.16142],[73.52596,32.16067],[73.52472,32.15704],[73.52353,32.15738],[73.52246,32.15418],[73.52117,32.15431]],[[73.51769,32.15894],[73.51705,32.15718],[73.51889,32.15673],[73.5189,32.15667],[73.51863,32.15675],[73.51833,32.15589],[73.51911,32.1557],[73.51925,32.15598],[73.51946,32.15613],[73.52,32.15603],[73.52012,32.15616],[73.52048,32.15589],[73.52061,32.15606],[73.52095,32.15592],[73.52081,32.15553],[73.52102,32.15541],[73.52173,32.15531],[73.52202,32.15509],[73.52214,32.15525],[73.52222,32.15524],[73.5222,32.15543],[73.52204,32.15548],[73.5221,32.15565],[73.52192,32.15571],[73.52206,32.15604],[73.52174,32.15614],[73.52154,32.15556],[73.52127,32.15578],[73.52139,32.15614],[73.52112,32.1562],[73.52103,32.15593],[73.52084,32.15611],[73.5211,32.15672],[73.52155,32.1566],[73.52176,32.1572],[73.52264,32.15698],[73.52274,32.1573],[73.52293,32.15726],[73.52302,32.15749],[73.52292,32.15752],[73.52313,32.15808],[73.5238,32.1579],[73.52389,32.15819],[73.52375,32.15825],[73.52382,32.15832],[73.52418,32.15842],[73.52453,32.15836],[73.52436,32.15865],[73.52435,32.15873],[73.52447,32.15878],[73.5243,32.15888],[73.52365,32.1585],[73.52364,32.1586],[73.52338,32.15867],[73.52322,32.15833],[73.52251,32.15823],[73.52232,32.15811],[73.52211,32.15816],[73.52206,32.15806],[73.52178,32.15812],[73.52152,32.15771],[73.52101,32.15785],[73.52095,32.158],[73.52077,32.15812],[73.52075,32.15839],[73.52013,32.15858],[73.52049,32.15985],[73.5201,32.16019],[73.52007,32.16037],[73.52011,32.16047],[73.52048,32.16045],[73.52052,32.16073],[73.52041,32.16081],[73.52007,32.16082],[73.52005,32.16092],[73.51949,32.16098],[73.51946,32.16132],[73.51919,32.16152],[73.51938,32.16193],[73.51963,32.16187],[73.51999,32.16258],[73.51956,32.16269],[73.51959,32.16281],[73.51938,32.16288],[73.5196,32.16338],[73.5199,32.16331],[73.52,32.16363],[73.51948,32.16376],[73.51942,32.16361],[73.51876,32.16373],[73.51866,32.16336],[73.51889,32.16328],[73.51875,32.16289],[73.51886,32.16285],[73.5183,32.16152],[73.51858,32.16145],[73.51832,32.16074],[73.51816,32.16074],[73.51774,32.15991],[73.51779,32.15983],[73.51771,32.15959],[73.51804,32.15949],[73.51765,32.15908],[73.51769,32.15894]]]]}},{"type":"Feature","properties":{"lu":"Natural Growth Boundary","ct":"Proposed","a":68.628},"geometry":{"type":"MultiPolygon","coordinates":[[[[73.54539,32.18482],[73.54571,32.18325],[73.54499,32.18327],[73.54499,32.18289],[73.54451,32.18288],[73.54458,32.18255],[73.54336,32.18215],[73.54268,32.18207],[73.54263,32.1817],[73.5423,32.18172],[73.5423,32.18127],[73.54238,32.18125],[73.54236,32.18104],[73.54265,32.18101],[73.54242,32.18042],[73.54357,32.18035],[73.54358,32.18051],[73.54411,32.1805],[73.54483,32.18078],[73.54522,32.18117],[73.54528,32.18137],[73.54578,32.18132],[73.54575,32.18076],[73.54543,32.18076],[73.54534,32.18019],[73.54577,32.18013],[73.54579,32.17981],[73.54558,32.17976],[73.54558,32.17954],[73.54585,32.17946],[73.54587,32.17892],[73.54579,32.17892],[73.54577,32.1786],[73.54609,32.17859],[73.54609,32.1785],[73.54634,32.17848],[73.54645,32.17765],[73.54628,32.17762],[73.54627,32.1775],[73.54568,32.17753],[73.54565,32.17708],[73.54624,32.17705],[73.54635,32.17642],[73.54658,32.17642],[73.54671,32.17518],[73.54644,32.17518],[73.54641,32.17468],[73.54607,32.1747],[73.54593,32.17419],[73.54568,32.1742],[73.54564,32.17371],[73.54637,32.17366],[73.54637,32.17343],[73.54652,32.1734],[73.54651,32.17314],[73.54678,32.17311],[73.54678,32.17264],[73.5444,32.17298],[73.54501,32.17837],[73.54153,32.17873],[73.54208,32.18283],[73.54277,32.1828],[73.54436,32.18339],[73.54431,32.18352],[73.54264,32.18292],[73.54209,32.1829],[73.54238,32.18505],[73.54539,32.18482]]]]}},{"type":"Feature","properties":{"lu":"Natural Growth Boundary","ct":"Proposed","a":55.105},"geometry":{"type":"MultiPolygon","coordinates":[[[[73.55439,32.17968],[73.55351,32.17892],[73.55338,32.17908],[73.55289,32.17924],[73.55305,32.1797],[73.55306,32.17998],[73.5527,32.18008],[73.5526,32.17985],[73.55245,32.17988],[73.55248,32.1801],[73.55208,32.18015],[73.55213,32.18093],[73.55175,32.18102],[73.55168,32.18086],[73.55175,32.18079],[73.55173,32.18045],[73.55159,32.18006],[73.55122,32.18021],[73.55142,32.18065],[73.55126,32.18071],[73.55127,32.18081],[73.55108,32.18087],[73.55091,32.18048],[73.5506,32.18063],[73.55068,32.1808],[73.55001,32.18099],[73.55008,32.18122],[73.54996,32.18126],[73.55005,32.18159],[73.5497,32.18169],[73.54972,32.18188],[73.54915,32.18193],[73.54929,32.18304],[73.54899,32.18314],[73.54907,32.18401],[73.54899,32.18407],[73.54901,32.18433],[73.54871,32.18436],[73.54865,32.18403],[73.54833,32.18404],[73.54826,32.18353],[73.54792,32.1836],[73.54795,32.18375],[73.54759,32.1838],[73.54757,32.18355],[73.54722,32.1836],[73.54716,32.1832],[73.54582,32.18323],[73.54552,32.18481],[73.55231,32.18433],[73.55203,32.18194],[73.55628,32.1816],[73.55439,32.17968]]]]}},{"type":"Feature","properties":{"lu":"Natural Growth Boundary","ct":"Proposed","a":52.102},"geometry":{"type":"MultiPolygon","coordinates":[[[[73.55162,32.17944],[73.55198,32.17937],[73.55196,32.17926],[73.55209,32.17912],[73.55245,32.17912],[73.5523,32.17874],[73.55262,32.17867],[73.55274,32.17915],[73.55346,32.17874],[73.5518,32.17705],[73.54852,32.17736],[73.54791,32.17323],[73.5472,32.17258],[73.54686,32.17263],[73.54685,32.17393],[73.54717,32.17391],[73.54718,32.17422],[73.54746,32.17421],[73.54748,32.17446],[73.54684,32.17452],[73.54674,32.17573],[73.54695,32.17573],[73.54702,32.17653],[73.54697,32.17678],[73.54664,32.17679],[73.54657,32.17729],[73.54715,32.17733],[73.54722,32.17816],[73.54677,32.17819],[73.54674,32.17835],[73.54644,32.17839],[73.54642,32.17854],[73.54665,32.17853],[73.54667,32.17865],[73.54699,32.17864],[73.547,32.17851],[73.5471,32.17851],[73.54711,32.17878],[73.54638,32.17886],[73.54632,32.17945],[73.54667,32.17945],[73.5467,32.18003],[73.54742,32.17995],[73.54749,32.18051],[73.5476,32.18056],[73.54763,32.18084],[73.54828,32.18077],[73.54825,32.1805],[73.54854,32.18047],[73.54845,32.17983],[73.55057,32.17956],[73.55046,32.1789],[73.55085,32.17886],[73.55087,32.17897],[73.55113,32.17893],[73.5511,32.17875],[73.55156,32.17873],[73.55162,32.17944]]]]}},{"type":"Feature","properties":{"lu":"Natural Growth Boundary","ct":"Proposed","a":58.632},"geometry":{"type":"MultiPolygon","coordinates":[[[[73.54028,32.22431],[73.54023,32.22444],[73.54069,32.2246],[73.54054,32.22494],[73.54031,32.22492],[73.54004,32.22549],[73.53986,32.22545],[73.5398,32.22554],[73.54066,32.22601],[73.54078,32.2258],[73.54146,32.22602],[73.54099,32.22672],[73.54116,32.22683],[73.54152,32.22691],[73.54198,32.22666],[73.54176,32.22697],[73.54147,32.22701],[73.54083,32.22777],[73.53992,32.2273],[73.5398,32.2274],[73.53969,32.22769],[73.54015,32.22782],[73.53986,32.2286],[73.5402,32.22878],[73.53984,32.22919],[73.53972,32.22913],[73.53958,32.22927],[73.53931,32.22911],[73.53946,32.22884],[73.53934,32.22877],[73.53951,32.22851],[73.53915,32.22835],[73.53884,32.22882],[73.53858,32.22868],[73.53849,32.22866],[73.5384,32.22879],[73.53817,32.22867],[73.53832,32.22843],[73.53821,32.2284],[73.53777,32.22843],[73.53748,32.22857],[73.53728,32.22833],[73.53716,32.22832],[73.53696,32.22851],[73.53673,32.22832],[73.53643,32.22821],[73.53638,32.22795],[73.53663,32.22791],[73.53678,32.22777],[73.5367,32.22731],[73.53683,32.2273],[73.53678,32.22708],[73.53655,32.22704],[73.53664,32.22674],[73.53614,32.22657],[73.5362,32.22645],[73.53611,32.22639],[73.53632,32.22617],[73.53527,32.22551],[73.53529,32.22534],[73.53558,32.22498],[73.53588,32.22515],[73.53582,32.22523],[73.53598,32.2254],[73.53589,32.22555],[73.53658,32.226],[73.53693,32.22602],[73.53689,32.22571],[73.5366,32.22569],[73.53672,32.22468],[73.53696,32.22435],[73.53746,32.2245],[73.53762,32.22393],[73.53779,32.22388],[73.53762,32.2243],[73.53801,32.22434],[73.53797,32.22462],[73.53826,32.22472],[73.53815,32.22502],[73.53823,32.22542],[73.53872,32.22572],[73.539,32.22564],[73.53914,32.22571],[73.53942,32.22549],[73.53887,32.22514],[73.53964,32.22403],[73.54017,32.22425],[73.53733,32.22273],[73.53365,32.22728],[73.53952,32.2307],[73.54236,32.22723],[73.54185,32.22691],[73.54271,32.22561],[73.54028,32.22431]]]]}},{"type":"Feature","properties":{"lu":"Natural Growth Boundary","ct":"Proposed","a":122.152},"geometry":{"type":"MultiPolygon","coordinates":[[[[73.60344,32.19149],[73.60383,32.19095],[73.60351,32.19095],[73.60348,32.19055],[73.60247,32.19054],[73.60247,32.1903],[73.60271,32.19028],[73.60269,32.18967],[73.60302,32.18956],[73.60293,32.18906],[73.60331,32.18905],[73.60331,32.18881],[73.60265,32.18888],[73.6025,32.18796],[73.60395,32.18778],[73.60414,32.18804],[73.60465,32.188],[73.60464,32.18772],[73.60602,32.18763],[73.60594,32.18679],[73.60629,32.18675],[73.60627,32.18642],[73.60664,32.1864],[73.60657,32.18579],[73.60726,32.18574],[73.60723,32.18464],[73.60754,32.18454],[73.60759,32.18392],[73.60743,32.18392],[73.6074,32.18327],[73.6077,32.18324],[73.60762,32.18257],[73.60832,32.18258],[73.60841,32.18317],[73.60951,32.1831],[73.60982,32.18247],[73.60946,32.1825],[73.60938,32.18202],[73.61006,32.18198],[73.61011,32.18186],[73.60994,32.18186],[73.60995,32.18154],[73.60967,32.18155],[73.60964,32.18125],[73.61014,32.18122],[73.61013,32.18078],[73.61031,32.18079],[73.61045,32.18117],[73.61071,32.18063],[73.60106,32.18129],[73.60213,32.19159],[73.60344,32.19149]]]]}},{"type":"Feature","properties":{"lu":"Natural Growth Boundary","ct":"Proposed","a":122.897},"geometry":{"type":"MultiPolygon","coordinates":[[[[73.6131,32.18043],[73.61082,32.18062],[73.61053,32.18121],[73.61061,32.18124],[73.61088,32.18072],[73.61115,32.18076],[73.61109,32.18178],[73.61066,32.1818],[73.61067,32.18215],[73.61112,32.18213],[73.61112,32.18236],[73.60992,32.18244],[73.60963,32.18307],[73.61055,32.18301],[73.61067,32.18418],[73.61348,32.18398],[73.6131,32.18043]]],[[[73.61073,32.18434],[73.60962,32.18444],[73.60966,32.18492],[73.60931,32.18495],[73.60933,32.18525],[73.60951,32.18524],[73.60954,32.18555],[73.61016,32.18552],[73.61024,32.18607],[73.61083,32.18602],[73.61108,32.18781],[73.6108,32.18784],[73.61083,32.18826],[73.61019,32.18832],[73.61019,32.18853],[73.60917,32.1886],[73.6092,32.18889],[73.60938,32.18889],[73.6094,32.18921],[73.609,32.18925],[73.60895,32.18893],[73.60832,32.18899],[73.60827,32.18871],[73.60755,32.18876],[73.60744,32.18753],[73.60645,32.18761],[73.60524,32.18922],[73.60543,32.18922],[73.60544,32.18951],[73.60501,32.18952],[73.60356,32.19148],[73.6142,32.19062],[73.6135,32.18414],[73.61073,32.18434]]]]}},{"type":"Feature","properties":{"lu":"Natural Growth Boundary","ct":"Proposed","a":72.85},"geometry":{"type":"MultiPolygon","coordinates":[[[[73.66028,32.17108],[73.66104,32.17137],[73.66106,32.17069],[73.66049,32.17071],[73.6604,32.17063],[73.66039,32.16929],[73.66068,32.16928],[73.66105,32.16958],[73.66148,32.17012],[73.6617,32.17011],[73.6617,32.17022],[73.66221,32.17026],[73.66458,32.17019],[73.66458,32.16965],[73.66569,32.16963],[73.66568,32.16941],[73.66607,32.16937],[73.66608,32.17023],[73.66632,32.17022],[73.66634,32.17082],[73.66751,32.17083],[73.6675,32.1714],[73.66721,32.1714],[73.66723,32.17195],[73.66778,32.172],[73.66795,32.17186],[73.66827,32.17187],[73.66833,32.17217],[73.66824,32.17226],[73.66832,32.17377],[73.66824,32.17409],[73.67043,32.17492],[73.67028,32.16831],[73.66034,32.16847],[73.66028,32.17108]]]]}},{"type":"Feature","properties":{"lu":"Natural Growth Boundary","ct":"Proposed","a":42.987},"geometry":{"type":"MultiPolygon","coordinates":[[[[73.63538,32.14137],[73.63539,32.14138],[73.63559,32.14113],[73.63538,32.14137]]],[[[73.6284,32.14787],[73.62864,32.14793],[73.62881,32.14718],[73.6299,32.14754],[73.62996,32.14732],[73.63022,32.14737],[73.63051,32.14627],[73.63175,32.14533],[73.6316,32.14524],[73.63187,32.14469],[73.63157,32.14457],[73.63191,32.14401],[73.6322,32.14411],[73.6324,32.14378],[73.63257,32.14385],[73.6326,32.14364],[73.63326,32.14391],[73.63362,32.1434],[73.63263,32.14298],[73.63291,32.14244],[73.63408,32.14291],[73.63437,32.14258],[73.63413,32.1425],[73.63426,32.14226],[73.63408,32.1422],[73.63463,32.14109],[73.63298,32.14045],[73.62986,32.14617],[73.62742,32.14567],[73.62855,32.14592],[73.62828,32.14651],[73.62689,32.14619],[73.62705,32.14575],[73.62605,32.14812],[73.62695,32.14828],[73.62738,32.14819],[73.6275,32.14798],[73.6278,32.14803],[73.6284,32.14787]]],[[[73.62709,32.15015],[73.62599,32.14986],[73.62544,32.14954],[73.62519,32.15014],[73.62792,32.15116],[73.62836,32.15053],[73.62718,32.15002],[73.62709,32.15015]]]]}},{"type":"Feature","properties":{"lu":"Natural Growth Boundary","ct":"Proposed","a":98.52},"geometry":{"type":"MultiPolygon","coordinates":[[[[73.63728,32.1393],[73.63679,32.13989],[73.63826,32.14045],[73.63804,32.14096],[73.63866,32.1412],[73.63853,32.14151],[73.63899,32.1417],[73.63889,32.14195],[73.63896,32.14198],[73.6387,32.14256],[73.63812,32.14236],[73.63789,32.14271],[73.63773,32.14269],[73.63764,32.14285],[73.63744,32.14279],[73.63734,32.14305],[73.63701,32.14294],[73.63684,32.1433],[73.63473,32.14238],[73.63323,32.1441],[73.63332,32.14415],[73.63331,32.14434],[73.63351,32.14447],[73.63426,32.14426],[73.63432,32.14433],[73.63477,32.1442],[73.63474,32.14468],[73.63433,32.14465],[73.63418,32.14535],[73.6341,32.14535],[73.63408,32.14543],[73.63402,32.14536],[73.63359,32.1453],[73.63354,32.14541],[73.63345,32.14538],[73.63347,32.14525],[73.63319,32.1452],[73.63322,32.14507],[73.63283,32.145],[73.63278,32.14516],[73.63243,32.14511],[73.63182,32.14581],[73.63252,32.14601],[73.63237,32.14667],[73.63313,32.14679],[73.63298,32.14742],[73.63379,32.14753],[73.63385,32.14727],[73.63445,32.14734],[73.63449,32.14705],[73.63521,32.14716],[73.63538,32.14642],[73.63609,32.14649],[73.63593,32.14727],[73.63656,32.14738],[73.63661,32.14761],[73.6367,32.14782],[73.63681,32.14784],[73.63684,32.14804],[73.63719,32.14807],[73.63729,32.14835],[73.63719,32.14847],[73.63722,32.14873],[73.63651,32.14886],[73.63624,32.149],[73.63622,32.14919],[73.63643,32.14919],[73.63642,32.14941],[73.63681,32.14946],[73.63688,32.1494],[73.63682,32.14978],[73.63696,32.14981],[73.6369,32.15003],[73.63668,32.15001],[73.63658,32.14985],[73.6361,32.14976],[73.63591,32.15066],[73.6362,32.15071],[73.6362,32.1508],[73.63635,32.15083],[73.6363,32.15103],[73.63581,32.15096],[73.63568,32.15155],[73.6364,32.15167],[73.63635,32.15196],[73.63563,32.15184],[73.63557,32.15212],[73.63591,32.15219],[73.63586,32.15246],[73.63598,32.15249],[73.63597,32.15264],[73.63698,32.1528],[73.63825,32.14654],[73.64105,32.14085],[73.63728,32.1393]]]]}},{"type":"Feature","properties":{"lu":"Natural Growth Boundary","ct":"Proposed","a":62.967},"geometry":{"type":"MultiPolygon","coordinates":[[[[73.63532,32.15315],[73.63529,32.15332],[73.63481,32.15329],[73.63478,32.15264],[73.63441,32.15264],[73.63436,32.15315],[73.63346,32.15306],[73.63354,32.15257],[73.63248,32.1526],[73.63246,32.15294],[73.63176,32.15289],[73.63173,32.15262],[73.63154,32.15261],[73.63163,32.15196],[73.63191,32.15197],[73.63198,32.15171],[73.63184,32.15166],[73.6319,32.15153],[73.63241,32.15166],[73.63278,32.15166],[73.63264,32.1522],[73.6328,32.15224],[73.63273,32.15255],[73.63502,32.15259],[73.63494,32.15144],[73.63431,32.15134],[73.63444,32.15073],[73.63391,32.15064],[73.63392,32.15049],[73.63365,32.15046],[73.63377,32.14999],[73.63229,32.14977],[73.63242,32.14918],[73.63276,32.14922],[73.63269,32.14952],[73.63314,32.1496],[73.63328,32.14947],[73.63342,32.14949],[73.63338,32.14977],[73.6339,32.14984],[73.63389,32.14997],[73.63416,32.15003],[73.6342,32.14973],[73.63448,32.14976],[73.63444,32.14951],[73.63436,32.14948],[73.6344,32.14922],[73.63406,32.14916],[73.63426,32.14826],[73.63357,32.14818],[73.6336,32.14798],[73.63318,32.14798],[73.63307,32.14863],[73.6324,32.14855],[73.63248,32.14818],[73.63261,32.14818],[73.63261,32.14801],[73.6303,32.14795],[73.63014,32.14818],[73.63064,32.14828],[73.6306,32.14886],[73.63121,32.14898],[73.63116,32.14921],[73.63129,32.14923],[73.63128,32.14944],[73.63138,32.1495],[73.63134,32.14963],[73.6304,32.14944],[73.63026,32.14963],[73.62968,32.14923],[73.62946,32.14967],[73.62918,32.14951],[73.628,32.15119],[73.62975,32.15185],[73.62937,32.15337],[73.63017,32.15356],[73.63025,32.15309],[73.63514,32.15391],[73.63535,32.15306],[73.63532,32.15315]]],[[[73.6368,32.15283],[73.63541,32.15269],[73.63538,32.15296],[73.63545,32.15269],[73.63696,32.15286],[73.6368,32.15283]]]]}},{"type":"Feature","properties":{"lu":"Natural Growth Boundary","ct":"Proposed","a":247.024},"geometry":{"type":"MultiPolygon","coordinates":[[[[73.68541,32.11992],[73.68213,32.11906],[73.68076,32.12518],[73.68091,32.12458],[73.6823,32.12479],[73.68243,32.1242],[73.68384,32.12443],[73.68375,32.12509],[73.68693,32.12553],[73.68708,32.12493],[73.68727,32.12495],[73.68743,32.12411],[73.68682,32.12401],[73.68715,32.12252],[73.68752,32.1226],[73.68769,32.12179],[73.6878,32.12177],[73.68784,32.1216],[73.68783,32.12141],[73.68598,32.12113],[73.68618,32.12008],[73.68541,32.11992]]],[[[73.68958,32.12056],[73.68844,32.12044],[73.6882,32.12135],[73.68849,32.12141],[73.68846,32.12154],[73.68816,32.12152],[73.68791,32.12266],[73.68855,32.12277],[73.68851,32.12298],[73.68785,32.1229],[73.68758,32.12406],[73.68827,32.12418],[73.68818,32.12459],[73.6888,32.12468],[73.68872,32.12503],[73.68841,32.12497],[73.68833,32.12522],[73.688,32.12517],[73.68772,32.12641],[73.68708,32.12637],[73.68682,32.12725],[73.68752,32.12735],[73.68747,32.12763],[73.68765,32.12765],[73.68758,32.12788],[73.68778,32.12793],[73.68768,32.12832],[73.688,32.12837],[73.68794,32.12867],[73.68801,32.1287],[73.68801,32.12882],[73.68856,32.1289],[73.68869,32.12861],[73.6893,32.12874],[73.69111,32.12085],[73.68958,32.12056]]],[[[73.68854,32.12896],[73.68801,32.12886],[73.68796,32.12903],[73.68786,32.12906],[73.68713,32.12894],[73.68707,32.12929],[73.68717,32.12931],[73.68713,32.12945],[73.68705,32.12944],[73.68674,32.13077],[73.6871,32.13086],[73.68704,32.13111],[73.68733,32.1312],[73.68698,32.13306],[73.6867,32.13283],[73.68652,32.13355],[73.68644,32.13355],[73.68635,32.13405],[73.6867,32.13415],[73.68656,32.13472],[73.6841,32.13433],[73.68413,32.13422],[73.68363,32.13415],[73.68372,32.13365],[73.6846,32.1338],[73.68465,32.13352],[73.68485,32.1335],[73.68493,32.13323],[73.68571,32.13336],[73.6858,32.13279],[73.6852,32.1327],[73.68534,32.13214],[73.68499,32.13206],[73.68502,32.13189],[73.68528,32.13194],[73.68539,32.13154],[73.68532,32.13151],[73.68544,32.13118],[73.68585,32.13124],[73.68594,32.13067],[73.68577,32.13059],[73.68586,32.13018],[73.6861,32.13022],[73.68613,32.13005],[73.68602,32.13005],[73.68608,32.12946],[73.68542,32.12931],[73.68542,32.12913],[73.68488,32.12936],[73.68497,32.1296],[73.68517,32.12963],[73.6852,32.13011],[73.68511,32.13034],[73.68463,32.13024],[73.68465,32.13058],[73.68479,32.13063],[73.68473,32.13079],[73.68461,32.13075],[73.68451,32.13133],[73.68375,32.1312],[73.68399,32.13032],[73.68399,32.12998],[73.68326,32.13004],[73.6832,32.1305],[73.68286,32.13046],[73.68266,32.1302],[73.68235,32.1304],[73.68181,32.13036],[73.68187,32.12998],[73.68253,32.13003],[73.6826,32.12979],[73.68233,32.12971],[73.6825,32.12918],[73.68266,32.12922],[73.68272,32.12902],[73.68281,32.12902],[73.68286,32.12863],[73.68186,32.12846],[73.68198,32.12789],[73.68213,32.1279],[73.68215,32.12764],[73.68202,32.12763],[73.682,32.12778],[73.68164,32.12772],[73.6816,32.12796],[73.6809,32.12781],[73.68098,32.12745],[73.68083,32.12743],[73.6809,32.12708],[73.68108,32.12709],[73.68118,32.12659],[73.68044,32.12656],[73.67869,32.13416],[73.68843,32.13569],[73.68898,32.13329],[73.68829,32.13317],[73.68916,32.12936],[73.6885,32.12923],[73.68854,32.12896]]]]}},{"type":"Feature","properties":{"lu":"Natural Growth Boundary","ct":"Proposed","a":102.861},"geometry":{"type":"MultiPolygon","coordinates":[[[[73.71733,32.11756],[73.71723,32.11716],[73.71732,32.11705],[73.7179,32.11696],[73.7177,32.11611],[73.71814,32.11604],[73.71803,32.1155],[73.71753,32.11555],[73.71747,32.11529],[73.71807,32.11521],[73.71802,32.11478],[73.71931,32.11452],[73.71806,32.11268],[73.71897,32.11251],[73.71892,32.11229],[73.71956,32.11218],[73.7196,32.1123],[73.71973,32.11228],[73.71984,32.11252],[73.72055,32.11246],[73.72077,32.11313],[73.71976,32.11331],[73.71968,32.11341],[73.71974,32.11372],[73.71985,32.11372],[73.71991,32.11402],[73.71974,32.11405],[73.71975,32.11417],[73.71956,32.11422],[73.7196,32.1143],[73.71985,32.11426],[73.71998,32.11445],[73.7205,32.11437],[73.72048,32.11424],[73.72113,32.11412],[73.72111,32.11395],[73.72146,32.11386],[73.72153,32.11406],[73.72178,32.11401],[73.72175,32.11381],[73.72215,32.11371],[73.72204,32.11326],[73.72172,32.11329],[73.72169,32.11316],[73.72218,32.11305],[73.72226,32.11337],[73.7228,32.11325],[73.72286,32.11348],[73.72302,32.11345],[73.72308,32.1136],[73.72355,32.11349],[73.72351,32.11336],[73.72369,32.11331],[73.7237,32.11324],[73.72401,32.1132],[73.72407,32.11331],[73.72422,32.11322],[73.72371,32.11123],[73.72086,32.11171],[73.71532,32.11282],[73.71676,32.11813],[73.71733,32.11756]]],[[[73.7239,32.11363],[73.72409,32.11425],[73.72379,32.11431],[73.72385,32.11458],[73.72365,32.11461],[73.72359,32.11437],[73.72312,32.11446],[73.72324,32.11503],[73.72282,32.11513],[73.72263,32.1153],[73.72265,32.11562],[73.72241,32.11565],[73.72217,32.11557],[73.72212,32.11571],[73.72195,32.11575],[73.72185,32.11551],[73.72151,32.11543],[73.72117,32.11548],[73.72124,32.11591],[73.72146,32.11618],[73.72162,32.1169],[73.72117,32.11701],[73.72056,32.11605],[73.72026,32.11621],[73.71973,32.11629],[73.71988,32.11685],[73.71934,32.11695],[73.71955,32.11757],[73.71971,32.11755],[73.71983,32.11784],[73.71987,32.11816],[73.71967,32.1182],[73.71981,32.11868],[73.7195,32.11875],[73.71938,32.11824],[73.71963,32.11819],[73.71948,32.11765],[73.71917,32.1177],[73.71913,32.11753],[73.71819,32.1177],[73.71821,32.11779],[73.71732,32.11799],[73.71726,32.11791],[73.71681,32.11832],[73.71709,32.11934],[73.72537,32.11774],[73.72426,32.11339],[73.7239,32.11363]]]]}},{"type":"Feature","properties":{"lu":"Natural Growth Boundary","ct":"Proposed","a":43.007},"geometry":{"type":"MultiPolygon","coordinates":[[[[73.71838,32.14172],[73.71824,32.14184],[73.71875,32.14171],[73.71881,32.14185],[73.71873,32.14145],[73.71838,32.14172]]],[[[73.71868,32.14201],[73.71853,32.14206],[73.71836,32.142],[73.71819,32.14212],[73.71818,32.14271],[73.71834,32.14275],[73.71835,32.14295],[73.71863,32.14297],[73.71872,32.1431],[73.71876,32.14402],[73.71849,32.14407],[73.71854,32.14431],[73.71916,32.14429],[73.71921,32.14404],[73.71943,32.14404],[73.71941,32.14391],[73.71955,32.14392],[73.71953,32.14372],[73.7209,32.14359],[73.72089,32.14384],[73.72054,32.14385],[73.72058,32.14405],[73.7211,32.14411],[73.72111,32.14441],[73.72071,32.14446],[73.7208,32.14561],[73.72146,32.14566],[73.72133,32.1466],[73.72062,32.14656],[73.72062,32.1462],[73.72017,32.14622],[73.72003,32.14632],[73.72006,32.14645],[73.71966,32.14654],[73.71942,32.14608],[73.71858,32.14616],[73.71859,32.14639],[73.71825,32.14645],[73.71823,32.14676],[73.717,32.14674],[73.71706,32.14618],[73.717,32.14614],[73.71636,32.14609],[73.71631,32.1464],[73.71598,32.14635],[73.71603,32.14605],[73.71563,32.14597],[73.71554,32.14596],[73.71549,32.14611],[73.71531,32.14609],[73.7153,32.14615],[73.71491,32.14611],[73.71495,32.14587],[73.71453,32.14584],[73.71453,32.14554],[73.71497,32.14549],[73.71499,32.14536],[73.71533,32.14539],[73.71535,32.14501],[73.71434,32.14496],[73.71412,32.14512],[73.71401,32.14507],[73.71358,32.14541],[73.71331,32.147],[73.72134,32.14759],[73.72174,32.14211],[73.71868,32.14201]]]]}},{"type":"Feature","properties":{"lu":"Natural Growth Boundary","ct":"Proposed","a":0.0},"geometry":{"type":"MultiPolygon","coordinates":[[[[73.66705,32.2191],[73.667,32.21913],[73.66699,32.21914],[73.667,32.21914],[73.66705,32.2191]]]]}},{"type":"Feature","properties":{"lu":"Natural Growth Boundary","ct":"Proposed","a":0.0},"geometry":{"type":"MultiPolygon","coordinates":[[[[73.66674,32.21929],[73.66668,32.21933],[73.66674,32.2193],[73.66674,32.21929]]]]}},{"type":"Feature","properties":{"lu":"Natural Growth Boundary","ct":"Proposed","a":172.787},"geometry":{"type":"MultiPolygon","coordinates":[[[[73.66317,32.20724],[73.66321,32.20759],[73.66384,32.20763],[73.66492,32.20748],[73.66483,32.20776],[73.66494,32.20833],[73.66606,32.20815],[73.66607,32.20802],[73.6669,32.20779],[73.66684,32.20754],[73.66665,32.20757],[73.66658,32.20725],[73.66746,32.20706],[73.66776,32.20701],[73.66791,32.20736],[73.66807,32.20735],[73.66813,32.20754],[73.66796,32.20758],[73.66816,32.20819],[73.66872,32.20803],[73.66863,32.20773],[73.66889,32.20767],[73.66853,32.20624],[73.66317,32.20724]]],[[[73.66575,32.219],[73.66631,32.21889],[73.66648,32.21938],[73.66672,32.21924],[73.66666,32.21904],[73.66692,32.21897],[73.66697,32.21908],[73.66737,32.21883],[73.6673,32.2187],[73.66721,32.21872],[73.66679,32.21803],[73.66712,32.21788],[73.66678,32.21743],[73.66627,32.21751],[73.66615,32.21693],[73.66542,32.21704],[73.66503,32.21555],[73.66433,32.21568],[73.66428,32.21536],[73.6629,32.21563],[73.66284,32.21534],[73.66422,32.21506],[73.6642,32.21487],[73.66491,32.21473],[73.66451,32.21316],[73.66377,32.2133],[73.66361,32.2127],[73.66432,32.21257],[73.66423,32.21215],[73.6635,32.21228],[73.66348,32.21217],[73.66332,32.21224],[73.66308,32.21178],[73.66271,32.21185],[73.66276,32.21209],[73.6624,32.21217],[73.66229,32.2117],[73.66253,32.21166],[73.66249,32.21152],[73.66261,32.21149],[73.66241,32.21049],[73.66167,32.21062],[73.66153,32.21],[73.66193,32.20988],[73.66174,32.20932],[73.662,32.20927],[73.66186,32.20874],[73.66249,32.20858],[73.66242,32.20833],[73.66254,32.20828],[73.66245,32.20798],[73.66274,32.20791],[73.66269,32.20763],[73.66313,32.20759],[73.66307,32.20726],[73.66019,32.20772],[73.66283,32.21823],[73.66536,32.21945],[73.66581,32.21951],[73.66575,32.219]]],[[[73.66864,32.20865],[73.66847,32.20866],[73.66832,32.20881],[73.66811,32.20889],[73.6681,32.20918],[73.66822,32.20947],[73.66794,32.20956],[73.66774,32.20973],[73.66772,32.20986],[73.66791,32.20981],[73.66825,32.21024],[73.66843,32.21016],[73.66844,32.21024],[73.66832,32.21031],[73.66854,32.21065],[73.66853,32.21098],[73.66846,32.21123],[73.66812,32.21136],[73.6682,32.21209],[73.6684,32.21209],[73.66843,32.21232],[73.66829,32.21236],[73.66829,32.21246],[73.66815,32.21254],[73.66829,32.21311],[73.6685,32.21307],[73.66851,32.21341],[73.66871,32.21337],[73.66861,32.21291],[73.66877,32.21287],[73.66891,32.21334],[73.66885,32.21338],[73.6689,32.21365],[73.66869,32.2137],[73.66863,32.21342],[73.66821,32.21349],[73.66844,32.21465],[73.66772,32.21479],[73.66782,32.21541],[73.66897,32.21514],[73.66904,32.21546],[73.66884,32.21553],[73.66887,32.21574],[73.66853,32.21579],[73.66847,32.21555],[73.66818,32.2156],[73.66824,32.21585],[73.66816,32.21587],[73.66826,32.21623],[73.66852,32.21619],[73.66864,32.21654],[73.66884,32.21649],[73.66896,32.21679],[73.66871,32.21679],[73.66871,32.21688],[73.66859,32.21691],[73.66854,32.21679],[73.66831,32.21684],[73.66836,32.21723],[73.66807,32.21724],[73.668,32.21714],[73.66776,32.21713],[73.66771,32.21737],[73.66816,32.21734],[73.66817,32.21749],[73.668,32.21753],[73.66807,32.21794],[73.66779,32.218],[73.66785,32.21843],[73.66805,32.21872],[73.66876,32.21861],[73.66884,32.21903],[73.6683,32.21917],[73.66863,32.21962],[73.66899,32.22041],[73.67197,32.21988],[73.66898,32.20803],[73.66851,32.20816],[73.66864,32.20865]]],[[[73.66805,32.21905],[73.66779,32.21867],[73.66709,32.21919],[73.66726,32.21963],[73.66681,32.21973],[73.66692,32.22014],[73.66675,32.22017],[73.66677,32.22026],[73.66625,32.22037],[73.66629,32.22053],[73.66558,32.22063],[73.66553,32.22047],[73.66531,32.2205],[73.66529,32.22043],[73.66482,32.2205],[73.66457,32.21945],[73.66442,32.21946],[73.66442,32.21912],[73.66286,32.21836],[73.66361,32.22136],[73.66884,32.22044],[73.66805,32.21905]]]]}},{"type":"Feature","properties":{"lu":"Natural Growth Boundary","ct":"Proposed","a":108.707},"geometry":{"type":"MultiPolygon","coordinates":[[[[73.70599,32.24964],[73.70564,32.24726],[73.70349,32.24741],[73.70277,32.24266],[73.69504,32.24352],[73.69532,32.24594],[73.69184,32.24634],[73.69233,32.24961],[73.69281,32.24954],[73.6928,32.24928],[73.69296,32.24925],[73.69296,32.24908],[73.69369,32.24902],[73.69368,32.24917],[73.69582,32.24891],[73.6957,32.24836],[73.69464,32.24847],[73.69456,32.24786],[73.69564,32.24775],[73.69559,32.24743],[73.69631,32.24736],[73.69616,32.2464],[73.6964,32.24637],[73.69628,32.24595],[73.69645,32.24591],[73.6964,32.24576],[73.69668,32.24572],[73.69664,32.24546],[73.69684,32.24538],[73.69717,32.24566],[73.69722,32.24556],[73.69698,32.24473],[73.6969,32.24412],[73.69725,32.2441],[73.69742,32.24423],[73.6979,32.24415],[73.69792,32.24425],[73.69861,32.24421],[73.69864,32.244],[73.69907,32.244],[73.69903,32.24363],[73.69933,32.24362],[73.6995,32.24499],[73.69895,32.24522],[73.6988,32.24606],[73.69885,32.24615],[73.69902,32.24617],[73.69904,32.24607],[73.69928,32.24607],[73.69933,32.24624],[73.69904,32.24627],[73.69902,32.24644],[73.69936,32.24641],[73.69949,32.24698],[73.69981,32.24698],[73.69984,32.24726],[73.69918,32.24732],[73.69922,32.24765],[73.70065,32.24746],[73.70069,32.24773],[73.70081,32.24773],[73.70083,32.24804],[73.70113,32.24799],[73.70118,32.2483],[73.70234,32.24821],[73.70237,32.24844],[73.70216,32.24847],[73.70225,32.24883],[73.70334,32.24873],[73.70324,32.2481],[73.70431,32.24802],[73.70436,32.24857],[73.70464,32.24853],[73.70464,32.24885],[73.70445,32.24889],[73.70457,32.24961],[73.70599,32.24964]]]]}},{"type":"Feature","properties":{"lu":"Natural Growth Boundary","ct":"Proposed","a":110.922},"geometry":{"type":"MultiPolygon","coordinates":[[[[73.70126,32.25629],[73.70333,32.25602],[73.7031,32.2542],[73.70661,32.25382],[73.70601,32.24978],[73.70553,32.24978],[73.70552,32.25023],[73.70536,32.25023],[73.70541,32.25047],[73.70469,32.25054],[73.70473,32.25077],[73.70398,32.25082],[73.70382,32.2499],[73.70351,32.24993],[73.70356,32.25026],[73.70289,32.25025],[73.70286,32.25006],[73.70256,32.25024],[73.70218,32.25024],[73.7021,32.25069],[73.70191,32.25087],[73.70195,32.25131],[73.70128,32.25138],[73.70134,32.25183],[73.7015,32.2518],[73.7016,32.25187],[73.70172,32.25287],[73.70145,32.25293],[73.70152,32.25335],[73.70121,32.25351],[73.70128,32.25382],[73.70153,32.25383],[73.70153,32.25395],[73.70142,32.25396],[73.70147,32.25437],[73.70172,32.25436],[73.70169,32.25463],[73.7014,32.25466],[73.70145,32.25507],[73.70111,32.25511],[73.70118,32.25569],[73.70065,32.25574],[73.70064,32.25596],[73.70046,32.25598],[73.70052,32.25634],[73.69984,32.25642],[73.69975,32.25602],[73.69941,32.25604],[73.69935,32.25588],[73.69877,32.25595],[73.69876,32.25613],[73.69862,32.25614],[73.69859,32.25596],[73.69827,32.25602],[73.69827,32.25579],[73.69875,32.25574],[73.69874,32.25563],[73.69973,32.25564],[73.69976,32.2558],[73.7011,32.25565],[73.70103,32.2551],[73.70072,32.2551],[73.70065,32.25462],[73.70038,32.25463],[73.70037,32.25473],[73.69963,32.25481],[73.69958,32.25465],[73.70096,32.2545],[73.70091,32.25428],[73.70045,32.25434],[73.7004,32.25412],[73.70068,32.25407],[73.70052,32.25334],[73.70028,32.25335],[73.70027,32.25329],[73.69942,32.25343],[73.69923,32.25267],[73.69996,32.25262],[73.69971,32.25097],[73.69892,32.25107],[73.69891,32.25133],[73.69871,32.25137],[73.69871,32.25148],[73.69838,32.25149],[73.69838,32.2516],[73.69768,32.25184],[73.69779,32.2527],[73.69709,32.25281],[73.69702,32.25247],[73.69579,32.25261],[73.69567,32.25288],[73.69571,32.25321],[73.69508,32.25329],[73.69495,32.25304],[73.69476,32.25334],[73.69451,32.25334],[73.69449,32.25296],[73.69491,32.25295],[73.69496,32.25289],[73.69482,32.25172],[73.69527,32.25173],[73.69556,32.25144],[73.69548,32.25085],[73.6936,32.25105],[73.69353,32.25028],[73.69317,32.25032],[73.69315,32.25047],[73.69291,32.25051],[73.69291,32.25024],[73.69242,32.25022],[73.69293,32.25356],[73.69712,32.2531],[73.69771,32.2567],[73.70126,32.25629]]]]}},{"type":"Feature","properties":{"lu":"Natural Growth Boundary","ct":"Proposed","a":45.261},"geometry":{"type":"MultiPolygon","coordinates":[[[[73.64141,32.24412],[73.64142,32.24413],[73.6416,32.24389],[73.64141,32.24412]]],[[[73.64219,32.2432],[73.6417,32.24377],[73.64179,32.24368],[73.64295,32.24428],[73.64281,32.24451],[73.6431,32.24466],[73.64352,32.24417],[73.6438,32.24433],[73.6433,32.24496],[73.64435,32.24544],[73.6446,32.24516],[73.64486,32.24528],[73.64495,32.24514],[73.6443,32.24478],[73.64452,32.2445],[73.6447,32.24459],[73.64494,32.24444],[73.64529,32.24466],[73.64499,32.24508],[73.64556,32.24532],[73.64553,32.24543],[73.64581,32.24555],[73.64614,32.24499],[73.6468,32.24531],[73.64648,32.2458],[73.64827,32.24666],[73.64843,32.24642],[73.64829,32.24634],[73.64846,32.24611],[73.64859,32.24616],[73.64893,32.24564],[73.6478,32.24508],[73.64847,32.24398],[73.64972,32.2446],[73.65006,32.24409],[73.651,32.24447],[73.65108,32.24434],[73.6513,32.24443],[73.65159,32.24403],[73.65139,32.24393],[73.65152,32.24373],[73.65248,32.24414],[73.65236,32.24441],[73.65281,32.24465],[73.6527,32.24461],[73.65249,32.24493],[73.65271,32.24502],[73.65239,32.24557],[73.65271,32.2457],[73.65258,32.24587],[73.65289,32.24606],[73.65184,32.24767],[73.65242,32.24793],[73.65455,32.24469],[73.64893,32.24213],[73.647,32.24502],[73.64295,32.24349],[73.64291,32.2436],[73.64219,32.2432]]],[[[73.6519,32.24835],[73.6518,32.2485],[73.65165,32.24844],[73.6515,32.24867],[73.65142,32.24865],[73.65157,32.24843],[73.65139,32.24834],[73.65109,32.24869],[73.65174,32.24897],[73.65218,32.2483],[73.65207,32.24844],[73.6519,32.24835]]]]}},{"type":"Feature","properties":{"lu":"Natural Growth Boundary","ct":"Proposed","a":160.71},"geometry":{"type":"MultiPolygon","coordinates":[[[[73.65167,32.24908],[73.65064,32.24859],[73.65036,32.24904],[73.65014,32.2489],[73.65041,32.24848],[73.65004,32.24832],[73.64979,32.24871],[73.64832,32.24811],[73.64644,32.24722],[73.64668,32.24676],[73.64627,32.24656],[73.64598,32.24705],[73.64568,32.24693],[73.64593,32.24641],[73.64314,32.2451],[73.64301,32.24533],[73.64249,32.24508],[73.64252,32.24501],[73.64243,32.24498],[73.64161,32.24613],[73.64209,32.24647],[73.64184,32.24671],[73.64134,32.24643],[73.64048,32.2475],[73.64097,32.24779],[73.64086,32.24792],[73.64036,32.24764],[73.63939,32.24885],[73.63996,32.24921],[73.64005,32.24932],[73.6399,32.24955],[73.64025,32.24972],[73.64028,32.24987],[73.6404,32.24995],[73.64043,32.25026],[73.64007,32.25067],[73.64026,32.25078],[73.64021,32.25086],[73.64031,32.25093],[73.63991,32.25141],[73.6401,32.25155],[73.64023,32.25136],[73.64089,32.25167],[73.64075,32.25196],[73.64056,32.25186],[73.64043,32.25204],[73.64023,32.25192],[73.64036,32.25175],[73.64022,32.25166],[73.63988,32.25177],[73.63967,32.25166],[73.63948,32.2519],[73.639,32.25177],[73.6387,32.25214],[73.63835,32.25195],[73.63848,32.25178],[73.63829,32.25167],[73.63849,32.25134],[73.63781,32.25093],[73.63776,32.25101],[73.63755,32.25093],[73.63693,32.25057],[73.63705,32.25038],[73.63608,32.25023],[73.636,32.25009],[73.63572,32.24999],[73.63547,32.25034],[73.63447,32.25039],[73.63489,32.24988],[73.63516,32.25005],[73.63533,32.24993],[73.6357,32.24944],[73.63542,32.24926],[73.63528,32.2494],[73.63478,32.24916],[73.63399,32.24924],[73.63331,32.24893],[73.63363,32.24838],[73.63349,32.24828],[73.63363,32.24811],[73.63316,32.24785],[73.63338,32.24756],[73.63327,32.2475],[73.63346,32.24731],[73.63361,32.24729],[73.6338,32.24704],[73.63372,32.24695],[73.63386,32.24682],[73.63408,32.24684],[73.63419,32.24658],[73.63438,32.24667],[73.63442,32.2466],[73.6347,32.24674],[73.63534,32.2472],[73.63493,32.24773],[73.63519,32.2479],[73.63493,32.24822],[73.6358,32.24875],[73.63611,32.24841],[73.63583,32.24825],[73.63622,32.24774],[73.6365,32.2479],[73.6369,32.24741],[73.63823,32.24821],[73.6384,32.24804],[73.63883,32.24831],[73.6393,32.24772],[73.63957,32.24788],[73.63978,32.24767],[73.63948,32.24751],[73.6397,32.24727],[73.6402,32.24756],[73.64082,32.24678],[73.64063,32.24663],[73.64128,32.2458],[73.64043,32.24528],[73.64096,32.24464],[73.6407,32.24448],[73.64027,32.245],[73.63997,32.24483],[73.64034,32.24434],[73.64015,32.24416],[73.63921,32.2437],[73.63942,32.24337],[73.63747,32.24251],[73.63714,32.243],[73.63771,32.24336],[73.63641,32.24489],[73.63523,32.24423],[73.63202,32.24817],[73.63365,32.24926],[73.63282,32.25025],[73.6394,32.254],[73.64527,32.24678],[73.65139,32.24951],[73.65167,32.24908]]]]}},{"type":"Feature","properties":{"lu":"Natural Growth Boundary","ct":"Proposed","a":61.632},"geometry":{"type":"MultiPolygon","coordinates":[[[[73.68045,32.26631],[73.68144,32.26499],[73.67974,32.26399],[73.67793,32.26621],[73.6781,32.26603],[73.67973,32.26686],[73.68007,32.26648],[73.68045,32.26631]]],[[[73.68173,32.26662],[73.68242,32.26697],[73.68235,32.26719],[73.68288,32.26756],[73.68341,32.26689],[73.68319,32.26679],[73.68333,32.26652],[73.68382,32.26678],[73.6836,32.26712],[73.68338,32.26776],[73.68411,32.26815],[73.68421,32.26808],[73.68497,32.26856],[73.68562,32.26748],[73.6816,32.26508],[73.68071,32.26622],[73.68173,32.26662]]],[[[73.67498,32.27032],[73.67704,32.27034],[73.67994,32.27055],[73.68066,32.27036],[73.68064,32.27078],[73.68065,32.27071],[73.68078,32.27073],[73.6808,32.2704],[73.68064,32.27036],[73.6808,32.26971],[73.68011,32.26937],[73.68027,32.26913],[73.67968,32.26891],[73.67971,32.26882],[73.67928,32.26871],[73.67913,32.26891],[73.67887,32.26883],[73.6789,32.26874],[73.67792,32.26854],[73.6785,32.26751],[73.67798,32.26725],[73.67809,32.26713],[73.67747,32.26679],[73.67482,32.27004],[73.67498,32.27032]]],[[[73.68364,32.269],[73.68364,32.26907],[73.68383,32.2691],[73.6838,32.26933],[73.68393,32.26938],[73.68359,32.26992],[73.68389,32.27007],[73.68366,32.27048],[73.68346,32.27061],[73.68332,32.27059],[73.68277,32.2703],[73.68241,32.27075],[73.68126,32.27047],[73.68101,32.2713],[73.68128,32.27048],[73.68241,32.27075],[73.68334,32.27128],[73.68469,32.26904],[73.68368,32.2686],[73.68364,32.269]]],[[[73.68064,32.27107],[73.68071,32.27091],[73.68063,32.27089],[73.68062,32.27107],[73.68069,32.27111],[73.68064,32.27107]]]]}},{"type":"Feature","properties":{"lu":"Natural Growth Boundary","ct":"Proposed","a":90.102},"geometry":{"type":"MultiPolygon","coordinates":[[[[73.67993,32.289],[73.67915,32.28897],[73.67914,32.28899],[73.67993,32.289]]],[[[73.6778,32.28869],[73.67723,32.28833],[73.67508,32.29074],[73.67454,32.29047],[73.67396,32.29112],[73.67353,32.29191],[73.67444,32.29217],[73.67797,32.29383],[73.67871,32.29386],[73.67941,32.29399],[73.67918,32.2912],[73.67911,32.28904],[73.67897,32.28926],[73.6778,32.28869]]],[[[73.68315,32.29321],[73.68107,32.29415],[73.68144,32.29436],[73.68103,32.29494],[73.68119,32.29504],[73.68041,32.29591],[73.6805,32.29608],[73.68035,32.29632],[73.68052,32.29644],[73.68032,32.29676],[73.67997,32.29658],[73.67954,32.29702],[73.67978,32.29716],[73.67958,32.29748],[73.67983,32.29767],[73.67968,32.29789],[73.67911,32.29755],[73.67905,32.29764],[73.6785,32.29724],[73.67835,32.29744],[73.67775,32.29711],[73.67803,32.29661],[73.67746,32.29639],[73.67755,32.29622],[73.67784,32.29636],[73.67808,32.29614],[73.67791,32.29606],[73.67787,32.29589],[73.67814,32.29551],[73.67693,32.29483],[73.67775,32.2939],[73.67708,32.29362],[73.6745,32.29679],[73.67846,32.29934],[73.68332,32.29351],[73.68317,32.29321],[73.68469,32.29237],[73.68315,32.29321]]]]}},{"type":"Feature","properties":{"lu":"Natural Growth Boundary","ct":"Proposed","a":1.729},"geometry":{"type":"MultiPolygon","coordinates":[[[[73.45304,32.06134],[73.45266,32.06128],[73.45264,32.06265],[73.4536,32.06275],[73.45333,32.06229],[73.45291,32.06223],[73.45304,32.06134]]]]}},{"type":"Feature","properties":{"lu":"Natural Growth Boundary","ct":"Proposed","a":11.286},"geometry":{"type":"MultiPolygon","coordinates":[[[[73.46318,32.06021],[73.46457,32.06015],[73.4646,32.06071],[73.46466,32.06036],[73.46496,32.06007],[73.46636,32.0599],[73.46658,32.05962],[73.4666,32.0583],[73.46596,32.05828],[73.46597,32.05949],[73.46559,32.05952],[73.46558,32.05896],[73.46491,32.05898],[73.46496,32.05951],[73.46369,32.05976],[73.46341,32.05863],[73.463,32.05862],[73.46311,32.0594],[73.4626,32.05941],[73.4626,32.05958],[73.46237,32.05962],[73.46243,32.06088],[73.46319,32.06085],[73.46318,32.06021]]]]}},{"type":"Feature","properties":{"lu":"Natural Growth Boundary","ct":"Proposed","a":2.865},"geometry":{"type":"MultiPolygon","coordinates":[[[[73.45891,32.06013],[73.45884,32.05982],[73.45929,32.05981],[73.45927,32.0595],[73.45921,32.0595],[73.45925,32.05917],[73.45884,32.05917],[73.4588,32.05962],[73.45767,32.0597],[73.45767,32.05982],[73.45755,32.05983],[73.45756,32.06016],[73.45818,32.06015],[73.4582,32.06046],[73.4588,32.06044],[73.45891,32.06038],[73.45891,32.06013]]]]}},{"type":"Feature","properties":{"lu":"Natural Growth Boundary","ct":"Proposed","a":0.039},"geometry":{"type":"MultiPolygon","coordinates":[[[[73.45777,32.05496],[73.45774,32.05482],[73.45755,32.05496],[73.45777,32.05496]]]]}},{"type":"Feature","properties":{"lu":"Natural Growth Boundary","ct":"Proposed","a":0.231},"geometry":{"type":"MultiPolygon","coordinates":[[[[73.45752,32.05496],[73.45775,32.0548],[73.45778,32.05468],[73.45732,32.05471],[73.45734,32.05497],[73.45752,32.05496]]]]}},{"type":"Feature","properties":{"lu":"Natural Growth Boundary","ct":"Proposed","a":36.591},"geometry":{"type":"MultiPolygon","coordinates":[[[[73.45731,32.04971],[73.45856,32.05153],[73.4619,32.05157],[73.46179,32.04974],[73.45731,32.04971]]],[[[73.46156,32.05563],[73.46141,32.05429],[73.46223,32.05424],[73.46202,32.05362],[73.46192,32.05246],[73.46128,32.05248],[73.46126,32.05178],[73.45871,32.05174],[73.45885,32.05196],[73.45921,32.0519],[73.45928,32.05217],[73.45946,32.05237],[73.45971,32.05367],[73.45999,32.05365],[73.46012,32.05428],[73.46011,32.05436],[73.46004,32.05435],[73.46005,32.05473],[73.46072,32.05468],[73.46092,32.05588],[73.46122,32.05604],[73.46161,32.05604],[73.46156,32.05563]]]]}},{"type":"Feature","properties":{"lu":"Natural Growth Boundary","ct":"Proposed","a":1.74},"geometry":{"type":"MultiPolygon","coordinates":[[[[73.46847,32.05821],[73.46844,32.05766],[73.46806,32.05767],[73.46779,32.05756],[73.4673,32.05758],[73.46735,32.0582],[73.46847,32.05821]]]]}},{"type":"Feature","properties":{"lu":"Natural Growth Boundary","ct":"Proposed","a":1.261},"geometry":{"type":"MultiPolygon","coordinates":[[[[73.46596,32.05891],[73.46596,32.05828],[73.46525,32.05827],[73.46526,32.05849],[73.46518,32.05849],[73.4652,32.05894],[73.46596,32.05891]]]]}},{"type":"Feature","properties":{"lu":"Natural Growth Boundary","ct":"Proposed","a":0.868},"geometry":{"type":"MultiPolygon","coordinates":[[[[73.45747,32.06108],[73.45743,32.06057],[73.45679,32.06059],[73.4568,32.0611],[73.45747,32.06108]]]]}},{"type":"Feature","properties":{"lu":"Natural Growth Boundary","ct":"Proposed","a":8.623},"geometry":{"type":"MultiPolygon","coordinates":[[[[73.46458,32.06185],[73.46457,32.06015],[73.46318,32.06021],[73.46319,32.06085],[73.46243,32.06088],[73.46251,32.0621],[73.46458,32.06185]]]]}},{"type":"Feature","properties":{"lu":"Natural Growth Boundary","ct":"Proposed","a":3.918},"geometry":{"type":"MultiPolygon","coordinates":[[[[73.45453,32.06066],[73.45393,32.06068],[73.45396,32.06141],[73.45368,32.06276],[73.45462,32.06282],[73.45453,32.06066]]]]}},{"type":"Feature","properties":{"lu":"Natural Growth Boundary","ct":"Proposed","a":67.57},"geometry":{"type":"MultiPolygon","coordinates":[[[[73.54983,32.1333],[73.54988,32.13283],[73.55023,32.13289],[73.55025,32.13267],[73.55011,32.13244],[73.54992,32.13249],[73.54991,32.13275],[73.54968,32.13275],[73.54968,32.13284],[73.54921,32.13284],[73.54937,32.13337],[73.54925,32.13398],[73.54898,32.13459],[73.54798,32.13464],[73.54784,32.13374],[73.54789,32.13157],[73.54643,32.13158],[73.54644,32.13191],[73.54589,32.1319],[73.54591,32.13155],[73.54535,32.13151],[73.54535,32.13134],[73.54572,32.13136],[73.54572,32.13077],[73.54504,32.13074],[73.5451,32.13017],[73.54526,32.13014],[73.54534,32.12979],[73.54562,32.12959],[73.54595,32.12959],[73.54599,32.12892],[73.54569,32.12891],[73.54576,32.12851],[73.54506,32.12854],[73.545,32.12844],[73.54473,32.12845],[73.54484,32.12882],[73.54459,32.12889],[73.54445,32.12857],[73.54433,32.12857],[73.54415,32.1279],[73.54333,32.12795],[73.54331,32.12771],[73.54246,32.12779],[73.54233,32.12907],[73.54365,32.12897],[73.54305,32.13478],[73.55007,32.13527],[73.5502,32.13332],[73.54983,32.1333]],[[73.54522,32.13245],[73.54424,32.13243],[73.54426,32.1319],[73.54523,32.13192],[73.54522,32.13245]]]]}},{"type":"Feature","properties":{"lu":"Natural Growth Boundary","ct":"Proposed","a":212.624},"geometry":{"type":"MultiPolygon","coordinates":[[[[73.56499,32.11908],[73.56517,32.11894],[73.56526,32.11536],[73.5599,32.11516],[73.56009,32.11235],[73.5539,32.11195],[73.55339,32.11725],[73.55681,32.11746],[73.5569,32.11693],[73.55654,32.11689],[73.55662,32.1163],[73.55702,32.11629],[73.55701,32.11568],[73.55536,32.11552],[73.55535,32.11501],[73.55465,32.115],[73.55474,32.11378],[73.55544,32.11378],[73.55555,32.1132],[73.55663,32.11323],[73.55663,32.11329],[73.55707,32.11333],[73.55714,32.11304],[73.55753,32.11315],[73.55734,32.11336],[73.55801,32.11335],[73.55791,32.11458],[73.5593,32.11468],[73.5592,32.11552],[73.55852,32.11557],[73.55841,32.11656],[73.55837,32.11753],[73.5591,32.11764],[73.55905,32.11822],[73.55858,32.11821],[73.55856,32.11881],[73.55842,32.11881],[73.55836,32.11936],[73.55892,32.11943],[73.55888,32.12003],[73.55937,32.12009],[73.5594,32.11999],[73.55953,32.11999],[73.55959,32.11947],[73.55965,32.11951],[73.55958,32.12022],[73.56027,32.12028],[73.56033,32.11973],[73.56103,32.11981],[73.56106,32.11994],[73.56163,32.11998],[73.56209,32.11982],[73.56207,32.11962],[73.56278,32.11963],[73.56279,32.11952],[73.56334,32.11952],[73.56334,32.11927],[73.56395,32.11916],[73.56409,32.11921],[73.56405,32.1195],[73.56499,32.11908]]],[[[73.55271,32.11725],[73.54911,32.11693],[73.54884,32.11931],[73.55078,32.11884],[73.55258,32.11899],[73.55259,32.11738],[73.55271,32.11725]]],[[[73.54559,32.11918],[73.54667,32.11922],[73.54557,32.11908],[73.54559,32.11918]]],[[[73.54408,32.12718],[73.54409,32.12693],[73.54433,32.12691],[73.54429,32.12752],[73.54452,32.12751],[73.54454,32.12726],[73.54475,32.12726],[73.54474,32.1275],[73.54511,32.12748],[73.54509,32.12729],[73.54535,32.12727],[73.54535,32.12693],[73.54497,32.12691],[73.54498,32.12647],[73.54482,32.12645],[73.54485,32.12587],[73.5451,32.12587],[73.54517,32.12522],[73.54689,32.12542],[73.54694,32.12536],[73.547,32.12418],[73.54687,32.12431],[73.54672,32.12416],[73.54635,32.12413],[73.54641,32.12344],[73.54771,32.12357],[73.54773,32.12345],[73.54819,32.12349],[73.54821,32.12335],[73.54855,32.12337],[73.54882,32.12082],[73.55161,32.1202],[73.55165,32.11967],[73.55036,32.11954],[73.55037,32.11916],[73.54882,32.1195],[73.54551,32.11934],[73.54541,32.11924],[73.54469,32.12523],[73.54276,32.12499],[73.54247,32.1277],[73.54407,32.12754],[73.54408,32.12718]]]]}},{"type":"Feature","properties":{"lu":"Natural Growth Boundary","ct":"Proposed","a":25.383},"geometry":{"type":"MultiPolygon","coordinates":[[[[73.55725,32.12233],[73.55737,32.12117],[73.55596,32.12106],[73.5561,32.12031],[73.55526,32.12027],[73.55541,32.11922],[73.5561,32.11923],[73.55612,32.1187],[73.55495,32.11863],[73.55497,32.1188],[73.55464,32.11877],[73.55465,32.11863],[73.55449,32.11858],[73.5545,32.11827],[73.55432,32.11824],[73.55435,32.11795],[73.55454,32.11795],[73.55455,32.11749],[73.55278,32.11742],[73.55278,32.11835],[73.55437,32.11842],[73.5543,32.11917],[73.55271,32.11914],[73.55263,32.12025],[73.55271,32.12067],[73.55302,32.12068],[73.55303,32.12054],[73.55374,32.12058],[73.55373,32.12075],[73.55355,32.12074],[73.55354,32.12095],[73.55406,32.12099],[73.5541,32.12111],[73.55449,32.12114],[73.5545,32.12139],[73.55488,32.12141],[73.55488,32.1213],[73.55546,32.12128],[73.55548,32.12152],[73.55512,32.12151],[73.55514,32.12167],[73.55631,32.12169],[73.55624,32.12237],[73.55725,32.12233]]]]}},{"type":"Feature","properties":{"lu":"Natural Growth Boundary","ct":"Proposed","a":6.678},"geometry":{"type":"MultiPolygon","coordinates":[[[[73.55735,32.11978],[73.55698,32.11976],[73.55695,32.11992],[73.55623,32.11987],[73.55624,32.11965],[73.55604,32.11959],[73.5561,32.11923],[73.55541,32.11922],[73.55526,32.12027],[73.5561,32.12031],[73.55596,32.12106],[73.55737,32.12117],[73.55747,32.11997],[73.55735,32.11978]]]]}},{"type":"Feature","properties":{"lu":"Natural Growth Boundary","ct":"Proposed","a":106.675},"geometry":{"type":"MultiPolygon","coordinates":[[[[73.56359,32.11979],[73.56363,32.12022],[73.56346,32.12023],[73.56344,32.12036],[73.5631,32.12038],[73.56307,32.12101],[73.56233,32.12092],[73.56231,32.12153],[73.56182,32.12149],[73.56177,32.12161],[73.56156,32.12161],[73.56155,32.12176],[73.56086,32.12173],[73.56088,32.12106],[73.56049,32.12122],[73.5605,32.12198],[73.56082,32.12199],[73.56079,32.12264],[73.56068,32.12265],[73.56067,32.12319],[73.55973,32.12318],[73.55968,32.12381],[73.55921,32.12377],[73.55926,32.12252],[73.55864,32.12255],[73.55847,32.12216],[73.55819,32.12228],[73.55821,32.1227],[73.55793,32.12275],[73.55795,32.12305],[73.5572,32.12304],[73.55719,32.12274],[73.55665,32.12299],[73.55661,32.12335],[73.55669,32.12337],[73.5567,32.12365],[73.55645,32.12367],[73.55635,32.12423],[73.55592,32.12423],[73.5559,32.12441],[73.55566,32.12441],[73.55563,32.12505],[73.55555,32.1253],[73.55561,32.12531],[73.55542,32.1266],[73.55403,32.12652],[73.55399,32.12678],[73.55345,32.12677],[73.55345,32.12688],[73.55323,32.12687],[73.5531,32.12724],[73.55286,32.12735],[73.55295,32.12765],[73.55287,32.12773],[73.55265,32.12771],[73.55234,32.128],[73.55201,32.12811],[73.55237,32.12834],[73.55196,32.12842],[73.55172,32.12856],[73.55161,32.12849],[73.55109,32.12859],[73.55107,32.12899],[73.55123,32.12898],[73.55139,32.12921],[73.55155,32.12921],[73.55154,32.12949],[73.55164,32.12957],[73.55155,32.12987],[73.55155,32.13053],[73.55142,32.13052],[73.55134,32.13087],[73.55084,32.13072],[73.55079,32.13126],[73.55037,32.13122],[73.55042,32.13098],[73.54936,32.13113],[73.54984,32.132],[73.5503,32.13255],[73.55036,32.13281],[73.55017,32.13528],[73.55101,32.13533],[73.55175,32.13097],[73.55551,32.12695],[73.56086,32.12721],[73.56112,32.12421],[73.55979,32.1242],[73.56212,32.12283],[73.56425,32.12276],[73.5645,32.11944],[73.56473,32.11927],[73.56359,32.11979]],[[73.56294,32.12216],[73.5622,32.12211],[73.56224,32.12159],[73.56299,32.12164],[73.56294,32.12216]]]]}},{"type":"Feature","properties":{"lu":"Natural Growth Boundary","ct":"Proposed","a":20.964},"geometry":{"type":"MultiPolygon","coordinates":[[[[73.62889,32.03237],[73.62887,32.03214],[73.62821,32.03215],[73.62818,32.03194],[73.62805,32.03193],[73.62809,32.03207],[73.62799,32.03208],[73.62797,32.03193],[73.62779,32.03195],[73.62779,32.03245],[73.6271,32.03248],[73.62708,32.03194],[73.62635,32.03201],[73.62631,32.03163],[73.62679,32.03162],[73.6268,32.03154],[73.62703,32.03151],[73.62705,32.03163],[73.62725,32.03162],[73.62725,32.03155],[73.62772,32.0315],[73.6277,32.03126],[73.62802,32.03125],[73.62734,32.03067],[73.62554,32.03066],[73.62565,32.03257],[73.62889,32.03246],[73.62889,32.03237]]],[[[73.63637,32.03472],[73.63619,32.03453],[73.63585,32.0346],[73.63584,32.03443],[73.63368,32.03456],[73.63372,32.03479],[73.63233,32.03488],[73.63227,32.03466],[73.63157,32.03468],[73.63152,32.0342],[73.6312,32.03415],[73.6312,32.03407],[73.63089,32.03409],[73.63086,32.03383],[73.63122,32.03379],[73.63112,32.03282],[73.63103,32.03282],[73.63101,32.03274],[73.63079,32.03274],[73.63076,32.033],[73.63041,32.03301],[73.63039,32.03258],[73.62984,32.03236],[73.62922,32.03236],[73.62924,32.03254],[73.6289,32.03255],[73.62889,32.03246],[73.62892,32.03329],[73.63082,32.0332],[73.63088,32.03524],[73.63652,32.03496],[73.63637,32.03472]]]]}},{"type":"Feature","properties":{"lu":"Natural Growth Boundary","ct":"Proposed","a":60.454},"geometry":{"type":"MultiPolygon","coordinates":[[[[73.62986,32.03114],[73.63036,32.03111],[73.63029,32.03082],[73.63049,32.0308],[73.63046,32.02985],[73.63062,32.02984],[73.63055,32.02933],[73.63087,32.0293],[73.63093,32.02912],[73.63119,32.02907],[73.63003,32.02913],[73.63015,32.03049],[73.6275,32.03066],[73.6282,32.03124],[73.62986,32.03114]],[[73.62904,32.03059],[73.62927,32.03058],[73.62927,32.03075],[73.62906,32.03076],[73.62904,32.03059]]],[[[73.63127,32.02986],[73.63132,32.03074],[73.63193,32.03065],[73.632,32.03117],[73.63233,32.03117],[73.63239,32.03141],[73.63275,32.03141],[73.63276,32.03163],[73.63478,32.03145],[73.63481,32.03178],[73.63543,32.03173],[73.63543,32.03162],[73.6356,32.03162],[73.63551,32.03084],[73.63694,32.03073],[73.6368,32.02905],[73.63751,32.02904],[73.63759,32.03003],[73.63731,32.03006],[73.63733,32.03071],[73.63767,32.03068],[73.63774,32.03146],[73.63795,32.03146],[73.63798,32.03189],[73.63845,32.03164],[73.63845,32.03137],[73.63866,32.03133],[73.63868,32.03155],[73.63919,32.03137],[73.63919,32.03174],[73.63936,32.03182],[73.63936,32.03207],[73.63851,32.03218],[73.63846,32.03173],[73.63816,32.03191],[73.63723,32.03219],[73.63726,32.03254],[73.63686,32.03256],[73.63691,32.03315],[73.63716,32.03312],[73.63717,32.03374],[73.63724,32.03383],[73.6373,32.03442],[73.63645,32.03468],[73.63664,32.03495],[73.63795,32.03488],[73.63777,32.0325],[73.63992,32.03238],[73.63974,32.02877],[73.63389,32.02906],[73.63119,32.02907],[73.63127,32.02986]],[[73.63144,32.02932],[73.63147,32.0295],[73.63128,32.02953],[73.63125,32.02931],[73.63144,32.02932]],[[73.63858,32.02956],[73.63829,32.02959],[73.63827,32.02945],[73.63855,32.02942],[73.63858,32.02956]],[[73.63906,32.02974],[73.63883,32.02976],[73.63881,32.02941],[73.63905,32.02939],[73.63906,32.02974]],[[73.63331,32.02996],[73.63296,32.02997],[73.63294,32.02976],[73.63259,32.02976],[73.63256,32.02932],[73.63291,32.02932],[73.63295,32.02953],[73.63326,32.02954],[73.63331,32.02996]],[[73.63372,32.02977],[73.63373,32.02993],[73.63357,32.02993],[73.63359,32.03032],[73.63409,32.03033],[73.63412,32.0309],[73.63342,32.03095],[73.63334,32.02979],[73.63372,32.02977]]]]}},{"type":"Feature","properties":{"lu":"Natural Growth Boundary","ct":"Proposed","a":34.838},"geometry":{"type":"MultiPolygon","coordinates":[[[[73.61761,32.11859],[73.61762,32.11879],[73.61768,32.11881],[73.61887,32.11825],[73.61894,32.11832],[73.61954,32.11803],[73.61951,32.11797],[73.62053,32.11738],[73.6206,32.11748],[73.62043,32.11762],[73.62065,32.11802],[73.6205,32.1181],[73.62101,32.11878],[73.62162,32.11855],[73.6214,32.1182],[73.62156,32.11812],[73.6217,32.11806],[73.62194,32.11836],[73.62224,32.11825],[73.62239,32.11843],[73.62136,32.11911],[73.62135,32.11921],[73.62205,32.12015],[73.62105,32.12071],[73.62116,32.12096],[73.62086,32.1211],[73.62108,32.12138],[73.62363,32.11999],[73.62092,32.11645],[73.6174,32.11832],[73.61761,32.11859]]],[[[73.61792,32.12195],[73.61819,32.12181],[73.61712,32.12012],[73.61704,32.11981],[73.61743,32.11891],[73.61743,32.11866],[73.61724,32.11841],[73.61543,32.11936],[73.61792,32.12271],[73.61815,32.12226],[73.61792,32.12195]]],[[[73.62057,32.121],[73.62028,32.12115],[73.62039,32.12134],[73.6201,32.1215],[73.61996,32.12133],[73.61965,32.12148],[73.61977,32.12168],[73.61959,32.12177],[73.61962,32.12183],[73.61952,32.12187],[73.61936,32.12164],[73.61905,32.12179],[73.6192,32.12201],[73.61891,32.12212],[73.61885,32.12201],[73.61871,32.12208],[73.61888,32.1223],[73.61873,32.12237],[73.6186,32.12218],[73.61843,32.12229],[73.61838,32.12222],[73.61804,32.12288],[73.61811,32.12297],[73.62087,32.1215],[73.62057,32.121]]]]}},{"type":"Feature","properties":{"lu":"Vacant Area","ct":"Existing","a":0.467},"geometry":{"type":"MultiPolygon","coordinates":[[[[73.67924,32.04934],[73.67918,32.04922],[73.67881,32.04925],[73.67875,32.049],[73.67842,32.04902],[73.67846,32.04939],[73.67924,32.04934]]]]}},{"type":"Feature","properties":{"lu":"Vacant Area","ct":"Existing","a":0.572},"geometry":{"type":"MultiPolygon","coordinates":[[[[73.67834,32.04868],[73.67803,32.04872],[73.67811,32.04942],[73.67842,32.0494],[73.67834,32.04868]]]]}},{"type":"Feature","properties":{"lu":"Vacant Area","ct":"Existing","a":0.823},"geometry":{"type":"MultiPolygon","coordinates":[[[[73.68014,32.04956],[73.68004,32.0492],[73.68045,32.04904],[73.68044,32.04897],[73.67951,32.04911],[73.67968,32.04963],[73.68014,32.04956]]]]}},{"type":"Feature","properties":{"lu":"Vacant Area","ct":"Existing","a":0.493},"geometry":{"type":"MultiPolygon","coordinates":[[[[73.67848,32.05001],[73.67842,32.04943],[73.67811,32.04946],[73.67816,32.05004],[73.67848,32.05001]]]]}},{"type":"Feature","properties":{"lu":"Vacant Area","ct":"Existing","a":0.662},"geometry":{"type":"MultiPolygon","coordinates":[[[[73.6785,32.05016],[73.67847,32.05006],[73.67756,32.05011],[73.67757,32.05037],[73.6785,32.05032],[73.6785,32.05016]]]]}},{"type":"Feature","properties":{"lu":"Vacant Area","ct":"Existing","a":2.3},"geometry":{"type":"MultiPolygon","coordinates":[[[[73.67859,32.05069],[73.67857,32.05037],[73.67745,32.05042],[73.67745,32.05036],[73.67754,32.05036],[73.67754,32.05011],[73.67742,32.05008],[73.67812,32.05005],[73.67807,32.04946],[73.6772,32.04952],[73.67735,32.05069],[73.6785,32.05063],[73.67854,32.05049],[73.67859,32.05069]]]]}},{"type":"Feature","properties":{"lu":"Vacant Area","ct":"Existing","a":0.701},"geometry":{"type":"MultiPolygon","coordinates":[[[[73.67854,32.05093],[73.67851,32.05067],[73.67754,32.05071],[73.67756,32.051],[73.67854,32.05093]]]]}},{"type":"Feature","properties":{"lu":"Vacant Area","ct":"Existing","a":0.107},"geometry":{"type":"MultiPolygon","coordinates":[[[[73.67735,32.05072],[73.67734,32.05101],[73.67751,32.051],[73.67749,32.05071],[73.67735,32.05072]]]]}},{"type":"Feature","properties":{"lu":"Vacant Area","ct":"Existing","a":0.675},"geometry":{"type":"MultiPolygon","coordinates":[[[[73.67966,32.05115],[73.67958,32.05071],[73.67927,32.05074],[73.6793,32.05104],[73.67923,32.05074],[73.67893,32.05078],[73.67896,32.05116],[73.67966,32.05115]]]]}},{"type":"Feature","properties":{"lu":"Vacant Area","ct":"Existing","a":1.576},"geometry":{"type":"MultiPolygon","coordinates":[[[[73.68007,32.05143],[73.68003,32.05124],[73.67979,32.05127],[73.67976,32.05115],[73.67762,32.05127],[73.67764,32.05155],[73.6788,32.05149],[73.67893,32.05137],[73.67953,32.05135],[73.67956,32.05147],[73.68007,32.05143]]]]}},{"type":"Feature","properties":{"lu":"Vacant Area","ct":"Existing","a":0.348},"geometry":{"type":"MultiPolygon","coordinates":[[[[73.66903,32.05118],[73.66871,32.0512],[73.66873,32.0516],[73.66907,32.05159],[73.66903,32.05118]]]]}},{"type":"Feature","properties":{"lu":"Vacant Area","ct":"Existing","a":1.524},"geometry":{"type":"MultiPolygon","coordinates":[[[[73.68,32.05183],[73.67998,32.05162],[73.68011,32.05159],[73.6801,32.05145],[73.67954,32.05153],[73.67946,32.05139],[73.67894,32.05142],[73.67887,32.05151],[73.67855,32.05154],[73.67857,32.0519],[73.68,32.05183]]]]}},{"type":"Feature","properties":{"lu":"Vacant Area","ct":"Existing","a":1.092},"geometry":{"type":"MultiPolygon","coordinates":[[[[73.68015,32.05236],[73.68011,32.05184],[73.6789,32.05193],[73.67892,32.05224],[73.67981,32.05214],[73.67984,32.05238],[73.68015,32.05236]]]]}},{"type":"Feature","properties":{"lu":"Vacant Area","ct":"Existing","a":0.458},"geometry":{"type":"MultiPolygon","coordinates":[[[[73.67094,32.0525],[73.67058,32.05248],[73.67062,32.05297],[73.67097,32.05296],[73.67094,32.0525]]]]}},{"type":"Feature","properties":{"lu":"Vacant Area","ct":"Existing","a":0.523},"geometry":{"type":"MultiPolygon","coordinates":[[[[73.67053,32.05239],[73.6702,32.05239],[73.67026,32.05299],[73.67059,32.05298],[73.67053,32.05239]]]]}},{"type":"Feature","properties":{"lu":"Vacant Area","ct":"Existing","a":0.537},"geometry":{"type":"MultiPolygon","coordinates":[[[[73.67019,32.05255],[73.67017,32.05239],[73.66984,32.05241],[73.66988,32.05302],[73.67023,32.053],[73.67019,32.05255]]]]}},{"type":"Feature","properties":{"lu":"Vacant Area","ct":"Existing","a":1.847},"geometry":{"type":"MultiPolygon","coordinates":[[[[73.67978,32.05221],[73.67892,32.05227],[73.67896,32.05318],[73.67913,32.05317],[73.67912,32.05302],[73.67984,32.05298],[73.67978,32.05221]]]]}},{"type":"Feature","properties":{"lu":"Vacant Area","ct":"Existing","a":0.454},"geometry":{"type":"MultiPolygon","coordinates":[[[[73.67983,32.05312],[73.67984,32.05301],[73.67918,32.05305],[73.67918,32.05331],[73.67984,32.05328],[73.67983,32.05312]]]]}},{"type":"Feature","properties":{"lu":"Vacant Area","ct":"Existing","a":0.496},"geometry":{"type":"MultiPolygon","coordinates":[[[[73.67157,32.05311],[73.67156,32.05297],[73.67133,32.05299],[73.67135,32.05374],[73.67162,32.05373],[73.67157,32.05311]]]]}},{"type":"Feature","properties":{"lu":"Vacant Area","ct":"Existing","a":0.5},"geometry":{"type":"MultiPolygon","coordinates":[[[[73.67132,32.05374],[73.67126,32.05299],[73.67101,32.05301],[73.67106,32.05376],[73.67132,32.05374]]]]}},{"type":"Feature","properties":{"lu":"Vacant Area","ct":"Existing","a":0.678},"geometry":{"type":"MultiPolygon","coordinates":[[[[73.671,32.05337],[73.67097,32.05301],[73.67063,32.05302],[73.67069,32.05378],[73.67103,32.05376],[73.671,32.05337]]]]}},{"type":"Feature","properties":{"lu":"Vacant Area","ct":"Existing","a":0.661},"geometry":{"type":"MultiPolygon","coordinates":[[[[73.6706,32.05312],[73.67059,32.05303],[73.67026,32.05304],[73.67032,32.0538],[73.67066,32.05378],[73.6706,32.05312]]]]}},{"type":"Feature","properties":{"lu":"Vacant Area","ct":"Existing","a":0.678},"geometry":{"type":"MultiPolygon","coordinates":[[[[73.67028,32.05381],[73.67023,32.05304],[73.66989,32.05305],[73.66995,32.05383],[73.67028,32.05381]]]]}},{"type":"Feature","properties":{"lu":"Vacant Area","ct":"Existing","a":0.521},"geometry":{"type":"MultiPolygon","coordinates":[[[[73.66991,32.05383],[73.66985,32.05305],[73.66957,32.05306],[73.66967,32.05384],[73.66991,32.05383]]]]}},{"type":"Feature","properties":{"lu":"Vacant Area","ct":"Existing","a":0.629},"geometry":{"type":"MultiPolygon","coordinates":[[[[73.66964,32.05384],[73.66954,32.05307],[73.66923,32.05309],[73.66932,32.05385],[73.66964,32.05384]]]]}},{"type":"Feature","properties":{"lu":"Vacant Area","ct":"Existing","a":0.616},"geometry":{"type":"MultiPolygon","coordinates":[[[[73.66928,32.05385],[73.66919,32.05309],[73.66888,32.05311],[73.66897,32.05388],[73.66928,32.05385]]]]}},{"type":"Feature","properties":{"lu":"Vacant Area","ct":"Existing","a":0.667},"geometry":{"type":"MultiPolygon","coordinates":[[[[73.66888,32.05344],[73.66883,32.05312],[73.66851,32.05314],[73.6686,32.05391],[73.66894,32.05388],[73.66888,32.05344]]]]}},{"type":"Feature","properties":{"lu":"Vacant Area","ct":"Existing","a":0.632},"geometry":{"type":"MultiPolygon","coordinates":[[[[73.66779,32.05337],[73.66777,32.05319],[73.66745,32.05321],[73.66753,32.05398],[73.66783,32.05395],[73.66779,32.05337]]]]}},{"type":"Feature","properties":{"lu":"Vacant Area","ct":"Existing","a":1.536},"geometry":{"type":"MultiPolygon","coordinates":[[[[73.67988,32.05401],[73.67984,32.05331],[73.67915,32.05334],[73.67913,32.05321],[73.67896,32.05322],[73.67899,32.05393],[73.67988,32.05401]]]]}},{"type":"Feature","properties":{"lu":"Vacant Area","ct":"Existing","a":0.317},"geometry":{"type":"MultiPolygon","coordinates":[[[[73.68023,32.05402],[73.68021,32.05362],[73.6799,32.05364],[73.67991,32.05401],[73.68023,32.05402]]]]}},{"type":"Feature","properties":{"lu":"Vacant Area","ct":"Existing","a":3.798},"geometry":{"type":"MultiPolygon","coordinates":[[[[73.68017,32.05205],[73.68027,32.05402],[73.6816,32.05409],[73.68127,32.05337],[73.68109,32.05341],[73.68054,32.05232],[73.68035,32.05235],[73.68032,32.05203],[73.68017,32.05205]]]]}},{"type":"Feature","properties":{"lu":"Vacant Area","ct":"Existing","a":0.886},"geometry":{"type":"MultiPolygon","coordinates":[[[[73.66905,32.05428],[73.66801,32.05438],[73.66803,32.05467],[73.66914,32.05458],[73.66905,32.05428]]]]}},{"type":"Feature","properties":{"lu":"Vacant Area","ct":"Existing","a":1.163},"geometry":{"type":"MultiPolygon","coordinates":[[[[73.67912,32.05434],[73.6791,32.05399],[73.67806,32.05393],[73.67808,32.05429],[73.67837,32.05428],[73.67838,32.0545],[73.67912,32.05434]]]]}},{"type":"Feature","properties":{"lu":"Vacant Area","ct":"Existing","a":0.53},"geometry":{"type":"MultiPolygon","coordinates":[[[[73.68793,32.05467],[73.6874,32.0547],[73.68731,32.05505],[73.68798,32.05501],[73.68793,32.05467]]]]}},{"type":"Feature","properties":{"lu":"Vacant Area","ct":"Existing","a":0.905},"geometry":{"type":"MultiPolygon","coordinates":[[[[73.66921,32.05528],[73.66918,32.05497],[73.66806,32.05504],[73.66808,32.05535],[73.66921,32.05528]]]]}},{"type":"Feature","properties":{"lu":"Vacant Area","ct":"Existing","a":1.163},"geometry":{"type":"MultiPolygon","coordinates":[[[[73.66796,32.05448],[73.66795,32.05439],[73.66749,32.05441],[73.66758,32.05539],[73.66802,32.05537],[73.66796,32.05448]]]]}},{"type":"Feature","properties":{"lu":"Vacant Area","ct":"Existing","a":1.016},"geometry":{"type":"MultiPolygon","coordinates":[[[[73.68145,32.05535],[73.68142,32.05498],[73.68038,32.05502],[73.68043,32.05541],[73.68145,32.05535]]]]}},{"type":"Feature","properties":{"lu":"Vacant Area","ct":"Existing","a":0.952},"geometry":{"type":"MultiPolygon","coordinates":[[[[73.6675,32.05498],[73.66746,32.05441],[73.6671,32.05443],[73.66717,32.05542],[73.66754,32.0554],[73.6675,32.05498]]]]}},{"type":"Feature","properties":{"lu":"Vacant Area","ct":"Existing","a":0.898},"geometry":{"type":"MultiPolygon","coordinates":[[[[73.66922,32.05539],[73.66922,32.05532],[73.66808,32.05538],[73.66811,32.05569],[73.66925,32.05561],[73.66922,32.05539]]]]}},{"type":"Feature","properties":{"lu":"Vacant Area","ct":"Existing","a":0.615},"geometry":{"type":"MultiPolygon","coordinates":[[[[73.6813,32.05567],[73.68128,32.05539],[73.68048,32.05543],[73.68045,32.05549],[73.68046,32.05572],[73.6813,32.05567]]]]}},{"type":"Feature","properties":{"lu":"Vacant Area","ct":"Existing","a":0.718},"geometry":{"type":"MultiPolygon","coordinates":[[[[73.68148,32.05598],[73.68145,32.05569],[73.68049,32.05575],[73.6805,32.05602],[73.68148,32.05598]]]]}},{"type":"Feature","properties":{"lu":"Vacant Area","ct":"Existing","a":0.753},"geometry":{"type":"MultiPolygon","coordinates":[[[[73.68779,32.05584],[73.68776,32.05562],[73.68726,32.05565],[73.68733,32.05623],[73.68782,32.0562],[73.68779,32.05584]]]]}},{"type":"Feature","properties":{"lu":"Vacant Area","ct":"Existing","a":0.474},"geometry":{"type":"MultiPolygon","coordinates":[[[[73.6775,32.05574],[73.67688,32.05608],[73.67688,32.05622],[73.67755,32.05617],[73.6775,32.05574]]]]}},{"type":"Feature","properties":{"lu":"Vacant Area","ct":"Existing","a":0.357},"geometry":{"type":"MultiPolygon","coordinates":[[[[73.6809,32.05638],[73.68088,32.05604],[73.68049,32.05604],[73.68052,32.05641],[73.6809,32.05638]]]]}},{"type":"Feature","properties":{"lu":"Vacant Area","ct":"Existing","a":0.41},"geometry":{"type":"MultiPolygon","coordinates":[[[[73.68354,32.05633],[73.68353,32.0562],[73.68302,32.05625],[73.68312,32.05657],[73.68357,32.05653],[73.68354,32.05633]]]]}},{"type":"Feature","properties":{"lu":"Vacant Area","ct":"Existing","a":1.12},"geometry":{"type":"MultiPolygon","coordinates":[[[[73.66803,32.05554],[73.66802,32.0554],[73.66758,32.05544],[73.66769,32.05662],[73.66798,32.05633],[73.66796,32.05617],[73.66807,32.05605],[73.66803,32.05554]]]]}},{"type":"Feature","properties":{"lu":"Vacant Area","ct":"Existing","a":1.115},"geometry":{"type":"MultiPolygon","coordinates":[[[[73.67702,32.05667],[73.67759,32.05664],[73.67755,32.05621],[73.67655,32.05629],[73.67658,32.05672],[73.67702,32.05667]]]]}},{"type":"Feature","properties":{"lu":"Vacant Area","ct":"Existing","a":0.522},"geometry":{"type":"MultiPolygon","coordinates":[[[[73.6877,32.05643],[73.68767,32.05623],[73.68733,32.05627],[73.6874,32.05684],[73.68775,32.05681],[73.6877,32.05643]]]]}},{"type":"Feature","properties":{"lu":"Vacant Area","ct":"Existing","a":0.77},"geometry":{"type":"MultiPolygon","coordinates":[[[[73.66857,32.05623],[73.66844,32.05605],[73.6682,32.05609],[73.66828,32.05621],[73.66823,32.05635],[73.66868,32.05693],[73.66898,32.05678],[73.66857,32.05623]]]]}},{"type":"Feature","properties":{"lu":"Vacant Area","ct":"Existing","a":0.457},"geometry":{"type":"MultiPolygon","coordinates":[[[[73.66642,32.05667],[73.66641,32.05658],[73.66572,32.05663],[73.66645,32.05709],[73.66642,32.05667]]]]}},{"type":"Feature","properties":{"lu":"Vacant Area","ct":"Existing","a":0.621},"geometry":{"type":"MultiPolygon","coordinates":[[[[73.66792,32.0566],[73.66786,32.05653],[73.6676,32.05679],[73.66799,32.05728],[73.66831,32.05712],[73.66792,32.0566]]]]}},{"type":"Feature","properties":{"lu":"Vacant Area","ct":"Existing","a":1.685},"geometry":{"type":"MultiPolygon","coordinates":[[[[73.66717,32.056],[73.66712,32.05545],[73.66676,32.05549],[73.6669,32.05728],[73.66697,32.05733],[73.66726,32.05705],[73.66717,32.056]]]]}},{"type":"Feature","properties":{"lu":"Vacant Area","ct":"Existing","a":0.727},"geometry":{"type":"MultiPolygon","coordinates":[[[[73.68246,32.05694],[73.68247,32.05707],[73.68212,32.0571],[73.68213,32.05733],[73.68307,32.05727],[73.68297,32.05692],[73.68246,32.05694]]]]}},{"type":"Feature","properties":{"lu":"Vacant Area","ct":"Existing","a":1.043},"geometry":{"type":"MultiPolygon","coordinates":[[[[73.6669,32.0575],[73.66717,32.05766],[73.66794,32.0573],[73.66757,32.05682],[73.6669,32.0575]]]]}},{"type":"Feature","properties":{"lu":"Vacant Area","ct":"Existing","a":5.952},"geometry":{"type":"MultiPolygon","coordinates":[[[[73.6703,32.05741],[73.67025,32.05707],[73.67002,32.05708],[73.66996,32.05695],[73.67044,32.05672],[73.67026,32.05647],[73.66984,32.05667],[73.66982,32.05662],[73.67022,32.05642],[73.67011,32.05626],[73.66924,32.0567],[73.66941,32.05697],[73.66871,32.05733],[73.66854,32.05707],[73.66761,32.05753],[73.66815,32.05826],[73.6703,32.05741]]]]}},{"type":"Feature","properties":{"lu":"Vacant Area","ct":"Existing","a":4.138},"geometry":{"type":"MultiPolygon","coordinates":[[[[73.68042,32.05556],[73.68038,32.0552],[73.68016,32.0552],[73.6802,32.05564],[73.68042,32.05563],[73.68042,32.05556]]],[[[73.68155,32.05751],[73.68154,32.05736],[73.68139,32.05737],[73.68062,32.05743],[73.6806,32.05756],[73.68043,32.0557],[73.68021,32.05571],[73.68037,32.05766],[73.68059,32.05842],[73.68067,32.05848],[73.68109,32.05841],[73.68084,32.05757],[73.68093,32.05754],[73.68113,32.0584],[73.6815,32.05834],[73.6813,32.05752],[73.68136,32.05752],[73.68155,32.05833],[73.68174,32.05829],[73.68163,32.0575],[73.68155,32.05751]]]]}},{"type":"Feature","properties":{"lu":"Vacant Area","ct":"Existing","a":3.542},"geometry":{"type":"MultiPolygon","coordinates":[[[[73.68004,32.05545],[73.67979,32.05547],[73.67979,32.05528],[73.67958,32.05525],[73.67979,32.05754],[73.68005,32.05859],[73.68046,32.05848],[73.68027,32.05777],[73.68004,32.05545]]]]}},{"type":"Feature","properties":{"lu":"Vacant Area","ct":"Existing","a":0.207},"geometry":{"type":"MultiPolygon","coordinates":[[[[73.68,32.05853],[73.67996,32.0584],[73.67954,32.05848],[73.67959,32.05866],[73.68001,32.05859],[73.68,32.05853]]]]}},{"type":"Feature","properties":{"lu":"Vacant Area","ct":"Existing","a":0.46},"geometry":{"type":"MultiPolygon","coordinates":[[[[73.68117,32.05876],[73.68112,32.05851],[73.68063,32.05859],[73.68071,32.05895],[73.68119,32.05885],[73.68117,32.05876]]]]}},{"type":"Feature","properties":{"lu":"Vacant Area","ct":"Existing","a":0.644},"geometry":{"type":"MultiPolygon","coordinates":[[[[73.68069,32.05911],[73.68056,32.05861],[73.6801,32.05869],[73.68025,32.05921],[73.68069,32.05911]]]]}},{"type":"Feature","properties":{"lu":"Vacant Area","ct":"Existing","a":4.39},"geometry":{"type":"MultiPolygon","coordinates":[[[[73.68217,32.05956],[73.68211,32.05945],[73.68205,32.05948],[73.68176,32.0584],[73.68158,32.05843],[73.68185,32.05958],[73.6818,32.0596],[73.68153,32.05844],[73.68117,32.0585],[73.68145,32.05969],[73.68121,32.05891],[73.68074,32.05899],[73.68096,32.05987],[73.68091,32.05989],[73.68071,32.05917],[73.68026,32.05927],[73.68048,32.06023],[73.68217,32.05956]]]]}},{"type":"Feature","properties":{"lu":"Vacant Area","ct":"Existing","a":4.367},"geometry":{"type":"MultiPolygon","coordinates":[[[[73.66544,32.05874],[73.66538,32.05865],[73.66434,32.05917],[73.66482,32.06034],[73.66571,32.06034],[73.66575,32.05926],[73.66544,32.05874]]]]}},{"type":"Feature","properties":{"lu":"Vacant Area","ct":"Existing","a":0.171},"geometry":{"type":"MultiPolygon","coordinates":[[[[73.6804,32.0603],[73.68032,32.05999],[73.68008,32.06004],[73.68028,32.06036],[73.6804,32.0603]]]]}},{"type":"Feature","properties":{"lu":"Vacant Area","ct":"Existing","a":15.178},"geometry":{"type":"MultiPolygon","coordinates":[[[[73.6869,32.0605],[73.68681,32.05992],[73.68663,32.05992],[73.68663,32.05958],[73.68642,32.05952],[73.68642,32.05943],[73.68655,32.05942],[73.68652,32.0592],[73.68639,32.05921],[73.68637,32.05878],[73.68613,32.05881],[73.68614,32.05867],[73.68623,32.05859],[73.68653,32.05859],[73.68648,32.05816],[73.68695,32.05815],[73.68702,32.05809],[73.68695,32.05756],[73.68677,32.05757],[73.68675,32.05772],[73.68667,32.05696],[73.68595,32.05703],[73.686,32.05742],[73.68579,32.05743],[73.68573,32.05705],[73.68524,32.05709],[73.68531,32.05764],[73.68487,32.0577],[73.68484,32.05758],[73.68444,32.05758],[73.68437,32.05716],[73.68383,32.05718],[73.68394,32.05779],[73.68373,32.05786],[73.68396,32.05849],[73.68411,32.05845],[73.68423,32.05868],[73.68433,32.05865],[73.68424,32.05843],[73.68459,32.05833],[73.68478,32.05896],[73.68499,32.05899],[73.68502,32.0591],[73.68521,32.05905],[73.68527,32.05917],[73.68537,32.05952],[73.68511,32.05953],[73.68518,32.05969],[73.6854,32.05957],[73.68545,32.05975],[73.68531,32.05979],[73.68535,32.05991],[73.68586,32.05978],[73.68589,32.05985],[73.68574,32.0599],[73.68588,32.06026],[73.68608,32.06022],[73.68615,32.06037],[73.68625,32.06037],[73.68625,32.06019],[73.68642,32.0602],[73.6865,32.06037],[73.6866,32.06037],[73.6866,32.06024],[73.68671,32.06024],[73.68674,32.06051],[73.6869,32.0605]]]]}},{"type":"Feature","properties":{"lu":"Vacant Area","ct":"Existing","a":2.224},"geometry":{"type":"MultiPolygon","coordinates":[[[[73.66254,32.06024],[73.66296,32.06005],[73.66232,32.06039],[73.66243,32.06056],[73.66307,32.06031],[73.66306,32.06021],[73.6636,32.06003],[73.66339,32.05966],[73.66312,32.0596],[73.66222,32.06009],[73.6619,32.0601],[73.66193,32.06041],[73.66211,32.06069],[73.6624,32.06057],[73.66228,32.06037],[73.66254,32.06024]]]]}},{"type":"Feature","properties":{"lu":"Vacant Area","ct":"Existing","a":0.692},"geometry":{"type":"MultiPolygon","coordinates":[[[[73.66188,32.0604],[73.66184,32.06011],[73.66151,32.06013],[73.66164,32.06086],[73.66208,32.0607],[73.66188,32.0604]]]]}},{"type":"Feature","properties":{"lu":"Vacant Area","ct":"Existing","a":1.739},"geometry":{"type":"MultiPolygon","coordinates":[[[[73.66098,32.06069],[73.66095,32.06016],[73.66,32.06022],[73.66005,32.06093],[73.66101,32.06086],[73.66098,32.06069]]]]}},{"type":"Feature","properties":{"lu":"Vacant Area","ct":"Existing","a":3.378},"geometry":{"type":"MultiPolygon","coordinates":[[[[73.66411,32.06025],[73.66476,32.06066],[73.66473,32.06028],[73.66427,32.05921],[73.66343,32.05964],[73.66412,32.06095],[73.6646,32.06081],[73.66473,32.06068],[73.66411,32.06025]]]]}},{"type":"Feature","properties":{"lu":"Vacant Area","ct":"Existing","a":0.663},"geometry":{"type":"MultiPolygon","coordinates":[[[[73.66599,32.06072],[73.66484,32.06073],[73.66541,32.06114],[73.66599,32.06072]]]]}},{"type":"Feature","properties":{"lu":"Vacant Area","ct":"Existing","a":0.659},"geometry":{"type":"MultiPolygon","coordinates":[[[[73.66103,32.06096],[73.66006,32.06098],[73.66008,32.06123],[73.66096,32.06119],[73.66106,32.06114],[73.66103,32.06096]]]]}},{"type":"Feature","properties":{"lu":"Vacant Area","ct":"Existing","a":0.131},"geometry":{"type":"MultiPolygon","coordinates":[[[[73.7021,32.0619],[73.70208,32.06175],[73.70178,32.06179],[73.70203,32.06202],[73.70212,32.06201],[73.7021,32.0619]]]]}},{"type":"Feature","properties":{"lu":"Vacant Area","ct":"Existing","a":0.497},"geometry":{"type":"MultiPolygon","coordinates":[[[[73.65988,32.06216],[73.65983,32.06159],[73.65949,32.06161],[73.65954,32.06218],[73.65988,32.06216]]]]}},{"type":"Feature","properties":{"lu":"Vacant Area","ct":"Existing","a":0.509},"geometry":{"type":"MultiPolygon","coordinates":[[[[73.6595,32.06219],[73.65945,32.06162],[73.65911,32.06164],[73.65915,32.06221],[73.6595,32.06219]]]]}},{"type":"Feature","properties":{"lu":"Vacant Area","ct":"Existing","a":7.079},"geometry":{"type":"MultiPolygon","coordinates":[[[[73.65789,32.0609],[73.65811,32.06107],[73.65815,32.06166],[73.65827,32.06166],[73.65829,32.0618],[73.65856,32.06179],[73.65859,32.06209],[73.65873,32.06208],[73.65874,32.06193],[73.65892,32.06192],[73.65893,32.06207],[73.65901,32.06206],[73.65903,32.06222],[73.65911,32.06221],[73.65906,32.06164],[73.65888,32.06161],[73.65968,32.06157],[73.65963,32.06082],[73.6597,32.06157],[73.66005,32.06155],[73.65994,32.06023],[73.65845,32.06033],[73.65789,32.0609]]]]}},{"type":"Feature","properties":{"lu":"Vacant Area","ct":"Existing","a":3.957},"geometry":{"type":"MultiPolygon","coordinates":[[[[73.70331,32.06175],[73.70218,32.06096],[73.7015,32.061],[73.70149,32.06111],[73.70132,32.06113],[73.70147,32.06165],[73.70176,32.06177],[73.70213,32.06172],[73.70221,32.06219],[73.70275,32.06237],[73.70298,32.06224],[73.70331,32.06175]]]]}},{"type":"Feature","properties":{"lu":"Vacant Area","ct":"Existing","a":1.15},"geometry":{"type":"MultiPolygon","coordinates":[[[[73.65822,32.06232],[73.65844,32.06259],[73.65983,32.06249],[73.65981,32.0622],[73.65822,32.06232]]]]}},{"type":"Feature","properties":{"lu":"Vacant Area","ct":"Existing","a":0.347},"geometry":{"type":"MultiPolygon","coordinates":[[[[73.70337,32.06171],[73.70319,32.06204],[73.70287,32.06237],[73.70307,32.06236],[73.70306,32.06217],[73.70363,32.0621],[73.70337,32.06171]]]]}},{"type":"Feature","properties":{"lu":"Vacant Area","ct":"Existing","a":0.058},"geometry":{"type":"MultiPolygon","coordinates":[[[[73.70231,32.06236],[73.70267,32.06237],[73.70224,32.06224],[73.70231,32.06236]]]]}},{"type":"Feature","properties":{"lu":"Vacant Area","ct":"Existing","a":8.429},"geometry":{"type":"MultiPolygon","coordinates":[[[[73.66307,32.06071],[73.66312,32.06083],[73.66204,32.06124],[73.66243,32.06205],[73.66375,32.06157],[73.66394,32.06201],[73.6636,32.06215],[73.66374,32.0624],[73.66425,32.06221],[73.66441,32.06251],[73.66469,32.06239],[73.66454,32.062],[73.66473,32.06237],[73.66533,32.06214],[73.66508,32.06164],[73.66463,32.0618],[73.66506,32.06161],[73.66479,32.0611],[73.66458,32.06115],[73.66446,32.06092],[73.66414,32.06098],[73.66433,32.06137],[73.66418,32.06127],[73.66367,32.06147],[73.66365,32.06142],[73.66419,32.06122],[73.66405,32.06097],[73.66352,32.06118],[73.66351,32.06112],[73.66403,32.06093],[73.6639,32.06069],[73.66336,32.06087],[73.66333,32.06083],[73.66388,32.06064],[73.66374,32.0604],[73.66307,32.06071]]]]}},{"type":"Feature","properties":{"lu":"Vacant Area","ct":"Existing","a":0.946},"geometry":{"type":"MultiPolygon","coordinates":[[[[73.65986,32.06282],[73.65984,32.06252],[73.6586,32.06261],[73.65853,32.06267],[73.65876,32.06289],[73.65986,32.06282]]]]}},{"type":"Feature","properties":{"lu":"Vacant Area","ct":"Existing","a":3.078},"geometry":{"type":"MultiPolygon","coordinates":[[[[73.66588,32.06252],[73.66576,32.06236],[73.66606,32.06224],[73.6662,32.06243],[73.66644,32.06226],[73.66594,32.06166],[73.66478,32.06072],[73.66452,32.0609],[73.66462,32.0611],[73.66482,32.06103],[73.6656,32.06257],[73.66573,32.06252],[73.66581,32.06267],[73.66594,32.0626],[73.66588,32.06252]]]]}},{"type":"Feature","properties":{"lu":"Vacant Area","ct":"Existing","a":0.181},"geometry":{"type":"MultiPolygon","coordinates":[[[[73.70045,32.06276],[73.70043,32.06251],[73.70011,32.06254],[73.70013,32.06274],[73.70045,32.06276]]]]}},{"type":"Feature","properties":{"lu":"Vacant Area","ct":"Existing","a":0.318},"geometry":{"type":"MultiPolygon","coordinates":[[[[73.67037,32.0632],[73.67023,32.06316],[73.67013,32.06346],[73.67053,32.06355],[73.67061,32.06326],[73.67037,32.0632]]]]}},{"type":"Feature","properties":{"lu":"Vacant Area","ct":"Existing","a":0.415},"geometry":{"type":"MultiPolygon","coordinates":[[[[73.66143,32.06353],[73.66133,32.06332],[73.66108,32.06341],[73.66133,32.06393],[73.66159,32.06384],[73.66143,32.06353]]]]}},{"type":"Feature","properties":{"lu":"Vacant Area","ct":"Existing","a":0.409},"geometry":{"type":"MultiPolygon","coordinates":[[[[73.70203,32.0638],[73.70219,32.06377],[73.70221,32.06399],[73.70238,32.06397],[73.7023,32.06338],[73.70199,32.06342],[73.70203,32.0638]]]]}},{"type":"Feature","properties":{"lu":"Vacant Area","ct":"Existing","a":0.206},"geometry":{"type":"MultiPolygon","coordinates":[[[[73.66175,32.06414],[73.66162,32.0639],[73.66136,32.06399],[73.66148,32.06425],[73.66175,32.06414]]]]}},{"type":"Feature","properties":{"lu":"Vacant Area","ct":"Existing","a":1.46},"geometry":{"type":"MultiPolygon","coordinates":[[[[73.67025,32.0643],[73.66993,32.06426],[73.66981,32.06463],[73.67114,32.06493],[73.67126,32.06455],[73.67025,32.0643]]]]}},{"type":"Feature","properties":{"lu":"Vacant Area","ct":"Existing","a":0.574},"geometry":{"type":"MultiPolygon","coordinates":[[[[73.66208,32.0648],[73.66177,32.06418],[73.6615,32.06429],[73.66183,32.06495],[73.66208,32.0648]]]]}},{"type":"Feature","properties":{"lu":"Vacant Area","ct":"Existing","a":2.418},"geometry":{"type":"MultiPolygon","coordinates":[[[[73.67174,32.06411],[73.67171,32.06403],[73.67182,32.06381],[73.67116,32.06373],[73.67095,32.06427],[73.67113,32.06372],[73.67081,32.06364],[73.67068,32.06404],[73.67084,32.06409],[73.67081,32.06417],[73.67061,32.06412],[73.67077,32.06363],[73.67013,32.06349],[73.67005,32.06388],[73.67051,32.06399],[73.67035,32.06399],[73.67026,32.06425],[73.67128,32.06449],[73.67141,32.06405],[73.67174,32.06411]]]]}},{"type":"Feature","properties":{"lu":"Vacant Area","ct":"Existing","a":0.325},"geometry":{"type":"MultiPolygon","coordinates":[[[[73.67006,32.06473],[73.6698,32.06467],[73.66965,32.06508],[73.66992,32.06518],[73.67006,32.06473]]]]}},{"type":"Feature","properties":{"lu":"Vacant Area","ct":"Existing","a":0.867},"geometry":{"type":"MultiPolygon","coordinates":[[[[73.67305,32.06545],[73.67242,32.06534],[73.67237,32.06559],[73.67359,32.06582],[73.6736,32.06556],[73.67305,32.06545]]]]}},{"type":"Feature","properties":{"lu":"Vacant Area","ct":"Existing","a":0.881},"geometry":{"type":"MultiPolygon","coordinates":[[[[73.67243,32.06563],[73.67237,32.06564],[73.67232,32.06589],[73.67353,32.0661],[73.67354,32.06585],[73.67243,32.06563]]]]}},{"type":"Feature","properties":{"lu":"Vacant Area","ct":"Existing","a":0.895},"geometry":{"type":"MultiPolygon","coordinates":[[[[73.67192,32.06527],[73.6716,32.06525],[73.67143,32.06624],[73.67173,32.0663],[73.67192,32.06527]]]]}},{"type":"Feature","properties":{"lu":"Vacant Area","ct":"Existing","a":1.112},"geometry":{"type":"MultiPolygon","coordinates":[[[[73.67235,32.06534],[73.67196,32.06528],[73.67176,32.06631],[73.67216,32.06636],[73.67235,32.06534]]]]}},{"type":"Feature","properties":{"lu":"Vacant Area","ct":"Existing","a":0.884},"geometry":{"type":"MultiPolygon","coordinates":[[[[73.70167,32.06957],[73.70161,32.06907],[73.70129,32.06911],[73.70141,32.07017],[73.70174,32.07014],[73.70167,32.06957]]]]}},{"type":"Feature","properties":{"lu":"Vacant Area","ct":"Existing","a":1.151},"geometry":{"type":"MultiPolygon","coordinates":[[[[73.71088,32.07001],[73.71069,32.06953],[73.70989,32.06978],[73.71009,32.07027],[73.71088,32.07001]]]]}},{"type":"Feature","properties":{"lu":"Vacant Area","ct":"Existing","a":0.729},"geometry":{"type":"MultiPolygon","coordinates":[[[[73.67614,32.07332],[73.67544,32.07386],[73.67574,32.07407],[73.67635,32.07348],[73.67614,32.07332]]]]}},{"type":"Feature","properties":{"lu":"Notified Area","ct":"Existing","a":0.0},"geometry":{"type":"MultiPolygon","coordinates":[[[[73.681217,32.072394],[73.681157,32.07244],[73.681159,32.072442],[73.681163,32.07244],[73.681217,32.072394]]]]}},{"type":"Feature","properties":{"lu":"Vacant Area","ct":"Existing","a":0.759},"geometry":{"type":"MultiPolygon","coordinates":[[[[73.67661,32.07367],[73.67638,32.0735],[73.67577,32.07409],[73.67612,32.07433],[73.67661,32.07367]]]]}},{"type":"Feature","properties":{"lu":"Vacant Area","ct":"Existing","a":1.889},"geometry":{"type":"MultiPolygon","coordinates":[[[[73.70802,32.07333],[73.70772,32.07329],[73.70774,32.07345],[73.70764,32.07345],[73.70762,32.07332],[73.7075,32.07333],[73.7077,32.07477],[73.7082,32.07471],[73.70802,32.07333]]]]}},{"type":"Feature","properties":{"lu":"Vacant Area","ct":"Existing","a":0.547},"geometry":{"type":"MultiPolygon","coordinates":[[[[73.67155,32.07442],[73.67146,32.0743],[73.67025,32.07485],[73.67034,32.075],[73.67155,32.07442]]]]}},{"type":"Feature","properties":{"lu":"Vacant Area","ct":"Existing","a":1.917},"geometry":{"type":"MultiPolygon","coordinates":[[[[73.68018,32.07388],[73.67993,32.07362],[73.67951,32.07387],[73.67919,32.07369],[73.6788,32.07393],[73.6789,32.07439],[73.6793,32.07433],[73.67965,32.07457],[73.68018,32.07388]]]]}},{"type":"Feature","properties":{"lu":"Vacant Area","ct":"Existing","a":1.241},"geometry":{"type":"MultiPolygon","coordinates":[[[[73.67178,32.07472],[73.67157,32.07445],[73.67036,32.07504],[73.67058,32.07535],[73.67178,32.07472]]]]}},{"type":"Feature","properties":{"lu":"Vacant Area","ct":"Existing","a":3.615},"geometry":{"type":"MultiPolygon","coordinates":[[[[73.673,32.0738],[73.67325,32.07417],[73.67231,32.07453],[73.67285,32.07549],[73.67309,32.07539],[73.67276,32.07478],[73.67296,32.07508],[73.67328,32.07499],[73.67298,32.07511],[73.67313,32.07538],[73.67408,32.075],[73.67319,32.07371],[73.673,32.0738]]]]}},{"type":"Feature","properties":{"lu":"Vacant Area","ct":"Existing","a":0.779},"geometry":{"type":"MultiPolygon","coordinates":[[[[73.68178,32.07521],[73.68124,32.07501],[73.68092,32.07539],[73.68164,32.07565],[73.68178,32.07521]]]]}},{"type":"Feature","properties":{"lu":"Vacant Area","ct":"Existing","a":0.56},"geometry":{"type":"MultiPolygon","coordinates":[[[[73.67021,32.07486],[73.6701,32.07491],[73.67032,32.07523],[73.66985,32.07545],[73.67011,32.07583],[73.67006,32.07571],[73.67055,32.07538],[73.67021,32.07486]]]]}},{"type":"Feature","properties":{"lu":"Vacant Area","ct":"Existing","a":0.635},"geometry":{"type":"MultiPolygon","coordinates":[[[[73.67012,32.07585],[73.66976,32.07607],[73.67014,32.07654],[73.6705,32.07633],[73.67012,32.07585]]]]}},{"type":"Feature","properties":{"lu":"Vacant Area","ct":"Existing","a":0.249},"geometry":{"type":"MultiPolygon","coordinates":[[[[73.66973,32.07609],[73.66959,32.07616],[73.66998,32.07663],[73.67012,32.07655],[73.66973,32.07609]]]]}},{"type":"Feature","properties":{"lu":"Vacant Area","ct":"Existing","a":0.193},"geometry":{"type":"MultiPolygon","coordinates":[[[[73.67066,32.07652],[73.67053,32.07637],[73.67022,32.07654],[73.67037,32.07671],[73.67066,32.07652]]]]}},{"type":"Feature","properties":{"lu":"Vacant Area","ct":"Existing","a":1.872},"geometry":{"type":"MultiPolygon","coordinates":[[[[73.70223,32.07558],[73.70221,32.07542],[73.70172,32.07546],[73.70181,32.0764],[73.70174,32.07642],[73.70176,32.07677],[73.7024,32.07673],[73.70223,32.07558]]]]}},{"type":"Feature","properties":{"lu":"Vacant Area","ct":"Existing","a":4.215},"geometry":{"type":"MultiPolygon","coordinates":[[[[73.70373,32.07695],[73.70363,32.07584],[73.70329,32.07588],[73.70335,32.07655],[73.70302,32.07658],[73.70288,32.07518],[73.70226,32.07524],[73.70248,32.07706],[73.70373,32.07695]]]]}},{"type":"Feature","properties":{"lu":"Vacant Area","ct":"Existing","a":0.491},"geometry":{"type":"MultiPolygon","coordinates":[[[[73.67036,32.07675],[73.67017,32.07686],[73.67038,32.07711],[73.67089,32.07679],[73.67069,32.07655],[73.67036,32.07675]]]]}},{"type":"Feature","properties":{"lu":"Vacant Area","ct":"Existing","a":2.038},"geometry":{"type":"MultiPolygon","coordinates":[[[[73.67877,32.07637],[73.67857,32.0766],[73.67838,32.07646],[73.67798,32.07697],[73.67862,32.07744],[73.6794,32.07679],[73.67877,32.07637]]]]}},{"type":"Feature","properties":{"lu":"Vacant Area","ct":"Existing","a":1.334},"geometry":{"type":"MultiPolygon","coordinates":[[[[73.6704,32.07713],[73.67055,32.07731],[73.67038,32.07742],[73.6707,32.07777],[73.67137,32.07735],[73.6709,32.07681],[73.6704,32.07713]]]]}},{"type":"Feature","properties":{"lu":"Vacant Area","ct":"Existing","a":13.786},"geometry":{"type":"MultiPolygon","coordinates":[[[[73.67198,32.07776],[73.67237,32.07752],[73.67163,32.07661],[73.67239,32.07751],[73.67265,32.07739],[73.67246,32.0771],[73.67281,32.07691],[73.67271,32.07664],[73.67258,32.07671],[73.6724,32.07648],[73.67316,32.07622],[73.67228,32.07455],[73.67112,32.07507],[73.67009,32.07574],[73.67027,32.07598],[73.67059,32.07577],[73.67079,32.07598],[73.6706,32.07581],[73.67029,32.07601],[73.67044,32.0762],[73.6706,32.0761],[73.67069,32.07622],[73.67104,32.076],[73.67056,32.07635],[73.67178,32.07777],[73.67192,32.07768],[73.67198,32.07776]]]]}},{"type":"Feature","properties":{"lu":"Vacant Area","ct":"Existing","a":0.594},"geometry":{"type":"MultiPolygon","coordinates":[[[[73.72077,32.07784],[73.72078,32.07796],[73.72117,32.07792],[73.72111,32.07743],[73.72088,32.07731],[73.72071,32.07734],[73.72077,32.07784]]]]}},{"type":"Feature","properties":{"lu":"Vacant Area","ct":"Existing","a":1.089},"geometry":{"type":"MultiPolygon","coordinates":[[[[73.6716,32.07762],[73.67143,32.07771],[73.67133,32.0776],[73.67121,32.07767],[73.67111,32.07755],[73.67073,32.07781],[73.67112,32.07828],[73.67182,32.07789],[73.6716,32.07762]]]]}},{"type":"Feature","properties":{"lu":"Vacant Area","ct":"Existing","a":0.59},"geometry":{"type":"MultiPolygon","coordinates":[[[[73.67673,32.07778],[73.67661,32.07767],[73.67616,32.07814],[73.67638,32.07832],[73.67644,32.07829],[73.67692,32.07793],[73.67673,32.07778]]]]}},{"type":"Feature","properties":{"lu":"Vacant Area","ct":"Existing","a":0.988},"geometry":{"type":"MultiPolygon","coordinates":[[[[73.67106,32.07826],[73.67035,32.07744],[73.67015,32.07761],[73.67056,32.07829],[73.6708,32.0782],[73.67058,32.07833],[73.6707,32.07852],[73.67106,32.07826]]]]}},{"type":"Feature","properties":{"lu":"Vacant Area","ct":"Existing","a":1.403},"geometry":{"type":"MultiPolygon","coordinates":[[[[73.67291,32.07833],[73.67265,32.07848],[73.6726,32.0784],[73.67237,32.07849],[73.67301,32.0794],[73.67344,32.07906],[73.67291,32.07833]]]]}},{"type":"Feature","properties":{"lu":"Vacant Area","ct":"Existing","a":0.656},"geometry":{"type":"MultiPolygon","coordinates":[[[[73.67083,32.07914],[73.67061,32.07923],[73.67068,32.07934],[73.67055,32.07942],[73.67043,32.07932],[73.67031,32.07937],[73.67063,32.07979],[73.67114,32.07944],[73.67083,32.07914]]]]}},{"type":"Feature","properties":{"lu":"Vacant Area","ct":"Existing","a":1.913},"geometry":{"type":"MultiPolygon","coordinates":[[[[73.67269,32.07903],[73.67251,32.07879],[73.67176,32.0792],[73.67232,32.07994],[73.67301,32.07945],[73.67269,32.07903]]]]}},{"type":"Feature","properties":{"lu":"Vacant Area","ct":"Existing","a":0.699},"geometry":{"type":"MultiPolygon","coordinates":[[[[73.67201,32.0796],[73.67194,32.0795],[73.67153,32.07975],[73.67196,32.08022],[73.67229,32.07997],[73.67201,32.0796]]]]}},{"type":"Feature","properties":{"lu":"Vacant Area","ct":"Existing","a":0.999},"geometry":{"type":"MultiPolygon","coordinates":[[[[73.6723,32.08017],[73.67219,32.08008],[73.67144,32.08069],[73.67172,32.08098],[73.67249,32.08033],[73.6723,32.08017]]]]}},{"type":"Feature","properties":{"lu":"Vacant Area","ct":"Existing","a":0.565},"geometry":{"type":"MultiPolygon","coordinates":[[[[73.67008,32.08124],[73.66982,32.08088],[73.66939,32.08111],[73.66963,32.08148],[73.67008,32.08124]]]]}},{"type":"Feature","properties":{"lu":"Vacant Area","ct":"Existing","a":0.861},"geometry":{"type":"MultiPolygon","coordinates":[[[[73.67191,32.08174],[73.67199,32.08168],[73.67112,32.08091],[73.67089,32.08107],[73.67142,32.08163],[73.67158,32.08173],[73.67191,32.08174]]]]}},{"type":"Feature","properties":{"lu":"Vacant Area","ct":"Existing","a":1.674},"geometry":{"type":"MultiPolygon","coordinates":[[[[73.67593,32.0814],[73.67438,32.08092],[73.67414,32.08135],[73.67569,32.08171],[73.67575,32.08149],[73.67587,32.08153],[73.67593,32.0814]]]]}},{"type":"Feature","properties":{"lu":"Vacant Area","ct":"Existing","a":1.274},"geometry":{"type":"MultiPolygon","coordinates":[[[[73.67282,32.08149],[73.67257,32.08127],[73.67232,32.08148],[73.6726,32.08174],[73.67337,32.0822],[73.67382,32.0823],[73.67388,32.08202],[73.67335,32.08188],[73.67282,32.08149]]]]}},{"type":"Feature","properties":{"lu":"Vacant Area","ct":"Existing","a":1.043},"geometry":{"type":"MultiPolygon","coordinates":[[[[73.67649,32.0823],[73.67624,32.08216],[73.67599,32.08253],[73.67687,32.08293],[73.67709,32.0826],[73.67649,32.0823]]]]}},{"type":"Feature","properties":{"lu":"Vacant Area","ct":"Existing","a":2.047},"geometry":{"type":"MultiPolygon","coordinates":[[[[73.67256,32.08172],[73.67229,32.0815],[73.67206,32.08169],[73.67361,32.08306],[73.67381,32.08233],[73.67336,32.08224],[73.67256,32.08172]]]]}},{"type":"Feature","properties":{"lu":"Vacant Area","ct":"Existing","a":1.107},"geometry":{"type":"MultiPolygon","coordinates":[[[[73.67602,32.08257],[73.67595,32.08255],[73.67574,32.08294],[73.67658,32.08335],[73.67684,32.08298],[73.67602,32.08257]]]]}},{"type":"Feature","properties":{"lu":"Vacant Area","ct":"Existing","a":1.758},"geometry":{"type":"MultiPolygon","coordinates":[[[[73.67751,32.0825],[73.67734,32.08244],[73.67721,32.0825],[73.67665,32.08338],[73.67714,32.08363],[73.67779,32.08266],[73.67751,32.0825]]]]}},{"type":"Feature","properties":{"lu":"Vacant Area","ct":"Existing","a":0.692},"geometry":{"type":"MultiPolygon","coordinates":[[[[73.68861,32.08544],[73.68761,32.08545],[73.68761,32.0857],[73.68861,32.0857],[73.68861,32.08544]]]]}},{"type":"Feature","properties":{"lu":"Vacant Area","ct":"Existing","a":0.735},"geometry":{"type":"MultiPolygon","coordinates":[[[[73.68872,32.08544],[73.68865,32.08544],[73.68864,32.08605],[73.68911,32.08605],[73.68913,32.08545],[73.68872,32.08544]]]]}},{"type":"Feature","properties":{"lu":"Vacant Area","ct":"Existing","a":0.53},"geometry":{"type":"MultiPolygon","coordinates":[[[[73.68942,32.08545],[73.68917,32.08545],[73.68915,32.08605],[73.68949,32.08605],[73.6895,32.08545],[73.68942,32.08545]]]]}},{"type":"Feature","properties":{"lu":"Vacant Area","ct":"Existing","a":0.681},"geometry":{"type":"MultiPolygon","coordinates":[[[[73.69006,32.08545],[73.68992,32.08545],[73.68992,32.08605],[73.69064,32.08607],[73.69064,32.08591],[73.69026,32.0859],[73.69026,32.08545],[73.69006,32.08545]]]]}},{"type":"Feature","properties":{"lu":"Vacant Area","ct":"Existing","a":3.669},"geometry":{"type":"MultiPolygon","coordinates":[[[[73.68877,32.08608],[73.68864,32.08608],[73.68864,32.08725],[73.68984,32.08725],[73.68988,32.08609],[73.68877,32.08608]]]]}},{"type":"Feature","properties":{"lu":"Vacant Area","ct":"Existing","a":1.083},"geometry":{"type":"MultiPolygon","coordinates":[[[[73.68023,32.08832],[73.68032,32.08811],[73.68011,32.08812],[73.6797,32.08872],[73.68032,32.08898],[73.68058,32.08844],[73.68023,32.08832]]]]}},{"type":"Feature","properties":{"lu":"Vacant Area","ct":"Existing","a":0.827},"geometry":{"type":"MultiPolygon","coordinates":[[[[73.69058,32.08875],[73.68987,32.08874],[73.68987,32.08919],[73.69058,32.08921],[73.69058,32.08875]]]]}},{"type":"Feature","properties":{"lu":"Vacant Area","ct":"Existing","a":0.614},"geometry":{"type":"MultiPolygon","coordinates":[[[[73.67968,32.08877],[73.6793,32.08943],[73.6796,32.08954],[73.67998,32.08888],[73.67968,32.08877]]]]}},{"type":"Feature","properties":{"lu":"Vacant Area","ct":"Existing","a":0.565},"geometry":{"type":"MultiPolygon","coordinates":[[[[73.68078,32.0892],[73.68065,32.08915],[73.68042,32.08956],[73.68084,32.08976],[73.68101,32.08946],[73.68094,32.08926],[73.68078,32.0892]]]]}},{"type":"Feature","properties":{"lu":"Vacant Area","ct":"Existing","a":0.689},"geometry":{"type":"MultiPolygon","coordinates":[[[[73.6812,32.0899],[73.68112,32.08989],[73.68078,32.09052],[73.6811,32.09065],[73.68148,32.08999],[73.6812,32.0899]]]]}},{"type":"Feature","properties":{"lu":"Vacant Area","ct":"Existing","a":4.823},"geometry":{"type":"MultiPolygon","coordinates":[[[[73.68385,32.08985],[73.68338,32.08986],[73.68195,32.08927],[73.68152,32.08998],[73.68192,32.09013],[73.68216,32.08973],[73.68221,32.08976],[73.68196,32.09015],[73.68292,32.09054],[73.6831,32.09022],[73.68296,32.09055],[73.68385,32.0909],[73.68385,32.08985]]]]}},{"type":"Feature","properties":{"lu":"Vacant Area","ct":"Existing","a":5.523},"geometry":{"type":"MultiPolygon","coordinates":[[[[73.69003,32.09007],[73.69089,32.09007],[73.69092,32.08967],[73.69076,32.08964],[73.69144,32.08964],[73.69142,32.08926],[73.68987,32.08923],[73.68984,32.09113],[73.69085,32.09115],[73.69089,32.0901],[73.69003,32.09007]]]]}},{"type":"Feature","properties":{"lu":"Vacant Area","ct":"Existing","a":1.977},"geometry":{"type":"MultiPolygon","coordinates":[[[[73.68204,32.09022],[73.68194,32.09018],[73.68159,32.09085],[73.68252,32.09123],[73.6829,32.09058],[73.68204,32.09022]]]]}},{"type":"Feature","properties":{"lu":"Vacant Area","ct":"Existing","a":2.005},"geometry":{"type":"MultiPolygon","coordinates":[[[[73.67308,32.09097],[73.67274,32.09083],[73.67281,32.09072],[73.67315,32.09086],[73.6735,32.09027],[73.67286,32.08998],[73.67228,32.09103],[73.6729,32.0913],[73.67308,32.09097]]]]}},{"type":"Feature","properties":{"lu":"Vacant Area","ct":"Existing","a":1.512},"geometry":{"type":"MultiPolygon","coordinates":[[[[73.68385,32.09096],[73.68334,32.09076],[73.68297,32.09142],[73.6839,32.09179],[73.68385,32.09096]]]]}},{"type":"Feature","properties":{"lu":"Vacant Area","ct":"Existing","a":2.957},"geometry":{"type":"MultiPolygon","coordinates":[[[[73.68973,32.09119],[73.68971,32.0919],[73.69139,32.09189],[73.69141,32.09124],[73.68973,32.09119]]]]}},{"type":"Feature","properties":{"lu":"Vacant Area","ct":"Existing","a":2.268},"geometry":{"type":"MultiPolygon","coordinates":[[[[73.69121,32.09233],[73.6907,32.09227],[73.6914,32.09229],[73.69139,32.09194],[73.69022,32.09194],[73.69017,32.09268],[73.6914,32.0927],[73.6914,32.09234],[73.69121,32.09233]]]]}},{"type":"Feature","properties":{"lu":"Vacant Area","ct":"Existing","a":0.881},"geometry":{"type":"MultiPolygon","coordinates":[[[[73.68989,32.09194],[73.68979,32.09278],[73.69046,32.09295],[73.69046,32.09272],[73.69014,32.09272],[73.69017,32.09194],[73.68989,32.09194]]]]}},{"type":"Feature","properties":{"lu":"Vacant Area","ct":"Existing","a":0.849},"geometry":{"type":"MultiPolygon","coordinates":[[[[73.6914,32.09321],[73.6914,32.09274],[73.6905,32.09271],[73.69048,32.09296],[73.6914,32.09321]]]]}},{"type":"Feature","properties":{"lu":"Vacant Area","ct":"Existing","a":1.55},"geometry":{"type":"MultiPolygon","coordinates":[[[[73.69701,32.09332],[73.69701,32.09282],[73.69585,32.0928],[73.69586,32.09332],[73.69701,32.09332]]]]}},{"type":"Feature","properties":{"lu":"Vacant Area","ct":"Existing","a":0.539},"geometry":{"type":"MultiPolygon","coordinates":[[[[73.66969,32.09354],[73.66943,32.09385],[73.66951,32.09407],[73.66992,32.09398],[73.67006,32.09369],[73.66969,32.09354]]]]}},{"type":"Feature","properties":{"lu":"Vacant Area","ct":"Existing","a":0.593},"geometry":{"type":"MultiPolygon","coordinates":[[[[73.67134,32.09366],[73.67104,32.09356],[73.67064,32.09424],[73.67093,32.09436],[73.67134,32.09366]]]]}},{"type":"Feature","properties":{"lu":"Vacant Area","ct":"Existing","a":2.142},"geometry":{"type":"MultiPolygon","coordinates":[[[[73.69513,32.09425],[73.69597,32.09445],[73.69601,32.09336],[73.69514,32.09338],[73.69513,32.09425]]]]}},{"type":"Feature","properties":{"lu":"Vacant Area","ct":"Existing","a":2.185},"geometry":{"type":"MultiPolygon","coordinates":[[[[73.69911,32.09351],[73.69859,32.09362],[73.69854,32.09333],[73.698,32.09345],[73.69815,32.0939],[73.69836,32.09384],[73.69834,32.09379],[73.69898,32.09366],[73.69838,32.0938],[73.69839,32.09386],[73.69816,32.09392],[73.69826,32.09417],[73.69838,32.09415],[73.69848,32.0944],[73.6993,32.09423],[73.69911,32.09351]]]]}},{"type":"Feature","properties":{"lu":"Vacant Area","ct":"Existing","a":0.489},"geometry":{"type":"MultiPolygon","coordinates":[[[[73.67354,32.09835],[73.67318,32.0982],[73.67285,32.09879],[73.67331,32.09899],[73.67309,32.0987],[73.67325,32.09843],[73.67337,32.09849],[73.67354,32.09835]]]]}},{"type":"Feature","properties":{"lu":"Vacant Area","ct":"Existing","a":9.368},"geometry":{"type":"MultiPolygon","coordinates":[[[[73.71664,32.06727],[73.71506,32.0659],[73.71382,32.06499],[73.71301,32.06421],[73.71112,32.06262],[73.71071,32.06297],[73.7163,32.06758],[73.71664,32.06727]]]]}},{"type":"Feature","properties":{"lu":"Notified Area","ct":"Existing","a":14.675},"geometry":{"type":"MultiPolygon","coordinates":[[[[73.72807,32.07748],[73.72703,32.07627],[73.72665,32.07597],[73.72545,32.07677],[73.72548,32.07683],[73.72434,32.07755],[73.7256,32.079],[73.72807,32.07748]]]]}},{"type":"Feature","properties":{"lu":"Vacant Area","ct":"Existing","a":0.18},"geometry":{"type":"MultiPolygon","coordinates":[[[[73.6905,32.05362],[73.69047,32.05345],[73.69007,32.05349],[73.69011,32.05367],[73.6905,32.05362]]]]}},{"type":"Feature","properties":{"lu":"Vacant Area","ct":"Existing","a":5.493},"geometry":{"type":"MultiPolygon","coordinates":[[[[73.68993,32.05351],[73.68946,32.05357],[73.6894,32.05322],[73.69041,32.05308],[73.69033,32.05258],[73.68817,32.05331],[73.68706,32.05357],[73.68708,32.05398],[73.68719,32.05397],[73.68719,32.05386],[73.68732,32.05384],[73.68737,32.05407],[73.68893,32.05394],[73.68897,32.05377],[73.68918,32.05375],[73.6892,32.05389],[73.68952,32.05388],[73.68948,32.0537],[73.6897,32.05368],[73.68971,32.05384],[73.68996,32.05382],[73.68993,32.05351]]]]}},{"type":"Feature","properties":{"lu":"Vacant Area","ct":"Existing","a":11.274},"geometry":{"type":"MultiPolygon","coordinates":[[[[73.68261,32.05314],[73.68252,32.05276],[73.68383,32.05262],[73.6846,32.0523],[73.68453,32.05191],[73.68499,32.05183],[73.6847,32.05023],[73.68334,32.05039],[73.68343,32.05084],[73.68442,32.05069],[73.68462,32.05172],[73.68444,32.05175],[73.68436,32.05153],[73.68269,32.05176],[73.68271,32.052],[73.68254,32.05203],[73.68243,32.05177],[73.68115,32.05196],[73.68137,32.05274],[73.68159,32.05271],[73.68174,32.0531],[73.68227,32.05302],[73.68233,32.05316],[73.68261,32.05314]]]]}},{"type":"Feature","properties":{"lu":"Vacant Area","ct":"Existing","a":1.837},"geometry":{"type":"MultiPolygon","coordinates":[[[[73.67806,32.05455],[73.67804,32.05428],[73.67761,32.0543],[73.67803,32.05425],[73.67802,32.05393],[73.67691,32.05397],[73.67697,32.05467],[73.67806,32.05455]]]]}},{"type":"Feature","properties":{"lu":"Vacant Area","ct":"Existing","a":1.691},"geometry":{"type":"MultiPolygon","coordinates":[[[[73.68361,32.05556],[73.68356,32.05514],[73.68365,32.05513],[73.68359,32.05479],[73.68342,32.05479],[73.68346,32.05507],[73.68335,32.05508],[73.68332,32.05487],[73.68272,32.05493],[73.68266,32.05483],[73.68264,32.05521],[73.68273,32.05523],[73.68264,32.05523],[73.68282,32.05566],[73.68361,32.05556]]]]}},{"type":"Feature","properties":{"lu":"Vacant Area","ct":"Existing","a":0.342},"geometry":{"type":"MultiPolygon","coordinates":[[[[73.68364,32.05576],[73.68361,32.0556],[73.68283,32.05569],[73.6829,32.05587],[73.68364,32.05576]]]]}},{"type":"Feature","properties":{"lu":"Vacant Area","ct":"Existing","a":5.081},"geometry":{"type":"MultiPolygon","coordinates":[[[[73.68454,32.05652],[73.68458,32.05627],[73.68475,32.05622],[73.68471,32.05594],[73.68509,32.0559],[73.68503,32.05526],[73.68516,32.05523],[73.68515,32.05478],[73.68406,32.05486],[73.68423,32.05576],[73.68415,32.05577],[73.68416,32.05587],[73.68367,32.05596],[73.68365,32.05579],[73.68349,32.05582],[73.68366,32.05684],[73.68446,32.05676],[73.68442,32.05655],[73.68427,32.05652],[73.68454,32.05652]]]]}},{"type":"Feature","properties":{"lu":"Vacant Area","ct":"Existing","a":3.005},"geometry":{"type":"MultiPolygon","coordinates":[[[[73.70189,32.06301],[73.70104,32.0631],[73.70108,32.06349],[73.70058,32.06355],[73.70063,32.06413],[73.70095,32.06411],[73.70094,32.06378],[73.70098,32.0641],[73.70202,32.064],[73.70189,32.06301]]]]}},{"type":"Feature","properties":{"lu":"Vacant Area","ct":"Existing","a":2.493},"geometry":{"type":"MultiPolygon","coordinates":[[[[73.66056,32.06606],[73.66035,32.06565],[73.6585,32.06631],[73.65948,32.0667],[73.65985,32.06645],[73.65993,32.06656],[73.66002,32.06652],[73.65991,32.06628],[73.66056,32.06606]]]]}},{"type":"Feature","properties":{"lu":"Vacant Area","ct":"Existing","a":0.801},"geometry":{"type":"MultiPolygon","coordinates":[[[[73.66098,32.06745],[73.66039,32.06717],[73.65967,32.0674],[73.65978,32.06762],[73.66038,32.06748],[73.66043,32.06757],[73.66062,32.06759],[73.66098,32.06745]]]]}},{"type":"Feature","properties":{"lu":"Vacant Area","ct":"Existing","a":10.527},"geometry":{"type":"MultiPolygon","coordinates":[[[[73.71287,32.07065],[73.71266,32.07073],[73.71288,32.07136],[73.71245,32.07153],[73.7124,32.07138],[73.71219,32.07144],[73.71199,32.07097],[73.71165,32.07107],[73.71187,32.07176],[73.71215,32.07177],[73.71239,32.07231],[73.71222,32.07234],[73.71255,32.07319],[73.71364,32.07291],[73.71373,32.07324],[73.71408,32.07316],[73.71417,32.07341],[73.71503,32.07313],[73.71471,32.07257],[73.71328,32.07131],[73.71287,32.07065]]]]}},{"type":"Feature","properties":{"lu":"Vacant Area","ct":"Existing","a":0.86},"geometry":{"type":"MultiPolygon","coordinates":[[[[73.67221,32.07838],[73.67185,32.07854],[73.67196,32.07872],[73.67154,32.07892],[73.67173,32.07917],[73.67249,32.07877],[73.67221,32.07838]]]]}},{"type":"Feature","properties":{"lu":"Vacant Area","ct":"Existing","a":7.978},"geometry":{"type":"MultiPolygon","coordinates":[[[[73.68777,32.07803],[73.68777,32.07768],[73.68652,32.07708],[73.68629,32.07714],[73.6863,32.07747],[73.68641,32.0777],[73.6863,32.07778],[73.68629,32.07789],[73.68611,32.07789],[73.68611,32.07798],[73.6858,32.0779],[73.68579,32.07813],[73.68612,32.07815],[73.68606,32.07878],[73.68556,32.07874],[73.68535,32.07954],[73.68667,32.07949],[73.68663,32.07874],[73.68782,32.07855],[73.68762,32.07803],[73.68777,32.07803]]]]}},{"type":"Feature","properties":{"lu":"Vacant Area","ct":"Existing","a":83.267},"geometry":{"type":"MultiPolygon","coordinates":[[[[73.67806,32.08207],[73.67838,32.08221],[73.67798,32.0829],[73.67888,32.08316],[73.67895,32.08296],[73.67917,32.083],[73.67976,32.08189],[73.67908,32.08173],[73.67975,32.08096],[73.68037,32.08109],[73.68066,32.08039],[73.68098,32.08046],[73.68103,32.07996],[73.68134,32.07999],[73.68162,32.07947],[73.68181,32.07951],[73.68193,32.07926],[73.68202,32.07929],[73.6823,32.0787],[73.68105,32.07841],[73.68097,32.07874],[73.68152,32.07878],[73.68148,32.07906],[73.68087,32.07898],[73.68104,32.07838],[73.68238,32.07868],[73.68303,32.07769],[73.683,32.07751],[73.68253,32.07737],[73.68245,32.07713],[73.68176,32.07697],[73.68173,32.07704],[73.68168,32.07701],[73.68204,32.07584],[73.68167,32.07575],[73.68157,32.07599],[73.68067,32.07568],[73.68057,32.0758],[73.68075,32.07588],[73.68062,32.07613],[73.68036,32.07599],[73.67994,32.07638],[73.68121,32.07683],[73.68076,32.0776],[73.6795,32.07733],[73.67963,32.07712],[73.67931,32.07693],[73.67852,32.07759],[73.67821,32.07775],[73.67898,32.07929],[73.67899,32.07943],[73.67876,32.07996],[73.67873,32.08074],[73.67867,32.08075],[73.67866,32.08015],[73.67896,32.07936],[73.67844,32.07835],[73.67789,32.07845],[73.67716,32.07834],[73.67548,32.07964],[73.67591,32.07976],[73.67546,32.07966],[73.67527,32.07981],[73.67486,32.08023],[73.67511,32.08037],[73.67501,32.0805],[73.67509,32.08057],[73.67523,32.08031],[73.67568,32.08049],[73.67523,32.08037],[73.67487,32.08105],[73.6761,32.08141],[73.67609,32.08154],[73.6768,32.08175],[73.67607,32.08158],[73.67598,32.08183],[73.67413,32.08138],[73.67359,32.08335],[73.67599,32.08394],[73.67669,32.08428],[73.6771,32.08368],[73.67434,32.08233],[73.67437,32.08228],[73.675,32.08258],[73.67557,32.08182],[73.67505,32.08261],[73.67531,32.08273],[73.67584,32.0819],[73.67589,32.08192],[73.67536,32.08275],[73.67566,32.0829],[73.67625,32.08202],[73.67629,32.08216],[73.67713,32.08255],[73.67736,32.0824],[73.67781,32.08262],[73.67804,32.08213],[73.67725,32.0819],[73.67806,32.08207]]]]}},{"type":"Feature","properties":{"lu":"Vacant Area","ct":"Existing","a":2.153},"geometry":{"type":"MultiPolygon","coordinates":[[[[73.67229,32.09783],[73.67165,32.09759],[73.67115,32.09852],[73.67146,32.09901],[73.67158,32.0988],[73.67173,32.09888],[73.67229,32.09783]]]]}},{"type":"Feature","properties":{"lu":"Vacant Area","ct":"Existing","a":0.293},"geometry":{"type":"MultiPolygon","coordinates":[[[[73.67772,32.05838],[73.6782,32.05891],[73.67826,32.05889],[73.67808,32.05837],[73.67772,32.05838]]]]}},{"type":"Feature","properties":{"lu":"Vacant Area","ct":"Existing","a":0.397},"geometry":{"type":"MultiPolygon","coordinates":[[[[73.67735,32.05804],[73.67763,32.05829],[73.67809,32.05825],[73.678,32.05798],[73.67735,32.05804]]]]}},{"type":"Feature","properties":{"lu":"Vacant Area","ct":"Existing","a":0.711},"geometry":{"type":"MultiPolygon","coordinates":[[[[73.68264,32.06368],[73.68311,32.06416],[73.68339,32.06328],[73.68264,32.06368]]]]}},{"type":"Feature","properties":{"lu":"Vacant Area","ct":"Existing","a":3.284},"geometry":{"type":"MultiPolygon","coordinates":[[[[73.6855,32.08318],[73.68685,32.08349],[73.68671,32.08388],[73.68772,32.08411],[73.68783,32.08374],[73.6877,32.08345],[73.68656,32.08328],[73.68711,32.08337],[73.68712,32.08308],[73.68566,32.08277],[73.68558,32.08303],[73.68588,32.08312],[73.68557,32.08306],[73.6855,32.08318]]]]}},{"type":"Feature","properties":{"lu":"Vacant Area","ct":"Existing","a":2.028},"geometry":{"type":"MultiPolygon","coordinates":[[[[73.70343,32.0651],[73.70327,32.06513],[73.70334,32.06571],[73.7035,32.0657],[73.70343,32.0651]]],[[[73.70245,32.06583],[73.70143,32.06592],[73.70148,32.06633],[73.70237,32.06628],[73.70148,32.06636],[73.7015,32.06652],[73.70271,32.06638],[73.70265,32.06581],[73.70245,32.06583]]]]}},{"type":"Feature","properties":{"lu":"Vacant Area","ct":"Existing","a":0.269},"geometry":{"type":"MultiPolygon","coordinates":[[[[73.68113,32.06265],[73.68084,32.06234],[73.68069,32.06242],[73.68085,32.06281],[73.68113,32.06265]]]]}},{"type":"Feature","properties":{"lu":"Vacant Area","ct":"Existing","a":0.577},"geometry":{"type":"MultiPolygon","coordinates":[[[[73.67017,32.05193],[73.67017,32.05171],[73.6698,32.05173],[73.66984,32.05238],[73.67018,32.05234],[73.67017,32.05193]]]]}},{"type":"Feature","properties":{"lu":"Vacant Area","ct":"Existing","a":1.761},"geometry":{"type":"MultiPolygon","coordinates":[[[[73.71071,32.06297],[73.71012,32.06251],[73.7093,32.06282],[73.70953,32.06341],[73.71071,32.06297]]]]}},{"type":"Feature","properties":{"lu":"Vacant Area","ct":"Existing","a":10.148},"geometry":{"type":"MultiPolygon","coordinates":[[[[73.70712,32.06413],[73.70791,32.064],[73.70503,32.06054],[73.70364,32.06073],[73.70366,32.06087],[73.70428,32.06079],[73.7044,32.06139],[73.7051,32.06132],[73.70517,32.0619],[73.70481,32.06192],[73.7049,32.06248],[73.70591,32.06244],[73.70614,32.06365],[73.70684,32.06358],[73.70691,32.06416],[73.70712,32.06413]]]]}},{"type":"Feature","properties":{"lu":"Vacant Area","ct":"Existing","a":2.514},"geometry":{"type":"MultiPolygon","coordinates":[[[[73.71228,32.07077],[73.71204,32.07017],[73.71225,32.07011],[73.71197,32.06973],[73.71126,32.06998],[73.71137,32.07028],[73.71114,32.07038],[73.71143,32.07105],[73.71228,32.07077]]]]}},{"type":"Feature","properties":{"lu":"Vacant Area","ct":"Existing","a":5.867},"geometry":{"type":"MultiPolygon","coordinates":[[[[73.70117,32.06716],[73.70101,32.06717],[73.70105,32.06758],[73.70158,32.06753],[73.70156,32.06712],[73.70117,32.06716]]],[[[73.70101,32.06759],[73.70096,32.06718],[73.70082,32.06719],[73.70085,32.0676],[73.70101,32.06759]]],[[[73.70112,32.06909],[73.70184,32.06903],[73.70183,32.06892],[73.70099,32.069],[73.70101,32.0691],[73.70112,32.06909]]],[[[73.70187,32.06953],[73.70184,32.06905],[73.70164,32.06906],[73.70176,32.07014],[73.70194,32.07012],[73.70187,32.06953]]],[[[73.70118,32.06989],[73.70102,32.06988],[73.70106,32.0702],[73.70138,32.07017],[73.70126,32.06912],[73.7011,32.06913],[73.70118,32.06989]]],[[[73.70194,32.07014],[73.70177,32.07016],[73.70179,32.07035],[73.70196,32.07034],[73.70194,32.07014]]],[[[73.70265,32.06723],[73.70279,32.06724],[73.7028,32.06732],[73.70299,32.06728],[73.70296,32.06699],[73.70262,32.06702],[73.70265,32.06723]]],[[[73.70275,32.07065],[73.70276,32.07117],[73.70349,32.07117],[73.70342,32.07057],[73.70275,32.07065]]],[[[73.70269,32.07142],[73.70267,32.07096],[73.70216,32.07116],[73.70222,32.07153],[73.70269,32.07142]]],[[[73.70458,32.07146],[73.70459,32.07159],[73.70465,32.07159],[73.70458,32.07146]]],[[[73.70517,32.07167],[73.70639,32.07156],[73.70639,32.07153],[73.70525,32.07166],[73.70516,32.07165],[73.70517,32.07167]]],[[[73.70454,32.07138],[73.70353,32.07148],[73.7035,32.0712],[73.7027,32.07121],[73.70274,32.07158],[73.7032,32.07153],[73.70328,32.07213],[73.70361,32.07213],[73.70357,32.07179],[73.70428,32.07176],[73.70423,32.07144],[73.70454,32.07138]]]]}},{"type":"Feature","properties":{"lu":"Vacant Area","ct":"Existing","a":0.213},"geometry":{"type":"MultiPolygon","coordinates":[[[[73.70996,32.07108],[73.70983,32.07077],[73.70958,32.07085],[73.70971,32.07114],[73.70996,32.07108]]]]}},{"type":"Feature","properties":{"lu":"Vacant Area","ct":"Existing","a":9.786},"geometry":{"type":"MultiPolygon","coordinates":[[[[73.70934,32.0694],[73.70924,32.06907],[73.70958,32.06899],[73.70967,32.0693],[73.71065,32.06901],[73.71036,32.06843],[73.71042,32.06839],[73.70965,32.06767],[73.70884,32.06792],[73.70868,32.06747],[73.70888,32.06743],[73.70902,32.06783],[73.70962,32.06764],[73.70863,32.06666],[73.70826,32.06675],[73.70805,32.06706],[73.70794,32.06709],[73.70834,32.06804],[73.70882,32.06955],[73.70934,32.0694]]]]}},{"type":"Feature","properties":{"lu":"Vacant Area","ct":"Existing","a":0.765},"geometry":{"type":"MultiPolygon","coordinates":[[[[73.69981,32.06706],[73.69996,32.06705],[73.69996,32.06719],[73.70007,32.06723],[73.70025,32.0672],[73.7002,32.06649],[73.69974,32.06652],[73.69981,32.06706]]]]}},{"type":"Feature","properties":{"lu":"Vacant Area","ct":"Existing","a":3.93},"geometry":{"type":"MultiPolygon","coordinates":[[[[73.69958,32.05218],[73.69949,32.05147],[73.69933,32.05149],[73.69938,32.05191],[73.69902,32.05195],[73.69936,32.05189],[73.69931,32.05149],[73.6977,32.05163],[73.69815,32.05217],[73.6986,32.05212],[73.69862,32.05199],[73.69863,32.05216],[73.69817,32.05219],[73.69852,32.05262],[73.69894,32.05257],[73.69854,32.05264],[73.69864,32.05278],[73.69937,32.05269],[73.6993,32.05226],[73.69958,32.05218]],[[73.699,32.05171],[73.69898,32.05171],[73.69897,32.05152],[73.69899,32.05152],[73.69899,32.05157],[73.699,32.05171]]]]}},{"type":"Feature","properties":{"lu":"Vacant Area","ct":"Existing","a":0.032},"geometry":{"type":"MultiPolygon","coordinates":[[[[73.69177,32.07071],[73.69169,32.07072],[73.69167,32.07086],[73.69176,32.07087],[73.69177,32.07071]]]]}},{"type":"Feature","properties":{"lu":"Vacant Area","ct":"Existing","a":0.978},"geometry":{"type":"MultiPolygon","coordinates":[[[[73.68738,32.05462],[73.68693,32.05462],[73.68694,32.05473],[73.68681,32.05474],[73.68641,32.05464],[73.68645,32.05511],[73.68723,32.05507],[73.68738,32.05462]]]]}},{"type":"Feature","properties":{"lu":"Vacant Area","ct":"Existing","a":0.065},"geometry":{"type":"MultiPolygon","coordinates":[[[[73.68373,32.05746],[73.6837,32.05732],[73.68353,32.05733],[73.68357,32.05749],[73.68373,32.05746]]]]}},{"type":"Feature","properties":{"lu":"Vacant Area","ct":"Existing","a":0.038},"geometry":{"type":"MultiPolygon","coordinates":[[[[73.68043,32.0557],[73.68042,32.05563],[73.6802,32.05564],[73.68021,32.05571],[73.68043,32.0557]]]]}},{"type":"Feature","properties":{"lu":"Vacant Area","ct":"Existing","a":0.327},"geometry":{"type":"MultiPolygon","coordinates":[[[[73.67985,32.05796],[73.67979,32.0577],[73.67937,32.05776],[73.67942,32.05803],[73.67985,32.05796]]]]}},{"type":"Feature","properties":{"lu":"Vacant Area","ct":"Existing","a":0.954},"geometry":{"type":"MultiPolygon","coordinates":[[[[73.6789,32.05786],[73.67887,32.05776],[73.67854,32.05778],[73.67875,32.0588],[73.67913,32.05873],[73.6789,32.05786]]]]}},{"type":"Feature","properties":{"lu":"Vacant Area","ct":"Existing","a":1.149},"geometry":{"type":"MultiPolygon","coordinates":[[[[73.6787,32.05881],[73.67846,32.05779],[73.67804,32.05782],[73.67829,32.05889],[73.6787,32.05881]]]]}},{"type":"Feature","properties":{"lu":"Vacant Area","ct":"Existing","a":2.174},"geometry":{"type":"MultiPolygon","coordinates":[[[[73.67795,32.05564],[73.67755,32.05571],[73.67774,32.0578],[73.67813,32.05777],[73.67795,32.05564]]]]}},{"type":"Feature","properties":{"lu":"Vacant Area","ct":"Existing","a":0.369},"geometry":{"type":"MultiPolygon","coordinates":[[[[73.67883,32.05951],[73.67872,32.05895],[73.67831,32.05903],[73.67876,32.05952],[73.67883,32.05951]]]]}},{"type":"Feature","properties":{"lu":"Vacant Area","ct":"Existing","a":0.429},"geometry":{"type":"MultiPolygon","coordinates":[[[[73.67965,32.05925],[73.67955,32.05881],[73.67921,32.05887],[73.67934,32.05938],[73.67965,32.05925]]]]}},{"type":"Feature","properties":{"lu":"Vacant Area","ct":"Existing","a":0.505},"geometry":{"type":"MultiPolygon","coordinates":[[[[73.67925,32.05943],[73.67915,32.05888],[73.67881,32.05894],[73.67892,32.05949],[73.67925,32.05943]]]]}},{"type":"Feature","properties":{"lu":"Vacant Area","ct":"Existing","a":0.534},"geometry":{"type":"MultiPolygon","coordinates":[[[[73.67987,32.05934],[73.67993,32.05962],[73.67974,32.05966],[73.67975,32.05973],[73.67986,32.05971],[73.68002,32.05996],[73.6803,32.05989],[73.68016,32.0593],[73.67987,32.05934]]]]}},{"type":"Feature","properties":{"lu":"Vacant Area","ct":"Existing","a":0.58},"geometry":{"type":"MultiPolygon","coordinates":[[[[73.67939,32.04964],[73.67925,32.04938],[73.67847,32.04943],[73.67848,32.04969],[73.67939,32.04964]]]]}},{"type":"Feature","properties":{"lu":"Vacant Area","ct":"Existing","a":0.49},"geometry":{"type":"MultiPolygon","coordinates":[[[[73.6717,32.04983],[73.67168,32.0497],[73.67017,32.04982],[73.67017,32.04992],[73.66998,32.04993],[73.6717,32.04983]]]]}},{"type":"Feature","properties":{"lu":"Vacant Area","ct":"Existing","a":0.353},"geometry":{"type":"MultiPolygon","coordinates":[[[[73.6717,32.05292],[73.67171,32.05279],[73.67141,32.05282],[73.67136,32.05266],[73.671,32.05273],[73.671,32.05296],[73.6717,32.05292]]]]}},{"type":"Feature","properties":{"lu":"Vacant Area","ct":"Existing","a":0.032},"geometry":{"type":"MultiPolygon","coordinates":[[[[73.67109,32.05267],[73.67108,32.05256],[73.67098,32.05256],[73.67099,32.0527],[73.67109,32.05267]]]]}},{"type":"Feature","properties":{"lu":"Vacant Area","ct":"Existing","a":0.268},"geometry":{"type":"MultiPolygon","coordinates":[[[[73.67108,32.05239],[73.67107,32.05226],[73.67019,32.05227],[73.6702,32.05236],[73.67058,32.05234],[73.6706,32.05245],[73.67108,32.05239]]]]}},{"type":"Feature","properties":{"lu":"Vacant Area","ct":"Existing","a":0.148},"geometry":{"type":"MultiPolygon","coordinates":[[[[73.67049,32.0522],[73.67031,32.05196],[73.67018,32.05198],[73.67019,32.05223],[73.67049,32.0522]]]]}},{"type":"Feature","properties":{"lu":"Vacant Area","ct":"Existing","a":0.314},"geometry":{"type":"MultiPolygon","coordinates":[[[[73.67017,32.05167],[73.6701,32.05168],[73.66988,32.05111],[73.66975,32.05112],[73.66979,32.0517],[73.67017,32.05167]]]]}},{"type":"Feature","properties":{"lu":"Vacant Area","ct":"Existing","a":2.637},"geometry":{"type":"MultiPolygon","coordinates":[[[[73.66968,32.05113],[73.66958,32.05114],[73.66957,32.05135],[73.66946,32.05136],[73.66943,32.0516],[73.66872,32.05163],[73.66875,32.05229],[73.66944,32.05223],[73.66914,32.05229],[73.66917,32.05269],[73.66982,32.05265],[73.66968,32.05113]]]]}},{"type":"Feature","properties":{"lu":"Vacant Area","ct":"Existing","a":0.318},"geometry":{"type":"MultiPolygon","coordinates":[[[[73.6683,32.05121],[73.668,32.05122],[73.66802,32.05163],[73.66831,32.05162],[73.6683,32.05121]]]]}},{"type":"Feature","properties":{"lu":"Vacant Area","ct":"Existing","a":0.327},"geometry":{"type":"MultiPolygon","coordinates":[[[[73.66796,32.05122],[73.66766,32.05123],[73.66768,32.05165],[73.66798,32.05164],[73.66796,32.05122]]]]}},{"type":"Feature","properties":{"lu":"Vacant Area","ct":"Existing","a":0.355},"geometry":{"type":"MultiPolygon","coordinates":[[[[73.66723,32.05124],[73.6669,32.05126],[73.66693,32.05168],[73.66724,32.05167],[73.66723,32.05124]]]]}},{"type":"Feature","properties":{"lu":"Vacant Area","ct":"Existing","a":0.377},"geometry":{"type":"MultiPolygon","coordinates":[[[[73.6676,32.05123],[73.66727,32.05124],[73.66728,32.05167],[73.66762,32.05166],[73.6676,32.05123]]]]}},{"type":"Feature","properties":{"lu":"Vacant Area","ct":"Existing","a":1.05},"geometry":{"type":"MultiPolygon","coordinates":[[[[73.66675,32.05366],[73.66672,32.05326],[73.6662,32.0533],[73.66625,32.05407],[73.66677,32.05404],[73.66675,32.05366]]]]}},{"type":"Feature","properties":{"lu":"Vacant Area","ct":"Existing","a":17.434},"geometry":{"type":"MultiPolygon","coordinates":[[[[73.67189,32.05433],[73.67169,32.05377],[73.66625,32.0541],[73.66628,32.05444],[73.66912,32.05425],[73.66933,32.05615],[73.66952,32.05613],[73.66956,32.05648],[73.67216,32.05519],[73.67189,32.05433]]]]}},{"type":"Feature","properties":{"lu":"Vacant Area","ct":"Existing","a":0.189},"geometry":{"type":"MultiPolygon","coordinates":[[[[73.66966,32.05965],[73.6696,32.05971],[73.66946,32.05961],[73.6692,32.05991],[73.66934,32.06002],[73.66966,32.05965]]]]}},{"type":"Feature","properties":{"lu":"Vacant Area","ct":"Existing","a":0.052},"geometry":{"type":"MultiPolygon","coordinates":[[[[73.66654,32.06073],[73.66652,32.0609],[73.66681,32.06073],[73.66654,32.06073]]]]}},{"type":"Feature","properties":{"lu":"Vacant Area","ct":"Existing","a":3.34},"geometry":{"type":"MultiPolygon","coordinates":[[[[73.65945,32.0602],[73.65934,32.059],[73.65828,32.05908],[73.65839,32.06029],[73.65945,32.0602]]]]}},{"type":"Feature","properties":{"lu":"Vacant Area","ct":"Existing","a":19.997},"geometry":{"type":"MultiPolygon","coordinates":[[[[73.66629,32.05812],[73.66539,32.05712],[73.66233,32.05879],[73.66199,32.05886],[73.66168,32.05882],[73.66133,32.05863],[73.66109,32.05832],[73.66073,32.05832],[73.66076,32.05892],[73.66007,32.05897],[73.66016,32.06014],[73.66217,32.06004],[73.66305,32.05953],[73.66333,32.0596],[73.66629,32.05812]]]]}},{"type":"Feature","properties":{"lu":"Vacant Area","ct":"Existing","a":4.038},"geometry":{"type":"MultiPolygon","coordinates":[[[[73.66517,32.0569],[73.66506,32.05679],[73.66484,32.057],[73.6644,32.05671],[73.66433,32.05679],[73.66435,32.05695],[73.66191,32.05824],[73.66135,32.05828],[73.66153,32.05852],[73.66178,32.05863],[73.66204,32.05861],[73.66366,32.05779],[73.66517,32.0569]]]]}},{"type":"Feature","properties":{"lu":"Vacant Area","ct":"Existing","a":2.425},"geometry":{"type":"MultiPolygon","coordinates":[[[[73.66086,32.05536],[73.66065,32.05506],[73.66151,32.0545],[73.66055,32.05388],[73.6603,32.05417],[73.66049,32.05402],[73.66063,32.05414],[73.66024,32.05454],[73.66036,32.05464],[73.6601,32.05483],[73.66066,32.05551],[73.66086,32.05536]]]]}},{"type":"Feature","properties":{"lu":"Vacant Area","ct":"Existing","a":3.538},"geometry":{"type":"MultiPolygon","coordinates":[[[[73.66202,32.05621],[73.66314,32.0555],[73.66286,32.05532],[73.66182,32.056],[73.66283,32.0553],[73.66237,32.05502],[73.66095,32.05592],[73.66148,32.05645],[73.66197,32.05617],[73.66202,32.05621]]]]}},{"type":"Feature","properties":{"lu":"Vacant Area","ct":"Existing","a":0.477},"geometry":{"type":"MultiPolygon","coordinates":[[[[73.663,32.05582],[73.66328,32.05563],[73.66321,32.05554],[73.66207,32.05625],[73.66218,32.05635],[73.663,32.05582]]]]}},{"type":"Feature","properties":{"lu":"Vacant Area","ct":"Existing","a":2.315},"geometry":{"type":"MultiPolygon","coordinates":[[[[73.66232,32.05499],[73.66171,32.05461],[73.66149,32.05473],[73.66142,32.05463],[73.66072,32.05507],[73.66124,32.05569],[73.66232,32.05499]]]]}},{"type":"Feature","properties":{"lu":"Vacant Area","ct":"Existing","a":0.134},"geometry":{"type":"MultiPolygon","coordinates":[[[[73.66109,32.05559],[73.66083,32.05576],[73.66094,32.05589],[73.66119,32.05573],[73.66109,32.05559]]]]}},{"type":"Feature","properties":{"lu":"Vacant Area","ct":"Existing","a":0.987},"geometry":{"type":"MultiPolygon","coordinates":[[[[73.66181,32.06506],[73.66098,32.06344],[73.66081,32.06351],[73.66169,32.06529],[73.66175,32.06526],[73.66167,32.06512],[73.66181,32.06506]]]]}},{"type":"Feature","properties":{"lu":"Vacant Area","ct":"Existing","a":0.048},"geometry":{"type":"MultiPolygon","coordinates":[[[[73.68498,32.06657],[73.68492,32.0665],[73.68477,32.06654],[73.68482,32.06666],[73.68498,32.06657]]]]}},{"type":"Feature","properties":{"lu":"Vacant Area","ct":"Existing","a":0.294},"geometry":{"type":"MultiPolygon","coordinates":[[[[73.70089,32.08249],[73.70068,32.08231],[73.70038,32.08254],[73.70058,32.08277],[73.70089,32.08249]]]]}},{"type":"Feature","properties":{"lu":"Vacant Area","ct":"Existing","a":0.348},"geometry":{"type":"MultiPolygon","coordinates":[[[[73.70114,32.0827],[73.70091,32.08251],[73.7006,32.08279],[73.70079,32.08301],[73.70114,32.0827]]]]}},{"type":"Feature","properties":{"lu":"Vacant Area","ct":"Existing","a":7.638},"geometry":{"type":"MultiPolygon","coordinates":[[[[73.6998,32.08042],[73.69937,32.08019],[73.69986,32.07961],[73.70003,32.07971],[73.70029,32.07951],[73.69983,32.07893],[73.69988,32.07874],[73.70001,32.07867],[73.70051,32.0787],[73.70051,32.07847],[73.70043,32.07818],[73.70016,32.07815],[73.70013,32.07849],[73.69998,32.07847],[73.70002,32.07813],[73.69981,32.0781],[73.69983,32.07797],[73.69962,32.07781],[73.69949,32.07794],[73.69978,32.07818],[73.69966,32.07829],[73.69935,32.07808],[73.69926,32.07816],[73.69974,32.07847],[73.69972,32.07854],[73.69967,32.07859],[73.69913,32.0783],[73.69895,32.07854],[73.69891,32.0788],[73.69852,32.07927],[73.69833,32.07994],[73.69871,32.08004],[73.69876,32.07996],[73.69879,32.08046],[73.69905,32.08051],[73.69948,32.08077],[73.6998,32.08042]]]]}},{"type":"Feature","properties":{"lu":"Vacant Area","ct":"Existing","a":8.896},"geometry":{"type":"MultiPolygon","coordinates":[[[[73.72121,32.07711],[73.72317,32.0758],[73.72311,32.07573],[73.72242,32.07584],[73.72236,32.07557],[73.72265,32.07554],[73.72265,32.07527],[73.72256,32.07518],[73.72147,32.07537],[73.7215,32.07564],[73.72053,32.07576],[73.72054,32.07591],[73.7208,32.07589],[73.72081,32.07599],[73.72093,32.07596],[73.72095,32.0763],[73.71986,32.07639],[73.71993,32.07685],[73.71964,32.07688],[73.71974,32.07737],[73.72096,32.07728],[73.72103,32.07713],[73.72121,32.07711]]]]}},{"type":"Feature","properties":{"lu":"Vacant Area","ct":"Existing","a":0.537},"geometry":{"type":"MultiPolygon","coordinates":[[[[73.70043,32.08268],[73.70021,32.08242],[73.69979,32.08285],[73.70016,32.08309],[73.70043,32.08268]]]]}},{"type":"Feature","properties":{"lu":"Vacant Area","ct":"Existing","a":2.616},"geometry":{"type":"MultiPolygon","coordinates":[[[[73.69975,32.08283],[73.70019,32.0824],[73.69989,32.08204],[73.69937,32.08165],[73.69869,32.08245],[73.69953,32.08296],[73.69967,32.08278],[73.69975,32.08283]]]]}},{"type":"Feature","properties":{"lu":"Vacant Area","ct":"Existing","a":0.221},"geometry":{"type":"MultiPolygon","coordinates":[[[[73.69618,32.08032],[73.69631,32.08007],[73.69603,32.08],[73.69588,32.08017],[73.69599,32.08033],[73.69603,32.08027],[73.69618,32.08032]]]]}},{"type":"Feature","properties":{"lu":"Vacant Area","ct":"Existing","a":1.371},"geometry":{"type":"MultiPolygon","coordinates":[[[[73.69666,32.08101],[73.69708,32.08033],[73.69636,32.08008],[73.6961,32.08049],[73.69654,32.08115],[73.69666,32.08101]]]]}},{"type":"Feature","properties":{"lu":"Vacant Area","ct":"Existing","a":2.307},"geometry":{"type":"MultiPolygon","coordinates":[[[[73.69496,32.08724],[73.69491,32.08655],[73.69338,32.08667],[73.69433,32.08755],[73.69468,32.08734],[73.69467,32.0872],[73.69496,32.08717],[73.69496,32.08724]]]]}},{"type":"Feature","properties":{"lu":"Vacant Area","ct":"Existing","a":12.974},"geometry":{"type":"MultiPolygon","coordinates":[[[[73.69936,32.08923],[73.69914,32.08744],[73.69844,32.08748],[73.69833,32.08691],[73.69706,32.08701],[73.69693,32.08707],[73.69697,32.08728],[73.69623,32.08736],[73.69623,32.08745],[73.69559,32.08754],[73.69569,32.08835],[73.69549,32.08838],[73.69539,32.08822],[73.69519,32.08831],[73.69562,32.08895],[73.69576,32.08893],[73.69574,32.0888],[73.69588,32.08877],[73.69615,32.08875],[73.69618,32.08889],[73.69644,32.08888],[73.69641,32.08862],[73.69658,32.0886],[73.69654,32.08824],[73.69642,32.08823],[73.6971,32.08819],[73.69724,32.08878],[73.69751,32.08875],[73.69746,32.08835],[73.69782,32.08837],[73.69781,32.08814],[73.69853,32.08808],[73.6987,32.08927],[73.69936,32.08923]]]]}},{"type":"Feature","properties":{"lu":"Vacant Area","ct":"Existing","a":18.438},"geometry":{"type":"MultiPolygon","coordinates":[[[[73.69709,32.08341],[73.69663,32.08304],[73.69651,32.08318],[73.69677,32.08281],[73.69536,32.0821],[73.69402,32.08354],[73.69403,32.08368],[73.69417,32.08376],[73.69595,32.08453],[73.69616,32.08644],[73.69825,32.08628],[73.69819,32.08578],[73.69805,32.0857],[73.698,32.08514],[73.69773,32.08517],[73.69614,32.0846],[73.69673,32.08334],[73.69668,32.0835],[73.69693,32.08363],[73.69709,32.08341]]]]}},{"type":"Feature","properties":{"lu":"Vacant Area","ct":"Existing","a":1.742},"geometry":{"type":"MultiPolygon","coordinates":[[[[73.69765,32.09416],[73.69755,32.09366],[73.69719,32.09368],[73.69717,32.09336],[73.69672,32.09336],[73.69684,32.09432],[73.69679,32.09447],[73.69765,32.09416]]]]}},{"type":"Feature","properties":{"lu":"Vacant Area","ct":"Existing","a":2.064},"geometry":{"type":"MultiPolygon","coordinates":[[[[73.69653,32.09457],[73.69668,32.09451],[73.69678,32.09433],[73.69665,32.09336],[73.69605,32.09336],[73.69599,32.09445],[73.69653,32.09457]]]]}},{"type":"Feature","properties":{"lu":"Vacant Area","ct":"Existing","a":0.948},"geometry":{"type":"MultiPolygon","coordinates":[[[[73.69581,32.0928],[73.69512,32.0928],[73.69514,32.09332],[73.69583,32.09332],[73.69581,32.0928]]]]}},{"type":"Feature","properties":{"lu":"Vacant Area","ct":"Existing","a":0.821},"geometry":{"type":"MultiPolygon","coordinates":[[[[73.69507,32.0923],[73.69493,32.09229],[73.69492,32.09419],[73.69509,32.09424],[73.69507,32.0923]]]]}},{"type":"Feature","properties":{"lu":"Vacant Area","ct":"Existing","a":3.548},"geometry":{"type":"MultiPolygon","coordinates":[[[[73.697,32.09279],[73.69697,32.09233],[73.69721,32.09231],[73.69682,32.09153],[73.69671,32.09153],[73.69673,32.0918],[73.69637,32.09183],[73.69634,32.09214],[73.6957,32.09212],[73.69569,32.09231],[73.69511,32.09232],[73.69511,32.09276],[73.69622,32.09276],[73.69625,32.09229],[73.69625,32.09276],[73.697,32.09279]]]]}},{"type":"Feature","properties":{"lu":"Vacant Area","ct":"Existing","a":0.842},"geometry":{"type":"MultiPolygon","coordinates":[[[[73.69985,32.09416],[73.69849,32.09444],[73.6986,32.09481],[73.6991,32.09483],[73.699,32.09446],[73.69988,32.09428],[73.69985,32.09416]]]]}},{"type":"Feature","properties":{"lu":"Vacant Area","ct":"Existing","a":0.636},"geometry":{"type":"MultiPolygon","coordinates":[[[[73.69984,32.09412],[73.69975,32.09379],[73.69942,32.09385],[73.69928,32.09347],[73.69914,32.0935],[73.69933,32.09422],[73.69984,32.09412]]]]}},{"type":"Feature","properties":{"lu":"Vacant Area","ct":"Existing","a":0.191},"geometry":{"type":"MultiPolygon","coordinates":[[[[73.69247,32.09271],[73.69145,32.09271],[73.69145,32.09296],[73.69171,32.09297],[73.69172,32.09271],[73.69247,32.09271]]]]}},{"type":"Feature","properties":{"lu":"Vacant Area","ct":"Existing","a":0.484},"geometry":{"type":"MultiPolygon","coordinates":[[[[73.68795,32.08646],[73.68795,32.08673],[73.68861,32.08676],[73.6886,32.08646],[73.68795,32.08646]]]]}},{"type":"Feature","properties":{"lu":"Vacant Area","ct":"Existing","a":14.668},"geometry":{"type":"MultiPolygon","coordinates":[[[[73.68717,32.08727],[73.68745,32.08966],[73.68981,32.08973],[73.68982,32.08907],[73.68932,32.08906],[73.68982,32.08903],[73.68983,32.08841],[73.68935,32.08841],[73.68983,32.08837],[73.68984,32.0873],[73.68864,32.08729],[73.68857,32.08847],[73.6886,32.08768],[73.68773,32.08765],[73.68773,32.08726],[73.68717,32.08727]]]]}},{"type":"Feature","properties":{"lu":"Vacant Area","ct":"Existing","a":2.699},"geometry":{"type":"MultiPolygon","coordinates":[[[[73.68924,32.084],[73.68942,32.08344],[73.68875,32.08328],[73.68869,32.08346],[73.68763,32.08322],[73.68787,32.0837],[73.6877,32.08432],[73.68808,32.08439],[73.68825,32.08379],[73.68924,32.084]]]]}},{"type":"Feature","properties":{"lu":"Vacant Area","ct":"Existing","a":0.422},"geometry":{"type":"MultiPolygon","coordinates":[[[[73.6867,32.08391],[73.68666,32.08405],[73.68765,32.0843],[73.68771,32.08414],[73.6867,32.08391]]]]}},{"type":"Feature","properties":{"lu":"Vacant Area","ct":"Existing","a":0.351},"geometry":{"type":"MultiPolygon","coordinates":[[[[73.67934,32.08826],[73.67923,32.08851],[73.67964,32.0887],[73.67981,32.08846],[73.67934,32.08826]]]]}},{"type":"Feature","properties":{"lu":"Vacant Area","ct":"Existing","a":0.173},"geometry":{"type":"MultiPolygon","coordinates":[[[[73.67015,32.09352],[73.66977,32.09333],[73.66971,32.0935],[73.67009,32.09365],[73.67015,32.09352]]]]}},{"type":"Feature","properties":{"lu":"Vacant Area","ct":"Existing","a":0.427},"geometry":{"type":"MultiPolygon","coordinates":[[[[73.67051,32.09368],[73.67018,32.09352],[73.66998,32.09399],[73.67028,32.0941],[73.67051,32.09368]]]]}},{"type":"Feature","properties":{"lu":"Vacant Area","ct":"Existing","a":0.484},"geometry":{"type":"MultiPolygon","coordinates":[[[[73.67088,32.09351],[73.67074,32.09375],[73.67055,32.09369],[73.67031,32.09411],[73.6706,32.09423],[73.67099,32.09354],[73.67088,32.09351]]]]}},{"type":"Feature","properties":{"lu":"Vacant Area","ct":"Existing","a":12.037},"geometry":{"type":"MultiPolygon","coordinates":[[[[73.67013,32.08072],[73.66988,32.08086],[73.67012,32.08122],[73.67038,32.08108],[73.67013,32.08072]]],[[[73.67343,32.08423],[73.6736,32.0831],[73.6723,32.08195],[73.6718,32.08228],[73.6716,32.082],[73.67189,32.08176],[73.67161,32.08176],[73.6714,32.08166],[73.67059,32.08083],[73.66992,32.08003],[73.67086,32.08105],[73.6711,32.08088],[73.66989,32.07954],[73.66969,32.07964],[73.66982,32.07975],[73.66877,32.08028],[73.66936,32.08107],[73.67015,32.08067],[73.67084,32.0816],[73.67097,32.08153],[73.67275,32.0839],[73.67334,32.08453],[73.67343,32.08423]]]]}},{"type":"Feature","properties":{"lu":"Vacant Area","ct":"Existing","a":6.957},"geometry":{"type":"MultiPolygon","coordinates":[[[[73.66756,32.08064],[73.66666,32.08108],[73.66693,32.08147],[73.6671,32.0814],[73.66783,32.08245],[73.66797,32.08237],[73.66765,32.08187],[73.668,32.08235],[73.66827,32.08221],[73.66792,32.08171],[73.66831,32.08219],[73.66857,32.08206],[73.66821,32.08155],[73.66861,32.08204],[73.66888,32.08189],[73.66852,32.08139],[73.66891,32.08188],[73.6692,32.08172],[73.66883,32.08121],[73.66924,32.0817],[73.66957,32.08152],[73.66897,32.08061],[73.66798,32.08116],[73.66756,32.08064]]]]}},{"type":"Feature","properties":{"lu":"Vacant Area","ct":"Existing","a":0.232},"geometry":{"type":"MultiPolygon","coordinates":[[[[73.67019,32.08195],[73.6698,32.08143],[73.66967,32.08151],[73.67008,32.08201],[73.67019,32.08195]]]]}},{"type":"Feature","properties":{"lu":"Vacant Area","ct":"Existing","a":0.258},"geometry":{"type":"MultiPolygon","coordinates":[[[[73.66838,32.08293],[73.668,32.08241],[73.66786,32.08249],[73.66825,32.083],[73.66838,32.08293]]]]}},{"type":"Feature","properties":{"lu":"Vacant Area","ct":"Existing","a":0.326},"geometry":{"type":"MultiPolygon","coordinates":[[[[73.6697,32.08222],[73.66952,32.08198],[73.66914,32.08218],[73.66932,32.08242],[73.6697,32.08222]]]]}},{"type":"Feature","properties":{"lu":"Vacant Area","ct":"Existing","a":0.48},"geometry":{"type":"MultiPolygon","coordinates":[[[[73.66898,32.0826],[73.6686,32.08209],[73.66835,32.08223],[73.66872,32.08274],[73.66898,32.0826]]]]}},{"type":"Feature","properties":{"lu":"Vacant Area","ct":"Existing","a":0.497},"geometry":{"type":"MultiPolygon","coordinates":[[[[73.66928,32.08244],[73.66892,32.08193],[73.66864,32.08207],[73.66901,32.08258],[73.66928,32.08244]]]]}},{"type":"Feature","properties":{"lu":"Vacant Area","ct":"Existing","a":0.503},"geometry":{"type":"MultiPolygon","coordinates":[[[[73.66867,32.08277],[73.66831,32.08224],[73.66803,32.08239],[73.66842,32.08291],[73.66867,32.08277]]]]}},{"type":"Feature","properties":{"lu":"Vacant Area","ct":"Existing","a":0.53},"geometry":{"type":"MultiPolygon","coordinates":[[[[73.67003,32.08204],[73.66963,32.08153],[73.66936,32.08169],[73.66974,32.0822],[73.67003,32.08204]]]]}},{"type":"Feature","properties":{"lu":"Vacant Area","ct":"Existing","a":1.03},"geometry":{"type":"MultiPolygon","coordinates":[[[[73.67078,32.08163],[73.67042,32.08111],[73.66985,32.08141],[73.67023,32.08192],[73.67078,32.08163]]]]}},{"type":"Feature","properties":{"lu":"Vacant Area","ct":"Existing","a":15.451},"geometry":{"type":"MultiPolygon","coordinates":[[[[73.66653,32.07028],[73.66648,32.07017],[73.66703,32.07002],[73.66711,32.07018],[73.66807,32.06988],[73.66802,32.06979],[73.66751,32.06999],[73.66766,32.06991],[73.66731,32.0692],[73.66701,32.06931],[73.66715,32.06957],[73.66689,32.06967],[73.66698,32.06983],[73.6664,32.07002],[73.66632,32.06986],[73.66712,32.06956],[73.66698,32.06932],[73.66644,32.06946],[73.66666,32.06939],[73.66658,32.06919],[73.66667,32.06938],[73.66696,32.06928],[73.66676,32.06888],[73.66672,32.06872],[73.66687,32.06867],[73.66674,32.06839],[73.66707,32.06827],[73.66703,32.06821],[73.66685,32.06828],[73.6668,32.06817],[73.66653,32.06837],[73.6664,32.06811],[73.66623,32.06816],[73.66612,32.06793],[73.66487,32.06836],[73.66494,32.06858],[73.66458,32.06869],[73.66468,32.06889],[73.66424,32.06909],[73.66434,32.06925],[73.66414,32.06936],[73.66439,32.06982],[73.66402,32.06995],[73.66378,32.06951],[73.66317,32.06973],[73.66344,32.07024],[73.66365,32.07016],[73.66373,32.07032],[73.66653,32.07028]]]]}},{"type":"Feature","properties":{"lu":"Vacant Area","ct":"Existing","a":6.103},"geometry":{"type":"MultiPolygon","coordinates":[[[[73.6747,32.07001],[73.67506,32.06997],[73.67506,32.06918],[73.67553,32.0692],[73.67558,32.06994],[73.67592,32.06995],[73.67609,32.069],[73.67569,32.06894],[73.67573,32.06879],[73.67589,32.0688],[73.67594,32.06858],[73.6743,32.06827],[73.67426,32.06879],[73.67438,32.06928],[73.67399,32.06925],[73.67398,32.0697],[73.67411,32.0697],[73.67432,32.07004],[73.6747,32.07001]]]]}},{"type":"Feature","properties":{"lu":"Vacant Area","ct":"Existing","a":1.771},"geometry":{"type":"MultiPolygon","coordinates":[[[[73.66818,32.06919],[73.6683,32.06914],[73.66847,32.06948],[73.6694,32.06914],[73.66912,32.06855],[73.66805,32.06894],[73.66818,32.06919]]]]}},{"type":"Feature","properties":{"lu":"Vacant Area","ct":"Existing","a":0.524},"geometry":{"type":"MultiPolygon","coordinates":[[[[73.66891,32.07006],[73.66863,32.06947],[73.66803,32.06971],[73.66811,32.06987],[73.66861,32.06972],[73.66878,32.07013],[73.66891,32.07006]]]]}},{"type":"Feature","properties":{"lu":"Vacant Area","ct":"Existing","a":2.204},"geometry":{"type":"MultiPolygon","coordinates":[[[[73.66595,32.07065],[73.66461,32.07116],[73.66484,32.07167],[73.6662,32.07121],[73.66609,32.07098],[73.66613,32.07088],[73.66595,32.07065]]]]}},{"type":"Feature","properties":{"lu":"Vacant Area","ct":"Existing","a":1.837},"geometry":{"type":"MultiPolygon","coordinates":[[[[73.66914,32.07398],[73.6691,32.07388],[73.66973,32.07362],[73.6693,32.07273],[73.66863,32.07298],[73.66882,32.07339],[73.66927,32.07327],[73.66939,32.07354],[73.66868,32.07383],[73.66886,32.07421],[73.66919,32.07409],[73.66914,32.07398]]]]}},{"type":"Feature","properties":{"lu":"Vacant Area","ct":"Existing","a":0.087},"geometry":{"type":"MultiPolygon","coordinates":[[[[73.66085,32.07451],[73.66124,32.07524],[73.66113,32.07527],[73.66128,32.07523],[73.66085,32.07451]]]]}},{"type":"Feature","properties":{"lu":"Vacant Area","ct":"Existing","a":0.429},"geometry":{"type":"MultiPolygon","coordinates":[[[[73.65982,32.07423],[73.65997,32.07416],[73.65966,32.07358],[73.65942,32.07366],[73.65975,32.07426],[73.65982,32.07423]]]]}},{"type":"Feature","properties":{"lu":"Vacant Area","ct":"Existing","a":5.887},"geometry":{"type":"MultiPolygon","coordinates":[[[[73.6854,32.04926],[73.68528,32.04873],[73.68364,32.04899],[73.68369,32.04925],[73.68392,32.04922],[73.68413,32.05007],[73.68194,32.0504],[73.68435,32.05021],[73.68425,32.04962],[73.68464,32.04954],[73.68474,32.05015],[73.68573,32.05002],[73.68559,32.04923],[73.6854,32.04926]]],[[[73.68459,32.0496],[73.6843,32.04965],[73.68439,32.0502],[73.68469,32.05016],[73.68459,32.0496]]]]}},{"type":"Feature","properties":{"lu":"Vacant Area","ct":"Existing","a":2.249},"geometry":{"type":"MultiPolygon","coordinates":[[[[73.68591,32.05006],[73.6851,32.05017],[73.68541,32.05178],[73.6857,32.0517],[73.68548,32.05054],[73.68637,32.0504],[73.6863,32.05001],[73.68591,32.05006]]]]}},{"type":"Feature","properties":{"lu":"Vacant Area","ct":"Existing","a":0.218},"geometry":{"type":"MultiPolygon","coordinates":[[[[73.6859,32.05],[73.68575,32.04927],[73.68565,32.04928],[73.68578,32.05002],[73.6859,32.05]]]]}},{"type":"Feature","properties":{"lu":"Vacant Area","ct":"Existing","a":0.83},"geometry":{"type":"MultiPolygon","coordinates":[[[[73.68232,32.05099],[73.68223,32.05043],[73.6817,32.05045],[73.68177,32.05106],[73.68232,32.05099]]]]}},{"type":"Feature","properties":{"lu":"Vacant Area","ct":"Existing","a":1.35},"geometry":{"type":"MultiPolygon","coordinates":[[[[73.68339,32.05084],[73.68329,32.05039],[73.68227,32.05042],[73.68236,32.05099],[73.68339,32.05084]]]]}},{"type":"Feature","properties":{"lu":"Vacant Area","ct":"Existing","a":1.294},"geometry":{"type":"MultiPolygon","coordinates":[[[[73.68536,32.05178],[73.68507,32.05017],[73.68476,32.05022],[73.68506,32.05183],[73.68536,32.05178]]]]}},{"type":"Feature","properties":{"lu":"Vacant Area","ct":"Existing","a":0.584},"geometry":{"type":"MultiPolygon","coordinates":[[[[73.71666,32.07389],[73.71624,32.07356],[73.71615,32.07384],[73.71584,32.07399],[73.71716,32.07418],[73.71666,32.07389]],[[73.71658,32.07389],[73.7165,32.07397],[73.71638,32.0739],[73.71651,32.07381],[73.71658,32.07389]]]]}},{"type":"Feature","properties":{"lu":"State Land","ct":"Existing","a":35.894},"geometry":{"type":"MultiPolygon","coordinates":[[[[73.69769,32.0833],[73.69791,32.08311],[73.69609,32.08048],[73.69618,32.08032],[73.69603,32.08027],[73.69599,32.08033],[73.69413,32.07752],[73.69399,32.07759],[73.68975,32.07129],[73.68991,32.07132],[73.68966,32.07089],[73.68947,32.07089],[73.68913,32.07035],[73.68818,32.06925],[73.68698,32.068],[73.68479,32.06594],[73.67067,32.05091],[73.67027,32.05108],[73.67466,32.05576],[73.67531,32.05639],[73.6754,32.05634],[73.67548,32.0564],[73.67527,32.05656],[73.67599,32.05721],[73.67661,32.05795],[73.67681,32.05803],[73.68414,32.06579],[73.68491,32.0664],[73.6849,32.06647],[73.68565,32.06741],[73.68576,32.06728],[73.68775,32.06927],[73.68785,32.06918],[73.68938,32.07107],[73.68926,32.07105],[73.68954,32.07149],[73.68978,32.07142],[73.69388,32.07765],[73.69375,32.07772],[73.69416,32.07837],[73.69712,32.08275],[73.69759,32.08341],[73.69767,32.08339],[73.69787,32.08384],[73.69802,32.08376],[73.69769,32.0833]]],[[[73.69024,32.0715],[73.69016,32.07154],[73.69024,32.07151],[73.69027,32.07149],[73.69024,32.0715]]]]}},{"type":"Feature","properties":{"lu":"Vacant Area","ct":"Existing","a":4.143},"geometry":{"type":"MultiPolygon","coordinates":[[[[73.66419,32.07594],[73.66572,32.07557],[73.66519,32.07561],[73.66405,32.07544],[73.66369,32.07552],[73.6632,32.07479],[73.66136,32.07562],[73.66248,32.07518],[73.66329,32.07616],[73.66419,32.07594]]]]}},{"type":"Feature","properties":{"lu":"Vacant Area","ct":"Existing","a":1.682},"geometry":{"type":"MultiPolygon","coordinates":[[[[73.2784,31.8904],[73.27845,31.89027],[73.27825,31.89025],[73.2783,31.89001],[73.27866,31.89005],[73.27853,31.88999],[73.27856,31.88976],[73.27812,31.88974],[73.2781,31.88997],[73.27794,31.88996],[73.27796,31.88974],[73.27777,31.88973],[73.27776,31.88981],[73.27766,31.88981],[73.27765,31.89003],[73.27782,31.89004],[73.27779,31.89013],[73.27765,31.89012],[73.27757,31.89054],[73.27774,31.89057],[73.2777,31.89072],[73.27813,31.89081],[73.27822,31.89037],[73.2784,31.8904]]]]}},{"type":"Feature","properties":{"lu":"Vacant Area","ct":"Existing","a":0.396},"geometry":{"type":"MultiPolygon","coordinates":[[[[73.27845,31.89125],[73.27839,31.89152],[73.27896,31.89158],[73.279,31.89132],[73.27845,31.89125]]]]}},{"type":"Feature","properties":{"lu":"Vacant Area","ct":"Existing","a":1.646},"geometry":{"type":"MultiPolygon","coordinates":[[[[73.2841,31.8914],[73.28174,31.89124],[73.28172,31.89152],[73.28409,31.89167],[73.2841,31.8914]]]]}},{"type":"Feature","properties":{"lu":"Vacant Area","ct":"Existing","a":0.717},"geometry":{"type":"MultiPolygon","coordinates":[[[[73.28931,31.89255],[73.2893,31.89243],[73.28951,31.89238],[73.28948,31.89224],[73.28931,31.89227],[73.28926,31.89194],[73.28877,31.89205],[73.28823,31.89235],[73.28903,31.89223],[73.28913,31.89257],[73.28931,31.89255]]]]}},{"type":"Feature","properties":{"lu":"Vacant Area","ct":"Existing","a":0.688},"geometry":{"type":"MultiPolygon","coordinates":[[[[73.29081,31.89263],[73.29062,31.89266],[73.29063,31.89254],[73.29079,31.89251],[73.29071,31.8921],[73.29051,31.89213],[73.29049,31.89203],[73.29034,31.89205],[73.2905,31.8929],[73.29085,31.89285],[73.29081,31.89263]]]]}},{"type":"Feature","properties":{"lu":"Vacant Area","ct":"Existing","a":0.547},"geometry":{"type":"MultiPolygon","coordinates":[[[[73.29041,31.89279],[73.29027,31.89206],[73.28992,31.89212],[73.29001,31.89262],[73.29025,31.89259],[73.29031,31.8928],[73.29041,31.89279]]]]}},{"type":"Feature","properties":{"lu":"Vacant Area","ct":"Existing","a":1.465},"geometry":{"type":"MultiPolygon","coordinates":[[[[73.28582,31.89322],[73.28592,31.89359],[73.28734,31.89346],[73.28727,31.89306],[73.28582,31.89322]]]]}},{"type":"Feature","properties":{"lu":"Vacant Area","ct":"Existing","a":1.884},"geometry":{"type":"MultiPolygon","coordinates":[[[[73.29138,31.89213],[73.29113,31.89126],[73.29061,31.89137],[73.28984,31.89175],[73.28996,31.89195],[73.29031,31.89188],[73.29033,31.892],[73.29112,31.89189],[73.29117,31.89216],[73.29138,31.89213]]]]}},{"type":"Feature","properties":{"lu":"Vacant Area","ct":"Existing","a":0.721},"geometry":{"type":"MultiPolygon","coordinates":[[[[73.29594,31.89546],[73.29591,31.89532],[73.29577,31.89534],[73.2957,31.89511],[73.29568,31.89488],[73.29582,31.89487],[73.29575,31.89456],[73.29515,31.89547],[73.29594,31.89546]]]]}},{"type":"Feature","properties":{"lu":"Vacant Area","ct":"Existing","a":2.368},"geometry":{"type":"MultiPolygon","coordinates":[[[[73.28786,31.89543],[73.28768,31.89446],[73.28804,31.89441],[73.28799,31.89418],[73.28679,31.89439],[73.2869,31.89484],[73.28715,31.89483],[73.28722,31.89544],[73.28786,31.89543]]]]}},{"type":"Feature","properties":{"lu":"Vacant Area","ct":"Existing","a":0.531},"geometry":{"type":"MultiPolygon","coordinates":[[[[73.27406,31.895],[73.27406,31.89523],[73.27497,31.89525],[73.27499,31.89503],[73.27406,31.895]]]]}},{"type":"Feature","properties":{"lu":"Vacant Area","ct":"Existing","a":1.247},"geometry":{"type":"MultiPolygon","coordinates":[[[[73.26649,31.89707],[73.26652,31.8968],[73.26635,31.89679],[73.26637,31.89657],[73.26621,31.89654],[73.26624,31.89635],[73.26586,31.89619],[73.26583,31.89668],[73.26601,31.8967],[73.26599,31.89695],[73.26617,31.89696],[73.26616,31.89708],[73.26581,31.89705],[73.2658,31.89734],[73.26628,31.89737],[73.26632,31.89707],[73.26649,31.89707]]]]}},{"type":"Feature","properties":{"lu":"Vacant Area","ct":"Existing","a":2.65},"geometry":{"type":"MultiPolygon","coordinates":[[[[73.26357,31.89532],[73.26341,31.89552],[73.26338,31.89593],[73.26422,31.89605],[73.26421,31.89617],[73.26434,31.89618],[73.26432,31.89632],[73.2644,31.89633],[73.26437,31.89668],[73.26468,31.89678],[73.26504,31.89596],[73.26482,31.89585],[73.26486,31.89579],[73.26406,31.8955],[73.26404,31.89565],[73.26397,31.89566],[73.26399,31.89547],[73.26357,31.89532]]]]}},{"type":"Feature","properties":{"lu":"Vacant Area","ct":"Existing","a":1.492},"geometry":{"type":"MultiPolygon","coordinates":[[[[73.29073,31.89813],[73.29141,31.89788],[73.2913,31.89728],[73.29042,31.89743],[73.29067,31.89814],[73.29073,31.89813]]]]}},{"type":"Feature","properties":{"lu":"Vacant Area","ct":"Existing","a":0.448},"geometry":{"type":"MultiPolygon","coordinates":[[[[73.28067,31.89823],[73.28061,31.89787],[73.28014,31.89791],[73.28017,31.89826],[73.28067,31.89823]]]]}},{"type":"Feature","properties":{"lu":"Vacant Area","ct":"Existing","a":1.484},"geometry":{"type":"MultiPolygon","coordinates":[[[[73.2821,31.90159],[73.27899,31.90132],[73.27897,31.90151],[73.28131,31.90171],[73.28208,31.90173],[73.2821,31.90159]]]]}},{"type":"Feature","properties":{"lu":"Vacant Area","ct":"Existing","a":1.048},"geometry":{"type":"MultiPolygon","coordinates":[[[[73.28084,31.90171],[73.27938,31.9016],[73.27936,31.90188],[73.28044,31.90197],[73.28044,31.90181],[73.28057,31.90184],[73.28056,31.90198],[73.28092,31.90201],[73.28091,31.90188],[73.28082,31.90187],[73.28084,31.90171]]]]}},{"type":"Feature","properties":{"lu":"Vacant Area","ct":"Existing","a":0.596},"geometry":{"type":"MultiPolygon","coordinates":[[[[73.28208,31.90179],[73.2814,31.90174],[73.28131,31.90179],[73.28126,31.90202],[73.28206,31.90206],[73.28208,31.90179]]]]}},{"type":"Feature","properties":{"lu":"Vacant Area","ct":"Existing","a":0.505},"geometry":{"type":"MultiPolygon","coordinates":[[[[73.27886,31.90188],[73.27816,31.90181],[73.27812,31.90208],[73.27884,31.90215],[73.27886,31.90188]]]]}},{"type":"Feature","properties":{"lu":"Vacant Area","ct":"Existing","a":1.288},"geometry":{"type":"MultiPolygon","coordinates":[[[[73.28101,31.90227],[73.28084,31.90226],[73.28085,31.90215],[73.28113,31.90206],[73.27994,31.90197],[73.27993,31.90211],[73.27978,31.90212],[73.27978,31.90196],[73.2792,31.90191],[73.27918,31.90219],[73.28061,31.90232],[73.28102,31.90233],[73.28101,31.90227]]]]}},{"type":"Feature","properties":{"lu":"Vacant Area","ct":"Existing","a":0.679},"geometry":{"type":"MultiPolygon","coordinates":[[[[73.28191,31.90239],[73.28106,31.90238],[73.28107,31.90268],[73.28197,31.90267],[73.28191,31.90239]]]]}},{"type":"Feature","properties":{"lu":"Vacant Area","ct":"Existing","a":0.283},"geometry":{"type":"MultiPolygon","coordinates":[[[[73.27775,31.90285],[73.27763,31.90284],[73.27759,31.90315],[73.27793,31.90318],[73.27799,31.90286],[73.27775,31.90285]]]]}},{"type":"Feature","properties":{"lu":"Vacant Area","ct":"Existing","a":0.266},"geometry":{"type":"MultiPolygon","coordinates":[[[[73.27855,31.90291],[73.27842,31.9029],[73.27838,31.90322],[73.27871,31.90324],[73.27874,31.90293],[73.27855,31.90291]]]]}},{"type":"Feature","properties":{"lu":"Vacant Area","ct":"Existing","a":0.563},"geometry":{"type":"MultiPolygon","coordinates":[[[[73.27914,31.90255],[73.27886,31.90253],[73.27877,31.90325],[73.27908,31.90327],[73.27914,31.90255]]]]}},{"type":"Feature","properties":{"lu":"Vacant Area","ct":"Existing","a":3.575},"geometry":{"type":"MultiPolygon","coordinates":[[[[73.26479,31.90286],[73.26496,31.90287],[73.26497,31.90243],[73.26546,31.90243],[73.26548,31.90211],[73.2653,31.90208],[73.26528,31.90218],[73.26504,31.90215],[73.26518,31.90183],[73.26478,31.90181],[73.2647,31.90215],[73.26444,31.9021],[73.26452,31.90172],[73.26514,31.9018],[73.26493,31.90168],[73.26499,31.9016],[73.26492,31.90131],[73.26398,31.90153],[73.2639,31.90228],[73.26403,31.90224],[73.26419,31.90244],[73.26429,31.90241],[73.26421,31.90259],[73.26435,31.90285],[73.26445,31.90285],[73.26441,31.90273],[73.26452,31.90273],[73.26457,31.90292],[73.26479,31.90286]]]]}},{"type":"Feature","properties":{"lu":"Vacant Area","ct":"Existing","a":4.734},"geometry":{"type":"MultiPolygon","coordinates":[[[[73.27076,31.90222],[73.27033,31.90079],[73.27008,31.90084],[73.27007,31.90099],[73.26955,31.90108],[73.26941,31.90115],[73.26942,31.90124],[73.26904,31.90118],[73.26895,31.9014],[73.26884,31.90138],[73.26879,31.90152],[73.26865,31.90148],[73.26863,31.90163],[73.26876,31.90164],[73.26874,31.90174],[73.26906,31.90177],[73.26912,31.90212],[73.26963,31.90215],[73.26971,31.90201],[73.26998,31.90199],[73.26996,31.90221],[73.27076,31.90222]]]]}},{"type":"Feature","properties":{"lu":"Vacant Area","ct":"Existing","a":0.22},"geometry":{"type":"MultiPolygon","coordinates":[[[[73.27908,31.90333],[73.27876,31.90329],[73.27873,31.90356],[73.27906,31.90359],[73.27908,31.90333]]]]}},{"type":"Feature","properties":{"lu":"Vacant Area","ct":"Existing","a":4.041},"geometry":{"type":"MultiPolygon","coordinates":[[[[73.26157,31.90347],[73.26344,31.90307],[73.26335,31.90285],[73.26191,31.90327],[73.26241,31.90309],[73.26236,31.90295],[73.26245,31.90291],[73.26237,31.90274],[73.2626,31.90267],[73.26256,31.90254],[73.26261,31.90252],[73.26257,31.90238],[73.26231,31.90246],[73.26236,31.90262],[73.26194,31.9027],[73.26188,31.90253],[73.26308,31.90219],[73.26301,31.90203],[73.26245,31.90219],[73.26248,31.90226],[73.26238,31.90228],[73.26236,31.90222],[73.26105,31.90261],[73.2613,31.9035],[73.26157,31.90347]]]]}},{"type":"Feature","properties":{"lu":"Vacant Area","ct":"Existing","a":0.33},"geometry":{"type":"MultiPolygon","coordinates":[[[[73.26384,31.90359],[73.26372,31.90337],[73.26323,31.90355],[73.26333,31.90376],[73.26384,31.90359]]]]}},{"type":"Feature","properties":{"lu":"Vacant Area","ct":"Existing","a":0.41},"geometry":{"type":"MultiPolygon","coordinates":[[[[73.26322,31.90375],[73.26298,31.90324],[73.26273,31.9033],[73.26296,31.90386],[73.26322,31.90375]]]]}},{"type":"Feature","properties":{"lu":"Vacant Area","ct":"Existing","a":0.417},"geometry":{"type":"MultiPolygon","coordinates":[[[[73.26271,31.90341],[73.26266,31.90331],[73.26241,31.90337],[73.26268,31.90397],[73.26291,31.90388],[73.26271,31.90341]]]]}},{"type":"Feature","properties":{"lu":"Vacant Area","ct":"Existing","a":0.537},"geometry":{"type":"MultiPolygon","coordinates":[[[[73.26422,31.90436],[73.26407,31.90402],[73.26353,31.90421],[73.26367,31.90454],[73.26422,31.90436]]]]}},{"type":"Feature","properties":{"lu":"Vacant Area","ct":"Existing","a":14.85},"geometry":{"type":"MultiPolygon","coordinates":[[[[73.27587,31.90426],[73.27588,31.90407],[73.27568,31.90404],[73.27576,31.90359],[73.27585,31.90359],[73.27586,31.90347],[73.27618,31.90346],[73.2763,31.90272],[73.27612,31.9027],[73.27611,31.9023],[73.27622,31.9023],[73.27623,31.9022],[73.27642,31.90225],[73.27643,31.90213],[73.27598,31.90206],[73.27605,31.90178],[73.27636,31.9018],[73.27636,31.90168],[73.27602,31.90168],[73.27601,31.90148],[73.27624,31.90144],[73.27623,31.90137],[73.27567,31.90146],[73.27563,31.90198],[73.27539,31.90203],[73.27539,31.9021],[73.27561,31.90213],[73.27557,31.90247],[73.27473,31.90245],[73.27465,31.90172],[73.27456,31.90174],[73.27455,31.9019],[73.27421,31.90192],[73.27421,31.90182],[73.27387,31.90191],[73.27368,31.90229],[73.2742,31.90231],[73.2742,31.90265],[73.27388,31.90263],[73.27386,31.9028],[73.27343,31.90275],[73.2733,31.90301],[73.27369,31.90307],[73.27369,31.90329],[73.27321,31.90325],[73.27342,31.904],[73.27406,31.90401],[73.27404,31.90417],[73.27389,31.90418],[73.2739,31.90438],[73.27354,31.9044],[73.27358,31.90459],[73.2748,31.90446],[73.27479,31.90437],[73.2754,31.90427],[73.27587,31.90426]]]]}},{"type":"Feature","properties":{"lu":"Vacant Area","ct":"Existing","a":0.936},"geometry":{"type":"MultiPolygon","coordinates":[[[[73.26493,31.90464],[73.26483,31.90447],[73.26523,31.90429],[73.2651,31.9041],[73.26474,31.90423],[73.26481,31.90434],[73.26376,31.90474],[73.26383,31.90492],[73.2646,31.90465],[73.26471,31.90478],[73.26493,31.90464]]]]}},{"type":"Feature","properties":{"lu":"Vacant Area","ct":"Existing","a":0.473},"geometry":{"type":"MultiPolygon","coordinates":[[[[73.26461,31.9047],[73.26385,31.90496],[73.26398,31.90525],[73.26467,31.9048],[73.26461,31.9047]]]]}},{"type":"Feature","properties":{"lu":"Vacant Area","ct":"Existing","a":0.473},"geometry":{"type":"MultiPolygon","coordinates":[[[[73.26394,31.90527],[73.2637,31.90475],[73.26342,31.90486],[73.26368,31.90543],[73.26394,31.90527]]]]}},{"type":"Feature","properties":{"lu":"Vacant Area","ct":"Existing","a":0.641},"geometry":{"type":"MultiPolygon","coordinates":[[[[73.26273,31.90493],[73.26305,31.90565],[73.26312,31.90572],[73.26336,31.9056],[73.26297,31.90483],[73.26273,31.90493]]]]}},{"type":"Feature","properties":{"lu":"Vacant Area","ct":"Existing","a":5.096},"geometry":{"type":"MultiPolygon","coordinates":[[[[73.28095,31.90444],[73.28062,31.90444],[73.28061,31.90427],[73.27972,31.90424],[73.2797,31.90451],[73.27906,31.90447],[73.27904,31.90467],[73.27878,31.90465],[73.27879,31.90447],[73.27856,31.90447],[73.27855,31.90483],[73.27873,31.90482],[73.27872,31.90516],[73.2792,31.90517],[73.27918,31.90536],[73.27965,31.90534],[73.27967,31.90526],[73.28094,31.90528],[73.28095,31.90444]]]]}},{"type":"Feature","properties":{"lu":"Vacant Area","ct":"Existing","a":2.025},"geometry":{"type":"MultiPolygon","coordinates":[[[[73.27325,31.91208],[73.27292,31.91071],[73.27264,31.91063],[73.27263,31.91105],[73.27278,31.91173],[73.2719,31.91216],[73.272,31.91228],[73.27325,31.91208]]]]}},{"type":"Feature","properties":{"lu":"Vacant Area","ct":"Existing","a":0.902},"geometry":{"type":"MultiPolygon","coordinates":[[[[73.27731,31.91751],[73.27715,31.91751],[73.27719,31.91792],[73.27807,31.91791],[73.27805,31.91755],[73.27731,31.91751]]]]}},{"type":"Feature","properties":{"lu":"Vacant Area","ct":"Existing","a":7.108},"geometry":{"type":"MultiPolygon","coordinates":[[[[73.27084,31.89715],[73.27077,31.89714],[73.27079,31.89691],[73.27114,31.89693],[73.27121,31.89624],[73.27174,31.89628],[73.27178,31.89601],[73.27158,31.89599],[73.2716,31.89567],[73.27089,31.89563],[73.27095,31.89532],[73.27069,31.8953],[73.27067,31.89493],[73.27059,31.89493],[73.27058,31.8948],[73.27046,31.89481],[73.27037,31.89454],[73.26971,31.89457],[73.2697,31.89446],[73.26956,31.89447],[73.26957,31.89462],[73.26966,31.89462],[73.26965,31.89552],[73.26996,31.89524],[73.27,31.89492],[73.27027,31.89493],[73.27033,31.89511],[73.27024,31.89528],[73.26997,31.89529],[73.26973,31.89548],[73.26965,31.8956],[73.26985,31.89561],[73.26994,31.89585],[73.26954,31.89582],[73.26945,31.89623],[73.26984,31.89626],[73.26985,31.89643],[73.27012,31.89645],[73.27015,31.8959],[73.27094,31.89596],[73.27093,31.89621],[73.27059,31.89621],[73.27059,31.89651],[73.27084,31.89653],[73.27084,31.89659],[73.27067,31.89656],[73.27065,31.8968],[73.27044,31.89678],[73.27048,31.89652],[73.26986,31.89647],[73.26989,31.89678],[73.27033,31.89687],[73.27029,31.89705],[73.27067,31.89712],[73.27065,31.8974],[73.27073,31.89742],[73.27084,31.89715]]]]}},{"type":"Feature","properties":{"lu":"Vacant Area","ct":"Existing","a":0.607},"geometry":{"type":"MultiPolygon","coordinates":[[[[73.29565,31.89609],[73.29534,31.89613],[73.29525,31.89608],[73.29558,31.89599],[73.29551,31.89581],[73.29488,31.89605],[73.29581,31.89653],[73.29565,31.89609]]]]}},{"type":"Feature","properties":{"lu":"Vacant Area","ct":"Existing","a":3.424},"geometry":{"type":"MultiPolygon","coordinates":[[[[73.29524,31.89627],[73.29483,31.89607],[73.29468,31.89613],[73.29383,31.89683],[73.29399,31.89744],[73.29524,31.89721],[73.2951,31.89667],[73.29531,31.89661],[73.29524,31.89627]]]]}},{"type":"Feature","properties":{"lu":"Vacant Area","ct":"Existing","a":0.091},"geometry":{"type":"MultiPolygon","coordinates":[[[[73.29014,31.8932],[73.29012,31.89314],[73.29039,31.8931],[73.29036,31.89297],[73.2901,31.89302],[73.29014,31.8932]]]]}},{"type":"Feature","properties":{"lu":"Vacant Area","ct":"Existing","a":0.16},"geometry":{"type":"MultiPolygon","coordinates":[[[[73.29145,31.89256],[73.2914,31.89225],[73.2912,31.89228],[73.29126,31.89259],[73.29145,31.89256]]]]}},{"type":"Feature","properties":{"lu":"Vacant Area","ct":"Existing","a":0.261},"geometry":{"type":"MultiPolygon","coordinates":[[[[73.29133,31.89294],[73.2913,31.89281],[73.29054,31.89294],[73.29058,31.89307],[73.29133,31.89294]]]]}},{"type":"Feature","properties":{"lu":"Vacant Area","ct":"Existing","a":0.206},"geometry":{"type":"MultiPolygon","coordinates":[[[[73.29121,31.89258],[73.29085,31.89262],[73.29089,31.89284],[73.29123,31.89279],[73.29121,31.89258]]]]}},{"type":"Feature","properties":{"lu":"Vacant Area","ct":"Existing","a":0.284},"geometry":{"type":"MultiPolygon","coordinates":[[[[73.29119,31.89244],[73.2911,31.89197],[73.29075,31.89199],[73.29078,31.89216],[73.29098,31.89215],[73.29105,31.89246],[73.29119,31.89244]]]]}},{"type":"Feature","properties":{"lu":"Vacant Area","ct":"Existing","a":0.141},"geometry":{"type":"MultiPolygon","coordinates":[[[[73.28813,31.89487],[73.28809,31.8947],[73.28778,31.89474],[73.28781,31.89491],[73.28813,31.89487]]]]}},{"type":"Feature","properties":{"lu":"Vacant Area","ct":"Existing","a":0.308},"geometry":{"type":"MultiPolygon","coordinates":[[[[73.28823,31.89542],[73.28816,31.89503],[73.28785,31.89507],[73.28792,31.89543],[73.28823,31.89542]]]]}},{"type":"Feature","properties":{"lu":"Vacant Area","ct":"Existing","a":0.125},"geometry":{"type":"MultiPolygon","coordinates":[[[[73.27913,31.90158],[73.27896,31.90156],[73.27893,31.90184],[73.2791,31.90186],[73.27913,31.90158]]]]}},{"type":"Feature","properties":{"lu":"Vacant Area","ct":"Existing","a":0.194},"geometry":{"type":"MultiPolygon","coordinates":[[[[73.28094,31.90172],[73.28092,31.90182],[73.28104,31.90183],[73.281,31.90202],[73.28121,31.90203],[73.28127,31.90174],[73.28094,31.90172]]]]}},{"type":"Feature","properties":{"lu":"Vacant Area","ct":"Existing","a":1.238},"geometry":{"type":"MultiPolygon","coordinates":[[[[73.27805,31.90542],[73.27814,31.90519],[73.27856,31.9052],[73.27855,31.90483],[73.27831,31.90481],[73.2784,31.90447],[73.27806,31.90447],[73.27799,31.90489],[73.27775,31.90485],[73.27768,31.9053],[73.27795,31.90531],[73.27794,31.90546],[73.27805,31.90542]]]]}},{"type":"Feature","properties":{"lu":"Vacant Area","ct":"Existing","a":6.219},"geometry":{"type":"MultiPolygon","coordinates":[[[[73.27823,31.90544],[73.27821,31.90563],[73.278,31.90562],[73.27799,31.9058],[73.2782,31.90581],[73.27818,31.90596],[73.27777,31.90594],[73.27779,31.90576],[73.27763,31.90577],[73.2776,31.90607],[73.27917,31.90615],[73.27911,31.9067],[73.27943,31.90673],[73.27945,31.90658],[73.27932,31.90655],[73.27945,31.90657],[73.2795,31.9061],[73.28089,31.90619],[73.2809,31.90597],[73.28047,31.90594],[73.2809,31.90594],[73.28093,31.90531],[73.2802,31.90531],[73.28015,31.90576],[73.28017,31.90531],[73.27823,31.90544]]]]}},{"type":"Feature","properties":{"lu":"Vacant Area","ct":"Existing","a":1.282},"geometry":{"type":"MultiPolygon","coordinates":[[[[73.27822,31.91935],[73.27824,31.91883],[73.27743,31.91871],[73.27746,31.91842],[73.27714,31.91845],[73.27712,31.91908],[73.27772,31.91893],[73.27791,31.91938],[73.27822,31.91935]]]]}},{"type":"Feature","properties":{"lu":"Vacant Area","ct":"Existing","a":0.695},"geometry":{"type":"MultiPolygon","coordinates":[[[[73.27095,31.90367],[73.27113,31.90354],[73.27101,31.9031],[73.27091,31.90312],[73.27087,31.90301],[73.27063,31.90305],[73.27056,31.90353],[73.27074,31.90353],[73.27078,31.9037],[73.27095,31.90367]]]]}},{"type":"Feature","properties":{"lu":"Vacant Area","ct":"Existing","a":1.101},"geometry":{"type":"MultiPolygon","coordinates":[[[[73.26759,31.89687],[73.26707,31.89668],[73.26701,31.89672],[73.26694,31.89661],[73.26663,31.89652],[73.26651,31.89717],[73.2668,31.89721],[73.26679,31.8974],[73.26719,31.89699],[73.26759,31.89687]]]]}},{"type":"Feature","properties":{"lu":"Vacant Area","ct":"Existing","a":3.424},"geometry":{"type":"MultiPolygon","coordinates":[[[[73.27214,31.8954],[73.27243,31.89541],[73.27246,31.89514],[73.27272,31.89512],[73.27276,31.89475],[73.27268,31.89474],[73.27268,31.89463],[73.27259,31.89463],[73.2726,31.89455],[73.27224,31.89453],[73.27224,31.89441],[73.27208,31.89441],[73.27204,31.89479],[73.27097,31.89472],[73.27095,31.89532],[73.27165,31.89538],[73.27162,31.89574],[73.27198,31.89578],[73.27202,31.8953],[73.27215,31.89529],[73.27214,31.8954]]]]}},{"type":"Feature","properties":{"lu":"Vacant Area","ct":"Existing","a":0.582},"geometry":{"type":"MultiPolygon","coordinates":[[[[73.27239,31.89619],[73.27218,31.89616],[73.27216,31.89601],[73.27195,31.89602],[73.2719,31.89637],[73.27201,31.89638],[73.27198,31.8966],[73.27226,31.89664],[73.2723,31.8965],[73.27243,31.8965],[73.27239,31.89619]]]]}},{"type":"Feature","properties":{"lu":"Vacant Area","ct":"Existing","a":0.681},"geometry":{"type":"MultiPolygon","coordinates":[[[[73.276,31.89573],[73.27606,31.8956],[73.27633,31.89563],[73.27644,31.89523],[73.27633,31.89522],[73.27633,31.89511],[73.27611,31.89509],[73.2761,31.89521],[73.27591,31.89519],[73.27584,31.89581],[73.27598,31.89582],[73.276,31.89573]]]]}},{"type":"Feature","properties":{"lu":"Vacant Area","ct":"Existing","a":0.85},"geometry":{"type":"MultiPolygon","coordinates":[[[[73.27981,31.90294],[73.27986,31.90262],[73.27919,31.90256],[73.27914,31.90315],[73.27962,31.90318],[73.27956,31.90292],[73.27981,31.90294]]]]}},{"type":"Feature","properties":{"lu":"Vacant Area","ct":"Existing","a":0.478},"geometry":{"type":"MultiPolygon","coordinates":[[[[73.27968,31.90418],[73.27949,31.90417],[73.27951,31.90403],[73.27969,31.90404],[73.27972,31.90381],[73.27939,31.90379],[73.27934,31.90446],[73.27966,31.90446],[73.27968,31.90418]]]]}},{"type":"Feature","properties":{"lu":"Vacant Area","ct":"Existing","a":2.541},"geometry":{"type":"MultiPolygon","coordinates":[[[[73.28038,31.90266],[73.28036,31.90293],[73.28005,31.9029],[73.28006,31.9028],[73.28027,31.90279],[73.28028,31.90266],[73.27991,31.90263],[73.2798,31.90356],[73.28098,31.90357],[73.28101,31.9027],[73.28038,31.90266]]]]}},{"type":"Feature","properties":{"lu":"Vacant Area","ct":"Existing","a":0.794},"geometry":{"type":"MultiPolygon","coordinates":[[[[73.27976,31.90392],[73.27984,31.90393],[73.27983,31.90405],[73.28009,31.90405],[73.28007,31.9042],[73.28037,31.90423],[73.28036,31.90361],[73.2798,31.90359],[73.27976,31.90392]]]]}},{"type":"Feature","properties":{"lu":"Vacant Area","ct":"Existing","a":0.221},"geometry":{"type":"MultiPolygon","coordinates":[[[[73.27871,31.9052],[73.27865,31.9052],[73.27864,31.90538],[73.27915,31.90536],[73.27915,31.90521],[73.27871,31.9052]]]]}},{"type":"Feature","properties":{"lu":"Vacant Area","ct":"Existing","a":1.729},"geometry":{"type":"MultiPolygon","coordinates":[[[[73.28084,31.90683],[73.28088,31.90636],[73.28054,31.90637],[73.28054,31.90628],[73.28067,31.90628],[73.28068,31.90621],[73.28016,31.90618],[73.28015,31.90629],[73.28048,31.90631],[73.28048,31.90653],[73.28012,31.9066],[73.28029,31.90644],[73.28015,31.90643],[73.28015,31.90633],[73.27994,31.90632],[73.27994,31.90621],[73.2801,31.90623],[73.2801,31.90618],[73.27955,31.90615],[73.27948,31.90673],[73.28084,31.90683]]]]}},{"type":"Feature","properties":{"lu":"Vacant Area","ct":"Existing","a":0.488},"geometry":{"type":"MultiPolygon","coordinates":[[[[73.38354,32.05409],[73.38329,32.05405],[73.3832,32.05457],[73.38356,32.05462],[73.38363,32.05411],[73.38354,32.05409]]]]}},{"type":"Feature","properties":{"lu":"Vacant Area","ct":"Existing","a":0.906},"geometry":{"type":"MultiPolygon","coordinates":[[[[73.38372,32.05405],[73.38389,32.05408],[73.38388,32.05414],[73.38371,32.05413],[73.38363,32.05463],[73.38401,32.05468],[73.38415,32.05373],[73.38375,32.0537],[73.38372,32.05405]]]]}},{"type":"Feature","properties":{"lu":"Vacant Area","ct":"Existing","a":1.072},"geometry":{"type":"MultiPolygon","coordinates":[[[[73.38457,32.05361],[73.38421,32.05358],[73.38405,32.05468],[73.38443,32.05473],[73.38457,32.05361]]]]}},{"type":"Feature","properties":{"lu":"Vacant Area","ct":"Existing","a":1.927},"geometry":{"type":"MultiPolygon","coordinates":[[[[73.3728,32.05467],[73.37286,32.05485],[73.37412,32.05498],[73.37405,32.05533],[73.37428,32.05535],[73.37429,32.05549],[73.37415,32.05547],[73.37412,32.05559],[73.37475,32.05564],[73.37487,32.05488],[73.3728,32.05467]]]]}},{"type":"Feature","properties":{"lu":"Vacant Area","ct":"Existing","a":1.403},"geometry":{"type":"MultiPolygon","coordinates":[[[[73.38464,32.05487],[73.38444,32.05485],[73.3843,32.05594],[73.38477,32.05599],[73.38495,32.0549],[73.38464,32.05487]]]]}},{"type":"Feature","properties":{"lu":"Vacant Area","ct":"Existing","a":1.534},"geometry":{"type":"MultiPolygon","coordinates":[[[[73.37587,32.05379],[73.37589,32.0537],[73.37542,32.05363],[73.37521,32.05483],[73.37571,32.05491],[73.37587,32.05379]]]]}},{"type":"Feature","properties":{"lu":"Vacant Area","ct":"Existing","a":1.307},"geometry":{"type":"MultiPolygon","coordinates":[[[[73.38323,32.05587],[73.38304,32.05585],[73.38301,32.05613],[73.38472,32.0563],[73.38476,32.05603],[73.38323,32.05587]]]]}},{"type":"Feature","properties":{"lu":"Vacant Area","ct":"Existing","a":1.388},"geometry":{"type":"MultiPolygon","coordinates":[[[[73.38164,32.05922],[73.38132,32.05919],[73.38129,32.05941],[73.38106,32.05938],[73.38109,32.05916],[73.38093,32.05914],[73.38084,32.05963],[73.38149,32.05971],[73.38146,32.05992],[73.38214,32.06],[73.38218,32.05975],[73.38171,32.0597],[73.38176,32.05926],[73.38164,32.05922]]]]}},{"type":"Feature","properties":{"lu":"Vacant Area","ct":"Existing","a":1.741},"geometry":{"type":"MultiPolygon","coordinates":[[[[73.38423,32.05949],[73.38415,32.05936],[73.3836,32.0593],[73.38357,32.05943],[73.38318,32.05939],[73.3832,32.05925],[73.38305,32.05923],[73.38294,32.05994],[73.38367,32.06003],[73.38371,32.05991],[73.384,32.05994],[73.38406,32.05948],[73.38423,32.05949]]]]}},{"type":"Feature","properties":{"lu":"Vacant Area","ct":"Existing","a":0.438},"geometry":{"type":"MultiPolygon","coordinates":[[[[73.38222,32.06006],[73.38214,32.06029],[73.38284,32.06038],[73.38287,32.06013],[73.38222,32.06006]]]]}},{"type":"Feature","properties":{"lu":"Vacant Area","ct":"Existing","a":1.019},"geometry":{"type":"MultiPolygon","coordinates":[[[[73.38777,32.05994],[73.38728,32.05991],[73.38721,32.06054],[73.38736,32.06055],[73.38736,32.06087],[73.38762,32.06089],[73.38777,32.05994]]]]}},{"type":"Feature","properties":{"lu":"Vacant Area","ct":"Existing","a":1.792},"geometry":{"type":"MultiPolygon","coordinates":[[[[73.38126,32.06145],[73.38125,32.06159],[73.38192,32.06168],[73.382,32.06109],[73.38062,32.06093],[73.38056,32.06135],[73.38126,32.06145]]]]}},{"type":"Feature","properties":{"lu":"Vacant Area","ct":"Existing","a":1.137},"geometry":{"type":"MultiPolygon","coordinates":[[[[73.37316,32.06273],[73.37316,32.06251],[73.37235,32.06245],[73.37237,32.06216],[73.372,32.06212],[73.37189,32.06266],[73.37316,32.06273]]]]}},{"type":"Feature","properties":{"lu":"Vacant Area","ct":"Existing","a":2.158},"geometry":{"type":"MultiPolygon","coordinates":[[[[73.3723,32.06311],[73.37154,32.06307],[73.37155,32.06296],[73.37184,32.06296],[73.37184,32.0629],[73.37234,32.06298],[73.37239,32.06281],[73.37075,32.06262],[73.37067,32.06326],[73.37096,32.06328],[73.37098,32.06312],[73.37127,32.06316],[73.37124,32.0633],[73.37222,32.06337],[73.3723,32.06311]]]]}},{"type":"Feature","properties":{"lu":"Vacant Area","ct":"Existing","a":2.858},"geometry":{"type":"MultiPolygon","coordinates":[[[[73.3745,32.0674],[73.37445,32.06733],[73.37452,32.06727],[73.37457,32.06738],[73.37466,32.06734],[73.37463,32.06722],[73.37474,32.06721],[73.37478,32.0673],[73.37488,32.06726],[73.37482,32.06705],[73.37491,32.06703],[73.37495,32.06711],[73.37512,32.06704],[73.37503,32.06679],[73.37519,32.06675],[73.37531,32.06696],[73.37572,32.06685],[73.37571,32.06678],[73.37581,32.06675],[73.3756,32.06604],[73.37554,32.06604],[73.37556,32.0662],[73.37433,32.06632],[73.37444,32.06723],[73.37434,32.06727],[73.3744,32.06744],[73.3745,32.0674]]]]}},{"type":"Feature","properties":{"lu":"Vacant Area","ct":"Existing","a":0.362},"geometry":{"type":"MultiPolygon","coordinates":[[[[73.38229,32.06568],[73.38223,32.06568],[73.38221,32.06582],[73.38235,32.06587],[73.38239,32.06557],[73.38229,32.06558],[73.38229,32.06568]]],[[[73.38179,32.06611],[73.38181,32.06598],[73.38165,32.06595],[73.38163,32.0661],[73.38179,32.06611]]],[[[73.38342,32.06637],[73.38362,32.0664],[73.3836,32.06617],[73.38339,32.06616],[73.38342,32.06637]]],[[[73.38282,32.06649],[73.38296,32.06651],[73.38297,32.06638],[73.38285,32.06636],[73.38282,32.06649]]],[[[73.38041,32.06702],[73.38056,32.067],[73.3806,32.06689],[73.38041,32.06689],[73.38041,32.06702]]],[[[73.38074,32.06775],[73.38073,32.06771],[73.38073,32.06776],[73.38074,32.06775]]]]}},{"type":"Feature","properties":{"lu":"Vacant Area","ct":"Existing","a":12.042},"geometry":{"type":"MultiPolygon","coordinates":[[[[73.38742,32.06789],[73.38736,32.06782],[73.38743,32.06777],[73.38762,32.06658],[73.3862,32.06641],[73.38623,32.06625],[73.38563,32.06622],[73.38551,32.06718],[73.38538,32.06717],[73.3854,32.06699],[73.38433,32.06692],[73.38434,32.06722],[73.38402,32.06918],[73.38434,32.06922],[73.3845,32.06804],[73.38618,32.06823],[73.38637,32.06741],[73.38742,32.06789]]]]}},{"type":"Feature","properties":{"lu":"Vacant Area","ct":"Existing","a":1.783},"geometry":{"type":"MultiPolygon","coordinates":[[[[73.3791,32.07112],[73.3792,32.07057],[73.37847,32.07049],[73.37844,32.07079],[73.37774,32.07077],[73.37788,32.07125],[73.3783,32.07129],[73.37832,32.07108],[73.3791,32.07112]]]]}},{"type":"Feature","properties":{"lu":"Vacant Area","ct":"Existing","a":0.683},"geometry":{"type":"MultiPolygon","coordinates":[[[[73.38253,32.07233],[73.38248,32.07253],[73.38374,32.07269],[73.38375,32.07248],[73.38253,32.07233]]]]}},{"type":"Feature","properties":{"lu":"Vacant Area","ct":"Existing","a":2.862},"geometry":{"type":"MultiPolygon","coordinates":[[[[73.37832,32.07299],[73.37888,32.07437],[73.37896,32.07215],[73.37805,32.07209],[73.37811,32.07229],[73.37822,32.07229],[73.37825,32.07236],[73.37813,32.07236],[73.37832,32.07299]]]]}},{"type":"Feature","properties":{"lu":"Vacant Area","ct":"Existing","a":6.689},"geometry":{"type":"MultiPolygon","coordinates":[[[[73.38673,32.05856],[73.38664,32.05917],[73.38627,32.05914],[73.38625,32.05944],[73.38595,32.05941],[73.38594,32.05956],[73.38613,32.05956],[73.38612,32.05972],[73.38935,32.06004],[73.38946,32.05963],[73.38801,32.05953],[73.38814,32.05874],[73.38673,32.05856]]]]}},{"type":"Feature","properties":{"lu":"Vacant Area","ct":"Existing","a":7.531},"geometry":{"type":"MultiPolygon","coordinates":[[[[73.38952,32.06131],[73.38776,32.06112],[73.38788,32.06055],[73.38854,32.06062],[73.38862,32.06001],[73.38851,32.06001],[73.38844,32.06051],[73.38838,32.06049],[73.38845,32.06001],[73.38819,32.05999],[73.38811,32.06047],[73.38812,32.06],[73.38783,32.05996],[73.38765,32.06098],[73.38726,32.06092],[73.3873,32.06061],[73.38715,32.06058],[73.38717,32.06033],[73.38686,32.06029],[73.38681,32.06054],[73.38628,32.06048],[73.38618,32.06094],[73.38637,32.06098],[73.38632,32.06144],[73.3865,32.06147],[73.3865,32.06157],[73.38727,32.06167],[73.38911,32.06184],[73.38939,32.06171],[73.38952,32.06131]]]]}},{"type":"Feature","properties":{"lu":"Vacant Area","ct":"Existing","a":0.898},"geometry":{"type":"MultiPolygon","coordinates":[[[[73.38686,32.06251],[73.38619,32.06245],[73.38613,32.06298],[73.38677,32.06301],[73.38686,32.06251]]]]}},{"type":"Feature","properties":{"lu":"Vacant Area","ct":"Existing","a":0.779},"geometry":{"type":"MultiPolygon","coordinates":[[[[73.38656,32.06159],[73.3863,32.06157],[73.3862,32.06238],[73.38686,32.06244],[73.38685,32.06224],[73.38652,32.06219],[73.38656,32.06159]]]]}},{"type":"Feature","properties":{"lu":"Vacant Area","ct":"Existing","a":0.157},"geometry":{"type":"MultiPolygon","coordinates":[[[[73.38481,32.05345],[73.38436,32.0534],[73.38434,32.05353],[73.38479,32.05359],[73.38481,32.05345]]]]}},{"type":"Feature","properties":{"lu":"Vacant Area","ct":"Existing","a":0.204},"geometry":{"type":"MultiPolygon","coordinates":[[[[73.38622,32.05362],[73.38553,32.05354],[73.3855,32.05366],[73.3862,32.05372],[73.38622,32.05362]]]]}},{"type":"Feature","properties":{"lu":"Vacant Area","ct":"Existing","a":1.101},"geometry":{"type":"MultiPolygon","coordinates":[[[[73.38418,32.05352],[73.38419,32.05339],[73.38399,32.05337],[73.38395,32.05359],[73.38366,32.05354],[73.38368,32.05334],[73.38349,32.05332],[73.38346,32.05354],[73.38317,32.05352],[73.38308,32.05415],[73.38323,32.05418],[73.38326,32.05401],[73.38364,32.05404],[73.38371,32.05366],[73.38416,32.05369],[73.38418,32.05352]]]]}},{"type":"Feature","properties":{"lu":"Vacant Area","ct":"Existing","a":1.116},"geometry":{"type":"MultiPolygon","coordinates":[[[[73.38504,32.05607],[73.3848,32.05605],[73.38474,32.05637],[73.38468,32.05637],[73.38296,32.05616],[73.383,32.0558],[73.38285,32.05578],[73.38277,32.05629],[73.38485,32.05653],[73.38504,32.05607]]]]}},{"type":"Feature","properties":{"lu":"Vacant Area","ct":"Existing","a":0.437},"geometry":{"type":"MultiPolygon","coordinates":[[[[73.38255,32.05875],[73.38223,32.05871],[73.38214,32.0594],[73.38225,32.05941],[73.38228,32.05922],[73.38248,32.0591],[73.38255,32.05875]]]]}},{"type":"Feature","properties":{"lu":"Vacant Area","ct":"Existing","a":0.668},"geometry":{"type":"MultiPolygon","coordinates":[[[[73.38289,32.0588],[73.38258,32.05876],[73.38253,32.0591],[73.38231,32.05926],[73.38228,32.05941],[73.3828,32.05947],[73.38289,32.0588]]]]}},{"type":"Feature","properties":{"lu":"Vacant Area","ct":"Existing","a":0.715},"geometry":{"type":"MultiPolygon","coordinates":[[[[73.38219,32.0587],[73.3819,32.05866],[73.38176,32.05964],[73.38204,32.05968],[73.38219,32.0587]]]]}},{"type":"Feature","properties":{"lu":"Vacant Area","ct":"Existing","a":1.307},"geometry":{"type":"MultiPolygon","coordinates":[[[[73.37716,32.05564],[73.37568,32.05548],[73.37563,32.05583],[73.37709,32.05598],[73.37716,32.05564]]]]}},{"type":"Feature","properties":{"lu":"Vacant Area","ct":"Existing","a":0.838},"geometry":{"type":"MultiPolygon","coordinates":[[[[73.37559,32.05547],[73.37559,32.05536],[73.37518,32.05531],[73.37523,32.05484],[73.37519,32.05491],[73.37509,32.0549],[73.37502,32.0554],[73.37486,32.0554],[73.37484,32.05555],[73.375,32.05558],[73.375,32.05572],[73.37554,32.05578],[73.37559,32.05547]]]]}},{"type":"Feature","properties":{"lu":"Vacant Area","ct":"Existing","a":0.292},"geometry":{"type":"MultiPolygon","coordinates":[[[[73.37521,32.05436],[73.37495,32.05432],[73.37488,32.05476],[73.37514,32.05478],[73.37521,32.05436]]]]}},{"type":"Feature","properties":{"lu":"Vacant Area","ct":"Existing","a":0.734},"geometry":{"type":"MultiPolygon","coordinates":[[[[73.37508,32.05359],[73.37504,32.05381],[73.37491,32.05379],[73.37495,32.05357],[73.3746,32.05353],[73.37453,32.05396],[73.37527,32.05403],[73.37533,32.05362],[73.37508,32.05359]]]]}},{"type":"Feature","properties":{"lu":"Vacant Area","ct":"Existing","a":0.359},"geometry":{"type":"MultiPolygon","coordinates":[[[[73.37452,32.05401],[73.37449,32.05419],[73.37523,32.05427],[73.37526,32.05409],[73.37452,32.05401]]]]}},{"type":"Feature","properties":{"lu":"Vacant Area","ct":"Existing","a":1.436},"geometry":{"type":"MultiPolygon","coordinates":[[[[73.37412,32.05411],[73.3738,32.05407],[73.37374,32.05399],[73.3732,32.05398],[73.37315,32.05461],[73.37403,32.05468],[73.37412,32.05411]]]]}},{"type":"Feature","properties":{"lu":"Vacant Area","ct":"Existing","a":0.686},"geometry":{"type":"MultiPolygon","coordinates":[[[[73.37141,32.06175],[73.3712,32.06173],[73.37112,32.06232],[73.3708,32.06227],[73.37077,32.06252],[73.37131,32.06259],[73.37141,32.06175]]]]}},{"type":"Feature","properties":{"lu":"Vacant Area","ct":"Existing","a":0.815},"geometry":{"type":"MultiPolygon","coordinates":[[[[73.37193,32.06211],[73.37156,32.06206],[73.37163,32.06177],[73.37146,32.06175],[73.37137,32.06259],[73.37185,32.06266],[73.37189,32.0624],[73.37178,32.06237],[73.37189,32.06238],[73.37193,32.06211]]]]}},{"type":"Feature","properties":{"lu":"Vacant Area","ct":"Existing","a":1.934},"geometry":{"type":"MultiPolygon","coordinates":[[[[73.38428,32.06726],[73.38387,32.06722],[73.38361,32.06913],[73.38393,32.06917],[73.38428,32.06726]]]]}},{"type":"Feature","properties":{"lu":"Vacant Area","ct":"Existing","a":1.072},"geometry":{"type":"MultiPolygon","coordinates":[[[[73.38065,32.06826],[73.3805,32.06879],[73.38128,32.06887],[73.38133,32.0683],[73.38065,32.06826]]]]}},{"type":"Feature","properties":{"lu":"Vacant Area","ct":"Existing","a":0.184},"geometry":{"type":"MultiPolygon","coordinates":[[[[73.38392,32.07164],[73.38375,32.07162],[73.38371,32.07205],[73.38388,32.07206],[73.38392,32.07164]]]]}},{"type":"Feature","properties":{"lu":"Vacant Area","ct":"Existing","a":0.367},"geometry":{"type":"MultiPolygon","coordinates":[[[[73.3837,32.07161],[73.38336,32.07157],[73.38332,32.072],[73.38364,32.07204],[73.3837,32.07161]]]]}},{"type":"Feature","properties":{"lu":"Vacant Area","ct":"Existing","a":0.445},"geometry":{"type":"MultiPolygon","coordinates":[[[[73.38329,32.07156],[73.3829,32.07152],[73.38282,32.07194],[73.38324,32.07198],[73.38329,32.07156]]]]}},{"type":"Feature","properties":{"lu":"Vacant Area","ct":"Existing","a":10.662},"geometry":{"type":"MultiPolygon","coordinates":[[[[73.38294,32.06912],[73.37986,32.06883],[73.38011,32.06936],[73.38037,32.06939],[73.38034,32.06965],[73.3808,32.06957],[73.38083,32.07007],[73.38111,32.07009],[73.38152,32.0708],[73.38201,32.07085],[73.38203,32.071],[73.38228,32.07108],[73.38222,32.07146],[73.38261,32.07149],[73.38294,32.06912]]]]}},{"type":"Feature","properties":{"lu":"Vacant Area","ct":"Existing","a":1.311},"geometry":{"type":"MultiPolygon","coordinates":[[[[73.38427,32.07218],[73.38266,32.072],[73.38264,32.07213],[73.38252,32.07211],[73.38254,32.07199],[73.38172,32.07193],[73.38183,32.07212],[73.38204,32.07214],[73.382,32.07204],[73.38227,32.07205],[73.38227,32.07217],[73.38393,32.07238],[73.38395,32.0723],[73.38426,32.07232],[73.38427,32.07218]]]]}},{"type":"Feature","properties":{"lu":"Vacant Area","ct":"Existing","a":2.103},"geometry":{"type":"MultiPolygon","coordinates":[[[[73.38577,32.07334],[73.38586,32.07293],[73.38529,32.07294],[73.38529,32.07281],[73.38516,32.07281],[73.38514,32.0727],[73.38456,32.0729],[73.38473,32.07361],[73.38526,32.07366],[73.38527,32.07352],[73.3856,32.07353],[73.38561,32.07333],[73.38577,32.07334]]]]}},{"type":"Feature","properties":{"lu":"Vacant Area","ct":"Existing","a":0.169},"geometry":{"type":"MultiPolygon","coordinates":[[[[73.38228,32.07229],[73.38191,32.07225],[73.38202,32.07247],[73.38226,32.0725],[73.38228,32.07229]]]]}},{"type":"Feature","properties":{"lu":"Vacant Area","ct":"Existing","a":0.472},"geometry":{"type":"MultiPolygon","coordinates":[[[[73.38517,32.07427],[73.38551,32.07429],[73.38555,32.07376],[73.38522,32.07372],[73.38517,32.07427]]]]}},{"type":"Feature","properties":{"lu":"Vacant Area","ct":"Existing","a":1.986},"geometry":{"type":"MultiPolygon","coordinates":[[[[73.38697,32.07385],[73.38559,32.07376],[73.38555,32.0743],[73.38692,32.07441],[73.38697,32.07385]]]]}},{"type":"Feature","properties":{"lu":"Vacant Area","ct":"Existing","a":2.089},"geometry":{"type":"MultiPolygon","coordinates":[[[[73.38342,32.07465],[73.38423,32.07592],[73.38444,32.07593],[73.38416,32.07431],[73.38342,32.07465]]]]}},{"type":"Feature","properties":{"lu":"Vacant Area","ct":"Existing","a":1.41},"geometry":{"type":"MultiPolygon","coordinates":[[[[73.38857,32.06506],[73.38723,32.06491],[73.3872,32.06531],[73.38854,32.06547],[73.38857,32.06506]]]]}},{"type":"Feature","properties":{"lu":"Vacant Area","ct":"Existing","a":2.459},"geometry":{"type":"MultiPolygon","coordinates":[[[[73.38727,32.06422],[73.38694,32.06427],[73.38689,32.0641],[73.3868,32.06409],[73.38685,32.06422],[73.3866,32.06421],[73.38658,32.06431],[73.38583,32.06429],[73.38582,32.0646],[73.38654,32.06466],[73.38645,32.0652],[73.3871,32.0653],[73.38727,32.06422]]]]}},{"type":"Feature","properties":{"lu":"Vacant Area","ct":"Existing","a":1.04},"geometry":{"type":"MultiPolygon","coordinates":[[[[73.2649,31.89687],[73.26466,31.89683],[73.26462,31.89696],[73.26393,31.89692],[73.26388,31.8974],[73.26456,31.89744],[73.2649,31.89687]]]]}},{"type":"Feature","properties":{"lu":"Vacant Area","ct":"Existing","a":0.754},"geometry":{"type":"MultiPolygon","coordinates":[[[[73.53122,31.85842],[73.5311,31.85812],[73.53126,31.85802],[73.53112,31.85767],[73.53088,31.85773],[73.53091,31.85784],[73.53056,31.85792],[73.53075,31.85803],[73.53091,31.85849],[73.53122,31.85842]]]]}},{"type":"Feature","properties":{"lu":"State Land","ct":"Existing","a":7.168},"geometry":{"type":"MultiPolygon","coordinates":[[[[73.50062,31.85986],[73.501,31.85974],[73.50092,31.85951],[73.497,31.85493],[73.49714,31.85513],[73.4967,31.85527],[73.49777,31.85654],[73.49771,31.85658],[73.49804,31.85697],[73.49914,31.85825],[73.49925,31.85819],[73.50062,31.85986]]]]}},{"type":"Feature","properties":{"lu":"Vacant Area","ct":"Existing","a":1.841},"geometry":{"type":"MultiPolygon","coordinates":[[[[73.52118,31.86285],[73.52092,31.86219],[73.52077,31.86222],[73.52061,31.86176],[73.52012,31.86189],[73.52049,31.86293],[73.52096,31.86295],[73.52118,31.86285]]]]}},{"type":"Feature","properties":{"lu":"Vacant Area","ct":"Existing","a":0.611},"geometry":{"type":"MultiPolygon","coordinates":[[[[73.51971,31.86378],[73.52036,31.86359],[73.52033,31.86349],[73.51999,31.86359],[73.51994,31.86344],[73.51926,31.86358],[73.51937,31.86388],[73.51971,31.86378]]]]}},{"type":"Feature","properties":{"lu":"Vacant Area","ct":"Existing","a":2.219},"geometry":{"type":"MultiPolygon","coordinates":[[[[73.50725,31.86386],[73.50666,31.8631],[73.5059,31.86348],[73.506,31.8636],[73.50581,31.8637],[73.50619,31.86404],[73.50634,31.86394],[73.50658,31.86422],[73.50725,31.86386]]]]}},{"type":"Feature","properties":{"lu":"Vacant Area","ct":"Existing","a":1.049},"geometry":{"type":"MultiPolygon","coordinates":[[[[73.51025,31.86673],[73.50977,31.86612],[73.50934,31.8663],[73.50938,31.86642],[73.50955,31.86639],[73.50965,31.86665],[73.5096,31.86667],[73.5099,31.86707],[73.51009,31.86697],[73.51025,31.86673]]]]}},{"type":"Feature","properties":{"lu":"Vacant Area","ct":"Existing","a":0.592},"geometry":{"type":"MultiPolygon","coordinates":[[[[73.5106,31.86718],[73.51028,31.86677],[73.51008,31.86702],[73.50991,31.8671],[73.51013,31.86746],[73.5106,31.86718]]]]}},{"type":"Feature","properties":{"lu":"State Land","ct":"Existing","a":10.151},"geometry":{"type":"MultiPolygon","coordinates":[[[[73.50769,31.86742],[73.50757,31.86746],[73.50552,31.86505],[73.50592,31.86484],[73.50379,31.86221],[73.50287,31.86125],[73.50248,31.86158],[73.50539,31.86514],[73.50527,31.86518],[73.50538,31.8653],[73.50524,31.86534],[73.50717,31.86763],[73.50769,31.86742]],[[73.50344,31.86254],[73.50338,31.86258],[73.50319,31.86235],[73.50324,31.86223],[73.50351,31.8625],[73.50344,31.86254]]]]}},{"type":"Feature","properties":{"lu":"Vacant Area","ct":"Existing","a":2.087},"geometry":{"type":"MultiPolygon","coordinates":[[[[73.49587,31.86532],[73.49565,31.86426],[73.49495,31.86436],[73.49512,31.8653],[73.49464,31.86535],[73.49466,31.86549],[73.49543,31.86537],[73.49533,31.86476],[73.49538,31.86476],[73.49548,31.86537],[73.49587,31.86532]]]]}},{"type":"Feature","properties":{"lu":"Vacant Area","ct":"Existing","a":2.574},"geometry":{"type":"MultiPolygon","coordinates":[[[[73.4988,31.86876],[73.4987,31.8683],[73.49854,31.86832],[73.49837,31.86748],[73.4977,31.86763],[73.49789,31.8689],[73.4988,31.86876]]]]}},{"type":"Feature","properties":{"lu":"Vacant Area","ct":"Existing","a":0.865},"geometry":{"type":"MultiPolygon","coordinates":[[[[73.50485,31.86879],[73.50474,31.86851],[73.50421,31.86865],[73.50443,31.86923],[73.50495,31.86907],[73.50485,31.86879]]]]}},{"type":"Feature","properties":{"lu":"Vacant Area","ct":"Existing","a":1.346},"geometry":{"type":"MultiPolygon","coordinates":[[[[73.50586,31.8685],[73.50575,31.86824],[73.50479,31.86852],[73.50516,31.86948],[73.50543,31.8694],[73.50521,31.86869],[73.50586,31.8685]]]]}},{"type":"Feature","properties":{"lu":"Vacant Area","ct":"Existing","a":0.522},"geometry":{"type":"MultiPolygon","coordinates":[[[[73.48119,31.87288],[73.48114,31.8726],[73.48041,31.87271],[73.48046,31.87297],[73.48119,31.87288]]]]}},{"type":"Feature","properties":{"lu":"Vacant Area","ct":"Existing","a":2.094},"geometry":{"type":"MultiPolygon","coordinates":[[[[73.47916,31.87207],[73.47882,31.87096],[73.47959,31.87084],[73.47818,31.87107],[73.47843,31.87217],[73.47916,31.87207]]]]}},{"type":"Feature","properties":{"lu":"Vacant Area","ct":"Existing","a":0.532},"geometry":{"type":"MultiPolygon","coordinates":[[[[73.48124,31.8731],[73.4812,31.87292],[73.48047,31.87303],[73.48052,31.87329],[73.48125,31.87322],[73.48124,31.8731]]]]}},{"type":"Feature","properties":{"lu":"Vacant Area","ct":"Existing","a":0.338},"geometry":{"type":"MultiPolygon","coordinates":[[[[73.4672,31.87306],[73.46715,31.8728],[73.46657,31.87287],[73.4666,31.873],[73.46679,31.87298],[73.46682,31.87312],[73.4672,31.87306]]]]}},{"type":"Feature","properties":{"lu":"Vacant Area","ct":"Existing","a":1.255},"geometry":{"type":"MultiPolygon","coordinates":[[[[73.48152,31.87345],[73.48135,31.87242],[73.48124,31.87242],[73.48122,31.87233],[73.48103,31.87241],[73.48095,31.87209],[73.48028,31.87231],[73.48038,31.87264],[73.48105,31.87256],[73.48103,31.87249],[73.48117,31.87247],[73.48135,31.87348],[73.48152,31.87345]]]]}},{"type":"Feature","properties":{"lu":"Vacant Area","ct":"Existing","a":0.436},"geometry":{"type":"MultiPolygon","coordinates":[[[[73.48129,31.87348],[73.48126,31.87326],[73.48053,31.87335],[73.48055,31.87358],[73.48129,31.87348]]]]}},{"type":"Feature","properties":{"lu":"Vacant Area","ct":"Existing","a":0.271},"geometry":{"type":"MultiPolygon","coordinates":[[[[73.47523,31.87455],[73.47516,31.87427],[73.47477,31.87441],[73.47481,31.87462],[73.47523,31.87455]]]]}},{"type":"Feature","properties":{"lu":"Vacant Area","ct":"Existing","a":0.504},"geometry":{"type":"MultiPolygon","coordinates":[[[[73.47605,31.87481],[73.47601,31.87452],[73.47534,31.87461],[73.4754,31.87489],[73.47605,31.87481]]]]}},{"type":"Feature","properties":{"lu":"Vacant Area","ct":"Existing","a":0.296},"geometry":{"type":"MultiPolygon","coordinates":[[[[73.4753,31.87491],[73.47524,31.87463],[73.47484,31.87471],[73.47488,31.87497],[73.4753,31.87491]]]]}},{"type":"Feature","properties":{"lu":"Vacant Area","ct":"Existing","a":0.517},"geometry":{"type":"MultiPolygon","coordinates":[[[[73.47623,31.87503],[73.47612,31.87501],[73.47609,31.87487],[73.47493,31.87506],[73.47488,31.87521],[73.47623,31.87503]]]]}},{"type":"Feature","properties":{"lu":"Vacant Area","ct":"Existing","a":7.864},"geometry":{"type":"MultiPolygon","coordinates":[[[[73.47914,31.87268],[73.47739,31.87329],[73.47763,31.87406],[73.47832,31.87356],[73.47902,31.87465],[73.48026,31.87443],[73.48011,31.87332],[73.4794,31.87343],[73.47929,31.87289],[73.47914,31.87268]]]]}},{"type":"Feature","properties":{"lu":"Vacant Area","ct":"Existing","a":1.04},"geometry":{"type":"MultiPolygon","coordinates":[[[[73.47291,31.87493],[73.47249,31.87501],[73.47251,31.87514],[73.47232,31.87519],[73.47247,31.87568],[73.47308,31.8756],[73.47291,31.87493]]]]}},{"type":"Feature","properties":{"lu":"Vacant Area","ct":"Existing","a":0.951},"geometry":{"type":"MultiPolygon","coordinates":[[[[73.46291,31.87788],[73.46311,31.87783],[73.46302,31.87744],[73.4629,31.87746],[73.46287,31.87735],[73.46256,31.8774],[73.4626,31.87752],[73.46215,31.87756],[73.4621,31.87735],[73.46198,31.87736],[73.46202,31.87754],[73.46214,31.87754],[73.46222,31.87786],[73.46268,31.87779],[73.46271,31.87792],[73.46291,31.87788]]]]}},{"type":"Feature","properties":{"lu":"Vacant Area","ct":"Existing","a":1.845},"geometry":{"type":"MultiPolygon","coordinates":[[[[73.46999,31.87731],[73.46989,31.87685],[73.4693,31.87695],[73.46943,31.87793],[73.46998,31.87816],[73.47005,31.87792],[73.46999,31.87731]]]]}},{"type":"Feature","properties":{"lu":"Vacant Area","ct":"Existing","a":2.012},"geometry":{"type":"MultiPolygon","coordinates":[[[[73.46957,31.87821],[73.46945,31.87816],[73.46939,31.87827],[73.46922,31.87827],[73.46918,31.87811],[73.46909,31.87812],[73.46898,31.87797],[73.46866,31.87783],[73.46802,31.87884],[73.46819,31.87923],[73.46858,31.87917],[73.4684,31.8786],[73.46953,31.87841],[73.46957,31.87821]]]]}},{"type":"Feature","properties":{"lu":"Vacant Area","ct":"Existing","a":0.299},"geometry":{"type":"MultiPolygon","coordinates":[[[[73.53014,31.85857],[73.52984,31.85782],[73.52969,31.85785],[73.53,31.85861],[73.53014,31.85857]]]]}},{"type":"Feature","properties":{"lu":"Vacant Area","ct":"Existing","a":1.504},"geometry":{"type":"MultiPolygon","coordinates":[[[[73.53087,31.8585],[73.53071,31.85809],[73.53034,31.85785],[73.53024,31.85762],[73.52983,31.85767],[73.53023,31.85869],[73.53087,31.8585]]]]}},{"type":"Feature","properties":{"lu":"Vacant Area","ct":"Existing","a":0.288},"geometry":{"type":"MultiPolygon","coordinates":[[[[73.52997,31.85761],[73.52981,31.85714],[73.52958,31.85721],[73.52977,31.85766],[73.52997,31.85761]]]]}},{"type":"Feature","properties":{"lu":"Vacant Area","ct":"Existing","a":1.546},"geometry":{"type":"MultiPolygon","coordinates":[[[[73.51679,31.862],[73.5167,31.86153],[73.517,31.86149],[73.51697,31.86135],[73.51595,31.86144],[73.51597,31.86164],[73.51636,31.86163],[73.51635,31.86174],[73.51609,31.86175],[73.51614,31.86193],[73.51603,31.86195],[73.51615,31.86247],[73.5165,31.86238],[73.51642,31.8621],[73.51679,31.862]]]]}},{"type":"Feature","properties":{"lu":"Vacant Area","ct":"Existing","a":0.029},"geometry":{"type":"MultiPolygon","coordinates":[[[[73.51514,31.86088],[73.51515,31.86071],[73.51508,31.86072],[73.51514,31.86088]]]]}},{"type":"Feature","properties":{"lu":"Vacant Area","ct":"Existing","a":0.184},"geometry":{"type":"MultiPolygon","coordinates":[[[[73.51081,31.85987],[73.5108,31.85975],[73.51048,31.85978],[73.51045,31.85962],[73.51029,31.85964],[73.51031,31.85981],[73.51047,31.85979],[73.5105,31.85992],[73.51081,31.85987]]]]}},{"type":"Feature","properties":{"lu":"Vacant Area","ct":"Existing","a":0.126},"geometry":{"type":"MultiPolygon","coordinates":[[[[73.51138,31.85983],[73.51136,31.8597],[73.51092,31.85974],[73.51101,31.85975],[73.51103,31.85987],[73.51138,31.85983]]]]}},{"type":"Feature","properties":{"lu":"Vacant Area","ct":"Existing","a":3.357},"geometry":{"type":"MultiPolygon","coordinates":[[[[73.50455,31.85917],[73.50346,31.85779],[73.50281,31.85813],[73.50394,31.85956],[73.50455,31.85917]]]]}},{"type":"Feature","properties":{"lu":"Vacant Area","ct":"Existing","a":6.829},"geometry":{"type":"MultiPolygon","coordinates":[[[[73.50367,31.86078],[73.50282,31.85972],[73.50293,31.85966],[73.5026,31.85926],[73.50249,31.85934],[73.50193,31.85866],[73.50075,31.85933],[73.50099,31.85953],[73.50131,31.85943],[73.50145,31.85948],[73.50292,31.86119],[73.50367,31.86078]]]]}},{"type":"Feature","properties":{"lu":"Vacant Area","ct":"Existing","a":0.427},"geometry":{"type":"MultiPolygon","coordinates":[[[[73.50287,31.86125],[73.50263,31.86102],[73.50225,31.86122],[73.50253,31.86154],[73.50287,31.86125]]]]}},{"type":"Feature","properties":{"lu":"Vacant Area","ct":"Existing","a":0.948},"geometry":{"type":"MultiPolygon","coordinates":[[[[73.49599,31.86593],[73.49593,31.86562],[73.49472,31.86581],[73.49477,31.86609],[73.49599,31.86593]]]]}},{"type":"Feature","properties":{"lu":"Vacant Area","ct":"Existing","a":0.871},"geometry":{"type":"MultiPolygon","coordinates":[[[[73.49593,31.86561],[73.49587,31.86534],[73.49467,31.86552],[73.49471,31.86579],[73.49593,31.86561]]]]}},{"type":"Feature","properties":{"lu":"Vacant Area","ct":"Existing","a":0.138},"geometry":{"type":"MultiPolygon","coordinates":[[[[73.47449,31.87892],[73.47445,31.87849],[73.47432,31.8785],[73.4744,31.87893],[73.47449,31.87892]]]]}},{"type":"Feature","properties":{"lu":"Vacant Area","ct":"Existing","a":0.648},"geometry":{"type":"MultiPolygon","coordinates":[[[[73.47209,31.87578],[73.47214,31.87603],[73.47312,31.87587],[73.47303,31.87566],[73.47209,31.87578]]]]}},{"type":"Feature","properties":{"lu":"Vacant Area","ct":"Existing","a":0.618},"geometry":{"type":"MultiPolygon","coordinates":[[[[73.47604,31.87444],[73.4758,31.87404],[73.47526,31.87424],[73.47533,31.87454],[73.47604,31.87444]]]]}},{"type":"Feature","properties":{"lu":"Vacant Area","ct":"Existing","a":1.126},"geometry":{"type":"MultiPolygon","coordinates":[[[[73.47697,31.87457],[73.47758,31.87411],[73.47736,31.8734],[73.47666,31.87481],[73.47697,31.87457]]]]}},{"type":"Feature","properties":{"lu":"Vacant Area","ct":"Existing","a":0.942},"geometry":{"type":"MultiPolygon","coordinates":[[[[73.50769,31.86742],[73.50821,31.86727],[73.50816,31.8671],[73.50831,31.86706],[73.50823,31.86691],[73.50832,31.86689],[73.50827,31.86675],[73.50736,31.86698],[73.50745,31.86711],[73.5076,31.86708],[73.5077,31.86724],[73.50747,31.86734],[73.50757,31.86746],[73.50769,31.86742]]]]}},{"type":"Feature","properties":{"lu":"Vacant Area","ct":"Existing","a":0.296},"geometry":{"type":"MultiPolygon","coordinates":[[[[73.50976,31.86611],[73.5096,31.8659],[73.50912,31.86605],[73.50919,31.86616],[73.50937,31.86613],[73.50943,31.86624],[73.50976,31.86611]]]]}},{"type":"Feature","properties":{"lu":"Vacant Area","ct":"Existing","a":3.365},"geometry":{"type":"MultiPolygon","coordinates":[[[[73.51178,31.86694],[73.51218,31.86677],[73.51197,31.86649],[73.51205,31.86647],[73.51138,31.86528],[73.51065,31.86554],[73.51069,31.86563],[73.51078,31.8656],[73.51092,31.86586],[73.51071,31.86593],[73.51158,31.86703],[73.51178,31.86694]]]]}},{"type":"Feature","properties":{"lu":"Vacant Area","ct":"Existing","a":0.898},"geometry":{"type":"MultiPolygon","coordinates":[[[[73.51202,31.8651],[73.51163,31.86435],[73.51123,31.86448],[73.51163,31.86524],[73.51202,31.8651]]]]}},{"type":"Feature","properties":{"lu":"Vacant Area","ct":"Existing","a":2.103},"geometry":{"type":"MultiPolygon","coordinates":[[[[73.49718,31.85698],[73.49704,31.85685],[73.49734,31.85657],[73.49751,31.85673],[73.49777,31.85654],[73.49731,31.85604],[73.49709,31.85625],[73.497,31.85613],[73.49673,31.85638],[73.49684,31.85654],[73.49689,31.85647],[73.49698,31.85656],[73.4966,31.85685],[73.4965,31.85675],[73.49622,31.85702],[73.49626,31.85698],[73.49654,31.8573],[73.49629,31.85746],[73.49646,31.85756],[73.49718,31.85698]]]]}},{"type":"Feature","properties":{"lu":"Vacant Area","ct":"Existing","a":1.373},"geometry":{"type":"MultiPolygon","coordinates":[[[[73.58972,32.21236],[73.5898,32.21189],[73.58972,32.21188],[73.58974,32.21169],[73.58999,32.2117],[73.58962,32.21165],[73.58972,32.21135],[73.58929,32.21125],[73.5893,32.21151],[73.58926,32.2116],[73.58918,32.21159],[73.58914,32.21176],[73.58933,32.2118],[73.5892,32.21207],[73.58975,32.21218],[73.58942,32.21216],[73.58943,32.21247],[73.59,32.21252],[73.59002,32.21239],[73.58972,32.21236]]]]}},{"type":"Feature","properties":{"lu":"Vacant Area","ct":"Existing","a":6.778},"geometry":{"type":"MultiPolygon","coordinates":[[[[73.58813,32.21153],[73.58823,32.21105],[73.58833,32.21107],[73.58836,32.21096],[73.58834,32.21032],[73.58721,32.21095],[73.58726,32.21143],[73.58686,32.21145],[73.58683,32.21115],[73.58652,32.21131],[73.58659,32.21202],[73.5867,32.21204],[73.58668,32.21262],[73.58743,32.21265],[73.58741,32.21279],[73.58748,32.21281],[73.58747,32.21298],[73.58757,32.21299],[73.58755,32.21307],[73.58782,32.21302],[73.58785,32.21294],[73.58772,32.21293],[73.58781,32.21268],[73.58769,32.21266],[73.58775,32.21236],[73.58796,32.21208],[73.58813,32.21153]]]]}},{"type":"Feature","properties":{"lu":"Vacant Area","ct":"Existing","a":0.762},"geometry":{"type":"MultiPolygon","coordinates":[[[[73.58683,32.21338],[73.58681,32.21312],[73.58569,32.2131],[73.58568,32.21337],[73.58683,32.21338]]]]}},{"type":"Feature","properties":{"lu":"Vacant Area","ct":"Existing","a":1.261},"geometry":{"type":"MultiPolygon","coordinates":[[[[73.58806,32.21774],[73.58806,32.21763],[73.58734,32.21765],[73.58728,32.21828],[73.58805,32.21831],[73.58806,32.21774]]]]}},{"type":"Feature","properties":{"lu":"Vacant Area","ct":"Existing","a":0.808},"geometry":{"type":"MultiPolygon","coordinates":[[[[73.58804,32.21868],[73.58805,32.21834],[73.58728,32.2183],[73.58725,32.21884],[73.58745,32.21885],[73.58746,32.21868],[73.58804,32.21868]]]]}},{"type":"Feature","properties":{"lu":"Vacant Area","ct":"Existing","a":1.261},"geometry":{"type":"MultiPolygon","coordinates":[[[[73.58677,32.21052],[73.58676,32.21034],[73.58688,32.21034],[73.58693,32.21003],[73.58629,32.21003],[73.58627,32.21093],[73.58676,32.21095],[73.58677,32.21052]]]]}},{"type":"Feature","properties":{"lu":"Vacant Area","ct":"Existing","a":11.482},"geometry":{"type":"MultiPolygon","coordinates":[[[[73.59585,31.97563],[73.59565,31.97523],[73.59595,31.9751],[73.59564,31.97457],[73.596,31.9744],[73.59543,31.97335],[73.59478,31.97358],[73.59509,31.97417],[73.59452,31.97437],[73.59441,31.97416],[73.59306,31.97468],[73.59315,31.97487],[73.59251,31.97507],[73.59267,31.97529],[73.59345,31.97524],[73.59347,31.97543],[73.59386,31.9755],[73.59503,31.97603],[73.59591,31.97575],[73.59585,31.97563]]]]}},{"type":"Feature","properties":{"lu":"State Land","ct":"Existing","a":24.729},"geometry":{"type":"MultiPolygon","coordinates":[[[[73.60195,31.97741],[73.60185,31.97732],[73.60197,31.97721],[73.60174,31.97696],[73.602,31.97681],[73.60115,31.97591],[73.60093,31.97578],[73.60099,31.97573],[73.60056,31.97528],[73.60004,31.97483],[73.59963,31.97502],[73.59836,31.97374],[73.59845,31.97368],[73.59914,31.97441],[73.59926,31.97433],[73.59978,31.97488],[73.60004,31.97475],[73.59938,31.97405],[73.59932,31.97406],[73.5974,31.97185],[73.59746,31.97182],[73.59731,31.97182],[73.59602,31.97242],[73.59751,31.97409],[73.59932,31.9759],[73.5992,31.97595],[73.59944,31.9762],[73.59954,31.97615],[73.60085,31.97752],[73.60102,31.97756],[73.6014,31.97742],[73.60171,31.97761],[73.60195,31.97741]]]]}},{"type":"Feature","properties":{"lu":"Vacant Area","ct":"Existing","a":0.695},"geometry":{"type":"MultiPolygon","coordinates":[[[[73.58862,31.97808],[73.58883,31.97846],[73.5894,31.97825],[73.58921,31.97786],[73.58862,31.97808]]]]}},{"type":"Feature","properties":{"lu":"State Land","ct":"Existing","a":1.577},"geometry":{"type":"MultiPolygon","coordinates":[[[[73.60398,31.97963],[73.60201,31.97751],[73.60176,31.97767],[73.60187,31.97778],[73.60196,31.97773],[73.60375,31.97969],[73.60398,31.97963]]]]}},{"type":"Feature","properties":{"lu":"Vacant Area","ct":"Existing","a":1.161},"geometry":{"type":"MultiPolygon","coordinates":[[[[73.60314,31.97827],[73.60284,31.97766],[73.60262,31.97778],[73.60233,31.97734],[73.60201,31.97751],[73.60284,31.97841],[73.60314,31.97827]]]]}},{"type":"Feature","properties":{"lu":"Vacant Area","ct":"Existing","a":1.245},"geometry":{"type":"MultiPolygon","coordinates":[[[[73.60062,31.97923],[73.60025,31.97837],[73.59965,31.97832],[73.60024,31.97937],[73.60062,31.97923]]]]}},{"type":"Feature","properties":{"lu":"Vacant Area","ct":"Existing","a":1.096},"geometry":{"type":"MultiPolygon","coordinates":[[[[73.58979,31.97741],[73.58919,31.97764],[73.58902,31.97739],[73.58841,31.97764],[73.5886,31.97804],[73.58986,31.97758],[73.58979,31.97741]]]]}},{"type":"Feature","properties":{"lu":"Vacant Area","ct":"Existing","a":0.372},"geometry":{"type":"MultiPolygon","coordinates":[[[[73.58958,31.9778],[73.58955,31.97773],[73.58923,31.97785],[73.58943,31.97824],[73.58973,31.97811],[73.58958,31.9778]]]]}},{"type":"Feature","properties":{"lu":"Vacant Area","ct":"Existing","a":4.901},"geometry":{"type":"MultiPolygon","coordinates":[[[[73.26382,31.8989],[73.25923,31.89858],[73.25932,31.89731],[73.25979,31.89732],[73.2598,31.89719],[73.25982,31.89675],[73.25965,31.89673],[73.25966,31.89663],[73.25983,31.89664],[73.25989,31.89585],[73.25955,31.89585],[73.25945,31.897],[73.25933,31.89696],[73.25948,31.89541],[73.25925,31.89594],[73.25899,31.8987],[73.26379,31.89908],[73.26382,31.8989]]]]}},{"type":"Feature","properties":{"lu":"Vacant Area","ct":"Existing","a":0.375},"geometry":{"type":"MultiPolygon","coordinates":[[[[73.2615,31.89657],[73.26152,31.89635],[73.261,31.89631],[73.26098,31.89662],[73.2615,31.89657]]]]}},{"type":"Feature","properties":{"lu":"Vacant Area","ct":"Existing","a":0.338},"geometry":{"type":"MultiPolygon","coordinates":[[[[73.26126,31.89692],[73.2615,31.89691],[73.26152,31.89673],[73.26098,31.89669],[73.26096,31.89709],[73.26105,31.89717],[73.2611,31.89689],[73.26126,31.89692]]]]}},{"type":"Feature","properties":{"lu":"Vacant Area","ct":"Existing","a":0.346},"geometry":{"type":"MultiPolygon","coordinates":[[[[73.2634,31.89801],[73.26293,31.89799],[73.26288,31.89823],[73.26311,31.89825],[73.26308,31.89834],[73.26326,31.89835],[73.2634,31.89801]]]]}},{"type":"Feature","properties":{"lu":"Vacant Area","ct":"Existing","a":0.83},"geometry":{"type":"MultiPolygon","coordinates":[[[[73.26236,31.89795],[73.26232,31.89814],[73.2622,31.89812],[73.26223,31.89795],[73.2619,31.89793],[73.26187,31.89829],[73.2628,31.89831],[73.26283,31.89799],[73.26236,31.89795]]]]}},{"type":"Feature","properties":{"lu":"Vacant Area","ct":"Existing","a":0.984},"geometry":{"type":"MultiPolygon","coordinates":[[[[73.26222,31.89677],[73.26222,31.89696],[73.26207,31.89695],[73.26208,31.89677],[73.26175,31.89674],[73.26173,31.89693],[73.26153,31.89692],[73.26149,31.89709],[73.26136,31.89708],[73.26137,31.89692],[73.26126,31.89692],[73.26119,31.89718],[73.26233,31.89725],[73.26237,31.89678],[73.26222,31.89677]]]]}},{"type":"Feature","properties":{"lu":"Vacant Area","ct":"Existing","a":1.24},"geometry":{"type":"MultiPolygon","coordinates":[[[[73.26244,31.89596],[73.26102,31.89591],[73.261,31.89623],[73.26241,31.89631],[73.26244,31.89596]]]]}},{"type":"Feature","properties":{"lu":"Vacant Area","ct":"Existing","a":0.711},"geometry":{"type":"MultiPolygon","coordinates":[[[[73.26383,31.89881],[73.26387,31.89848],[73.26355,31.89846],[73.26353,31.89863],[73.26313,31.8986],[73.26317,31.89843],[73.26288,31.89841],[73.26288,31.89859],[73.2628,31.89858],[73.2628,31.89874],[73.26383,31.89881]]]]}},{"type":"Feature","properties":{"lu":"Vacant Area","ct":"Existing","a":1.295},"geometry":{"type":"MultiPolygon","coordinates":[[[[73.26136,31.89832],[73.26085,31.89828],[73.26082,31.89864],[73.26225,31.89872],[73.26228,31.89839],[73.26136,31.89832]]]]}},{"type":"Feature","properties":{"lu":"Vacant Area","ct":"Existing","a":2.372},"geometry":{"type":"MultiPolygon","coordinates":[[[[73.26356,31.89795],[73.26359,31.89788],[73.26439,31.89796],[73.26453,31.89752],[73.26342,31.89745],[73.26314,31.89755],[73.26288,31.89745],[73.26251,31.89743],[73.26243,31.89749],[73.26244,31.89792],[73.26356,31.89795]]]]}},{"type":"Feature","properties":{"lu":"Vacant Area","ct":"Existing","a":1.244},"geometry":{"type":"MultiPolygon","coordinates":[[[[73.25978,31.89743],[73.25978,31.89738],[73.25938,31.89738],[73.25926,31.89842],[73.25933,31.89854],[73.25967,31.89856],[73.25978,31.89743]]]]}},{"type":"Feature","properties":{"lu":"Vacant Area","ct":"Existing","a":1.215},"geometry":{"type":"MultiPolygon","coordinates":[[[[73.26015,31.89728],[73.26012,31.89744],[73.25982,31.89743],[73.25976,31.89824],[73.25998,31.89826],[73.25995,31.8984],[73.25975,31.89839],[73.25974,31.89856],[73.26016,31.89858],[73.26026,31.89728],[73.26015,31.89728]]]]}},{"type":"Feature","properties":{"lu":"Vacant Area","ct":"Existing","a":0.73},"geometry":{"type":"MultiPolygon","coordinates":[[[[73.26074,31.89795],[73.26078,31.89741],[73.26066,31.8973],[73.26033,31.89729],[73.2603,31.89772],[73.2605,31.89774],[73.26049,31.89783],[73.26029,31.89782],[73.26028,31.898],[73.26074,31.89795]]]]}},{"type":"Feature","properties":{"lu":"Vacant Area","ct":"Existing","a":0.756},"geometry":{"type":"MultiPolygon","coordinates":[[[[73.26087,31.89641],[73.26043,31.89645],[73.26041,31.89663],[73.2606,31.89665],[73.26058,31.89685],[73.26039,31.89683],[73.26036,31.89716],[73.26067,31.89718],[73.26084,31.89707],[73.26087,31.89641]]]]}},{"type":"Feature","properties":{"lu":"Vacant Area","ct":"Existing","a":1.234},"geometry":{"type":"MultiPolygon","coordinates":[[[[73.26038,31.89589],[73.26001,31.89586],[73.2599,31.89706],[73.25998,31.89713],[73.26027,31.89715],[73.26038,31.89589]]]]}},{"type":"Feature","properties":{"lu":"Vacant Area","ct":"Existing","a":2.959},"geometry":{"type":"MultiPolygon","coordinates":[[[[73.26231,31.89569],[73.26207,31.89554],[73.26105,31.89548],[73.26096,31.89554],[73.2599,31.89502],[73.25967,31.89502],[73.25952,31.89534],[73.25952,31.89571],[73.25985,31.89573],[73.25987,31.89535],[73.25995,31.89535],[73.25991,31.89573],[73.26021,31.89576],[73.26027,31.89528],[73.26034,31.89529],[73.2603,31.89571],[73.26036,31.89579],[73.26227,31.89589],[73.26231,31.89569]]]]}},{"type":"Feature","properties":{"lu":"Vacant Area","ct":"Existing","a":0.092},"geometry":{"type":"MultiPolygon","coordinates":[[[[73.26254,31.8984],[73.2624,31.8984],[73.26236,31.89861],[73.26253,31.89863],[73.26254,31.8984]]]]}},{"type":"Feature","properties":{"lu":"Vacant Area","ct":"Existing","a":0.477},"geometry":{"type":"MultiPolygon","coordinates":[[[[73.26072,31.89817],[73.26026,31.89821],[73.26023,31.89858],[73.26069,31.8986],[73.26072,31.89817]]]]}},{"type":"Feature","properties":{"lu":"Vacant Area","ct":"Existing","a":0.461},"geometry":{"type":"MultiPolygon","coordinates":[[[[73.26088,31.89631],[73.2609,31.89591],[73.26048,31.89589],[73.26044,31.89633],[73.26088,31.89631]]]]}},{"type":"Feature","properties":{"lu":"Vacant Area","ct":"Existing","a":0.944},"geometry":{"type":"MultiPolygon","coordinates":[[[[73.3735,32.06487],[73.37354,32.06452],[73.37297,32.06446],[73.37296,32.06419],[73.3726,32.06415],[73.37259,32.0643],[73.37268,32.06431],[73.37267,32.06454],[73.37295,32.0646],[73.37291,32.06482],[73.37318,32.06487],[73.37315,32.065],[73.37334,32.06502],[73.37337,32.06487],[73.3735,32.06487]]]]}},{"type":"Feature","properties":{"lu":"Vacant Area","ct":"Existing","a":0.618},"geometry":{"type":"MultiPolygon","coordinates":[[[[73.37299,32.0638],[73.3723,32.06374],[73.37225,32.06407],[73.37295,32.06415],[73.37299,32.0638]]]]}},{"type":"Feature","properties":{"lu":"Vacant Area","ct":"Existing","a":7.752},"geometry":{"type":"MultiPolygon","coordinates":[[[[73.68777,32.08684],[73.68795,32.08685],[73.68794,32.08642],[73.68859,32.0864],[73.68859,32.08608],[73.68794,32.08608],[73.68859,32.08605],[73.68861,32.08574],[73.68761,32.08573],[73.68758,32.08601],[73.68757,32.08541],[73.68862,32.08542],[73.68868,32.08502],[73.68866,32.08542],[73.68913,32.08541],[73.68917,32.08499],[73.68917,32.08541],[73.6895,32.08542],[73.68956,32.08489],[73.68954,32.08542],[73.68989,32.08541],[73.68988,32.08479],[73.68914,32.08463],[73.68892,32.08473],[73.68834,32.08461],[73.68822,32.08507],[73.68788,32.085],[73.68782,32.0853],[73.68707,32.08546],[73.68717,32.08722],[73.68773,32.08723],[73.68777,32.08684]]]]}},{"type":"Feature","properties":{"lu":"Vacant Area","ct":"Existing","a":0.194},"geometry":{"type":"MultiPolygon","coordinates":[[[[73.67721,32.05788],[73.6773,32.05798],[73.67797,32.05793],[73.67797,32.05783],[73.67721,32.05788]]]]}},{"type":"Feature","properties":{"lu":"Vacant Area","ct":"Existing","a":7.969},"geometry":{"type":"MultiPolygon","coordinates":[[[[73.66751,32.05899],[73.66664,32.05801],[73.66544,32.05861],[73.6658,32.05921],[73.66579,32.05974],[73.66674,32.05975],[73.6671,32.05968],[73.66719,32.05959],[73.66712,32.05971],[73.66664,32.05979],[73.66579,32.05978],[73.66578,32.06007],[73.66717,32.06006],[73.66717,32.0599],[73.66739,32.05987],[73.66789,32.05928],[73.66751,32.05899]]]]}},{"type":"Feature","properties":{"lu":"Vacant Area","ct":"Existing","a":1.724},"geometry":{"type":"MultiPolygon","coordinates":[[[[73.70236,32.05829],[73.70229,32.05798],[73.70195,32.05743],[73.70152,32.05783],[73.70107,32.05844],[73.70236,32.05829]]]]}},{"type":"Feature","properties":{"lu":"Vacant Area","ct":"Existing","a":10.207},"geometry":{"type":"MultiPolygon","coordinates":[[[[73.70116,32.06412],[73.70123,32.06474],[73.69823,32.06496],[73.69806,32.06518],[73.6981,32.06547],[73.69829,32.06544],[73.69833,32.06568],[73.69937,32.06547],[73.70132,32.06531],[73.70139,32.06589],[73.70257,32.06578],[73.7023,32.06401],[73.70172,32.06407],[73.70175,32.06468],[73.70169,32.06408],[73.70135,32.0641],[73.70144,32.06471],[73.70133,32.0641],[73.70116,32.06412]]]]}},{"type":"Feature","properties":{"lu":"Vacant Area","ct":"Existing","a":1.535},"geometry":{"type":"MultiPolygon","coordinates":[[[[73.70272,32.06426],[73.70269,32.06397],[73.70234,32.06401],[73.70264,32.06578],[73.70296,32.06575],[73.70272,32.06426]]]]}},{"type":"Feature","properties":{"lu":"Vacant Area","ct":"Existing","a":2.743},"geometry":{"type":"MultiPolygon","coordinates":[[[[73.69834,32.06571],[73.69855,32.06615],[73.69929,32.0661],[73.6993,32.06623],[73.70016,32.06616],[73.70006,32.06544],[73.69903,32.06555],[73.69834,32.06571]]]]}},{"type":"Feature","properties":{"lu":"Vacant Area","ct":"Existing","a":1.541},"geometry":{"type":"MultiPolygon","coordinates":[[[[73.70324,32.06525],[73.70305,32.06394],[73.70273,32.06396],[73.703,32.06574],[73.7033,32.06572],[73.70324,32.06525]]]]}},{"type":"Feature","properties":{"lu":"Vacant Area","ct":"Existing","a":1.339},"geometry":{"type":"MultiPolygon","coordinates":[[[[73.68742,32.05718],[73.68736,32.05672],[73.68667,32.05679],[73.68677,32.05754],[73.68745,32.05746],[73.68742,32.05718]]]]}},{"type":"Feature","properties":{"lu":"Vacant Area","ct":"Existing","a":7.239},"geometry":{"type":"MultiPolygon","coordinates":[[[[73.67384,32.06543],[73.67269,32.06517],[73.67281,32.06459],[73.67138,32.06438],[73.67082,32.06637],[73.67154,32.06648],[73.67158,32.06633],[73.67134,32.06624],[73.67154,32.06525],[73.67141,32.0652],[73.67142,32.06514],[73.67245,32.0653],[73.67363,32.06554],[73.6736,32.06608],[73.67346,32.06617],[73.67231,32.06594],[73.6722,32.06654],[73.67294,32.06663],[73.67295,32.06652],[73.67335,32.06659],[73.67333,32.06669],[73.67365,32.06672],[73.67363,32.0669],[73.67384,32.06543]]]]}},{"type":"Feature","properties":{"lu":"List A Abutting","ct":"Existing","a":0.481},"geometry":{"type":"MultiPolygon","coordinates":[[[[73.47541,31.88072],[73.4758,31.88095],[73.47565,31.88027],[73.47536,31.8803],[73.47541,31.88072]]]]}},{"type":"Feature","properties":{"lu":"List A Abutting","ct":"Existing","a":0.457},"geometry":{"type":"MultiPolygon","coordinates":[[[[73.4661,31.8729],[73.46588,31.87245],[73.46567,31.87247],[73.46555,31.87225],[73.46543,31.87226],[73.46581,31.87295],[73.4661,31.8729]]]]}},{"type":"Feature","properties":{"lu":"List A Abutting","ct":"Existing","a":0.349},"geometry":{"type":"MultiPolygon","coordinates":[[[[73.46302,31.87744],[73.463,31.87728],[73.4621,31.87735],[73.46215,31.87756],[73.4626,31.87752],[73.46256,31.8774],[73.46287,31.87735],[73.4629,31.87746],[73.46302,31.87744]]]]}},{"type":"Feature","properties":{"lu":"List A Abutting","ct":"Existing","a":0.808},"geometry":{"type":"MultiPolygon","coordinates":[[[[73.46957,31.87821],[73.46961,31.87811],[73.46857,31.87774],[73.46797,31.87873],[73.46802,31.87884],[73.46866,31.87783],[73.46898,31.87797],[73.46909,31.87812],[73.46918,31.87811],[73.46922,31.87827],[73.46939,31.87827],[73.46945,31.87816],[73.46957,31.87821]]]]}},{"type":"Feature","properties":{"lu":"List A Abutting","ct":"Existing","a":0.2},"geometry":{"type":"MultiPolygon","coordinates":[[[[73.47189,31.87915],[73.4719,31.87904],[73.4715,31.87888],[73.47141,31.8792],[73.47153,31.87925],[73.47156,31.87903],[73.47189,31.87915]]]]}},{"type":"Feature","properties":{"lu":"List A Abutting","ct":"Existing","a":0.236},"geometry":{"type":"MultiPolygon","coordinates":[[[[73.4719,31.87933],[73.47209,31.87933],[73.4721,31.87926],[73.47245,31.87937],[73.47247,31.87926],[73.47197,31.87906],[73.4719,31.87933]]]]}},{"type":"Feature","properties":{"lu":"List A Abutting","ct":"Existing","a":0.485},"geometry":{"type":"MultiPolygon","coordinates":[[[[73.4749,31.88013],[73.47452,31.88016],[73.47434,31.87991],[73.47413,31.8799],[73.47374,31.87968],[73.47368,31.87976],[73.47495,31.88046],[73.4749,31.88013]]]]}},{"type":"Feature","properties":{"lu":"List A Abutting","ct":"Existing","a":0.575},"geometry":{"type":"MultiPolygon","coordinates":[[[[73.47372,31.87963],[73.47359,31.87954],[73.47358,31.87936],[73.47348,31.87938],[73.47348,31.87951],[73.47263,31.87914],[73.47264,31.87907],[73.47223,31.87902],[73.47196,31.87889],[73.47195,31.87896],[73.47364,31.87974],[73.47372,31.87963]]]]}},{"type":"Feature","properties":{"lu":"List A Abutting","ct":"Existing","a":0.327},"geometry":{"type":"MultiPolygon","coordinates":[[[[73.47069,31.8783],[73.47033,31.87816],[73.47035,31.87801],[73.47008,31.87798],[73.47003,31.87818],[73.47069,31.87846],[73.47069,31.8783]]]]}},{"type":"Feature","properties":{"lu":"List A Abutting","ct":"Existing","a":1.144},"geometry":{"type":"MultiPolygon","coordinates":[[[[73.46928,31.87709],[73.46926,31.87696],[73.46898,31.87695],[73.46875,31.87733],[73.46874,31.8775],[73.46886,31.87769],[73.4694,31.87791],[73.46928,31.87709]]]]}},{"type":"Feature","properties":{"lu":"List A Abutting","ct":"Existing","a":0.176},"geometry":{"type":"MultiPolygon","coordinates":[[[[73.48569,31.87037],[73.48567,31.87029],[73.48498,31.87054],[73.4851,31.87069],[73.48522,31.87064],[73.48516,31.87055],[73.48569,31.87037]]]]}},{"type":"Feature","properties":{"lu":"List A Abutting","ct":"Existing","a":0.623},"geometry":{"type":"MultiPolygon","coordinates":[[[[73.47299,31.87431],[73.47272,31.87437],[73.4727,31.87426],[73.47199,31.8744],[73.47209,31.87474],[73.47301,31.8744],[73.47299,31.87431]]]]}},{"type":"Feature","properties":{"lu":"List A Abutting","ct":"Existing","a":0.426},"geometry":{"type":"MultiPolygon","coordinates":[[[[73.48992,31.86878],[73.48929,31.86888],[73.48934,31.86919],[73.48934,31.86913],[73.48998,31.86902],[73.48992,31.86878]]]]}},{"type":"Feature","properties":{"lu":"List A Abutting","ct":"Existing","a":0.39},"geometry":{"type":"MultiPolygon","coordinates":[[[[73.50524,31.86534],[73.50515,31.86522],[73.50452,31.86542],[73.50428,31.86539],[73.5043,31.86549],[73.50403,31.86554],[73.50404,31.86565],[73.50524,31.86534]]]]}},{"type":"Feature","properties":{"lu":"List A Abutting","ct":"Existing","a":0.366},"geometry":{"type":"MultiPolygon","coordinates":[[[[73.50379,31.86221],[73.5042,31.86278],[73.50427,31.86272],[73.50464,31.86299],[73.50488,31.86305],[73.50379,31.86221]]]]}},{"type":"Feature","properties":{"lu":"List A Abutting","ct":"Existing","a":0.273},"geometry":{"type":"MultiPolygon","coordinates":[[[[73.51059,31.86388],[73.51004,31.86399],[73.51009,31.86418],[73.51065,31.86404],[73.51059,31.86388]]]]}},{"type":"Feature","properties":{"lu":"List A Abutting","ct":"Existing","a":0.338},"geometry":{"type":"MultiPolygon","coordinates":[[[[73.51234,31.86354],[73.51232,31.86344],[73.51091,31.86382],[73.51094,31.8639],[73.51234,31.86354]]]]}},{"type":"Feature","properties":{"lu":"List A Abutting","ct":"Existing","a":0.071},"geometry":{"type":"MultiPolygon","coordinates":[[[[73.51314,31.86327],[73.51275,31.86336],[73.51276,31.86344],[73.51314,31.86334],[73.51314,31.86327]]]]}},{"type":"Feature","properties":{"lu":"List A Abutting","ct":"Existing","a":0.086},"geometry":{"type":"MultiPolygon","coordinates":[[[[73.51346,31.86326],[73.51342,31.86308],[73.51332,31.86308],[73.51335,31.8632],[73.51319,31.86324],[73.5132,31.86332],[73.51346,31.86326]]]]}},{"type":"Feature","properties":{"lu":"List A Abutting","ct":"Existing","a":0.11},"geometry":{"type":"MultiPolygon","coordinates":[[[[73.5158,31.86253],[73.51547,31.86259],[73.51549,31.86273],[73.51583,31.86264],[73.5158,31.86253]]]]}},{"type":"Feature","properties":{"lu":"List A Abutting","ct":"Existing","a":0.61},"geometry":{"type":"MultiPolygon","coordinates":[[[[73.51682,31.86215],[73.51679,31.862],[73.51642,31.8621],[73.5165,31.86238],[73.51602,31.8625],[73.51605,31.86259],[73.51714,31.8623],[73.5171,31.86216],[73.51682,31.86215]]]]}},{"type":"Feature","properties":{"lu":"List A Abutting","ct":"Existing","a":0.58},"geometry":{"type":"MultiPolygon","coordinates":[[[[73.52247,31.86096],[73.52217,31.86103],[73.52202,31.86068],[73.52152,31.86077],[73.52162,31.86118],[73.52247,31.86096]]]]}},{"type":"Feature","properties":{"lu":"List A Abutting","ct":"Existing","a":0.579},"geometry":{"type":"MultiPolygon","coordinates":[[[[73.52796,31.85922],[73.52755,31.85931],[73.52741,31.859],[73.52728,31.85903],[73.5275,31.85964],[73.52807,31.85949],[73.52796,31.85922]]]]}},{"type":"Feature","properties":{"lu":"List A Abutting","ct":"Existing","a":0.121},"geometry":{"type":"MultiPolygon","coordinates":[[[[73.52449,31.86093],[73.52443,31.86078],[73.52416,31.86085],[73.5242,31.861],[73.52449,31.86093]]]]}},{"type":"Feature","properties":{"lu":"List A Abutting","ct":"Existing","a":0.292},"geometry":{"type":"MultiPolygon","coordinates":[[[[73.52379,31.86095],[73.52315,31.86106],[73.52318,31.86119],[73.52327,31.86131],[73.52351,31.86125],[73.52349,31.86118],[73.52381,31.86109],[73.52379,31.86095]]]]}},{"type":"Feature","properties":{"lu":"List A Abutting","ct":"Existing","a":0.266},"geometry":{"type":"MultiPolygon","coordinates":[[[[73.51364,31.86362],[73.51361,31.86353],[73.51283,31.86373],[73.51288,31.86385],[73.51364,31.86362]]]]}},{"type":"Feature","properties":{"lu":"List A Abutting","ct":"Existing","a":0.028},"geometry":{"type":"MultiPolygon","coordinates":[[[[73.51122,31.86417],[73.5111,31.86421],[73.51114,31.86429],[73.51125,31.86426],[73.51122,31.86417]]]]}},{"type":"Feature","properties":{"lu":"List A Abutting","ct":"Existing","a":0.398},"geometry":{"type":"MultiPolygon","coordinates":[[[[73.51,31.86498],[73.50979,31.86464],[73.50987,31.8645],[73.51083,31.86427],[73.5108,31.86421],[73.50957,31.86453],[73.5099,31.86502],[73.51,31.86498]]]]}},{"type":"Feature","properties":{"lu":"List A Abutting","ct":"Existing","a":0.491},"geometry":{"type":"MultiPolygon","coordinates":[[[[73.4977,31.86763],[73.4989,31.86735],[73.49902,31.86729],[73.499,31.86718],[73.49723,31.86767],[73.49726,31.86774],[73.4977,31.86763]]]]}},{"type":"Feature","properties":{"lu":"List A Abutting","ct":"Existing","a":0.157},"geometry":{"type":"MultiPolygon","coordinates":[[[[73.49719,31.86774],[73.49631,31.86792],[73.49658,31.86794],[73.49719,31.86774]]]]}},{"type":"Feature","properties":{"lu":"List A Abutting","ct":"Existing","a":0.44},"geometry":{"type":"MultiPolygon","coordinates":[[[[73.49627,31.868],[73.49626,31.86794],[73.495,31.86824],[73.49502,31.86832],[73.49592,31.86814],[73.496,31.86816],[73.49609,31.86836],[73.49623,31.86833],[73.49615,31.86803],[73.49627,31.868]]]]}},{"type":"Feature","properties":{"lu":"List A Abutting","ct":"Existing","a":0.087},"geometry":{"type":"MultiPolygon","coordinates":[[[[73.49497,31.86831],[73.49474,31.86831],[73.4943,31.86846],[73.49497,31.86831]]]]}},{"type":"Feature","properties":{"lu":"List A Abutting","ct":"Existing","a":0.709},"geometry":{"type":"MultiPolygon","coordinates":[[[[73.47697,31.87246],[73.47668,31.87252],[73.47674,31.87291],[73.47626,31.87306],[73.47631,31.87323],[73.47709,31.87299],[73.47697,31.87246]]]]}},{"type":"Feature","properties":{"lu":"List A Abutting","ct":"Existing","a":4.627},"geometry":{"type":"MultiPolygon","coordinates":[[[[73.26423,31.89502],[73.26367,31.89474],[73.26368,31.89453],[73.26333,31.89418],[73.26284,31.89403],[73.26286,31.89356],[73.26261,31.89353],[73.26263,31.89329],[73.2623,31.89328],[73.26184,31.89262],[73.26151,31.89257],[73.26149,31.89206],[73.26074,31.89208],[73.26056,31.89223],[73.26291,31.89432],[73.26371,31.89486],[73.26422,31.89509],[73.26423,31.89502]]]]}},{"type":"Feature","properties":{"lu":"List A Abutting","ct":"Existing","a":6.504},"geometry":{"type":"MultiPolygon","coordinates":[[[[73.27942,31.92351],[73.27545,31.91783],[73.27521,31.91737],[73.27487,31.91637],[73.27452,31.91645],[73.2746,31.91694],[73.27546,31.91846],[73.27569,31.91847],[73.27863,31.92284],[73.2782,31.92291],[73.27875,31.92365],[73.2791,31.92366],[73.27942,31.92351]]]]}},{"type":"Feature","properties":{"lu":"List A Abutting","ct":"Existing","a":0.85},"geometry":{"type":"MultiPolygon","coordinates":[[[[73.29805,31.89521],[73.29654,31.89538],[73.29659,31.89559],[73.2981,31.89542],[73.29805,31.89521]]]]}},{"type":"Feature","properties":{"lu":"List A Abutting","ct":"Existing","a":0.178},"geometry":{"type":"MultiPolygon","coordinates":[[[[73.27478,31.89342],[73.27545,31.89362],[73.27547,31.89356],[73.27479,31.8933],[73.27478,31.89342]]]]}},{"type":"Feature","properties":{"lu":"List A Abutting","ct":"Existing","a":0.095},"geometry":{"type":"MultiPolygon","coordinates":[[[[73.27449,31.89338],[73.27474,31.89344],[73.27474,31.89328],[73.27452,31.89321],[73.27449,31.89338]]]]}},{"type":"Feature","properties":{"lu":"List A Abutting","ct":"Existing","a":0.253},"geometry":{"type":"MultiPolygon","coordinates":[[[[73.27381,31.89289],[73.27382,31.89321],[73.27445,31.89317],[73.27381,31.89289]]]]}},{"type":"Feature","properties":{"lu":"List A Abutting","ct":"Existing","a":1.897},"geometry":{"type":"MultiPolygon","coordinates":[[[[73.26357,31.89532],[73.26399,31.89547],[73.26397,31.89566],[73.26404,31.89565],[73.26406,31.8955],[73.26486,31.89579],[73.26482,31.89585],[73.26504,31.89596],[73.26466,31.89683],[73.2649,31.89687],[73.26555,31.89593],[73.26373,31.89512],[73.26357,31.89532]]]]}},{"type":"Feature","properties":{"lu":"List A Abutting","ct":"Existing","a":0.987},"geometry":{"type":"MultiPolygon","coordinates":[[[[73.70011,32.05968],[73.69919,32.05983],[73.69926,32.06061],[73.70011,32.05968]]]]}},{"type":"Feature","properties":{"lu":"List A Abutting","ct":"Existing","a":1.995},"geometry":{"type":"MultiPolygon","coordinates":[[[[73.69926,32.06061],[73.69783,32.06065],[73.69794,32.06129],[73.69815,32.06131],[73.69814,32.06149],[73.69835,32.06157],[73.69926,32.06061]]]]}},{"type":"Feature","properties":{"lu":"List A Abutting","ct":"Existing","a":0.302},"geometry":{"type":"MultiPolygon","coordinates":[[[[73.66629,32.08098],[73.66609,32.08068],[73.66581,32.08081],[73.66601,32.08113],[73.66629,32.08098]]]]}},{"type":"Feature","properties":{"lu":"List A Abutting","ct":"Existing","a":2.287},"geometry":{"type":"MultiPolygon","coordinates":[[[[73.68753,32.06909],[73.6874,32.06896],[73.68654,32.06911],[73.68703,32.07023],[73.6872,32.07035],[73.68744,32.06972],[73.68773,32.0693],[73.68753,32.06909]]]]}},{"type":"Feature","properties":{"lu":"List A Abutting","ct":"Existing","a":0.189},"geometry":{"type":"MultiPolygon","coordinates":[[[[73.68869,32.07109],[73.68846,32.07106],[73.68843,32.0713],[73.68884,32.07125],[73.68881,32.07111],[73.68869,32.07109]]]]}},{"type":"Feature","properties":{"lu":"List A Abutting","ct":"Existing","a":0.776},"geometry":{"type":"MultiPolygon","coordinates":[[[[73.68932,32.07246],[73.68911,32.07216],[73.68883,32.07231],[73.68893,32.07245],[73.68882,32.07231],[73.68869,32.07238],[73.68901,32.0729],[73.68946,32.07266],[73.68932,32.07246]]]]}},{"type":"Feature","properties":{"lu":"List A Abutting","ct":"Existing","a":0.469},"geometry":{"type":"MultiPolygon","coordinates":[[[[73.68919,32.07284],[73.68936,32.07322],[73.68979,32.07314],[73.68948,32.07269],[73.68919,32.07284]]]]}},{"type":"Feature","properties":{"lu":"List A Abutting","ct":"Existing","a":0.433},"geometry":{"type":"MultiPolygon","coordinates":[[[[73.68937,32.07325],[73.68947,32.07345],[73.68929,32.07346],[73.68931,32.0736],[73.68984,32.07357],[73.68979,32.07317],[73.68937,32.07325]]]]}},{"type":"Feature","properties":{"lu":"List A Abutting","ct":"Existing","a":0.843},"geometry":{"type":"MultiPolygon","coordinates":[[[[73.68815,32.07326],[73.68826,32.07325],[73.68824,32.07277],[73.68756,32.07282],[73.68757,32.07331],[73.68815,32.07326]]]]}},{"type":"Feature","properties":{"lu":"List A Abutting","ct":"Existing","a":0.346},"geometry":{"type":"MultiPolygon","coordinates":[[[[73.68788,32.07378],[73.68784,32.07331],[73.68757,32.07333],[73.6876,32.07381],[73.68788,32.07378]]]]}},{"type":"Feature","properties":{"lu":"List A Abutting","ct":"Existing","a":0.304},"geometry":{"type":"MultiPolygon","coordinates":[[[[73.68937,32.07362],[73.68938,32.07376],[73.68949,32.07375],[73.68949,32.07383],[73.68973,32.07381],[73.68971,32.07399],[73.68988,32.07398],[73.68984,32.0736],[73.68937,32.07362]]]]}},{"type":"Feature","properties":{"lu":"List A Abutting","ct":"Existing","a":0.116},"geometry":{"type":"MultiPolygon","coordinates":[[[[73.68971,32.07401],[73.68974,32.07428],[73.68991,32.07426],[73.68988,32.074],[73.68971,32.07401]]]]}},{"type":"Feature","properties":{"lu":"List A Abutting","ct":"Existing","a":2.734},"geometry":{"type":"MultiPolygon","coordinates":[[[[73.689,32.0762],[73.68954,32.07613],[73.68951,32.07601],[73.69028,32.0758],[73.69036,32.07609],[73.69021,32.07613],[73.69025,32.07626],[73.69041,32.07623],[73.69048,32.07663],[73.6903,32.07662],[73.69026,32.07672],[73.69056,32.07673],[73.69061,32.07686],[73.69087,32.0768],[73.69012,32.0753],[73.68892,32.07551],[73.689,32.0762]]]]}},{"type":"Feature","properties":{"lu":"List A Abutting","ct":"Existing","a":0.257},"geometry":{"type":"MultiPolygon","coordinates":[[[[73.69055,32.07689],[73.69072,32.07717],[73.69102,32.0771],[73.69087,32.07681],[73.69055,32.07689]]]]}},{"type":"Feature","properties":{"lu":"List A Abutting","ct":"Existing","a":3.068},"geometry":{"type":"MultiPolygon","coordinates":[[[[73.6879,32.07544],[73.68775,32.07542],[73.68797,32.07746],[73.68856,32.07762],[73.68835,32.07551],[73.6879,32.07544]]]]}},{"type":"Feature","properties":{"lu":"List A Abutting","ct":"Existing","a":0.42},"geometry":{"type":"MultiPolygon","coordinates":[[[[73.68915,32.07737],[73.68857,32.07742],[73.68859,32.07763],[73.68918,32.07771],[73.68915,32.07737]]]]}},{"type":"Feature","properties":{"lu":"List A Abutting","ct":"Existing","a":1.613},"geometry":{"type":"MultiPolygon","coordinates":[[[[73.69073,32.07719],[73.69091,32.07775],[73.6911,32.07771],[73.69114,32.07788],[73.69122,32.07786],[73.69126,32.07804],[73.69139,32.07816],[73.69119,32.07823],[73.69119,32.07814],[73.69081,32.07807],[73.69079,32.07793],[73.69046,32.07798],[73.69047,32.07785],[73.69009,32.07785],[73.69008,32.0775],[73.68974,32.07754],[73.68974,32.07762],[73.68921,32.07762],[73.68922,32.07772],[73.6897,32.07778],[73.69148,32.07833],[73.69103,32.07712],[73.69073,32.07719]]]]}},{"type":"Feature","properties":{"lu":"List A Abutting","ct":"Existing","a":0.088},"geometry":{"type":"MultiPolygon","coordinates":[[[[73.69158,32.07076],[73.69154,32.0712],[73.6916,32.0712],[73.69165,32.07076],[73.69158,32.07076]]]]}},{"type":"Feature","properties":{"lu":"List A Abutting","ct":"Existing","a":0.412},"geometry":{"type":"MultiPolygon","coordinates":[[[[73.68929,32.069],[73.68924,32.0688],[73.68937,32.06879],[73.68937,32.06869],[73.68922,32.06869],[73.68925,32.06851],[73.68914,32.06853],[73.68917,32.06834],[73.6891,32.06835],[73.68906,32.06815],[73.68917,32.06813],[73.68896,32.06787],[73.68891,32.0679],[73.68913,32.06901],[73.68929,32.069]]]]}},{"type":"Feature","properties":{"lu":"List A Abutting","ct":"Existing","a":0.521},"geometry":{"type":"MultiPolygon","coordinates":[[[[73.68943,32.07012],[73.68942,32.06998],[73.68953,32.06997],[73.68952,32.06991],[73.68941,32.06992],[73.68937,32.06952],[73.6893,32.06948],[73.68931,32.06942],[73.68949,32.06939],[73.68947,32.06923],[73.68963,32.06923],[73.68962,32.06914],[73.68926,32.06915],[73.68925,32.06903],[73.68913,32.06903],[73.68933,32.07025],[73.68947,32.07026],[73.68943,32.07012]]]]}},{"type":"Feature","properties":{"lu":"List A Abutting","ct":"Existing","a":0.106},"geometry":{"type":"MultiPolygon","coordinates":[[[[73.68961,32.07068],[73.68946,32.07028],[73.68934,32.07028],[73.68954,32.07069],[73.68961,32.07068]]]]}},{"type":"Feature","properties":{"lu":"List A Abutting","ct":"Existing","a":0.278},"geometry":{"type":"MultiPolygon","coordinates":[[[[73.6916,32.0712],[73.69017,32.07107],[73.69016,32.07114],[73.69159,32.07128],[73.6916,32.0712]]]]}},{"type":"Feature","properties":{"lu":"List A Abutting","ct":"Existing","a":0.174},"geometry":{"type":"MultiPolygon","coordinates":[[[[73.69014,32.07103],[73.68983,32.071],[73.68971,32.07072],[73.68957,32.07074],[73.68975,32.07106],[73.69012,32.07112],[73.69014,32.07103]]]]}},{"type":"Feature","properties":{"lu":"List A Abutting","ct":"Existing","a":0.092},"geometry":{"type":"MultiPolygon","coordinates":[[[[73.69508,32.05311],[73.6949,32.05342],[73.69503,32.05341],[73.69519,32.0531],[73.69508,32.05311]]]]}},{"type":"Feature","properties":{"lu":"List A Abutting","ct":"Existing","a":0.514},"geometry":{"type":"MultiPolygon","coordinates":[[[[73.69338,32.05376],[73.69296,32.05371],[73.6926,32.05377],[73.69257,32.05367],[73.69214,32.05377],[73.69181,32.05373],[73.69184,32.0539],[73.69339,32.05386],[73.69338,32.05376]]]]}},{"type":"Feature","properties":{"lu":"List A Abutting","ct":"Existing","a":0.31},"geometry":{"type":"MultiPolygon","coordinates":[[[[73.69409,32.05384],[73.69394,32.05384],[73.69387,32.05366],[73.69339,32.0537],[73.69342,32.05386],[73.69409,32.05395],[73.69409,32.05384]]]]}},{"type":"Feature","properties":{"lu":"List A Abutting","ct":"Existing","a":0.854},"geometry":{"type":"MultiPolygon","coordinates":[[[[73.69176,32.05373],[73.69174,32.0536],[73.69057,32.05371],[73.69061,32.05397],[73.69178,32.0539],[73.69176,32.05373]]]]}},{"type":"Feature","properties":{"lu":"List A Abutting","ct":"Existing","a":0.512},"geometry":{"type":"MultiPolygon","coordinates":[[[[73.69488,32.05344],[73.69462,32.05389],[73.69452,32.05387],[73.6946,32.05376],[73.69435,32.05377],[73.6941,32.05381],[73.69411,32.05395],[73.69472,32.05406],[73.69501,32.05343],[73.69488,32.05344]]]]}},{"type":"Feature","properties":{"lu":"List A Abutting","ct":"Existing","a":3.684},"geometry":{"type":"MultiPolygon","coordinates":[[[[73.6905,32.05362],[73.69011,32.05367],[73.69007,32.05349],[73.68993,32.05351],[73.68996,32.05382],[73.68971,32.05384],[73.6897,32.05368],[73.68948,32.0537],[73.68952,32.05388],[73.6892,32.05389],[73.68918,32.05375],[73.68897,32.05377],[73.68893,32.05394],[73.68737,32.05407],[73.68732,32.05384],[73.68719,32.05386],[73.68719,32.05397],[73.68708,32.05398],[73.68706,32.05356],[73.68563,32.05386],[73.68569,32.05425],[73.69053,32.05397],[73.6905,32.05362]]]]}},{"type":"Feature","properties":{"lu":"List A Abutting","ct":"Existing","a":0.626},"geometry":{"type":"MultiPolygon","coordinates":[[[[73.6855,32.05379],[73.68501,32.05388],[73.68508,32.05429],[73.68562,32.05426],[73.6855,32.05379]]]]}},{"type":"Feature","properties":{"lu":"List A Abutting","ct":"Existing","a":0.912},"geometry":{"type":"MultiPolygon","coordinates":[[[[73.69761,32.0486],[73.69715,32.04812],[73.69693,32.04829],[73.69705,32.04845],[73.69717,32.04915],[73.69732,32.04921],[73.69761,32.0486]]]]}},{"type":"Feature","properties":{"lu":"List A Abutting","ct":"Existing","a":0.103},"geometry":{"type":"MultiPolygon","coordinates":[[[[73.6799,32.05063],[73.67985,32.05051],[73.67956,32.05054],[73.67958,32.05067],[73.6799,32.05063]]]]}},{"type":"Feature","properties":{"lu":"List A Abutting","ct":"Existing","a":0.452},"geometry":{"type":"MultiPolygon","coordinates":[[[[73.67998,32.05079],[73.67992,32.05067],[73.67958,32.05071],[73.67966,32.05115],[73.68012,32.05106],[73.67998,32.05079]]]]}},{"type":"Feature","properties":{"lu":"List A Abutting","ct":"Existing","a":0.21},"geometry":{"type":"MultiPolygon","coordinates":[[[[73.67976,32.05115],[73.67979,32.05127],[73.68003,32.05124],[73.68007,32.05143],[73.68027,32.05137],[73.68014,32.0511],[73.67976,32.05115]]]]}},{"type":"Feature","properties":{"lu":"List A Abutting","ct":"Existing","a":0.347},"geometry":{"type":"MultiPolygon","coordinates":[[[[73.6801,32.05145],[73.68011,32.05159],[73.67998,32.05162],[73.68,32.05183],[73.68047,32.05178],[73.68029,32.0514],[73.6801,32.05145]]]]}},{"type":"Feature","properties":{"lu":"List A Abutting","ct":"Existing","a":1.826},"geometry":{"type":"MultiPolygon","coordinates":[[[[73.68017,32.05205],[73.68032,32.05203],[73.68035,32.05235],[73.68054,32.05232],[73.68109,32.05341],[73.68127,32.05337],[73.6816,32.05409],[73.68185,32.0541],[73.68142,32.05312],[73.68135,32.053],[73.68109,32.053],[73.68049,32.05181],[73.68016,32.05184],[73.68017,32.05205]]]]}},{"type":"Feature","properties":{"lu":"List A Abutting","ct":"Existing","a":0.602},"geometry":{"type":"MultiPolygon","coordinates":[[[[73.68156,32.05413],[73.68118,32.05412],[73.68118,32.05451],[73.68181,32.05447],[73.68185,32.05414],[73.68156,32.05413]]]]}},{"type":"Feature","properties":{"lu":"List A Abutting","ct":"Existing","a":0.497},"geometry":{"type":"MultiPolygon","coordinates":[[[[73.67989,32.05436],[73.67918,32.05434],[73.67921,32.05465],[73.67989,32.0546],[73.67989,32.05436]]]]}},{"type":"Feature","properties":{"lu":"List A Abutting","ct":"Existing","a":0.881},"geometry":{"type":"MultiPolygon","coordinates":[[[[73.67912,32.05434],[73.6781,32.05452],[73.67812,32.05492],[73.67913,32.05466],[73.67912,32.05434]]]]}},{"type":"Feature","properties":{"lu":"List A Abutting","ct":"Existing","a":1.635},"geometry":{"type":"MultiPolygon","coordinates":[[[[73.67806,32.05455],[73.67697,32.05467],[73.67698,32.05521],[73.67684,32.05522],[73.67686,32.05548],[73.67808,32.05494],[73.67806,32.05455]]]]}},{"type":"Feature","properties":{"lu":"List A Abutting","ct":"Existing","a":0.314},"geometry":{"type":"MultiPolygon","coordinates":[[[[73.6768,32.05522],[73.67629,32.05558],[73.6764,32.05577],[73.67682,32.0555],[73.6768,32.05522]]]]}},{"type":"Feature","properties":{"lu":"List A Abutting","ct":"Existing","a":0.227},"geometry":{"type":"MultiPolygon","coordinates":[[[[73.67631,32.05564],[73.67586,32.05591],[73.67595,32.05607],[73.67639,32.05577],[73.67631,32.05564]]]]}},{"type":"Feature","properties":{"lu":"List A Abutting","ct":"Existing","a":0.693},"geometry":{"type":"MultiPolygon","coordinates":[[[[73.6757,32.05627],[73.67588,32.05611],[73.67555,32.0555],[73.67512,32.05567],[73.6757,32.05627]]]]}},{"type":"Feature","properties":{"lu":"List A Abutting","ct":"Existing","a":0.143},"geometry":{"type":"MultiPolygon","coordinates":[[[[73.67972,32.04901],[73.67968,32.04889],[73.67927,32.04894],[73.67931,32.04908],[73.67972,32.04901]]]]}},{"type":"Feature","properties":{"lu":"List A Abutting","ct":"Existing","a":0.232},"geometry":{"type":"MultiPolygon","coordinates":[[[[73.68014,32.04956],[73.67968,32.04963],[73.67951,32.04911],[73.67933,32.04914],[73.67956,32.04968],[73.68014,32.04956]]]]}},{"type":"Feature","properties":{"lu":"List A Abutting","ct":"Existing","a":1.066},"geometry":{"type":"MultiPolygon","coordinates":[[[[73.67914,32.04869],[73.6791,32.04859],[73.67839,32.04868],[73.67842,32.04902],[73.67875,32.049],[73.67881,32.04925],[73.67918,32.04922],[73.67924,32.04934],[73.67937,32.04934],[73.67914,32.04869]]]]}},{"type":"Feature","properties":{"lu":"List A Abutting","ct":"Existing","a":0.083},"geometry":{"type":"MultiPolygon","coordinates":[[[[73.67925,32.04938],[73.67939,32.04964],[73.67949,32.04963],[73.67938,32.04937],[73.67925,32.04938]]]]}},{"type":"Feature","properties":{"lu":"List A Abutting","ct":"Existing","a":0.138},"geometry":{"type":"MultiPolygon","coordinates":[[[[73.66831,32.05881],[73.66842,32.05867],[73.66816,32.0585],[73.66805,32.05863],[73.66831,32.05881]]]]}},{"type":"Feature","properties":{"lu":"List A Abutting","ct":"Existing","a":0.2},"geometry":{"type":"MultiPolygon","coordinates":[[[[73.66861,32.05898],[73.66871,32.05886],[73.66845,32.05869],[73.66824,32.05894],[73.66837,32.05903],[73.66848,32.05891],[73.66861,32.05898]]]]}},{"type":"Feature","properties":{"lu":"List A Abutting","ct":"Existing","a":0.137},"geometry":{"type":"MultiPolygon","coordinates":[[[[73.66861,32.05902],[73.66891,32.05915],[73.66901,32.05904],[73.66874,32.05887],[73.66861,32.05902]]]]}},{"type":"Feature","properties":{"lu":"List A Abutting","ct":"Existing","a":0.138},"geometry":{"type":"MultiPolygon","coordinates":[[[[73.66893,32.05917],[73.66917,32.05936],[73.66929,32.05922],[73.66903,32.05905],[73.66893,32.05917]]]]}},{"type":"Feature","properties":{"lu":"List A Abutting","ct":"Existing","a":0.159},"geometry":{"type":"MultiPolygon","coordinates":[[[[73.66919,32.05938],[73.66947,32.05955],[73.66959,32.05941],[73.66931,32.05923],[73.66919,32.05938]]]]}},{"type":"Feature","properties":{"lu":"List A Abutting","ct":"Existing","a":1.996},"geometry":{"type":"MultiPolygon","coordinates":[[[[73.66792,32.05874],[73.66814,32.05849],[73.66706,32.05782],[73.66664,32.05801],[73.66752,32.05898],[73.66775,32.05869],[73.66792,32.05874]]]]}},{"type":"Feature","properties":{"lu":"List A Abutting","ct":"Existing","a":0.588},"geometry":{"type":"MultiPolygon","coordinates":[[[[73.66946,32.05961],[73.6696,32.05971],[73.66969,32.05961],[73.6701,32.05986],[73.66938,32.06034],[73.66947,32.06044],[73.6703,32.05988],[73.66962,32.05943],[73.66946,32.05961]]]]}},{"type":"Feature","properties":{"lu":"List A Abutting","ct":"Existing","a":1.842},"geometry":{"type":"MultiPolygon","coordinates":[[[[73.66569,32.05696],[73.66539,32.05712],[73.66629,32.05812],[73.66696,32.05777],[73.66569,32.05696]]]]}},{"type":"Feature","properties":{"lu":"List A Abutting","ct":"Existing","a":1.315},"geometry":{"type":"MultiPolygon","coordinates":[[[[73.66936,32.06036],[73.66791,32.06129],[73.66779,32.06115],[73.66738,32.06142],[73.66751,32.06154],[73.66713,32.06182],[73.66725,32.06196],[73.6674,32.0618],[73.66944,32.06046],[73.66936,32.06036]]]]}},{"type":"Feature","properties":{"lu":"List A Abutting","ct":"Existing","a":0.605},"geometry":{"type":"MultiPolygon","coordinates":[[[[73.66697,32.06174],[73.66638,32.06209],[73.6666,32.06235],[73.66717,32.06198],[73.66697,32.06174]]]]}},{"type":"Feature","properties":{"lu":"List A Abutting","ct":"Existing","a":0.529},"geometry":{"type":"MultiPolygon","coordinates":[[[[73.66644,32.06226],[73.6662,32.06243],[73.66614,32.06236],[73.66588,32.06252],[73.66594,32.0626],[73.66581,32.06267],[73.66573,32.06252],[73.6656,32.06257],[73.66577,32.06291],[73.66655,32.06239],[73.66644,32.06226]]]]}},{"type":"Feature","properties":{"lu":"List A Abutting","ct":"Existing","a":0.516},"geometry":{"type":"MultiPolygon","coordinates":[[[[73.6656,32.06266],[73.6653,32.06285],[73.66536,32.06299],[73.66506,32.06308],[73.66514,32.06323],[73.66505,32.06309],[73.66474,32.06321],[73.66484,32.06343],[73.66571,32.06287],[73.6656,32.06266]]]]}},{"type":"Feature","properties":{"lu":"List A Abutting","ct":"Existing","a":0.753},"geometry":{"type":"MultiPolygon","coordinates":[[[[73.6639,32.06363],[73.66356,32.0638],[73.66357,32.06393],[73.66324,32.06409],[73.66341,32.06441],[73.66407,32.06396],[73.6639,32.06363]]]]}},{"type":"Feature","properties":{"lu":"List A Abutting","ct":"Existing","a":0.312},"geometry":{"type":"MultiPolygon","coordinates":[[[[73.66324,32.06417],[73.6629,32.06436],[73.66306,32.06464],[73.66338,32.06443],[73.66324,32.06417]]]]}},{"type":"Feature","properties":{"lu":"List A Abutting","ct":"Existing","a":0.498},"geometry":{"type":"MultiPolygon","coordinates":[[[[73.66304,32.06466],[73.66291,32.0644],[73.66238,32.06462],[73.66257,32.06496],[73.66304,32.06466]]]]}},{"type":"Feature","properties":{"lu":"List A Abutting","ct":"Existing","a":0.576},"geometry":{"type":"MultiPolygon","coordinates":[[[[73.66241,32.06475],[73.66183,32.06497],[73.662,32.06533],[73.66254,32.06498],[73.66241,32.06475]]]]}},{"type":"Feature","properties":{"lu":"List A Abutting","ct":"Existing","a":0.802},"geometry":{"type":"MultiPolygon","coordinates":[[[[73.66056,32.06606],[73.65991,32.06628],[73.66002,32.06652],[73.65993,32.06656],[73.65985,32.06645],[73.65946,32.06672],[73.65973,32.06683],[73.66066,32.06624],[73.66056,32.06606]]]]}},{"type":"Feature","properties":{"lu":"List A Abutting","ct":"Existing","a":1.054},"geometry":{"type":"MultiPolygon","coordinates":[[[[73.65904,32.06665],[73.65897,32.0666],[73.65859,32.06676],[73.65889,32.06738],[73.65967,32.06686],[73.65904,32.06665]],[[73.65892,32.06699],[73.65889,32.06699],[73.65879,32.06668],[73.65892,32.06699]],[[73.65896,32.06713],[73.65894,32.06713],[73.65889,32.06699],[73.65896,32.06713]],[[73.65943,32.06689],[73.65929,32.06695],[73.65923,32.0668],[73.65936,32.06674],[73.65943,32.06689]]]]}},{"type":"Feature","properties":{"lu":"List A Abutting","ct":"Existing","a":3.313},"geometry":{"type":"MultiPolygon","coordinates":[[[[73.65883,32.06731],[73.65821,32.06755],[73.65829,32.06775],[73.65802,32.06716],[73.65746,32.06731],[73.65728,32.06712],[73.65671,32.0673],[73.6567,32.06776],[73.65657,32.06781],[73.65658,32.06809],[73.65802,32.06789],[73.65846,32.06769],[73.65885,32.0674],[73.65883,32.06731]]]]}},{"type":"Feature","properties":{"lu":"List A Abutting","ct":"Existing","a":3.162},"geometry":{"type":"MultiPolygon","coordinates":[[[[73.69417,32.05618],[73.69436,32.05563],[73.6942,32.05562],[73.69422,32.05553],[73.6943,32.05539],[73.6944,32.05542],[73.69481,32.05459],[73.69523,32.05479],[73.69516,32.05489],[73.69553,32.05489],[73.69569,32.05501],[73.69597,32.05503],[73.69597,32.05515],[73.69616,32.05514],[73.69616,32.05534],[73.69641,32.05533],[73.69643,32.05543],[73.69653,32.05543],[73.69656,32.05569],[73.69674,32.05567],[73.69688,32.05595],[73.69735,32.05587],[73.69648,32.05509],[73.69586,32.05474],[73.69476,32.05436],[73.69378,32.0562],[73.69417,32.05618]]]]}},{"type":"Feature","properties":{"lu":"List A Abutting","ct":"Existing","a":0.183},"geometry":{"type":"MultiPolygon","coordinates":[[[[73.69352,32.05687],[73.69357,32.05675],[73.69376,32.05673],[73.69368,32.05669],[73.6937,32.05663],[73.69394,32.05664],[73.69395,32.05658],[73.69362,32.0565],[73.69342,32.05688],[73.69352,32.05687]]]]}},{"type":"Feature","properties":{"lu":"List A Abutting","ct":"Existing","a":1.017},"geometry":{"type":"MultiPolygon","coordinates":[[[[73.69266,32.05893],[73.69267,32.05866],[73.69259,32.05866],[73.69259,32.05858],[73.69274,32.05858],[73.69274,32.05847],[73.69283,32.05846],[73.69282,32.05817],[73.69286,32.05805],[73.69305,32.05803],[73.69289,32.058],[73.69294,32.0579],[73.69304,32.0579],[73.69304,32.05773],[73.69335,32.05771],[73.69335,32.05764],[73.6931,32.05767],[73.69312,32.05752],[73.69306,32.05753],[73.69204,32.0594],[73.69223,32.05942],[73.69222,32.0593],[73.69249,32.0593],[73.6925,32.05894],[73.69266,32.05893]]]]}},{"type":"Feature","properties":{"lu":"List A Abutting","ct":"Existing","a":5.291},"geometry":{"type":"MultiPolygon","coordinates":[[[[73.69841,32.04945],[73.69812,32.04915],[73.69752,32.04909],[73.69487,32.05417],[73.69539,32.05434],[73.69543,32.05418],[73.69505,32.05406],[73.69638,32.05151],[73.69666,32.05152],[73.69662,32.0513],[73.69717,32.0512],[73.69691,32.05089],[73.6972,32.05048],[73.69756,32.0508],[73.69786,32.05047],[73.69751,32.05016],[73.69841,32.04945]]]]}},{"type":"Feature","properties":{"lu":"List A Abutting","ct":"Existing","a":2.395},"geometry":{"type":"MultiPolygon","coordinates":[[[[73.7022,32.0597],[73.7018,32.05918],[73.70214,32.05915],[73.70205,32.05857],[73.70143,32.05862],[73.70137,32.05846],[73.70103,32.05849],[73.70084,32.05877],[73.70185,32.05975],[73.7022,32.0597]]]]}},{"type":"Feature","properties":{"lu":"List A Abutting","ct":"Existing","a":0.843},"geometry":{"type":"MultiPolygon","coordinates":[[[[73.71428,32.07425],[73.71455,32.07412],[73.71477,32.07414],[73.71484,32.07434],[73.715,32.07431],[73.71512,32.07464],[73.71536,32.07461],[73.71515,32.07403],[73.71414,32.07392],[73.71428,32.07425]]]]}},{"type":"Feature","properties":{"lu":"List A Abutting","ct":"Existing","a":0.263},"geometry":{"type":"MultiPolygon","coordinates":[[[[73.71062,32.0738],[73.71059,32.07352],[73.70999,32.07347],[73.70998,32.07357],[73.71016,32.07356],[73.71017,32.07363],[73.71037,32.07355],[73.71038,32.0738],[73.71062,32.0738]]]]}},{"type":"Feature","properties":{"lu":"List A Abutting","ct":"Existing","a":0.109},"geometry":{"type":"MultiPolygon","coordinates":[[[[73.70995,32.07356],[73.70997,32.07346],[73.70956,32.07342],[73.70952,32.07353],[73.70995,32.07356]]]]}},{"type":"Feature","properties":{"lu":"List A Abutting","ct":"Existing","a":1.564},"geometry":{"type":"MultiPolygon","coordinates":[[[[73.65752,32.05149],[73.65744,32.05165],[73.65994,32.05318],[73.66006,32.05305],[73.65755,32.05144],[73.65752,32.05149]]]]}},{"type":"Feature","properties":{"lu":"List A Abutting","ct":"Existing","a":20.664},"geometry":{"type":"MultiPolygon","coordinates":[[[[73.66095,32.05194],[73.66146,32.0505],[73.66209,32.05029],[73.66172,32.04998],[73.66199,32.04981],[73.66164,32.04991],[73.66093,32.04941],[73.65792,32.05091],[73.65812,32.05112],[73.6576,32.05138],[73.66009,32.05299],[73.66024,32.05256],[73.66033,32.0526],[73.66021,32.05294],[73.66053,32.05315],[73.66095,32.05194]]]]}},{"type":"Feature","properties":{"lu":"List A Abutting","ct":"Existing","a":0.151},"geometry":{"type":"MultiPolygon","coordinates":[[[[73.66687,32.05729],[73.66668,32.05732],[73.66651,32.05723],[73.66653,32.05739],[73.66675,32.05753],[73.66687,32.05729]]]]}},{"type":"Feature","properties":{"lu":"List A Abutting","ct":"Existing","a":0.081},"geometry":{"type":"MultiPolygon","coordinates":[[[[73.66717,32.05766],[73.6669,32.0575],[73.66683,32.05758],[73.66705,32.05772],[73.66717,32.05766]]]]}},{"type":"Feature","properties":{"lu":"List A Abutting","ct":"Existing","a":0.78},"geometry":{"type":"MultiPolygon","coordinates":[[[[73.66815,32.05826],[73.66761,32.05753],[73.66713,32.05777],[73.66802,32.05832],[73.66815,32.05826]]]]}},{"type":"Feature","properties":{"lu":"List A Abutting","ct":"Existing","a":0.496},"geometry":{"type":"MultiPolygon","coordinates":[[[[73.66908,32.05872],[73.66883,32.05858],[73.6687,32.05874],[73.66945,32.05922],[73.66959,32.05904],[73.66908,32.05872]]]]}},{"type":"Feature","properties":{"lu":"List A Abutting","ct":"Existing","a":0.2},"geometry":{"type":"MultiPolygon","coordinates":[[[[73.67118,32.05894],[73.67111,32.05897],[73.67117,32.05904],[73.67088,32.05925],[73.67099,32.05937],[73.67134,32.05913],[73.67118,32.05894]]]]}},{"type":"Feature","properties":{"lu":"List A Abutting","ct":"Existing","a":0.609},"geometry":{"type":"MultiPolygon","coordinates":[[[[73.71705,32.07356],[73.71635,32.07301],[73.7161,32.07309],[73.71685,32.07373],[73.71705,32.07356]]]]}},{"type":"Feature","properties":{"lu":"List A Abutting","ct":"Existing","a":1.572},"geometry":{"type":"MultiPolygon","coordinates":[[[[73.71802,32.07376],[73.71801,32.07391],[73.71788,32.0739],[73.71791,32.07375],[73.71763,32.07371],[73.71761,32.07383],[73.71729,32.07386],[73.71734,32.07374],[73.7173,32.0737],[73.71722,32.0738],[73.71709,32.07375],[73.71716,32.07363],[73.71706,32.07358],[73.71691,32.07375],[73.7175,32.07404],[73.71905,32.07425],[73.71911,32.07389],[73.71802,32.07376]]]]}},{"type":"Feature","properties":{"lu":"List A Abutting","ct":"Existing","a":1.299},"geometry":{"type":"MultiPolygon","coordinates":[[[[73.7205,32.07406],[73.72055,32.07421],[73.72044,32.07424],[73.72041,32.07405],[73.72008,32.07401],[73.72008,32.07408],[73.71986,32.07406],[73.71985,32.07413],[73.71941,32.07401],[73.71941,32.07408],[73.71918,32.07404],[73.71914,32.07426],[73.72101,32.07446],[73.72091,32.07411],[73.7205,32.07406]]]]}},{"type":"Feature","properties":{"lu":"List A Abutting","ct":"Existing","a":1.447},"geometry":{"type":"MultiPolygon","coordinates":[[[[73.726,32.07496],[73.72508,32.07421],[73.72412,32.07409],[73.72446,32.07422],[73.7256,32.07508],[73.72591,32.07504],[73.726,32.07496]]]]}},{"type":"Feature","properties":{"lu":"List A Abutting","ct":"Existing","a":6.874},"geometry":{"type":"MultiPolygon","coordinates":[[[[73.70712,32.06413],[73.70691,32.06416],[73.70684,32.06358],[73.70614,32.06365],[73.70591,32.06244],[73.7049,32.06248],[73.70481,32.06192],[73.70517,32.0619],[73.7051,32.06132],[73.7044,32.06139],[73.70428,32.06079],[73.70366,32.06087],[73.70364,32.06073],[73.70296,32.06082],[73.7073,32.06481],[73.70712,32.06413]]]]}},{"type":"Feature","properties":{"lu":"List A Abutting","ct":"Existing","a":0.928},"geometry":{"type":"MultiPolygon","coordinates":[[[[73.70325,32.06057],[73.70323,32.06026],[73.70257,32.0603],[73.70253,32.06012],[73.70228,32.0598],[73.70194,32.05983],[73.70275,32.06063],[73.70325,32.06057]]]]}},{"type":"Feature","properties":{"lu":"List A Abutting","ct":"Existing","a":0.183},"geometry":{"type":"MultiPolygon","coordinates":[[[[73.69212,32.05943],[73.69203,32.05943],[73.69177,32.05993],[73.69196,32.05992],[73.69206,32.05958],[73.69217,32.05962],[73.69212,32.05943]]]]}},{"type":"Feature","properties":{"lu":"List A Abutting","ct":"Existing","a":0.694},"geometry":{"type":"MultiPolygon","coordinates":[[[[73.69195,32.06001],[73.69176,32.05994],[73.69118,32.06112],[73.69124,32.06114],[73.69139,32.06085],[73.69148,32.06088],[73.69154,32.06077],[73.69165,32.0608],[73.69178,32.06055],[73.69168,32.06052],[73.69168,32.06041],[73.69172,32.06033],[73.69188,32.06038],[73.69202,32.06012],[73.69191,32.06009],[73.69195,32.06001]]]]}},{"type":"Feature","properties":{"lu":"List A Abutting","ct":"Existing","a":0.23},"geometry":{"type":"MultiPolygon","coordinates":[[[[73.69125,32.06117],[73.69117,32.06113],[73.69082,32.06183],[73.69096,32.06187],[73.69125,32.06117]]]]}},{"type":"Feature","properties":{"lu":"List A Abutting","ct":"Existing","a":0.279},"geometry":{"type":"MultiPolygon","coordinates":[[[[73.69088,32.06186],[73.69082,32.06184],[73.69046,32.06247],[73.69065,32.06252],[73.69069,32.06224],[73.69079,32.06226],[73.69094,32.06202],[73.69084,32.06199],[73.69088,32.06186]]]]}},{"type":"Feature","properties":{"lu":"List A Abutting","ct":"Existing","a":0.447},"geometry":{"type":"MultiPolygon","coordinates":[[[[73.69035,32.06328],[73.69033,32.06313],[73.69044,32.06311],[73.69038,32.06284],[73.69058,32.0628],[73.69065,32.06253],[73.69046,32.06248],[73.69009,32.06329],[73.69035,32.06328]]]]}},{"type":"Feature","properties":{"lu":"List A Abutting","ct":"Existing","a":0.31},"geometry":{"type":"MultiPolygon","coordinates":[[[[73.69039,32.06363],[73.69038,32.06338],[73.69008,32.06331],[73.68993,32.06368],[73.69039,32.06363]]]]}},{"type":"Feature","properties":{"lu":"List A Abutting","ct":"Existing","a":0.352},"geometry":{"type":"MultiPolygon","coordinates":[[[[73.69008,32.06416],[73.69007,32.06391],[73.69017,32.0639],[73.69015,32.06367],[73.68993,32.0637],[73.68974,32.06416],[73.69008,32.06416]]]]}},{"type":"Feature","properties":{"lu":"List A Abutting","ct":"Existing","a":0.173},"geometry":{"type":"MultiPolygon","coordinates":[[[[73.68976,32.06455],[73.68979,32.06436],[73.68995,32.06436],[73.68994,32.06418],[73.68973,32.06419],[73.68963,32.06456],[73.68976,32.06455]]]]}},{"type":"Feature","properties":{"lu":"List A Abutting","ct":"Existing","a":0.225},"geometry":{"type":"MultiPolygon","coordinates":[[[[73.69773,32.06237],[73.69751,32.0626],[73.69718,32.06264],[73.69724,32.06272],[73.69722,32.06301],[73.69728,32.06302],[73.69773,32.06237]]]]}},{"type":"Feature","properties":{"lu":"List A Abutting","ct":"Existing","a":0.284},"geometry":{"type":"MultiPolygon","coordinates":[[[[73.69599,32.06415],[73.696,32.06456],[73.6961,32.06456],[73.69644,32.06413],[73.69599,32.06415]]]]}},{"type":"Feature","properties":{"lu":"List A Abutting","ct":"Existing","a":0.599},"geometry":{"type":"MultiPolygon","coordinates":[[[[73.69567,32.06476],[73.69567,32.06491],[73.69545,32.06492],[73.69534,32.06534],[73.69516,32.06534],[73.69518,32.06552],[73.6949,32.06561],[73.69491,32.06584],[73.6953,32.06554],[73.69595,32.06473],[73.69567,32.06476]]]]}},{"type":"Feature","properties":{"lu":"List A Abutting","ct":"Existing","a":0.387},"geometry":{"type":"MultiPolygon","coordinates":[[[[73.69488,32.06563],[73.6941,32.06614],[73.69412,32.06629],[73.69489,32.06585],[73.69488,32.06563]]]]}},{"type":"Feature","properties":{"lu":"List A Abutting","ct":"Existing","a":0.194},"geometry":{"type":"MultiPolygon","coordinates":[[[[73.69384,32.06615],[73.6939,32.0665],[73.6941,32.06651],[73.69408,32.06612],[73.69384,32.06615]]]]}},{"type":"Feature","properties":{"lu":"List A Abutting","ct":"Existing","a":0.172},"geometry":{"type":"MultiPolygon","coordinates":[[[[73.70039,32.05984],[73.70036,32.05951],[73.70013,32.05979],[73.70016,32.06002],[73.70026,32.06001],[73.70025,32.05985],[73.70039,32.05984]]]]}},{"type":"Feature","properties":{"lu":"List A Abutting","ct":"Existing","a":2.103},"geometry":{"type":"MultiPolygon","coordinates":[[[[73.70337,32.06171],[73.70363,32.0621],[73.70306,32.06217],[73.70307,32.06236],[73.70287,32.06237],[73.70292,32.06269],[73.70449,32.06252],[73.70349,32.06158],[73.70337,32.06171]]]]}},{"type":"Feature","properties":{"lu":"List A Abutting","ct":"Existing","a":0.475},"geometry":{"type":"MultiPolygon","coordinates":[[[[73.70267,32.06237],[73.70231,32.06236],[73.70233,32.06275],[73.70288,32.0627],[73.7028,32.06244],[73.70267,32.06237]]]]}},{"type":"Feature","properties":{"lu":"List A Abutting","ct":"Existing","a":0.126},"geometry":{"type":"MultiPolygon","coordinates":[[[[73.70115,32.0627],[73.70083,32.06275],[73.70084,32.06289],[73.70117,32.06286],[73.70115,32.0627]]]]}},{"type":"Feature","properties":{"lu":"List A Abutting","ct":"Existing","a":0.129},"geometry":{"type":"MultiPolygon","coordinates":[[[[73.7008,32.06273],[73.70049,32.06276],[73.7005,32.06292],[73.70081,32.06289],[73.7008,32.06273]]]]}},{"type":"Feature","properties":{"lu":"List A Abutting","ct":"Existing","a":0.154},"geometry":{"type":"MultiPolygon","coordinates":[[[[73.70045,32.06276],[73.70013,32.06274],[73.70015,32.06295],[73.70046,32.06292],[73.70045,32.06276]]]]}},{"type":"Feature","properties":{"lu":"List A Abutting","ct":"Existing","a":0.165},"geometry":{"type":"MultiPolygon","coordinates":[[[[73.7001,32.06281],[73.69977,32.06274],[73.69979,32.06299],[73.70011,32.06295],[73.7001,32.06281]]]]}},{"type":"Feature","properties":{"lu":"List A Abutting","ct":"Existing","a":0.137},"geometry":{"type":"MultiPolygon","coordinates":[[[[73.69974,32.06282],[73.69942,32.06286],[73.69943,32.06302],[73.69976,32.06299],[73.69974,32.06282]]]]}},{"type":"Feature","properties":{"lu":"List A Abutting","ct":"Existing","a":0.129},"geometry":{"type":"MultiPolygon","coordinates":[[[[73.69939,32.06286],[73.69908,32.06289],[73.6991,32.06305],[73.6994,32.06302],[73.69939,32.06286]]]]}},{"type":"Feature","properties":{"lu":"List A Abutting","ct":"Existing","a":0.206},"geometry":{"type":"MultiPolygon","coordinates":[[[[73.69904,32.06282],[73.69872,32.06282],[73.69874,32.06308],[73.69906,32.06306],[73.69904,32.06282]]]]}},{"type":"Feature","properties":{"lu":"List A Abutting","ct":"Existing","a":1.571},"geometry":{"type":"MultiPolygon","coordinates":[[[[73.71179,32.06937],[73.71161,32.06943],[73.7117,32.06951],[73.71147,32.06957],[73.71153,32.06972],[73.71182,32.06961],[73.71225,32.07011],[73.71204,32.07017],[73.71228,32.07077],[73.71294,32.07054],[73.71297,32.07048],[73.71179,32.06937]]]]}},{"type":"Feature","properties":{"lu":"List A Abutting","ct":"Existing","a":0.322},"geometry":{"type":"MultiPolygon","coordinates":[[[[73.70047,32.06298],[73.70015,32.06301],[73.70019,32.0634],[73.70051,32.06338],[73.70047,32.06298]]]]}},{"type":"Feature","properties":{"lu":"List A Abutting","ct":"Existing","a":0.472},"geometry":{"type":"MultiPolygon","coordinates":[[[[73.70235,32.06329],[73.70223,32.06331],[73.70222,32.06306],[73.70233,32.06305],[73.7023,32.06281],[73.70191,32.06285],[73.70198,32.0634],[73.70233,32.06336],[73.70235,32.06329]]]]}},{"type":"Feature","properties":{"lu":"List A Abutting","ct":"Existing","a":0.13},"geometry":{"type":"MultiPolygon","coordinates":[[[[73.70013,32.06316],[73.70011,32.06301],[73.69979,32.06304],[73.69982,32.0632],[73.70013,32.06316]]]]}},{"type":"Feature","properties":{"lu":"List A Abutting","ct":"Existing","a":0.138},"geometry":{"type":"MultiPolygon","coordinates":[[[[73.69908,32.06328],[73.69906,32.06311],[73.69874,32.06314],[73.69876,32.0633],[73.69908,32.06328]]]]}},{"type":"Feature","properties":{"lu":"List A Abutting","ct":"Existing","a":0.146},"geometry":{"type":"MultiPolygon","coordinates":[[[[73.69873,32.0633],[73.69872,32.06314],[73.69838,32.06317],[73.6984,32.06333],[73.69873,32.0633]]]]}},{"type":"Feature","properties":{"lu":"List A Abutting","ct":"Existing","a":0.628},"geometry":{"type":"MultiPolygon","coordinates":[[[[73.70559,32.06349],[73.70548,32.06339],[73.70488,32.06346],[73.70489,32.06376],[73.70577,32.06367],[73.70559,32.06349]]]]}},{"type":"Feature","properties":{"lu":"List A Abutting","ct":"Existing","a":0.124},"geometry":{"type":"MultiPolygon","coordinates":[[[[73.69809,32.06336],[73.69808,32.06319],[73.6978,32.06321],[73.69781,32.06338],[73.69809,32.06336]]]]}},{"type":"Feature","properties":{"lu":"List A Abutting","ct":"Existing","a":0.69},"geometry":{"type":"MultiPolygon","coordinates":[[[[73.69728,32.06367],[73.69761,32.06364],[73.6976,32.06336],[73.69778,32.06336],[73.69778,32.06321],[73.69721,32.06323],[73.69691,32.06369],[73.69728,32.06367]]]]}},{"type":"Feature","properties":{"lu":"List A Abutting","ct":"Existing","a":1.913},"geometry":{"type":"MultiPolygon","coordinates":[[[[73.70299,32.06289],[73.70315,32.06288],[73.70316,32.06301],[73.70453,32.06288],[73.70461,32.06315],[73.70481,32.06315],[73.70484,32.06344],[73.70543,32.06335],[73.70457,32.06258],[73.70298,32.06275],[73.70299,32.06289]]]]}},{"type":"Feature","properties":{"lu":"List A Abutting","ct":"Existing","a":0.679},"geometry":{"type":"MultiPolygon","coordinates":[[[[73.703,32.06339],[73.70294,32.06275],[73.70233,32.06281],[73.70247,32.06322],[73.70289,32.06318],[73.70285,32.06341],[73.703,32.06339]]]]}},{"type":"Feature","properties":{"lu":"List A Abutting","ct":"Existing","a":0.948},"geometry":{"type":"MultiPolygon","coordinates":[[[[73.70153,32.06304],[73.70151,32.06289],[73.70051,32.06298],[73.70058,32.06355],[73.70108,32.06349],[73.70104,32.0631],[73.70153,32.06304]]]]}},{"type":"Feature","properties":{"lu":"List A Abutting","ct":"Existing","a":0.114},"geometry":{"type":"MultiPolygon","coordinates":[[[[73.69837,32.06335],[73.69835,32.06317],[73.6981,32.06319],[73.69812,32.06336],[73.69837,32.06335]]]]}},{"type":"Feature","properties":{"lu":"List A Abutting","ct":"Existing","a":0.362},"geometry":{"type":"MultiPolygon","coordinates":[[[[73.69662,32.06448],[73.69661,32.06423],[73.6968,32.06401],[73.69705,32.06402],[73.69702,32.06387],[73.69678,32.06388],[73.69624,32.06449],[73.69662,32.06448]]]]}},{"type":"Feature","properties":{"lu":"List A Abutting","ct":"Existing","a":0.273},"geometry":{"type":"MultiPolygon","coordinates":[[[[73.69583,32.06516],[73.69603,32.06501],[73.69606,32.06484],[73.69625,32.06492],[73.69622,32.06465],[73.6963,32.06465],[73.6963,32.06452],[73.69621,32.06452],[73.6957,32.06516],[73.69583,32.06516]]]]}},{"type":"Feature","properties":{"lu":"List A Abutting","ct":"Existing","a":0.18},"geometry":{"type":"MultiPolygon","coordinates":[[[[73.69584,32.06544],[73.69582,32.06518],[73.69568,32.06519],[73.69545,32.06547],[73.69584,32.06544]]]]}},{"type":"Feature","properties":{"lu":"List A Abutting","ct":"Existing","a":0.131},"geometry":{"type":"MultiPolygon","coordinates":[[[[73.69567,32.06564],[73.69566,32.06548],[73.69541,32.06551],[73.69527,32.06567],[73.69567,32.06564]]]]}},{"type":"Feature","properties":{"lu":"List A Abutting","ct":"Existing","a":0.631},"geometry":{"type":"MultiPolygon","coordinates":[[[[73.69435,32.06641],[73.69434,32.06634],[73.69513,32.06612],[73.69512,32.066],[73.69537,32.06596],[73.69534,32.06572],[73.69414,32.06635],[73.69414,32.06641],[73.69435,32.06641]]]]}},{"type":"Feature","properties":{"lu":"List A Abutting","ct":"Existing","a":0.785},"geometry":{"type":"MultiPolygon","coordinates":[[[[73.69464,32.06803],[73.69461,32.06727],[73.69478,32.06716],[73.69461,32.06713],[73.69468,32.06665],[73.69452,32.06667],[73.6945,32.06646],[73.69415,32.06647],[73.69436,32.06674],[73.69455,32.06804],[73.69464,32.06803]]]]}},{"type":"Feature","properties":{"lu":"List A Abutting","ct":"Existing","a":0.686},"geometry":{"type":"MultiPolygon","coordinates":[[[[73.69457,32.06921],[73.69498,32.0692],[73.69468,32.06804],[73.69456,32.06806],[73.69464,32.06883],[73.69457,32.06921]]]]}},{"type":"Feature","properties":{"lu":"List A Abutting","ct":"Existing","a":0.578},"geometry":{"type":"MultiPolygon","coordinates":[[[[73.69446,32.0691],[73.69406,32.06924],[73.6942,32.06983],[73.69443,32.06978],[73.69446,32.0691]]]]}},{"type":"Feature","properties":{"lu":"List A Abutting","ct":"Existing","a":4.954},"geometry":{"type":"MultiPolygon","coordinates":[[[[73.69637,32.07142],[73.69604,32.07145],[73.69585,32.0707],[73.69517,32.07063],[73.69517,32.07081],[73.69485,32.07077],[73.69461,32.07001],[73.69422,32.06992],[73.69454,32.07163],[73.69641,32.07177],[73.69637,32.07142]]]]}},{"type":"Feature","properties":{"lu":"List A Abutting","ct":"Existing","a":0.087},"geometry":{"type":"MultiPolygon","coordinates":[[[[73.69663,32.07161],[73.69641,32.07162],[73.69643,32.07177],[73.69661,32.0718],[73.69663,32.07161]]]]}},{"type":"Feature","properties":{"lu":"List A Abutting","ct":"Existing","a":0.588},"geometry":{"type":"MultiPolygon","coordinates":[[[[73.69683,32.07164],[73.69667,32.07164],[73.69665,32.0718],[73.69775,32.07194],[73.69775,32.0717],[73.69683,32.07164]]]]}},{"type":"Feature","properties":{"lu":"List A Abutting","ct":"Existing","a":0.256},"geometry":{"type":"MultiPolygon","coordinates":[[[[73.69817,32.0718],[73.69817,32.07169],[73.69785,32.07172],[73.69779,32.07194],[73.69817,32.07199],[73.69817,32.0718]]]]}},{"type":"Feature","properties":{"lu":"List A Abutting","ct":"Existing","a":0.849},"geometry":{"type":"MultiPolygon","coordinates":[[[[73.69912,32.07173],[73.69872,32.07175],[73.69868,32.07154],[73.6986,32.07153],[73.6986,32.0716],[73.69835,32.07163],[73.69838,32.0718],[73.6982,32.0718],[73.69822,32.07199],[73.69918,32.0721],[73.69912,32.07173]]]]}},{"type":"Feature","properties":{"lu":"List A Abutting","ct":"Existing","a":0.552},"geometry":{"type":"MultiPolygon","coordinates":[[[[73.70709,32.07293],[73.707,32.07243],[73.70654,32.07249],[73.70658,32.07288],[73.70709,32.07293]]]]}},{"type":"Feature","properties":{"lu":"List A Abutting","ct":"Existing","a":0.279},"geometry":{"type":"MultiPolygon","coordinates":[[[[73.69397,32.06664],[73.69405,32.06698],[73.69422,32.06696],[73.69424,32.06711],[73.69437,32.0671],[73.69424,32.06671],[73.69406,32.06661],[73.69397,32.06664]]]]}},{"type":"Feature","properties":{"lu":"List A Abutting","ct":"Existing","a":0.097},"geometry":{"type":"MultiPolygon","coordinates":[[[[73.69432,32.06771],[73.69438,32.06799],[73.69449,32.06806],[73.69444,32.06769],[73.69432,32.06771]]]]}},{"type":"Feature","properties":{"lu":"List A Abutting","ct":"Existing","a":0.08},"geometry":{"type":"MultiPolygon","coordinates":[[[[73.69433,32.0681],[73.69436,32.0683],[73.69451,32.06827],[73.69448,32.06808],[73.69433,32.0681]]]]}},{"type":"Feature","properties":{"lu":"List A Abutting","ct":"Existing","a":0.057},"geometry":{"type":"MultiPolygon","coordinates":[[[[73.69447,32.0683],[73.69447,32.06861],[73.69457,32.06857],[73.69447,32.0683]]]]}},{"type":"Feature","properties":{"lu":"List A Abutting","ct":"Existing","a":0.522},"geometry":{"type":"MultiPolygon","coordinates":[[[[73.69451,32.06861],[73.69449,32.06885],[73.69405,32.06897],[73.69399,32.0689],[73.69354,32.06913],[73.69366,32.06931],[73.69453,32.06896],[73.69458,32.06859],[73.69451,32.06861]]]]}},{"type":"Feature","properties":{"lu":"List A Abutting","ct":"Existing","a":0.09},"geometry":{"type":"MultiPolygon","coordinates":[[[[73.69391,32.0693],[73.69385,32.06933],[73.69398,32.06958],[73.69406,32.06954],[73.69399,32.06927],[73.69391,32.0693]]]]}},{"type":"Feature","properties":{"lu":"List A Abutting","ct":"Existing","a":0.083},"geometry":{"type":"MultiPolygon","coordinates":[[[[73.69398,32.06964],[73.69406,32.06992],[73.69415,32.06989],[73.69408,32.0696],[73.69398,32.06964]]]]}},{"type":"Feature","properties":{"lu":"List A Abutting","ct":"Existing","a":0.083},"geometry":{"type":"MultiPolygon","coordinates":[[[[73.69403,32.06995],[73.69409,32.07017],[73.69421,32.07019],[73.69416,32.06991],[73.69403,32.06995]]]]}},{"type":"Feature","properties":{"lu":"List A Abutting","ct":"Existing","a":0.142},"geometry":{"type":"MultiPolygon","coordinates":[[[[73.69404,32.07019],[73.69406,32.07049],[73.69428,32.07051],[73.69422,32.07021],[73.69404,32.07019]]]]}},{"type":"Feature","properties":{"lu":"List A Abutting","ct":"Existing","a":0.226},"geometry":{"type":"MultiPolygon","coordinates":[[[[73.69406,32.07051],[73.694,32.0708],[73.69434,32.07084],[73.69428,32.07053],[73.69406,32.07051]]]]}},{"type":"Feature","properties":{"lu":"List A Abutting","ct":"Existing","a":0.057},"geometry":{"type":"MultiPolygon","coordinates":[[[[73.69427,32.07085],[73.69434,32.07116],[73.6944,32.07116],[73.69435,32.07086],[73.69427,32.07085]]]]}},{"type":"Feature","properties":{"lu":"List A Abutting","ct":"Existing","a":0.265},"geometry":{"type":"MultiPolygon","coordinates":[[[[73.69165,32.07112],[73.69161,32.07128],[73.69227,32.07134],[73.69229,32.07119],[73.69165,32.07112]]]]}},{"type":"Feature","properties":{"lu":"List A Abutting","ct":"Existing","a":0.185},"geometry":{"type":"MultiPolygon","coordinates":[[[[73.69434,32.07118],[73.69436,32.07133],[73.69353,32.07123],[73.69352,32.0713],[73.69445,32.0714],[73.69441,32.07119],[73.69434,32.07118]]]]}},{"type":"Feature","properties":{"lu":"List A Abutting","ct":"Existing","a":0.359},"geometry":{"type":"MultiPolygon","coordinates":[[[[73.69239,32.0712],[73.69232,32.07119],[73.69231,32.07134],[73.69324,32.07145],[73.69327,32.0713],[73.69239,32.0712]]]]}},{"type":"Feature","properties":{"lu":"List A Abutting","ct":"Existing","a":0.523},"geometry":{"type":"MultiPolygon","coordinates":[[[[73.69334,32.07131],[73.69328,32.07146],[73.69449,32.07163],[73.69445,32.07143],[73.69334,32.07131]]]]}},{"type":"Feature","properties":{"lu":"List A Abutting","ct":"Existing","a":0.308},"geometry":{"type":"MultiPolygon","coordinates":[[[[73.68989,32.05442],[73.68986,32.05422],[73.6893,32.05428],[73.68933,32.05448],[73.68989,32.05442]]]]}},{"type":"Feature","properties":{"lu":"List A Abutting","ct":"Existing","a":0.238},"geometry":{"type":"MultiPolygon","coordinates":[[[[73.69392,32.05469],[73.69394,32.0549],[73.69416,32.05489],[73.69416,32.05496],[73.69423,32.05496],[73.69439,32.05467],[73.69392,32.05469]]]]}},{"type":"Feature","properties":{"lu":"List A Abutting","ct":"Existing","a":0.854},"geometry":{"type":"MultiPolygon","coordinates":[[[[73.69031,32.05424],[73.6899,32.05422],[73.69,32.05504],[73.69039,32.05499],[73.69031,32.05424]]]]}},{"type":"Feature","properties":{"lu":"List A Abutting","ct":"Existing","a":0.417},"geometry":{"type":"MultiPolygon","coordinates":[[[[73.68793,32.05467],[73.68787,32.05433],[73.68747,32.05435],[73.6874,32.0547],[73.68793,32.05467]]]]}},{"type":"Feature","properties":{"lu":"List A Abutting","ct":"Existing","a":1.265},"geometry":{"type":"MultiPolygon","coordinates":[[[[73.68635,32.05447],[73.68634,32.05441],[73.68569,32.05445],[73.68574,32.0552],[73.6864,32.05516],[73.68635,32.05447]]]]}},{"type":"Feature","properties":{"lu":"List A Abutting","ct":"Existing","a":1.078},"geometry":{"type":"MultiPolygon","coordinates":[[[[73.68206,32.0553],[73.68204,32.05508],[73.68192,32.05509],[73.68202,32.05491],[73.68261,32.05526],[73.68262,32.05462],[73.68188,32.05467],[73.68172,32.05531],[73.68206,32.0553]]]]}},{"type":"Feature","properties":{"lu":"List A Abutting","ct":"Existing","a":1.199},"geometry":{"type":"MultiPolygon","coordinates":[[[[73.69136,32.05466],[73.69135,32.05413],[73.69034,32.0542],[73.69038,32.05463],[73.69084,32.05457],[73.69086,32.0547],[73.69136,32.05466]]]]}},{"type":"Feature","properties":{"lu":"List A Abutting","ct":"Existing","a":0.601},"geometry":{"type":"MultiPolygon","coordinates":[[[[73.68928,32.0544],[73.68925,32.05428],[73.6879,32.05432],[73.68793,32.05447],[73.6881,32.05446],[73.6881,32.05455],[73.68842,32.05447],[73.68843,32.05459],[73.68873,32.05455],[73.68871,32.05441],[73.68928,32.0544]]]]}},{"type":"Feature","properties":{"lu":"List A Abutting","ct":"Existing","a":0.111},"geometry":{"type":"MultiPolygon","coordinates":[[[[73.68187,32.05562],[73.68185,32.05534],[73.68172,32.05535],[73.6817,32.05562],[73.68187,32.05562]]]]}},{"type":"Feature","properties":{"lu":"List A Abutting","ct":"Existing","a":0.234},"geometry":{"type":"MultiPolygon","coordinates":[[[[73.68195,32.05594],[73.68194,32.0558],[73.68212,32.05578],[73.68212,32.05564],[73.6817,32.05568],[73.68171,32.05595],[73.68195,32.05594]]]]}},{"type":"Feature","properties":{"lu":"List A Abutting","ct":"Existing","a":0.924},"geometry":{"type":"MultiPolygon","coordinates":[[[[73.69381,32.05502],[73.69381,32.05513],[73.69372,32.05514],[73.69371,32.05503],[73.6936,32.05503],[73.69362,32.05513],[73.69354,32.05514],[73.69362,32.0556],[73.69374,32.05563],[73.6937,32.05579],[73.69362,32.0558],[73.69358,32.05596],[73.69337,32.05597],[73.69331,32.0561],[73.69366,32.05607],[73.69421,32.05499],[73.69381,32.05502]]]]}},{"type":"Feature","properties":{"lu":"List A Abutting","ct":"Existing","a":0.3},"geometry":{"type":"MultiPolygon","coordinates":[[[[73.68218,32.05624],[73.68218,32.05611],[73.68203,32.05611],[73.68201,32.05595],[73.68171,32.05597],[73.68172,32.05628],[73.68218,32.05624]]]]}},{"type":"Feature","properties":{"lu":"List A Abutting","ct":"Existing","a":1.88},"geometry":{"type":"MultiPolygon","coordinates":[[[[73.69183,32.05462],[73.69204,32.0546],[73.69202,32.05432],[73.69241,32.05433],[73.69238,32.0542],[73.69266,32.0542],[73.69267,32.0543],[73.6931,32.05425],[73.69311,32.0543],[73.69318,32.05429],[73.69317,32.0542],[73.69345,32.05419],[73.69347,32.05445],[73.69432,32.05437],[73.69429,32.05464],[73.69441,32.05464],[73.69457,32.05431],[73.69322,32.05405],[73.69173,32.0541],[73.69183,32.05462]]]]}},{"type":"Feature","properties":{"lu":"List A Abutting","ct":"Existing","a":0.265},"geometry":{"type":"MultiPolygon","coordinates":[[[[73.68567,32.05484],[73.68564,32.05446],[73.68516,32.05448],[73.68517,32.05464],[73.68549,32.05456],[73.68551,32.05485],[73.68567,32.05484]]]]}},{"type":"Feature","properties":{"lu":"List A Abutting","ct":"Existing","a":0.353},"geometry":{"type":"MultiPolygon","coordinates":[[[[73.68221,32.05661],[73.68219,32.05641],[73.68205,32.05642],[73.68204,32.05627],[73.68172,32.0563],[73.68177,32.05664],[73.68221,32.05661]]]]}},{"type":"Feature","properties":{"lu":"List A Abutting","ct":"Existing","a":0.398},"geometry":{"type":"MultiPolygon","coordinates":[[[[73.69345,32.05611],[73.69343,32.05623],[73.69332,32.05624],[73.69335,32.05642],[73.69322,32.05642],[73.6932,32.05672],[73.69304,32.05673],[73.69305,32.05692],[73.69324,32.05689],[73.69364,32.05609],[73.69345,32.05611]]]]}},{"type":"Feature","properties":{"lu":"List A Abutting","ct":"Existing","a":0.248},"geometry":{"type":"MultiPolygon","coordinates":[[[[73.6821,32.05694],[73.68208,32.05666],[73.68174,32.05669],[73.68176,32.05697],[73.6821,32.05694]]]]}},{"type":"Feature","properties":{"lu":"List A Abutting","ct":"Existing","a":0.249},"geometry":{"type":"MultiPolygon","coordinates":[[[[73.69287,32.05696],[73.69288,32.05706],[73.69266,32.05705],[73.69265,32.05719],[73.69307,32.0572],[73.69322,32.05693],[73.69287,32.05696]]]]}},{"type":"Feature","properties":{"lu":"List A Abutting","ct":"Existing","a":0.426},"geometry":{"type":"MultiPolygon","coordinates":[[[[73.68213,32.05733],[73.68212,32.0571],[73.68247,32.05707],[73.68246,32.05694],[73.68177,32.057],[73.6818,32.05736],[73.68213,32.05733]]]]}},{"type":"Feature","properties":{"lu":"List A Abutting","ct":"Existing","a":0.323},"geometry":{"type":"MultiPolygon","coordinates":[[[[73.69273,32.05721],[73.69269,32.05744],[73.69242,32.05744],[73.69245,32.05759],[73.69286,32.05756],[73.69306,32.05722],[73.69273,32.05721]]]]}},{"type":"Feature","properties":{"lu":"List A Abutting","ct":"Existing","a":0.196},"geometry":{"type":"MultiPolygon","coordinates":[[[[73.68219,32.05764],[73.68218,32.0575],[73.682,32.05751],[73.68199,32.05738],[73.68181,32.05739],[73.68184,32.05767],[73.68219,32.05764]]]]}},{"type":"Feature","properties":{"lu":"List A Abutting","ct":"Existing","a":0.07},"geometry":{"type":"MultiPolygon","coordinates":[[[[73.69276,32.05757],[73.69271,32.05769],[73.69262,32.05769],[73.69262,32.05782],[73.69272,32.05781],[73.69285,32.05758],[73.69276,32.05757]]]]}},{"type":"Feature","properties":{"lu":"List A Abutting","ct":"Existing","a":0.389},"geometry":{"type":"MultiPolygon","coordinates":[[[[73.68237,32.05796],[73.68245,32.05766],[73.68186,32.05772],[73.6819,32.05799],[73.68237,32.05796]]]]}},{"type":"Feature","properties":{"lu":"List A Abutting","ct":"Existing","a":0.831},"geometry":{"type":"MultiPolygon","coordinates":[[[[73.6926,32.05784],[73.69242,32.0582],[73.69182,32.05827],[73.69189,32.05882],[73.69215,32.05885],[73.69271,32.05784],[73.6926,32.05784]]]]}},{"type":"Feature","properties":{"lu":"List A Abutting","ct":"Existing","a":0.102},"geometry":{"type":"MultiPolygon","coordinates":[[[[73.69196,32.05886],[73.69186,32.05911],[73.69199,32.05913],[73.69213,32.05889],[73.69196,32.05886]]]]}},{"type":"Feature","properties":{"lu":"List A Abutting","ct":"Existing","a":0.966},"geometry":{"type":"MultiPolygon","coordinates":[[[[73.68265,32.05978],[73.68256,32.05941],[73.68233,32.0591],[73.68215,32.05851],[73.6824,32.05846],[73.68236,32.05823],[73.68213,32.05827],[73.68217,32.058],[73.68191,32.05802],[73.6821,32.05892],[73.68252,32.05981],[73.68265,32.05978]]]]}},{"type":"Feature","properties":{"lu":"List A Abutting","ct":"Existing","a":0.305},"geometry":{"type":"MultiPolygon","coordinates":[[[[73.69186,32.05912],[73.69174,32.05922],[73.69182,32.05924],[73.69174,32.05944],[73.69148,32.05952],[73.69146,32.05992],[73.69156,32.05992],[73.69198,32.05915],[73.69186,32.05912]]]]}},{"type":"Feature","properties":{"lu":"List A Abutting","ct":"Existing","a":0.741},"geometry":{"type":"MultiPolygon","coordinates":[[[[73.68738,32.05462],[73.68743,32.05435],[73.68639,32.05441],[73.68641,32.05464],[73.68665,32.05474],[73.68694,32.05473],[73.68693,32.05462],[73.68738,32.05462]]]]}},{"type":"Feature","properties":{"lu":"List A Abutting","ct":"Existing","a":0.324},"geometry":{"type":"MultiPolygon","coordinates":[[[[73.69132,32.05994],[73.69133,32.06016],[73.69124,32.06021],[73.69134,32.06023],[73.69119,32.06031],[73.69104,32.06072],[73.69116,32.06074],[73.69155,32.05993],[73.69132,32.05994]]]]}},{"type":"Feature","properties":{"lu":"List A Abutting","ct":"Existing","a":0.648},"geometry":{"type":"MultiPolygon","coordinates":[[[[73.68325,32.06143],[73.68331,32.06141],[73.68305,32.06083],[73.68312,32.0608],[73.6831,32.06072],[73.68299,32.06075],[73.68304,32.06067],[73.6827,32.05981],[73.68254,32.05986],[73.68318,32.06144],[73.68325,32.06143]]]]}},{"type":"Feature","properties":{"lu":"List A Abutting","ct":"Existing","a":0.71},"geometry":{"type":"MultiPolygon","coordinates":[[[[73.69097,32.06072],[73.69083,32.06117],[73.69061,32.06111],[73.69036,32.06175],[73.69064,32.06182],[73.69115,32.06076],[73.69097,32.06072]]]]}},{"type":"Feature","properties":{"lu":"List A Abutting","ct":"Existing","a":0.559},"geometry":{"type":"MultiPolygon","coordinates":[[[[73.69035,32.06176],[73.69008,32.06261],[73.69021,32.06266],[73.69063,32.06184],[73.69035,32.06176]]]]}},{"type":"Feature","properties":{"lu":"List A Abutting","ct":"Existing","a":1.693},"geometry":{"type":"MultiPolygon","coordinates":[[[[73.68968,32.0625],[73.68928,32.06261],[73.6895,32.06317],[73.68986,32.06284],[73.68993,32.06286],[73.68968,32.06327],[73.68973,32.06342],[73.68945,32.06419],[73.68933,32.06423],[73.68935,32.06446],[73.68903,32.06472],[73.68936,32.06486],[73.6899,32.06329],[73.69019,32.0627],[73.68968,32.0625]]]]}},{"type":"Feature","properties":{"lu":"List A Abutting","ct":"Existing","a":0.416},"geometry":{"type":"MultiPolygon","coordinates":[[[[73.68871,32.06833],[73.68873,32.06846],[73.68864,32.06849],[73.68869,32.06861],[73.68858,32.06863],[73.68863,32.06901],[73.68893,32.06899],[73.68883,32.06829],[73.68871,32.06833]]]]}},{"type":"Feature","properties":{"lu":"List A Abutting","ct":"Existing","a":0.983},"geometry":{"type":"MultiPolygon","coordinates":[[[[73.68038,32.05502],[73.68142,32.05498],[73.68145,32.05535],[73.68166,32.05533],[73.68172,32.05473],[73.68031,32.05483],[73.68038,32.05502]]]]}},{"type":"Feature","properties":{"lu":"List A Abutting","ct":"Existing","a":0.268},"geometry":{"type":"MultiPolygon","coordinates":[[[[73.68128,32.05539],[73.6813,32.05567],[73.68166,32.05565],[73.68166,32.05537],[73.68128,32.05539]]]]}},{"type":"Feature","properties":{"lu":"List A Abutting","ct":"Existing","a":0.847},"geometry":{"type":"MultiPolygon","coordinates":[[[[73.67886,32.0555],[73.67882,32.05498],[73.67801,32.05524],[73.67802,32.0555],[73.67886,32.0555]]]]}},{"type":"Feature","properties":{"lu":"List A Abutting","ct":"Existing","a":0.145},"geometry":{"type":"MultiPolygon","coordinates":[[[[73.68145,32.05569],[73.68148,32.05598],[73.68166,32.05598],[73.68166,32.05568],[73.68145,32.05569]]]]}},{"type":"Feature","properties":{"lu":"List A Abutting","ct":"Existing","a":0.802},"geometry":{"type":"MultiPolygon","coordinates":[[[[73.67688,32.05622],[73.67688,32.05608],[73.6775,32.05574],[73.67747,32.05548],[73.6764,32.0561],[73.67653,32.05624],[73.67688,32.05622]]]]}},{"type":"Feature","properties":{"lu":"List A Abutting","ct":"Existing","a":0.395},"geometry":{"type":"MultiPolygon","coordinates":[[[[73.68119,32.05603],[73.6812,32.05636],[73.68166,32.05633],[73.68166,32.056],[73.68119,32.05603]]]]}},{"type":"Feature","properties":{"lu":"List A Abutting","ct":"Existing","a":0.311},"geometry":{"type":"MultiPolygon","coordinates":[[[[73.68122,32.0564],[73.68125,32.05669],[73.68165,32.05667],[73.68163,32.05637],[73.68122,32.0564]]]]}},{"type":"Feature","properties":{"lu":"List A Abutting","ct":"Existing","a":0.988},"geometry":{"type":"MultiPolygon","coordinates":[[[[73.67955,32.05548],[73.67947,32.05488],[73.67887,32.05498],[73.6789,32.05538],[73.67908,32.05537],[73.6791,32.05566],[73.67939,32.05565],[73.67938,32.0555],[73.67955,32.05548]]]]}},{"type":"Feature","properties":{"lu":"List A Abutting","ct":"Existing","a":0.114},"geometry":{"type":"MultiPolygon","coordinates":[[[[73.68149,32.0567],[73.68152,32.05698],[73.68167,32.05697],[73.68165,32.0567],[73.68149,32.0567]]]]}},{"type":"Feature","properties":{"lu":"List A Abutting","ct":"Existing","a":0.209},"geometry":{"type":"MultiPolygon","coordinates":[[[[73.68148,32.05702],[73.6815,32.05717],[73.68137,32.05718],[73.68139,32.05734],[73.6817,32.05732],[73.68168,32.05701],[73.68148,32.05702]]]]}},{"type":"Feature","properties":{"lu":"List A Abutting","ct":"Existing","a":0.569},"geometry":{"type":"MultiPolygon","coordinates":[[[[73.68004,32.05545],[73.67997,32.05485],[73.67954,32.05488],[73.67958,32.05525],[73.67979,32.05528],[73.67979,32.05547],[73.68004,32.05545]]]]}},{"type":"Feature","properties":{"lu":"List A Abutting","ct":"Existing","a":0.39},"geometry":{"type":"MultiPolygon","coordinates":[[[[73.68176,32.0584],[73.68205,32.05948],[73.68211,32.05945],[73.68217,32.05956],[73.68232,32.0595],[73.68207,32.05912],[73.68199,32.05878],[73.68176,32.0584]]]]}},{"type":"Feature","properties":{"lu":"List A Abutting","ct":"Existing","a":0.166},"geometry":{"type":"MultiPolygon","coordinates":[[[[73.68202,32.05963],[73.68207,32.05975],[73.68226,32.05969],[73.68232,32.05982],[73.68244,32.05978],[73.68233,32.05951],[73.68202,32.05963]]]]}},{"type":"Feature","properties":{"lu":"List A Abutting","ct":"Existing","a":0.188},"geometry":{"type":"MultiPolygon","coordinates":[[[[73.68225,32.05986],[73.68231,32.05999],[73.68219,32.06003],[73.68223,32.06016],[73.68255,32.06006],[73.68245,32.0598],[73.68225,32.05986]]]]}},{"type":"Feature","properties":{"lu":"List A Abutting","ct":"Existing","a":0.263},"geometry":{"type":"MultiPolygon","coordinates":[[[[73.68223,32.06017],[73.6823,32.06045],[73.68266,32.06033],[73.68256,32.06008],[73.68223,32.06017]]]]}},{"type":"Feature","properties":{"lu":"List A Abutting","ct":"Existing","a":0.248},"geometry":{"type":"MultiPolygon","coordinates":[[[[73.68251,32.06083],[73.68262,32.06109],[73.68294,32.06099],[73.68283,32.06073],[73.68251,32.06083]]]]}},{"type":"Feature","properties":{"lu":"List A Abutting","ct":"Existing","a":0.194},"geometry":{"type":"MultiPolygon","coordinates":[[[[73.68249,32.06041],[73.68256,32.06054],[73.68246,32.06057],[73.68249,32.06065],[73.68263,32.06061],[73.68268,32.06075],[73.68282,32.06071],[73.68267,32.06034],[73.68249,32.06041]]]]}},{"type":"Feature","properties":{"lu":"List A Abutting","ct":"Existing","a":0.237},"geometry":{"type":"MultiPolygon","coordinates":[[[[73.68263,32.0611],[73.68274,32.06137],[73.68305,32.06126],[73.68295,32.06101],[73.68263,32.0611]]]]}},{"type":"Feature","properties":{"lu":"List A Abutting","ct":"Existing","a":0.238},"geometry":{"type":"MultiPolygon","coordinates":[[[[73.68275,32.06138],[73.68286,32.06164],[73.68316,32.06155],[73.68306,32.06128],[73.68275,32.06138]]]]}},{"type":"Feature","properties":{"lu":"List A Abutting","ct":"Existing","a":0.266},"geometry":{"type":"MultiPolygon","coordinates":[[[[73.68287,32.06165],[73.683,32.06196],[73.68329,32.06186],[73.68317,32.06156],[73.68287,32.06165]]]]}},{"type":"Feature","properties":{"lu":"List A Abutting","ct":"Existing","a":0.127},"geometry":{"type":"MultiPolygon","coordinates":[[[[73.683,32.06197],[73.68307,32.06212],[73.68336,32.06203],[73.6833,32.06188],[73.683,32.06197]]]]}},{"type":"Feature","properties":{"lu":"List A Abutting","ct":"Existing","a":0.446},"geometry":{"type":"MultiPolygon","coordinates":[[[[73.69498,32.07328],[73.69468,32.07323],[73.69479,32.07305],[73.69471,32.07304],[73.69454,32.07274],[73.69434,32.07267],[73.69426,32.07281],[73.6946,32.07325],[73.69493,32.07343],[73.69498,32.07328]]]]}},{"type":"Feature","properties":{"lu":"List A Abutting","ct":"Existing","a":0.175},"geometry":{"type":"MultiPolygon","coordinates":[[[[73.69539,32.07351],[73.69525,32.0735],[73.69518,32.07334],[73.69498,32.07331],[73.69494,32.07343],[73.69538,32.07366],[73.69539,32.07351]]]]}},{"type":"Feature","properties":{"lu":"List A Abutting","ct":"Existing","a":0.679},"geometry":{"type":"MultiPolygon","coordinates":[[[[73.69665,32.07409],[73.69648,32.07411],[73.69645,32.07384],[73.69586,32.07387],[73.69586,32.07372],[73.69566,32.07371],[73.69566,32.07361],[73.6954,32.07353],[73.6954,32.07367],[73.6961,32.07409],[73.69634,32.07417],[73.69709,32.07419],[73.69708,32.07407],[73.69665,32.07409]]]]}},{"type":"Feature","properties":{"lu":"List A Abutting","ct":"Existing","a":0.024},"geometry":{"type":"MultiPolygon","coordinates":[[[[73.69717,32.07404],[73.6971,32.07405],[73.69711,32.07419],[73.69717,32.07404]]]]}},{"type":"Feature","properties":{"lu":"List A Abutting","ct":"Existing","a":0.379},"geometry":{"type":"MultiPolygon","coordinates":[[[[73.69797,32.07405],[73.69796,32.07399],[73.6972,32.07405],[73.6972,32.07419],[73.698,32.07421],[73.69797,32.07405]]]]}},{"type":"Feature","properties":{"lu":"List A Abutting","ct":"Existing","a":0.209},"geometry":{"type":"MultiPolygon","coordinates":[[[[73.69888,32.07415],[73.69813,32.07415],[73.69813,32.07405],[73.69799,32.07405],[73.69802,32.07422],[73.69889,32.07424],[73.69888,32.07415]]]]}},{"type":"Feature","properties":{"lu":"List A Abutting","ct":"Existing","a":0.122},"geometry":{"type":"MultiPolygon","coordinates":[[[[73.69924,32.07407],[73.69893,32.07412],[73.69895,32.07424],[73.69925,32.07425],[73.69924,32.07407]]]]}},{"type":"Feature","properties":{"lu":"List A Abutting","ct":"Existing","a":0.214},"geometry":{"type":"MultiPolygon","coordinates":[[[[73.69974,32.0741],[73.69925,32.07408],[73.69926,32.07425],[73.69974,32.07427],[73.69974,32.0741]]]]}},{"type":"Feature","properties":{"lu":"List A Abutting","ct":"Existing","a":0.626},"geometry":{"type":"MultiPolygon","coordinates":[[[[73.701,32.07415],[73.69975,32.07408],[73.69976,32.07427],[73.70103,32.07435],[73.701,32.07415]]]]}},{"type":"Feature","properties":{"lu":"List A Abutting","ct":"Existing","a":0.057},"geometry":{"type":"MultiPolygon","coordinates":[[[[73.70128,32.07424],[73.70114,32.07424],[73.70104,32.07435],[73.70128,32.07437],[73.70128,32.07424]]]]}},{"type":"Feature","properties":{"lu":"List A Abutting","ct":"Existing","a":0.074},"geometry":{"type":"MultiPolygon","coordinates":[[[[73.70157,32.0743],[73.70137,32.07425],[73.70129,32.07437],[73.70157,32.07439],[73.70157,32.0743]]]]}},{"type":"Feature","properties":{"lu":"List A Abutting","ct":"Existing","a":0.356},"geometry":{"type":"MultiPolygon","coordinates":[[[[73.7021,32.07398],[73.70191,32.074],[73.70193,32.07425],[73.70158,32.07429],[73.70159,32.07439],[73.70212,32.07448],[73.7021,32.07398]]]]}},{"type":"Feature","properties":{"lu":"List A Abutting","ct":"Existing","a":0.507},"geometry":{"type":"MultiPolygon","coordinates":[[[[73.7031,32.07434],[73.70218,32.07434],[73.70218,32.07449],[73.70313,32.07465],[73.7031,32.07434]]]]}},{"type":"Feature","properties":{"lu":"List A Abutting","ct":"Existing","a":0.135},"geometry":{"type":"MultiPolygon","coordinates":[[[[73.70227,32.07299],[73.70222,32.07266],[73.70208,32.07265],[73.7021,32.073],[73.70227,32.07299]]]]}},{"type":"Feature","properties":{"lu":"List A Abutting","ct":"Existing","a":0.292},"geometry":{"type":"MultiPolygon","coordinates":[[[[73.69231,32.07154],[73.69155,32.07142],[73.69153,32.07152],[73.69243,32.07167],[73.69241,32.07174],[73.69252,32.07176],[73.69254,32.07156],[73.69231,32.07154]]]]}},{"type":"Feature","properties":{"lu":"List A Abutting","ct":"Existing","a":0.318},"geometry":{"type":"MultiPolygon","coordinates":[[[[73.69287,32.07184],[73.69289,32.07172],[73.69327,32.07177],[73.69328,32.07165],[73.69259,32.07157],[73.69257,32.07178],[73.69284,32.07189],[73.69287,32.07184]]]]}},{"type":"Feature","properties":{"lu":"List A Abutting","ct":"Existing","a":0.16},"geometry":{"type":"MultiPolygon","coordinates":[[[[73.6933,32.07178],[73.69376,32.07184],[73.69379,32.07171],[73.69331,32.07165],[73.6933,32.07178]]]]}},{"type":"Feature","properties":{"lu":"List A Abutting","ct":"Existing","a":1.703},"geometry":{"type":"MultiPolygon","coordinates":[[[[73.69382,32.07202],[73.6941,32.07208],[73.69397,32.07235],[73.69381,32.07226],[73.69385,32.07216],[73.69363,32.07216],[73.69342,32.07195],[73.69286,32.0719],[73.69364,32.07226],[73.69424,32.07275],[73.69457,32.07216],[73.69459,32.0718],[73.69382,32.07171],[73.69382,32.07202]]]]}},{"type":"Feature","properties":{"lu":"List A Abutting","ct":"Existing","a":0.114},"geometry":{"type":"MultiPolygon","coordinates":[[[[73.69862,32.0724],[73.69859,32.07226],[73.69826,32.07221],[73.69827,32.07232],[73.69843,32.07233],[73.69844,32.07241],[73.69862,32.0724]]]]}},{"type":"Feature","properties":{"lu":"List A Abutting","ct":"Existing","a":0.219},"geometry":{"type":"MultiPolygon","coordinates":[[[[73.69511,32.07195],[73.69511,32.07184],[73.69462,32.0718],[73.69462,32.07199],[73.69505,32.07202],[73.69511,32.07195]]]]}},{"type":"Feature","properties":{"lu":"List A Abutting","ct":"Existing","a":0.112},"geometry":{"type":"MultiPolygon","coordinates":[[[[73.69512,32.07199],[73.69551,32.07203],[73.69553,32.07192],[73.69513,32.07188],[73.69512,32.07199]]]]}},{"type":"Feature","properties":{"lu":"List A Abutting","ct":"Existing","a":0.637},"geometry":{"type":"MultiPolygon","coordinates":[[[[73.69628,32.07215],[73.69626,32.07198],[73.69554,32.07192],[73.69548,32.07236],[73.69587,32.07247],[73.69596,32.07242],[73.69593,32.07207],[73.69618,32.07207],[73.69628,32.07215]]]]}},{"type":"Feature","properties":{"lu":"List A Abutting","ct":"Existing","a":0.418},"geometry":{"type":"MultiPolygon","coordinates":[[[[73.68982,32.07117],[73.68989,32.07129],[73.69138,32.0715],[73.6914,32.0714],[73.68982,32.07117]]]]}},{"type":"Feature","properties":{"lu":"List A Abutting","ct":"Existing","a":0.176},"geometry":{"type":"MultiPolygon","coordinates":[[[[73.70367,32.07458],[73.70318,32.07458],[73.70319,32.07465],[73.7037,32.07479],[73.70367,32.07458]]]]}},{"type":"Feature","properties":{"lu":"List A Abutting","ct":"Existing","a":0.432},"geometry":{"type":"MultiPolygon","coordinates":[[[[73.70467,32.07493],[73.70451,32.07494],[73.70452,32.07477],[73.70404,32.07483],[73.70402,32.07467],[73.7037,32.07465],[73.70372,32.07479],[73.70469,32.07512],[73.70467,32.07493]]]]}},{"type":"Feature","properties":{"lu":"List A Abutting","ct":"Existing","a":1.055},"geometry":{"type":"MultiPolygon","coordinates":[[[[73.70563,32.07532],[73.70555,32.07478],[73.70468,32.07488],[73.70472,32.07513],[73.70542,32.07507],[73.70475,32.07514],[73.70565,32.07549],[73.70563,32.07532]]]]}},{"type":"Feature","properties":{"lu":"List A Abutting","ct":"Existing","a":0.17},"geometry":{"type":"MultiPolygon","coordinates":[[[[73.70602,32.07544],[73.70565,32.07539],[73.70567,32.07549],[73.70607,32.07569],[73.70602,32.07544]]]]}},{"type":"Feature","properties":{"lu":"List A Abutting","ct":"Existing","a":0.35},"geometry":{"type":"MultiPolygon","coordinates":[[[[73.70671,32.07574],[73.70607,32.0756],[73.70609,32.0757],[73.70676,32.07605],[73.70671,32.07574]]]]}},{"type":"Feature","properties":{"lu":"List A Abutting","ct":"Existing","a":0.047},"geometry":{"type":"MultiPolygon","coordinates":[[[[73.70744,32.07644],[73.7075,32.0763],[73.70725,32.07632],[73.70744,32.07644]]]]}},{"type":"Feature","properties":{"lu":"List A Abutting","ct":"Existing","a":0.386},"geometry":{"type":"MultiPolygon","coordinates":[[[[73.70308,32.07276],[73.70298,32.07275],[73.70301,32.07307],[73.70348,32.07313],[73.70344,32.0728],[73.70308,32.07276]]]]}},{"type":"Feature","properties":{"lu":"List A Abutting","ct":"Existing","a":0.397},"geometry":{"type":"MultiPolygon","coordinates":[[[[73.70352,32.07281],[73.70346,32.07281],[73.7035,32.07313],[73.70398,32.07318],[73.70392,32.07284],[73.70352,32.07281]]]]}},{"type":"Feature","properties":{"lu":"List A Abutting","ct":"Existing","a":0.381},"geometry":{"type":"MultiPolygon","coordinates":[[[[73.70407,32.07286],[73.70395,32.07285],[73.704,32.07318],[73.70445,32.07322],[73.70442,32.0729],[73.70407,32.07286]]]]}},{"type":"Feature","properties":{"lu":"List A Abutting","ct":"Existing","a":0.215},"geometry":{"type":"MultiPolygon","coordinates":[[[[73.70657,32.07319],[73.70657,32.07312],[73.70605,32.07306],[73.70606,32.07326],[73.70641,32.07329],[73.70641,32.0732],[73.70657,32.07319]]]]}},{"type":"Feature","properties":{"lu":"List A Abutting","ct":"Existing","a":0.125},"geometry":{"type":"MultiPolygon","coordinates":[[[[73.70604,32.07321],[73.70603,32.07306],[73.70569,32.07302],[73.7058,32.07322],[73.70604,32.07321]]]]}},{"type":"Feature","properties":{"lu":"List A Abutting","ct":"Existing","a":0.146},"geometry":{"type":"MultiPolygon","coordinates":[[[[73.70569,32.0732],[73.70567,32.07302],[73.70534,32.07299],[73.70543,32.07319],[73.70569,32.0732]]]]}},{"type":"Feature","properties":{"lu":"List A Abutting","ct":"Existing","a":1.063},"geometry":{"type":"MultiPolygon","coordinates":[[[[73.70537,32.07336],[73.70532,32.07299],[73.70445,32.07291],[73.70449,32.07325],[73.70494,32.07328],[73.70503,32.07381],[73.70525,32.07378],[73.7052,32.07336],[73.70537,32.07336]]]]}},{"type":"Feature","properties":{"lu":"List A Abutting","ct":"Existing","a":0.854},"geometry":{"type":"MultiPolygon","coordinates":[[[[73.70937,32.07352],[73.70939,32.07341],[73.70806,32.07325],[73.70809,32.07359],[73.70879,32.07346],[73.70881,32.07374],[73.70908,32.07372],[73.70925,32.0735],[73.70937,32.07352]]]]}},{"type":"Feature","properties":{"lu":"List A Abutting","ct":"Existing","a":0.162},"geometry":{"type":"MultiPolygon","coordinates":[[[[73.70802,32.07333],[73.70801,32.07324],[73.70749,32.0732],[73.7075,32.07333],[73.70762,32.07332],[73.70764,32.07345],[73.70774,32.07345],[73.70772,32.07329],[73.70802,32.07333]]]]}},{"type":"Feature","properties":{"lu":"List A Abutting","ct":"Existing","a":0.87},"geometry":{"type":"MultiPolygon","coordinates":[[[[73.72333,32.07499],[73.72249,32.07489],[73.72313,32.07564],[73.72324,32.07557],[73.72333,32.07499]]]]}},{"type":"Feature","properties":{"lu":"List A Abutting","ct":"Existing","a":0.151},"geometry":{"type":"MultiPolygon","coordinates":[[[[73.70322,32.07496],[73.70353,32.07496],[73.70353,32.07481],[73.7032,32.07474],[73.70322,32.07496]]]]}},{"type":"Feature","properties":{"lu":"List A Abutting","ct":"Existing","a":0.607},"geometry":{"type":"MultiPolygon","coordinates":[[[[73.70552,32.07547],[73.70557,32.076],[73.70625,32.07598],[73.70625,32.07583],[73.70552,32.07547]]]]}},{"type":"Feature","properties":{"lu":"List A Abutting","ct":"Existing","a":0.128},"geometry":{"type":"MultiPolygon","coordinates":[[[[73.70438,32.0752],[73.70473,32.07532],[73.70472,32.07518],[73.70436,32.07505],[73.70438,32.0752]]]]}},{"type":"Feature","properties":{"lu":"List A Abutting","ct":"Existing","a":0.151},"geometry":{"type":"MultiPolygon","coordinates":[[[[73.70512,32.0755],[73.70528,32.07548],[73.70551,32.07565],[73.70549,32.07545],[73.70512,32.07533],[73.70512,32.0755]]]]}},{"type":"Feature","properties":{"lu":"List A Abutting","ct":"Existing","a":0.181},"geometry":{"type":"MultiPolygon","coordinates":[[[[73.70509,32.07544],[73.7051,32.07532],[73.70473,32.07519],[73.70476,32.07547],[73.70509,32.07544]]]]}},{"type":"Feature","properties":{"lu":"List A Abutting","ct":"Existing","a":0.349},"geometry":{"type":"MultiPolygon","coordinates":[[[[73.70709,32.07669],[73.70753,32.07665],[73.70695,32.07623],[73.70699,32.0767],[73.70709,32.07669]]]]}},{"type":"Feature","properties":{"lu":"List A Abutting","ct":"Existing","a":0.686},"geometry":{"type":"MultiPolygon","coordinates":[[[[73.70694,32.07671],[73.7069,32.0762],[73.70647,32.07595],[73.70654,32.07674],[73.70694,32.07671]]]]}},{"type":"Feature","properties":{"lu":"List A Abutting","ct":"Existing","a":0.062},"geometry":{"type":"MultiPolygon","coordinates":[[[[73.70646,32.07609],[73.70644,32.07594],[73.70627,32.07584],[73.70635,32.07609],[73.70646,32.07609]]]]}},{"type":"Feature","properties":{"lu":"List A Abutting","ct":"Existing","a":0.132},"geometry":{"type":"MultiPolygon","coordinates":[[[[73.69944,32.07593],[73.69921,32.07592],[73.69923,32.07586],[73.69914,32.07584],[73.69916,32.076],[73.69943,32.07618],[73.69944,32.07593]]]]}},{"type":"Feature","properties":{"lu":"List A Abutting","ct":"Existing","a":0.818},"geometry":{"type":"MultiPolygon","coordinates":[[[[73.70002,32.07632],[73.69987,32.07634],[73.69978,32.07582],[73.69973,32.076],[73.69947,32.07598],[73.69946,32.0762],[73.70049,32.07688],[73.70043,32.07637],[73.70003,32.07639],[73.70002,32.07632]]]]}},{"type":"Feature","properties":{"lu":"List A Abutting","ct":"Existing","a":0.12},"geometry":{"type":"MultiPolygon","coordinates":[[[[73.70074,32.07674],[73.70062,32.0768],[73.70053,32.07676],[73.70055,32.0769],[73.70082,32.07698],[73.70074,32.07674]]]]}},{"type":"Feature","properties":{"lu":"List A Abutting","ct":"Existing","a":0.291},"geometry":{"type":"MultiPolygon","coordinates":[[[[73.70131,32.07688],[73.70074,32.07705],[73.70097,32.07719],[73.70136,32.07715],[73.70131,32.07688]]]]}},{"type":"Feature","properties":{"lu":"List A Abutting","ct":"Existing","a":0.098},"geometry":{"type":"MultiPolygon","coordinates":[[[[73.70138,32.07732],[73.70137,32.0772],[73.70109,32.07726],[73.70139,32.07744],[73.70138,32.07732]]]]}},{"type":"Feature","properties":{"lu":"List A Abutting","ct":"Existing","a":0.337},"geometry":{"type":"MultiPolygon","coordinates":[[[[73.6996,32.07474],[73.69959,32.07456],[73.69983,32.07458],[73.69983,32.07435],[73.69927,32.07433],[73.69929,32.07449],[73.69949,32.07455],[73.6995,32.07475],[73.6996,32.07474]]]]}},{"type":"Feature","properties":{"lu":"List A Abutting","ct":"Existing","a":0.748},"geometry":{"type":"MultiPolygon","coordinates":[[[[73.70075,32.07469],[73.70074,32.07461],[73.70052,32.0746],[73.70051,32.07455],[73.70107,32.0746],[73.70105,32.07442],[73.69984,32.07435],[73.69985,32.07457],[73.70018,32.07457],[73.7002,32.07471],[73.70075,32.07469]]]]}},{"type":"Feature","properties":{"lu":"List A Abutting","ct":"Existing","a":0.644},"geometry":{"type":"MultiPolygon","coordinates":[[[[73.7011,32.0748],[73.70129,32.07476],[73.70131,32.07504],[73.70162,32.075],[73.70161,32.07446],[73.70108,32.07442],[73.7011,32.0748]]]]}},{"type":"Feature","properties":{"lu":"List A Abutting","ct":"Existing","a":0.385},"geometry":{"type":"MultiPolygon","coordinates":[[[[73.70294,32.07469],[73.70282,32.07467],[73.70287,32.07515],[73.70319,32.07513],[73.70317,32.07473],[73.70294,32.07469]]]]}},{"type":"Feature","properties":{"lu":"List A Abutting","ct":"Existing","a":0.235},"geometry":{"type":"MultiPolygon","coordinates":[[[[73.69928,32.07461],[73.69926,32.07433],[73.69895,32.07432],[73.69898,32.07463],[73.69928,32.07461]]]]}},{"type":"Feature","properties":{"lu":"List A Abutting","ct":"Existing","a":2.177},"geometry":{"type":"MultiPolygon","coordinates":[[[[73.70168,32.07446],[73.70164,32.07483],[73.70171,32.07543],[73.70224,32.07539],[73.70222,32.0752],[73.70285,32.07515],[73.7028,32.07466],[73.70168,32.07446]]]]}},{"type":"Feature","properties":{"lu":"List A Abutting","ct":"Existing","a":0.3},"geometry":{"type":"MultiPolygon","coordinates":[[[[73.69713,32.07456],[73.69695,32.07451],[73.69701,32.07436],[73.69717,32.07439],[73.69721,32.07427],[73.69671,32.07422],[73.69665,32.07438],[73.69711,32.07467],[73.69713,32.07456]]]]}},{"type":"Feature","properties":{"lu":"List A Abutting","ct":"Existing","a":0.275},"geometry":{"type":"MultiPolygon","coordinates":[[[[73.69869,32.07542],[73.69852,32.07544],[73.69851,32.07531],[73.69811,32.07523],[73.6981,32.07531],[73.69871,32.07571],[73.69869,32.07542]]]]}},{"type":"Feature","properties":{"lu":"List A Abutting","ct":"Existing","a":1.298},"geometry":{"type":"MultiPolygon","coordinates":[[[[73.69473,32.07339],[73.69459,32.07332],[73.69455,32.07402],[73.69585,32.07409],[73.69554,32.07383],[73.69473,32.07339]]]]}},{"type":"Feature","properties":{"lu":"List A Abutting","ct":"Existing","a":0.783},"geometry":{"type":"MultiPolygon","coordinates":[[[[73.69645,32.07457],[73.69687,32.07476],[73.69686,32.07485],[73.69715,32.075],[73.69719,32.07523],[73.69745,32.07521],[73.69748,32.0753],[73.69759,32.07528],[73.69761,32.07538],[73.69779,32.07537],[73.69787,32.07549],[73.69803,32.07544],[73.69642,32.07435],[73.69645,32.07457]]]]}},{"type":"Feature","properties":{"lu":"List A Abutting","ct":"Existing","a":0.092},"geometry":{"type":"MultiPolygon","coordinates":[[[[73.69612,32.07436],[73.69624,32.07435],[73.6964,32.07448],[73.69638,32.07433],[73.6961,32.07421],[73.69612,32.07436]]]]}},{"type":"Feature","properties":{"lu":"List A Abutting","ct":"Existing","a":0.242},"geometry":{"type":"MultiPolygon","coordinates":[[[[73.69838,32.07588],[73.69858,32.07601],[73.69867,32.07598],[73.69894,32.07621],[73.69904,32.0761],[73.69851,32.07575],[73.69838,32.07588]]]]}},{"type":"Feature","properties":{"lu":"List A Abutting","ct":"Existing","a":0.142},"geometry":{"type":"MultiPolygon","coordinates":[[[[73.69813,32.07567],[73.69821,32.07572],[73.69815,32.07577],[73.69838,32.07586],[73.6985,32.07574],[73.69823,32.07557],[73.69813,32.07567]]]]}},{"type":"Feature","properties":{"lu":"List A Abutting","ct":"Existing","a":0.056},"geometry":{"type":"MultiPolygon","coordinates":[[[[73.69792,32.07551],[73.69816,32.07562],[73.69822,32.07556],[73.69807,32.07546],[73.69792,32.07551]]]]}},{"type":"Feature","properties":{"lu":"List A Abutting","ct":"Existing","a":0.328},"geometry":{"type":"MultiPolygon","coordinates":[[[[73.70077,32.07729],[73.70078,32.0772],[73.70037,32.07696],[73.70009,32.07728],[73.70051,32.07731],[73.70062,32.07721],[73.70077,32.07729]]]]}},{"type":"Feature","properties":{"lu":"List A Abutting","ct":"Existing","a":1.218},"geometry":{"type":"MultiPolygon","coordinates":[[[[73.6988,32.07638],[73.69928,32.07661],[73.69916,32.07675],[73.69946,32.07692],[73.69958,32.07674],[73.70014,32.07715],[73.70032,32.07694],[73.69905,32.07614],[73.6988,32.07638]]]]}},{"type":"Feature","properties":{"lu":"List A Abutting","ct":"Existing","a":1.204},"geometry":{"type":"MultiPolygon","coordinates":[[[[73.69164,32.07863],[73.69163,32.07852],[73.69014,32.07803],[73.69025,32.07865],[73.69135,32.07859],[73.69136,32.07869],[73.69164,32.07863]]]]}},{"type":"Feature","properties":{"lu":"List A Abutting","ct":"Existing","a":0.021},"geometry":{"type":"MultiPolygon","coordinates":[[[[73.69003,32.07799],[73.69014,32.07811],[73.69013,32.07802],[73.69003,32.07799]]]]}},{"type":"Feature","properties":{"lu":"List A Abutting","ct":"Existing","a":2.973},"geometry":{"type":"MultiPolygon","coordinates":[[[[73.68976,32.08107],[73.68945,32.08057],[73.68968,32.08051],[73.68977,32.08069],[73.69024,32.0806],[73.69014,32.08034],[73.69024,32.08031],[73.69018,32.08012],[73.69006,32.08014],[73.68997,32.07992],[73.68983,32.07998],[73.6897,32.07957],[73.68904,32.07974],[73.68896,32.0795],[73.68863,32.07958],[73.68956,32.08115],[73.68976,32.08107]]]]}},{"type":"Feature","properties":{"lu":"List A Abutting","ct":"Existing","a":0.199},"geometry":{"type":"MultiPolygon","coordinates":[[[[73.6899,32.08141],[73.68981,32.08126],[73.68991,32.08122],[73.68983,32.08107],[73.68957,32.08117],[73.68974,32.08148],[73.6899,32.08141]]]]}},{"type":"Feature","properties":{"lu":"List A Abutting","ct":"Existing","a":0.146},"geometry":{"type":"MultiPolygon","coordinates":[[[[73.69005,32.08173],[73.68991,32.08142],[73.68974,32.08149],[73.6899,32.08179],[73.69005,32.08173]]]]}},{"type":"Feature","properties":{"lu":"List A Abutting","ct":"Existing","a":0.154},"geometry":{"type":"MultiPolygon","coordinates":[[[[73.69028,32.08224],[73.69,32.08176],[73.68991,32.0818],[73.69017,32.08229],[73.69028,32.08224]]]]}},{"type":"Feature","properties":{"lu":"List A Abutting","ct":"Existing","a":0.175},"geometry":{"type":"MultiPolygon","coordinates":[[[[73.69056,32.08265],[73.69028,32.08225],[73.69018,32.08231],[73.69041,32.08271],[73.69056,32.08265]]]]}},{"type":"Feature","properties":{"lu":"List A Abutting","ct":"Existing","a":0.106},"geometry":{"type":"MultiPolygon","coordinates":[[[[73.69072,32.08292],[73.69054,32.08268],[73.69042,32.08273],[73.69058,32.08298],[73.69072,32.08292]]]]}},{"type":"Feature","properties":{"lu":"List A Abutting","ct":"Existing","a":0.474},"geometry":{"type":"MultiPolygon","coordinates":[[[[73.69126,32.08386],[73.69098,32.08332],[73.69105,32.08328],[73.69101,32.0832],[73.69094,32.08323],[73.69073,32.08293],[73.69059,32.08299],[73.6911,32.08393],[73.69126,32.08386]]]]}},{"type":"Feature","properties":{"lu":"List A Abutting","ct":"Existing","a":0.783},"geometry":{"type":"MultiPolygon","coordinates":[[[[73.67071,32.06071],[73.6708,32.06061],[73.67047,32.0605],[73.67038,32.06039],[73.67043,32.06032],[73.67056,32.0602],[73.67096,32.06044],[73.67101,32.06039],[73.67048,32.06009],[73.66982,32.06048],[73.67009,32.06067],[73.6702,32.06056],[73.67026,32.0606],[73.67016,32.06072],[73.67023,32.06077],[73.67039,32.06059],[73.67053,32.06067],[73.67064,32.06062],[73.67071,32.06071]]]]}},{"type":"Feature","properties":{"lu":"List A Abutting","ct":"Existing","a":0.101},"geometry":{"type":"MultiPolygon","coordinates":[[[[73.67098,32.06045],[73.67119,32.06068],[73.6713,32.06056],[73.67104,32.06039],[73.67098,32.06045]]]]}},{"type":"Feature","properties":{"lu":"List A Abutting","ct":"Existing","a":0.359},"geometry":{"type":"MultiPolygon","coordinates":[[[[73.66999,32.06064],[73.66978,32.0605],[73.66922,32.06089],[73.66948,32.06105],[73.66965,32.06086],[73.66956,32.0608],[73.66966,32.06066],[73.66984,32.06079],[73.66999,32.06064]]]]}},{"type":"Feature","properties":{"lu":"List A Abutting","ct":"Existing","a":0.11},"geometry":{"type":"MultiPolygon","coordinates":[[[[73.6715,32.06085],[73.67157,32.06077],[73.67132,32.06058],[73.67123,32.06083],[73.67137,32.06075],[73.6715,32.06085]]]]}},{"type":"Feature","properties":{"lu":"List A Abutting","ct":"Existing","a":0.082},"geometry":{"type":"MultiPolygon","coordinates":[[[[73.67155,32.06083],[73.67182,32.06099],[73.67188,32.06092],[73.67162,32.06075],[73.67155,32.06083]]]]}},{"type":"Feature","properties":{"lu":"List A Abutting","ct":"Existing","a":0.115},"geometry":{"type":"MultiPolygon","coordinates":[[[[73.67185,32.06101],[73.67199,32.06109],[73.67193,32.06116],[73.67205,32.06125],[73.67219,32.0611],[73.67191,32.06094],[73.67185,32.06101]]]]}},{"type":"Feature","properties":{"lu":"List A Abutting","ct":"Existing","a":0.508},"geometry":{"type":"MultiPolygon","coordinates":[[[[73.66938,32.06104],[73.66918,32.06092],[73.66862,32.0613],[73.66889,32.06149],[73.66938,32.06104]]]]}},{"type":"Feature","properties":{"lu":"List A Abutting","ct":"Existing","a":0.113},"geometry":{"type":"MultiPolygon","coordinates":[[[[73.66875,32.06142],[73.66859,32.06132],[73.66833,32.0615],[73.66841,32.06155],[73.66853,32.06145],[73.66864,32.06154],[73.66875,32.06142]]]]}},{"type":"Feature","properties":{"lu":"List A Abutting","ct":"Existing","a":1.709},"geometry":{"type":"MultiPolygon","coordinates":[[[[73.67288,32.0617],[73.67296,32.06162],[73.67219,32.06114],[73.67209,32.06124],[73.67224,32.06132],[73.672,32.06159],[73.6718,32.06157],[73.672,32.06162],[73.67192,32.06191],[73.67196,32.06193],[73.67179,32.06228],[73.67237,32.06238],[73.67266,32.06152],[73.67288,32.0617]]]]}},{"type":"Feature","properties":{"lu":"List A Abutting","ct":"Existing","a":0.159},"geometry":{"type":"MultiPolygon","coordinates":[[[[73.67291,32.06172],[73.67308,32.06183],[73.67306,32.06197],[73.67315,32.06201],[73.67322,32.06194],[73.67334,32.06202],[73.67339,32.06195],[73.67299,32.06164],[73.67291,32.06172]]]]}},{"type":"Feature","properties":{"lu":"List A Abutting","ct":"Existing","a":0.129},"geometry":{"type":"MultiPolygon","coordinates":[[[[73.6733,32.06218],[73.67359,32.06224],[73.67365,32.06213],[73.67343,32.06198],[73.6733,32.06218]]]]}},{"type":"Feature","properties":{"lu":"List A Abutting","ct":"Existing","a":0.166},"geometry":{"type":"MultiPolygon","coordinates":[[[[73.67356,32.06245],[73.67378,32.0625],[73.67388,32.06229],[73.67369,32.06215],[73.67356,32.06245]]]]}},{"type":"Feature","properties":{"lu":"List A Abutting","ct":"Existing","a":0.058},"geometry":{"type":"MultiPolygon","coordinates":[[[[73.67464,32.06298],[73.67482,32.06311],[73.67487,32.06303],[73.67468,32.06289],[73.67464,32.06298]]]]}},{"type":"Feature","properties":{"lu":"List A Abutting","ct":"Existing","a":2.226},"geometry":{"type":"MultiPolygon","coordinates":[[[[73.66811,32.06275],[73.66819,32.06259],[73.66797,32.06252],[73.66791,32.06265],[73.66758,32.06238],[73.66786,32.06215],[73.66794,32.06223],[73.66787,32.06231],[73.66813,32.06237],[73.66866,32.06178],[73.6683,32.06152],[73.66687,32.06246],[73.66702,32.06259],[73.66721,32.06246],[73.66767,32.06286],[73.66788,32.06267],[73.66811,32.06275]]]]}},{"type":"Feature","properties":{"lu":"List A Abutting","ct":"Existing","a":0.078},"geometry":{"type":"MultiPolygon","coordinates":[[[[73.67485,32.06314],[73.6751,32.06333],[73.67515,32.06324],[73.67491,32.06306],[73.67485,32.06314]]]]}},{"type":"Feature","properties":{"lu":"List A Abutting","ct":"Existing","a":0.051},"geometry":{"type":"MultiPolygon","coordinates":[[[[73.67447,32.06284],[73.67462,32.06299],[73.67467,32.06289],[73.6745,32.06276],[73.67447,32.06284]]]]}},{"type":"Feature","properties":{"lu":"List A Abutting","ct":"Existing","a":0.124},"geometry":{"type":"MultiPolygon","coordinates":[[[[73.67381,32.06249],[73.67412,32.06258],[73.67417,32.0625],[73.67392,32.06231],[73.67381,32.06249]]]]}},{"type":"Feature","properties":{"lu":"List A Abutting","ct":"Existing","a":0.079},"geometry":{"type":"MultiPolygon","coordinates":[[[[73.67415,32.06259],[73.67445,32.06282],[73.67449,32.06274],[73.6742,32.06252],[73.67415,32.06259]]]]}},{"type":"Feature","properties":{"lu":"List A Abutting","ct":"Existing","a":0.172},"geometry":{"type":"MultiPolygon","coordinates":[[[[73.67508,32.06343],[73.67533,32.06363],[73.67544,32.06346],[73.67519,32.06327],[73.67508,32.06343]]]]}},{"type":"Feature","properties":{"lu":"List A Abutting","ct":"Existing","a":0.687},"geometry":{"type":"MultiPolygon","coordinates":[[[[73.67537,32.06364],[73.67575,32.06394],[73.67589,32.06393],[73.67583,32.064],[73.67654,32.06457],[73.67665,32.06444],[73.67547,32.06348],[73.67537,32.06364]]]]}},{"type":"Feature","properties":{"lu":"List A Abutting","ct":"Existing","a":0.411},"geometry":{"type":"MultiPolygon","coordinates":[[[[73.67658,32.06481],[73.67669,32.0647],[73.67714,32.06507],[73.67728,32.06496],[73.67669,32.06447],[73.67646,32.06469],[73.67658,32.06481]]]]}},{"type":"Feature","properties":{"lu":"List A Abutting","ct":"Existing","a":0.726},"geometry":{"type":"MultiPolygon","coordinates":[[[[73.67716,32.06509],[73.67828,32.06602],[73.67848,32.06593],[73.6773,32.06497],[73.67716,32.06509]]]]}},{"type":"Feature","properties":{"lu":"List A Abutting","ct":"Existing","a":0.17},"geometry":{"type":"MultiPolygon","coordinates":[[[[73.66314,32.0652],[73.66304,32.06501],[73.66269,32.06523],[73.66274,32.06532],[73.66314,32.0652]]]]}},{"type":"Feature","properties":{"lu":"List A Abutting","ct":"Existing","a":0.196},"geometry":{"type":"MultiPolygon","coordinates":[[[[73.66854,32.06629],[73.66824,32.06625],[73.6682,32.06615],[73.66807,32.06619],[73.6681,32.06626],[73.66787,32.06627],[73.66788,32.06637],[73.66858,32.06637],[73.66854,32.06629]]]]}},{"type":"Feature","properties":{"lu":"List A Abutting","ct":"Existing","a":0.066},"geometry":{"type":"MultiPolygon","coordinates":[[[[73.66925,32.06635],[73.66893,32.06632],[73.66893,32.0664],[73.66928,32.06644],[73.66925,32.06635]]]]}},{"type":"Feature","properties":{"lu":"List A Abutting","ct":"Existing","a":0.061},"geometry":{"type":"MultiPolygon","coordinates":[[[[73.67069,32.0665],[73.67053,32.06649],[73.6705,32.06663],[73.67066,32.06666],[73.67069,32.0665]]]]}},{"type":"Feature","properties":{"lu":"List A Abutting","ct":"Existing","a":0.959},"geometry":{"type":"MultiPolygon","coordinates":[[[[73.66208,32.06599],[73.66202,32.06585],[73.66237,32.06572],[73.66259,32.06547],[73.66274,32.06542],[73.66266,32.06525],[73.66149,32.06602],[73.66163,32.06631],[73.66215,32.06612],[73.66208,32.06599]]]]}},{"type":"Feature","properties":{"lu":"List A Abutting","ct":"Existing","a":0.446},"geometry":{"type":"MultiPolygon","coordinates":[[[[73.66717,32.06625],[73.66605,32.0666],[73.66612,32.06674],[73.66724,32.06641],[73.66717,32.06625]]]]}},{"type":"Feature","properties":{"lu":"List A Abutting","ct":"Existing","a":0.538},"geometry":{"type":"MultiPolygon","coordinates":[[[[73.6791,32.06669],[73.67903,32.06659],[73.67819,32.06677],[73.67831,32.06698],[73.67919,32.0668],[73.6791,32.06669]]]]}},{"type":"Feature","properties":{"lu":"List A Abutting","ct":"Existing","a":0.191},"geometry":{"type":"MultiPolygon","coordinates":[[[[73.66519,32.06691],[73.66474,32.06708],[73.6648,32.0672],[73.66526,32.06707],[73.66519,32.06691]]]]}},{"type":"Feature","properties":{"lu":"List A Abutting","ct":"Existing","a":0.083},"geometry":{"type":"MultiPolygon","coordinates":[[[[73.66415,32.06721],[73.66394,32.06728],[73.664,32.06739],[73.66422,32.06736],[73.66415,32.06721]]]]}},{"type":"Feature","properties":{"lu":"List A Abutting","ct":"Existing","a":1.036},"geometry":{"type":"MultiPolygon","coordinates":[[[[73.67899,32.06715],[73.67936,32.06702],[73.67921,32.06682],[73.67806,32.06706],[73.67809,32.06739],[73.6785,32.06746],[73.67852,32.06727],[73.67899,32.06715]]]]}},{"type":"Feature","properties":{"lu":"List A Abutting","ct":"Existing","a":0.434},"geometry":{"type":"MultiPolygon","coordinates":[[[[73.66037,32.06698],[73.66091,32.06672],[73.66078,32.06648],[73.66006,32.06696],[73.66026,32.06704],[73.66037,32.06698]]]]}},{"type":"Feature","properties":{"lu":"List A Abutting","ct":"Existing","a":0.194},"geometry":{"type":"MultiPolygon","coordinates":[[[[73.6639,32.06731],[73.66354,32.0674],[73.66351,32.06734],[73.66335,32.06737],[73.66338,32.06743],[73.6632,32.06745],[73.66323,32.06753],[73.6635,32.0675],[73.66394,32.0674],[73.6639,32.06731]]]]}},{"type":"Feature","properties":{"lu":"List A Abutting","ct":"Existing","a":0.219},"geometry":{"type":"MultiPolygon","coordinates":[[[[73.66316,32.06746],[73.66225,32.06757],[73.66235,32.06766],[73.66319,32.06754],[73.66316,32.06746]]]]}},{"type":"Feature","properties":{"lu":"List A Abutting","ct":"Existing","a":1.746},"geometry":{"type":"MultiPolygon","coordinates":[[[[73.67678,32.06724],[73.67676,32.06742],[73.67657,32.0674],[73.67657,32.06748],[73.67628,32.06744],[73.67627,32.06729],[73.67591,32.06733],[73.67597,32.06703],[73.67587,32.06701],[73.67589,32.0669],[73.67572,32.06688],[73.6757,32.06701],[73.67538,32.06697],[73.67531,32.06732],[73.67743,32.06786],[73.67716,32.06732],[73.67678,32.06724]]]]}},{"type":"Feature","properties":{"lu":"List A Abutting","ct":"Existing","a":2.24},"geometry":{"type":"MultiPolygon","coordinates":[[[[73.66098,32.06745],[73.66062,32.06759],[73.66043,32.06757],[73.66038,32.06748],[73.65978,32.06762],[73.65967,32.0674],[73.66017,32.06726],[73.66026,32.06711],[73.65997,32.06698],[73.65899,32.06762],[73.65917,32.06797],[73.66012,32.0678],[73.66146,32.0677],[73.66098,32.06745]]]]}},{"type":"Feature","properties":{"lu":"List A Abutting","ct":"Existing","a":0.293},"geometry":{"type":"MultiPolygon","coordinates":[[[[73.65884,32.06778],[73.65826,32.06809],[73.65903,32.06801],[73.65884,32.06778]]]]}},{"type":"Feature","properties":{"lu":"List A Abutting","ct":"Existing","a":1.395},"geometry":{"type":"MultiPolygon","coordinates":[[[[73.67901,32.06797],[73.67895,32.06823],[73.68093,32.06872],[73.68063,32.06835],[73.67901,32.06797]]]]}},{"type":"Feature","properties":{"lu":"List A Abutting","ct":"Existing","a":0.093},"geometry":{"type":"MultiPolygon","coordinates":[[[[73.67657,32.05805],[73.67659,32.05833],[73.67676,32.05831],[73.67666,32.05806],[73.67657,32.05805]]]]}},{"type":"Feature","properties":{"lu":"List A Abutting","ct":"Existing","a":0.093},"geometry":{"type":"MultiPolygon","coordinates":[[[[73.67414,32.05773],[73.67408,32.05766],[73.67373,32.0579],[73.67378,32.05797],[73.67414,32.05773]]]]}},{"type":"Feature","properties":{"lu":"List A Abutting","ct":"Existing","a":0.193},"geometry":{"type":"MultiPolygon","coordinates":[[[[73.67456,32.05748],[73.67453,32.05736],[73.67411,32.05764],[73.67419,32.05782],[73.67434,32.05781],[73.67433,32.05763],[73.67456,32.05748]]]]}},{"type":"Feature","properties":{"lu":"List A Abutting","ct":"Existing","a":0.359},"geometry":{"type":"MultiPolygon","coordinates":[[[[73.67668,32.05834],[73.67674,32.05904],[73.67686,32.05917],[73.67698,32.05915],[73.67677,32.05833],[73.67668,32.05834]]]]}},{"type":"Feature","properties":{"lu":"List A Abutting","ct":"Existing","a":0.097},"geometry":{"type":"MultiPolygon","coordinates":[[[[73.67687,32.05919],[73.67694,32.05951],[73.67705,32.0595],[73.67699,32.05917],[73.67687,32.05919]]]]}},{"type":"Feature","properties":{"lu":"List A Abutting","ct":"Existing","a":0.973},"geometry":{"type":"MultiPolygon","coordinates":[[[[73.6737,32.05845],[73.67366,32.05814],[73.67381,32.0581],[73.6737,32.05792],[73.67218,32.05893],[73.67228,32.05904],[73.67334,32.05841],[73.6734,32.0585],[73.6737,32.05845]]]]}},{"type":"Feature","properties":{"lu":"List A Abutting","ct":"Existing","a":0.796},"geometry":{"type":"MultiPolygon","coordinates":[[[[73.67104,32.0601],[73.67096,32.06],[73.67086,32.06003],[73.67084,32.05991],[73.67127,32.0596],[73.67139,32.05974],[73.67147,32.05972],[73.67141,32.05963],[73.67169,32.05952],[73.67166,32.05946],[73.67185,32.0594],[73.67182,32.05935],[73.67227,32.05906],[73.67216,32.05894],[73.67059,32.05998],[73.67087,32.06017],[73.67104,32.0601]]]]}},{"type":"Feature","properties":{"lu":"List A Abutting","ct":"Existing","a":1.824},"geometry":{"type":"MultiPolygon","coordinates":[[[[73.67707,32.05962],[73.67705,32.05952],[73.67633,32.05962],[73.6763,32.05952],[73.67598,32.05957],[73.67619,32.06032],[73.67718,32.06012],[73.67707,32.05962]]]]}},{"type":"Feature","properties":{"lu":"List A Abutting","ct":"Existing","a":0.057},"geometry":{"type":"MultiPolygon","coordinates":[[[[73.67711,32.06016],[73.67713,32.06039],[73.67723,32.06036],[73.67719,32.06014],[73.67711,32.06016]]]]}},{"type":"Feature","properties":{"lu":"List A Abutting","ct":"Existing","a":0.106},"geometry":{"type":"MultiPolygon","coordinates":[[[[73.67161,32.06049],[73.67141,32.06035],[73.67121,32.06039],[73.67152,32.06058],[73.67161,32.06049]]]]}},{"type":"Feature","properties":{"lu":"List A Abutting","ct":"Existing","a":0.058},"geometry":{"type":"MultiPolygon","coordinates":[[[[73.67714,32.06041],[73.6772,32.06069],[73.67728,32.06067],[73.67723,32.06038],[73.67714,32.06041]]]]}},{"type":"Feature","properties":{"lu":"List A Abutting","ct":"Existing","a":0.087},"geometry":{"type":"MultiPolygon","coordinates":[[[[73.67244,32.06107],[73.67232,32.06092],[73.67211,32.06095],[73.67238,32.06113],[73.67244,32.06107]]]]}},{"type":"Feature","properties":{"lu":"List A Abutting","ct":"Existing","a":0.065},"geometry":{"type":"MultiPolygon","coordinates":[[[[73.67716,32.06072],[73.67733,32.06096],[73.67728,32.06068],[73.67716,32.06072]]]]}},{"type":"Feature","properties":{"lu":"List A Abutting","ct":"Existing","a":0.13},"geometry":{"type":"MultiPolygon","coordinates":[[[[73.67276,32.06122],[73.67251,32.06102],[73.67239,32.06114],[73.67266,32.06132],[73.67276,32.06122]]]]}},{"type":"Feature","properties":{"lu":"List A Abutting","ct":"Existing","a":0.094},"geometry":{"type":"MultiPolygon","coordinates":[[[[73.67301,32.06144],[73.6728,32.06133],[73.67288,32.06125],[73.67282,32.0612],[73.67268,32.06134],[73.67293,32.06151],[73.67301,32.06144]]]]}},{"type":"Feature","properties":{"lu":"List A Abutting","ct":"Existing","a":0.117},"geometry":{"type":"MultiPolygon","coordinates":[[[[73.67725,32.06102],[73.67733,32.06147],[73.67741,32.06143],[73.67737,32.06115],[73.67734,32.061],[73.67725,32.06102]]]]}},{"type":"Feature","properties":{"lu":"List A Abutting","ct":"Existing","a":0.137},"geometry":{"type":"MultiPolygon","coordinates":[[[[73.67328,32.06166],[73.67318,32.06159],[73.67324,32.06141],[73.67314,32.06134],[73.67296,32.06153],[73.67323,32.06171],[73.67328,32.06166]]]]}},{"type":"Feature","properties":{"lu":"List A Abutting","ct":"Existing","a":0.117},"geometry":{"type":"MultiPolygon","coordinates":[[[[73.67363,32.06177],[73.67351,32.06166],[73.67342,32.06176],[73.67329,32.06166],[73.67324,32.06172],[73.6735,32.06191],[73.67363,32.06177]]]]}},{"type":"Feature","properties":{"lu":"List A Abutting","ct":"Existing","a":0.088},"geometry":{"type":"MultiPolygon","coordinates":[[[[73.67382,32.06201],[73.67362,32.06181],[73.67352,32.06192],[73.67377,32.06209],[73.67382,32.06201]]]]}},{"type":"Feature","properties":{"lu":"List A Abutting","ct":"Existing","a":0.05},"geometry":{"type":"MultiPolygon","coordinates":[[[[73.67398,32.06208],[73.67387,32.06199],[73.67378,32.0621],[73.67389,32.06218],[73.67398,32.06208]]]]}},{"type":"Feature","properties":{"lu":"List A Abutting","ct":"Existing","a":0.092},"geometry":{"type":"MultiPolygon","coordinates":[[[[73.67727,32.06153],[73.67737,32.06182],[73.67748,32.06176],[73.67742,32.06146],[73.67727,32.06153]]]]}},{"type":"Feature","properties":{"lu":"List A Abutting","ct":"Existing","a":0.06},"geometry":{"type":"MultiPolygon","coordinates":[[[[73.67736,32.06185],[73.6775,32.06212],[73.67755,32.06209],[73.67748,32.06179],[73.67736,32.06185]]]]}},{"type":"Feature","properties":{"lu":"List A Abutting","ct":"Existing","a":0.363},"geometry":{"type":"MultiPolygon","coordinates":[[[[73.67471,32.06261],[73.67447,32.06242],[73.67456,32.06233],[73.67445,32.06225],[73.67429,32.06239],[73.67416,32.06228],[73.67423,32.06223],[73.67402,32.06208],[73.67392,32.06221],[73.67457,32.06269],[73.67471,32.06261]]]]}},{"type":"Feature","properties":{"lu":"List A Abutting","ct":"Existing","a":0.143},"geometry":{"type":"MultiPolygon","coordinates":[[[[73.67499,32.0628],[73.67476,32.06261],[73.6746,32.06271],[73.67484,32.0629],[73.67499,32.0628]]]]}},{"type":"Feature","properties":{"lu":"List A Abutting","ct":"Existing","a":0.154},"geometry":{"type":"MultiPolygon","coordinates":[[[[73.67537,32.06294],[73.6753,32.06282],[73.67504,32.06297],[73.67492,32.06287],[73.67486,32.06291],[73.67511,32.0631],[73.67537,32.06294]]]]}},{"type":"Feature","properties":{"lu":"List A Abutting","ct":"Existing","a":0.097},"geometry":{"type":"MultiPolygon","coordinates":[[[[73.67547,32.06326],[73.67526,32.06303],[73.67513,32.06311],[73.67539,32.06331],[73.67547,32.06326]]]]}},{"type":"Feature","properties":{"lu":"List A Abutting","ct":"Existing","a":0.117},"geometry":{"type":"MultiPolygon","coordinates":[[[[73.67577,32.06351],[73.67555,32.06322],[73.6754,32.06332],[73.6757,32.06356],[73.67577,32.06351]]]]}},{"type":"Feature","properties":{"lu":"List A Abutting","ct":"Existing","a":0.438},"geometry":{"type":"MultiPolygon","coordinates":[[[[73.67771,32.06465],[73.67751,32.0644],[73.67702,32.06459],[73.67732,32.06485],[73.67771,32.06465]]]]}},{"type":"Feature","properties":{"lu":"List A Abutting","ct":"Existing","a":0.65},"geometry":{"type":"MultiPolygon","coordinates":[[[[73.67825,32.06456],[73.67823,32.0645],[73.67736,32.06488],[73.6776,32.06508],[73.67834,32.06478],[73.67825,32.06456]]]]}},{"type":"Feature","properties":{"lu":"List A Abutting","ct":"Existing","a":1.831},"geometry":{"type":"MultiPolygon","coordinates":[[[[73.67925,32.06663],[73.67858,32.06533],[73.67836,32.06542],[73.67858,32.06531],[73.67848,32.06509],[73.67812,32.06525],[73.67846,32.06507],[73.67835,32.06479],[73.67762,32.06509],[73.67857,32.06589],[73.67924,32.0667],[73.67925,32.06663]]]]}},{"type":"Feature","properties":{"lu":"List A Abutting","ct":"Existing","a":0.103},"geometry":{"type":"MultiPolygon","coordinates":[[[[73.65761,32.06844],[73.65758,32.06829],[73.65728,32.06832],[73.65743,32.06847],[73.65761,32.06844]]]]}},{"type":"Feature","properties":{"lu":"List A Abutting","ct":"Existing","a":0.441},"geometry":{"type":"MultiPolygon","coordinates":[[[[73.68051,32.06878],[73.6804,32.06893],[73.68056,32.06892],[73.68083,32.06907],[73.68092,32.06899],[73.68108,32.06903],[73.68124,32.06923],[73.68142,32.06915],[73.68122,32.06892],[73.68051,32.06878]]]]}},{"type":"Feature","properties":{"lu":"List A Abutting","ct":"Existing","a":0.085},"geometry":{"type":"MultiPolygon","coordinates":[[[[73.68131,32.06924],[73.68154,32.06946],[73.68162,32.06942],[73.68145,32.06918],[73.68131,32.06924]]]]}},{"type":"Feature","properties":{"lu":"List A Abutting","ct":"Existing","a":0.258},"geometry":{"type":"MultiPolygon","coordinates":[[[[73.67659,32.06999],[73.67627,32.06995],[73.67618,32.07029],[73.67647,32.07029],[73.67659,32.06999]]]]}},{"type":"Feature","properties":{"lu":"List A Abutting","ct":"Existing","a":0.217},"geometry":{"type":"MultiPolygon","coordinates":[[[[73.67626,32.06995],[73.67594,32.06995],[73.6759,32.07014],[73.676,32.07014],[73.67603,32.0703],[73.67616,32.07029],[73.67626,32.06995]]]]}},{"type":"Feature","properties":{"lu":"List A Abutting","ct":"Existing","a":0.195},"geometry":{"type":"MultiPolygon","coordinates":[[[[73.67507,32.0703],[73.67506,32.07001],[73.67476,32.07002],[73.67485,32.0703],[73.67507,32.0703]]]]}},{"type":"Feature","properties":{"lu":"List A Abutting","ct":"Existing","a":0.365},"geometry":{"type":"MultiPolygon","coordinates":[[[[73.67209,32.07008],[73.67157,32.07008],[73.67157,32.07036],[73.67208,32.07035],[73.67209,32.07008]]]]}},{"type":"Feature","properties":{"lu":"List A Abutting","ct":"Existing","a":0.236},"geometry":{"type":"MultiPolygon","coordinates":[[[[73.67156,32.07036],[73.67156,32.07008],[73.67132,32.07008],[73.67115,32.07036],[73.67156,32.07036]]]]}},{"type":"Feature","properties":{"lu":"List A Abutting","ct":"Existing","a":0.189},"geometry":{"type":"MultiPolygon","coordinates":[[[[73.67687,32.07012],[73.67661,32.07],[73.67648,32.0703],[73.67662,32.07038],[73.67687,32.07012]]]]}},{"type":"Feature","properties":{"lu":"List A Abutting","ct":"Existing","a":0.058},"geometry":{"type":"MultiPolygon","coordinates":[[[[73.67701,32.07024],[73.6769,32.07014],[73.67666,32.07038],[73.67701,32.07024]]]]}},{"type":"Feature","properties":{"lu":"List A Abutting","ct":"Existing","a":2.013},"geometry":{"type":"MultiPolygon","coordinates":[[[[73.67064,32.06963],[73.67051,32.06965],[73.67058,32.06979],[73.67023,32.06992],[73.67014,32.0698],[73.66983,32.0699],[73.67006,32.07037],[73.67113,32.07036],[73.67126,32.07014],[73.67096,32.06951],[73.67064,32.06963]]]]}},{"type":"Feature","properties":{"lu":"List A Abutting","ct":"Existing","a":0.17},"geometry":{"type":"MultiPolygon","coordinates":[[[[73.68148,32.06951],[73.68164,32.06974],[73.68171,32.0697],[73.68177,32.06979],[73.68187,32.06974],[73.68163,32.06943],[73.68148,32.06951]]]]}},{"type":"Feature","properties":{"lu":"List A Abutting","ct":"Existing","a":0.13},"geometry":{"type":"MultiPolygon","coordinates":[[[[73.68174,32.06984],[73.68174,32.06994],[73.68185,32.07001],[73.68178,32.07003],[73.68184,32.07014],[73.682,32.07005],[73.68189,32.06978],[73.68174,32.06984]]]]}},{"type":"Feature","properties":{"lu":"List A Abutting","ct":"Existing","a":0.524},"geometry":{"type":"MultiPolygon","coordinates":[[[[73.67727,32.07034],[73.67713,32.07022],[73.67667,32.07041],[73.67707,32.07076],[73.67741,32.07045],[73.67727,32.07034]]]]}},{"type":"Feature","properties":{"lu":"List A Abutting","ct":"Existing","a":0.679},"geometry":{"type":"MultiPolygon","coordinates":[[[[73.66188,32.07024],[73.66167,32.07031],[73.66175,32.07054],[73.66134,32.07067],[73.66146,32.07096],[73.66209,32.07075],[73.66188,32.07024]]]]}},{"type":"Feature","properties":{"lu":"List A Abutting","ct":"Existing","a":0.371},"geometry":{"type":"MultiPolygon","coordinates":[[[[73.68207,32.07037],[73.68259,32.07084],[73.68238,32.07101],[73.68245,32.07109],[73.68282,32.07083],[73.68217,32.07033],[73.68207,32.07037]]]]}},{"type":"Feature","properties":{"lu":"List A Abutting","ct":"Existing","a":0.178},"geometry":{"type":"MultiPolygon","coordinates":[[[[73.68236,32.07103],[73.68189,32.0713],[73.68199,32.07142],[73.68243,32.0711],[73.68236,32.07103]]]]}},{"type":"Feature","properties":{"lu":"List A Abutting","ct":"Existing","a":1.404},"geometry":{"type":"MultiPolygon","coordinates":[[[[73.6778,32.07077],[73.67742,32.07046],[73.67709,32.07078],[73.67797,32.07154],[73.67832,32.07124],[73.6778,32.07077]]]]}},{"type":"Feature","properties":{"lu":"List A Abutting","ct":"Existing","a":0.313},"geometry":{"type":"MultiPolygon","coordinates":[[[[73.68172,32.0711],[73.68149,32.07132],[73.68173,32.0716],[73.68198,32.07143],[73.68172,32.0711]]]]}},{"type":"Feature","properties":{"lu":"List A Abutting","ct":"Existing","a":0.412},"geometry":{"type":"MultiPolygon","coordinates":[[[[73.67847,32.07155],[73.67823,32.07134],[73.678,32.07156],[73.67838,32.07189],[73.67861,32.07168],[73.67847,32.07155]]]]}},{"type":"Feature","properties":{"lu":"List A Abutting","ct":"Existing","a":0.481},"geometry":{"type":"MultiPolygon","coordinates":[[[[73.67876,32.07179],[73.67864,32.0717],[73.67842,32.07192],[73.67887,32.0723],[73.6791,32.07209],[73.67876,32.07179]]]]}},{"type":"Feature","properties":{"lu":"List A Abutting","ct":"Existing","a":0.434},"geometry":{"type":"MultiPolygon","coordinates":[[[[73.67926,32.07223],[73.67913,32.07212],[73.67891,32.07233],[73.67937,32.07271],[73.67951,32.07245],[73.67926,32.07223]]]]}},{"type":"Feature","properties":{"lu":"List A Abutting","ct":"Existing","a":0.124},"geometry":{"type":"MultiPolygon","coordinates":[[[[73.66856,32.06667],[73.6692,32.06677],[73.66919,32.06669],[73.66906,32.06667],[73.66856,32.0666],[73.66856,32.06667]]]]}},{"type":"Feature","properties":{"lu":"List A Abutting","ct":"Existing","a":0.59},"geometry":{"type":"MultiPolygon","coordinates":[[[[73.66826,32.06703],[73.66821,32.06675],[73.66833,32.06675],[73.66833,32.06683],[73.66855,32.0668],[73.66854,32.06655],[73.66741,32.06659],[73.66744,32.06669],[73.66802,32.06662],[73.6681,32.06708],[73.66826,32.06703]]]]}},{"type":"Feature","properties":{"lu":"List A Abutting","ct":"Existing","a":0.152},"geometry":{"type":"MultiPolygon","coordinates":[[[[73.67354,32.06733],[73.67355,32.06726],[73.67322,32.06721],[73.67319,32.06742],[73.67344,32.06744],[73.67346,32.06732],[73.67354,32.06733]]]]}},{"type":"Feature","properties":{"lu":"List A Abutting","ct":"Existing","a":0.091},"geometry":{"type":"MultiPolygon","coordinates":[[[[73.67355,32.0674],[73.67388,32.06742],[73.6739,32.06732],[73.67357,32.06727],[73.67355,32.0674]]]]}},{"type":"Feature","properties":{"lu":"List A Abutting","ct":"Existing","a":0.107},"geometry":{"type":"MultiPolygon","coordinates":[[[[73.67087,32.06697],[73.67082,32.06685],[73.67057,32.06681],[73.67063,32.06701],[73.67087,32.06697]]]]}},{"type":"Feature","properties":{"lu":"List A Abutting","ct":"Existing","a":0.115},"geometry":{"type":"MultiPolygon","coordinates":[[[[73.67424,32.06745],[73.67425,32.06737],[73.67392,32.06732],[73.67389,32.06751],[73.67405,32.06753],[73.67407,32.0674],[73.67424,32.06745]]]]}},{"type":"Feature","properties":{"lu":"List A Abutting","ct":"Existing","a":0.248},"geometry":{"type":"MultiPolygon","coordinates":[[[[73.66428,32.06772],[73.66432,32.06751],[73.66375,32.06762],[73.66379,32.06778],[73.66428,32.06772]]]]}},{"type":"Feature","properties":{"lu":"List A Abutting","ct":"Existing","a":0.428},"geometry":{"type":"MultiPolygon","coordinates":[[[[73.67753,32.06827],[73.67818,32.06842],[73.67827,32.0682],[73.67759,32.06803],[73.67753,32.06827]]]]}},{"type":"Feature","properties":{"lu":"List A Abutting","ct":"Existing","a":0.315},"geometry":{"type":"MultiPolygon","coordinates":[[[[73.6782,32.06842],[73.67872,32.06854],[73.6788,32.06833],[73.67829,32.0682],[73.6782,32.06842]]]]}},{"type":"Feature","properties":{"lu":"List A Abutting","ct":"Existing","a":0.304},"geometry":{"type":"MultiPolygon","coordinates":[[[[73.67871,32.06861],[73.67921,32.06867],[73.67928,32.06846],[73.67883,32.06834],[73.67871,32.06861]]]]}},{"type":"Feature","properties":{"lu":"List A Abutting","ct":"Existing","a":0.199},"geometry":{"type":"MultiPolygon","coordinates":[[[[73.67677,32.06811],[73.67711,32.06813],[73.67715,32.06793],[73.67684,32.06786],[73.67677,32.06811]]]]}},{"type":"Feature","properties":{"lu":"List A Abutting","ct":"Existing","a":0.332},"geometry":{"type":"MultiPolygon","coordinates":[[[[73.67634,32.06806],[73.67674,32.06815],[73.67682,32.06785],[73.67642,32.06775],[73.67634,32.06806]]]]}},{"type":"Feature","properties":{"lu":"List A Abutting","ct":"Existing","a":0.268},"geometry":{"type":"MultiPolygon","coordinates":[[[[73.67711,32.06818],[73.67752,32.06827],[73.67758,32.06803],[73.67717,32.06794],[73.67711,32.06818]]]]}},{"type":"Feature","properties":{"lu":"List A Abutting","ct":"Existing","a":1.503},"geometry":{"type":"MultiPolygon","coordinates":[[[[73.66789,32.08022],[73.66754,32.07979],[73.66662,32.08029],[73.66687,32.08072],[73.66789,32.08022]]]]}},{"type":"Feature","properties":{"lu":"List A Abutting","ct":"Existing","a":0.719},"geometry":{"type":"MultiPolygon","coordinates":[[[[73.67971,32.0732],[73.67916,32.07361],[73.67951,32.07382],[73.68006,32.0735],[73.67971,32.0732]]]]}},{"type":"Feature","properties":{"lu":"List A Abutting","ct":"Existing","a":0.294},"geometry":{"type":"MultiPolygon","coordinates":[[[[73.68015,32.07394],[73.68057,32.07422],[73.68069,32.07404],[73.68034,32.07376],[73.68015,32.07394]]]]}},{"type":"Feature","properties":{"lu":"List A Abutting","ct":"Existing","a":0.187},"geometry":{"type":"MultiPolygon","coordinates":[[[[73.68058,32.07423],[73.6809,32.07442],[73.681,32.0743],[73.68071,32.07405],[73.68058,32.07423]]]]}},{"type":"Feature","properties":{"lu":"List A Abutting","ct":"Existing","a":0.607},"geometry":{"type":"MultiPolygon","coordinates":[[[[73.68062,32.0751],[73.68116,32.07444],[73.68102,32.07431],[73.68062,32.07479],[73.68052,32.07473],[73.68028,32.07502],[73.68054,32.07519],[73.68062,32.0751]]]]}},{"type":"Feature","properties":{"lu":"List A Abutting","ct":"Existing","a":0.782},"geometry":{"type":"MultiPolygon","coordinates":[[[[73.6807,32.07528],[73.68078,32.0752],[73.68092,32.07529],[73.68138,32.07474],[73.68138,32.07458],[73.68118,32.07445],[73.68057,32.0752],[73.6807,32.07528]]]]}},{"type":"Feature","properties":{"lu":"List A Abutting","ct":"Existing","a":0.106},"geometry":{"type":"MultiPolygon","coordinates":[[[[73.67654,32.07563],[73.67647,32.07558],[73.67613,32.0758],[73.67625,32.07586],[73.67654,32.07563]]]]}},{"type":"Feature","properties":{"lu":"List A Abutting","ct":"Existing","a":0.674},"geometry":{"type":"MultiPolygon","coordinates":[[[[73.67818,32.07471],[73.67788,32.07453],[73.67726,32.075],[73.67762,32.07524],[73.6778,32.07503],[73.67771,32.07496],[73.67786,32.07485],[73.67798,32.07492],[73.67818,32.07471]]]]}},{"type":"Feature","properties":{"lu":"List A Abutting","ct":"Existing","a":0.049},"geometry":{"type":"MultiPolygon","coordinates":[[[[73.67586,32.07616],[73.67576,32.07609],[73.67564,32.07618],[73.67575,32.07626],[73.67586,32.07616]]]]}},{"type":"Feature","properties":{"lu":"List A Abutting","ct":"Existing","a":0.128},"geometry":{"type":"MultiPolygon","coordinates":[[[[73.67624,32.07587],[73.67612,32.07581],[73.6758,32.07605],[73.67591,32.07613],[73.67624,32.07587]]]]}},{"type":"Feature","properties":{"lu":"List A Abutting","ct":"Existing","a":0.489},"geometry":{"type":"MultiPolygon","coordinates":[[[[73.67427,32.07731],[73.67418,32.0772],[73.67346,32.07764],[73.67364,32.07789],[73.67397,32.07769],[73.67392,32.07761],[73.67405,32.07752],[73.67399,32.07745],[73.67427,32.07731]]]]}},{"type":"Feature","properties":{"lu":"List A Abutting","ct":"Existing","a":0.18},"geometry":{"type":"MultiPolygon","coordinates":[[[[73.67348,32.07774],[73.67342,32.07767],[73.67275,32.078],[73.6728,32.07807],[73.67348,32.07774]]]]}},{"type":"Feature","properties":{"lu":"List A Abutting","ct":"Existing","a":0.304},"geometry":{"type":"MultiPolygon","coordinates":[[[[73.67291,32.07833],[73.6727,32.07802],[73.67242,32.07816],[73.67265,32.07848],[73.67291,32.07833]]]]}},{"type":"Feature","properties":{"lu":"List A Abutting","ct":"Existing","a":0.21},"geometry":{"type":"MultiPolygon","coordinates":[[[[73.67489,32.0766],[73.67469,32.0764],[73.67445,32.07657],[73.67465,32.07677],[73.67489,32.0766]]]]}},{"type":"Feature","properties":{"lu":"List A Abutting","ct":"Existing","a":1.202},"geometry":{"type":"MultiPolygon","coordinates":[[[[73.67361,32.07686],[73.67366,32.07693],[73.67322,32.07718],[73.67349,32.07751],[73.67436,32.07698],[73.67397,32.07661],[73.67361,32.07686]]]]}},{"type":"Feature","properties":{"lu":"List A Abutting","ct":"Existing","a":0.73},"geometry":{"type":"MultiPolygon","coordinates":[[[[73.6726,32.07725],[73.67287,32.07709],[73.67312,32.07739],[73.67284,32.07756],[73.67301,32.07777],[73.67346,32.07753],[73.67294,32.07689],[73.67253,32.07712],[73.6726,32.07725]]]]}},{"type":"Feature","properties":{"lu":"List A Abutting","ct":"Existing","a":0.295},"geometry":{"type":"MultiPolygon","coordinates":[[[[73.6729,32.07769],[73.67207,32.07811],[73.67215,32.0782],[73.67277,32.0779],[73.67298,32.07779],[73.6729,32.07769]]]]}},{"type":"Feature","properties":{"lu":"List A Abutting","ct":"Existing","a":0.227},"geometry":{"type":"MultiPolygon","coordinates":[[[[73.67202,32.07813],[73.67128,32.07852],[73.67132,32.07859],[73.6721,32.07823],[73.67202,32.07813]]]]}},{"type":"Feature","properties":{"lu":"List A Abutting","ct":"Existing","a":4.541},"geometry":{"type":"MultiPolygon","coordinates":[[[[73.67009,32.07764],[73.66899,32.07821],[73.66958,32.0791],[73.66948,32.07916],[73.66955,32.07925],[73.66941,32.07932],[73.66951,32.07946],[73.67082,32.07883],[73.67009,32.07764]]]]}},{"type":"Feature","properties":{"lu":"List A Abutting","ct":"Existing","a":0.342},"geometry":{"type":"MultiPolygon","coordinates":[[[[73.66885,32.07978],[73.66868,32.0795],[73.66832,32.0797],[73.66847,32.07997],[73.66885,32.07978]]]]}},{"type":"Feature","properties":{"lu":"List A Abutting","ct":"Existing","a":0.169},"geometry":{"type":"MultiPolygon","coordinates":[[[[73.67666,32.07533],[73.67659,32.07528],[73.67597,32.0757],[73.67605,32.07576],[73.67666,32.07533]]]]}},{"type":"Feature","properties":{"lu":"List A Abutting","ct":"Existing","a":0.11},"geometry":{"type":"MultiPolygon","coordinates":[[[[73.67594,32.07572],[73.6756,32.07595],[73.6757,32.07603],[73.67601,32.07578],[73.67594,32.07572]]]]}},{"type":"Feature","properties":{"lu":"List A Abutting","ct":"Existing","a":0.134},"geometry":{"type":"MultiPolygon","coordinates":[[[[73.67558,32.07597],[73.67524,32.0762],[73.67533,32.0763],[73.67568,32.07604],[73.67558,32.07597]]]]}},{"type":"Feature","properties":{"lu":"List A Abutting","ct":"Existing","a":0.32},"geometry":{"type":"MultiPolygon","coordinates":[[[[73.67603,32.07037],[73.67601,32.07053],[73.67617,32.0707],[73.67656,32.07041],[73.67641,32.07034],[73.67603,32.07037]]]]}},{"type":"Feature","properties":{"lu":"List A Abutting","ct":"Existing","a":0.537},"geometry":{"type":"MultiPolygon","coordinates":[[[[73.67643,32.07057],[73.67713,32.07116],[73.67707,32.07122],[73.67718,32.07133],[73.67738,32.07114],[73.6766,32.07045],[73.67643,32.07057]]]]}},{"type":"Feature","properties":{"lu":"List A Abutting","ct":"Existing","a":2.341},"geometry":{"type":"MultiPolygon","coordinates":[[[[73.67842,32.07228],[73.67865,32.07249],[73.67879,32.07236],[73.67742,32.07117],[73.67699,32.07154],[73.67814,32.07252],[73.67842,32.07228]]]]}},{"type":"Feature","properties":{"lu":"List A Abutting","ct":"Existing","a":1.0},"geometry":{"type":"MultiPolygon","coordinates":[[[[73.67939,32.08439],[73.67931,32.08435],[73.67932,32.08422],[73.67953,32.08427],[73.67957,32.08413],[73.6795,32.08411],[73.67997,32.08355],[73.6797,32.08347],[73.67884,32.08475],[73.67924,32.08484],[73.67939,32.08439]]]]}},{"type":"Feature","properties":{"lu":"List A Abutting","ct":"Existing","a":0.606},"geometry":{"type":"MultiPolygon","coordinates":[[[[73.67845,32.0861],[73.67869,32.08541],[73.67848,32.08534],[73.67804,32.086],[73.67845,32.0861]]]]}},{"type":"Feature","properties":{"lu":"List A Abutting","ct":"Existing","a":0.364},"geometry":{"type":"MultiPolygon","coordinates":[[[[73.67804,32.08603],[73.67785,32.08629],[73.67838,32.0864],[73.67844,32.08613],[73.67804,32.08603]]]]}},{"type":"Feature","properties":{"lu":"List A Abutting","ct":"Existing","a":0.914},"geometry":{"type":"MultiPolygon","coordinates":[[[[73.68391,32.08615],[73.68382,32.08613],[73.68361,32.08682],[73.68417,32.08695],[73.68419,32.08621],[73.68391,32.08615]]]]}},{"type":"Feature","properties":{"lu":"List A Abutting","ct":"Existing","a":0.061},"geometry":{"type":"MultiPolygon","coordinates":[[[[73.67709,32.0877],[73.67697,32.08765],[73.67687,32.08781],[73.67698,32.08787],[73.67709,32.0877]]]]}},{"type":"Feature","properties":{"lu":"List A Abutting","ct":"Existing","a":0.057},"geometry":{"type":"MultiPolygon","coordinates":[[[[73.6772,32.08755],[73.67707,32.0875],[73.67698,32.08764],[73.6771,32.08769],[73.6772,32.08755]]]]}},{"type":"Feature","properties":{"lu":"List A Abutting","ct":"Existing","a":0.265},"geometry":{"type":"MultiPolygon","coordinates":[[[[73.67643,32.08871],[73.67633,32.08867],[73.67589,32.08935],[73.67602,32.08941],[73.67643,32.08871]]]]}},{"type":"Feature","properties":{"lu":"List A Abutting","ct":"Existing","a":0.024},"geometry":{"type":"MultiPolygon","coordinates":[[[[73.67596,32.0894],[73.67588,32.08936],[73.67582,32.08946],[73.67589,32.08949],[73.67596,32.0894]]]]}},{"type":"Feature","properties":{"lu":"List A Abutting","ct":"Existing","a":0.041},"geometry":{"type":"MultiPolygon","coordinates":[[[[73.67588,32.0895],[73.67581,32.08947],[73.67569,32.08966],[73.67575,32.08969],[73.67588,32.0895]]]]}},{"type":"Feature","properties":{"lu":"List A Abutting","ct":"Existing","a":0.236},"geometry":{"type":"MultiPolygon","coordinates":[[[[73.67697,32.08788],[73.67686,32.08783],[73.67642,32.08854],[73.67651,32.08858],[73.67697,32.08788]]]]}},{"type":"Feature","properties":{"lu":"List A Abutting","ct":"Existing","a":0.038},"geometry":{"type":"MultiPolygon","coordinates":[[[[73.67574,32.0897],[73.67568,32.08967],[73.67556,32.08985],[73.67563,32.08988],[73.67574,32.0897]]]]}},{"type":"Feature","properties":{"lu":"List A Abutting","ct":"Existing","a":0.776},"geometry":{"type":"MultiPolygon","coordinates":[[[[73.68385,32.08985],[73.68385,32.0909],[73.68412,32.09095],[73.68412,32.08985],[73.68385,32.08985]]]]}},{"type":"Feature","properties":{"lu":"List A Abutting","ct":"Existing","a":0.033},"geometry":{"type":"MultiPolygon","coordinates":[[[[73.6765,32.08859],[73.67641,32.08855],[73.67634,32.08866],[73.67643,32.0887],[73.6765,32.08859]]]]}},{"type":"Feature","properties":{"lu":"List A Abutting","ct":"Existing","a":0.325},"geometry":{"type":"MultiPolygon","coordinates":[[[[73.67542,32.09031],[73.67529,32.09026],[73.67478,32.09104],[73.67489,32.0911],[73.67542,32.09031]]]]}},{"type":"Feature","properties":{"lu":"List A Abutting","ct":"Existing","a":0.22},"geometry":{"type":"MultiPolygon","coordinates":[[[[73.6749,32.09112],[73.67477,32.09106],[73.67446,32.09152],[73.67461,32.09159],[73.6749,32.09112]]]]}},{"type":"Feature","properties":{"lu":"List A Abutting","ct":"Existing","a":0.459},"geometry":{"type":"MultiPolygon","coordinates":[[[[73.68385,32.09096],[73.6839,32.09179],[73.68412,32.09188],[73.68411,32.09106],[73.68385,32.09096]]]]}},{"type":"Feature","properties":{"lu":"List A Abutting","ct":"Existing","a":2.556},"geometry":{"type":"MultiPolygon","coordinates":[[[[73.67419,32.09269],[73.67459,32.09203],[73.6744,32.09195],[73.67461,32.09164],[73.67444,32.09156],[73.67356,32.09289],[73.67377,32.09301],[73.67392,32.09277],[73.67413,32.09283],[73.67419,32.09269]]],[[[73.67302,32.09519],[73.67309,32.09505],[73.67237,32.09474],[73.67199,32.09532],[73.67241,32.09552],[73.6727,32.09523],[73.67302,32.09538],[73.67302,32.09519]]]]}},{"type":"Feature","properties":{"lu":"List A Abutting","ct":"Existing","a":0.377},"geometry":{"type":"MultiPolygon","coordinates":[[[[73.67115,32.09736],[73.67076,32.0972],[73.67068,32.09732],[73.67083,32.09772],[73.67093,32.09776],[73.67115,32.09736]]]]}},{"type":"Feature","properties":{"lu":"List A Abutting","ct":"Existing","a":0.124},"geometry":{"type":"MultiPolygon","coordinates":[[[[73.68779,32.07805],[73.6879,32.07854],[73.68799,32.07852],[73.68791,32.07805],[73.68779,32.07805]]]]}},{"type":"Feature","properties":{"lu":"List A Abutting","ct":"Existing","a":0.14},"geometry":{"type":"MultiPolygon","coordinates":[[[[73.68782,32.07856],[73.68793,32.07885],[73.68811,32.07882],[73.68799,32.07853],[73.68782,32.07856]]]]}},{"type":"Feature","properties":{"lu":"List A Abutting","ct":"Existing","a":1.881},"geometry":{"type":"MultiPolygon","coordinates":[[[[73.68535,32.07954],[73.68556,32.07874],[73.68606,32.07878],[73.68612,32.07815],[73.68579,32.07813],[73.68583,32.07737],[73.68553,32.07737],[73.68553,32.07833],[73.68514,32.07954],[73.68535,32.07954]]]]}},{"type":"Feature","properties":{"lu":"List A Abutting","ct":"Existing","a":0.231},"geometry":{"type":"MultiPolygon","coordinates":[[[[73.6852,32.08081],[73.68481,32.08075],[73.68477,32.08097],[73.68511,32.08105],[73.6852,32.08081]]]]}},{"type":"Feature","properties":{"lu":"List A Abutting","ct":"Existing","a":1.258},"geometry":{"type":"MultiPolygon","coordinates":[[[[73.68535,32.07958],[73.68513,32.07958],[73.68482,32.08073],[73.6852,32.08079],[73.68524,32.08066],[73.68542,32.08067],[73.68546,32.08015],[73.68527,32.08014],[73.68535,32.07958]]]]}},{"type":"Feature","properties":{"lu":"List A Abutting","ct":"Existing","a":0.421},"geometry":{"type":"MultiPolygon","coordinates":[[[[73.68513,32.08108],[73.68477,32.08101],[73.68471,32.08142],[73.68509,32.08151],[73.68513,32.08108]]]]}},{"type":"Feature","properties":{"lu":"List A Abutting","ct":"Existing","a":0.384},"geometry":{"type":"MultiPolygon","coordinates":[[[[73.68507,32.08154],[73.6847,32.08146],[73.68465,32.08186],[73.685,32.08194],[73.68507,32.08154]]]]}},{"type":"Feature","properties":{"lu":"List A Abutting","ct":"Existing","a":0.258},"geometry":{"type":"MultiPolygon","coordinates":[[[[73.685,32.08197],[73.68465,32.08189],[73.68462,32.08219],[73.68491,32.08225],[73.685,32.08197]]]]}},{"type":"Feature","properties":{"lu":"List A Abutting","ct":"Existing","a":0.236},"geometry":{"type":"MultiPolygon","coordinates":[[[[73.68495,32.08228],[73.68461,32.08221],[73.68458,32.0825],[73.68485,32.08256],[73.68495,32.08228]]]]}},{"type":"Feature","properties":{"lu":"List A Abutting","ct":"Existing","a":0.383},"geometry":{"type":"MultiPolygon","coordinates":[[[[73.6851,32.08262],[73.68458,32.08252],[73.68451,32.0828],[73.68495,32.0829],[73.6851,32.08262]]]]}},{"type":"Feature","properties":{"lu":"List A Abutting","ct":"Existing","a":0.092},"geometry":{"type":"MultiPolygon","coordinates":[[[[73.6847,32.08287],[73.6845,32.08283],[73.68443,32.08301],[73.68462,32.08305],[73.6847,32.08287]]]]}},{"type":"Feature","properties":{"lu":"List A Abutting","ct":"Existing","a":0.892},"geometry":{"type":"MultiPolygon","coordinates":[[[[73.69686,32.09133],[73.6967,32.09136],[73.69671,32.09153],[73.69682,32.09153],[73.69692,32.09166],[73.69721,32.09231],[73.69697,32.09233],[73.69699,32.09276],[73.69751,32.09278],[73.69686,32.09133]]]]}},{"type":"Feature","properties":{"lu":"List A Abutting","ct":"Existing","a":0.794},"geometry":{"type":"MultiPolygon","coordinates":[[[[73.69701,32.09282],[73.69701,32.09332],[73.69773,32.09331],[73.69753,32.09282],[73.69701,32.09282]]]]}},{"type":"Feature","properties":{"lu":"List A Abutting","ct":"Existing","a":0.935},"geometry":{"type":"MultiPolygon","coordinates":[[[[73.69803,32.09402],[73.69775,32.09336],[73.69717,32.09336],[73.69719,32.09368],[73.69755,32.09366],[73.69765,32.09416],[73.69803,32.09402]]]]}},{"type":"Feature","properties":{"lu":"List A Abutting","ct":"Existing","a":1.797},"geometry":{"type":"MultiPolygon","coordinates":[[[[73.69662,32.08999],[73.69643,32.09001],[73.69629,32.08953],[73.69583,32.08966],[73.69693,32.09128],[73.69726,32.09116],[73.69647,32.09006],[73.69663,32.09004],[73.69662,32.08999]]]]}},{"type":"Feature","properties":{"lu":"List A Abutting","ct":"Existing","a":1.33},"geometry":{"type":"MultiPolygon","coordinates":[[[[73.69815,32.0939],[73.69734,32.09123],[73.69698,32.09136],[73.6972,32.09169],[73.69808,32.09391],[73.69815,32.0939]]]]}},{"type":"Feature","properties":{"lu":"List A Abutting","ct":"Existing","a":0.82},"geometry":{"type":"MultiPolygon","coordinates":[[[[73.68789,32.07888],[73.68799,32.07909],[73.68789,32.07911],[73.68792,32.07919],[73.68799,32.07928],[73.68808,32.07927],[73.68821,32.0798],[73.68854,32.07978],[73.68868,32.08009],[73.68878,32.08003],[73.68812,32.07884],[73.68789,32.07888]]]]}},{"type":"Feature","properties":{"lu":"List A Abutting","ct":"Existing","a":0.517},"geometry":{"type":"MultiPolygon","coordinates":[[[[73.68946,32.08142],[73.68946,32.0817],[73.68928,32.08167],[73.68925,32.08181],[73.68975,32.0819],[73.68974,32.0821],[73.6899,32.0822],[73.68987,32.08232],[73.69009,32.08237],[73.68959,32.08145],[73.68946,32.08142]]]]}},{"type":"Feature","properties":{"lu":"List A Abutting","ct":"Existing","a":0.283},"geometry":{"type":"MultiPolygon","coordinates":[[[[73.69035,32.08289],[73.69042,32.08321],[73.69051,32.08319],[73.69056,32.08326],[73.69043,32.08331],[73.69053,32.08344],[73.69063,32.08341],[73.69083,32.08376],[73.69093,32.08378],[73.69054,32.08306],[73.69035,32.08289]]]]}},{"type":"Feature","properties":{"lu":"List A Abutting","ct":"Existing","a":0.09},"geometry":{"type":"MultiPolygon","coordinates":[[[[73.69085,32.08378],[73.69086,32.08405],[73.69106,32.08402],[73.69094,32.0838],[73.69085,32.08378]]]]}},{"type":"Feature","properties":{"lu":"List A Abutting","ct":"Existing","a":0.085},"geometry":{"type":"MultiPolygon","coordinates":[[[[73.69094,32.08405],[73.6911,32.08432],[73.6912,32.08429],[73.69107,32.08404],[73.69094,32.08405]]]]}},{"type":"Feature","properties":{"lu":"List A Abutting","ct":"Existing","a":0.117},"geometry":{"type":"MultiPolygon","coordinates":[[[[73.69128,32.08463],[73.69138,32.0848],[73.69134,32.08494],[73.6915,32.08492],[73.69151,32.08478],[73.69139,32.0846],[73.69128,32.08463]]]]}},{"type":"Feature","properties":{"lu":"List A Abutting","ct":"Existing","a":0.081},"geometry":{"type":"MultiPolygon","coordinates":[[[[73.69114,32.08435],[73.69127,32.08463],[73.69138,32.08459],[73.69122,32.08432],[73.69114,32.08435]]]]}},{"type":"Feature","properties":{"lu":"List A Abutting","ct":"Existing","a":0.675},"geometry":{"type":"MultiPolygon","coordinates":[[[[73.69152,32.08503],[73.69163,32.08504],[73.69164,32.08527],[73.69179,32.08526],[73.69233,32.08639],[73.69255,32.08633],[73.69155,32.08483],[73.69152,32.08503]]]]}},{"type":"Feature","properties":{"lu":"List A Abutting","ct":"Existing","a":0.226},"geometry":{"type":"MultiPolygon","coordinates":[[[[73.69233,32.0864],[73.69254,32.08667],[73.69285,32.08668],[73.69256,32.08634],[73.69233,32.0864]]]]}},{"type":"Feature","properties":{"lu":"List A Abutting","ct":"Existing","a":0.374},"geometry":{"type":"MultiPolygon","coordinates":[[[[73.6928,32.0867],[73.69281,32.0868],[73.69297,32.08685],[73.69303,32.0871],[73.69319,32.08711],[73.69329,32.08737],[73.6934,32.08737],[73.69341,32.08759],[73.69377,32.08758],[73.69288,32.0867],[73.6928,32.0867]]]]}},{"type":"Feature","properties":{"lu":"List A Abutting","ct":"Existing","a":0.425},"geometry":{"type":"MultiPolygon","coordinates":[[[[73.6937,32.08761],[73.69377,32.08775],[73.69362,32.08774],[73.69369,32.08808],[73.69425,32.088],[73.6938,32.08761],[73.6937,32.08761]]]]}},{"type":"Feature","properties":{"lu":"List A Abutting","ct":"Existing","a":0.36},"geometry":{"type":"MultiPolygon","coordinates":[[[[73.69416,32.08804],[73.69439,32.08852],[73.69467,32.08847],[73.69484,32.08873],[73.69497,32.08871],[73.69428,32.08803],[73.69416,32.08804]]]]}},{"type":"Feature","properties":{"lu":"List A Abutting","ct":"Existing","a":0.339},"geometry":{"type":"MultiPolygon","coordinates":[[[[73.69483,32.08875],[73.6949,32.08889],[73.69467,32.08891],[73.69472,32.08906],[73.69515,32.089],[73.69525,32.0891],[73.69524,32.08924],[73.69544,32.08923],[73.69499,32.08872],[73.69483,32.08875]]]]}},{"type":"Feature","properties":{"lu":"List A Abutting","ct":"Existing","a":0.145},"geometry":{"type":"MultiPolygon","coordinates":[[[[73.6958,32.08978],[73.69568,32.08962],[73.69568,32.09001],[73.69594,32.09],[73.6958,32.08978]]]]}},{"type":"Feature","properties":{"lu":"List A Abutting","ct":"Existing","a":1.486},"geometry":{"type":"MultiPolygon","coordinates":[[[[73.69499,32.09002],[73.69499,32.08995],[73.69499,32.09002],[73.69565,32.09001],[73.69565,32.08957],[73.69545,32.08924],[73.69484,32.08929],[73.69483,32.09003],[73.69499,32.09002]]]]}},{"type":"Feature","properties":{"lu":"List A Abutting","ct":"Existing","a":0.307},"geometry":{"type":"MultiPolygon","coordinates":[[[[73.69571,32.09034],[73.69618,32.09035],[73.69596,32.09002],[73.69568,32.09004],[73.69571,32.09034]]]]}},{"type":"Feature","properties":{"lu":"List A Abutting","ct":"Existing","a":0.115},"geometry":{"type":"MultiPolygon","coordinates":[[[[73.68528,32.06842],[73.68502,32.06854],[73.68504,32.06859],[73.68492,32.06862],[73.68496,32.06872],[73.6853,32.06854],[73.68528,32.06842]]]]}},{"type":"Feature","properties":{"lu":"List A Abutting","ct":"Existing","a":0.353},"geometry":{"type":"MultiPolygon","coordinates":[[[[73.68491,32.06868],[73.68479,32.06873],[73.68471,32.06852],[73.68432,32.06862],[73.68443,32.06892],[73.68483,32.06879],[73.68491,32.06868]]]]}},{"type":"Feature","properties":{"lu":"List A Abutting","ct":"Existing","a":0.748},"geometry":{"type":"MultiPolygon","coordinates":[[[[73.68415,32.06842],[73.68362,32.06851],[73.68367,32.06898],[73.68433,32.06894],[73.68415,32.06842]]]]}},{"type":"Feature","properties":{"lu":"List A Abutting","ct":"Existing","a":0.139},"geometry":{"type":"MultiPolygon","coordinates":[[[[73.68364,32.06881],[73.68332,32.06883],[73.68336,32.069],[73.68366,32.06898],[73.68364,32.06881]]]]}},{"type":"Feature","properties":{"lu":"List A Abutting","ct":"Existing","a":0.121},"geometry":{"type":"MultiPolygon","coordinates":[[[[73.68331,32.0689],[73.68296,32.06885],[73.68299,32.06902],[73.68333,32.069],[73.68331,32.0689]]]]}},{"type":"Feature","properties":{"lu":"List A Abutting","ct":"Existing","a":0.177},"geometry":{"type":"MultiPolygon","coordinates":[[[[73.68293,32.06886],[73.68245,32.06891],[73.68248,32.06904],[73.68296,32.06902],[73.68293,32.06886]]]]}},{"type":"Feature","properties":{"lu":"List A Abutting","ct":"Existing","a":0.562},"geometry":{"type":"MultiPolygon","coordinates":[[[[73.68243,32.06888],[73.68212,32.06892],[73.68201,32.06849],[73.68173,32.06849],[73.68171,32.06894],[73.68246,32.06904],[73.68243,32.06888]]]]}},{"type":"Feature","properties":{"lu":"List A Abutting","ct":"Existing","a":0.701},"geometry":{"type":"MultiPolygon","coordinates":[[[[73.68553,32.06875],[73.68605,32.06866],[73.68613,32.06894],[73.68611,32.06903],[73.68594,32.06903],[73.68594,32.06916],[73.68608,32.06923],[73.68607,32.06936],[73.68647,32.06927],[73.68613,32.06857],[73.68549,32.06856],[73.68553,32.06875]]]]}},{"type":"Feature","properties":{"lu":"List A Abutting","ct":"Existing","a":0.229},"geometry":{"type":"MultiPolygon","coordinates":[[[[73.68295,32.06927],[73.68295,32.0691],[73.68227,32.06913],[73.68232,32.06925],[73.68295,32.06927]]]]}},{"type":"Feature","properties":{"lu":"List A Abutting","ct":"Existing","a":0.309},"geometry":{"type":"MultiPolygon","coordinates":[[[[73.68549,32.06869],[73.68547,32.06857],[73.68496,32.06883],[73.68485,32.0689],[73.68491,32.06907],[73.68542,32.06883],[73.68537,32.06874],[73.68549,32.06869]]]]}},{"type":"Feature","properties":{"lu":"List A Abutting","ct":"Existing","a":0.493},"geometry":{"type":"MultiPolygon","coordinates":[[[[73.68439,32.0692],[73.68436,32.06905],[73.68296,32.0691],[73.68297,32.06927],[73.68381,32.0692],[73.68381,32.06915],[73.68439,32.0692]]]]}},{"type":"Feature","properties":{"lu":"List A Abutting","ct":"Existing","a":0.11},"geometry":{"type":"MultiPolygon","coordinates":[[[[73.68487,32.06903],[73.68482,32.06892],[73.6844,32.06904],[73.68441,32.0691],[73.68463,32.06907],[73.68464,32.06914],[73.68487,32.06903]]]]}},{"type":"Feature","properties":{"lu":"List A Abutting","ct":"Existing","a":0.301},"geometry":{"type":"MultiPolygon","coordinates":[[[[73.6819,32.06957],[73.68183,32.06912],[73.6815,32.06904],[73.68147,32.06913],[73.68189,32.06964],[73.6819,32.06957]]]]}},{"type":"Feature","properties":{"lu":"List A Abutting","ct":"Existing","a":0.549},"geometry":{"type":"MultiPolygon","coordinates":[[[[73.68225,32.06967],[73.68208,32.06967],[73.68196,32.06919],[73.68218,32.06924],[73.68225,32.06913],[73.68188,32.06914],[73.68202,32.06993],[73.68216,32.07021],[73.68231,32.07032],[73.68225,32.06967]]]]}},{"type":"Feature","properties":{"lu":"List A Abutting","ct":"Existing","a":0.425},"geometry":{"type":"MultiPolygon","coordinates":[[[[73.68638,32.06932],[73.6866,32.06998],[73.68672,32.06997],[73.68689,32.07046],[73.68702,32.07044],[73.68649,32.06929],[73.68638,32.06932]]]]}},{"type":"Feature","properties":{"lu":"List A Abutting","ct":"Existing","a":0.056},"geometry":{"type":"MultiPolygon","coordinates":[[[[73.68298,32.07077],[73.68294,32.07063],[73.68279,32.07067],[73.68286,32.0708],[73.68298,32.07077]]]]}},{"type":"Feature","properties":{"lu":"List A Abutting","ct":"Existing","a":0.121},"geometry":{"type":"MultiPolygon","coordinates":[[[[73.68325,32.0713],[73.68304,32.07096],[73.68319,32.07089],[73.68305,32.07092],[73.68298,32.07079],[73.68291,32.07081],[73.68311,32.07126],[73.68325,32.0713]]]]}},{"type":"Feature","properties":{"lu":"List A Abutting","ct":"Existing","a":0.055},"geometry":{"type":"MultiPolygon","coordinates":[[[[73.68668,32.07142],[73.6866,32.07142],[73.68651,32.07158],[73.6867,32.07157],[73.68668,32.07142]]]]}},{"type":"Feature","properties":{"lu":"List A Abutting","ct":"Existing","a":0.456},"geometry":{"type":"MultiPolygon","coordinates":[[[[73.68449,32.07148],[73.6835,32.07158],[73.68333,32.07133],[73.68322,32.07132],[73.68335,32.07162],[73.6845,32.07168],[73.68449,32.07148]]]]}},{"type":"Feature","properties":{"lu":"List A Abutting","ct":"Existing","a":0.581},"geometry":{"type":"MultiPolygon","coordinates":[[[[73.68649,32.07143],[73.685,32.07152],[73.68502,32.07171],[73.68649,32.07158],[73.68649,32.07143]]]]}},{"type":"Feature","properties":{"lu":"List A Abutting","ct":"Existing","a":0.243},"geometry":{"type":"MultiPolygon","coordinates":[[[[73.68488,32.07138],[73.68488,32.07157],[73.68473,32.07156],[73.68472,32.07147],[73.68464,32.07147],[73.68465,32.07158],[73.68452,32.07159],[73.68452,32.07168],[73.68501,32.07171],[73.68497,32.07137],[73.68488,32.07138]]]]}},{"type":"Feature","properties":{"lu":"List A Abutting","ct":"Existing","a":1.409},"geometry":{"type":"MultiPolygon","coordinates":[[[[73.68708,32.07125],[73.68714,32.07124],[73.68711,32.07076],[73.68702,32.07057],[73.68658,32.0705],[73.68672,32.07157],[73.68717,32.07176],[73.68714,32.07125],[73.68708,32.07125]]]]}},{"type":"Feature","properties":{"lu":"List A Abutting","ct":"Existing","a":0.076},"geometry":{"type":"MultiPolygon","coordinates":[[[[73.6867,32.07164],[73.68653,32.07164],[73.68652,32.0718],[73.6867,32.0718],[73.6867,32.07164]]]]}},{"type":"Feature","properties":{"lu":"List A Abutting","ct":"Existing","a":0.07},"geometry":{"type":"MultiPolygon","coordinates":[[[[73.68556,32.07187],[73.68557,32.07174],[73.68535,32.07176],[73.68535,32.07188],[73.68556,32.07187]]]]}},{"type":"Feature","properties":{"lu":"List A Abutting","ct":"Existing","a":0.09},"geometry":{"type":"MultiPolygon","coordinates":[[[[73.68717,32.07187],[73.68701,32.07178],[73.68696,32.07201],[73.68715,32.07202],[73.68717,32.07187]]]]}},{"type":"Feature","properties":{"lu":"List A Abutting","ct":"Existing","a":0.299},"geometry":{"type":"MultiPolygon","coordinates":[[[[73.68478,32.07205],[73.68514,32.07194],[73.68513,32.07187],[73.68534,32.07185],[73.68534,32.07176],[73.68462,32.0718],[73.68471,32.07205],[73.68478,32.07205]]]]}},{"type":"Feature","properties":{"lu":"List A Abutting","ct":"Existing","a":0.163},"geometry":{"type":"MultiPolygon","coordinates":[[[[73.68723,32.07191],[73.68718,32.07188],[73.68714,32.07222],[73.68724,32.07226],[73.6874,32.072],[73.68723,32.07191]]]]}},{"type":"Feature","properties":{"lu":"List A Abutting","ct":"Existing","a":0.126},"geometry":{"type":"MultiPolygon","coordinates":[[[[73.68693,32.07223],[73.68692,32.07241],[73.68709,32.07244],[73.68723,32.07227],[73.68693,32.07223]]]]}},{"type":"Feature","properties":{"lu":"List A Abutting","ct":"Existing","a":0.131},"geometry":{"type":"MultiPolygon","coordinates":[[[[73.68691,32.07243],[73.68672,32.0724],[73.6867,32.07256],[73.68694,32.07261],[73.68708,32.07246],[73.68691,32.07243]]]]}},{"type":"Feature","properties":{"lu":"List A Abutting","ct":"Existing","a":0.078},"geometry":{"type":"MultiPolygon","coordinates":[[[[73.68557,32.07189],[73.68573,32.07192],[73.68575,32.07172],[73.68558,32.07174],[73.68557,32.07189]]]]}},{"type":"Feature","properties":{"lu":"List A Abutting","ct":"Existing","a":0.125},"geometry":{"type":"MultiPolygon","coordinates":[[[[73.68654,32.07255],[73.68653,32.0727],[73.68683,32.07274],[73.68693,32.07263],[73.68654,32.07255]]]]}},{"type":"Feature","properties":{"lu":"List A Abutting","ct":"Existing","a":0.443},"geometry":{"type":"MultiPolygon","coordinates":[[[[73.68663,32.07272],[73.68654,32.0729],[73.68612,32.07283],[73.68603,32.07308],[73.68641,32.07322],[73.68681,32.07275],[73.68663,32.07272]]]]}},{"type":"Feature","properties":{"lu":"List A Abutting","ct":"Existing","a":0.146},"geometry":{"type":"MultiPolygon","coordinates":[[[[73.68633,32.07323],[73.68617,32.07322],[73.68613,32.07331],[73.68621,32.07334],[73.68614,32.07344],[73.68602,32.0734],[73.68596,32.07352],[73.68613,32.07358],[73.68639,32.07325],[73.68633,32.07323]]]]}},{"type":"Feature","properties":{"lu":"List A Abutting","ct":"Existing","a":0.311},"geometry":{"type":"MultiPolygon","coordinates":[[[[73.68602,32.07355],[73.68577,32.07381],[73.68559,32.07376],[73.6855,32.07402],[73.6857,32.0741],[73.68612,32.07359],[73.68602,32.07355]]]]}},{"type":"Feature","properties":{"lu":"List A Abutting","ct":"Existing","a":0.857},"geometry":{"type":"MultiPolygon","coordinates":[[[[73.68476,32.07518],[73.68466,32.07543],[73.68461,32.07541],[73.6846,32.07548],[73.6847,32.07552],[73.68569,32.07411],[73.68527,32.07396],[73.68523,32.0741],[73.68544,32.07417],[73.68533,32.07435],[73.68517,32.0743],[73.68521,32.07447],[73.685,32.07446],[73.68476,32.07518]]]]}},{"type":"Feature","properties":{"lu":"List A Abutting","ct":"Existing","a":0.165},"geometry":{"type":"MultiPolygon","coordinates":[[[[73.68262,32.07529],[73.68267,32.07516],[73.68236,32.07503],[73.68228,32.07527],[73.68262,32.07529]]]]}},{"type":"Feature","properties":{"lu":"List A Abutting","ct":"Existing","a":0.536},"geometry":{"type":"MultiPolygon","coordinates":[[[[73.68124,32.07501],[73.68178,32.07521],[73.68189,32.07483],[73.68149,32.07467],[73.68124,32.07501]]]]}},{"type":"Feature","properties":{"lu":"List A Abutting","ct":"Existing","a":1.317},"geometry":{"type":"MultiPolygon","coordinates":[[[[73.68339,32.07569],[73.68391,32.07594],[73.68384,32.07622],[73.68417,32.07626],[73.68442,32.07589],[73.68268,32.07517],[73.68256,32.07546],[73.68326,32.07555],[73.68339,32.07569]]]]}},{"type":"Feature","properties":{"lu":"List A Abutting","ct":"Existing","a":0.264},"geometry":{"type":"MultiPolygon","coordinates":[[[[73.68371,32.07625],[73.68364,32.07648],[73.68398,32.07657],[73.68412,32.07629],[73.68371,32.07625]]]]}},{"type":"Feature","properties":{"lu":"List A Abutting","ct":"Existing","a":0.146},"geometry":{"type":"MultiPolygon","coordinates":[[[[73.68365,32.0765],[73.68361,32.0767],[73.68384,32.07674],[73.68397,32.07659],[73.68365,32.0765]]]]}},{"type":"Feature","properties":{"lu":"List A Abutting","ct":"Existing","a":0.056},"geometry":{"type":"MultiPolygon","coordinates":[[[[73.68375,32.07674],[73.68358,32.07698],[73.68369,32.077],[73.68385,32.07677],[73.68375,32.07674]]]]}},{"type":"Feature","properties":{"lu":"List A Abutting","ct":"Existing","a":0.053},"geometry":{"type":"MultiPolygon","coordinates":[[[[73.68362,32.077],[73.68344,32.07722],[73.68354,32.07723],[73.68368,32.07701],[73.68362,32.077]]]]}},{"type":"Feature","properties":{"lu":"List A Abutting","ct":"Existing","a":0.098},"geometry":{"type":"MultiPolygon","coordinates":[[[[73.68629,32.07382],[73.6862,32.07379],[73.686,32.07404],[73.68614,32.0741],[73.68629,32.07382]]]]}},{"type":"Feature","properties":{"lu":"List A Abutting","ct":"Existing","a":0.13},"geometry":{"type":"MultiPolygon","coordinates":[[[[73.68595,32.07434],[73.68579,32.0743],[73.68554,32.07458],[73.68571,32.07462],[73.68571,32.07443],[73.68588,32.07449],[73.68595,32.07434]]]]}},{"type":"Feature","properties":{"lu":"List A Abutting","ct":"Existing","a":0.176},"geometry":{"type":"MultiPolygon","coordinates":[[[[73.68736,32.07461],[73.68735,32.07475],[73.68746,32.07477],[73.6874,32.07502],[73.68757,32.07503],[73.68756,32.07462],[73.68736,32.07461]]]]}},{"type":"Feature","properties":{"lu":"List A Abutting","ct":"Existing","a":0.014},"geometry":{"type":"MultiPolygon","coordinates":[[[[73.6856,32.07461],[73.68553,32.07459],[73.68549,32.07464],[73.68556,32.07469],[73.6856,32.07461]]]]}},{"type":"Feature","properties":{"lu":"List A Abutting","ct":"Existing","a":0.092},"geometry":{"type":"MultiPolygon","coordinates":[[[[73.68731,32.07503],[73.6873,32.0751],[73.68755,32.07513],[73.6875,32.07533],[73.68761,32.07535],[73.68757,32.07505],[73.68731,32.07503]]]]}},{"type":"Feature","properties":{"lu":"List A Abutting","ct":"Existing","a":0.065},"geometry":{"type":"MultiPolygon","coordinates":[[[[73.68511,32.07545],[73.68499,32.0754],[73.68494,32.07548],[73.68519,32.07559],[73.68524,32.07552],[73.68511,32.07545]]]]}},{"type":"Feature","properties":{"lu":"List A Abutting","ct":"Existing","a":0.331},"geometry":{"type":"MultiPolygon","coordinates":[[[[73.68498,32.0755],[73.6847,32.07588],[73.68492,32.07599],[73.68519,32.0756],[73.68498,32.0755]]]]}},{"type":"Feature","properties":{"lu":"List A Abutting","ct":"Existing","a":0.078},"geometry":{"type":"MultiPolygon","coordinates":[[[[73.68526,32.07603],[73.685,32.07592],[73.68495,32.07601],[73.68519,32.07613],[73.68526,32.07603]]]]}},{"type":"Feature","properties":{"lu":"List A Abutting","ct":"Existing","a":0.076},"geometry":{"type":"MultiPolygon","coordinates":[[[[73.68548,32.07613],[73.68526,32.07604],[73.6852,32.07614],[73.68546,32.07625],[73.68548,32.07613]]]]}},{"type":"Feature","properties":{"lu":"List A Abutting","ct":"Existing","a":0.086},"geometry":{"type":"MultiPolygon","coordinates":[[[[73.68594,32.0764],[73.68551,32.07624],[73.68593,32.0765],[73.68594,32.0764]]]]}},{"type":"Feature","properties":{"lu":"List A Abutting","ct":"Existing","a":0.094},"geometry":{"type":"MultiPolygon","coordinates":[[[[73.6863,32.07652],[73.68599,32.07642],[73.68598,32.07653],[73.68622,32.07665],[73.6863,32.07652]]]]}},{"type":"Feature","properties":{"lu":"List A Abutting","ct":"Existing","a":2.2},"geometry":{"type":"MultiPolygon","coordinates":[[[[73.68751,32.07539],[73.68745,32.07565],[73.68752,32.07565],[73.68754,32.07607],[73.6876,32.07606],[73.68764,32.07624],[73.68718,32.07626],[73.68703,32.07648],[73.68716,32.07676],[73.6871,32.07673],[73.68702,32.07687],[73.6873,32.077],[73.68701,32.07688],[73.68693,32.07701],[73.68784,32.07743],[73.68764,32.07551],[73.68762,32.07541],[73.68751,32.07539]]]]}},{"type":"Feature","properties":{"lu":"List A Abutting","ct":"Existing","a":1.334},"geometry":{"type":"MultiPolygon","coordinates":[[[[73.68545,32.07678],[73.68502,32.07675],[73.68499,32.07797],[73.6854,32.07796],[73.68545,32.07678]]]]}},{"type":"Feature","properties":{"lu":"List A Abutting","ct":"Existing","a":0.518},"geometry":{"type":"MultiPolygon","coordinates":[[[[73.68497,32.07734],[73.68482,32.07734],[73.68479,32.07815],[73.68543,32.07813],[73.6854,32.078],[73.68495,32.07799],[73.68497,32.07734]]]]}},{"type":"Feature","properties":{"lu":"List A Abutting","ct":"Existing","a":0.297},"geometry":{"type":"MultiPolygon","coordinates":[[[[73.68478,32.07833],[73.68543,32.07833],[73.68543,32.07815],[73.68478,32.07816],[73.68478,32.07833]]]]}},{"type":"Feature","properties":{"lu":"List A Abutting","ct":"Existing","a":0.657},"geometry":{"type":"MultiPolygon","coordinates":[[[[73.68518,32.07836],[73.68482,32.07942],[73.68504,32.07947],[73.68542,32.07836],[73.68518,32.07836]]]]}},{"type":"Feature","properties":{"lu":"List A Abutting","ct":"Existing","a":1.483},"geometry":{"type":"MultiPolygon","coordinates":[[[[73.6836,32.07817],[73.68366,32.07804],[73.6835,32.07801],[73.68354,32.07791],[73.6837,32.07795],[73.68373,32.07787],[73.68358,32.07784],[73.68355,32.07774],[73.6836,32.07766],[73.68379,32.07772],[73.68385,32.07749],[73.68375,32.07747],[73.68384,32.07731],[73.68369,32.0773],[73.68292,32.07858],[73.68285,32.07857],[73.68256,32.07902],[73.68286,32.07914],[73.68325,32.07854],[73.68342,32.07855],[73.68348,32.07814],[73.6836,32.07817]]]]}},{"type":"Feature","properties":{"lu":"List A Abutting","ct":"Existing","a":0.118},"geometry":{"type":"MultiPolygon","coordinates":[[[[73.69155,32.07161],[73.69146,32.07161],[73.69158,32.07217],[73.69165,32.07217],[73.69155,32.07161]]]]}},{"type":"Feature","properties":{"lu":"List A Abutting","ct":"Existing","a":0.669},"geometry":{"type":"MultiPolygon","coordinates":[[[[73.69253,32.07195],[73.69253,32.07188],[73.69159,32.07164],[73.69166,32.07209],[73.69213,32.07202],[73.69218,32.07216],[73.69233,32.07215],[73.69229,32.072],[73.69253,32.07195]]]]}},{"type":"Feature","properties":{"lu":"List A Abutting","ct":"Existing","a":0.201},"geometry":{"type":"MultiPolygon","coordinates":[[[[73.6945,32.07341],[73.69449,32.07323],[73.69436,32.07307],[73.69419,32.07311],[73.69424,32.07342],[73.6945,32.07341]]]]}},{"type":"Feature","properties":{"lu":"List A Abutting","ct":"Existing","a":1.733},"geometry":{"type":"MultiPolygon","coordinates":[[[[73.68355,32.06154],[73.6835,32.06141],[73.6832,32.0615],[73.68342,32.0621],[73.68354,32.06291],[73.68401,32.06309],[73.68417,32.06306],[73.68355,32.06154]]]]}},{"type":"Feature","properties":{"lu":"List A Abutting","ct":"Existing","a":0.124},"geometry":{"type":"MultiPolygon","coordinates":[[[[73.6843,32.06341],[73.68415,32.0631],[73.68403,32.06312],[73.68415,32.06345],[73.6843,32.06341]]]]}},{"type":"Feature","properties":{"lu":"List A Abutting","ct":"Existing","a":1.588},"geometry":{"type":"MultiPolygon","coordinates":[[[[73.68462,32.06434],[73.6855,32.06414],[73.68549,32.06356],[73.68514,32.06365],[73.68523,32.06388],[73.68501,32.06393],[73.68495,32.06378],[73.68451,32.06389],[73.68448,32.0638],[73.68456,32.06379],[73.68449,32.0636],[73.68441,32.06362],[73.68434,32.06342],[73.68416,32.06347],[73.68452,32.06436],[73.68462,32.06434]]]]}},{"type":"Feature","properties":{"lu":"List A Abutting","ct":"Existing","a":0.102},"geometry":{"type":"MultiPolygon","coordinates":[[[[73.68027,32.06769],[73.68013,32.06744],[73.67996,32.06751],[73.68017,32.06772],[73.68027,32.06769]]]]}},{"type":"Feature","properties":{"lu":"List A Abutting","ct":"Existing","a":0.251},"geometry":{"type":"MultiPolygon","coordinates":[[[[73.71165,32.06942],[73.71179,32.06937],[73.71158,32.06924],[73.71098,32.06942],[73.71105,32.06954],[73.71146,32.06936],[73.71151,32.06946],[73.71165,32.06942]]]]}},{"type":"Feature","properties":{"lu":"List A Abutting","ct":"Existing","a":0.13},"geometry":{"type":"MultiPolygon","coordinates":[[[[73.6774,32.05998],[73.67738,32.05969],[73.67719,32.05974],[73.67725,32.06002],[73.6774,32.05998]]]]}},{"type":"Feature","properties":{"lu":"List A Abutting","ct":"Existing","a":0.036},"geometry":{"type":"MultiPolygon","coordinates":[[[[73.67735,32.06031],[73.67732,32.06003],[73.67726,32.06005],[73.67735,32.06031]]]]}},{"type":"Feature","properties":{"lu":"List A Abutting","ct":"Existing","a":0.288},"geometry":{"type":"MultiPolygon","coordinates":[[[[73.67669,32.08781],[73.67636,32.08768],[73.67621,32.08796],[73.67651,32.08809],[73.67669,32.08781]]]]}},{"type":"Feature","properties":{"lu":"List A Abutting","ct":"Existing","a":0.059},"geometry":{"type":"MultiPolygon","coordinates":[[[[73.67638,32.08805],[73.6763,32.08821],[73.67641,32.08825],[73.67651,32.0881],[73.67638,32.08805]]]]}},{"type":"Feature","properties":{"lu":"List A Abutting","ct":"Existing","a":0.058},"geometry":{"type":"MultiPolygon","coordinates":[[[[73.67629,32.08821],[73.6762,32.08838],[73.67631,32.08842],[73.67641,32.08826],[73.67629,32.08821]]]]}},{"type":"Feature","properties":{"lu":"List A Abutting","ct":"Existing","a":0.099},"geometry":{"type":"MultiPolygon","coordinates":[[[[73.67619,32.08839],[73.67602,32.08868],[73.67611,32.08872],[73.6763,32.08843],[73.67619,32.08839]]]]}},{"type":"Feature","properties":{"lu":"List A Abutting","ct":"Existing","a":0.134},"geometry":{"type":"MultiPolygon","coordinates":[[[[73.6759,32.08865],[73.6758,32.08886],[73.67597,32.08893],[73.6761,32.08873],[73.6759,32.08865]]]]}},{"type":"Feature","properties":{"lu":"List A Abutting","ct":"Existing","a":0.178},"geometry":{"type":"MultiPolygon","coordinates":[[[[73.6758,32.08888],[73.67559,32.08921],[73.67575,32.08928],[73.67595,32.08895],[73.6758,32.08888]]]]}},{"type":"Feature","properties":{"lu":"List A Abutting","ct":"Existing","a":0.152},"geometry":{"type":"MultiPolygon","coordinates":[[[[73.67557,32.08922],[73.67553,32.08928],[73.67542,32.08924],[73.67542,32.08939],[73.67556,32.08944],[73.67549,32.08955],[73.67556,32.08958],[73.67574,32.08929],[73.67557,32.08922]]]]}},{"type":"Feature","properties":{"lu":"List A Abutting","ct":"Existing","a":0.039},"geometry":{"type":"MultiPolygon","coordinates":[[[[73.67548,32.08957],[73.67536,32.08976],[73.67542,32.08979],[73.67554,32.0896],[73.67548,32.08957]]]]}},{"type":"Feature","properties":{"lu":"List A Abutting","ct":"Existing","a":0.206},"geometry":{"type":"MultiPolygon","coordinates":[[[[73.67531,32.08975],[73.67496,32.09012],[73.67515,32.0902],[73.67541,32.0898],[73.67531,32.08975]]]]}},{"type":"Feature","properties":{"lu":"List A Abutting","ct":"Existing","a":0.108},"geometry":{"type":"MultiPolygon","coordinates":[[[[73.67486,32.09009],[73.67478,32.0902],[73.67507,32.09032],[73.67514,32.09021],[73.67486,32.09009]]]]}},{"type":"Feature","properties":{"lu":"List A Abutting","ct":"Existing","a":0.088},"geometry":{"type":"MultiPolygon","coordinates":[[[[73.67468,32.09072],[73.6745,32.09097],[73.67461,32.09101],[73.67478,32.09076],[73.67468,32.09072]]]]}},{"type":"Feature","properties":{"lu":"List A Abutting","ct":"Existing","a":0.104},"geometry":{"type":"MultiPolygon","coordinates":[[[[73.67287,32.09341],[73.67273,32.09364],[73.67287,32.09369],[73.67302,32.09347],[73.67287,32.09341]]]]}},{"type":"Feature","properties":{"lu":"List A Abutting","ct":"Existing","a":0.648},"geometry":{"type":"MultiPolygon","coordinates":[[[[73.67198,32.09428],[73.67184,32.09422],[73.67163,32.09464],[73.67213,32.09482],[73.67238,32.09444],[73.67198,32.09428]]]]}},{"type":"Feature","properties":{"lu":"List A Abutting","ct":"Existing","a":0.484},"geometry":{"type":"MultiPolygon","coordinates":[[[[73.67221,32.07838],[73.67215,32.07829],[73.67135,32.07868],[73.67154,32.07892],[73.67196,32.07872],[73.67185,32.07854],[73.67221,32.07838]]]]}},{"type":"Feature","properties":{"lu":"List A Abutting","ct":"Existing","a":0.159},"geometry":{"type":"MultiPolygon","coordinates":[[[[73.67136,32.07875],[73.67132,32.07869],[73.67072,32.07898],[73.67084,32.0791],[73.67136,32.07875]]]]}},{"type":"Feature","properties":{"lu":"List A Abutting","ct":"Existing","a":0.33},"geometry":{"type":"MultiPolygon","coordinates":[[[[73.67083,32.07914],[73.67069,32.079],[73.67021,32.07922],[73.67031,32.07937],[73.67043,32.07932],[73.6705,32.07943],[73.67068,32.07934],[73.67061,32.07923],[73.67083,32.07914]]]]}},{"type":"Feature","properties":{"lu":"List A Abutting","ct":"Existing","a":0.176},"geometry":{"type":"MultiPolygon","coordinates":[[[[73.67028,32.0794],[73.67018,32.07924],[73.66983,32.0794],[73.66992,32.07952],[73.67028,32.0794]]]]}},{"type":"Feature","properties":{"lu":"List A Abutting","ct":"Existing","a":0.496},"geometry":{"type":"MultiPolygon","coordinates":[[[[73.66864,32.08018],[73.66852,32.08003],[73.66751,32.0805],[73.6676,32.08062],[73.66864,32.08018]]]]}},{"type":"Feature","properties":{"lu":"List A Abutting","ct":"Existing","a":0.313},"geometry":{"type":"MultiPolygon","coordinates":[[[[73.38805,32.08177],[73.38769,32.08121],[73.3875,32.08125],[73.38786,32.08181],[73.38805,32.08177]]]]}},{"type":"Feature","properties":{"lu":"List A Abutting","ct":"Existing","a":1.128},"geometry":{"type":"MultiPolygon","coordinates":[[[[73.37464,32.05728],[73.37432,32.05727],[73.37497,32.0582],[73.37504,32.05816],[73.37521,32.0573],[73.37464,32.05728]]]]}},{"type":"Feature","properties":{"lu":"List A Abutting","ct":"Existing","a":2.268},"geometry":{"type":"MultiPolygon","coordinates":[[[[73.37986,32.06555],[73.38002,32.06528],[73.37999,32.06472],[73.37884,32.06475],[73.37892,32.06553],[73.37986,32.06555]]]]}},{"type":"Feature","properties":{"lu":"List A Abutting","ct":"Existing","a":1.455},"geometry":{"type":"MultiPolygon","coordinates":[[[[73.37649,32.06823],[73.37661,32.06825],[73.3762,32.06705],[73.37531,32.06732],[73.37534,32.06737],[73.37594,32.06718],[73.37614,32.06777],[73.37584,32.06787],[73.376,32.06836],[73.37649,32.06823]]]]}},{"type":"Feature","properties":{"lu":"List A Abutting","ct":"Existing","a":4.747},"geometry":{"type":"MultiPolygon","coordinates":[[[[73.37862,32.06393],[73.3786,32.06362],[73.37768,32.06367],[73.37784,32.06543],[73.37779,32.06569],[73.37877,32.06555],[73.37862,32.06393]]]]}},{"type":"Feature","properties":{"lu":"List A Abutting","ct":"Existing","a":0.394},"geometry":{"type":"MultiPolygon","coordinates":[[[[73.37786,32.06296],[73.37782,32.06324],[73.37797,32.06323],[73.37802,32.06342],[73.37817,32.06341],[73.37818,32.06353],[73.37837,32.06353],[73.37838,32.0636],[73.3786,32.06358],[73.37794,32.06294],[73.37786,32.06296]]]]}},{"type":"Feature","properties":{"lu":"List A Abutting","ct":"Existing","a":0.497},"geometry":{"type":"MultiPolygon","coordinates":[[[[73.3802,32.06326],[73.37945,32.06322],[73.37944,32.06333],[73.37887,32.0633],[73.37886,32.06339],[73.38017,32.06344],[73.3802,32.06326]]]]}},{"type":"Feature","properties":{"lu":"List A Abutting","ct":"Existing","a":0.83},"geometry":{"type":"MultiPolygon","coordinates":[[[[73.37929,32.06648],[73.37929,32.06637],[73.37972,32.06629],[73.37971,32.06594],[73.37914,32.06594],[73.37912,32.06586],[73.37898,32.06587],[73.37909,32.0665],[73.37929,32.06648]]]]}},{"type":"Feature","properties":{"lu":"List A Abutting","ct":"Existing","a":0.035},"geometry":{"type":"MultiPolygon","coordinates":[[[[73.37997,32.06949],[73.37996,32.06972],[73.38008,32.0696],[73.37997,32.06949]]]]}},{"type":"Feature","properties":{"lu":"List A Abutting","ct":"Existing","a":0.818},"geometry":{"type":"MultiPolygon","coordinates":[[[[73.37974,32.06904],[73.37914,32.06781],[73.37896,32.06721],[73.37886,32.06731],[73.37896,32.06762],[73.37884,32.06762],[73.37883,32.06774],[73.37898,32.06775],[73.37902,32.06808],[73.37916,32.0681],[73.37914,32.06854],[73.3794,32.06856],[73.3794,32.06868],[73.37948,32.06868],[73.37942,32.06897],[73.37974,32.06904]]]]}},{"type":"Feature","properties":{"lu":"List A Abutting","ct":"Existing","a":0.507},"geometry":{"type":"MultiPolygon","coordinates":[[[[73.38887,32.08378],[73.38843,32.08303],[73.38823,32.08314],[73.38832,32.08326],[73.3882,32.08335],[73.38878,32.08384],[73.38887,32.08378]]]]}},{"type":"Feature","properties":{"lu":"List A Abutting","ct":"Existing","a":0.933},"geometry":{"type":"MultiPolygon","coordinates":[[[[73.37042,32.05182],[73.37092,32.0525],[73.37119,32.05251],[73.37129,32.05191],[73.37042,32.05182]]]]}},{"type":"Feature","properties":{"lu":"List A Abutting","ct":"Existing","a":0.303},"geometry":{"type":"MultiPolygon","coordinates":[[[[73.38521,32.07722],[73.38522,32.07712],[73.38506,32.07712],[73.385,32.07697],[73.38499,32.07668],[73.38487,32.07669],[73.38487,32.07658],[73.38463,32.07655],[73.38505,32.07723],[73.38521,32.07722]]]]}},{"type":"Feature","properties":{"lu":"List A Abutting","ct":"Existing","a":0.12},"geometry":{"type":"MultiPolygon","coordinates":[[[[73.68899,32.06781],[73.68895,32.06742],[73.68882,32.06743],[73.6889,32.06786],[73.68899,32.06781]]]]}},{"type":"Feature","properties":{"lu":"List A Abutting","ct":"Existing","a":0.249},"geometry":{"type":"MultiPolygon","coordinates":[[[[73.6889,32.06739],[73.68893,32.06717],[73.68906,32.06717],[73.68907,32.06683],[73.68914,32.06682],[73.68915,32.0667],[73.68897,32.06671],[73.68883,32.06739],[73.6889,32.06739]]]]}},{"type":"Feature","properties":{"lu":"List A Abutting","ct":"Existing","a":0.333},"geometry":{"type":"MultiPolygon","coordinates":[[[[73.68963,32.0653],[73.68944,32.06528],[73.68925,32.06602],[73.68936,32.06605],[73.6894,32.06596],[73.68949,32.06597],[73.68947,32.06568],[73.6895,32.06555],[73.68958,32.06556],[73.68963,32.0653]]]]}},{"type":"Feature","properties":{"lu":"List A Abutting","ct":"Existing","a":0.06},"geometry":{"type":"MultiPolygon","coordinates":[[[[73.68975,32.06459],[73.68962,32.0646],[73.68958,32.06476],[73.6897,32.06479],[73.68975,32.06459]]]]}},{"type":"Feature","properties":{"lu":"List A Abutting","ct":"Existing","a":0.656},"geometry":{"type":"MultiPolygon","coordinates":[[[[73.67536,32.05647],[73.67548,32.0564],[73.67525,32.05633],[73.67462,32.05677],[73.67417,32.05688],[73.67419,32.05723],[73.67536,32.05647]]]]}},{"type":"Feature","properties":{"lu":"List A Abutting","ct":"Existing","a":0.337},"geometry":{"type":"MultiPolygon","coordinates":[[[[73.68428,32.0755],[73.68423,32.07558],[73.68378,32.07536],[73.68367,32.07536],[73.68364,32.07545],[73.6845,32.07577],[73.68462,32.07562],[73.68428,32.0755]]]]}},{"type":"Feature","properties":{"lu":"List A Abutting","ct":"Existing","a":2.154},"geometry":{"type":"MultiPolygon","coordinates":[[[[73.6826,32.07494],[73.6827,32.07411],[73.68223,32.07396],[73.68205,32.07409],[73.68179,32.074],[73.68147,32.07455],[73.68257,32.07502],[73.6826,32.07494]]]]}},{"type":"Feature","properties":{"lu":"List A Abutting","ct":"Existing","a":0.873},"geometry":{"type":"MultiPolygon","coordinates":[[[[73.68236,32.07165],[73.68219,32.07147],[73.68277,32.07106],[73.68284,32.07132],[73.68303,32.07121],[73.68286,32.07089],[73.68165,32.07174],[73.68189,32.07199],[73.68236,32.07165]]]]}},{"type":"Feature","properties":{"lu":"List A Abutting","ct":"Existing","a":0.272},"geometry":{"type":"MultiPolygon","coordinates":[[[[73.68285,32.07135],[73.68294,32.07148],[73.68303,32.07145],[73.68307,32.07152],[73.68298,32.07155],[73.68311,32.07176],[73.68332,32.07167],[73.68303,32.07123],[73.68285,32.07135]]]]}},{"type":"Feature","properties":{"lu":"List A Abutting","ct":"Existing","a":0.217},"geometry":{"type":"MultiPolygon","coordinates":[[[[73.68464,32.07207],[73.68455,32.07176],[73.68418,32.07173],[73.68418,32.07179],[73.68438,32.07182],[73.68433,32.0721],[73.68464,32.07207]]]]}},{"type":"Feature","properties":{"lu":"List A Abutting","ct":"Existing","a":0.1},"geometry":{"type":"MultiPolygon","coordinates":[[[[73.68416,32.0718],[73.68417,32.07173],[73.68364,32.07172],[73.68367,32.07181],[73.68416,32.0718]]]]}},{"type":"Feature","properties":{"lu":"List A Abutting","ct":"Existing","a":0.118},"geometry":{"type":"MultiPolygon","coordinates":[[[[73.6836,32.07183],[73.68355,32.07171],[73.68323,32.07174],[73.68326,32.07185],[73.6836,32.07183]]]]}},{"type":"Feature","properties":{"lu":"List A Abutting","ct":"Existing","a":0.92},"geometry":{"type":"MultiPolygon","coordinates":[[[[73.68072,32.07366],[73.68,32.07303],[73.67986,32.07314],[73.6814,32.07444],[73.68151,32.0743],[73.68072,32.07366]]]]}},{"type":"Feature","properties":{"lu":"List A Abutting","ct":"Existing","a":0.113},"geometry":{"type":"MultiPolygon","coordinates":[[[[73.68366,32.07535],[73.68352,32.07526],[73.68357,32.07511],[73.6835,32.07508],[73.68339,32.07535],[73.68362,32.07544],[73.68366,32.07535]]]]}},{"type":"Feature","properties":{"lu":"List A Abutting","ct":"Existing","a":0.123},"geometry":{"type":"MultiPolygon","coordinates":[[[[73.68343,32.07522],[73.68334,32.07519],[73.68338,32.0751],[73.68322,32.07505],[73.68315,32.07525],[73.68338,32.07534],[73.68343,32.07522]]]]}},{"type":"Feature","properties":{"lu":"List A Abutting","ct":"Existing","a":0.096},"geometry":{"type":"MultiPolygon","coordinates":[[[[73.68315,32.07519],[73.68279,32.07501],[73.68275,32.07509],[73.68313,32.07525],[73.68315,32.07519]]]]}},{"type":"Feature","properties":{"lu":"List A Abutting","ct":"Existing","a":0.038},"geometry":{"type":"MultiPolygon","coordinates":[[[[73.68278,32.07501],[73.6826,32.07494],[73.68257,32.07502],[73.68274,32.07509],[73.68278,32.07501]]]]}},{"type":"Feature","properties":{"lu":"List A Abutting","ct":"Existing","a":0.794},"geometry":{"type":"MultiPolygon","coordinates":[[[[73.68489,32.08994],[73.68491,32.08982],[73.68466,32.08976],[73.68456,32.08956],[73.68417,32.08953],[73.68422,32.09013],[73.68462,32.09019],[73.68472,32.08987],[73.68489,32.08994]]]]}},{"type":"Feature","properties":{"lu":"List A Abutting","ct":"Existing","a":1.139},"geometry":{"type":"MultiPolygon","coordinates":[[[[73.68416,32.08871],[73.68417,32.08948],[73.68456,32.08951],[73.68482,32.08937],[73.68484,32.08927],[73.68469,32.08923],[73.68481,32.08879],[73.68416,32.08871]]]]}},{"type":"Feature","properties":{"lu":"List A Abutting","ct":"Existing","a":0.078},"geometry":{"type":"MultiPolygon","coordinates":[[[[73.70271,32.07844],[73.70253,32.07848],[73.70252,32.07863],[73.70264,32.07867],[73.70271,32.07844]]]]}},{"type":"Feature","properties":{"lu":"List A Abutting","ct":"Existing","a":0.104},"geometry":{"type":"MultiPolygon","coordinates":[[[[73.68519,32.0661],[73.68512,32.06591],[73.6849,32.06602],[73.68507,32.06614],[73.68519,32.0661]]]]}},{"type":"Feature","properties":{"lu":"List A Abutting","ct":"Existing","a":0.043},"geometry":{"type":"MultiPolygon","coordinates":[[[[73.70199,32.07789],[73.70185,32.07781],[73.70183,32.07791],[73.70198,32.078],[73.70199,32.07789]]]]}},{"type":"Feature","properties":{"lu":"List A Abutting","ct":"Existing","a":0.067},"geometry":{"type":"MultiPolygon","coordinates":[[[[73.65746,32.05187],[73.65753,32.05182],[73.65733,32.0517],[73.65724,32.05175],[73.65734,32.05188],[73.65746,32.05187]]]]}},{"type":"Feature","properties":{"lu":"List A Abutting","ct":"Existing","a":0.377},"geometry":{"type":"MultiPolygon","coordinates":[[[[73.69141,32.0775],[73.69129,32.07758],[73.69134,32.07771],[73.6917,32.07847],[73.69185,32.07848],[73.69167,32.07822],[73.69171,32.07815],[73.69158,32.07798],[73.69167,32.07794],[73.69141,32.0775]]]]}},{"type":"Feature","properties":{"lu":"List A Abutting","ct":"Existing","a":0.213},"geometry":{"type":"MultiPolygon","coordinates":[[[[73.69011,32.07387],[73.69,32.07343],[73.68988,32.07329],[73.68991,32.07386],[73.69011,32.07387]]]]}},{"type":"Feature","properties":{"lu":"List A Abutting","ct":"Existing","a":0.054},"geometry":{"type":"MultiPolygon","coordinates":[[[[73.69015,32.07393],[73.68992,32.07392],[73.68993,32.07401],[73.69014,32.07403],[73.69015,32.07393]]]]}},{"type":"Feature","properties":{"lu":"List A Abutting","ct":"Existing","a":0.118},"geometry":{"type":"MultiPolygon","coordinates":[[[[73.69146,32.07741],[73.69131,32.07723],[73.69118,32.07733],[73.69127,32.07753],[73.69146,32.07741]]]]}},{"type":"Feature","properties":{"lu":"List A Abutting","ct":"Existing","a":0.131},"geometry":{"type":"MultiPolygon","coordinates":[[[[73.69149,32.07704],[73.69142,32.07693],[73.6911,32.07715],[73.69115,32.07726],[73.69149,32.07704]]]]}},{"type":"Feature","properties":{"lu":"List A Abutting","ct":"Existing","a":1.66},"geometry":{"type":"MultiPolygon","coordinates":[[[[73.49076,31.86806],[73.48995,31.86819],[73.4902,31.86899],[73.49091,31.86886],[73.49076,31.86806]]]]}},{"type":"Feature","properties":{"lu":"List A Abutting","ct":"Existing","a":0.068},"geometry":{"type":"MultiPolygon","coordinates":[[[[73.49107,31.86867],[73.4909,31.86869],[73.49093,31.86885],[73.49109,31.86881],[73.49107,31.86867]]]]}},{"type":"Feature","properties":{"lu":"List A Abutting","ct":"Existing","a":0.751},"geometry":{"type":"MultiPolygon","coordinates":[[[[73.49266,31.86777],[73.49226,31.86785],[73.4924,31.86852],[73.49283,31.86842],[73.49266,31.86777]]]]}},{"type":"Feature","properties":{"lu":"List A Abutting","ct":"Existing","a":0.069},"geometry":{"type":"MultiPolygon","coordinates":[[[[73.49131,31.86877],[73.49129,31.86864],[73.49109,31.86867],[73.49112,31.86881],[73.49131,31.86877]]]]}},{"type":"Feature","properties":{"lu":"List A Abutting","ct":"Existing","a":0.52},"geometry":{"type":"MultiPolygon","coordinates":[[[[73.52629,31.85997],[73.52624,31.85971],[73.52566,31.85974],[73.52565,31.86014],[73.52629,31.85997]]]]}},{"type":"Feature","properties":{"lu":"List A Abutting","ct":"Existing","a":2.167},"geometry":{"type":"MultiPolygon","coordinates":[[[[73.53312,31.85825],[73.53297,31.8578],[73.53242,31.85798],[73.53249,31.85823],[73.53217,31.85832],[73.53198,31.85786],[73.53165,31.85792],[73.53167,31.85798],[73.53117,31.85814],[73.53137,31.85866],[73.53312,31.85825]]]]}},{"type":"Feature","properties":{"lu":"List A Abutting","ct":"Existing","a":1.114},"geometry":{"type":"MultiPolygon","coordinates":[[[[73.53014,31.85857],[73.53,31.85861],[73.52993,31.85844],[73.52927,31.85864],[73.52945,31.85912],[73.53028,31.85892],[73.53014,31.85857]]]]}},{"type":"Feature","properties":{"lu":"List A Abutting","ct":"Existing","a":0.469},"geometry":{"type":"MultiPolygon","coordinates":[[[[73.52917,31.85848],[73.52902,31.85852],[73.52909,31.85876],[73.52896,31.85881],[73.52911,31.85921],[73.52942,31.85913],[73.52917,31.85848]]]]}},{"type":"Feature","properties":{"lu":"List A Abutting","ct":"Existing","a":0.196},"geometry":{"type":"MultiPolygon","coordinates":[[[[73.5288,31.85906],[73.52849,31.85912],[73.52858,31.85935],[73.52889,31.85927],[73.5288,31.85906]]]]}},{"type":"Feature","properties":{"lu":"List A Abutting","ct":"Existing","a":0.103},"geometry":{"type":"MultiPolygon","coordinates":[[[[73.529,31.85902],[73.52883,31.85905],[73.5289,31.85927],[73.52908,31.85922],[73.529,31.85902]]]]}},{"type":"Feature","properties":{"lu":"List A Abutting","ct":"Existing","a":0.639},"geometry":{"type":"MultiPolygon","coordinates":[[[[73.53197,31.85919],[73.53249,31.85906],[73.53234,31.8587],[73.53177,31.85884],[73.53183,31.85922],[73.53197,31.85919]]]]}},{"type":"Feature","properties":{"lu":"List A Abutting","ct":"Existing","a":0.088},"geometry":{"type":"MultiPolygon","coordinates":[[[[73.52413,31.86096],[73.52411,31.86086],[73.52383,31.86093],[73.52385,31.86105],[73.52413,31.86096]]]]}},{"type":"Feature","properties":{"lu":"List A Abutting","ct":"Existing","a":0.177},"geometry":{"type":"MultiPolygon","coordinates":[[[[73.52216,31.86144],[73.52212,31.86132],[73.52163,31.86144],[73.52167,31.86158],[73.52216,31.86144]]]]}},{"type":"Feature","properties":{"lu":"List A Abutting","ct":"Existing","a":0.056},"geometry":{"type":"MultiPolygon","coordinates":[[[[73.4939,31.86857],[73.49389,31.8685],[73.49359,31.86857],[73.4936,31.86864],[73.4939,31.86857]]]]}},{"type":"Feature","properties":{"lu":"List A Abutting","ct":"Existing","a":0.109},"geometry":{"type":"MultiPolygon","coordinates":[[[[73.49357,31.86865],[73.49355,31.86853],[73.49322,31.86862],[73.49326,31.86873],[73.49357,31.86865]]]]}},{"type":"Feature","properties":{"lu":"List A Abutting","ct":"Existing","a":0.13},"geometry":{"type":"MultiPolygon","coordinates":[[[[73.49426,31.86859],[73.49423,31.86842],[73.49392,31.86849],[73.49394,31.86864],[73.49426,31.86859]]]]}},{"type":"Feature","properties":{"lu":"List A Abutting","ct":"Existing","a":0.299},"geometry":{"type":"MultiPolygon","coordinates":[[[[73.48737,31.86982],[73.48665,31.86997],[73.48671,31.87011],[73.48742,31.86997],[73.48737,31.86982]]]]}},{"type":"Feature","properties":{"lu":"List A Abutting","ct":"Existing","a":0.189},"geometry":{"type":"MultiPolygon","coordinates":[[[[73.48792,31.86989],[73.48788,31.86973],[73.48742,31.86984],[73.48745,31.86996],[73.48792,31.86989]]]]}},{"type":"Feature","properties":{"lu":"List A Abutting","ct":"Existing","a":0.107},"geometry":{"type":"MultiPolygon","coordinates":[[[[73.48667,31.87013],[73.48662,31.87001],[73.48629,31.87014],[73.48633,31.87023],[73.48667,31.87013]]]]}},{"type":"Feature","properties":{"lu":"List A Abutting","ct":"Existing","a":0.234},"geometry":{"type":"MultiPolygon","coordinates":[[[[73.48483,31.87068],[73.48473,31.87056],[73.48444,31.87067],[73.48435,31.87084],[73.4845,31.87083],[73.48452,31.87099],[73.48465,31.87098],[73.48463,31.8708],[73.48483,31.87068]]]]}},{"type":"Feature","properties":{"lu":"List A Abutting","ct":"Existing","a":0.37},"geometry":{"type":"MultiPolygon","coordinates":[[[[73.48433,31.87082],[73.48432,31.87071],[73.48323,31.87109],[73.4833,31.87123],[73.48433,31.87082]]]]}},{"type":"Feature","properties":{"lu":"List A Abutting","ct":"Existing","a":0.305},"geometry":{"type":"MultiPolygon","coordinates":[[[[73.48095,31.87209],[73.48091,31.87192],[73.48024,31.87216],[73.48028,31.87231],[73.48095,31.87209]]]]}},{"type":"Feature","properties":{"lu":"List A Abutting","ct":"Existing","a":0.727},"geometry":{"type":"MultiPolygon","coordinates":[[[[73.47914,31.87268],[73.47904,31.87255],[73.47872,31.87266],[73.47735,31.87315],[73.47739,31.87329],[73.47914,31.87268]]]]}},{"type":"Feature","properties":{"lu":"List A Abutting","ct":"Existing","a":0.328},"geometry":{"type":"MultiPolygon","coordinates":[[[[73.47635,31.88142],[73.47532,31.88079],[73.47521,31.88087],[73.47627,31.88144],[73.47635,31.88142]]]]}},{"type":"Feature","properties":{"lu":"List A Abutting","ct":"Existing","a":0.173},"geometry":{"type":"MultiPolygon","coordinates":[[[[73.47463,31.88052],[73.47516,31.88084],[73.47525,31.88075],[73.47475,31.88047],[73.47463,31.88052]]]]}},{"type":"Feature","properties":{"lu":"List A Abutting","ct":"Existing","a":0.253},"geometry":{"type":"MultiPolygon","coordinates":[[[[73.47371,31.87998],[73.4746,31.8805],[73.4747,31.88045],[73.47375,31.8799],[73.47371,31.87998]]]]}},{"type":"Feature","properties":{"lu":"List A Abutting","ct":"Existing","a":0.14},"geometry":{"type":"MultiPolygon","coordinates":[[[[73.47321,31.8797],[73.47367,31.87997],[73.47373,31.87989],[73.47325,31.8796],[73.47321,31.8797]]]]}},{"type":"Feature","properties":{"lu":"List A Abutting","ct":"Existing","a":0.216},"geometry":{"type":"MultiPolygon","coordinates":[[[[73.47247,31.87938],[73.4732,31.87968],[73.47318,31.87956],[73.47249,31.87927],[73.47247,31.87938]]]]}},{"type":"Feature","properties":{"lu":"List A Abutting","ct":"Existing","a":0.468},"geometry":{"type":"MultiPolygon","coordinates":[[[[73.50708,31.86275],[73.50729,31.86308],[73.50737,31.86304],[73.50798,31.86384],[73.50809,31.86378],[73.50721,31.86268],[73.50708,31.86275]]]]}},{"type":"Feature","properties":{"lu":"List A Abutting","ct":"Existing","a":0.435},"geometry":{"type":"MultiPolygon","coordinates":[[[[73.5058,31.86083],[73.50565,31.86092],[73.50561,31.86104],[73.50627,31.86169],[73.50639,31.86163],[73.5058,31.86083]]]]}},{"type":"Feature","properties":{"lu":"List A Abutting","ct":"Existing","a":0.726},"geometry":{"type":"MultiPolygon","coordinates":[[[[73.50628,31.8617],[73.5064,31.86183],[73.50634,31.86188],[73.50664,31.86221],[73.50655,31.86225],[73.50695,31.8628],[73.5072,31.86267],[73.5064,31.86165],[73.50628,31.8617]]]]}},{"type":"Feature","properties":{"lu":"List A Abutting","ct":"Existing","a":0.173},"geometry":{"type":"MultiPolygon","coordinates":[[[[73.50158,31.85559],[73.50144,31.85539],[73.50118,31.85555],[73.50134,31.85572],[73.50158,31.85559]]]]}},{"type":"Feature","properties":{"lu":"List A Abutting","ct":"Existing","a":0.305},"geometry":{"type":"MultiPolygon","coordinates":[[[[73.50158,31.85559],[73.50136,31.85573],[73.50162,31.85607],[73.50187,31.85592],[73.50158,31.85559]]]]}},{"type":"Feature","properties":{"lu":"List A Abutting","ct":"Existing","a":1.003},"geometry":{"type":"MultiPolygon","coordinates":[[[[73.50346,31.85779],[73.50306,31.8573],[73.50278,31.85748],[73.50286,31.85758],[73.50255,31.85774],[73.50281,31.85813],[73.50346,31.85779]]]]}},{"type":"Feature","properties":{"lu":"List A Abutting","ct":"Existing","a":0.813},"geometry":{"type":"MultiPolygon","coordinates":[[[[73.50208,31.85656],[73.50276,31.85744],[73.50304,31.85728],[73.5023,31.85642],[73.50208,31.85656]]]]}},{"type":"Feature","properties":{"lu":"List A Abutting","ct":"Existing","a":0.808},"geometry":{"type":"MultiPolygon","coordinates":[[[[73.50089,31.85462],[73.50057,31.8548],[73.50117,31.85552],[73.50143,31.85537],[73.50089,31.85462]]]]}},{"type":"Feature","properties":{"lu":"List A Abutting","ct":"Existing","a":0.156},"geometry":{"type":"MultiPolygon","coordinates":[[[[73.50844,31.86423],[73.5081,31.86379],[73.508,31.86385],[73.50831,31.86425],[73.50844,31.86423]]]]}},{"type":"Feature","properties":{"lu":"List A Abutting","ct":"Existing","a":0.127},"geometry":{"type":"MultiPolygon","coordinates":[[[[73.5059,31.86348],[73.50581,31.86354],[73.50568,31.86342],[73.50559,31.86347],[73.50581,31.8637],[73.506,31.8636],[73.5059,31.86348]]]]}},{"type":"Feature","properties":{"lu":"List A Abutting","ct":"Existing","a":0.079},"geometry":{"type":"MultiPolygon","coordinates":[[[[73.50566,31.86339],[73.50541,31.86319],[73.50532,31.86324],[73.50557,31.86344],[73.50566,31.86339]]]]}},{"type":"Feature","properties":{"lu":"List A Abutting","ct":"Existing","a":0.091},"geometry":{"type":"MultiPolygon","coordinates":[[[[73.50538,31.86317],[73.50515,31.86294],[73.50504,31.86301],[73.5053,31.86322],[73.50538,31.86317]]]]}},{"type":"Feature","properties":{"lu":"List A Abutting","ct":"Existing","a":0.04},"geometry":{"type":"MultiPolygon","coordinates":[[[[73.50508,31.86296],[73.50501,31.86285],[73.50488,31.86288],[73.50503,31.86299],[73.50508,31.86296]]]]}},{"type":"Feature","properties":{"lu":"List A Abutting","ct":"Existing","a":0.327},"geometry":{"type":"MultiPolygon","coordinates":[[[[73.5049,31.8628],[73.50478,31.86267],[73.50489,31.8626],[73.5046,31.86231],[73.50435,31.86247],[73.50483,31.86284],[73.5049,31.8628]]]]}},{"type":"Feature","properties":{"lu":"List A Abutting","ct":"Existing","a":0.425},"geometry":{"type":"MultiPolygon","coordinates":[[[[73.50414,31.862],[73.50391,31.86211],[73.50433,31.86246],[73.50456,31.86228],[73.50426,31.86194],[73.50414,31.862]]]]}},{"type":"Feature","properties":{"lu":"List A Abutting","ct":"Existing","a":0.449},"geometry":{"type":"MultiPolygon","coordinates":[[[[73.51121,31.86773],[73.51075,31.86715],[73.51053,31.86728],[73.511,31.86784],[73.51121,31.86773]]]]}},{"type":"Feature","properties":{"lu":"List A Abutting","ct":"Existing","a":1.053},"geometry":{"type":"MultiPolygon","coordinates":[[[[73.51158,31.86703],[73.51071,31.86593],[73.51092,31.86586],[73.51078,31.8656],[73.51069,31.86563],[73.51063,31.8655],[73.51042,31.86557],[73.51024,31.86516],[73.51006,31.86512],[73.51001,31.865],[73.50991,31.86503],[73.51146,31.86708],[73.51158,31.86703]]]]}},{"type":"Feature","properties":{"lu":"List A Abutting","ct":"Existing","a":0.21},"geometry":{"type":"MultiPolygon","coordinates":[[[[73.46569,31.87323],[73.46582,31.87322],[73.4656,31.8728],[73.46536,31.87284],[73.4654,31.87294],[73.46553,31.87294],[73.46563,31.87324],[73.46569,31.87323]]]]}},{"type":"Feature","properties":{"lu":"List A Abutting","ct":"Existing","a":0.794},"geometry":{"type":"MultiPolygon","coordinates":[[[[73.4659,31.87337],[73.46575,31.87342],[73.46578,31.87355],[73.46568,31.87358],[73.46583,31.87396],[73.46592,31.87395],[73.46602,31.87433],[73.4664,31.87426],[73.4659,31.87337]]]]}},{"type":"Feature","properties":{"lu":"List A Abutting","ct":"Existing","a":0.202},"geometry":{"type":"MultiPolygon","coordinates":[[[[73.46629,31.8743],[73.46636,31.87442],[73.46622,31.87446],[73.46625,31.87459],[73.46644,31.87456],[73.46648,31.87471],[73.46663,31.87468],[73.46641,31.87428],[73.46629,31.8743]]]]}},{"type":"Feature","properties":{"lu":"List A Abutting","ct":"Existing","a":0.047},"geometry":{"type":"MultiPolygon","coordinates":[[[[73.46658,31.87471],[73.46666,31.87493],[73.46676,31.87491],[73.46664,31.87469],[73.46658,31.87471]]]]}},{"type":"Feature","properties":{"lu":"List A Abutting","ct":"Existing","a":0.056},"geometry":{"type":"MultiPolygon","coordinates":[[[[73.46672,31.87495],[73.46668,31.87514],[73.46687,31.87511],[73.46672,31.87495]]]]}},{"type":"Feature","properties":{"lu":"List A Abutting","ct":"Existing","a":0.118},"geometry":{"type":"MultiPolygon","coordinates":[[[[73.27043,31.90038],[73.27031,31.90001],[73.27016,31.90003],[73.2702,31.90017],[73.27028,31.90016],[73.27032,31.90038],[73.27043,31.90038]]]]}},{"type":"Feature","properties":{"lu":"List A Abutting","ct":"Existing","a":0.035},"geometry":{"type":"MultiPolygon","coordinates":[[[[73.2703,31.89998],[73.27025,31.8998],[73.27017,31.89982],[73.27024,31.89999],[73.2703,31.89998]]]]}},{"type":"Feature","properties":{"lu":"List A Abutting","ct":"Existing","a":0.07},"geometry":{"type":"MultiPolygon","coordinates":[[[[73.27019,31.8996],[73.27008,31.89964],[73.27009,31.89982],[73.27025,31.89979],[73.27019,31.8996]]]]}},{"type":"Feature","properties":{"lu":"List A Abutting","ct":"Existing","a":0.588},"geometry":{"type":"MultiPolygon","coordinates":[[[[73.27684,31.91341],[73.27654,31.91311],[73.27628,31.91334],[73.27678,31.9138],[73.27702,31.91358],[73.27684,31.91341]]]]}},{"type":"Feature","properties":{"lu":"List A Abutting","ct":"Existing","a":0.743},"geometry":{"type":"MultiPolygon","coordinates":[[[[73.27602,31.91423],[73.27582,31.91401],[73.2759,31.91393],[73.2761,31.91392],[73.27615,31.91365],[73.27608,31.91358],[73.27524,31.91434],[73.27544,31.91445],[73.27556,31.91434],[73.27549,31.9143],[73.27557,31.91422],[73.27575,31.91445],[73.27602,31.91423]]]]}},{"type":"Feature","properties":{"lu":"List A Abutting","ct":"Existing","a":1.262},"geometry":{"type":"MultiPolygon","coordinates":[[[[73.27762,31.91269],[73.27735,31.91241],[73.27654,31.91311],[73.27684,31.91341],[73.27737,31.9129],[73.27743,31.91299],[73.27771,31.91296],[73.27762,31.91269]]]]}},{"type":"Feature","properties":{"lu":"List A Abutting","ct":"Existing","a":0.265},"geometry":{"type":"MultiPolygon","coordinates":[[[[73.37561,32.05873],[73.3755,32.05855],[73.3754,32.05858],[73.3751,32.05823],[73.37502,32.05827],[73.37541,32.05882],[73.37561,32.05873]]]]}},{"type":"Feature","properties":{"lu":"List A Abutting","ct":"Existing","a":1.718},"geometry":{"type":"MultiPolygon","coordinates":[[[[73.3732,32.05398],[73.37188,32.05386],[73.37236,32.05454],[73.37315,32.05461],[73.3732,32.05398]]]]}},{"type":"Feature","properties":{"lu":"List A Abutting","ct":"Existing","a":0.047},"geometry":{"type":"MultiPolygon","coordinates":[[[[73.37784,32.0628],[73.37773,32.06283],[73.37775,32.06295],[73.37792,32.06293],[73.37784,32.0628]]]]}},{"type":"Feature","properties":{"lu":"List A Abutting","ct":"Existing","a":0.057},"geometry":{"type":"MultiPolygon","coordinates":[[[[73.3779,32.07128],[73.37779,32.07128],[73.37785,32.07148],[73.37796,32.07149],[73.3779,32.07128]]]]}},{"type":"Feature","properties":{"lu":"List A Abutting","ct":"Existing","a":0.147},"geometry":{"type":"MultiPolygon","coordinates":[[[[73.37798,32.07153],[73.37787,32.07152],[73.37803,32.07205],[73.37815,32.07206],[73.37798,32.07153]]]]}},{"type":"Feature","properties":{"lu":"List A Abutting","ct":"Existing","a":2.851},"geometry":{"type":"MultiPolygon","coordinates":[[[[73.37495,32.06283],[73.37482,32.06286],[73.37488,32.06369],[73.37504,32.06368],[73.37516,32.06415],[73.37505,32.06413],[73.37521,32.06495],[73.37531,32.06535],[73.3754,32.06537],[73.37514,32.06542],[73.37525,32.06575],[73.37549,32.06576],[73.37581,32.06675],[73.37589,32.06672],[73.37596,32.06691],[73.37613,32.06684],[73.37495,32.06283]]]]}},{"type":"Feature","properties":{"lu":"List A Abutting","ct":"Existing","a":0.801},"geometry":{"type":"MultiPolygon","coordinates":[[[[73.58928,32.2196],[73.58911,32.21959],[73.58915,32.21949],[73.5888,32.21952],[73.58884,32.21925],[73.5887,32.21924],[73.58865,32.21971],[73.58941,32.22006],[73.58954,32.21972],[73.58928,32.2196]]]]}},{"type":"Feature","properties":{"lu":"List A Abutting","ct":"Existing","a":2.496},"geometry":{"type":"MultiPolygon","coordinates":[[[[73.58721,32.21866],[73.58679,32.21866],[73.58677,32.21807],[73.58644,32.21807],[73.58653,32.2178],[73.58679,32.21783],[73.5868,32.21771],[73.58661,32.21768],[73.58686,32.21703],[73.58719,32.21705],[73.58724,32.21688],[73.5871,32.21684],[73.58713,32.21673],[73.58682,32.21667],[73.5865,32.21747],[73.58596,32.21846],[73.5872,32.21904],[73.58721,32.21866]]]]}},{"type":"Feature","properties":{"lu":"List A Abutting","ct":"Existing","a":0.985},"geometry":{"type":"MultiPolygon","coordinates":[[[[73.58812,32.21494],[73.58743,32.21493],[73.58711,32.21588],[73.58737,32.21591],[73.58757,32.2152],[73.58814,32.21522],[73.58812,32.21494]]]]}},{"type":"Feature","properties":{"lu":"List A Abutting","ct":"Existing","a":0.883},"geometry":{"type":"MultiPolygon","coordinates":[[[[73.58815,32.21362],[73.58788,32.21361],[73.58745,32.21487],[73.58762,32.21487],[73.58764,32.2148],[73.58775,32.2148],[73.58775,32.21469],[73.58784,32.21469],[73.58787,32.21446],[73.58771,32.21446],[73.58797,32.2143],[73.58795,32.21413],[73.58807,32.21414],[73.5881,32.21397],[73.58802,32.21388],[73.58803,32.21377],[73.58815,32.21362]]]]}},{"type":"Feature","properties":{"lu":"List A Abutting","ct":"Existing","a":0.995},"geometry":{"type":"MultiPolygon","coordinates":[[[[73.58918,32.21159],[73.58888,32.21153],[73.58893,32.21137],[73.58918,32.21119],[73.58919,32.21109],[73.58897,32.21108],[73.58878,32.21132],[73.58852,32.21192],[73.5892,32.21207],[73.58933,32.2118],[73.58914,32.21176],[73.58918,32.21159]]]]}},{"type":"Feature","properties":{"lu":"List A Abutting","ct":"Existing","a":0.317},"geometry":{"type":"MultiPolygon","coordinates":[[[[73.5886,32.21201],[73.5885,32.21197],[73.58809,32.21307],[73.58818,32.21307],[73.5886,32.21201]]]]}},{"type":"Feature","properties":{"lu":"List A Abutting","ct":"Existing","a":0.128},"geometry":{"type":"MultiPolygon","coordinates":[[[[73.58745,32.21885],[73.58725,32.21884],[73.58724,32.21906],[73.58743,32.21914],[73.58745,32.21885]]]]}},{"type":"Feature","properties":{"lu":"List A Abutting","ct":"Existing","a":0.22},"geometry":{"type":"MultiPolygon","coordinates":[[[[73.58842,32.2134],[73.58797,32.21339],[73.58789,32.21359],[73.58829,32.2136],[73.58842,32.2134]]]]}},{"type":"Feature","properties":{"lu":"List A Abutting","ct":"Existing","a":0.144},"geometry":{"type":"MultiPolygon","coordinates":[[[[73.58825,32.21311],[73.58807,32.21311],[73.58798,32.21334],[73.5883,32.21336],[73.58831,32.21327],[73.5882,32.21326],[73.58825,32.21311]]]]}},{"type":"Feature","properties":{"lu":"List A Abutting","ct":"Existing","a":0.502},"geometry":{"type":"MultiPolygon","coordinates":[[[[73.58716,32.21496],[73.58705,32.21539],[73.58696,32.21537],[73.58687,32.21558],[73.58686,32.21568],[73.58698,32.21569],[73.58696,32.21579],[73.58671,32.21575],[73.58668,32.21596],[73.58695,32.21603],[73.58732,32.21499],[73.58716,32.21496]]]]}},{"type":"Feature","properties":{"lu":"List A Abutting","ct":"Existing","a":0.357},"geometry":{"type":"MultiPolygon","coordinates":[[[[73.58742,32.21424],[73.5872,32.21448],[73.58717,32.21464],[73.5873,32.21467],[73.58718,32.21494],[73.58733,32.21496],[73.58736,32.2149],[73.58755,32.21427],[73.58742,32.21424]]]]}},{"type":"Feature","properties":{"lu":"List A Abutting","ct":"Existing","a":0.298},"geometry":{"type":"MultiPolygon","coordinates":[[[[73.58321,32.21677],[73.58294,32.21672],[73.58295,32.21664],[73.58255,32.21659],[73.58255,32.21653],[73.58249,32.21663],[73.58318,32.217],[73.58321,32.21677]]]]}},{"type":"Feature","properties":{"lu":"List A Abutting","ct":"Existing","a":0.636},"geometry":{"type":"MultiPolygon","coordinates":[[[[73.58444,32.21742],[73.58414,32.2173],[73.58424,32.2171],[73.58401,32.21732],[73.58392,32.21727],[73.58392,32.21712],[73.58337,32.217],[73.58342,32.21679],[73.58325,32.21676],[73.58322,32.21702],[73.58431,32.2176],[73.58444,32.21742]]]]}},{"type":"Feature","properties":{"lu":"List A Abutting","ct":"Existing","a":1.353},"geometry":{"type":"MultiPolygon","coordinates":[[[[73.58665,32.21659],[73.58656,32.21664],[73.58643,32.21696],[73.58631,32.21695],[73.58621,32.21724],[73.58606,32.21723],[73.58604,32.21746],[73.58623,32.21748],[73.58607,32.21781],[73.58573,32.21777],[73.58568,32.21812],[73.5854,32.21801],[73.5854,32.21817],[73.58585,32.21841],[73.58644,32.21734],[73.58673,32.21662],[73.58665,32.21659]]]]}},{"type":"Feature","properties":{"lu":"List A Abutting","ct":"Existing","a":0.368},"geometry":{"type":"MultiPolygon","coordinates":[[[[73.58783,32.21328],[73.5878,32.2134],[73.58756,32.21337],[73.58744,32.2136],[73.58764,32.21365],[73.5876,32.21378],[73.5874,32.21379],[73.58737,32.21385],[73.58768,32.21392],[73.58791,32.21329],[73.58783,32.21328]]]]}},{"type":"Feature","properties":{"lu":"List A Abutting","ct":"Existing","a":3.162},"geometry":{"type":"MultiPolygon","coordinates":[[[[73.58971,32.20966],[73.58943,32.20978],[73.5892,32.21023],[73.589,32.21024],[73.58908,32.21053],[73.58896,32.2108],[73.58856,32.21084],[73.58854,32.21101],[73.58864,32.21104],[73.58847,32.21152],[73.58839,32.21151],[73.58835,32.2116],[73.58813,32.21153],[73.58796,32.21208],[73.58775,32.21236],[73.58769,32.21266],[73.58781,32.21268],[73.58772,32.21293],[73.58785,32.21294],[73.58782,32.21302],[73.58772,32.21302],[73.58766,32.21323],[73.58793,32.21325],[73.58872,32.21133],[73.58985,32.20973],[73.58971,32.20966]]]]}},{"type":"Feature","properties":{"lu":"List A Abutting","ct":"Existing","a":1.045},"geometry":{"type":"MultiPolygon","coordinates":[[[[73.59038,32.20844],[73.59036,32.20867],[73.58993,32.20864],[73.5899,32.2089],[73.59006,32.20892],[73.59002,32.2092],[73.59008,32.20922],[73.58976,32.20959],[73.58992,32.20964],[73.5908,32.20847],[73.59038,32.20844]]]]}},{"type":"Feature","properties":{"lu":"List A Abutting","ct":"Existing","a":0.22},"geometry":{"type":"MultiPolygon","coordinates":[[[[73.59099,32.20821],[73.5905,32.2082],[73.59048,32.20841],[73.59082,32.20844],[73.59099,32.20821]]]]}},{"type":"Feature","properties":{"lu":"List A Abutting","ct":"Existing","a":0.138},"geometry":{"type":"MultiPolygon","coordinates":[[[[73.58688,32.21603],[73.58664,32.21654],[73.58674,32.21658],[73.58694,32.21605],[73.58688,32.21603]]]]}},{"type":"Feature","properties":{"lu":"List A Abutting","ct":"Existing","a":0.269},"geometry":{"type":"MultiPolygon","coordinates":[[[[73.58498,32.21772],[73.58447,32.2175],[73.58438,32.21764],[73.58484,32.21788],[73.58498,32.21772]]]]}},{"type":"Feature","properties":{"lu":"List A Abutting","ct":"Existing","a":0.276},"geometry":{"type":"MultiPolygon","coordinates":[[[[73.58536,32.21787],[73.58499,32.21773],[73.58485,32.21789],[73.58535,32.21815],[73.58536,32.21787]]]]}},{"type":"Feature","properties":{"lu":"List A Abutting","ct":"Existing","a":0.14},"geometry":{"type":"MultiPolygon","coordinates":[[[[73.58753,32.2139],[73.58738,32.21419],[73.58756,32.21423],[73.58767,32.21394],[73.58753,32.2139]]]]}},{"type":"Feature","properties":{"lu":"List A Abutting","ct":"Existing","a":1.245},"geometry":{"type":"MultiPolygon","coordinates":[[[[73.58098,32.21517],[73.58097,32.21479],[73.58071,32.21479],[73.5807,32.21494],[73.58045,32.21495],[73.58047,32.21454],[73.57979,32.21459],[73.58094,32.21557],[73.58098,32.21517]]]]}},{"type":"Feature","properties":{"lu":"List A Abutting","ct":"Existing","a":1.478},"geometry":{"type":"MultiPolygon","coordinates":[[[[73.5885,32.22046],[73.5888,32.21992],[73.58757,32.21937],[73.58752,32.21964],[73.58818,32.21993],[73.58817,32.22052],[73.58848,32.22053],[73.5885,32.22046]]]]}},{"type":"Feature","properties":{"lu":"List A Abutting","ct":"Existing","a":2.139},"geometry":{"type":"MultiPolygon","coordinates":[[[[73.58751,32.21956],[73.58755,32.21936],[73.58586,32.21858],[73.58559,32.219],[73.58574,32.21906],[73.58587,32.21879],[73.58634,32.21896],[73.58633,32.21956],[73.58649,32.21957],[73.58649,32.21975],[73.58712,32.21971],[73.58728,32.21947],[73.58751,32.21956]]]]}},{"type":"Feature","properties":{"lu":"List A Abutting","ct":"Existing","a":3.347},"geometry":{"type":"MultiPolygon","coordinates":[[[[73.59151,32.2089],[73.59156,32.2084],[73.59164,32.2084],[73.59194,32.20787],[73.59236,32.20808],[73.59266,32.20758],[73.59245,32.20748],[73.5926,32.20729],[73.59206,32.207],[73.59057,32.20895],[73.59065,32.20896],[73.59083,32.20871],[73.59132,32.20874],[73.59126,32.2089],[73.59151,32.2089]]]]}},{"type":"Feature","properties":{"lu":"List A Abutting","ct":"Existing","a":0.272},"geometry":{"type":"MultiPolygon","coordinates":[[[[73.58333,32.21508],[73.58343,32.21508],[73.58341,32.21565],[73.58356,32.21575],[73.58356,32.21502],[73.58334,32.21501],[73.58333,32.21508]]]]}},{"type":"Feature","properties":{"lu":"List A Abutting","ct":"Existing","a":0.057},"geometry":{"type":"MultiPolygon","coordinates":[[[[73.58298,32.21496],[73.58307,32.21506],[73.58332,32.21507],[73.58332,32.21501],[73.58298,32.21496]]]]}},{"type":"Feature","properties":{"lu":"List A Abutting","ct":"Existing","a":0.436},"geometry":{"type":"MultiPolygon","coordinates":[[[[73.58268,32.2186],[73.58252,32.21859],[73.58252,32.21959],[73.58269,32.21959],[73.58268,32.2186]]]]}},{"type":"Feature","properties":{"lu":"List A Abutting","ct":"Existing","a":0.028},"geometry":{"type":"MultiPolygon","coordinates":[[[[73.58246,32.21923],[73.58234,32.21923],[73.58234,32.21932],[73.58246,32.21932],[73.58246,32.21923]]]]}},{"type":"Feature","properties":{"lu":"List A Abutting","ct":"Existing","a":0.104},"geometry":{"type":"MultiPolygon","coordinates":[[[[73.58236,32.21935],[73.58231,32.21963],[73.58247,32.21963],[73.58246,32.21934],[73.58236,32.21935]]]]}},{"type":"Feature","properties":{"lu":"List A Abutting","ct":"Existing","a":1.683},"geometry":{"type":"MultiPolygon","coordinates":[[[[73.5904,32.21005],[73.59048,32.20985],[73.59024,32.20976],[73.59028,32.20964],[73.59052,32.20972],[73.59093,32.20903],[73.59053,32.209],[73.58932,32.21065],[73.58956,32.21069],[73.58951,32.21063],[73.58961,32.21049],[73.58973,32.21051],[73.58978,32.21023],[73.5901,32.21022],[73.59017,32.20998],[73.5904,32.21005]]]]}},{"type":"Feature","properties":{"lu":"List A Abutting","ct":"Existing","a":0.127},"geometry":{"type":"MultiPolygon","coordinates":[[[[73.58956,32.21072],[73.58929,32.21068],[73.58916,32.21084],[73.58955,32.21085],[73.58956,32.21072]]]]}},{"type":"Feature","properties":{"lu":"List A Abutting","ct":"Existing","a":0.027},"geometry":{"type":"MultiPolygon","coordinates":[[[[73.58365,32.21562],[73.58358,32.21561],[73.58357,32.21575],[73.58364,32.21576],[73.58365,32.21562]]]]}},{"type":"Feature","properties":{"lu":"List A Abutting","ct":"Existing","a":0.19},"geometry":{"type":"MultiPolygon","coordinates":[[[[73.58366,32.21503],[73.58358,32.21502],[73.58357,32.21559],[73.58366,32.2156],[73.58362,32.21545],[73.58372,32.21546],[73.58368,32.21524],[73.58381,32.21524],[73.58382,32.21518],[73.58382,32.21512],[73.58366,32.21511],[73.58366,32.21503]]]]}},{"type":"Feature","properties":{"lu":"List A Abutting","ct":"Existing","a":0.523},"geometry":{"type":"MultiPolygon","coordinates":[[[[73.58256,32.21332],[73.58263,32.21383],[73.58232,32.21383],[73.58268,32.21421],[73.58292,32.21422],[73.58269,32.21331],[73.58256,32.21332]]]]}},{"type":"Feature","properties":{"lu":"List A Abutting","ct":"Existing","a":0.221},"geometry":{"type":"MultiPolygon","coordinates":[[[[73.58244,32.21281],[73.58252,32.2133],[73.58268,32.21329],[73.58258,32.21277],[73.58244,32.21281]]]]}},{"type":"Feature","properties":{"lu":"List A Abutting","ct":"Existing","a":0.161},"geometry":{"type":"MultiPolygon","coordinates":[[[[73.58286,32.21426],[73.5829,32.21462],[73.58304,32.21477],[73.58301,32.21493],[73.58309,32.21495],[73.58308,32.21468],[73.58293,32.21425],[73.58286,32.21426]]]]}},{"type":"Feature","properties":{"lu":"List A Abutting","ct":"Existing","a":0.27},"geometry":{"type":"MultiPolygon","coordinates":[[[[73.58597,32.20961],[73.58596,32.2102],[73.58615,32.2102],[73.58614,32.20961],[73.58597,32.20961]]]]}},{"type":"Feature","properties":{"lu":"List A Abutting","ct":"Existing","a":0.371},"geometry":{"type":"MultiPolygon","coordinates":[[[[73.58596,32.21023],[73.58597,32.21081],[73.58602,32.21081],[73.58609,32.21119],[73.58616,32.21119],[73.58615,32.21024],[73.58596,32.21023]]]]}},{"type":"Feature","properties":{"lu":"List A Abutting","ct":"Existing","a":0.196},"geometry":{"type":"MultiPolygon","coordinates":[[[[73.58619,32.20777],[73.58602,32.20777],[73.58602,32.20816],[73.58621,32.20817],[73.58619,32.20777]]]]}},{"type":"Feature","properties":{"lu":"List A Abutting","ct":"Existing","a":0.238},"geometry":{"type":"MultiPolygon","coordinates":[[[[73.58602,32.20819],[73.58603,32.20874],[73.58619,32.20875],[73.58621,32.20819],[73.58602,32.20819]]]]}},{"type":"Feature","properties":{"lu":"List A Abutting","ct":"Existing","a":0.203},"geometry":{"type":"MultiPolygon","coordinates":[[[[73.58603,32.20876],[73.586,32.20918],[73.58607,32.20918],[73.58606,32.20931],[73.58615,32.20931],[73.58619,32.20877],[73.58603,32.20876]]]]}},{"type":"Feature","properties":{"lu":"List A Abutting","ct":"Existing","a":0.065},"geometry":{"type":"MultiPolygon","coordinates":[[[[73.58604,32.20933],[73.58606,32.20959],[73.58614,32.20959],[73.58614,32.20933],[73.58604,32.20933]]]]}},{"type":"Feature","properties":{"lu":"List A Abutting","ct":"Existing","a":0.106},"geometry":{"type":"MultiPolygon","coordinates":[[[[73.58593,32.21121],[73.58593,32.21139],[73.58616,32.2114],[73.58616,32.21121],[73.58593,32.21121]]]]}},{"type":"Feature","properties":{"lu":"List A Abutting","ct":"Existing","a":0.472},"geometry":{"type":"MultiPolygon","coordinates":[[[[73.58632,32.21134],[73.58623,32.21093],[73.58626,32.20985],[73.58632,32.20985],[73.58633,32.20972],[73.58625,32.20972],[73.58625,32.2096],[73.58616,32.20961],[73.58618,32.21141],[73.58632,32.21134]]]]}},{"type":"Feature","properties":{"lu":"List A Abutting","ct":"Existing","a":0.051},"geometry":{"type":"MultiPolygon","coordinates":[[[[73.58624,32.20959],[73.58622,32.20934],[73.58616,32.20933],[73.58616,32.20959],[73.58624,32.20959]]]]}},{"type":"Feature","properties":{"lu":"List A Abutting","ct":"Existing","a":0.334},"geometry":{"type":"MultiPolygon","coordinates":[[[[73.58312,32.21319],[73.5828,32.21322],[73.5829,32.21381],[73.58296,32.21381],[73.58302,32.21353],[73.58314,32.21353],[73.58312,32.21319]]]]}},{"type":"Feature","properties":{"lu":"List A Abutting","ct":"Existing","a":0.226},"geometry":{"type":"MultiPolygon","coordinates":[[[[73.58355,32.21492],[73.58326,32.21486],[73.58314,32.21445],[73.58302,32.21438],[73.58312,32.21471],[73.5831,32.21495],[73.58356,32.21499],[73.58355,32.21492]]]]}},{"type":"Feature","properties":{"lu":"List A Abutting","ct":"Existing","a":0.128},"geometry":{"type":"MultiPolygon","coordinates":[[[[73.58307,32.21432],[73.58305,32.21383],[73.58291,32.21383],[73.58301,32.21433],[73.58307,32.21432]]]]}},{"type":"Feature","properties":{"lu":"List A Abutting","ct":"Existing","a":0.286},"geometry":{"type":"MultiPolygon","coordinates":[[[[73.58298,32.21318],[73.58291,32.21263],[73.58269,32.21274],[73.58279,32.2132],[73.58298,32.21318]]]]}},{"type":"Feature","properties":{"lu":"List A Abutting","ct":"Existing","a":1.135},"geometry":{"type":"MultiPolygon","coordinates":[[[[73.58425,32.21803],[73.58441,32.21812],[73.58439,32.21818],[73.58484,32.21831],[73.58501,32.21839],[73.58498,32.21847],[73.58541,32.21866],[73.58545,32.21859],[73.58567,32.21875],[73.5858,32.21855],[73.5843,32.21776],[73.58425,32.21803]]]]}},{"type":"Feature","properties":{"lu":"List A Abutting","ct":"Existing","a":0.978},"geometry":{"type":"MultiPolygon","coordinates":[[[[73.58344,32.21732],[73.5833,32.21724],[73.58315,32.2177],[73.58359,32.2178],[73.58358,32.21786],[73.58426,32.21788],[73.58428,32.21776],[73.58344,32.21732]]]]}},{"type":"Feature","properties":{"lu":"List A Abutting","ct":"Existing","a":0.199},"geometry":{"type":"MultiPolygon","coordinates":[[[[73.58299,32.21707],[73.58287,32.21733],[73.58318,32.21741],[73.58325,32.21722],[73.58299,32.21707]]]]}},{"type":"Feature","properties":{"lu":"List A Abutting","ct":"Existing","a":0.066},"geometry":{"type":"MultiPolygon","coordinates":[[[[73.60128,31.97566],[73.60102,31.97575],[73.60108,31.97585],[73.60131,31.97574],[73.60128,31.97566]]]]}},{"type":"Feature","properties":{"lu":"List A Abutting","ct":"Existing","a":0.212},"geometry":{"type":"MultiPolygon","coordinates":[[[[73.60246,31.9752],[73.60169,31.97551],[73.60172,31.97556],[73.60251,31.97529],[73.60246,31.9752]]]]}},{"type":"Feature","properties":{"lu":"List A Abutting","ct":"Existing","a":0.143},"geometry":{"type":"MultiPolygon","coordinates":[[[[73.60295,31.975],[73.6025,31.97516],[73.60255,31.97527],[73.60302,31.97509],[73.60295,31.975]]]]}},{"type":"Feature","properties":{"lu":"List A Abutting","ct":"Existing","a":0.069},"geometry":{"type":"MultiPolygon","coordinates":[[[[73.60325,31.97499],[73.6032,31.97489],[73.60298,31.97497],[73.60305,31.97507],[73.60325,31.97499]]]]}},{"type":"Feature","properties":{"lu":"List A Abutting","ct":"Existing","a":0.078},"geometry":{"type":"MultiPolygon","coordinates":[[[[73.60165,31.97554],[73.60131,31.97562],[73.60137,31.97572],[73.60165,31.97554]]]]}},{"type":"Feature","properties":{"lu":"List A Abutting","ct":"Existing","a":0.712},"geometry":{"type":"MultiPolygon","coordinates":[[[[73.60344,31.97535],[73.60329,31.97506],[73.60176,31.97564],[73.60181,31.97572],[73.60283,31.97534],[73.60289,31.97547],[73.60344,31.97535]]]]}},{"type":"Feature","properties":{"lu":"List A Abutting","ct":"Existing","a":2.193},"geometry":{"type":"MultiPolygon","coordinates":[[[[73.66923,32.09702],[73.66885,32.09771],[73.66996,32.09815],[73.67032,32.09764],[73.66975,32.09737],[73.66969,32.09722],[73.66923,32.09702]]]]}},{"type":"Feature","properties":{"lu":"List A Abutting","ct":"Existing","a":0.129},"geometry":{"type":"MultiPolygon","coordinates":[[[[73.67034,32.09719],[73.67017,32.09753],[73.67034,32.09761],[73.67041,32.09751],[73.67034,32.09719]]]]}},{"type":"Feature","properties":{"lu":"List A Abutting","ct":"Existing","a":0.639},"geometry":{"type":"MultiPolygon","coordinates":[[[[73.67027,32.0988],[73.66979,32.09861],[73.66953,32.09902],[73.67003,32.09921],[73.67027,32.0988]]]]}},{"type":"Feature","properties":{"lu":"List A Abutting","ct":"Existing","a":0.559},"geometry":{"type":"MultiPolygon","coordinates":[[[[73.67046,32.09838],[73.67005,32.09821],[73.6698,32.0986],[73.67028,32.09879],[73.67046,32.09838]]]]}},{"type":"Feature","properties":{"lu":"List A Abutting","ct":"Existing","a":0.055},"geometry":{"type":"MultiPolygon","coordinates":[[[[73.68943,32.0661],[73.68923,32.06604],[73.68919,32.06615],[73.6894,32.06618],[73.68943,32.0661]]]]}},{"type":"Feature","properties":{"lu":"List A Abutting","ct":"Existing","a":0.057},"geometry":{"type":"MultiPolygon","coordinates":[[[[73.67753,32.0606],[73.67748,32.06048],[73.67734,32.06052],[73.67736,32.06066],[73.67753,32.0606]]]]}},{"type":"Feature","properties":{"lu":"List A Abutting","ct":"Existing","a":0.112},"geometry":{"type":"MultiPolygon","coordinates":[[[[73.67748,32.06048],[73.67763,32.06043],[73.67757,32.0603],[73.67731,32.06037],[73.67734,32.06052],[73.67748,32.06048]]]]}},{"type":"Feature","properties":{"lu":"List A Abutting","ct":"Existing","a":0.276},"geometry":{"type":"MultiPolygon","coordinates":[[[[73.6778,32.06091],[73.67767,32.06062],[73.67737,32.06072],[73.67744,32.06099],[73.6778,32.06091]]]]}},{"type":"Feature","properties":{"lu":"List A Abutting","ct":"Existing","a":0.143},"geometry":{"type":"MultiPolygon","coordinates":[[[[73.7016,32.07767],[73.70151,32.07761],[73.70139,32.07819],[73.70149,32.0782],[73.7016,32.07767]]]]}},{"type":"Feature","properties":{"lu":"List A Abutting","ct":"Existing","a":0.391},"geometry":{"type":"MultiPolygon","coordinates":[[[[73.70079,32.07752],[73.7011,32.07755],[73.70109,32.07771],[73.70146,32.07773],[73.70149,32.0776],[73.70083,32.07722],[73.70079,32.07752]]]]}},{"type":"Feature","properties":{"lu":"List A Abutting","ct":"Existing","a":0.121},"geometry":{"type":"MultiPolygon","coordinates":[[[[73.70158,32.07792],[73.7018,32.07802],[73.70183,32.07781],[73.70162,32.07771],[73.70158,32.07792]]]]}},{"type":"Feature","properties":{"lu":"List A Abutting","ct":"Existing","a":0.325},"geometry":{"type":"MultiPolygon","coordinates":[[[[73.67402,32.07051],[73.67398,32.0704],[73.6733,32.07041],[73.67337,32.07054],[73.67359,32.07053],[73.67375,32.07082],[73.67388,32.07076],[73.67375,32.07053],[73.67402,32.07051]]]]}},{"type":"Feature","properties":{"lu":"List A Abutting","ct":"Existing","a":4.507},"geometry":{"type":"MultiPolygon","coordinates":[[[[73.68934,32.07102],[73.68781,32.06926],[73.68775,32.06931],[73.68724,32.07029],[73.68735,32.07067],[73.68934,32.07102]]]]}},{"type":"Feature","properties":{"lu":"List A Abutting","ct":"Existing","a":2.166},"geometry":{"type":"MultiPolygon","coordinates":[[[[73.68713,32.06868],[73.68576,32.06728],[73.68571,32.06732],[73.68652,32.06908],[73.68737,32.06892],[73.68706,32.06862],[73.68713,32.06868]]]]}},{"type":"Feature","properties":{"lu":"List A Abutting","ct":"Existing","a":4.284},"geometry":{"type":"MultiPolygon","coordinates":[[[[73.68971,32.07431],[73.68973,32.07445],[73.68933,32.07451],[73.68942,32.07488],[73.68864,32.075],[73.68864,32.07493],[73.68839,32.07492],[73.68845,32.07463],[73.68822,32.07467],[73.68819,32.07449],[73.68762,32.07457],[73.68773,32.07532],[73.68842,32.07547],[73.69013,32.07525],[73.68992,32.07428],[73.68971,32.07431]]]]}},{"type":"Feature","properties":{"lu":"List A Abutting","ct":"Existing","a":2.355},"geometry":{"type":"MultiPolygon","coordinates":[[[[73.68893,32.07456],[73.68883,32.07367],[73.68761,32.07386],[73.68762,32.07454],[73.68862,32.07441],[73.68864,32.0746],[73.68893,32.07456]]]]}},{"type":"Feature","properties":{"lu":"List A Abutting","ct":"Existing","a":3.388},"geometry":{"type":"MultiPolygon","coordinates":[[[[73.68491,32.0539],[73.68493,32.05398],[73.68235,32.05415],[73.68228,32.05361],[73.68213,32.05365],[73.68209,32.05355],[73.68197,32.05354],[73.68189,32.05333],[73.68163,32.0534],[73.68194,32.05406],[73.68189,32.05447],[73.685,32.0543],[73.68491,32.0539]]]]}},{"type":"Feature","properties":{"lu":"List A Abutting","ct":"Existing","a":0.616},"geometry":{"type":"MultiPolygon","coordinates":[[[[73.68115,32.05432],[73.68009,32.05438],[73.67993,32.05443],[73.67994,32.05459],[73.68115,32.05451],[73.68115,32.05432]]]]}},{"type":"Feature","properties":{"lu":"List A Abutting","ct":"Existing","a":0.566},"geometry":{"type":"MultiPolygon","coordinates":[[[[73.6646,32.06344],[73.66433,32.06358],[73.66427,32.06345],[73.66395,32.06359],[73.66416,32.06399],[73.66469,32.06365],[73.6646,32.06344]]]]}},{"type":"Feature","properties":{"lu":"List A Abutting","ct":"Existing","a":0.116},"geometry":{"type":"MultiPolygon","coordinates":[[[[73.66473,32.06328],[73.6646,32.06335],[73.66472,32.06362],[73.66485,32.06354],[73.66473,32.06328]]]]}},{"type":"Feature","properties":{"lu":"List A Abutting","ct":"Existing","a":0.27},"geometry":{"type":"MultiPolygon","coordinates":[[[[73.69329,32.05748],[73.69329,32.05742],[73.69343,32.05741],[73.69343,32.05735],[73.69327,32.05736],[73.69334,32.05715],[73.69359,32.05712],[73.69359,32.05698],[73.69349,32.05699],[73.69351,32.05688],[73.69342,32.05689],[73.69308,32.0575],[73.69329,32.05748]]]]}},{"type":"Feature","properties":{"lu":"List A Abutting","ct":"Existing","a":0.357},"geometry":{"type":"MultiPolygon","coordinates":[[[[73.69784,32.0565],[73.69799,32.05647],[73.69739,32.0559],[73.69726,32.05594],[73.69729,32.05623],[73.6975,32.05619],[73.69755,32.05634],[73.69773,32.05634],[73.69784,32.0565]]]]}},{"type":"Feature","properties":{"lu":"List A Abutting","ct":"Existing","a":0.263},"geometry":{"type":"MultiPolygon","coordinates":[[[[73.6941,32.05621],[73.69376,32.05623],[73.69365,32.05645],[73.69412,32.05649],[73.6941,32.05621]]]]}},{"type":"Feature","properties":{"lu":"List A Abutting","ct":"Existing","a":0.177},"geometry":{"type":"MultiPolygon","coordinates":[[[[73.69695,32.05507],[73.69688,32.05507],[73.69684,32.05481],[73.69674,32.05479],[73.69672,32.05488],[73.69655,32.05483],[73.69656,32.05493],[73.69693,32.05518],[73.69695,32.05507]]]]}},{"type":"Feature","properties":{"lu":"List A Abutting","ct":"Existing","a":0.555},"geometry":{"type":"MultiPolygon","coordinates":[[[[73.69648,32.05468],[73.69619,32.0546],[73.69614,32.05425],[73.69595,32.05423],[73.69597,32.05436],[73.69583,32.05437],[73.69582,32.05423],[73.69546,32.05424],[73.69543,32.05435],[73.69581,32.05447],[73.6965,32.0549],[73.69648,32.05468]]]]}},{"type":"Feature","properties":{"lu":"List A Abutting","ct":"Existing","a":0.754},"geometry":{"type":"MultiPolygon","coordinates":[[[[73.71103,32.07419],[73.71102,32.0741],[73.71109,32.07411],[73.71107,32.07382],[73.71123,32.07381],[73.71121,32.07359],[73.71064,32.07352],[73.7107,32.07422],[73.71103,32.07419]]]]}},{"type":"Feature","properties":{"lu":"List A Abutting","ct":"Existing","a":0.168},"geometry":{"type":"MultiPolygon","coordinates":[[[[73.71193,32.07384],[73.71191,32.07365],[73.71154,32.07362],[73.71154,32.0738],[73.71193,32.07384]]]]}},{"type":"Feature","properties":{"lu":"List A Abutting","ct":"Existing","a":0.112},"geometry":{"type":"MultiPolygon","coordinates":[[[[73.71149,32.0738],[73.71149,32.07362],[73.71126,32.0736],[73.71127,32.0738],[73.71149,32.0738]]]]}},{"type":"Feature","properties":{"lu":"List A Abutting","ct":"Existing","a":1.218},"geometry":{"type":"MultiPolygon","coordinates":[[[[73.66401,32.05567],[73.66087,32.0536],[73.66077,32.05371],[73.66395,32.05575],[73.66401,32.05567]]]]}},{"type":"Feature","properties":{"lu":"List A Abutting","ct":"Existing","a":0.371},"geometry":{"type":"MultiPolygon","coordinates":[[[[73.6608,32.05356],[73.66016,32.05306],[73.66006,32.05325],[73.66072,32.05368],[73.6608,32.05356]]]]}},{"type":"Feature","properties":{"lu":"List A Abutting","ct":"Existing","a":0.698},"geometry":{"type":"MultiPolygon","coordinates":[[[[73.66641,32.05718],[73.66408,32.0557],[73.66402,32.0558],[73.6664,32.05729],[73.66641,32.05718]]]]}},{"type":"Feature","properties":{"lu":"List A Abutting","ct":"Existing","a":1.225},"geometry":{"type":"MultiPolygon","coordinates":[[[[73.67086,32.05928],[73.6707,32.05939],[73.6704,32.05903],[73.67002,32.0594],[73.66965,32.05919],[73.66969,32.05909],[73.66963,32.05905],[73.66948,32.05924],[73.67037,32.05983],[73.67096,32.05939],[73.67086,32.05928]]]]}},{"type":"Feature","properties":{"lu":"List A Abutting","ct":"Existing","a":0.266},"geometry":{"type":"MultiPolygon","coordinates":[[[[73.66877,32.05854],[73.6685,32.05838],[73.66839,32.05844],[73.6683,32.05827],[73.66811,32.05837],[73.66864,32.0587],[73.66877,32.05854]]]]}},{"type":"Feature","properties":{"lu":"List A Abutting","ct":"Existing","a":4.628},"geometry":{"type":"MultiPolygon","coordinates":[[[[73.72505,32.07472],[73.72504,32.07484],[73.72472,32.07481],[73.72458,32.07472],[73.72461,32.07438],[73.72442,32.07424],[73.72404,32.07418],[73.72399,32.07457],[73.72357,32.07458],[73.72372,32.07413],[73.72347,32.07409],[73.72305,32.07424],[73.72311,32.07448],[73.7228,32.07441],[73.72272,32.07408],[73.72235,32.07418],[73.72239,32.07433],[73.72222,32.07433],[73.72199,32.07378],[73.72164,32.07376],[73.72151,32.07351],[73.72129,32.07356],[73.72164,32.0744],[73.72162,32.07453],[73.7254,32.07502],[73.72505,32.07472]]]]}},{"type":"Feature","properties":{"lu":"List A Abutting","ct":"Existing","a":0.331},"geometry":{"type":"MultiPolygon","coordinates":[[[[73.72152,32.07424],[73.72137,32.07429],[73.72132,32.07418],[73.72124,32.07426],[73.72102,32.07421],[73.72111,32.07447],[73.72159,32.07452],[73.72152,32.07424]]]]}},{"type":"Feature","properties":{"lu":"List A Abutting","ct":"Existing","a":0.31},"geometry":{"type":"MultiPolygon","coordinates":[[[[73.69644,32.06373],[73.69645,32.06387],[73.69625,32.06391],[73.69629,32.06411],[73.69647,32.06411],[73.69681,32.06371],[73.69644,32.06373]]]]}},{"type":"Feature","properties":{"lu":"List A Abutting","ct":"Existing","a":0.098},"geometry":{"type":"MultiPolygon","coordinates":[[[[73.69968,32.06063],[73.69964,32.06031],[73.69951,32.06045],[73.69953,32.06064],[73.69968,32.06063]]]]}},{"type":"Feature","properties":{"lu":"List A Abutting","ct":"Existing","a":0.348},"geometry":{"type":"MultiPolygon","coordinates":[[[[73.70013,32.06023],[73.70009,32.05984],[73.69968,32.06027],[73.69971,32.06062],[73.69984,32.06062],[73.6998,32.06028],[73.70013,32.06023]]]]}},{"type":"Feature","properties":{"lu":"List A Abutting","ct":"Existing","a":1.716},"geometry":{"type":"MultiPolygon","coordinates":[[[[73.70182,32.06046],[73.7019,32.06078],[73.70216,32.06074],[73.70218,32.06096],[73.70331,32.06175],[73.70345,32.06155],[73.70226,32.06042],[73.70182,32.06046]]]]}},{"type":"Feature","properties":{"lu":"List A Abutting","ct":"Existing","a":0.171},"geometry":{"type":"MultiPolygon","coordinates":[[[[73.70228,32.06257],[73.70188,32.06263],[73.7019,32.06279],[73.70229,32.06276],[73.70228,32.06257]]]]}},{"type":"Feature","properties":{"lu":"List A Abutting","ct":"Existing","a":0.486},"geometry":{"type":"MultiPolygon","coordinates":[[[[73.69802,32.06237],[73.69804,32.06223],[73.69853,32.0622],[73.69845,32.06183],[73.69821,32.06184],[73.69782,32.06238],[73.69802,32.06237]]]]}},{"type":"Feature","properties":{"lu":"List A Abutting","ct":"Existing","a":0.868},"geometry":{"type":"MultiPolygon","coordinates":[[[[73.69851,32.06179],[73.69853,32.06168],[73.69877,32.06171],[73.69887,32.06134],[73.69897,32.06125],[73.69922,32.06124],[73.69919,32.061],[73.69938,32.06098],[73.69936,32.06076],[73.6995,32.06074],[73.69948,32.06049],[73.69825,32.0618],[73.69851,32.06179]]]]}},{"type":"Feature","properties":{"lu":"List A Abutting","ct":"Existing","a":1.175},"geometry":{"type":"MultiPolygon","coordinates":[[[[73.70042,32.05967],[73.70057,32.05965],[73.70058,32.05956],[73.70094,32.05941],[73.70199,32.06039],[73.7022,32.06037],[73.70073,32.059],[73.70038,32.05948],[73.70042,32.05967]]]]}},{"type":"Feature","properties":{"lu":"List A Abutting","ct":"Existing","a":0.606},"geometry":{"type":"MultiPolygon","coordinates":[[[[73.69833,32.06298],[73.69759,32.06304],[73.69757,32.06288],[73.69772,32.06287],[73.69777,32.06258],[73.69791,32.06256],[73.69789,32.06242],[73.69778,32.06243],[73.69725,32.06316],[73.69834,32.06311],[73.69833,32.06298]]]]}},{"type":"Feature","properties":{"lu":"List A Abutting","ct":"Existing","a":0.209},"geometry":{"type":"MultiPolygon","coordinates":[[[[73.69868,32.06283],[73.69836,32.06286],[73.69839,32.06311],[73.69871,32.06308],[73.69868,32.06283]]]]}},{"type":"Feature","properties":{"lu":"List A Abutting","ct":"Existing","a":0.384},"geometry":{"type":"MultiPolygon","coordinates":[[[[73.70183,32.06254],[73.70149,32.06249],[73.70151,32.06267],[73.7012,32.0627],[73.70121,32.06285],[73.70186,32.0628],[73.70183,32.06254]]]]}},{"type":"Feature","properties":{"lu":"List A Abutting","ct":"Existing","a":0.438},"geometry":{"type":"MultiPolygon","coordinates":[[[[73.71049,32.073],[73.71015,32.07304],[73.71008,32.07282],[73.70987,32.07287],[73.70999,32.07322],[73.71057,32.07328],[73.71049,32.073]]]]}},{"type":"Feature","properties":{"lu":"List A Abutting","ct":"Existing","a":0.589},"geometry":{"type":"MultiPolygon","coordinates":[[[[73.70983,32.07267],[73.70937,32.07273],[73.70944,32.07317],[73.70993,32.07322],[73.70979,32.0728],[73.70988,32.07278],[73.70983,32.07267]]]]}},{"type":"Feature","properties":{"lu":"List A Abutting","ct":"Existing","a":10.885},"geometry":{"type":"MultiPolygon","coordinates":[[[[73.71287,32.07065],[73.71328,32.07131],[73.71471,32.07257],[73.71503,32.07313],[73.71417,32.07341],[73.71408,32.07316],[73.71373,32.07324],[73.71364,32.07291],[73.71255,32.07319],[73.71222,32.07234],[73.71239,32.07231],[73.71224,32.072],[73.71217,32.07202],[73.712,32.07179],[73.71142,32.07195],[73.71196,32.0734],[73.71595,32.07386],[73.71608,32.07377],[73.71615,32.07347],[73.71308,32.07058],[73.71287,32.07065]]]]}},{"type":"Feature","properties":{"lu":"List A Abutting","ct":"Existing","a":2.12},"geometry":{"type":"MultiPolygon","coordinates":[[[[73.71181,32.07323],[73.71145,32.07324],[73.71106,32.07224],[73.71044,32.07235],[73.71069,32.07329],[73.71189,32.07343],[73.71181,32.07323]]]]}},{"type":"Feature","properties":{"lu":"List A Abutting","ct":"Existing","a":0.586},"geometry":{"type":"MultiPolygon","coordinates":[[[[73.70041,32.07197],[73.70004,32.07189],[73.70002,32.07165],[73.69981,32.07166],[73.69982,32.07217],[73.70042,32.07224],[73.70041,32.07197]]]]}},{"type":"Feature","properties":{"lu":"List A Abutting","ct":"Existing","a":0.226},"geometry":{"type":"MultiPolygon","coordinates":[[[[73.69979,32.07208],[73.6994,32.07205],[73.69938,32.07184],[73.69916,32.07186],[73.6992,32.0721],[73.69979,32.07217],[73.69979,32.07208]]]]}},{"type":"Feature","properties":{"lu":"List A Abutting","ct":"Existing","a":1.096},"geometry":{"type":"MultiPolygon","coordinates":[[[[73.70931,32.0727],[73.70915,32.07272],[73.70919,32.07296],[73.709,32.07297],[73.70896,32.07266],[73.70882,32.07266],[73.70887,32.07294],[73.7086,32.07295],[73.70856,32.07273],[73.708,32.07277],[73.70799,32.07269],[73.70784,32.0727],[73.70788,32.07301],[73.70937,32.07316],[73.70931,32.0727]]]]}},{"type":"Feature","properties":{"lu":"List A Abutting","ct":"Existing","a":0.232},"geometry":{"type":"MultiPolygon","coordinates":[[[[73.7078,32.07277],[73.70765,32.07278],[73.70763,32.07264],[73.70747,32.07265],[73.70751,32.07298],[73.70783,32.07301],[73.7078,32.07277]]]]}},{"type":"Feature","properties":{"lu":"List A Abutting","ct":"Existing","a":0.317},"geometry":{"type":"MultiPolygon","coordinates":[[[[73.70726,32.07265],[73.70723,32.07242],[73.70707,32.07243],[73.70712,32.07288],[73.70728,32.07287],[73.70728,32.07295],[73.70745,32.07297],[73.70741,32.07265],[73.70726,32.07265]]]]}},{"type":"Feature","properties":{"lu":"List A Abutting","ct":"Existing","a":0.203},"geometry":{"type":"MultiPolygon","coordinates":[[[[73.6998,32.06336],[73.69977,32.06304],[73.69944,32.06308],[73.69945,32.06324],[73.69962,32.06321],[73.69963,32.06338],[73.6998,32.06336]]]]}},{"type":"Feature","properties":{"lu":"List A Abutting","ct":"Existing","a":0.127},"geometry":{"type":"MultiPolygon","coordinates":[[[[73.69943,32.06324],[73.69941,32.06308],[73.6991,32.06311],[73.69912,32.06327],[73.69943,32.06324]]]]}},{"type":"Feature","properties":{"lu":"List A Abutting","ct":"Existing","a":0.8},"geometry":{"type":"MultiPolygon","coordinates":[[[[73.70886,32.06661],[73.7085,32.06626],[73.70844,32.06621],[73.70774,32.06556],[73.70772,32.06553],[73.70769,32.06551],[73.70747,32.06531],[73.70886,32.06661]]],[[[73.70863,32.06666],[73.70962,32.06764],[73.70988,32.06756],[73.70886,32.06661],[73.70863,32.06666]]]]}},{"type":"Feature","properties":{"lu":"List A Abutting","ct":"Existing","a":2.277},"geometry":{"type":"MultiPolygon","coordinates":[[[[73.70625,32.06414],[73.70582,32.06371],[73.7047,32.06381],[73.70473,32.06416],[73.70527,32.0641],[73.70528,32.06434],[73.70635,32.06423],[73.70625,32.06414]]],[[[73.70691,32.06478],[73.70662,32.0645],[73.70604,32.06456],[73.70607,32.06486],[73.70669,32.06481],[73.70681,32.06486],[73.70691,32.06478]]]]}},{"type":"Feature","properties":{"lu":"List A Abutting","ct":"Existing","a":0.092},"geometry":{"type":"MultiPolygon","coordinates":[[[[73.69428,32.0674],[73.69432,32.06769],[73.69444,32.06768],[73.6944,32.06739],[73.69428,32.0674]]]]}},{"type":"Feature","properties":{"lu":"List A Abutting","ct":"Existing","a":0.077},"geometry":{"type":"MultiPolygon","coordinates":[[[[73.69424,32.06714],[73.69428,32.06737],[73.6944,32.06736],[73.69437,32.06713],[73.69424,32.06714]]]]}},{"type":"Feature","properties":{"lu":"List A Abutting","ct":"Existing","a":0.107},"geometry":{"type":"MultiPolygon","coordinates":[[[[73.68841,32.06735],[73.68841,32.0675],[73.68868,32.06753],[73.68868,32.06736],[73.68841,32.06735]]]]}},{"type":"Feature","properties":{"lu":"List A Abutting","ct":"Existing","a":0.187},"geometry":{"type":"MultiPolygon","coordinates":[[[[73.68867,32.06676],[73.68861,32.06708],[73.68849,32.06708],[73.68856,32.06712],[73.68852,32.06734],[73.68868,32.06735],[73.68875,32.06676],[73.68867,32.06676]]]]}},{"type":"Feature","properties":{"lu":"List A Abutting","ct":"Existing","a":0.665},"geometry":{"type":"MultiPolygon","coordinates":[[[[73.68833,32.06576],[73.68858,32.06636],[73.68853,32.06652],[73.68845,32.06651],[73.68846,32.06673],[73.68875,32.06674],[73.68886,32.06647],[73.68859,32.0658],[73.68855,32.06574],[73.68833,32.06576]]]]}},{"type":"Feature","properties":{"lu":"List A Abutting","ct":"Existing","a":1.253},"geometry":{"type":"MultiPolygon","coordinates":[[[[73.68947,32.07089],[73.68954,32.07087],[73.68926,32.07033],[73.68898,32.0692],[73.68835,32.06941],[73.68916,32.07032],[73.68947,32.07089]]]]}},{"type":"Feature","properties":{"lu":"List A Abutting","ct":"Existing","a":0.08},"geometry":{"type":"MultiPolygon","coordinates":[[[[73.6888,32.06902],[73.6888,32.06924],[73.68898,32.06918],[73.68894,32.06901],[73.6888,32.06902]]]]}},{"type":"Feature","properties":{"lu":"List A Abutting","ct":"Existing","a":0.496},"geometry":{"type":"MultiPolygon","coordinates":[[[[73.68844,32.06752],[73.6884,32.06774],[73.68854,32.06773],[73.68855,32.06783],[73.68842,32.06785],[73.68848,32.06813],[73.68857,32.06814],[73.68868,32.06832],[73.68883,32.06827],[73.68868,32.06755],[73.68844,32.06752]]]]}},{"type":"Feature","properties":{"lu":"List A Abutting","ct":"Existing","a":0.071},"geometry":{"type":"MultiPolygon","coordinates":[[[[73.68163,32.0575],[73.68174,32.0575],[73.68173,32.05736],[73.68154,32.05736],[73.68155,32.05751],[73.68163,32.0575]]]]}},{"type":"Feature","properties":{"lu":"List A Abutting","ct":"Existing","a":0.197},"geometry":{"type":"MultiPolygon","coordinates":[[[[73.68038,32.0552],[73.68029,32.05483],[73.68013,32.05484],[73.68016,32.0552],[73.68038,32.0552]]]]}},{"type":"Feature","properties":{"lu":"List A Abutting","ct":"Existing","a":0.834},"geometry":{"type":"MultiPolygon","coordinates":[[[[73.68348,32.06312],[73.68364,32.06316],[73.68355,32.06342],[73.68339,32.06339],[73.68335,32.06352],[73.68372,32.06353],[73.6837,32.06359],[73.68386,32.06363],[73.68383,32.06375],[73.68422,32.06378],[73.68399,32.06316],[73.68352,32.06301],[73.68348,32.06312]]]]}},{"type":"Feature","properties":{"lu":"List A Abutting","ct":"Existing","a":0.182},"geometry":{"type":"MultiPolygon","coordinates":[[[[73.68322,32.06274],[73.68344,32.06313],[73.6835,32.06297],[73.68343,32.06267],[73.68322,32.06274]]]]}},{"type":"Feature","properties":{"lu":"List A Abutting","ct":"Existing","a":0.872},"geometry":{"type":"MultiPolygon","coordinates":[[[[73.68272,32.06224],[73.68297,32.0628],[73.68343,32.06264],[73.68337,32.06207],[73.68272,32.06224]]]]}},{"type":"Feature","properties":{"lu":"List A Abutting","ct":"Existing","a":0.06},"geometry":{"type":"MultiPolygon","coordinates":[[[[73.67609,32.05644],[73.67603,32.05632],[73.67585,32.05643],[73.67594,32.05652],[73.67609,32.05644]]]]}},{"type":"Feature","properties":{"lu":"List A Abutting","ct":"Existing","a":0.085},"geometry":{"type":"MultiPolygon","coordinates":[[[[73.67641,32.05622],[73.67633,32.05614],[73.67607,32.0563],[73.67612,32.05638],[73.67641,32.05622]]]]}},{"type":"Feature","properties":{"lu":"List A Abutting","ct":"Existing","a":0.325},"geometry":{"type":"MultiPolygon","coordinates":[[[[73.67795,32.05564],[73.67791,32.05528],[73.67753,32.05545],[73.67755,32.05571],[73.67795,32.05564]]]]}},{"type":"Feature","properties":{"lu":"List A Abutting","ct":"Existing","a":0.581},"geometry":{"type":"MultiPolygon","coordinates":[[[[73.70081,32.07262],[73.70079,32.07247],[73.69955,32.07237],[73.69956,32.07254],[73.69991,32.07251],[73.70001,32.07263],[73.7001,32.07262],[73.70012,32.07273],[73.70047,32.07268],[73.70045,32.07252],[73.70081,32.07262]]]]}},{"type":"Feature","properties":{"lu":"List A Abutting","ct":"Existing","a":0.354},"geometry":{"type":"MultiPolygon","coordinates":[[[[73.69951,32.07255],[73.6995,32.07236],[73.69864,32.07227],[73.69867,32.07242],[73.69897,32.07245],[73.69898,32.07256],[73.69909,32.07255],[73.69908,32.07245],[73.69934,32.07241],[73.69936,32.07256],[73.69951,32.07255]]]]}},{"type":"Feature","properties":{"lu":"List A Abutting","ct":"Existing","a":0.905},"geometry":{"type":"MultiPolygon","coordinates":[[[[73.70176,32.0732],[73.70167,32.07313],[73.70157,32.0726],[73.70083,32.07249],[73.70088,32.07294],[73.70147,32.07292],[73.70151,32.07321],[73.70176,32.0732]]]]}},{"type":"Feature","properties":{"lu":"List A Abutting","ct":"Existing","a":0.23},"geometry":{"type":"MultiPolygon","coordinates":[[[[73.70202,32.07292],[73.702,32.07265],[73.70167,32.07261],[73.70176,32.07292],[73.70202,32.07292]]]]}},{"type":"Feature","properties":{"lu":"List A Abutting","ct":"Existing","a":0.668},"geometry":{"type":"MultiPolygon","coordinates":[[[[73.69826,32.07235],[73.69824,32.07221],[73.69695,32.07206],[73.69696,32.07223],[73.69715,32.07239],[73.69812,32.0723],[73.69826,32.07235]]]]}},{"type":"Feature","properties":{"lu":"List A Abutting","ct":"Existing","a":0.369},"geometry":{"type":"MultiPolygon","coordinates":[[[[73.69693,32.07223],[73.69691,32.07206],[73.69629,32.07198],[73.69632,32.07226],[73.69639,32.07225],[73.69638,32.07217],[73.69648,32.07218],[73.69648,32.07233],[73.69669,32.07232],[73.6967,32.07221],[73.69693,32.07223]]]]}},{"type":"Feature","properties":{"lu":"List A Abutting","ct":"Existing","a":0.228},"geometry":{"type":"MultiPolygon","coordinates":[[[[73.70773,32.07662],[73.70772,32.07618],[73.70755,32.07619],[73.70745,32.07647],[73.70773,32.07662]]]]}},{"type":"Feature","properties":{"lu":"List A Abutting","ct":"Existing","a":0.151},"geometry":{"type":"MultiPolygon","coordinates":[[[[73.70728,32.07627],[73.70727,32.07613],[73.70705,32.07609],[73.70703,32.07602],[73.70685,32.07604],[73.70717,32.07628],[73.70728,32.07627]]]]}},{"type":"Feature","properties":{"lu":"List A Abutting","ct":"Existing","a":0.428},"geometry":{"type":"MultiPolygon","coordinates":[[[[73.70747,32.07337],[73.70745,32.07319],[73.70682,32.07314],[73.70684,32.07341],[73.70735,32.07346],[73.70733,32.07337],[73.70747,32.07337]]]]}},{"type":"Feature","properties":{"lu":"List A Abutting","ct":"Existing","a":0.131},"geometry":{"type":"MultiPolygon","coordinates":[[[[73.70681,32.07341],[73.70678,32.07313],[73.7066,32.07312],[73.70663,32.07342],[73.70681,32.07341]]]]}},{"type":"Feature","properties":{"lu":"List A Abutting","ct":"Existing","a":1.464},"geometry":{"type":"MultiPolygon","coordinates":[[[[73.72129,32.07475],[73.72124,32.07475],[73.72123,32.07504],[73.72131,32.07511],[73.72114,32.07514],[73.72116,32.07534],[73.72195,32.07528],[73.72257,32.07514],[73.72238,32.07488],[73.72129,32.07475]]]]}},{"type":"Feature","properties":{"lu":"List A Abutting","ct":"Existing","a":0.611},"geometry":{"type":"MultiPolygon","coordinates":[[[[73.72042,32.07493],[73.7212,32.07504],[73.72118,32.07474],[73.72037,32.07462],[73.72042,32.07493]]]]}},{"type":"Feature","properties":{"lu":"List A Abutting","ct":"Existing","a":0.386},"geometry":{"type":"MultiPolygon","coordinates":[[[[73.72034,32.0748],[73.72031,32.07462],[73.71973,32.07456],[73.71971,32.07483],[73.72006,32.07487],[73.72034,32.0748]]]]}},{"type":"Feature","properties":{"lu":"List A Abutting","ct":"Existing","a":0.501},"geometry":{"type":"MultiPolygon","coordinates":[[[[73.71892,32.07447],[73.71895,32.07471],[73.71969,32.07482],[73.71971,32.07456],[73.71892,32.07447]]]]}},{"type":"Feature","properties":{"lu":"List A Abutting","ct":"Existing","a":4.224},"geometry":{"type":"MultiPolygon","coordinates":[[[[73.72655,32.07541],[73.72646,32.07535],[73.72585,32.0753],[73.72591,32.07535],[73.72425,32.07509],[73.72423,32.07525],[73.72429,32.07543],[73.72518,32.07558],[73.72523,32.07527],[73.7253,32.07539],[73.72557,32.07547],[73.72536,32.07629],[73.72491,32.0762],[73.72546,32.07677],[73.72665,32.07597],[73.72671,32.07588],[73.72613,32.0754],[73.72655,32.07541]]]]}},{"type":"Feature","properties":{"lu":"List A Abutting","ct":"Existing","a":1.042},"geometry":{"type":"MultiPolygon","coordinates":[[[[73.72415,32.07548],[73.72418,32.07508],[73.72333,32.07499],[73.72329,32.07522],[73.72388,32.0753],[73.72376,32.07591],[73.72405,32.07596],[73.72415,32.07548]]]]}},{"type":"Feature","properties":{"lu":"List A Abutting","ct":"Existing","a":0.147},"geometry":{"type":"MultiPolygon","coordinates":[[[[73.70435,32.07519],[73.70433,32.07504],[73.70399,32.07492],[73.70402,32.07508],[73.7041,32.07508],[73.70413,32.07519],[73.70435,32.07519]]]]}},{"type":"Feature","properties":{"lu":"List A Abutting","ct":"Existing","a":0.224},"geometry":{"type":"MultiPolygon","coordinates":[[[[73.70355,32.07497],[73.70366,32.07498],[73.70366,32.07509],[73.704,32.07511],[73.70395,32.0749],[73.70355,32.07482],[73.70355,32.07497]]]]}},{"type":"Feature","properties":{"lu":"List A Abutting","ct":"Existing","a":0.114},"geometry":{"type":"MultiPolygon","coordinates":[[[[73.70262,32.07798],[73.70264,32.07782],[73.70234,32.07784],[73.70236,32.07799],[73.70262,32.07798]]]]}},{"type":"Feature","properties":{"lu":"List A Abutting","ct":"Existing","a":0.391},"geometry":{"type":"MultiPolygon","coordinates":[[[[73.70232,32.07784],[73.7022,32.07785],[73.70216,32.07766],[73.70182,32.0776],[73.70181,32.07744],[73.70172,32.07746],[73.70172,32.07737],[73.70143,32.07738],[73.70144,32.07747],[73.70219,32.07793],[73.70233,32.07791],[73.70232,32.07784]]]]}},{"type":"Feature","properties":{"lu":"List A Abutting","ct":"Existing","a":0.456},"geometry":{"type":"MultiPolygon","coordinates":[[[[73.69811,32.07507],[73.69785,32.07503],[73.69788,32.07495],[73.69774,32.07492],[73.69777,32.07484],[73.69748,32.07465],[73.6974,32.07462],[73.69736,32.07471],[73.69713,32.07461],[73.69712,32.07468],[73.69809,32.0753],[73.69811,32.07507]]]]}},{"type":"Feature","properties":{"lu":"List A Abutting","ct":"Existing","a":0.445},"geometry":{"type":"MultiPolygon","coordinates":[[[[73.69857,32.07444],[73.69856,32.07432],[73.69723,32.07428],[73.69719,32.07439],[73.69754,32.07437],[73.69752,32.07443],[73.69767,32.07447],[73.69857,32.07444]]]]}},{"type":"Feature","properties":{"lu":"List A Abutting","ct":"Existing","a":0.136},"geometry":{"type":"MultiPolygon","coordinates":[[[[73.69909,32.07575],[73.69893,32.07575],[73.69891,32.07567],[73.69874,32.07563],[73.69874,32.07572],[73.69912,32.07597],[73.69909,32.07575]]]]}},{"type":"Feature","properties":{"lu":"List A Abutting","ct":"Existing","a":0.163},"geometry":{"type":"MultiPolygon","coordinates":[[[[73.69893,32.0745],[73.6989,32.07432],[73.69858,32.0743],[73.69861,32.07452],[73.69893,32.0745]]]]}},{"type":"Feature","properties":{"lu":"List A Abutting","ct":"Existing","a":0.164},"geometry":{"type":"MultiPolygon","coordinates":[[[[73.66783,32.06626],[73.66723,32.0663],[73.66727,32.06641],[73.66784,32.06637],[73.66783,32.06626]]]]}},{"type":"Feature","properties":{"lu":"List A Abutting","ct":"Existing","a":0.595},"geometry":{"type":"MultiPolygon","coordinates":[[[[73.66671,32.06299],[73.66665,32.06285],[73.66681,32.06279],[73.6666,32.06263],[73.66586,32.06312],[73.66589,32.06317],[73.66603,32.06309],[73.66611,32.06323],[73.66671,32.06299]]]]}},{"type":"Feature","properties":{"lu":"List A Abutting","ct":"Existing","a":0.036},"geometry":{"type":"MultiPolygon","coordinates":[[[[73.6695,32.0664],[73.66929,32.0664],[73.66951,32.06647],[73.6695,32.0664]]]]}},{"type":"Feature","properties":{"lu":"List A Abutting","ct":"Existing","a":0.066},"geometry":{"type":"MultiPolygon","coordinates":[[[[73.66891,32.0663],[73.66858,32.06629],[73.66861,32.06637],[73.66891,32.06639],[73.66891,32.0663]]]]}},{"type":"Feature","properties":{"lu":"List A Abutting","ct":"Existing","a":0.125},"geometry":{"type":"MultiPolygon","coordinates":[[[[73.66694,32.0626],[73.66682,32.06249],[73.66662,32.06262],[73.66682,32.06278],[73.66694,32.0626]]]]}},{"type":"Feature","properties":{"lu":"List A Abutting","ct":"Existing","a":0.153},"geometry":{"type":"MultiPolygon","coordinates":[[[[73.67867,32.06639],[73.67874,32.06663],[73.67902,32.06658],[73.67883,32.06634],[73.67867,32.06639]]]]}},{"type":"Feature","properties":{"lu":"List A Abutting","ct":"Existing","a":0.256},"geometry":{"type":"MultiPolygon","coordinates":[[[[73.67836,32.06602],[73.67834,32.06617],[73.67842,32.06615],[73.67856,32.0664],[73.67881,32.06633],[73.6785,32.06596],[73.67836,32.06602]]]]}},{"type":"Feature","properties":{"lu":"List A Abutting","ct":"Existing","a":0.372},"geometry":{"type":"MultiPolygon","coordinates":[[[[73.66603,32.06661],[73.66521,32.06691],[73.66531,32.06706],[73.6661,32.06675],[73.66603,32.06661]]]]}},{"type":"Feature","properties":{"lu":"List A Abutting","ct":"Existing","a":1.907},"geometry":{"type":"MultiPolygon","coordinates":[[[[73.66509,32.06394],[73.66497,32.06372],[73.66354,32.06467],[73.66368,32.06495],[73.66417,32.06473],[73.66404,32.06444],[73.66417,32.06439],[73.66427,32.06454],[73.6644,32.06449],[73.66449,32.06466],[73.66517,32.06446],[73.66493,32.06402],[73.66509,32.06394]]]]}},{"type":"Feature","properties":{"lu":"List A Abutting","ct":"Existing","a":0.34},"geometry":{"type":"MultiPolygon","coordinates":[[[[73.66588,32.06318],[73.66584,32.06312],[73.66499,32.06371],[73.66506,32.06384],[73.6652,32.06377],[73.66516,32.06368],[73.66549,32.06358],[73.66545,32.06349],[73.66574,32.06332],[73.66583,32.06346],[73.66593,32.06342],[73.66581,32.06324],[73.66588,32.06318]]]]}},{"type":"Feature","properties":{"lu":"List A Abutting","ct":"Existing","a":0.183},"geometry":{"type":"MultiPolygon","coordinates":[[[[73.67242,32.06657],[73.6722,32.06654],[73.67216,32.06686],[73.67238,32.06688],[73.67242,32.06657]]]]}},{"type":"Feature","properties":{"lu":"List A Abutting","ct":"Existing","a":0.137},"geometry":{"type":"MultiPolygon","coordinates":[[[[73.66466,32.0671],[73.66424,32.06725],[73.66427,32.06735],[73.66472,32.06722],[73.66466,32.0671]]]]}},{"type":"Feature","properties":{"lu":"List A Abutting","ct":"Existing","a":0.373},"geometry":{"type":"MultiPolygon","coordinates":[[[[73.66372,32.06522],[73.66347,32.06472],[73.6631,32.06497],[73.66315,32.06507],[73.66336,32.06498],[73.66351,32.06529],[73.66372,32.06522]]]]}},{"type":"Feature","properties":{"lu":"List A Abutting","ct":"Existing","a":0.168},"geometry":{"type":"MultiPolygon","coordinates":[[[[73.66222,32.06757],[73.66152,32.06763],[73.66164,32.06773],[73.66226,32.06767],[73.66222,32.06757]]]]}},{"type":"Feature","properties":{"lu":"List A Abutting","ct":"Existing","a":0.573},"geometry":{"type":"MultiPolygon","coordinates":[[[[73.66159,32.06632],[73.66144,32.06605],[73.66082,32.06646],[73.66096,32.06673],[73.66159,32.06632]]]]}},{"type":"Feature","properties":{"lu":"List A Abutting","ct":"Existing","a":0.055},"geometry":{"type":"MultiPolygon","coordinates":[[[[73.67215,32.06089],[73.67187,32.06073],[73.67183,32.06078],[73.67209,32.06094],[73.67215,32.06089]]]]}},{"type":"Feature","properties":{"lu":"List A Abutting","ct":"Existing","a":0.113},"geometry":{"type":"MultiPolygon","coordinates":[[[[73.67189,32.06068],[73.67166,32.06049],[73.67154,32.06059],[73.6718,32.06076],[73.67189,32.06068]]]]}},{"type":"Feature","properties":{"lu":"List A Abutting","ct":"Existing","a":0.171},"geometry":{"type":"MultiPolygon","coordinates":[[[[73.67134,32.06034],[73.67122,32.0601],[73.6709,32.06019],[73.67117,32.06036],[73.67134,32.06034]]]]}},{"type":"Feature","properties":{"lu":"List A Abutting","ct":"Existing","a":5.546},"geometry":{"type":"MultiPolygon","coordinates":[[[[73.6775,32.06287],[73.6776,32.06305],[73.67725,32.0632],[73.6772,32.06304],[73.67674,32.06321],[73.67685,32.06339],[73.67639,32.06368],[73.67627,32.06355],[73.67598,32.06378],[73.677,32.06458],[73.67755,32.06434],[73.67778,32.06465],[73.67821,32.06446],[73.6777,32.06277],[73.6775,32.06287]]]]}},{"type":"Feature","properties":{"lu":"List A Abutting","ct":"Existing","a":0.139},"geometry":{"type":"MultiPolygon","coordinates":[[[[73.6761,32.06367],[73.67588,32.06345],[73.67572,32.06357],[73.67596,32.06376],[73.6761,32.06367]]]]}},{"type":"Feature","properties":{"lu":"List A Abutting","ct":"Existing","a":0.092},"geometry":{"type":"MultiPolygon","coordinates":[[[[73.6775,32.06233],[73.67761,32.06277],[73.67768,32.06273],[73.67759,32.06228],[73.6775,32.06233]]]]}},{"type":"Feature","properties":{"lu":"List A Abutting","ct":"Existing","a":0.047},"geometry":{"type":"MultiPolygon","coordinates":[[[[73.67739,32.06219],[73.67746,32.06229],[73.67757,32.06222],[73.67755,32.06211],[73.67739,32.06219]]]]}},{"type":"Feature","properties":{"lu":"List A Abutting","ct":"Existing","a":0.535},"geometry":{"type":"MultiPolygon","coordinates":[[[[73.67661,32.05795],[73.67608,32.05731],[73.67582,32.05748],[73.67599,32.05766],[73.67605,32.05761],[73.67623,32.05791],[73.67643,32.0579],[73.67646,32.05803],[73.67663,32.05802],[73.67661,32.05795]]]]}},{"type":"Feature","properties":{"lu":"List A Abutting","ct":"Existing","a":1.127},"geometry":{"type":"MultiPolygon","coordinates":[[[[73.67599,32.05734],[73.67606,32.05729],[73.67548,32.05673],[73.67454,32.05735],[73.67457,32.05742],[73.67559,32.05732],[73.67536,32.05701],[73.67543,32.05697],[73.6757,32.05723],[73.6758,32.05719],[73.67599,32.05734]]]]}},{"type":"Feature","properties":{"lu":"List A Abutting","ct":"Existing","a":3.874},"geometry":{"type":"MultiPolygon","coordinates":[[[[73.66065,32.0693],[73.66008,32.06815],[73.66083,32.06806],[73.66079,32.06794],[73.65998,32.06801],[73.65958,32.06815],[73.65956,32.06809],[73.6576,32.06828],[73.65763,32.06844],[73.65789,32.06838],[73.658,32.06878],[73.65827,32.06868],[73.65822,32.06848],[73.65846,32.06844],[73.65845,32.06835],[73.65932,32.06822],[73.65998,32.06953],[73.66065,32.0693]]]]}},{"type":"Feature","properties":{"lu":"List A Abutting","ct":"Existing","a":0.272},"geometry":{"type":"MultiPolygon","coordinates":[[[[73.65731,32.06846],[73.65727,32.06832],[73.65678,32.06837],[73.6568,32.06868],[73.65731,32.06846]]]]}},{"type":"Feature","properties":{"lu":"List A Abutting","ct":"Existing","a":0.714},"geometry":{"type":"MultiPolygon","coordinates":[[[[73.67592,32.06995],[73.67515,32.06996],[73.67516,32.0703],[73.676,32.0703],[73.67598,32.07016],[73.67588,32.07016],[73.67592,32.06995]]]]}},{"type":"Feature","properties":{"lu":"List A Abutting","ct":"Existing","a":0.746},"geometry":{"type":"MultiPolygon","coordinates":[[[[73.66285,32.0703],[73.6627,32.07031],[73.66258,32.07007],[73.66212,32.07025],[73.66221,32.07044],[73.66203,32.0705],[73.66214,32.07073],[73.6628,32.07051],[73.66275,32.07033],[73.66285,32.0703]]]]}},{"type":"Feature","properties":{"lu":"List A Abutting","ct":"Existing","a":1.983},"geometry":{"type":"MultiPolygon","coordinates":[[[[73.66889,32.07039],[73.66861,32.06972],[73.66711,32.07018],[73.66721,32.07042],[73.66889,32.07039]]]]}},{"type":"Feature","properties":{"lu":"List A Abutting","ct":"Existing","a":5.705},"geometry":{"type":"MultiPolygon","coordinates":[[[[73.6807,32.07108],[73.68053,32.07089],[73.68009,32.07118],[73.68021,32.07127],[73.67939,32.07273],[73.67975,32.07305],[73.68172,32.07161],[73.68133,32.07115],[73.68118,32.07111],[73.68092,32.07132],[73.6807,32.07108]]]]}},{"type":"Feature","properties":{"lu":"List A Abutting","ct":"Existing","a":0.103},"geometry":{"type":"MultiPolygon","coordinates":[[[[73.68185,32.07016],[73.68202,32.07037],[73.68215,32.07031],[73.68201,32.07008],[73.68185,32.07016]]]]}},{"type":"Feature","properties":{"lu":"List A Abutting","ct":"Existing","a":1.026},"geometry":{"type":"MultiPolygon","coordinates":[[[[73.66946,32.06686],[73.66993,32.06694],[73.67,32.06723],[73.67039,32.06709],[73.67061,32.06749],[73.67078,32.06743],[73.67052,32.06681],[73.66944,32.06666],[73.66946,32.06686]]]]}},{"type":"Feature","properties":{"lu":"List A Abutting","ct":"Existing","a":0.109},"geometry":{"type":"MultiPolygon","coordinates":[[[[73.66945,32.06686],[73.66942,32.06665],[73.66924,32.06663],[73.66926,32.06687],[73.66945,32.06686]]]]}},{"type":"Feature","properties":{"lu":"List A Abutting","ct":"Existing","a":1.03},"geometry":{"type":"MultiPolygon","coordinates":[[[[73.6752,32.06811],[73.675,32.06809],[73.67477,32.06793],[73.67475,32.06743],[73.67427,32.06736],[73.67425,32.06745],[73.67458,32.06753],[73.67447,32.06811],[73.67433,32.06808],[73.6743,32.06827],[73.67511,32.06843],[73.6752,32.06811]]]]}},{"type":"Feature","properties":{"lu":"List A Abutting","ct":"Existing","a":0.713},"geometry":{"type":"MultiPolygon","coordinates":[[[[73.6763,32.06808],[73.67638,32.06774],[73.67573,32.06759],[73.67563,32.06807],[73.67592,32.06812],[73.67595,32.06801],[73.6763,32.06808]]]]}},{"type":"Feature","properties":{"lu":"List A Abutting","ct":"Existing","a":0.213},"geometry":{"type":"MultiPolygon","coordinates":[[[[73.66507,32.06743],[73.66502,32.06733],[73.66435,32.0675],[73.66434,32.06762],[73.66507,32.06743]]]]}},{"type":"Feature","properties":{"lu":"List A Abutting","ct":"Existing","a":0.692},"geometry":{"type":"MultiPolygon","coordinates":[[[[73.67874,32.07479],[73.67878,32.07465],[73.67822,32.07427],[73.67791,32.07451],[73.67865,32.07493],[73.67874,32.07479]]]]}},{"type":"Feature","properties":{"lu":"List A Abutting","ct":"Existing","a":0.054},"geometry":{"type":"MultiPolygon","coordinates":[[[[73.67919,32.07369],[73.67911,32.07364],[73.6788,32.07393],[73.67919,32.07369]]]]}},{"type":"Feature","properties":{"lu":"List A Abutting","ct":"Existing","a":0.157},"geometry":{"type":"MultiPolygon","coordinates":[[[[73.67993,32.07362],[73.68018,32.07388],[73.68032,32.07374],[73.68008,32.07353],[73.67993,32.07362]]]]}},{"type":"Feature","properties":{"lu":"List A Abutting","ct":"Existing","a":0.319},"geometry":{"type":"MultiPolygon","coordinates":[[[[73.67126,32.07856],[73.67101,32.07868],[73.67091,32.07855],[73.67117,32.07842],[73.67106,32.07826],[73.6707,32.07852],[73.67088,32.0788],[73.67129,32.07861],[73.67126,32.07856]]]]}},{"type":"Feature","properties":{"lu":"List A Abutting","ct":"Existing","a":0.553},"geometry":{"type":"MultiPolygon","coordinates":[[[[73.68038,32.08301],[73.68,32.083],[73.67972,32.08344],[73.68002,32.08354],[73.68015,32.08323],[73.68058,32.08325],[73.68058,32.08311],[73.68038,32.0831],[73.68038,32.08301]]]]}},{"type":"Feature","properties":{"lu":"List A Abutting","ct":"Existing","a":0.22},"geometry":{"type":"MultiPolygon","coordinates":[[[[73.67751,32.08702],[73.6774,32.08699],[73.67709,32.08748],[73.67722,32.08754],[73.67751,32.08702]]]]}},{"type":"Feature","properties":{"lu":"List A Abutting","ct":"Existing","a":1.244},"geometry":{"type":"MultiPolygon","coordinates":[[[[73.67841,32.08642],[73.67784,32.0863],[73.67741,32.08697],[73.67806,32.08713],[73.67841,32.08642]]]]}},{"type":"Feature","properties":{"lu":"List A Abutting","ct":"Existing","a":0.471},"geometry":{"type":"MultiPolygon","coordinates":[[[[73.67883,32.0848],[73.6785,32.08531],[73.67864,32.08535],[73.67873,32.08512],[73.67911,32.08521],[73.67921,32.08488],[73.67883,32.0848]],[[73.67873,32.08496],[73.67883,32.08499],[73.67877,32.08498],[73.67873,32.08496],[73.67872,32.08496],[73.67873,32.08496]]]]}},{"type":"Feature","properties":{"lu":"List A Abutting","ct":"Existing","a":0.755},"geometry":{"type":"MultiPolygon","coordinates":[[[[73.68376,32.08886],[73.68376,32.08932],[73.68368,32.08932],[73.68369,32.08947],[73.68377,32.08946],[73.68377,32.08965],[73.68395,32.08966],[73.68396,32.08979],[73.68412,32.08979],[73.68408,32.08886],[73.68376,32.08886]]]]}},{"type":"Feature","properties":{"lu":"List A Abutting","ct":"Existing","a":0.163},"geometry":{"type":"MultiPolygon","coordinates":[[[[73.68397,32.08852],[73.68398,32.08866],[73.68375,32.08867],[73.68374,32.08881],[73.68408,32.08881],[73.68407,32.08851],[73.68397,32.08852]]]]}},{"type":"Feature","properties":{"lu":"List A Abutting","ct":"Existing","a":0.086},"geometry":{"type":"MultiPolygon","coordinates":[[[[73.67557,32.09002],[73.67548,32.08998],[73.67531,32.09022],[73.67544,32.09028],[73.67557,32.09002]]]]}},{"type":"Feature","properties":{"lu":"List A Abutting","ct":"Existing","a":0.027},"geometry":{"type":"MultiPolygon","coordinates":[[[[73.67563,32.0899],[73.67555,32.08987],[73.67548,32.08997],[73.67557,32.09001],[73.67563,32.0899]]]]}},{"type":"Feature","properties":{"lu":"List A Abutting","ct":"Existing","a":1.124},"geometry":{"type":"MultiPolygon","coordinates":[[[[73.69611,32.0893],[73.69597,32.08936],[73.69519,32.08831],[73.69488,32.08848],[73.69579,32.0896],[73.69626,32.08948],[73.69611,32.0893]]]]}},{"type":"Feature","properties":{"lu":"List A Abutting","ct":"Existing","a":21.651},"geometry":{"type":"MultiPolygon","coordinates":[[[[73.69512,32.08832],[73.69338,32.08667],[73.69616,32.08641],[73.69595,32.08453],[73.69508,32.08415],[73.69345,32.08433],[73.69347,32.08445],[73.69296,32.08448],[73.69305,32.0851],[73.69197,32.08525],[73.6927,32.08633],[73.69342,32.08714],[73.69481,32.08842],[73.69512,32.08832]]]]}},{"type":"Feature","properties":{"lu":"List A Abutting","ct":"Existing","a":0.568},"geometry":{"type":"MultiPolygon","coordinates":[[[[73.69212,32.08519],[73.69139,32.08428],[73.69149,32.08424],[73.69132,32.08411],[73.69125,32.08392],[73.69113,32.08397],[73.69136,32.08443],[73.69192,32.08519],[73.69212,32.08519]]]]}},{"type":"Feature","properties":{"lu":"List A Abutting","ct":"Existing","a":0.116},"geometry":{"type":"MultiPolygon","coordinates":[[[[73.68933,32.08109],[73.68938,32.08123],[73.68929,32.08135],[73.68957,32.08142],[73.68942,32.08111],[73.68933,32.08109]]]]}},{"type":"Feature","properties":{"lu":"List A Abutting","ct":"Existing","a":0.205},"geometry":{"type":"MultiPolygon","coordinates":[[[[73.68899,32.08049],[73.6891,32.08089],[73.68928,32.08093],[73.68929,32.08104],[73.68941,32.08107],[73.68907,32.08048],[73.68899,32.08049]]]]}},{"type":"Feature","properties":{"lu":"List A Abutting","ct":"Existing","a":0.125},"geometry":{"type":"MultiPolygon","coordinates":[[[[73.68869,32.08012],[73.68888,32.08043],[73.68901,32.08039],[73.6888,32.08006],[73.68869,32.08012]]]]}},{"type":"Feature","properties":{"lu":"List A Abutting","ct":"Existing","a":0.885},"geometry":{"type":"MultiPolygon","coordinates":[[[[73.68565,32.06741],[73.68551,32.06758],[73.68561,32.06798],[73.6857,32.06796],[73.68576,32.0684],[73.68551,32.06834],[73.68533,32.06842],[73.68535,32.06851],[73.68612,32.06846],[73.68602,32.06809],[73.68565,32.06741]]]]}},{"type":"Feature","properties":{"lu":"List A Abutting","ct":"Existing","a":0.668},"geometry":{"type":"MultiPolygon","coordinates":[[[[73.68563,32.06738],[73.68495,32.06654],[73.68482,32.06666],[73.68487,32.06676],[73.68509,32.0667],[73.68501,32.06675],[73.68506,32.06687],[73.68515,32.06697],[73.68527,32.0669],[73.68532,32.06697],[73.68517,32.06699],[73.68527,32.06765],[73.68542,32.06764],[73.68563,32.06738]]]]}},{"type":"Feature","properties":{"lu":"List A Abutting","ct":"Existing","a":0.071},"geometry":{"type":"MultiPolygon","coordinates":[[[[73.68267,32.07038],[73.68254,32.07043],[73.68271,32.07065],[73.68267,32.07038]]]]}},{"type":"Feature","properties":{"lu":"List A Abutting","ct":"Existing","a":0.071},"geometry":{"type":"MultiPolygon","coordinates":[[[[73.68254,32.07043],[73.68243,32.07022],[73.68232,32.07023],[73.68234,32.07034],[73.68254,32.07043]]]]}},{"type":"Feature","properties":{"lu":"List A Abutting","ct":"Existing","a":0.12},"geometry":{"type":"MultiPolygon","coordinates":[[[[73.68698,32.07186],[73.687,32.07178],[73.68672,32.07163],[73.68675,32.07189],[73.68698,32.07186]]]]}},{"type":"Feature","properties":{"lu":"List A Abutting","ct":"Existing","a":0.335},"geometry":{"type":"MultiPolygon","coordinates":[[[[73.68623,32.07182],[73.68651,32.0718],[73.68652,32.07164],[73.68576,32.07171],[73.68575,32.07186],[73.68619,32.07189],[73.68623,32.07182]]]]}},{"type":"Feature","properties":{"lu":"List A Abutting","ct":"Existing","a":1.172},"geometry":{"type":"MultiPolygon","coordinates":[[[[73.67827,32.08457],[73.67767,32.08564],[73.67801,32.08576],[73.67865,32.08473],[73.67827,32.08457]]]]}},{"type":"Feature","properties":{"lu":"List A Abutting","ct":"Existing","a":9.163},"geometry":{"type":"MultiPolygon","coordinates":[[[[73.6823,32.0787],[73.68202,32.07929],[73.68193,32.07926],[73.68181,32.07951],[73.68162,32.07947],[73.68134,32.07999],[73.68103,32.07996],[73.68098,32.08046],[73.68066,32.08039],[73.68037,32.08109],[73.67975,32.08096],[73.67908,32.08173],[73.67976,32.08189],[73.67917,32.083],[73.67946,32.08306],[73.67941,32.08344],[73.67922,32.08343],[73.67886,32.08404],[73.67855,32.08394],[73.67837,32.08455],[73.67869,32.08468],[73.68254,32.07875],[73.6823,32.0787]]]]}},{"type":"Feature","properties":{"lu":"List A Abutting","ct":"Existing","a":0.658},"geometry":{"type":"MultiPolygon","coordinates":[[[[73.68216,32.07549],[73.68233,32.07502],[73.68194,32.07486],[73.68172,32.07557],[73.68189,32.07562],[73.68193,32.07544],[73.68216,32.07549]]]]}},{"type":"Feature","properties":{"lu":"List A Abutting","ct":"Existing","a":3.48},"geometry":{"type":"MultiPolygon","coordinates":[[[[73.68638,32.07382],[73.68656,32.07357],[73.68725,32.07382],[73.68721,32.07398],[73.68708,32.07398],[73.6869,32.07435],[73.68689,32.07456],[73.68755,32.0746],[73.68741,32.07235],[73.68681,32.07294],[73.68622,32.07376],[73.68638,32.07382]]]]}},{"type":"Feature","properties":{"lu":"List A Abutting","ct":"Existing","a":0.128},"geometry":{"type":"MultiPolygon","coordinates":[[[[73.68613,32.07411],[73.68599,32.07405],[73.68579,32.07428],[73.686,32.07434],[73.68613,32.07411]]]]}},{"type":"Feature","properties":{"lu":"List A Abutting","ct":"Existing","a":0.089},"geometry":{"type":"MultiPolygon","coordinates":[[[[73.68525,32.07526],[73.68511,32.07519],[73.685,32.07539],[73.68513,32.07545],[73.68525,32.07526]]]]}},{"type":"Feature","properties":{"lu":"List A Abutting","ct":"Existing","a":0.303},"geometry":{"type":"MultiPolygon","coordinates":[[[[73.6856,32.075],[73.68565,32.07481],[73.68547,32.07468],[73.68512,32.07518],[73.68526,32.07525],[73.68547,32.07493],[73.6856,32.075]]]]}},{"type":"Feature","properties":{"lu":"List A Abutting","ct":"Existing","a":1.041},"geometry":{"type":"MultiPolygon","coordinates":[[[[73.68952,32.07149],[73.68938,32.07121],[73.68889,32.07112],[73.68909,32.07181],[73.68957,32.07156],[73.68952,32.07149]]],[[[73.6891,32.07183],[73.68917,32.07204],[73.68971,32.07177],[73.68958,32.07159],[73.6891,32.07183]]]]}},{"type":"Feature","properties":{"lu":"List A Abutting","ct":"Existing","a":0.135},"geometry":{"type":"MultiPolygon","coordinates":[[[[73.69397,32.07283],[73.69401,32.07297],[73.69416,32.07301],[73.69417,32.07309],[73.69434,32.07306],[73.69412,32.0728],[73.69397,32.07283]]]]}},{"type":"Feature","properties":{"lu":"List A Abutting","ct":"Existing","a":0.156},"geometry":{"type":"MultiPolygon","coordinates":[[[[73.69366,32.07254],[73.69369,32.07266],[73.69383,32.07264],[73.69394,32.07282],[73.69411,32.07279],[73.69367,32.07244],[73.69366,32.07254]]]]}},{"type":"Feature","properties":{"lu":"List A Abutting","ct":"Existing","a":0.522},"geometry":{"type":"MultiPolygon","coordinates":[[[[73.69256,32.07198],[73.69273,32.07209],[73.69273,32.0722],[73.69283,32.0722],[73.69282,32.07227],[73.693,32.07227],[73.69304,32.07242],[73.69313,32.07241],[73.69311,32.07226],[73.6932,32.07225],[73.69324,32.07242],[73.69336,32.07238],[73.69364,32.07253],[73.69365,32.07243],[73.69304,32.07208],[73.69256,32.07189],[73.69256,32.07198]]]]}},{"type":"Feature","properties":{"lu":"List A Abutting","ct":"Existing","a":0.434},"geometry":{"type":"MultiPolygon","coordinates":[[[[73.69142,32.07171],[73.6914,32.0716],[73.69054,32.07145],[73.69073,32.07174],[73.69094,32.07179],[73.69095,32.07167],[73.6912,32.07171],[73.69118,32.07192],[73.69132,32.07192],[73.69133,32.07171],[73.69142,32.07171]]]]}},{"type":"Feature","properties":{"lu":"List A Abutting","ct":"Existing","a":0.091},"geometry":{"type":"MultiPolygon","coordinates":[[[[73.69027,32.07149],[73.69041,32.07143],[73.68999,32.07134],[73.69016,32.07154],[73.69027,32.07149]]]]}},{"type":"Feature","properties":{"lu":"List A Abutting","ct":"Existing","a":0.104},"geometry":{"type":"MultiPolygon","coordinates":[[[[73.6801,32.06744],[73.6799,32.06724],[73.67976,32.06729],[73.67994,32.06749],[73.6801,32.06744]]]]}},{"type":"Feature","properties":{"lu":"List A Abutting","ct":"Existing","a":0.504},"geometry":{"type":"MultiPolygon","coordinates":[[[[73.67983,32.06697],[73.67972,32.06666],[73.67937,32.06663],[73.67947,32.06697],[73.67974,32.06728],[73.67994,32.06719],[73.67983,32.06697]]]]}},{"type":"Feature","properties":{"lu":"List A Abutting","ct":"Existing","a":0.066},"geometry":{"type":"MultiPolygon","coordinates":[[[[73.67732,32.05969],[73.67728,32.05956],[73.67713,32.05946],[73.67718,32.05972],[73.67732,32.05969]]]]}},{"type":"Feature","properties":{"lu":"List A Abutting","ct":"Existing","a":0.096},"geometry":{"type":"MultiPolygon","coordinates":[[[[73.67718,32.05941],[73.67716,32.05934],[73.67726,32.05932],[73.6772,32.05911],[73.67707,32.05915],[73.67712,32.05943],[73.67718,32.05941]]]]}},{"type":"Feature","properties":{"lu":"List A Abutting","ct":"Existing","a":0.118},"geometry":{"type":"MultiPolygon","coordinates":[[[[73.67723,32.05908],[73.67713,32.0588],[73.677,32.05885],[73.67707,32.05913],[73.67723,32.05908]]]]}},{"type":"Feature","properties":{"lu":"List A Abutting","ct":"Existing","a":0.281},"geometry":{"type":"MultiPolygon","coordinates":[[[[73.67719,32.05876],[73.67704,32.05853],[73.67703,32.05845],[73.67713,32.05841],[73.67675,32.05804],[73.67699,32.05883],[73.67719,32.05876]]]]}},{"type":"Feature","properties":{"lu":"List A Abutting","ct":"Existing","a":0.038},"geometry":{"type":"MultiPolygon","coordinates":[[[[73.67477,32.09058],[73.67469,32.0907],[73.67479,32.09074],[73.67487,32.09063],[73.67477,32.09058]]]]}},{"type":"Feature","properties":{"lu":"List A Abutting","ct":"Existing","a":0.214},"geometry":{"type":"MultiPolygon","coordinates":[[[[73.67483,32.09023],[73.67465,32.09052],[73.67488,32.09061],[73.67506,32.09033],[73.67483,32.09023]]]]}},{"type":"Feature","properties":{"lu":"List A Abutting","ct":"Existing","a":0.053},"geometry":{"type":"MultiPolygon","coordinates":[[[[73.67405,32.09162],[73.67396,32.09175],[73.67409,32.0918],[73.67417,32.09167],[73.67405,32.09162]]]]}},{"type":"Feature","properties":{"lu":"List A Abutting","ct":"Existing","a":0.094},"geometry":{"type":"MultiPolygon","coordinates":[[[[73.67422,32.09138],[73.67406,32.09161],[73.67418,32.09166],[73.67433,32.09143],[73.67422,32.09138]]]]}},{"type":"Feature","properties":{"lu":"List A Abutting","ct":"Existing","a":0.144},"geometry":{"type":"MultiPolygon","coordinates":[[[[73.67449,32.09098],[73.67423,32.09136],[73.67435,32.09141],[73.6746,32.09103],[73.67449,32.09098]]]]}},{"type":"Feature","properties":{"lu":"List A Abutting","ct":"Existing","a":1.57},"geometry":{"type":"MultiPolygon","coordinates":[[[[73.67272,32.09366],[73.67262,32.09383],[73.67169,32.09346],[73.67144,32.09383],[73.67211,32.0941],[73.67202,32.09425],[73.6724,32.09441],[73.67285,32.09372],[73.67272,32.09366]]]]}},{"type":"Feature","properties":{"lu":"List A Abutting","ct":"Existing","a":2.295},"geometry":{"type":"MultiPolygon","coordinates":[[[[73.67354,32.09243],[73.67346,32.09259],[73.67303,32.09239],[73.67322,32.09203],[73.67276,32.09186],[73.67286,32.09167],[73.67271,32.09159],[73.67238,32.09215],[73.67219,32.09205],[73.67207,32.09231],[73.67321,32.09284],[73.67289,32.09338],[73.67303,32.09344],[73.67364,32.09247],[73.67354,32.09243]]]]}},{"type":"Feature","properties":{"lu":"List A Abutting","ct":"Existing","a":0.262},"geometry":{"type":"MultiPolygon","coordinates":[[[[73.67394,32.09177],[73.67355,32.09241],[73.67365,32.09245],[73.67407,32.09183],[73.67394,32.09177]]]]}},{"type":"Feature","properties":{"lu":"List A Abutting","ct":"Existing","a":0.422},"geometry":{"type":"MultiPolygon","coordinates":[[[[73.66756,32.08064],[73.66747,32.08051],[73.66657,32.08093],[73.66666,32.08108],[73.66756,32.08064]]]]}},{"type":"Feature","properties":{"lu":"List A Abutting","ct":"Existing","a":1.013},"geometry":{"type":"MultiPolygon","coordinates":[[[[73.66989,32.07954],[73.6698,32.07942],[73.66856,32.08001],[73.66877,32.08028],[73.66982,32.07975],[73.66969,32.07964],[73.66989,32.07954]]]]}},{"type":"Feature","properties":{"lu":"List A Abutting","ct":"Existing","a":0.361},"geometry":{"type":"MultiPolygon","coordinates":[[[[73.68175,32.07392],[73.68154,32.07372],[73.68123,32.07402],[73.68154,32.07427],[73.68175,32.07392]]]]}},{"type":"Feature","properties":{"lu":"List A Abutting","ct":"Existing","a":0.813},"geometry":{"type":"MultiPolygon","coordinates":[[[[73.68153,32.07369],[73.6811,32.07323],[73.6807,32.0736],[73.6812,32.074],[73.68153,32.07369]]]]}},{"type":"Feature","properties":{"lu":"List A Abutting","ct":"Existing","a":1.724},"geometry":{"type":"MultiPolygon","coordinates":[[[[73.68111,32.07228],[73.68151,32.07198],[73.68168,32.07215],[73.68186,32.07202],[73.68162,32.07176],[73.68096,32.07225],[73.68116,32.07244],[73.68122,32.07239],[73.68111,32.07228]]],[[[73.6807,32.0728],[73.68049,32.07259],[73.68004,32.07301],[73.68066,32.07357],[73.68107,32.07319],[73.6807,32.0728]]]]}},{"type":"Feature","properties":{"lu":"List A Abutting","ct":"Existing","a":0.523},"geometry":{"type":"MultiPolygon","coordinates":[[[[73.69955,32.05694],[73.69896,32.05702],[73.69957,32.05758],[73.69955,32.05694]]]]}},{"type":"Feature","properties":{"lu":"List A Abutting","ct":"Existing","a":0.479},"geometry":{"type":"MultiPolygon","coordinates":[[[[73.70653,32.07268],[73.70598,32.07274],[73.70597,32.07267],[73.70583,32.07274],[73.70456,32.07261],[73.70454,32.07269],[73.70655,32.07288],[73.70653,32.07268]]]]}},{"type":"Feature","properties":{"lu":"List A Abutting","ct":"Existing","a":2.904},"geometry":{"type":"MultiPolygon","coordinates":[[[[73.70428,32.07176],[73.70357,32.07179],[73.70361,32.07213],[73.70328,32.07213],[73.70333,32.07248],[73.70323,32.07247],[73.7032,32.07236],[73.7029,32.07242],[73.70282,32.07229],[73.70263,32.0723],[73.70264,32.0724],[73.70253,32.07239],[73.70254,32.0723],[73.70218,32.07228],[73.70216,32.07207],[73.70167,32.07211],[73.70169,32.07239],[73.70449,32.07268],[73.70449,32.07252],[73.70437,32.07252],[73.70428,32.07176]]]]}},{"type":"Feature","properties":{"lu":"List A Abutting","ct":"Existing","a":1.445},"geometry":{"type":"MultiPolygon","coordinates":[[[[73.71116,32.06883],[73.70992,32.06759],[73.70965,32.06767],[73.71042,32.06839],[73.71036,32.06843],[73.71065,32.06901],[73.71116,32.06883]]]]}},{"type":"Feature","properties":{"lu":"List A Abutting","ct":"Existing","a":0.122},"geometry":{"type":"MultiPolygon","coordinates":[[[[73.70189,32.06301],[73.70187,32.06285],[73.70157,32.06288],[73.70159,32.06303],[73.70189,32.06301]]]]}},{"type":"Feature","properties":{"lu":"List A Abutting","ct":"Existing","a":0.911},"geometry":{"type":"MultiPolygon","coordinates":[[[[73.6963,32.05022],[73.69576,32.05045],[73.69631,32.05109],[73.69662,32.05052],[73.6963,32.05022]]]]}},{"type":"Feature","properties":{"lu":"List A Abutting","ct":"Existing","a":1.375},"geometry":{"type":"MultiPolygon","coordinates":[[[[73.69588,32.05189],[73.69463,32.05213],[73.69471,32.05248],[73.69543,32.05245],[73.69508,32.0531],[73.6952,32.05309],[73.69588,32.05189]]]]}},{"type":"Feature","properties":{"lu":"List A Abutting","ct":"Existing","a":0.079},"geometry":{"type":"MultiPolygon","coordinates":[[[[73.70166,32.07226],[73.70149,32.07226],[73.70142,32.07214],[73.70146,32.07236],[73.70167,32.07239],[73.70166,32.07226]]]]}},{"type":"Feature","properties":{"lu":"List A Abutting","ct":"Existing","a":0.158},"geometry":{"type":"MultiPolygon","coordinates":[[[[73.701,32.0723],[73.70099,32.07219],[73.70089,32.07221],[73.70088,32.07215],[73.70044,32.07215],[73.70045,32.07224],[73.701,32.0723]]]]}},{"type":"Feature","properties":{"lu":"List A Abutting","ct":"Existing","a":0.528},"geometry":{"type":"MultiPolygon","coordinates":[[[[73.69698,32.04994],[73.69661,32.04981],[73.69639,32.05022],[73.69665,32.05048],[73.69698,32.04994]]]]}},{"type":"Feature","properties":{"lu":"List A Abutting","ct":"Existing","a":0.303},"geometry":{"type":"MultiPolygon","coordinates":[[[[73.67188,32.05878],[73.67167,32.05854],[73.67154,32.05863],[73.67168,32.05879],[73.67124,32.05899],[73.67135,32.05913],[73.67188,32.05878]]]]}},{"type":"Feature","properties":{"lu":"List A Abutting","ct":"Existing","a":1.8},"geometry":{"type":"MultiPolygon","coordinates":[[[[73.66481,32.0564],[73.6633,32.05543],[73.66319,32.05553],[73.66328,32.05563],[73.663,32.05582],[73.66322,32.05608],[73.66355,32.05587],[73.66446,32.05676],[73.66481,32.0564]]]]}},{"type":"Feature","properties":{"lu":"List A Abutting","ct":"Existing","a":0.702},"geometry":{"type":"MultiPolygon","coordinates":[[[[73.66014,32.05343],[73.66005,32.05358],[73.66151,32.0545],[73.66166,32.05439],[73.66014,32.05343]]]]}},{"type":"Feature","properties":{"lu":"List A Abutting","ct":"Existing","a":0.201},"geometry":{"type":"MultiPolygon","coordinates":[[[[73.66237,32.05502],[73.66283,32.0553],[73.66296,32.05522],[73.66251,32.05493],[73.66237,32.05502]]]]}},{"type":"Feature","properties":{"lu":"List A Abutting","ct":"Existing","a":0.42},"geometry":{"type":"MultiPolygon","coordinates":[[[[73.66142,32.05463],[73.66149,32.05473],[73.66171,32.05461],[73.66232,32.05499],[73.66245,32.0549],[73.6617,32.05442],[73.66142,32.05463]]]]}},{"type":"Feature","properties":{"lu":"List A Abutting","ct":"Existing","a":0.117},"geometry":{"type":"MultiPolygon","coordinates":[[[[73.66286,32.05532],[73.66314,32.0555],[73.66326,32.05541],[73.66299,32.05524],[73.66286,32.05532]]]]}},{"type":"Feature","properties":{"lu":"List A Abutting","ct":"Existing","a":0.603},"geometry":{"type":"MultiPolygon","coordinates":[[[[73.71407,32.07425],[73.7142,32.07422],[73.71409,32.07391],[73.71278,32.07373],[73.71284,32.0739],[73.71327,32.0739],[73.71334,32.07428],[73.71345,32.07426],[73.71339,32.07391],[73.71354,32.0739],[73.71386,32.07401],[73.7139,32.07413],[73.714,32.0741],[73.71407,32.07425]]]]}},{"type":"Feature","properties":{"lu":"List A Abutting","ct":"Existing","a":0.149},"geometry":{"type":"MultiPolygon","coordinates":[[[[73.69849,32.09444],[73.69832,32.09448],[73.69845,32.09481],[73.6986,32.09481],[73.69849,32.09444]]]]}},{"type":"Feature","properties":{"lu":"List A Abutting","ct":"Existing","a":0.175},"geometry":{"type":"MultiPolygon","coordinates":[[[[73.69848,32.0944],[73.69838,32.09415],[73.69826,32.09417],[73.69816,32.09392],[73.69809,32.09394],[73.69831,32.09445],[73.69848,32.0944]]]]}},{"type":"Feature","properties":{"lu":"List A Abutting","ct":"Existing","a":0.131},"geometry":{"type":"MultiPolygon","coordinates":[[[[73.68652,32.07679],[73.68659,32.07668],[73.68631,32.07651],[73.68623,32.07665],[73.68652,32.07679]]]]}},{"type":"Feature","properties":{"lu":"List A Abutting","ct":"Existing","a":0.81},"geometry":{"type":"MultiPolygon","coordinates":[[[[73.67243,32.09623],[73.67161,32.09589],[73.67131,32.09636],[73.67158,32.09648],[73.67172,32.09623],[73.6723,32.09646],[73.67243,32.09623]]]]}},{"type":"Feature","properties":{"lu":"List A Abutting","ct":"Existing","a":0.909},"geometry":{"type":"MultiPolygon","coordinates":[[[[73.67243,32.09557],[73.67197,32.09535],[73.67163,32.09586],[73.67251,32.0962],[73.67267,32.09595],[73.67197,32.09565],[73.67207,32.09546],[73.67243,32.09557]]]]}},{"type":"Feature","properties":{"lu":"List A Abutting","ct":"Existing","a":0.623},"geometry":{"type":"MultiPolygon","coordinates":[[[[73.67155,32.09654],[73.67129,32.0964],[73.67078,32.09718],[73.67088,32.09723],[73.671,32.09705],[73.67118,32.09711],[73.67155,32.09654]]]]}},{"type":"Feature","properties":{"lu":"List A Abutting","ct":"Existing","a":0.684},"geometry":{"type":"MultiPolygon","coordinates":[[[[73.68344,32.07723],[73.68307,32.07774],[73.68298,32.0777],[73.68238,32.07868],[73.68256,32.07872],[73.68353,32.07724],[73.68344,32.07723]]]]}},{"type":"Feature","properties":{"lu":"List A Abutting","ct":"Existing","a":0.31},"geometry":{"type":"MultiPolygon","coordinates":[[[[73.66629,32.08143],[73.66612,32.08115],[73.66579,32.08131],[73.66597,32.08159],[73.66629,32.08143]]]]}},{"type":"Feature","properties":{"lu":"List A Abutting","ct":"Existing","a":0.333},"geometry":{"type":"MultiPolygon","coordinates":[[[[73.66663,32.08109],[73.66655,32.08094],[73.66614,32.08114],[73.66636,32.08147],[73.66657,32.08135],[73.66645,32.08118],[73.66663,32.08109]]]]}},{"type":"Feature","properties":{"lu":"List A Abutting","ct":"Existing","a":0.341},"geometry":{"type":"MultiPolygon","coordinates":[[[[73.67869,32.07252],[73.67927,32.07299],[73.67938,32.07289],[73.67884,32.07239],[73.67869,32.07252]]]]}},{"type":"Feature","properties":{"lu":"List A Abutting","ct":"Existing","a":0.078},"geometry":{"type":"MultiPolygon","coordinates":[[[[73.67123,32.06701],[73.67119,32.06694],[73.67085,32.0669],[73.67089,32.067],[73.67102,32.06704],[73.67123,32.06701]]]]}},{"type":"Feature","properties":{"lu":"List A Abutting","ct":"Existing","a":0.088},"geometry":{"type":"MultiPolygon","coordinates":[[[[73.66661,32.06777],[73.66666,32.06776],[73.6666,32.06763],[73.66638,32.0677],[73.66644,32.06784],[73.66661,32.06777]]]]}},{"type":"Feature","properties":{"lu":"List A Abutting","ct":"Existing","a":0.191},"geometry":{"type":"MultiPolygon","coordinates":[[[[73.66685,32.0668],[73.66681,32.06671],[73.66609,32.06695],[73.66612,32.06703],[73.66685,32.0668]]]]}},{"type":"Feature","properties":{"lu":"List A Abutting","ct":"Existing","a":0.13},"geometry":{"type":"MultiPolygon","coordinates":[[[[73.66739,32.0667],[73.66736,32.0666],[73.66683,32.06671],[73.66687,32.0668],[73.66739,32.0667]]]]}},{"type":"Feature","properties":{"lu":"List A Abutting","ct":"Existing","a":0.174},"geometry":{"type":"MultiPolygon","coordinates":[[[[73.66575,32.06716],[73.66572,32.06709],[73.66505,32.06732],[73.6651,32.06742],[73.66548,32.06727],[73.66558,32.0673],[73.66555,32.06723],[73.66575,32.06716]]]]}},{"type":"Feature","properties":{"lu":"List A Abutting","ct":"Existing","a":0.073},"geometry":{"type":"MultiPolygon","coordinates":[[[[73.6661,32.06703],[73.66606,32.06695],[73.66574,32.06708],[73.66577,32.06715],[73.6661,32.06703]]]]}},{"type":"Feature","properties":{"lu":"List A Abutting","ct":"Existing","a":0.528},"geometry":{"type":"MultiPolygon","coordinates":[[[[73.6627,32.07076],[73.663,32.07067],[73.66301,32.07055],[73.66279,32.07056],[73.66149,32.07102],[73.66154,32.07113],[73.6627,32.07076]]]]}},{"type":"Feature","properties":{"lu":"List A Abutting","ct":"Existing","a":1.561},"geometry":{"type":"MultiPolygon","coordinates":[[[[73.66595,32.07065],[73.66591,32.07058],[73.666,32.07057],[73.6657,32.0705],[73.66434,32.07052],[73.66461,32.07116],[73.66595,32.07065]]]]}},{"type":"Feature","properties":{"lu":"List A Abutting","ct":"Existing","a":0.043},"geometry":{"type":"MultiPolygon","coordinates":[[[[73.65773,32.05194],[73.65757,32.05185],[73.6575,32.0519],[73.65763,32.052],[73.65773,32.05194]]]]}},{"type":"Feature","properties":{"lu":"List A Abutting","ct":"Existing","a":1.35},"geometry":{"type":"MultiPolygon","coordinates":[[[[73.6818,32.05329],[73.68159,32.05271],[73.68137,32.05274],[73.68115,32.05196],[73.68068,32.05203],[73.68107,32.05288],[73.68136,32.05292],[73.68161,32.05336],[73.6818,32.05329]]]]}},{"type":"Feature","properties":{"lu":"List A Abutting","ct":"Existing","a":3.756},"geometry":{"type":"MultiPolygon","coordinates":[[[[73.68814,32.07273],[73.68829,32.07268],[73.68829,32.07254],[73.68878,32.07231],[73.68867,32.07213],[73.68879,32.0723],[73.68887,32.07226],[73.68876,32.07208],[73.6889,32.07225],[73.68911,32.07215],[73.68898,32.07173],[73.68877,32.07178],[73.68897,32.0717],[73.68885,32.07128],[73.68875,32.07129],[73.68887,32.07165],[73.68882,32.07153],[73.68867,32.07156],[73.68882,32.07152],[73.68875,32.07129],[73.68841,32.07131],[73.68841,32.07164],[73.68835,32.07145],[73.68839,32.07117],[73.68788,32.0718],[73.68801,32.07186],[73.68788,32.07192],[73.68782,32.07187],[73.68752,32.07219],[73.68757,32.07278],[73.68814,32.07273]]]]}},{"type":"Feature","properties":{"lu":"List A Abutting","ct":"Existing","a":0.707},"geometry":{"type":"MultiPolygon","coordinates":[[[[73.68765,32.07187],[73.68834,32.07102],[73.68739,32.07083],[73.68747,32.07191],[73.68756,32.07196],[73.68765,32.07187]],[[73.68753,32.07098],[73.68815,32.07112],[73.68758,32.07188],[73.68748,32.07096],[73.68753,32.07098]]]]}},{"type":"Feature","properties":{"lu":"List A Abutting","ct":"Existing","a":0.103},"geometry":{"type":"MultiPolygon","coordinates":[[[[73.26208,31.90177],[73.26224,31.90172],[73.26224,31.90153],[73.26201,31.9016],[73.26208,31.90177]]]]}},{"type":"Feature","properties":{"lu":"List A Abutting","ct":"Existing","a":2.289},"geometry":{"type":"MultiPolygon","coordinates":[[[[73.26397,31.90118],[73.26399,31.9009],[73.26229,31.90094],[73.26229,31.9017],[73.26397,31.90118]]]]}},{"type":"Feature","properties":{"lu":"List A Abutting","ct":"Existing","a":5.246},"geometry":{"type":"MultiPolygon","coordinates":[[[[73.26439,31.89796],[73.26356,31.89788],[73.26351,31.89846],[73.26387,31.89848],[73.26372,31.90027],[73.26406,31.90029],[73.26406,31.9004],[73.26414,31.90039],[73.26403,31.90117],[73.26485,31.90091],[73.26455,31.9002],[73.26463,31.90019],[73.26441,31.89967],[73.26431,31.89906],[73.26439,31.89796]]]]}},{"type":"Feature","properties":{"lu":"List A Abutting","ct":"Existing","a":0.391},"geometry":{"type":"MultiPolygon","coordinates":[[[[73.29594,31.89546],[73.29515,31.89547],[73.29506,31.89557],[73.29508,31.89565],[73.29598,31.89563],[73.29594,31.89546]]]]}},{"type":"Feature","properties":{"lu":"List A Abutting","ct":"Existing","a":0.385},"geometry":{"type":"MultiPolygon","coordinates":[[[[73.29645,31.8953],[73.29595,31.89536],[73.29601,31.89563],[73.29651,31.8956],[73.29645,31.8953]]]]}},{"type":"Feature","properties":{"lu":"List A Abutting","ct":"Existing","a":0.008},"geometry":{"type":"MultiPolygon","coordinates":[[[[73.29659,31.89559],[73.29654,31.89538],[73.29651,31.89528],[73.2965,31.89528],[73.29658,31.89559],[73.29659,31.89559]]]]}},{"type":"Feature","properties":{"lu":"List A Abutting","ct":"Existing","a":0.784},"geometry":{"type":"MultiPolygon","coordinates":[[[[73.29495,31.89544],[73.29466,31.89547],[73.29468,31.89555],[73.29461,31.89556],[73.29425,31.89555],[73.29424,31.8954],[73.2936,31.89553],[73.29357,31.89542],[73.29319,31.89546],[73.29322,31.89563],[73.29452,31.89566],[73.29496,31.89565],[73.29495,31.89544]]]]}},{"type":"Feature","properties":{"lu":"List A Abutting","ct":"Existing","a":0.549},"geometry":{"type":"MultiPolygon","coordinates":[[[[73.29313,31.8953],[73.29303,31.89533],[73.29307,31.89549],[73.29185,31.89541],[73.29188,31.89558],[73.29319,31.89563],[73.29313,31.8953]]]]}},{"type":"Feature","properties":{"lu":"List A Abutting","ct":"Existing","a":0.871},"geometry":{"type":"MultiPolygon","coordinates":[[[[73.29181,31.89541],[73.28995,31.89536],[73.28998,31.89556],[73.29185,31.89558],[73.29181,31.89541]]]]}},{"type":"Feature","properties":{"lu":"List A Abutting","ct":"Existing","a":0.47},"geometry":{"type":"MultiPolygon","coordinates":[[[[73.28989,31.89534],[73.28898,31.89543],[73.28896,31.89534],[73.28885,31.89535],[73.28888,31.89555],[73.28993,31.89555],[73.28989,31.89534]]]]}},{"type":"Feature","properties":{"lu":"List A Abutting","ct":"Existing","a":1.17},"geometry":{"type":"MultiPolygon","coordinates":[[[[73.28786,31.89543],[73.28665,31.89544],[73.28662,31.89527],[73.28645,31.89527],[73.28639,31.89504],[73.28599,31.8951],[73.2861,31.89564],[73.28788,31.89555],[73.28786,31.89543]]]]}},{"type":"Feature","properties":{"lu":"List A Abutting","ct":"Existing","a":0.099},"geometry":{"type":"MultiPolygon","coordinates":[[[[73.28823,31.89542],[73.28792,31.89543],[73.28794,31.89555],[73.28826,31.89555],[73.28823,31.89542]]]]}},{"type":"Feature","properties":{"lu":"List A Abutting","ct":"Existing","a":0.158},"geometry":{"type":"MultiPolygon","coordinates":[[[[73.2887,31.89537],[73.28828,31.89542],[73.28831,31.89555],[73.28874,31.89555],[73.2887,31.89537]]]]}},{"type":"Feature","properties":{"lu":"List A Abutting","ct":"Existing","a":0.374},"geometry":{"type":"MultiPolygon","coordinates":[[[[73.27759,31.89306],[73.2774,31.89304],[73.27707,31.89382],[73.27719,31.89385],[73.27724,31.89362],[73.27746,31.89356],[73.27746,31.89328],[73.27759,31.89306]]]]}},{"type":"Feature","properties":{"lu":"List A Abutting","ct":"Existing","a":0.135},"geometry":{"type":"MultiPolygon","coordinates":[[[[73.27771,31.89277],[73.27754,31.89274],[73.27742,31.893],[73.27762,31.89303],[73.27771,31.89277]]]]}},{"type":"Feature","properties":{"lu":"List A Abutting","ct":"Existing","a":0.085},"geometry":{"type":"MultiPolygon","coordinates":[[[[73.27772,31.89247],[73.27755,31.89271],[73.27777,31.89274],[73.2778,31.89262],[73.27767,31.89259],[73.27772,31.89247]]]]}},{"type":"Feature","properties":{"lu":"List A Abutting","ct":"Existing","a":0.081},"geometry":{"type":"MultiPolygon","coordinates":[[[[73.2779,31.89217],[73.27781,31.89216],[73.27768,31.89243],[73.27785,31.89239],[73.2779,31.89217]]]]}},{"type":"Feature","properties":{"lu":"List A Abutting","ct":"Existing","a":0.105},"geometry":{"type":"MultiPolygon","coordinates":[[[[73.27813,31.89186],[73.27795,31.89184],[73.27783,31.8921],[73.27794,31.89212],[73.27797,31.89199],[73.27811,31.89199],[73.27813,31.89186]]]]}},{"type":"Feature","properties":{"lu":"List A Abutting","ct":"Existing","a":0.164},"geometry":{"type":"MultiPolygon","coordinates":[[[[73.27829,31.89156],[73.27809,31.89154],[73.27797,31.8918],[73.27823,31.89183],[73.27829,31.89156]]]]}},{"type":"Feature","properties":{"lu":"List A Abutting","ct":"Existing","a":0.174},"geometry":{"type":"MultiPolygon","coordinates":[[[[73.27845,31.89125],[73.27824,31.89123],[73.27812,31.89149],[73.27839,31.89152],[73.27845,31.89125]]]]}},{"type":"Feature","properties":{"lu":"List A Abutting","ct":"Existing","a":0.497},"geometry":{"type":"MultiPolygon","coordinates":[[[[73.279,31.89037],[73.27876,31.89033],[73.27828,31.89116],[73.27844,31.89119],[73.27859,31.89091],[73.27874,31.89095],[73.279,31.89037]]]]}},{"type":"Feature","properties":{"lu":"List A Abutting","ct":"Existing","a":0.379},"geometry":{"type":"MultiPolygon","coordinates":[[[[73.27931,31.8898],[73.27906,31.88979],[73.27878,31.8903],[73.27901,31.89034],[73.27931,31.8898]]]]}},{"type":"Feature","properties":{"lu":"List A Abutting","ct":"Existing","a":0.293},"geometry":{"type":"MultiPolygon","coordinates":[[[[73.27705,31.89346],[73.27683,31.89387],[73.27658,31.89374],[73.27653,31.89384],[73.27699,31.89403],[73.27716,31.89349],[73.27705,31.89346]]]]}},{"type":"Feature","properties":{"lu":"List A Abutting","ct":"Existing","a":0.33},"geometry":{"type":"MultiPolygon","coordinates":[[[[73.27574,31.89338],[73.27557,31.8933],[73.27553,31.89342],[73.27651,31.89383],[73.27656,31.89373],[73.27574,31.89338]]]]}},{"type":"Feature","properties":{"lu":"List A Abutting","ct":"Existing","a":0.092},"geometry":{"type":"MultiPolygon","coordinates":[[[[73.27711,31.8932],[73.27706,31.89343],[73.27717,31.89347],[73.27726,31.89323],[73.27711,31.8932]]]]}},{"type":"Feature","properties":{"lu":"List A Abutting","ct":"Existing","a":0.259},"geometry":{"type":"MultiPolygon","coordinates":[[[[73.27551,31.89325],[73.27524,31.89323],[73.27481,31.89297],[73.27474,31.89313],[73.27549,31.89341],[73.27551,31.89325]]]]}},{"type":"Feature","properties":{"lu":"List A Abutting","ct":"Existing","a":0.139},"geometry":{"type":"MultiPolygon","coordinates":[[[[73.27722,31.89291],[73.27705,31.89317],[73.27727,31.89321],[73.27738,31.89296],[73.27722,31.89291]]]]}},{"type":"Feature","properties":{"lu":"List A Abutting","ct":"Existing","a":0.321},"geometry":{"type":"MultiPolygon","coordinates":[[[[73.27477,31.89296],[73.27398,31.89269],[73.27394,31.89282],[73.27472,31.89312],[73.27477,31.89296]]]]}},{"type":"Feature","properties":{"lu":"List A Abutting","ct":"Existing","a":0.129},"geometry":{"type":"MultiPolygon","coordinates":[[[[73.27733,31.89262],[73.27723,31.89289],[73.27739,31.89294],[73.2775,31.89268],[73.27733,31.89262]]]]}},{"type":"Feature","properties":{"lu":"List A Abutting","ct":"Existing","a":0.325},"geometry":{"type":"MultiPolygon","coordinates":[[[[73.27399,31.89265],[73.27392,31.89265],[73.27384,31.8921],[73.27364,31.89212],[73.27378,31.89267],[73.27392,31.8928],[73.27399,31.89265]]]]}},{"type":"Feature","properties":{"lu":"List A Abutting","ct":"Existing","a":0.161},"geometry":{"type":"MultiPolygon","coordinates":[[[[73.27735,31.8923],[73.27731,31.89241],[73.27741,31.89244],[73.27736,31.89258],[73.27752,31.89264],[73.27764,31.89239],[73.27735,31.8923]]]]}},{"type":"Feature","properties":{"lu":"List A Abutting","ct":"Existing","a":0.101},"geometry":{"type":"MultiPolygon","coordinates":[[[[73.27763,31.89207],[73.27753,31.89233],[73.27765,31.89237],[73.27777,31.89211],[73.27763,31.89207]]]]}},{"type":"Feature","properties":{"lu":"List A Abutting","ct":"Existing","a":0.376},"geometry":{"type":"MultiPolygon","coordinates":[[[[73.2738,31.89209],[73.27378,31.89161],[73.27397,31.89156],[73.27393,31.89138],[73.27356,31.89157],[73.27364,31.8921],[73.2738,31.89209]]]]}},{"type":"Feature","properties":{"lu":"List A Abutting","ct":"Existing","a":0.179},"geometry":{"type":"MultiPolygon","coordinates":[[[[73.2778,31.89167],[73.27763,31.89206],[73.27778,31.8921],[73.27796,31.89171],[73.2778,31.89167]]]]}},{"type":"Feature","properties":{"lu":"List A Abutting","ct":"Existing","a":0.244},"geometry":{"type":"MultiPolygon","coordinates":[[[[73.27782,31.89123],[73.27779,31.8914],[73.27789,31.89145],[73.27781,31.89164],[73.27797,31.89168],[73.27814,31.89129],[73.27782,31.89123]]]]}},{"type":"Feature","properties":{"lu":"List A Abutting","ct":"Existing","a":0.068},"geometry":{"type":"MultiPolygon","coordinates":[[[[73.2742,31.89136],[73.27415,31.89126],[73.27396,31.89136],[73.27398,31.89146],[73.2742,31.89136]]]]}},{"type":"Feature","properties":{"lu":"List A Abutting","ct":"Existing","a":0.186},"geometry":{"type":"MultiPolygon","coordinates":[[[[73.27457,31.8913],[73.27445,31.89111],[73.27417,31.89125],[73.27427,31.89144],[73.27457,31.8913]]]]}},{"type":"Feature","properties":{"lu":"List A Abutting","ct":"Existing","a":0.952},"geometry":{"type":"MultiPolygon","coordinates":[[[[73.27875,31.88977],[73.27866,31.89005],[73.2783,31.89001],[73.27825,31.89025],[73.27845,31.89027],[73.27842,31.89043],[73.27803,31.89123],[73.27815,31.89126],[73.27833,31.891],[73.27896,31.8898],[73.27875,31.88977]]]]}},{"type":"Feature","properties":{"lu":"List A Abutting","ct":"Existing","a":0.149},"geometry":{"type":"MultiPolygon","coordinates":[[[[73.27492,31.89105],[73.27482,31.89092],[73.27449,31.89109],[73.27456,31.89121],[73.27492,31.89105]]]]}},{"type":"Feature","properties":{"lu":"List A Abutting","ct":"Existing","a":0.982},"geometry":{"type":"MultiPolygon","coordinates":[[[[73.27601,31.89071],[73.27583,31.89037],[73.27485,31.8909],[73.27515,31.89112],[73.27601,31.89071]]]]}},{"type":"Feature","properties":{"lu":"List A Abutting","ct":"Existing","a":0.123},"geometry":{"type":"MultiPolygon","coordinates":[[[[73.27614,31.89054],[73.27602,31.89027],[73.27589,31.89034],[73.27601,31.8906],[73.27614,31.89054]]]]}},{"type":"Feature","properties":{"lu":"List A Abutting","ct":"Existing","a":0.036},"geometry":{"type":"MultiPolygon","coordinates":[[[[73.27676,31.89441],[73.27672,31.89455],[73.27682,31.89456],[73.27686,31.89443],[73.27676,31.89441]]]]}},{"type":"Feature","properties":{"lu":"List A Abutting","ct":"Existing","a":0.026},"geometry":{"type":"MultiPolygon","coordinates":[[[[73.2768,31.89426],[73.27678,31.89433],[73.27687,31.89441],[73.2769,31.89429],[73.2768,31.89426]]]]}},{"type":"Feature","properties":{"lu":"List A Abutting","ct":"Existing","a":0.454},"geometry":{"type":"MultiPolygon","coordinates":[[[[73.27546,31.89376],[73.27555,31.89372],[73.27619,31.89396],[73.27614,31.89404],[73.2769,31.89428],[73.27692,31.8942],[73.27551,31.89358],[73.27546,31.89376]]]]}},{"type":"Feature","properties":{"lu":"List A Abutting","ct":"Existing","a":0.151},"geometry":{"type":"MultiPolygon","coordinates":[[[[73.27358,31.89466],[73.27347,31.89465],[73.2735,31.89493],[73.27376,31.89494],[73.27377,31.89479],[73.2736,31.89478],[73.27358,31.89466]]]]}},{"type":"Feature","properties":{"lu":"List A Abutting","ct":"Existing","a":0.082},"geometry":{"type":"MultiPolygon","coordinates":[[[[73.27356,31.89443],[73.27345,31.89443],[73.27347,31.89464],[73.27364,31.89465],[73.27356,31.89443]]]]}},{"type":"Feature","properties":{"lu":"List A Abutting","ct":"Existing","a":0.062},"geometry":{"type":"MultiPolygon","coordinates":[[[[73.27351,31.89416],[73.27343,31.89415],[73.27345,31.89441],[73.27356,31.89441],[73.27351,31.89416]]]]}},{"type":"Feature","properties":{"lu":"List A Abutting","ct":"Existing","a":0.072},"geometry":{"type":"MultiPolygon","coordinates":[[[[73.27351,31.89384],[73.2734,31.89384],[73.27343,31.89412],[73.27352,31.89413],[73.27351,31.89384]]]]}},{"type":"Feature","properties":{"lu":"List A Abutting","ct":"Existing","a":0.034},"geometry":{"type":"MultiPolygon","coordinates":[[[[73.27344,31.89358],[73.27338,31.89358],[73.2734,31.89381],[73.27344,31.89358]]]]}},{"type":"Feature","properties":{"lu":"List A Abutting","ct":"Existing","a":0.857},"geometry":{"type":"MultiPolygon","coordinates":[[[[73.27352,31.89355],[73.27338,31.89226],[73.27351,31.89224],[73.27338,31.89166],[73.27317,31.89177],[73.27338,31.89356],[73.27352,31.89355]]]]}},{"type":"Feature","properties":{"lu":"List A Abutting","ct":"Existing","a":0.291},"geometry":{"type":"MultiPolygon","coordinates":[[[[73.27377,31.8929],[73.2736,31.89262],[73.27351,31.89227],[73.2734,31.89227],[73.27348,31.89294],[73.27377,31.8929]]]]}},{"type":"Feature","properties":{"lu":"List A Abutting","ct":"Existing","a":0.095},"geometry":{"type":"MultiPolygon","coordinates":[[[[73.27384,31.89105],[73.27353,31.89122],[73.27355,31.89133],[73.27387,31.89116],[73.27384,31.89105]]]]}},{"type":"Feature","properties":{"lu":"List A Abutting","ct":"Existing","a":0.095},"geometry":{"type":"MultiPolygon","coordinates":[[[[73.27413,31.89092],[73.27385,31.891],[73.27388,31.89115],[73.27414,31.89103],[73.27413,31.89092]]]]}},{"type":"Feature","properties":{"lu":"List A Abutting","ct":"Existing","a":0.125},"geometry":{"type":"MultiPolygon","coordinates":[[[[73.27455,31.89074],[73.27437,31.89079],[73.27437,31.89086],[73.27415,31.89085],[73.27415,31.891],[73.27458,31.89082],[73.27455,31.89074]]]]}},{"type":"Feature","properties":{"lu":"List A Abutting","ct":"Existing","a":0.299},"geometry":{"type":"MultiPolygon","coordinates":[[[[73.27552,31.89027],[73.2748,31.89055],[73.27483,31.89064],[73.27457,31.89073],[73.2746,31.89081],[73.27557,31.89035],[73.27552,31.89027]]]]}},{"type":"Feature","properties":{"lu":"List A Abutting","ct":"Existing","a":0.064},"geometry":{"type":"MultiPolygon","coordinates":[[[[73.27579,31.89014],[73.27553,31.89023],[73.27559,31.89034],[73.2758,31.89022],[73.27579,31.89014]]]]}},{"type":"Feature","properties":{"lu":"List A Abutting","ct":"Existing","a":0.25},"geometry":{"type":"MultiPolygon","coordinates":[[[[73.27595,31.89013],[73.27647,31.88984],[73.27643,31.88971],[73.27617,31.8897],[73.27624,31.88989],[73.276,31.89002],[73.2758,31.89],[73.27583,31.8902],[73.27595,31.89013]]]]}},{"type":"Feature","properties":{"lu":"List A Abutting","ct":"Existing","a":0.342},"geometry":{"type":"MultiPolygon","coordinates":[[[[73.26965,31.8934],[73.26949,31.89358],[73.26933,31.89359],[73.26896,31.89382],[73.26889,31.89375],[73.26897,31.89373],[73.26892,31.89359],[73.26885,31.89361],[73.26864,31.89317],[73.26893,31.89399],[73.2697,31.89353],[73.26965,31.8934]]]]}},{"type":"Feature","properties":{"lu":"List A Abutting","ct":"Existing","a":0.172},"geometry":{"type":"MultiPolygon","coordinates":[[[[73.27031,31.89313],[73.26967,31.89337],[73.26973,31.89352],[73.27033,31.89319],[73.27031,31.89313]]]]}},{"type":"Feature","properties":{"lu":"List A Abutting","ct":"Existing","a":0.057},"geometry":{"type":"MultiPolygon","coordinates":[[[[73.27044,31.89297],[73.2703,31.89302],[73.27035,31.89318],[73.27048,31.89311],[73.27044,31.89297]]]]}},{"type":"Feature","properties":{"lu":"List A Abutting","ct":"Existing","a":0.027},"geometry":{"type":"MultiPolygon","coordinates":[[[[73.26868,31.89313],[73.2686,31.89292],[73.26856,31.89293],[73.26858,31.89299],[73.26863,31.89314],[73.26867,31.89313],[73.26868,31.89313]]]]}},{"type":"Feature","properties":{"lu":"List A Abutting","ct":"Existing","a":0.112},"geometry":{"type":"MultiPolygon","coordinates":[[[[73.27076,31.8928],[73.27046,31.89296],[73.27051,31.89309],[73.27081,31.89294],[73.27076,31.8928]]]]}},{"type":"Feature","properties":{"lu":"List A Abutting","ct":"Existing","a":0.056},"geometry":{"type":"MultiPolygon","coordinates":[[[[73.26864,31.89289],[73.26853,31.89273],[73.2686,31.8927],[73.26857,31.89262],[73.26845,31.89265],[73.26855,31.89291],[73.26864,31.89289]]]]}},{"type":"Feature","properties":{"lu":"List A Abutting","ct":"Existing","a":0.092},"geometry":{"type":"MultiPolygon","coordinates":[[[[73.27109,31.89266],[73.27078,31.89279],[73.27084,31.89289],[73.27115,31.89275],[73.27109,31.89266]]]]}},{"type":"Feature","properties":{"lu":"List A Abutting","ct":"Existing","a":0.05},"geometry":{"type":"MultiPolygon","coordinates":[[[[73.27132,31.89255],[73.27113,31.8927],[73.27127,31.89269],[73.27132,31.89255]]]]}},{"type":"Feature","properties":{"lu":"List A Abutting","ct":"Existing","a":0.046},"geometry":{"type":"MultiPolygon","coordinates":[[[[73.2685,31.89261],[73.26842,31.89234],[73.26835,31.89236],[73.26845,31.89263],[73.2685,31.89261]]]]}},{"type":"Feature","properties":{"lu":"List A Abutting","ct":"Existing","a":0.313},"geometry":{"type":"MultiPolygon","coordinates":[[[[73.27199,31.89202],[73.27205,31.89211],[73.27172,31.89229],[73.27149,31.89231],[73.2715,31.89244],[73.27141,31.89245],[73.27137,31.89258],[73.27218,31.89214],[73.27212,31.89199],[73.27199,31.89202]]]]}},{"type":"Feature","properties":{"lu":"List A Abutting","ct":"Existing","a":0.061},"geometry":{"type":"MultiPolygon","coordinates":[[[[73.26841,31.89231],[73.26836,31.89211],[73.26823,31.89206],[73.26833,31.89233],[73.26841,31.89231]]]]}},{"type":"Feature","properties":{"lu":"List A Abutting","ct":"Existing","a":0.251},"geometry":{"type":"MultiPolygon","coordinates":[[[[73.27259,31.89169],[73.27212,31.89184],[73.27219,31.89207],[73.2726,31.89185],[73.27259,31.89169]]]]}},{"type":"Feature","properties":{"lu":"List A Abutting","ct":"Existing","a":0.066},"geometry":{"type":"MultiPolygon","coordinates":[[[[73.26829,31.89202],[73.26822,31.89175],[73.26812,31.89177],[73.26822,31.89203],[73.26829,31.89202]]]]}},{"type":"Feature","properties":{"lu":"List A Abutting","ct":"Existing","a":0.19},"geometry":{"type":"MultiPolygon","coordinates":[[[[73.27295,31.89156],[73.27287,31.89159],[73.27285,31.8915],[73.27261,31.89153],[73.27263,31.89184],[73.27296,31.89165],[73.27295,31.89156]]]]}},{"type":"Feature","properties":{"lu":"List A Abutting","ct":"Existing","a":0.049},"geometry":{"type":"MultiPolygon","coordinates":[[[[73.26815,31.89173],[73.2681,31.89147],[73.26801,31.89149],[73.26815,31.89173]]]]}},{"type":"Feature","properties":{"lu":"List A Abutting","ct":"Existing","a":0.092},"geometry":{"type":"MultiPolygon","coordinates":[[[[73.27331,31.89143],[73.27299,31.89146],[73.27302,31.89164],[73.27331,31.89143]]]]}},{"type":"Feature","properties":{"lu":"List A Abutting","ct":"Existing","a":0.101},"geometry":{"type":"MultiPolygon","coordinates":[[[[73.27325,31.89414],[73.2732,31.89441],[73.27339,31.89443],[73.27337,31.89414],[73.27325,31.89414]]]]}},{"type":"Feature","properties":{"lu":"List A Abutting","ct":"Existing","a":0.102},"geometry":{"type":"MultiPolygon","coordinates":[[[[73.27318,31.89383],[73.27325,31.89412],[73.27336,31.89412],[73.27334,31.89383],[73.27318,31.89383]]]]}},{"type":"Feature","properties":{"lu":"List A Abutting","ct":"Existing","a":0.042},"geometry":{"type":"MultiPolygon","coordinates":[[[[73.27325,31.89359],[73.27326,31.89382],[73.27334,31.89381],[73.27332,31.89358],[73.27325,31.89359]]]]}},{"type":"Feature","properties":{"lu":"List A Abutting","ct":"Existing","a":0.048},"geometry":{"type":"MultiPolygon","coordinates":[[[[73.27322,31.89335],[73.27324,31.89357],[73.27332,31.89357],[73.2733,31.89333],[73.27322,31.89335]]]]}},{"type":"Feature","properties":{"lu":"List A Abutting","ct":"Existing","a":0.257},"geometry":{"type":"MultiPolygon","coordinates":[[[[73.27127,31.89306],[73.27122,31.89292],[73.27056,31.89331],[73.27057,31.8934],[73.2707,31.89338],[73.27068,31.89331],[73.27085,31.89333],[73.27083,31.89326],[73.27114,31.89319],[73.27112,31.8931],[73.27127,31.89306]]]]}},{"type":"Feature","properties":{"lu":"List A Abutting","ct":"Existing","a":0.058},"geometry":{"type":"MultiPolygon","coordinates":[[[[73.27318,31.89314],[73.27317,31.89334],[73.27329,31.89331],[73.27328,31.89313],[73.27318,31.89314]]]]}},{"type":"Feature","properties":{"lu":"List A Abutting","ct":"Existing","a":0.863},"geometry":{"type":"MultiPolygon","coordinates":[[[[73.27198,31.89263],[73.27246,31.89251],[73.27242,31.89236],[73.27266,31.89226],[73.27265,31.89219],[73.27289,31.89213],[73.27287,31.89204],[73.273,31.89202],[73.27306,31.89254],[73.27318,31.8927],[73.2731,31.89278],[73.27314,31.893],[73.2732,31.893],[73.27319,31.89312],[73.27327,31.8931],[73.27312,31.89184],[73.27239,31.89225],[73.27241,31.89233],[73.27235,31.89235],[73.27234,31.89228],[73.27193,31.8925],[73.27198,31.89263]]]]}},{"type":"Feature","properties":{"lu":"List A Abutting","ct":"Existing","a":0.115},"geometry":{"type":"MultiPolygon","coordinates":[[[[73.27163,31.89287],[73.27159,31.8927],[73.27123,31.89287],[73.27163,31.89287]]]]}},{"type":"Feature","properties":{"lu":"List A Abutting","ct":"Existing","a":0.063},"geometry":{"type":"MultiPolygon","coordinates":[[[[73.27194,31.89254],[73.27162,31.89268],[73.27165,31.89279],[73.27176,31.89277],[73.27173,31.89266],[73.27194,31.89254]]]]}},{"type":"Feature","properties":{"lu":"List A Abutting","ct":"Existing","a":0.399},"geometry":{"type":"MultiPolygon","coordinates":[[[[73.27604,31.91799],[73.27582,31.91766],[73.27587,31.91762],[73.27566,31.9175],[73.27545,31.91707],[73.27535,31.91709],[73.27546,31.91738],[73.27557,31.91734],[73.27546,31.91739],[73.27587,31.91802],[73.27604,31.91799]]]]}},{"type":"Feature","properties":{"lu":"List A Abutting","ct":"Existing","a":1.267},"geometry":{"type":"MultiPolygon","coordinates":[[[[73.27557,31.91701],[73.2755,31.91625],[73.27539,31.91625],[73.27546,31.91569],[73.27537,31.91568],[73.27536,31.91549],[73.27489,31.91548],[73.275,31.91557],[73.27506,31.91591],[73.27501,31.91591],[73.27537,31.91704],[73.27557,31.91701]]]]}},{"type":"Feature","properties":{"lu":"List A Abutting","ct":"Existing","a":0.363},"geometry":{"type":"MultiPolygon","coordinates":[[[[73.27503,31.91506],[73.27471,31.91504],[73.27482,31.91542],[73.27521,31.91542],[73.27523,31.91521],[73.27502,31.91519],[73.27503,31.91506]]]]}},{"type":"Feature","properties":{"lu":"List A Abutting","ct":"Existing","a":0.232},"geometry":{"type":"MultiPolygon","coordinates":[[[[73.27968,31.92296],[73.27927,31.92295],[73.27946,31.92324],[73.27968,31.92326],[73.27968,31.92296]]]]}},{"type":"Feature","properties":{"lu":"List A Abutting","ct":"Existing","a":0.49},"geometry":{"type":"MultiPolygon","coordinates":[[[[73.27967,31.92259],[73.27899,31.92254],[73.27924,31.92291],[73.27968,31.92292],[73.27967,31.92259]]]]}},{"type":"Feature","properties":{"lu":"List A Abutting","ct":"Existing","a":0.41},"geometry":{"type":"MultiPolygon","coordinates":[[[[73.27939,31.92222],[73.27875,31.92219],[73.27896,31.9225],[73.27938,31.92253],[73.27939,31.92222]]]]}},{"type":"Feature","properties":{"lu":"List A Abutting","ct":"Existing","a":0.234},"geometry":{"type":"MultiPolygon","coordinates":[[[[73.27893,31.92215],[73.27892,31.92196],[73.27881,31.92195],[73.27882,31.9218],[73.27853,31.92181],[73.27873,31.92216],[73.27893,31.92215]]]]}},{"type":"Feature","properties":{"lu":"List A Abutting","ct":"Existing","a":0.747},"geometry":{"type":"MultiPolygon","coordinates":[[[[73.27937,31.9213],[73.27901,31.92135],[73.27853,31.92166],[73.27852,31.92176],[73.27933,31.9218],[73.27937,31.9213]]]]}},{"type":"Feature","properties":{"lu":"List A Abutting","ct":"Existing","a":0.219},"geometry":{"type":"MultiPolygon","coordinates":[[[[73.27868,31.92147],[73.27849,31.92119],[73.27827,31.92128],[73.27848,31.92161],[73.27868,31.92147]]]]}},{"type":"Feature","properties":{"lu":"List A Abutting","ct":"Existing","a":0.963},"geometry":{"type":"MultiPolygon","coordinates":[[[[73.27821,31.92117],[73.27867,31.92097],[73.27831,31.92047],[73.27776,31.92075],[73.27809,31.92123],[73.27821,31.92117]]]]}},{"type":"Feature","properties":{"lu":"List A Abutting","ct":"Existing","a":0.657},"geometry":{"type":"MultiPolygon","coordinates":[[[[73.27722,31.91999],[73.27758,31.92049],[73.27796,31.92035],[73.27766,31.91984],[73.27722,31.91999]]]]}},{"type":"Feature","properties":{"lu":"List A Abutting","ct":"Existing","a":0.236},"geometry":{"type":"MultiPolygon","coordinates":[[[[73.27753,31.91963],[73.27704,31.91974],[73.27718,31.91994],[73.2776,31.91978],[73.27753,31.91963]]]]}},{"type":"Feature","properties":{"lu":"List A Abutting","ct":"Existing","a":0.091},"geometry":{"type":"MultiPolygon","coordinates":[[[[73.27724,31.91964],[73.2772,31.91952],[73.2769,31.91956],[73.27698,31.91967],[73.27724,31.91964]]]]}},{"type":"Feature","properties":{"lu":"List A Abutting","ct":"Existing","a":0.921},"geometry":{"type":"MultiPolygon","coordinates":[[[[73.27719,31.91948],[73.27709,31.91883],[73.27691,31.91885],[73.27685,31.91877],[73.2764,31.91885],[73.27689,31.91954],[73.27719,31.91948]]]]}},{"type":"Feature","properties":{"lu":"List A Abutting","ct":"Existing","a":1.052},"geometry":{"type":"MultiPolygon","coordinates":[[[[73.27684,31.91874],[73.27682,31.91844],[73.27651,31.91843],[73.2765,31.91801],[73.27589,31.91809],[73.27639,31.91883],[73.27684,31.91874]]]]}},{"type":"Feature","properties":{"lu":"List A Abutting","ct":"Existing","a":3.952},"geometry":{"type":"MultiPolygon","coordinates":[[[[73.276,31.91326],[73.27553,31.9129],[73.27521,31.91305],[73.2751,31.9132],[73.27519,31.91359],[73.2746,31.91305],[73.27454,31.91283],[73.27431,31.91291],[73.27425,31.91261],[73.27409,31.91263],[73.27446,31.9142],[73.27466,31.91437],[73.27483,31.91432],[73.276,31.91326]]]]}},{"type":"Feature","properties":{"lu":"List A Abutting","ct":"Existing","a":0.132},"geometry":{"type":"MultiPolygon","coordinates":[[[[73.27424,31.91257],[73.27418,31.91226],[73.27402,31.91228],[73.27409,31.91259],[73.27424,31.91257]]]]}},{"type":"Feature","properties":{"lu":"List A Abutting","ct":"Existing","a":0.098},"geometry":{"type":"MultiPolygon","coordinates":[[[[73.27417,31.91222],[73.27413,31.91201],[73.27395,31.91203],[73.27401,31.91224],[73.27417,31.91222]]]]}},{"type":"Feature","properties":{"lu":"List A Abutting","ct":"Existing","a":0.109},"geometry":{"type":"MultiPolygon","coordinates":[[[[73.27412,31.91198],[73.27408,31.91177],[73.27387,31.9118],[73.27394,31.912],[73.27412,31.91198]]]]}},{"type":"Feature","properties":{"lu":"List A Abutting","ct":"Existing","a":0.257},"geometry":{"type":"MultiPolygon","coordinates":[[[[73.27408,31.91174],[73.27401,31.91137],[73.27372,31.91136],[73.27386,31.91177],[73.27408,31.91174]]]]}},{"type":"Feature","properties":{"lu":"List A Abutting","ct":"Existing","a":6.174},"geometry":{"type":"MultiPolygon","coordinates":[[[[73.27474,31.91106],[73.27486,31.91018],[73.27415,31.91007],[73.2742,31.90927],[73.27306,31.90922],[73.27336,31.91023],[73.2736,31.90993],[73.27368,31.90993],[73.27338,31.91029],[73.2737,31.91132],[73.2747,31.91135],[73.27474,31.91106]]]]}},{"type":"Feature","properties":{"lu":"List A Abutting","ct":"Existing","a":0.384},"geometry":{"type":"MultiPolygon","coordinates":[[[[73.27329,31.9087],[73.27295,31.90868],[73.27302,31.90909],[73.2734,31.90911],[73.27329,31.9087]]]]}},{"type":"Feature","properties":{"lu":"List A Abutting","ct":"Existing","a":0.239},"geometry":{"type":"MultiPolygon","coordinates":[[[[73.27327,31.90841],[73.27291,31.90838],[73.27295,31.90865],[73.27329,31.90868],[73.27327,31.90841]]]]}},{"type":"Feature","properties":{"lu":"List A Abutting","ct":"Existing","a":0.703},"geometry":{"type":"MultiPolygon","coordinates":[[[[73.27295,31.90747],[73.27268,31.90746],[73.2729,31.90834],[73.27315,31.90836],[73.27316,31.90761],[73.27295,31.90759],[73.27295,31.90747]]]]}},{"type":"Feature","properties":{"lu":"List A Abutting","ct":"Existing","a":0.546},"geometry":{"type":"MultiPolygon","coordinates":[[[[73.27303,31.90691],[73.27251,31.9069],[73.27267,31.90743],[73.27295,31.90744],[73.27303,31.90691]]]]}},{"type":"Feature","properties":{"lu":"List A Abutting","ct":"Existing","a":0.2},"geometry":{"type":"MultiPolygon","coordinates":[[[[73.27266,31.90653],[73.27242,31.90656],[73.2725,31.90686],[73.27272,31.90687],[73.27266,31.90653]]]]}},{"type":"Feature","properties":{"lu":"List A Abutting","ct":"Existing","a":0.154},"geometry":{"type":"MultiPolygon","coordinates":[[[[73.27249,31.90607],[73.27229,31.9061],[73.2724,31.90648],[73.27252,31.90649],[73.27249,31.90607]]]]}},{"type":"Feature","properties":{"lu":"List A Abutting","ct":"Existing","a":0.336},"geometry":{"type":"MultiPolygon","coordinates":[[[[73.27239,31.90568],[73.27234,31.90543],[73.27212,31.90548],[73.27229,31.90608],[73.27248,31.90606],[73.27239,31.90568]]]]}},{"type":"Feature","properties":{"lu":"List A Abutting","ct":"Existing","a":0.315},"geometry":{"type":"MultiPolygon","coordinates":[[[[73.27233,31.90541],[73.27206,31.90479],[73.27194,31.90487],[73.27211,31.90545],[73.27233,31.90541]]]]}},{"type":"Feature","properties":{"lu":"List A Abutting","ct":"Existing","a":1.895},"geometry":{"type":"MultiPolygon","coordinates":[[[[73.2717,31.90267],[73.27166,31.90252],[73.2713,31.90261],[73.27191,31.90474],[73.27203,31.90458],[73.27212,31.90423],[73.2717,31.90267]]]]}},{"type":"Feature","properties":{"lu":"List A Abutting","ct":"Existing","a":4.317},"geometry":{"type":"MultiPolygon","coordinates":[[[[73.27198,31.90238],[73.27193,31.90219],[73.27205,31.90217],[73.27174,31.90096],[73.27093,31.90102],[73.27101,31.90074],[73.27079,31.90072],[73.27083,31.90051],[73.27154,31.90043],[73.27153,31.90033],[73.27254,31.90032],[73.27255,31.90021],[73.27116,31.90032],[73.27118,31.90048],[73.27115,31.90032],[73.27059,31.90039],[73.27129,31.90256],[73.27198,31.90238]]]]}},{"type":"Feature","properties":{"lu":"List A Abutting","ct":"Existing","a":0.307},"geometry":{"type":"MultiPolygon","coordinates":[[[[73.27379,31.90099],[73.27351,31.90026],[73.27344,31.90014],[73.27335,31.90015],[73.27357,31.90058],[73.27343,31.90061],[73.27359,31.90087],[73.27355,31.90097],[73.27379,31.90099]]]]}},{"type":"Feature","properties":{"lu":"List A Abutting","ct":"Existing","a":0.64},"geometry":{"type":"MultiPolygon","coordinates":[[[[73.2741,31.90108],[73.27437,31.90107],[73.27431,31.90065],[73.2737,31.90067],[73.27384,31.90109],[73.2741,31.90108]]]]}},{"type":"Feature","properties":{"lu":"List A Abutting","ct":"Existing","a":0.307},"geometry":{"type":"MultiPolygon","coordinates":[[[[73.27377,31.90065],[73.27358,31.90018],[73.27457,31.90007],[73.27453,31.89996],[73.27347,31.90013],[73.27369,31.90065],[73.27377,31.90065]]]]}},{"type":"Feature","properties":{"lu":"List A Abutting","ct":"Existing","a":0.244},"geometry":{"type":"MultiPolygon","coordinates":[[[[73.27492,31.90006],[73.27519,31.90002],[73.27515,31.89986],[73.27455,31.89995],[73.27458,31.90007],[73.27492,31.90006]]]]}},{"type":"Feature","properties":{"lu":"List A Abutting","ct":"Existing","a":0.107},"geometry":{"type":"MultiPolygon","coordinates":[[[[73.27541,31.89971],[73.27535,31.89959],[73.27518,31.89973],[73.27521,31.89985],[73.27546,31.89982],[73.27541,31.89971]]]]}},{"type":"Feature","properties":{"lu":"List A Abutting","ct":"Existing","a":0.246},"geometry":{"type":"MultiPolygon","coordinates":[[[[73.27579,31.8995],[73.27571,31.89926],[73.27537,31.89957],[73.27543,31.89971],[73.27579,31.8995]]]]}},{"type":"Feature","properties":{"lu":"List A Abutting","ct":"Existing","a":0.227},"geometry":{"type":"MultiPolygon","coordinates":[[[[73.27605,31.89932],[73.27599,31.89902],[73.27572,31.89925],[73.27581,31.89949],[73.27605,31.89932]]]]}},{"type":"Feature","properties":{"lu":"List A Abutting","ct":"Existing","a":0.105},"geometry":{"type":"MultiPolygon","coordinates":[[[[73.27629,31.89909],[73.2761,31.89893],[73.276,31.89901],[73.27607,31.8992],[73.27629,31.89909]]]]}},{"type":"Feature","properties":{"lu":"List A Abutting","ct":"Existing","a":0.106},"geometry":{"type":"MultiPolygon","coordinates":[[[[73.27646,31.89878],[73.27636,31.8987],[73.27611,31.89892],[73.2762,31.899],[73.27646,31.89878]]]]}},{"type":"Feature","properties":{"lu":"List A Abutting","ct":"Existing","a":0.104},"geometry":{"type":"MultiPolygon","coordinates":[[[[73.27669,31.89858],[73.27658,31.89849],[73.27637,31.89868],[73.27647,31.89877],[73.27669,31.89858]]]]}},{"type":"Feature","properties":{"lu":"List A Abutting","ct":"Existing","a":0.132},"geometry":{"type":"MultiPolygon","coordinates":[[[[73.27694,31.89835],[73.27685,31.89823],[73.2766,31.89847],[73.27671,31.89857],[73.27694,31.89835]]]]}},{"type":"Feature","properties":{"lu":"List A Abutting","ct":"Existing","a":0.142},"geometry":{"type":"MultiPolygon","coordinates":[[[[73.27721,31.89811],[73.27715,31.89796],[73.27686,31.89822],[73.27695,31.89835],[73.27721,31.89811]]]]}},{"type":"Feature","properties":{"lu":"List A Abutting","ct":"Existing","a":0.446},"geometry":{"type":"MultiPolygon","coordinates":[[[[73.27742,31.89792],[73.27805,31.89749],[73.27794,31.89732],[73.27717,31.89795],[73.2772,31.89803],[73.27742,31.89792]]]]}},{"type":"Feature","properties":{"lu":"List A Abutting","ct":"Existing","a":0.052},"geometry":{"type":"MultiPolygon","coordinates":[[[[73.27819,31.89727],[73.27811,31.89717],[73.27796,31.8973],[73.278,31.89736],[73.27819,31.89727]]]]}},{"type":"Feature","properties":{"lu":"List A Abutting","ct":"Existing","a":1.474},"geometry":{"type":"MultiPolygon","coordinates":[[[[73.27537,31.8994],[73.2752,31.89946],[73.27505,31.89865],[73.27499,31.89864],[73.27484,31.89802],[73.27501,31.89803],[73.27501,31.89793],[73.2752,31.89794],[73.27521,31.89786],[73.27532,31.89786],[73.27539,31.89799],[73.27582,31.89788],[73.27578,31.89772],[73.27672,31.89749],[73.27668,31.89728],[73.27472,31.89794],[73.27516,31.89966],[73.27537,31.8994]]]]}},{"type":"Feature","properties":{"lu":"List A Abutting","ct":"Existing","a":0.213},"geometry":{"type":"MultiPolygon","coordinates":[[[[73.27587,31.89881],[73.27587,31.89892],[73.27576,31.89892],[73.27574,31.89906],[73.27559,31.89908],[73.27561,31.89918],[73.27537,31.8993],[73.27541,31.89942],[73.27607,31.89883],[73.27587,31.89881]]]]}},{"type":"Feature","properties":{"lu":"List A Abutting","ct":"Existing","a":0.059},"geometry":{"type":"MultiPolygon","coordinates":[[[[73.2761,31.89855],[73.27603,31.89882],[73.27622,31.89869],[73.2761,31.89865],[73.2761,31.89855]]]]}},{"type":"Feature","properties":{"lu":"List A Abutting","ct":"Existing","a":0.628},"geometry":{"type":"MultiPolygon","coordinates":[[[[73.27711,31.8978],[73.27691,31.89783],[73.2769,31.89793],[73.27672,31.89791],[73.27665,31.89793],[73.27666,31.89801],[73.27653,31.89801],[73.27655,31.89815],[73.27631,31.8982],[73.27633,31.89838],[73.27627,31.89837],[73.27627,31.89847],[73.27612,31.89847],[73.27611,31.89864],[73.27624,31.89868],[73.27712,31.89788],[73.27711,31.8978]]]]}},{"type":"Feature","properties":{"lu":"List A Abutting","ct":"Existing","a":0.139},"geometry":{"type":"MultiPolygon","coordinates":[[[[73.27758,31.89742],[73.27719,31.89764],[73.27723,31.89773],[73.27713,31.89779],[73.27714,31.89786],[73.2776,31.89749],[73.27758,31.89742]]]]}},{"type":"Feature","properties":{"lu":"List A Abutting","ct":"Existing","a":0.632},"geometry":{"type":"MultiPolygon","coordinates":[[[[73.27751,31.89714],[73.27779,31.89708],[73.27783,31.89718],[73.27755,31.89726],[73.27762,31.89747],[73.27839,31.89681],[73.27836,31.89673],[73.27747,31.89702],[73.27751,31.89714]]]]}},{"type":"Feature","properties":{"lu":"List A Abutting","ct":"Existing","a":0.069},"geometry":{"type":"MultiPolygon","coordinates":[[[[73.27692,31.89734],[73.27687,31.89722],[73.2767,31.89728],[73.27673,31.89741],[73.27692,31.89734]]]]}},{"type":"Feature","properties":{"lu":"List A Abutting","ct":"Existing","a":0.207},"geometry":{"type":"MultiPolygon","coordinates":[[[[73.27695,31.89734],[73.27748,31.89712],[73.27745,31.89703],[73.27689,31.89721],[73.27695,31.89734]]]]}},{"type":"Feature","properties":{"lu":"List A Abutting","ct":"Existing","a":0.086},"geometry":{"type":"MultiPolygon","coordinates":[[[[73.27333,31.90012],[73.27318,31.89996],[73.27304,31.89998],[73.27308,31.90014],[73.27333,31.90012]]]]}},{"type":"Feature","properties":{"lu":"List A Abutting","ct":"Existing","a":0.154},"geometry":{"type":"MultiPolygon","coordinates":[[[[73.27373,31.89991],[73.27343,31.89994],[73.27342,31.90004],[73.27333,31.90005],[73.2734,31.90011],[73.27381,31.90004],[73.27373,31.89991]]]]}},{"type":"Feature","properties":{"lu":"List A Abutting","ct":"Existing","a":0.146},"geometry":{"type":"MultiPolygon","coordinates":[[[[73.27431,31.89983],[73.27382,31.89995],[73.27385,31.90003],[73.27436,31.89995],[73.27431,31.89983]]]]}},{"type":"Feature","properties":{"lu":"List A Abutting","ct":"Existing","a":0.848},"geometry":{"type":"MultiPolygon","coordinates":[[[[73.27318,31.89994],[73.27307,31.89958],[73.27311,31.89939],[73.27298,31.89923],[73.27287,31.89925],[73.27271,31.89875],[73.2726,31.89871],[73.27312,31.89866],[73.27311,31.8986],[73.27326,31.89857],[73.27321,31.8984],[73.2725,31.89862],[73.27304,31.89997],[73.27318,31.89994]]]]}},{"type":"Feature","properties":{"lu":"List A Abutting","ct":"Existing","a":0.192},"geometry":{"type":"MultiPolygon","coordinates":[[[[73.275,31.89955],[73.27504,31.89965],[73.27495,31.89976],[73.27435,31.89986],[73.27438,31.89994],[73.27498,31.89985],[73.27512,31.89973],[73.27507,31.89954],[73.275,31.89955]]]]}},{"type":"Feature","properties":{"lu":"List A Abutting","ct":"Existing","a":0.213},"geometry":{"type":"MultiPolygon","coordinates":[[[[73.27495,31.89953],[73.27506,31.89952],[73.27489,31.89876],[73.2748,31.89877],[73.27478,31.89894],[73.27487,31.89904],[73.2748,31.89917],[73.27487,31.89918],[73.27495,31.89953]]]]}},{"type":"Feature","properties":{"lu":"List A Abutting","ct":"Existing","a":0.084},"geometry":{"type":"MultiPolygon","coordinates":[[[[73.27471,31.89839],[73.2748,31.89874],[73.27488,31.89874],[73.27479,31.89837],[73.27471,31.89839]]]]}},{"type":"Feature","properties":{"lu":"List A Abutting","ct":"Existing","a":0.058},"geometry":{"type":"MultiPolygon","coordinates":[[[[73.27349,31.89843],[73.27346,31.89833],[73.27324,31.89839],[73.27327,31.89849],[73.27349,31.89843]]]]}},{"type":"Feature","properties":{"lu":"List A Abutting","ct":"Existing","a":0.581},"geometry":{"type":"MultiPolygon","coordinates":[[[[73.27364,31.89839],[73.27383,31.89834],[73.27419,31.89838],[73.27416,31.89826],[73.27455,31.89814],[73.27463,31.89826],[73.27456,31.89828],[73.27458,31.89833],[73.27479,31.89835],[73.27465,31.89796],[73.27348,31.89833],[73.27353,31.89847],[73.27365,31.89845],[73.27364,31.89839]],[[73.274569,31.898136],[73.274628,31.898118],[73.274629,31.89812],[73.274569,31.898136]]]]}},{"type":"Feature","properties":{"lu":"List A Abutting","ct":"Existing","a":0.208},"geometry":{"type":"MultiPolygon","coordinates":[[[[73.27085,31.90024],[73.27081,31.89997],[73.27053,31.90002],[73.27062,31.90032],[73.27086,31.90029],[73.27085,31.90024]]]]}},{"type":"Feature","properties":{"lu":"List A Abutting","ct":"Existing","a":0.478},"geometry":{"type":"MultiPolygon","coordinates":[[[[73.27177,31.90004],[73.27144,31.90014],[73.27136,31.90003],[73.27122,31.90005],[73.27119,31.8999],[73.27108,31.89992],[73.2711,31.90009],[73.27085,31.9001],[73.27088,31.90029],[73.27179,31.90023],[73.27177,31.90004]]]]}},{"type":"Feature","properties":{"lu":"List A Abutting","ct":"Existing","a":0.139},"geometry":{"type":"MultiPolygon","coordinates":[[[[73.27216,31.90007],[73.2718,31.9001],[73.27181,31.90022],[73.27227,31.9002],[73.27227,31.90012],[73.27216,31.90007]]]]}},{"type":"Feature","properties":{"lu":"List A Abutting","ct":"Existing","a":0.187},"geometry":{"type":"MultiPolygon","coordinates":[[[[73.27269,31.90001],[73.27218,31.90009],[73.27229,31.90008],[73.27229,31.9002],[73.27283,31.90016],[73.27282,31.90008],[73.27269,31.90001]]]]}},{"type":"Feature","properties":{"lu":"List A Abutting","ct":"Existing","a":1.136},"geometry":{"type":"MultiPolygon","coordinates":[[[[73.27144,31.89918],[73.27234,31.89898],[73.27229,31.8988],[73.27245,31.89881],[73.27246,31.89903],[73.27283,31.89969],[73.27283,31.90016],[73.27303,31.90015],[73.27298,31.89986],[73.27244,31.89863],[73.27138,31.89897],[73.27144,31.89918]]]]}},{"type":"Feature","properties":{"lu":"List A Abutting","ct":"Existing","a":0.593},"geometry":{"type":"MultiPolygon","coordinates":[[[[73.27072,31.89996],[73.27066,31.89974],[73.27075,31.89965],[73.27072,31.89917],[73.27034,31.89932],[73.27049,31.9],[73.27072,31.89996]]]]}},{"type":"Feature","properties":{"lu":"List A Abutting","ct":"Existing","a":0.174},"geometry":{"type":"MultiPolygon","coordinates":[[[[73.27087,31.89924],[73.27137,31.89908],[73.27134,31.89898],[73.27074,31.89916],[73.27078,31.89926],[73.27087,31.89924]]]]}},{"type":"Feature","properties":{"lu":"List A Abutting","ct":"Existing","a":0.673},"geometry":{"type":"MultiPolygon","coordinates":[[[[73.26691,31.90187],[73.26629,31.9024],[73.26612,31.90215],[73.26599,31.90169],[73.26574,31.90167],[73.2663,31.90261],[73.26697,31.902],[73.26691,31.90187]]]]}},{"type":"Feature","properties":{"lu":"List A Abutting","ct":"Existing","a":0.621},"geometry":{"type":"MultiPolygon","coordinates":[[[[73.26788,31.90114],[73.26754,31.90116],[73.26751,31.9015],[73.26698,31.90153],[73.26694,31.90194],[73.267,31.90197],[73.26789,31.90127],[73.26788,31.90114]]]]}},{"type":"Feature","properties":{"lu":"List A Abutting","ct":"Existing","a":0.71},"geometry":{"type":"MultiPolygon","coordinates":[[[[73.26576,31.90122],[73.26551,31.90126],[73.26572,31.90163],[73.26625,31.90165],[73.26629,31.90124],[73.26576,31.90122]]]]}},{"type":"Feature","properties":{"lu":"List A Abutting","ct":"Existing","a":0.181},"geometry":{"type":"MultiPolygon","coordinates":[[[[73.26826,31.90092],[73.26792,31.90094],[73.26792,31.90125],[73.26826,31.90106],[73.26826,31.90092]]]]}},{"type":"Feature","properties":{"lu":"List A Abutting","ct":"Existing","a":0.342},"geometry":{"type":"MultiPolygon","coordinates":[[[[73.26963,31.90083],[73.26886,31.90082],[73.26885,31.90097],[73.26934,31.90108],[73.26965,31.9009],[73.26963,31.90083]]]]}},{"type":"Feature","properties":{"lu":"List A Abutting","ct":"Existing","a":0.112},"geometry":{"type":"MultiPolygon","coordinates":[[[[73.26862,31.90084],[73.26828,31.90086],[73.26828,31.90105],[73.26861,31.90092],[73.26862,31.90084]]]]}},{"type":"Feature","properties":{"lu":"List A Abutting","ct":"Existing","a":0.07},"geometry":{"type":"MultiPolygon","coordinates":[[[[73.26885,31.90082],[73.26863,31.90084],[73.26862,31.90092],[73.26883,31.90097],[73.26885,31.90082]]]]}},{"type":"Feature","properties":{"lu":"List A Abutting","ct":"Existing","a":0.372},"geometry":{"type":"MultiPolygon","coordinates":[[[[73.27043,31.90039],[73.26989,31.90046],[73.26992,31.90065],[73.26962,31.90072],[73.26967,31.90088],[73.27013,31.90062],[73.27042,31.90055],[73.27043,31.90039]]]]}},{"type":"Feature","properties":{"lu":"List A Abutting","ct":"Existing","a":0.416},"geometry":{"type":"MultiPolygon","coordinates":[[[[73.26694,31.90419],[73.26675,31.90389],[73.26632,31.90405],[73.26647,31.90434],[73.26694,31.90419]]]]}},{"type":"Feature","properties":{"lu":"List A Abutting","ct":"Existing","a":0.372},"geometry":{"type":"MultiPolygon","coordinates":[[[[73.26626,31.9034],[73.26644,31.90371],[73.26628,31.90374],[73.26643,31.90396],[73.26673,31.90385],[73.26642,31.90333],[73.26626,31.9034]]]]}},{"type":"Feature","properties":{"lu":"List A Abutting","ct":"Existing","a":0.594},"geometry":{"type":"MultiPolygon","coordinates":[[[[73.2657,31.90291],[73.26587,31.90337],[73.26598,31.90334],[73.26602,31.90345],[73.26634,31.90333],[73.26599,31.90277],[73.2657,31.90291]]]]}},{"type":"Feature","properties":{"lu":"List A Abutting","ct":"Existing","a":1.176},"geometry":{"type":"MultiPolygon","coordinates":[[[[73.26518,31.90183],[73.26504,31.90215],[73.26528,31.90218],[73.2653,31.90208],[73.26548,31.90211],[73.26533,31.90305],[73.26597,31.90273],[73.26535,31.90168],[73.26518,31.90183]]]]}},{"type":"Feature","properties":{"lu":"List A Abutting","ct":"Existing","a":0.296},"geometry":{"type":"MultiPolygon","coordinates":[[[[73.261,31.90262],[73.26092,31.90234],[73.26056,31.90244],[73.26059,31.90274],[73.261,31.90262]]]]}},{"type":"Feature","properties":{"lu":"List A Abutting","ct":"Existing","a":2.125},"geometry":{"type":"MultiPolygon","coordinates":[[[[73.26301,31.90203],[73.26284,31.90163],[73.26104,31.90221],[73.26101,31.90251],[73.26105,31.90261],[73.26236,31.90222],[73.26238,31.90228],[73.26248,31.90226],[73.26245,31.90219],[73.26301,31.90203]]]]}},{"type":"Feature","properties":{"lu":"List A Abutting","ct":"Existing","a":1.288},"geometry":{"type":"MultiPolygon","coordinates":[[[[73.2639,31.90183],[73.26398,31.90126],[73.2629,31.90161],[73.2631,31.90206],[73.2639,31.90183]]]]}},{"type":"Feature","properties":{"lu":"List A Abutting","ct":"Existing","a":1.29},"geometry":{"type":"MultiPolygon","coordinates":[[[[73.26398,31.90153],[73.26492,31.90131],[73.26499,31.9016],[73.26493,31.90168],[73.26514,31.9018],[73.26539,31.90161],[73.26499,31.90096],[73.26401,31.90124],[73.26398,31.90153]]]]}},{"type":"Feature","properties":{"lu":"List A Abutting","ct":"Existing","a":0.485},"geometry":{"type":"MultiPolygon","coordinates":[[[[73.26085,31.90193],[73.26043,31.90199],[73.26035,31.90205],[73.26042,31.90214],[73.26012,31.90222],[73.2602,31.90241],[73.26088,31.90217],[73.26085,31.90193]]]]}},{"type":"Feature","properties":{"lu":"List A Abutting","ct":"Existing","a":0.147},"geometry":{"type":"MultiPolygon","coordinates":[[[[73.26113,31.90208],[73.26111,31.90184],[73.26086,31.90193],[73.26092,31.90216],[73.26113,31.90208]]]]}},{"type":"Feature","properties":{"lu":"List A Abutting","ct":"Existing","a":0.248},"geometry":{"type":"MultiPolygon","coordinates":[[[[73.26845,31.89297],[73.26852,31.89319],[73.26846,31.8932],[73.26856,31.8933],[73.26853,31.89338],[73.26861,31.89341],[73.26877,31.89397],[73.26855,31.89402],[73.26857,31.89408],[73.26887,31.89398],[73.26852,31.89295],[73.26845,31.89297]]]]}},{"type":"Feature","properties":{"lu":"List A Abutting","ct":"Existing","a":0.068},"geometry":{"type":"MultiPolygon","coordinates":[[[[73.26828,31.89269],[73.26844,31.89293],[73.26851,31.89291],[73.26841,31.89265],[73.26828,31.89269]]]]}},{"type":"Feature","properties":{"lu":"List A Abutting","ct":"Existing","a":0.038},"geometry":{"type":"MultiPolygon","coordinates":[[[[73.26826,31.89241],[73.26833,31.89265],[73.2684,31.89263],[73.26826,31.89241]]]]}},{"type":"Feature","properties":{"lu":"List A Abutting","ct":"Existing","a":0.224},"geometry":{"type":"MultiPolygon","coordinates":[[[[73.2679,31.89157],[73.268,31.89178],[73.26791,31.89179],[73.26796,31.89194],[73.26805,31.89191],[73.26809,31.89201],[73.26803,31.89202],[73.26814,31.8922],[73.26814,31.89239],[73.2683,31.89239],[73.26798,31.89156],[73.2679,31.89157]]]]}},{"type":"Feature","properties":{"lu":"List A Abutting","ct":"Existing","a":0.353},"geometry":{"type":"MultiPolygon","coordinates":[[[[73.26749,31.89075],[73.26766,31.89118],[73.26777,31.89117],[73.26786,31.89139],[73.26766,31.8914],[73.26767,31.89153],[73.26797,31.89154],[73.26767,31.89073],[73.26749,31.89075]]]]}},{"type":"Feature","properties":{"lu":"List A Abutting","ct":"Existing","a":0.186},"geometry":{"type":"MultiPolygon","coordinates":[[[[73.26739,31.8903],[73.26741,31.89037],[73.26733,31.89038],[73.26749,31.89072],[73.26766,31.8907],[73.26749,31.89029],[73.26739,31.8903]]]]}},{"type":"Feature","properties":{"lu":"List A Abutting","ct":"Existing","a":0.166},"geometry":{"type":"MultiPolygon","coordinates":[[[[73.26723,31.88971],[73.2673,31.88996],[73.26714,31.88999],[73.26717,31.8901],[73.26722,31.89017],[73.26739,31.89014],[73.26742,31.89028],[73.26749,31.89027],[73.26723,31.88971]]]]}},{"type":"Feature","properties":{"lu":"List A Abutting","ct":"Existing","a":0.208},"geometry":{"type":"MultiPolygon","coordinates":[[[[73.26695,31.88885],[73.26699,31.88895],[73.26689,31.88898],[73.26691,31.88908],[73.26703,31.88907],[73.26711,31.88958],[73.26725,31.88965],[73.2671,31.8891],[73.26695,31.88885]]]]}},{"type":"Feature","properties":{"lu":"List A Abutting","ct":"Existing","a":0.21},"geometry":{"type":"MultiPolygon","coordinates":[[[[73.26664,31.88848],[73.2667,31.88887],[73.26699,31.88882],[73.26683,31.88855],[73.26664,31.88848]]]]}},{"type":"Feature","properties":{"lu":"List A Abutting","ct":"Existing","a":0.251},"geometry":{"type":"MultiPolygon","coordinates":[[[[73.26625,31.89275],[73.26585,31.89275],[73.2659,31.89302],[73.26626,31.89298],[73.26625,31.89275]]]]}},{"type":"Feature","properties":{"lu":"List A Abutting","ct":"Existing","a":0.239},"geometry":{"type":"MultiPolygon","coordinates":[[[[73.26593,31.89211],[73.2658,31.89211],[73.26585,31.89271],[73.2661,31.89271],[73.26611,31.89255],[73.26593,31.89255],[73.26593,31.89211]]]]}},{"type":"Feature","properties":{"lu":"List A Abutting","ct":"Existing","a":0.327},"geometry":{"type":"MultiPolygon","coordinates":[[[[73.26598,31.89153],[73.26579,31.89153],[73.2658,31.89208],[73.26613,31.89209],[73.26613,31.89195],[73.26598,31.89195],[73.26598,31.89153]]]]}},{"type":"Feature","properties":{"lu":"List A Abutting","ct":"Existing","a":0.27},"geometry":{"type":"MultiPolygon","coordinates":[[[[73.26593,31.89093],[73.26579,31.89094],[73.26579,31.89148],[73.26598,31.89148],[73.26598,31.89122],[73.26616,31.89123],[73.26615,31.89116],[73.26593,31.89115],[73.26593,31.89093]]]]}},{"type":"Feature","properties":{"lu":"List A Abutting","ct":"Existing","a":0.5},"geometry":{"type":"MultiPolygon","coordinates":[[[[73.26601,31.8909],[73.26607,31.89064],[73.26593,31.89063],[73.26595,31.89049],[73.26613,31.89049],[73.26613,31.89038],[73.2659,31.89038],[73.2659,31.89031],[73.266,31.89031],[73.26601,31.89019],[73.26613,31.89014],[73.26593,31.89014],[73.26593,31.89],[73.26581,31.89],[73.26579,31.89091],[73.26601,31.8909]]]]}},{"type":"Feature","properties":{"lu":"List A Abutting","ct":"Existing","a":0.179},"geometry":{"type":"MultiPolygon","coordinates":[[[[73.26599,31.88967],[73.26582,31.88968],[73.26581,31.88997],[73.26612,31.88997],[73.26613,31.88983],[73.26598,31.88983],[73.26599,31.88967]]]]}},{"type":"Feature","properties":{"lu":"List A Abutting","ct":"Existing","a":0.082},"geometry":{"type":"MultiPolygon","coordinates":[[[[73.26599,31.88964],[73.266,31.88944],[73.26583,31.88944],[73.26582,31.88964],[73.26599,31.88964]]]]}},{"type":"Feature","properties":{"lu":"List A Abutting","ct":"Existing","a":0.198},"geometry":{"type":"MultiPolygon","coordinates":[[[[73.266,31.88942],[73.26599,31.88893],[73.26585,31.88893],[73.26583,31.88942],[73.266,31.88942]]]]}},{"type":"Feature","properties":{"lu":"List A Abutting","ct":"Existing","a":0.157},"geometry":{"type":"MultiPolygon","coordinates":[[[[73.26607,31.88889],[73.26607,31.8888],[73.26599,31.88882],[73.266,31.88849],[73.26587,31.88849],[73.26585,31.8889],[73.26607,31.88889]]]]}},{"type":"Feature","properties":{"lu":"List A Abutting","ct":"Existing","a":0.343},"geometry":{"type":"MultiPolygon","coordinates":[[[[73.26582,31.89316],[73.26571,31.89248],[73.26555,31.89248],[73.26555,31.89317],[73.26582,31.89316]]]]}},{"type":"Feature","properties":{"lu":"List A Abutting","ct":"Existing","a":1.129},"geometry":{"type":"MultiPolygon","coordinates":[[[[73.26536,31.89118],[73.26535,31.89244],[73.26571,31.89244],[73.26568,31.89118],[73.26536,31.89118]]]]}},{"type":"Feature","properties":{"lu":"List A Abutting","ct":"Existing","a":0.56},"geometry":{"type":"MultiPolygon","coordinates":[[[[73.26545,31.89042],[73.26536,31.89115],[73.26568,31.89115],[73.2657,31.89041],[73.26545,31.89042]]]]}},{"type":"Feature","properties":{"lu":"List A Abutting","ct":"Existing","a":0.098},"geometry":{"type":"MultiPolygon","coordinates":[[[[73.26554,31.89016],[73.26554,31.89038],[73.2657,31.89038],[73.26571,31.89016],[73.26554,31.89016]]]]}},{"type":"Feature","properties":{"lu":"List A Abutting","ct":"Existing","a":0.139},"geometry":{"type":"MultiPolygon","coordinates":[[[[73.26556,31.88981],[73.26554,31.89013],[73.26571,31.89013],[73.26572,31.8898],[73.26556,31.88981]]]]}},{"type":"Feature","properties":{"lu":"List A Abutting","ct":"Existing","a":0.104},"geometry":{"type":"MultiPolygon","coordinates":[[[[73.2656,31.88951],[73.26556,31.88978],[73.26572,31.88977],[73.26572,31.88951],[73.2656,31.88951]]]]}},{"type":"Feature","properties":{"lu":"List A Abutting","ct":"Existing","a":0.141},"geometry":{"type":"MultiPolygon","coordinates":[[[[73.26567,31.88897],[73.26561,31.88948],[73.26572,31.88948],[73.26573,31.88897],[73.26567,31.88897]]]]}},{"type":"Feature","properties":{"lu":"List A Abutting","ct":"Existing","a":0.067},"geometry":{"type":"MultiPolygon","coordinates":[[[[73.26563,31.88867],[73.26568,31.88895],[73.26574,31.88895],[73.26576,31.88867],[73.26563,31.88867]]]]}},{"type":"Feature","properties":{"lu":"List A Abutting","ct":"Existing","a":1.626},"geometry":{"type":"MultiPolygon","coordinates":[[[[73.26582,31.88657],[73.26582,31.88644],[73.26556,31.88648],[73.26545,31.88855],[73.2656,31.88865],[73.26576,31.88865],[73.26582,31.88657]]]]}},{"type":"Feature","properties":{"lu":"List A Abutting","ct":"Existing","a":0.546},"geometry":{"type":"MultiPolygon","coordinates":[[[[73.27016,31.89738],[73.27015,31.8969],[73.26963,31.89693],[73.2698,31.8974],[73.27016,31.89738]]]]}},{"type":"Feature","properties":{"lu":"List A Abutting","ct":"Existing","a":0.416},"geometry":{"type":"MultiPolygon","coordinates":[[[[73.27014,31.89686],[73.27006,31.89678],[73.26989,31.89678],[73.26986,31.89647],[73.26947,31.89644],[73.26962,31.89689],[73.27014,31.89686]]]]}},{"type":"Feature","properties":{"lu":"List A Abutting","ct":"Existing","a":0.169},"geometry":{"type":"MultiPolygon","coordinates":[[[[73.26945,31.89623],[73.26947,31.8964],[73.26985,31.89643],[73.26984,31.89626],[73.26945,31.89623]]]]}},{"type":"Feature","properties":{"lu":"List A Abutting","ct":"Existing","a":2.144},"geometry":{"type":"MultiPolygon","coordinates":[[[[73.26965,31.89552],[73.26966,31.89462],[73.26925,31.89461],[73.26923,31.89448],[73.26895,31.89449],[73.26903,31.89543],[73.26936,31.89619],[73.26965,31.89552]]]]}},{"type":"Feature","properties":{"lu":"List A Abutting","ct":"Existing","a":0.447},"geometry":{"type":"MultiPolygon","coordinates":[[[[73.26922,31.89444],[73.26918,31.89408],[73.26963,31.89395],[73.26981,31.89369],[73.26891,31.89413],[73.26895,31.89445],[73.26922,31.89444]]]]}},{"type":"Feature","properties":{"lu":"List A Abutting","ct":"Existing","a":0.034},"geometry":{"type":"MultiPolygon","coordinates":[[[[73.26995,31.89377],[73.26992,31.89363],[73.26983,31.89368],[73.26984,31.89378],[73.26995,31.89377]]]]}},{"type":"Feature","properties":{"lu":"List A Abutting","ct":"Existing","a":0.033},"geometry":{"type":"MultiPolygon","coordinates":[[[[73.27016,31.89363],[73.27015,31.89352],[73.26992,31.89363],[73.27016,31.89363]]]]}},{"type":"Feature","properties":{"lu":"List A Abutting","ct":"Existing","a":0.067},"geometry":{"type":"MultiPolygon","coordinates":[[[[73.27055,31.8934],[73.27054,31.89332],[73.27017,31.89355],[73.27055,31.8934]]]]}},{"type":"Feature","properties":{"lu":"List A Abutting","ct":"Existing","a":0.061},"geometry":{"type":"MultiPolygon","coordinates":[[[[73.27364,31.89701],[73.27361,31.89712],[73.27349,31.89711],[73.27348,31.89722],[73.27361,31.89723],[73.2737,31.89701],[73.27364,31.89701]]]]}},{"type":"Feature","properties":{"lu":"List A Abutting","ct":"Existing","a":0.121},"geometry":{"type":"MultiPolygon","coordinates":[[[[73.27353,31.89678],[73.27349,31.89698],[73.27371,31.89699],[73.27377,31.8968],[73.27353,31.89678]]]]}},{"type":"Feature","properties":{"lu":"List A Abutting","ct":"Existing","a":0.183},"geometry":{"type":"MultiPolygon","coordinates":[[[[73.27375,31.89629],[73.2738,31.89649],[73.2736,31.89646],[73.27358,31.89655],[73.27374,31.89657],[73.27367,31.89678],[73.27378,31.89679],[73.27392,31.89631],[73.27375,31.89629]]]]}},{"type":"Feature","properties":{"lu":"List A Abutting","ct":"Existing","a":0.159},"geometry":{"type":"MultiPolygon","coordinates":[[[[73.27378,31.89599],[73.2737,31.89627],[73.27393,31.8963],[73.27399,31.89601],[73.27378,31.89599]]]]}},{"type":"Feature","properties":{"lu":"List A Abutting","ct":"Existing","a":0.996},"geometry":{"type":"MultiPolygon","coordinates":[[[[73.27332,31.89444],[73.27327,31.89458],[73.27336,31.89466],[73.27335,31.89518],[73.27344,31.89518],[73.27344,31.89527],[73.27356,31.89528],[73.27355,31.89538],[73.27362,31.89538],[73.27361,31.8955],[73.27339,31.8955],[73.27339,31.8958],[73.27354,31.89582],[73.27353,31.89595],[73.27399,31.89598],[73.27397,31.89568],[73.27345,31.89499],[73.27339,31.89444],[73.27332,31.89444]]]]}},{"type":"Feature","properties":{"lu":"List A Abutting","ct":"Existing","a":1.466},"geometry":{"type":"MultiPolygon","coordinates":[[[[73.2856,31.89668],[73.28619,31.89662],[73.28613,31.89627],[73.28631,31.89625],[73.28623,31.89588],[73.28539,31.89593],[73.2856,31.89668]]]]}},{"type":"Feature","properties":{"lu":"List A Abutting","ct":"Existing","a":2.504},"geometry":{"type":"MultiPolygon","coordinates":[[[[73.29152,31.89623],[73.29198,31.89622],[73.29241,31.89612],[73.29318,31.89614],[73.29315,31.89636],[73.2937,31.89632],[73.29384,31.89652],[73.29417,31.89615],[73.29412,31.89601],[73.29399,31.89593],[73.29148,31.89583],[73.29152,31.89623]]]]}},{"type":"Feature","properties":{"lu":"List A Abutting","ct":"Existing","a":1.835},"geometry":{"type":"MultiPolygon","coordinates":[[[[73.28856,31.89645],[73.28931,31.89641],[73.28928,31.89608],[73.29047,31.89602],[73.29046,31.89582],[73.28886,31.89583],[73.28888,31.89635],[73.2888,31.89584],[73.28849,31.89584],[73.28856,31.89645]]]]}},{"type":"Feature","properties":{"lu":"List A Abutting","ct":"Existing","a":0.408},"geometry":{"type":"MultiPolygon","coordinates":[[[[73.2905,31.89591],[73.29064,31.89591],[73.29064,31.89601],[73.29093,31.89602],[73.29093,31.89594],[73.29101,31.89595],[73.29146,31.89604],[73.29144,31.89583],[73.29049,31.89582],[73.2905,31.89591]]]]}},{"type":"Feature","properties":{"lu":"List A Abutting","ct":"Existing","a":1.698},"geometry":{"type":"MultiPolygon","coordinates":[[[[73.28445,31.89649],[73.28439,31.89599],[73.28336,31.89609],[73.28337,31.89629],[73.28282,31.89632],[73.28284,31.89664],[73.28366,31.89655],[73.28365,31.89649],[73.28445,31.89649]]]]}},{"type":"Feature","properties":{"lu":"List A Abutting","ct":"Existing","a":0.396},"geometry":{"type":"MultiPolygon","coordinates":[[[[73.28137,31.89649],[73.28173,31.89647],[73.28175,31.8966],[73.2819,31.89659],[73.28192,31.89622],[73.28138,31.89627],[73.28137,31.89649]]]]}},{"type":"Feature","properties":{"lu":"List A Abutting","ct":"Existing","a":0.353},"geometry":{"type":"MultiPolygon","coordinates":[[[[73.28253,31.8963],[73.2825,31.89617],[73.28198,31.89621],[73.282,31.89658],[73.28227,31.89658],[73.28224,31.89632],[73.28253,31.8963]]]]}},{"type":"Feature","properties":{"lu":"List A Abutting","ct":"Existing","a":0.779},"geometry":{"type":"MultiPolygon","coordinates":[[[[73.28533,31.89622],[73.28543,31.8962],[73.28539,31.89593],[73.28443,31.89599],[73.28448,31.89634],[73.28533,31.89622]]]]}},{"type":"Feature","properties":{"lu":"List A Abutting","ct":"Existing","a":0.232},"geometry":{"type":"MultiPolygon","coordinates":[[[[73.28329,31.89624],[73.28328,31.8961],[73.28259,31.89616],[73.28262,31.89628],[73.28329,31.89624]]]]}},{"type":"Feature","properties":{"lu":"List A Abutting","ct":"Existing","a":0.008},"geometry":{"type":"MultiPolygon","coordinates":[[[[73.27825,31.89733],[73.2782,31.89726],[73.27813,31.89715],[73.27811,31.89717],[73.27819,31.89727],[73.27824,31.89734],[73.27825,31.89733]]]]}},{"type":"Feature","properties":{"lu":"List A Abutting","ct":"Existing","a":0.147},"geometry":{"type":"MultiPolygon","coordinates":[[[[73.27845,31.89714],[73.27834,31.89696],[73.27813,31.89715],[73.27826,31.89733],[73.27845,31.89714]]]]}},{"type":"Feature","properties":{"lu":"List A Abutting","ct":"Existing","a":0.113},"geometry":{"type":"MultiPolygon","coordinates":[[[[73.27865,31.89682],[73.27835,31.89694],[73.27844,31.8971],[73.27846,31.89702],[73.27871,31.89693],[73.27865,31.89682]]]]}},{"type":"Feature","properties":{"lu":"List A Abutting","ct":"Existing","a":0.526},"geometry":{"type":"MultiPolygon","coordinates":[[[[73.27878,31.89675],[73.27981,31.89655],[73.27993,31.89663],[73.27991,31.89641],[73.27844,31.8967],[73.2785,31.89684],[73.27878,31.89675]]]]}},{"type":"Feature","properties":{"lu":"List A Abutting","ct":"Existing","a":1.078},"geometry":{"type":"MultiPolygon","coordinates":[[[[73.2813,31.89663],[73.2813,31.89628],[73.27999,31.8964],[73.28002,31.89668],[73.2813,31.89663]]]]}},{"type":"Feature","properties":{"lu":"List A Abutting","ct":"Existing","a":1.064},"geometry":{"type":"MultiPolygon","coordinates":[[[[73.26747,31.90401],[73.26747,31.90382],[73.2673,31.90387],[73.26714,31.90312],[73.2666,31.90309],[73.26729,31.90425],[73.26752,31.90415],[73.26747,31.90401]]]]}},{"type":"Feature","properties":{"lu":"List A Abutting","ct":"Existing","a":0.608},"geometry":{"type":"MultiPolygon","coordinates":[[[[73.26686,31.90291],[73.26687,31.90283],[73.26669,31.90282],[73.26672,31.90246],[73.26689,31.90246],[73.2669,31.90212],[73.26632,31.90263],[73.26657,31.90304],[73.26678,31.90306],[73.26677,31.90291],[73.26686,31.90291]]]]}},{"type":"Feature","properties":{"lu":"List A Abutting","ct":"Existing","a":0.221},"geometry":{"type":"MultiPolygon","coordinates":[[[[73.26727,31.90215],[73.26728,31.90178],[73.26692,31.90211],[73.26692,31.90221],[73.26727,31.90215]]]]}},{"type":"Feature","properties":{"lu":"List A Abutting","ct":"Existing","a":0.152},"geometry":{"type":"MultiPolygon","coordinates":[[[[73.26729,31.90188],[73.26759,31.90188],[73.26752,31.90159],[73.2673,31.90176],[73.26729,31.90188]]]]}},{"type":"Feature","properties":{"lu":"List A Abutting","ct":"Existing","a":0.458},"geometry":{"type":"MultiPolygon","coordinates":[[[[73.26832,31.90139],[73.26816,31.90113],[73.26755,31.90157],[73.26761,31.90169],[73.26813,31.90155],[73.26809,31.90146],[73.26832,31.90139]]]]}},{"type":"Feature","properties":{"lu":"List A Abutting","ct":"Existing","a":0.29},"geometry":{"type":"MultiPolygon","coordinates":[[[[73.26885,31.90115],[73.26888,31.90101],[73.26861,31.90095],[73.26818,31.90113],[73.26827,31.90128],[73.26868,31.90112],[73.26885,31.90115]]]]}},{"type":"Feature","properties":{"lu":"List A Abutting","ct":"Existing","a":2.344},"geometry":{"type":"MultiPolygon","coordinates":[[[[73.27107,31.905],[73.27102,31.9053],[73.27057,31.90542],[73.27088,31.90625],[73.27172,31.90535],[73.27155,31.9046],[73.27136,31.9046],[73.27126,31.90489],[73.27114,31.90488],[73.27113,31.905],[73.27107,31.905]]]]}},{"type":"Feature","properties":{"lu":"List A Abutting","ct":"Existing","a":0.295},"geometry":{"type":"MultiPolygon","coordinates":[[[[73.27119,31.90441],[73.27109,31.90441],[73.2711,31.90453],[73.27153,31.90452],[73.2714,31.90412],[73.27117,31.90416],[73.27126,31.90441],[73.27119,31.90441]]]]}},{"type":"Feature","properties":{"lu":"List A Abutting","ct":"Existing","a":0.576},"geometry":{"type":"MultiPolygon","coordinates":[[[[73.27098,31.90299],[73.27113,31.90354],[73.27102,31.90364],[73.27114,31.9041],[73.27138,31.90405],[73.27113,31.90296],[73.27098,31.90299]]]]}},{"type":"Feature","properties":{"lu":"List A Abutting","ct":"Existing","a":0.138},"geometry":{"type":"MultiPolygon","coordinates":[[[[73.27088,31.90266],[73.27097,31.90297],[73.27113,31.90294],[73.27104,31.90261],[73.27088,31.90266]]]]}},{"type":"Feature","properties":{"lu":"List A Abutting","ct":"Existing","a":1.688},"geometry":{"type":"MultiPolygon","coordinates":[[[[73.26882,31.90127],[73.26898,31.90128],[73.26904,31.90118],[73.26942,31.90124],[73.26941,31.90115],[73.26955,31.90108],[73.27007,31.90099],[73.27008,31.90084],[73.27033,31.90079],[73.27087,31.90263],[73.27103,31.90258],[73.27045,31.90058],[73.27012,31.90066],[73.26931,31.90113],[73.26891,31.90102],[73.26882,31.90127]]]]}},{"type":"Feature","properties":{"lu":"List A Abutting","ct":"Existing","a":6.074},"geometry":{"type":"MultiPolygon","coordinates":[[[[73.27388,31.91301],[73.27382,31.91281],[73.27246,31.91299],[73.27355,31.91485],[73.27386,31.91516],[73.27421,31.91485],[73.27431,31.91459],[73.27388,31.91301]]]]}},{"type":"Feature","properties":{"lu":"List A Abutting","ct":"Existing","a":0.325},"geometry":{"type":"MultiPolygon","coordinates":[[[[73.27374,31.91251],[73.27371,31.91244],[73.27337,31.9125],[73.27344,31.91284],[73.27382,31.91279],[73.27374,31.91251]]]]}},{"type":"Feature","properties":{"lu":"List A Abutting","ct":"Existing","a":0.301},"geometry":{"type":"MultiPolygon","coordinates":[[[[73.27366,31.91226],[73.27361,31.91208],[73.27327,31.91213],[73.27336,31.91245],[73.2737,31.9124],[73.27366,31.91226]]]]}},{"type":"Feature","properties":{"lu":"List A Abutting","ct":"Existing","a":2.31},"geometry":{"type":"MultiPolygon","coordinates":[[[[73.27244,31.91],[73.27267,31.91001],[73.27264,31.91063],[73.27292,31.91071],[73.27325,31.91208],[73.2736,31.91202],[73.27301,31.90986],[73.27243,31.90988],[73.27244,31.91]]]]}},{"type":"Feature","properties":{"lu":"List A Abutting","ct":"Existing","a":0.496},"geometry":{"type":"MultiPolygon","coordinates":[[[[73.27203,31.90742],[73.27202,31.90754],[73.27212,31.90754],[73.27216,31.90785],[73.27205,31.90784],[73.27204,31.90801],[73.2725,31.90804],[73.27233,31.90744],[73.27203,31.90742]]]]}},{"type":"Feature","properties":{"lu":"List A Abutting","ct":"Existing","a":1.448},"geometry":{"type":"MultiPolygon","coordinates":[[[[73.27122,31.90628],[73.27131,31.906],[73.2714,31.906],[73.27169,31.90575],[73.27171,31.90609],[73.27152,31.90612],[73.27155,31.90625],[73.27182,31.9062],[73.2718,31.90645],[73.27188,31.90644],[73.2719,31.90657],[73.27178,31.90662],[73.27196,31.90662],[73.27191,31.90738],[73.27232,31.90741],[73.27177,31.90543],[73.27102,31.90626],[73.27122,31.90628]]]]}},{"type":"Feature","properties":{"lu":"List A Abutting","ct":"Existing","a":0.219},"geometry":{"type":"MultiPolygon","coordinates":[[[[73.27078,31.90654],[73.27117,31.90659],[73.27119,31.90629],[73.27101,31.90628],[73.27078,31.90654]]]]}},{"type":"Feature","properties":{"lu":"List A Abutting","ct":"Existing","a":0.984},"geometry":{"type":"MultiPolygon","coordinates":[[[[73.26555,31.9003],[73.26526,31.90041],[73.26496,31.89958],[73.26469,31.89947],[73.2651,31.90063],[73.26527,31.90067],[73.26562,31.90057],[73.26555,31.9003]]]]}},{"type":"Feature","properties":{"lu":"List A Abutting","ct":"Existing","a":0.564},"geometry":{"type":"MultiPolygon","coordinates":[[[[73.26622,31.90013],[73.26593,31.9002],[73.26588,31.90007],[73.26555,31.90014],[73.26569,31.90055],[73.26631,31.90036],[73.26622,31.90013]]]]}},{"type":"Feature","properties":{"lu":"List A Abutting","ct":"Existing","a":0.622},"geometry":{"type":"MultiPolygon","coordinates":[[[[73.26701,31.90001],[73.26699,31.89985],[73.26624,31.89999],[73.26635,31.90034],[73.26703,31.90013],[73.26701,31.90001]]]]}},{"type":"Feature","properties":{"lu":"List A Abutting","ct":"Existing","a":0.697},"geometry":{"type":"MultiPolygon","coordinates":[[[[73.26866,31.89954],[73.26807,31.89956],[73.26809,31.89963],[73.26769,31.89982],[73.26711,31.8998],[73.26708,31.90011],[73.26875,31.89958],[73.26866,31.89954]]]]}},{"type":"Feature","properties":{"lu":"List A Abutting","ct":"Existing","a":1.761},"geometry":{"type":"MultiPolygon","coordinates":[[[[73.26509,31.89732],[73.26489,31.89731],[73.26483,31.89743],[73.26456,31.89853],[73.26462,31.89923],[73.26468,31.89941],[73.26485,31.89948],[73.26486,31.8993],[73.26497,31.89931],[73.26496,31.89834],[73.26503,31.89769],[73.26512,31.8977],[73.26513,31.89757],[73.26505,31.89757],[73.26509,31.89732]]]]}},{"type":"Feature","properties":{"lu":"List A Abutting","ct":"Existing","a":0.624},"geometry":{"type":"MultiPolygon","coordinates":[[[[73.26584,31.89618],[73.26585,31.89603],[73.26565,31.89603],[73.26491,31.89728],[73.26518,31.8973],[73.26523,31.89696],[73.2656,31.89631],[73.26569,31.89617],[73.26584,31.89618]]]]}},{"type":"Feature","properties":{"lu":"List A Abutting","ct":"Existing","a":0.59},"geometry":{"type":"MultiPolygon","coordinates":[[[[73.26586,31.89619],[73.26694,31.89661],[73.26701,31.89672],[73.26707,31.89668],[73.26759,31.89687],[73.2677,31.89683],[73.26587,31.89604],[73.26586,31.89619]]]]}},{"type":"Feature","properties":{"lu":"List A Abutting","ct":"Existing","a":2.467},"geometry":{"type":"MultiPolygon","coordinates":[[[[73.27308,31.89807],[73.27308,31.89814],[73.273,31.89807],[73.2728,31.8981],[73.27281,31.89819],[73.2723,31.89817],[73.27231,31.89832],[73.27172,31.8983],[73.27171,31.89844],[73.2714,31.89853],[73.27135,31.89819],[73.27065,31.89831],[73.27082,31.89884],[73.27042,31.8989],[73.27038,31.89871],[73.27062,31.89867],[73.2704,31.89853],[73.27034,31.89824],[73.27024,31.89825],[73.27037,31.89902],[73.27071,31.89898],[73.27313,31.89825],[73.27317,31.8981],[73.27308,31.89807]]]]}},{"type":"Feature","properties":{"lu":"List A Abutting","ct":"Existing","a":0.254},"geometry":{"type":"MultiPolygon","coordinates":[[[[73.27042,31.8982],[73.27044,31.89814],[73.27028,31.89813],[73.27036,31.89784],[73.27029,31.89783],[73.27028,31.89771],[73.27002,31.8977],[73.27023,31.89822],[73.27042,31.8982]]]]}},{"type":"Feature","properties":{"lu":"List A Abutting","ct":"Existing","a":0.144},"geometry":{"type":"MultiPolygon","coordinates":[[[[73.27314,31.89774],[73.27303,31.89802],[73.27318,31.89808],[73.27334,31.89777],[73.27314,31.89774]]]]}},{"type":"Feature","properties":{"lu":"List A Abutting","ct":"Existing","a":0.097},"geometry":{"type":"MultiPolygon","coordinates":[[[[73.27335,31.89748],[73.27321,31.89772],[73.27334,31.89776],[73.27348,31.89751],[73.27335,31.89748]]]]}},{"type":"Feature","properties":{"lu":"List A Abutting","ct":"Existing","a":0.189},"geometry":{"type":"MultiPolygon","coordinates":[[[[73.27025,31.8974],[73.26981,31.89743],[73.27001,31.89768],[73.27011,31.89768],[73.2701,31.89759],[73.27024,31.89759],[73.27025,31.8974]]]]}},{"type":"Feature","properties":{"lu":"List A Abutting","ct":"Existing","a":0.035},"geometry":{"type":"MultiPolygon","coordinates":[[[[73.27351,31.89726],[73.27345,31.89748],[73.2736,31.89727],[73.27351,31.89726]]]]}},{"type":"Feature","properties":{"lu":"List A Abutting","ct":"Existing","a":0.046},"geometry":{"type":"MultiPolygon","coordinates":[[[[73.26803,31.89145],[73.26798,31.89119],[73.2679,31.89121],[73.26803,31.89145]]]]}},{"type":"Feature","properties":{"lu":"List A Abutting","ct":"Existing","a":0.05},"geometry":{"type":"MultiPolygon","coordinates":[[[[73.26796,31.89116],[73.26787,31.89092],[73.2678,31.89094],[73.26789,31.89118],[73.26796,31.89116]]]]}},{"type":"Feature","properties":{"lu":"List A Abutting","ct":"Existing","a":0.169},"geometry":{"type":"MultiPolygon","coordinates":[[[[73.26782,31.89091],[73.26779,31.89084],[73.26787,31.89081],[73.26775,31.89058],[73.26782,31.89055],[73.26779,31.89047],[73.26769,31.89049],[73.26758,31.89016],[73.26751,31.89018],[73.26782,31.89091]]]]}},{"type":"Feature","properties":{"lu":"List A Abutting","ct":"Existing","a":0.155},"geometry":{"type":"MultiPolygon","coordinates":[[[[73.26789,31.89005],[73.26784,31.88991],[73.2675,31.89001],[73.26741,31.8899],[73.2675,31.89015],[73.26789,31.89005]]]]}},{"type":"Feature","properties":{"lu":"List A Abutting","ct":"Existing","a":0.049},"geometry":{"type":"MultiPolygon","coordinates":[[[[73.26749,31.88985],[73.26742,31.88965],[73.26733,31.88967],[73.2674,31.88988],[73.26749,31.88985]]]]}},{"type":"Feature","properties":{"lu":"List A Abutting","ct":"Existing","a":0.125},"geometry":{"type":"MultiPolygon","coordinates":[[[[73.26738,31.88962],[73.26729,31.88914],[73.26716,31.88902],[73.26732,31.88963],[73.26738,31.88962]]]]}},{"type":"Feature","properties":{"lu":"List A Abutting","ct":"Existing","a":0.272},"geometry":{"type":"MultiPolygon","coordinates":[[[[73.27852,31.89443],[73.2781,31.89427],[73.27801,31.89446],[73.27849,31.89465],[73.27852,31.89443]]]]}},{"type":"Feature","properties":{"lu":"List A Abutting","ct":"Existing","a":0.309},"geometry":{"type":"MultiPolygon","coordinates":[[[[73.27809,31.89421],[73.27782,31.89414],[73.27784,31.89404],[73.27767,31.89399],[73.2776,31.89429],[73.27797,31.89445],[73.27809,31.89421]]]]}},{"type":"Feature","properties":{"lu":"List A Abutting","ct":"Existing","a":0.349},"geometry":{"type":"MultiPolygon","coordinates":[[[[73.27761,31.89409],[73.27746,31.89405],[73.27747,31.89395],[73.27728,31.89386],[73.27707,31.89382],[73.27704,31.89405],[73.27757,31.89428],[73.27761,31.89409]]]]}},{"type":"Feature","properties":{"lu":"List A Abutting","ct":"Existing","a":0.156},"geometry":{"type":"MultiPolygon","coordinates":[[[[73.277,31.89678],[73.27679,31.8968],[73.2768,31.8969],[73.27666,31.89693],[73.27657,31.89686],[73.27649,31.89704],[73.27637,31.89703],[73.27633,31.89714],[73.27699,31.89689],[73.277,31.89678]]]]}},{"type":"Feature","properties":{"lu":"List A Abutting","ct":"Existing","a":0.113},"geometry":{"type":"MultiPolygon","coordinates":[[[[73.27737,31.89664],[73.27714,31.89669],[73.27702,31.89677],[73.27701,31.89688],[73.27737,31.89676],[73.27737,31.89664]]]]}},{"type":"Feature","properties":{"lu":"List A Abutting","ct":"Existing","a":0.111},"geometry":{"type":"MultiPolygon","coordinates":[[[[73.27762,31.89667],[73.2776,31.89653],[73.27738,31.89651],[73.27739,31.89675],[73.27762,31.89667]]]]}},{"type":"Feature","properties":{"lu":"List A Abutting","ct":"Existing","a":0.141},"geometry":{"type":"MultiPolygon","coordinates":[[[[73.2787,31.89618],[73.27835,31.89625],[73.27833,31.89643],[73.27867,31.89633],[73.2787,31.89618]]]]}},{"type":"Feature","properties":{"lu":"List A Abutting","ct":"Existing","a":0.22},"geometry":{"type":"MultiPolygon","coordinates":[[[[73.27931,31.89612],[73.27908,31.89615],[73.27908,31.89607],[73.27888,31.89604],[73.27886,31.89616],[73.27871,31.89618],[73.27868,31.89633],[73.27932,31.89619],[73.27931,31.89612]]]]}},{"type":"Feature","properties":{"lu":"List A Abutting","ct":"Existing","a":0.049},"geometry":{"type":"MultiPolygon","coordinates":[[[[73.27955,31.89607],[73.27934,31.89611],[73.27935,31.89619],[73.27961,31.89614],[73.27955,31.89607]]]]}},{"type":"Feature","properties":{"lu":"List A Abutting","ct":"Existing","a":0.609},"geometry":{"type":"MultiPolygon","coordinates":[[[[73.27649,31.89646],[73.27627,31.89641],[73.27597,31.89729],[73.27632,31.89714],[73.27656,31.89648],[73.27649,31.89646]]]]}},{"type":"Feature","properties":{"lu":"List A Abutting","ct":"Existing","a":0.105},"geometry":{"type":"MultiPolygon","coordinates":[[[[73.2765,31.89623],[73.27635,31.8962],[73.27627,31.8964],[73.27647,31.89645],[73.2765,31.89623]]]]}},{"type":"Feature","properties":{"lu":"List A Abutting","ct":"Existing","a":0.113},"geometry":{"type":"MultiPolygon","coordinates":[[[[73.27663,31.89603],[73.27642,31.89599],[73.27635,31.89618],[73.27658,31.89622],[73.27663,31.89603]]]]}},{"type":"Feature","properties":{"lu":"List A Abutting","ct":"Existing","a":0.115},"geometry":{"type":"MultiPolygon","coordinates":[[[[73.27668,31.89577],[73.27652,31.89574],[73.27643,31.89597],[73.27662,31.89601],[73.27668,31.89577]]]]}},{"type":"Feature","properties":{"lu":"List A Abutting","ct":"Existing","a":0.071},"geometry":{"type":"MultiPolygon","coordinates":[[[[73.27671,31.89554],[73.27659,31.89552],[73.27652,31.89572],[73.27665,31.89574],[73.27671,31.89554]]]]}},{"type":"Feature","properties":{"lu":"List A Abutting","ct":"Existing","a":0.082},"geometry":{"type":"MultiPolygon","coordinates":[[[[73.27679,31.89529],[73.27666,31.89527],[73.27659,31.8955],[73.27672,31.89552],[73.27679,31.89529]]]]}},{"type":"Feature","properties":{"lu":"List A Abutting","ct":"Existing","a":0.075},"geometry":{"type":"MultiPolygon","coordinates":[[[[73.27687,31.89508],[73.27673,31.89504],[73.27667,31.89525],[73.2768,31.89528],[73.27687,31.89508]]]]}},{"type":"Feature","properties":{"lu":"List A Abutting","ct":"Existing","a":0.076},"geometry":{"type":"MultiPolygon","coordinates":[[[[73.27694,31.89486],[73.27679,31.89484],[73.27673,31.89503],[73.27687,31.89506],[73.27694,31.89486]]]]}},{"type":"Feature","properties":{"lu":"List A Abutting","ct":"Existing","a":0.083},"geometry":{"type":"MultiPolygon","coordinates":[[[[73.27701,31.89463],[73.27686,31.8946],[73.2768,31.89482],[73.27694,31.89484],[73.27701,31.89463]]]]}},{"type":"Feature","properties":{"lu":"List A Abutting","ct":"Existing","a":0.49},"geometry":{"type":"MultiPolygon","coordinates":[[[[73.27792,31.89459],[73.27697,31.89421],[73.27687,31.89458],[73.27702,31.89461],[73.27705,31.89437],[73.27735,31.89443],[73.27732,31.89454],[73.27751,31.89459],[73.27748,31.8947],[73.2778,31.89476],[73.27792,31.89459]]]]}},{"type":"Feature","properties":{"lu":"List A Abutting","ct":"Existing","a":1.538},"geometry":{"type":"MultiPolygon","coordinates":[[[[73.26971,31.8987],[73.26943,31.89894],[73.26928,31.89897],[73.26924,31.89913],[73.26872,31.89918],[73.26882,31.89956],[73.26955,31.8993],[73.26953,31.89924],[73.26956,31.89934],[73.27007,31.89917],[73.27015,31.89903],[73.27005,31.89861],[73.26972,31.89882],[73.26995,31.89884],[73.26959,31.89887],[73.26971,31.8987]]]]}},{"type":"Feature","properties":{"lu":"List A Abutting","ct":"Existing","a":1.749},"geometry":{"type":"MultiPolygon","coordinates":[[[[73.27463,31.89758],[73.27401,31.89761],[73.27404,31.89784],[73.27387,31.89786],[73.27388,31.89777],[73.27377,31.89778],[73.27378,31.89788],[73.27347,31.898],[73.27357,31.8976],[73.27372,31.89741],[73.27382,31.89744],[73.27385,31.89737],[73.27377,31.89734],[73.27383,31.8972],[73.27394,31.89722],[73.27405,31.8966],[73.2742,31.89661],[73.27428,31.89576],[73.27407,31.89579],[73.2738,31.89691],[73.27326,31.89815],[73.27463,31.89771],[73.27463,31.89758]]]]}},{"type":"Feature","properties":{"lu":"List A Abutting","ct":"Existing","a":1.18},"geometry":{"type":"MultiPolygon","coordinates":[[[[73.27587,31.897],[73.27583,31.8972],[73.27551,31.89725],[73.27538,31.89726],[73.27536,31.89701],[73.27528,31.89701],[73.27526,31.89715],[73.27468,31.89708],[73.27464,31.89771],[73.27592,31.8973],[73.27602,31.89702],[73.27587,31.897]]]]}},{"type":"Feature","properties":{"lu":"List A Abutting","ct":"Existing","a":0.059},"geometry":{"type":"MultiPolygon","coordinates":[[[[73.27597,31.89677],[73.27594,31.897],[73.27602,31.89701],[73.27609,31.89679],[73.27597,31.89677]]]]}},{"type":"Feature","properties":{"lu":"List A Abutting","ct":"Existing","a":0.383},"geometry":{"type":"MultiPolygon","coordinates":[[[[73.27618,31.89594],[73.27597,31.89674],[73.2761,31.89676],[73.27639,31.89597],[73.27618,31.89594]]]]}},{"type":"Feature","properties":{"lu":"List A Abutting","ct":"Existing","a":0.161},"geometry":{"type":"MultiPolygon","coordinates":[[[[73.27622,31.89578],[73.27601,31.89575],[73.27598,31.89589],[73.27639,31.89596],[73.27644,31.89582],[73.27622,31.89578]]]]}},{"type":"Feature","properties":{"lu":"List A Abutting","ct":"Existing","a":0.332},"geometry":{"type":"MultiPolygon","coordinates":[[[[73.27646,31.89512],[73.27633,31.89563],[73.27626,31.89562],[73.27622,31.89576],[73.27645,31.89579],[73.27666,31.89513],[73.27646,31.89512]]]]}},{"type":"Feature","properties":{"lu":"List A Abutting","ct":"Existing","a":0.063},"geometry":{"type":"MultiPolygon","coordinates":[[[[73.27414,31.89574],[73.27414,31.89557],[73.27395,31.89552],[73.27406,31.89575],[73.27414,31.89574]]]]}},{"type":"Feature","properties":{"lu":"List A Abutting","ct":"Existing","a":0.543},"geometry":{"type":"MultiPolygon","coordinates":[[[[73.2742,31.89523],[73.27406,31.89523],[73.27406,31.895],[73.27352,31.89499],[73.27394,31.89551],[73.27419,31.89552],[73.2742,31.89523]]]]}},{"type":"Feature","properties":{"lu":"List A Abutting","ct":"Existing","a":0.637},"geometry":{"type":"MultiPolygon","coordinates":[[[[73.26564,31.90119],[73.26549,31.90096],[73.26562,31.90094],[73.26568,31.90104],[73.26637,31.90074],[73.26639,31.90083],[73.26652,31.90084],[73.26653,31.90075],[73.26668,31.90076],[73.26672,31.90049],[73.26534,31.90094],[73.2655,31.90124],[73.26564,31.90119]]]]}},{"type":"Feature","properties":{"lu":"List A Abutting","ct":"Existing","a":0.299},"geometry":{"type":"MultiPolygon","coordinates":[[[[73.26813,31.90039],[73.26813,31.90004],[73.26773,31.90017],[73.26772,31.90039],[73.26813,31.90039]]]]}},{"type":"Feature","properties":{"lu":"List A Abutting","ct":"Existing","a":0.027},"geometry":{"type":"MultiPolygon","coordinates":[[[[73.26768,31.90031],[73.26768,31.90019],[73.26758,31.90022],[73.26758,31.90031],[73.26768,31.90031]]]]}},{"type":"Feature","properties":{"lu":"List A Abutting","ct":"Existing","a":0.085},"geometry":{"type":"MultiPolygon","coordinates":[[[[73.26852,31.9],[73.26852,31.89992],[73.26815,31.90004],[73.26815,31.90011],[73.26852,31.9]]]]}},{"type":"Feature","properties":{"lu":"List A Abutting","ct":"Existing","a":0.096},"geometry":{"type":"MultiPolygon","coordinates":[[[[73.26899,31.89987],[73.26897,31.89977],[73.26855,31.89991],[73.26854,31.89999],[73.26899,31.89987]]]]}},{"type":"Feature","properties":{"lu":"List A Abutting","ct":"Existing","a":0.069},"geometry":{"type":"MultiPolygon","coordinates":[[[[73.26924,31.89983],[73.2692,31.8997],[73.26902,31.89976],[73.26901,31.89985],[73.26924,31.89983]]]]}},{"type":"Feature","properties":{"lu":"List A Abutting","ct":"Existing","a":0.233},"geometry":{"type":"MultiPolygon","coordinates":[[[[73.26986,31.89964],[73.26981,31.8995],[73.26922,31.89969],[73.26925,31.89983],[73.26986,31.89964]]]]}},{"type":"Feature","properties":{"lu":"List A Abutting","ct":"Existing","a":0.145},"geometry":{"type":"MultiPolygon","coordinates":[[[[73.27008,31.89964],[73.27019,31.8996],[73.27012,31.89944],[73.26986,31.89949],[73.26991,31.89967],[73.27008,31.89964]]]]}},{"type":"Feature","properties":{"lu":"List A Abutting","ct":"Existing","a":0.106},"geometry":{"type":"MultiPolygon","coordinates":[[[[73.29824,31.89578],[73.29823,31.89562],[73.29797,31.89564],[73.29798,31.89578],[73.29824,31.89578]]]]}},{"type":"Feature","properties":{"lu":"List A Abutting","ct":"Existing","a":0.303},"geometry":{"type":"MultiPolygon","coordinates":[[[[73.2731,31.90033],[73.27336,31.9003],[73.27333,31.90015],[73.27256,31.90021],[73.27256,31.90045],[73.27279,31.90046],[73.27278,31.90025],[73.27309,31.90024],[73.2731,31.90033]]]]}},{"type":"Feature","properties":{"lu":"List A Abutting","ct":"Existing","a":1.777},"geometry":{"type":"MultiPolygon","coordinates":[[[[73.27222,31.90891],[73.27251,31.90894],[73.27247,31.90942],[73.27242,31.90942],[73.27243,31.90986],[73.27301,31.90984],[73.27252,31.90811],[73.27229,31.9081],[73.27222,31.90891]]]]}},{"type":"Feature","properties":{"lu":"List A Abutting","ct":"Existing","a":2.712},"geometry":{"type":"MultiPolygon","coordinates":[[[[73.27374,31.91636],[73.27449,31.91583],[73.27453,31.91598],[73.27441,31.91602],[73.2745,31.91605],[73.27465,31.9164],[73.27486,31.91635],[73.27466,31.91558],[73.27442,31.91515],[73.27427,31.91516],[73.2732,31.91619],[73.27343,31.91652],[73.27374,31.91636]]]]}},{"type":"Feature","properties":{"lu":"List A Abutting","ct":"Existing","a":0.368},"geometry":{"type":"MultiPolygon","coordinates":[[[[73.26703,31.90055],[73.26746,31.90055],[73.26746,31.90036],[73.26756,31.90035],[73.26756,31.90023],[73.26674,31.90049],[73.26673,31.90055],[73.26703,31.90055]]]]}},{"type":"Feature","properties":{"lu":"List A Abutting","ct":"Existing","a":0.059},"geometry":{"type":"MultiPolygon","coordinates":[[[[73.38644,32.05363],[73.38622,32.05362],[73.3862,32.05372],[73.38641,32.05374],[73.38644,32.05363]]]]}},{"type":"Feature","properties":{"lu":"List A Abutting","ct":"Existing","a":2.324},"geometry":{"type":"MultiPolygon","coordinates":[[[[73.37962,32.06376],[73.37962,32.06362],[73.37876,32.06362],[73.37883,32.06471],[73.37964,32.06468],[73.37962,32.06376]]]]}},{"type":"Feature","properties":{"lu":"List A Abutting","ct":"Existing","a":0.081},"geometry":{"type":"MultiPolygon","coordinates":[[[[73.37967,32.06376],[73.37989,32.06377],[73.37989,32.06362],[73.37967,32.06362],[73.37967,32.06376]]]]}},{"type":"Feature","properties":{"lu":"List A Abutting","ct":"Existing","a":8.273},"geometry":{"type":"MultiPolygon","coordinates":[[[[73.37919,32.07057],[73.37942,32.06994],[73.37888,32.06988],[73.37899,32.06915],[73.37778,32.06899],[73.37784,32.06862],[73.37697,32.06865],[73.37778,32.07124],[73.37788,32.07125],[73.37774,32.07077],[73.37844,32.07079],[73.37847,32.07049],[73.37919,32.07057]]]]}},{"type":"Feature","properties":{"lu":"List A Abutting","ct":"Existing","a":0.38},"geometry":{"type":"MultiPolygon","coordinates":[[[[73.37787,32.06886],[73.37786,32.06897],[73.37902,32.06913],[73.37906,32.06899],[73.37787,32.06886]]]]}},{"type":"Feature","properties":{"lu":"List A Abutting","ct":"Existing","a":1.352},"geometry":{"type":"MultiPolygon","coordinates":[[[[73.37647,32.06591],[73.37648,32.06559],[73.37663,32.06559],[73.37664,32.06537],[73.37622,32.06531],[73.37624,32.06505],[73.37616,32.06504],[73.37622,32.06473],[73.37606,32.06472],[73.37603,32.0646],[73.37577,32.06461],[73.37615,32.06596],[73.37647,32.06591]]]]}},{"type":"Feature","properties":{"lu":"List A Abutting","ct":"Existing","a":0.643},"geometry":{"type":"MultiPolygon","coordinates":[[[[73.37603,32.06457],[73.37611,32.06449],[73.37607,32.06434],[73.37591,32.06434],[73.37597,32.06425],[73.3759,32.06388],[73.3758,32.06372],[73.37557,32.06374],[73.37576,32.06459],[73.37603,32.06457]]]]}},{"type":"Feature","properties":{"lu":"List A Abutting","ct":"Existing","a":0.56},"geometry":{"type":"MultiPolygon","coordinates":[[[[73.37578,32.06368],[73.3759,32.06366],[73.37576,32.06288],[73.37567,32.06288],[73.37553,32.06323],[73.37553,32.06356],[73.37556,32.06369],[73.37578,32.06368]]]]}},{"type":"Feature","properties":{"lu":"List A Abutting","ct":"Existing","a":0.271},"geometry":{"type":"MultiPolygon","coordinates":[[[[73.37655,32.06261],[73.37654,32.06248],[73.37603,32.06263],[73.37602,32.06288],[73.37625,32.06291],[73.37626,32.06262],[73.37655,32.06261]]]]}},{"type":"Feature","properties":{"lu":"List A Abutting","ct":"Existing","a":0.108},"geometry":{"type":"MultiPolygon","coordinates":[[[[73.37601,32.06267],[73.37569,32.06286],[73.376,32.06288],[73.37601,32.06267]]]]}},{"type":"Feature","properties":{"lu":"List A Abutting","ct":"Existing","a":0.178},"geometry":{"type":"MultiPolygon","coordinates":[[[[73.37773,32.06264],[73.37767,32.06257],[73.37728,32.06251],[73.37726,32.06274],[73.37773,32.06264]]]]}},{"type":"Feature","properties":{"lu":"List A Abutting","ct":"Existing","a":0.146},"geometry":{"type":"MultiPolygon","coordinates":[[[[73.37724,32.06272],[73.37726,32.0625],[73.37699,32.06245],[73.37696,32.06266],[73.37724,32.06272]]]]}},{"type":"Feature","properties":{"lu":"List A Abutting","ct":"Existing","a":0.188},"geometry":{"type":"MultiPolygon","coordinates":[[[[73.37656,32.06261],[73.37695,32.06266],[73.37697,32.06245],[73.37656,32.06247],[73.37656,32.06261]]]]}},{"type":"Feature","properties":{"lu":"List A Abutting","ct":"Existing","a":0.441},"geometry":{"type":"MultiPolygon","coordinates":[[[[73.37586,32.06236],[73.37579,32.06237],[73.37577,32.06228],[73.37552,32.0623],[73.37557,32.06253],[73.37548,32.06253],[73.37547,32.06269],[73.37529,32.06268],[73.37539,32.06302],[73.37567,32.06266],[73.37588,32.06254],[73.37586,32.06236]]]]}},{"type":"Feature","properties":{"lu":"List A Abutting","ct":"Existing","a":0.592},"geometry":{"type":"MultiPolygon","coordinates":[[[[73.37654,32.06216],[73.37588,32.0621],[73.3759,32.06253],[73.37666,32.06234],[73.37669,32.06217],[73.37654,32.06216]]]]}},{"type":"Feature","properties":{"lu":"List A Abutting","ct":"Existing","a":1.044},"geometry":{"type":"MultiPolygon","coordinates":[[[[73.37661,32.06159],[73.3766,32.06174],[73.37691,32.06178],[73.37689,32.0619],[73.37674,32.06188],[73.37673,32.06234],[73.37753,32.06237],[73.37699,32.06159],[73.37661,32.06159]]]]}},{"type":"Feature","properties":{"lu":"List A Abutting","ct":"Existing","a":0.525},"geometry":{"type":"MultiPolygon","coordinates":[[[[73.37604,32.06111],[73.37608,32.06127],[73.37632,32.06119],[73.37636,32.06128],[73.37651,32.06127],[73.37653,32.06135],[73.37664,32.06135],[73.37663,32.06155],[73.37696,32.06155],[73.37656,32.06099],[73.37604,32.06111]]]]}},{"type":"Feature","properties":{"lu":"List A Abutting","ct":"Existing","a":0.077},"geometry":{"type":"MultiPolygon","coordinates":[[[[73.37627,32.06078],[73.37643,32.061],[73.37655,32.06097],[73.3764,32.06075],[73.37627,32.06078]]]]}},{"type":"Feature","properties":{"lu":"List A Abutting","ct":"Existing","a":0.151},"geometry":{"type":"MultiPolygon","coordinates":[[[[73.37596,32.06053],[73.37601,32.06066],[73.37619,32.06062],[73.37621,32.06077],[73.37638,32.06073],[73.37621,32.06048],[73.37596,32.06053]]]]}},{"type":"Feature","properties":{"lu":"List A Abutting","ct":"Existing","a":0.075},"geometry":{"type":"MultiPolygon","coordinates":[[[[73.37592,32.06038],[73.37595,32.06052],[73.37619,32.06046],[73.37611,32.06034],[73.37592,32.06038]]]]}},{"type":"Feature","properties":{"lu":"List A Abutting","ct":"Existing","a":0.139},"geometry":{"type":"MultiPolygon","coordinates":[[[[73.37572,32.06009],[73.37598,32.06035],[73.3761,32.06033],[73.37589,32.06002],[73.37572,32.06009]]]]}},{"type":"Feature","properties":{"lu":"List A Abutting","ct":"Existing","a":0.079},"geometry":{"type":"MultiPolygon","coordinates":[[[[73.37564,32.05985],[73.37574,32.06006],[73.37588,32.06001],[73.37574,32.05981],[73.37564,32.05985]]]]}},{"type":"Feature","properties":{"lu":"List A Abutting","ct":"Existing","a":0.066},"geometry":{"type":"MultiPolygon","coordinates":[[[[73.37549,32.05965],[73.37562,32.05983],[73.37572,32.05979],[73.3756,32.05961],[73.37549,32.05965]]]]}},{"type":"Feature","properties":{"lu":"List A Abutting","ct":"Existing","a":0.091},"geometry":{"type":"MultiPolygon","coordinates":[[[[73.3753,32.05947],[73.37544,32.05965],[73.37558,32.05959],[73.37545,32.05941],[73.3753,32.05947]]]]}},{"type":"Feature","properties":{"lu":"List A Abutting","ct":"Existing","a":0.103},"geometry":{"type":"MultiPolygon","coordinates":[[[[73.37516,32.05925],[73.37527,32.05946],[73.37544,32.05939],[73.3753,32.05919],[73.37516,32.05925]]]]}},{"type":"Feature","properties":{"lu":"List A Abutting","ct":"Existing","a":0.106},"geometry":{"type":"MultiPolygon","coordinates":[[[[73.37494,32.05908],[73.37498,32.05918],[73.37529,32.05917],[73.37516,32.05899],[73.37494,32.05908]]]]}},{"type":"Feature","properties":{"lu":"List A Abutting","ct":"Existing","a":0.139},"geometry":{"type":"MultiPolygon","coordinates":[[[[73.3748,32.05888],[73.37493,32.05907],[73.37514,32.05897],[73.37501,32.05878],[73.3748,32.05888]]]]}},{"type":"Feature","properties":{"lu":"List A Abutting","ct":"Existing","a":0.109},"geometry":{"type":"MultiPolygon","coordinates":[[[[73.37469,32.05866],[73.37484,32.05884],[73.37479,32.05886],[73.375,32.05877],[73.37487,32.05858],[73.37469,32.05866]]]]}},{"type":"Feature","properties":{"lu":"List A Abutting","ct":"Existing","a":0.433},"geometry":{"type":"MultiPolygon","coordinates":[[[[73.37407,32.05817],[73.37418,32.05831],[73.37435,32.05824],[73.37441,32.05844],[73.37458,32.05837],[73.37471,32.05863],[73.37486,32.05856],[73.37446,32.05801],[73.37407,32.05817]]]]}},{"type":"Feature","properties":{"lu":"List A Abutting","ct":"Existing","a":0.307},"geometry":{"type":"MultiPolygon","coordinates":[[[[73.3739,32.05762],[73.37394,32.05771],[73.37403,32.05768],[73.37406,32.05792],[73.37413,32.05789],[73.37422,32.05805],[73.37443,32.05796],[73.37413,32.05754],[73.3739,32.05762]]]]}},{"type":"Feature","properties":{"lu":"List A Abutting","ct":"Existing","a":0.056},"geometry":{"type":"MultiPolygon","coordinates":[[[[73.37388,32.05732],[73.37404,32.05755],[73.37412,32.05752],[73.37395,32.05729],[73.37388,32.05732]]]]}},{"type":"Feature","properties":{"lu":"List A Abutting","ct":"Existing","a":1.922},"geometry":{"type":"MultiPolygon","coordinates":[[[[73.37256,32.05566],[73.37339,32.05713],[73.37365,32.05702],[73.37366,32.05719],[73.37379,32.0572],[73.37378,32.05733],[73.37395,32.05729],[73.37218,32.05473],[73.37198,32.0548],[73.37256,32.05566]]]]}},{"type":"Feature","properties":{"lu":"List A Abutting","ct":"Existing","a":0.743},"geometry":{"type":"MultiPolygon","coordinates":[[[[73.37145,32.05372],[73.37127,32.05346],[73.37115,32.05365],[73.37179,32.05457],[73.3719,32.0547],[73.37209,32.0546],[73.37145,32.05372]]]]}},{"type":"Feature","properties":{"lu":"List A Abutting","ct":"Existing","a":0.373},"geometry":{"type":"MultiPolygon","coordinates":[[[[73.37075,32.05274],[73.37067,32.05296],[73.37107,32.05354],[73.3712,32.05337],[73.37075,32.05274]]]]}},{"type":"Feature","properties":{"lu":"List A Abutting","ct":"Existing","a":0.329},"geometry":{"type":"MultiPolygon","coordinates":[[[[73.37414,32.05673],[73.37397,32.05679],[73.37427,32.0572],[73.37455,32.05721],[73.37439,32.05689],[73.3743,32.05691],[73.37414,32.05673]]]]}},{"type":"Feature","properties":{"lu":"List A Abutting","ct":"Existing","a":0.783},"geometry":{"type":"MultiPolygon","coordinates":[[[[73.37411,32.05672],[73.37405,32.05665],[73.37414,32.05661],[73.3737,32.05587],[73.37356,32.05594],[73.37333,32.05568],[73.3732,32.05569],[73.37396,32.05678],[73.37411,32.05672]]]]}},{"type":"Feature","properties":{"lu":"List A Abutting","ct":"Existing","a":0.468},"geometry":{"type":"MultiPolygon","coordinates":[[[[73.37329,32.05566],[73.3731,32.0552],[73.37308,32.05494],[73.37262,32.0549],[73.37319,32.05568],[73.37329,32.05566]]]]}},{"type":"Feature","properties":{"lu":"List A Abutting","ct":"Existing","a":0.15},"geometry":{"type":"MultiPolygon","coordinates":[[[[73.3728,32.05467],[73.37243,32.05464],[73.37256,32.05482],[73.37286,32.05485],[73.3728,32.05467]]]]}},{"type":"Feature","properties":{"lu":"List A Abutting","ct":"Existing","a":0.21},"geometry":{"type":"MultiPolygon","coordinates":[[[[73.37884,32.06323],[73.37857,32.06315],[73.37856,32.06302],[73.37832,32.063],[73.3787,32.06338],[73.37881,32.06339],[73.37884,32.06323]]]]}},{"type":"Feature","properties":{"lu":"List A Abutting","ct":"Existing","a":0.069},"geometry":{"type":"MultiPolygon","coordinates":[[[[73.3784,32.06282],[73.37819,32.06279],[73.37831,32.06298],[73.37843,32.06299],[73.3784,32.06282]]]]}},{"type":"Feature","properties":{"lu":"List A Abutting","ct":"Existing","a":0.486},"geometry":{"type":"MultiPolygon","coordinates":[[[[73.37805,32.06233],[73.37804,32.06225],[73.37791,32.06224],[73.37791,32.06211],[73.3778,32.0621],[73.37776,32.06194],[73.37767,32.06194],[73.37762,32.06174],[73.37753,32.06168],[73.37742,32.06171],[73.37813,32.06271],[73.37837,32.06272],[73.37837,32.06259],[73.37818,32.06256],[73.37818,32.06245],[73.37806,32.06245],[73.37805,32.06233]]]]}},{"type":"Feature","properties":{"lu":"List A Abutting","ct":"Existing","a":0.143},"geometry":{"type":"MultiPolygon","coordinates":[[[[73.37756,32.06165],[73.37748,32.06139],[73.37723,32.06144],[73.3774,32.06168],[73.37756,32.06165]]]]}},{"type":"Feature","properties":{"lu":"List A Abutting","ct":"Existing","a":0.229},"geometry":{"type":"MultiPolygon","coordinates":[[[[73.37734,32.0614],[73.37717,32.06094],[73.37693,32.061],[73.37722,32.06143],[73.37734,32.0614]]]]}},{"type":"Feature","properties":{"lu":"List A Abutting","ct":"Existing","a":0.357},"geometry":{"type":"MultiPolygon","coordinates":[[[[73.37716,32.0609],[73.37703,32.0605],[73.37665,32.06059],[73.3769,32.06096],[73.37716,32.0609]]]]}},{"type":"Feature","properties":{"lu":"List A Abutting","ct":"Existing","a":0.119},"geometry":{"type":"MultiPolygon","coordinates":[[[[73.37655,32.06023],[73.37651,32.06014],[73.37657,32.06012],[73.37644,32.06009],[73.37639,32.05997],[73.37624,32.06001],[73.37642,32.06026],[73.37655,32.06023]]]]}},{"type":"Feature","properties":{"lu":"List A Abutting","ct":"Existing","a":0.113},"geometry":{"type":"MultiPolygon","coordinates":[[[[73.37636,32.05996],[73.37623,32.0597],[73.37607,32.05977],[73.37623,32.06],[73.37636,32.05996]]]]}},{"type":"Feature","properties":{"lu":"List A Abutting","ct":"Existing","a":0.151},"geometry":{"type":"MultiPolygon","coordinates":[[[[73.37613,32.05972],[73.37604,32.05962],[73.37608,32.05955],[73.37596,32.05946],[73.37612,32.05933],[73.37601,32.05939],[73.37595,32.0593],[73.3758,32.05938],[73.37606,32.05976],[73.37613,32.05972]]]]}},{"type":"Feature","properties":{"lu":"List A Abutting","ct":"Existing","a":0.245},"geometry":{"type":"MultiPolygon","coordinates":[[[[73.37606,32.05922],[73.37601,32.05908],[73.37591,32.05912],[73.37581,32.05897],[73.37559,32.05908],[73.37578,32.05936],[73.37606,32.05922]]]]}},{"type":"Feature","properties":{"lu":"List A Abutting","ct":"Existing","a":0.139},"geometry":{"type":"MultiPolygon","coordinates":[[[[73.37574,32.05899],[73.37562,32.05875],[73.37542,32.05884],[73.37558,32.05907],[73.37574,32.05899]]]]}},{"type":"Feature","properties":{"lu":"List A Abutting","ct":"Existing","a":0.409},"geometry":{"type":"MultiPolygon","coordinates":[[[[73.38369,32.06297],[73.38368,32.06316],[73.38352,32.06317],[73.38366,32.06323],[73.38359,32.0634],[73.38348,32.06338],[73.38349,32.06326],[73.38338,32.06324],[73.38338,32.06317],[73.38317,32.06315],[73.38313,32.06345],[73.38367,32.06347],[73.38383,32.06299],[73.38369,32.06297]]]]}},{"type":"Feature","properties":{"lu":"List A Abutting","ct":"Existing","a":0.342},"geometry":{"type":"MultiPolygon","coordinates":[[[[73.38129,32.06335],[73.38026,32.06331],[73.38024,32.06344],[73.38132,32.06346],[73.38129,32.06335]]]]}},{"type":"Feature","properties":{"lu":"List A Abutting","ct":"Existing","a":0.156},"geometry":{"type":"MultiPolygon","coordinates":[[[[73.38186,32.0633],[73.38134,32.06332],[73.38135,32.06346],[73.38191,32.06343],[73.38186,32.0633]]]]}},{"type":"Feature","properties":{"lu":"List A Abutting","ct":"Existing","a":0.49},"geometry":{"type":"MultiPolygon","coordinates":[[[[73.38312,32.06327],[73.38277,32.06324],[73.38277,32.0633],[73.38242,32.06328],[73.38242,32.06334],[73.38187,32.06326],[73.38194,32.06343],[73.3831,32.06345],[73.38312,32.06327]]]]}},{"type":"Feature","properties":{"lu":"List A Abutting","ct":"Existing","a":0.159},"geometry":{"type":"MultiPolygon","coordinates":[[[[73.38379,32.06252],[73.38374,32.06295],[73.38384,32.06296],[73.38397,32.06255],[73.38379,32.06252]]]]}},{"type":"Feature","properties":{"lu":"List A Abutting","ct":"Existing","a":1.703},"geometry":{"type":"MultiPolygon","coordinates":[[[[73.38457,32.06016],[73.38444,32.06062],[73.38427,32.0606],[73.38423,32.06075],[73.38353,32.06067],[73.38348,32.06097],[73.38423,32.06106],[73.38405,32.06193],[73.38391,32.06192],[73.38386,32.06221],[73.38378,32.06227],[73.38383,32.06227],[73.3838,32.06249],[73.38398,32.06251],[73.3847,32.06017],[73.38457,32.06016]]]]}},{"type":"Feature","properties":{"lu":"List A Abutting","ct":"Existing","a":0.434},"geometry":{"type":"MultiPolygon","coordinates":[[[[73.3849,32.05912],[73.38468,32.05968],[73.38457,32.05967],[73.38457,32.05973],[73.38467,32.05973],[73.38452,32.06012],[73.38471,32.06014],[73.38503,32.05914],[73.3849,32.05912]]]]}},{"type":"Feature","properties":{"lu":"List A Abutting","ct":"Existing","a":0.04},"geometry":{"type":"MultiPolygon","coordinates":[[[[73.38508,32.05896],[73.38499,32.05895],[73.38493,32.0591],[73.38503,32.05912],[73.38508,32.05896]]]]}},{"type":"Feature","properties":{"lu":"List A Abutting","ct":"Existing","a":0.044},"geometry":{"type":"MultiPolygon","coordinates":[[[[73.38559,32.05646],[73.38556,32.05661],[73.38567,32.05662],[73.38571,32.05647],[73.38559,32.05646]]]]}},{"type":"Feature","properties":{"lu":"List A Abutting","ct":"Existing","a":1.447},"geometry":{"type":"MultiPolygon","coordinates":[[[[73.3854,32.05611],[73.38538,32.05626],[73.38511,32.05623],[73.38509,32.05638],[73.38571,32.05644],[73.38607,32.05504],[73.38566,32.05499],[73.38548,32.05612],[73.3854,32.05611]]]]}},{"type":"Feature","properties":{"lu":"List A Abutting","ct":"Existing","a":1.42},"geometry":{"type":"MultiPolygon","coordinates":[[[[73.38619,32.0538],[73.38584,32.05378],[73.38568,32.05488],[73.3861,32.05494],[73.38639,32.0538],[73.38619,32.0538]]]]}},{"type":"Feature","properties":{"lu":"List A Abutting","ct":"Existing","a":0.422},"geometry":{"type":"MultiPolygon","coordinates":[[[[73.3885,32.06422],[73.38853,32.0638],[73.38861,32.06379],[73.38854,32.06344],[73.38812,32.06352],[73.38813,32.06359],[73.38836,32.06355],[73.38835,32.0642],[73.38848,32.06429],[73.3885,32.06422]]]]}},{"type":"Feature","properties":{"lu":"List A Abutting","ct":"Existing","a":0.172},"geometry":{"type":"MultiPolygon","coordinates":[[[[73.38769,32.0638],[73.38767,32.06362],[73.38734,32.06371],[73.38734,32.06388],[73.38769,32.0638]]]]}},{"type":"Feature","properties":{"lu":"List A Abutting","ct":"Existing","a":0.686},"geometry":{"type":"MultiPolygon","coordinates":[[[[73.3904,32.06345],[73.38965,32.06341],[73.38969,32.06385],[73.38989,32.06386],[73.38988,32.06378],[73.39033,32.06379],[73.3904,32.06345]]]]}},{"type":"Feature","properties":{"lu":"List A Abutting","ct":"Existing","a":0.206},"geometry":{"type":"MultiPolygon","coordinates":[[[[73.38813,32.06376],[73.38811,32.06352],[73.38769,32.06362],[73.38771,32.0638],[73.38791,32.06378],[73.38789,32.06369],[73.388,32.06367],[73.38802,32.06377],[73.38813,32.06376]]]]}},{"type":"Feature","properties":{"lu":"List A Abutting","ct":"Existing","a":0.357},"geometry":{"type":"MultiPolygon","coordinates":[[[[73.38937,32.06355],[73.38938,32.0634],[73.38856,32.06344],[73.38859,32.0636],[73.3888,32.06355],[73.38881,32.06367],[73.38889,32.06366],[73.38887,32.06347],[73.38906,32.06347],[73.38903,32.06368],[73.38918,32.06369],[73.3892,32.06353],[73.38937,32.06355]]]]}},{"type":"Feature","properties":{"lu":"List A Abutting","ct":"Existing","a":0.067},"geometry":{"type":"MultiPolygon","coordinates":[[[[73.38939,32.06351],[73.38963,32.06352],[73.38962,32.06341],[73.3894,32.0634],[73.38939,32.06351]]]]}},{"type":"Feature","properties":{"lu":"List A Abutting","ct":"Existing","a":1.314},"geometry":{"type":"MultiPolygon","coordinates":[[[[73.38456,32.06394],[73.38545,32.06397],[73.38545,32.06391],[73.38601,32.0639],[73.38601,32.06397],[73.38686,32.0638],[73.38686,32.0637],[73.38458,32.06369],[73.38456,32.06394]]]]}},{"type":"Feature","properties":{"lu":"List A Abutting","ct":"Existing","a":0.946},"geometry":{"type":"MultiPolygon","coordinates":[[[[73.38283,32.06393],[73.38285,32.06369],[73.3831,32.06364],[73.37993,32.06362],[73.38002,32.06374],[73.38067,32.06369],[73.38067,32.06377],[73.38087,32.06382],[73.38133,32.06383],[73.38133,32.0637],[73.38173,32.0637],[73.38173,32.06376],[73.38185,32.06376],[73.38185,32.06369],[73.38253,32.06369],[73.38256,32.0638],[73.38264,32.06374],[73.38264,32.06394],[73.38283,32.06393]]]]}},{"type":"Feature","properties":{"lu":"List A Abutting","ct":"Existing","a":0.612},"geometry":{"type":"MultiPolygon","coordinates":[[[[73.3845,32.06387],[73.38452,32.06369],[73.38313,32.06364],[73.38323,32.06388],[73.38359,32.06389],[73.3836,32.06382],[73.38378,32.06378],[73.38395,32.0638],[73.38393,32.06391],[73.38415,32.06393],[73.38416,32.06385],[73.3845,32.06387]]]]}},{"type":"Feature","properties":{"lu":"List A Abutting","ct":"Existing","a":0.025},"geometry":{"type":"MultiPolygon","coordinates":[[[[73.37984,32.0692],[73.37974,32.0692],[73.37974,32.06928],[73.37989,32.06928],[73.37984,32.0692]]]]}},{"type":"Feature","properties":{"lu":"List A Abutting","ct":"Existing","a":0.583},"geometry":{"type":"MultiPolygon","coordinates":[[[[73.38043,32.07033],[73.38075,32.07125],[73.38114,32.0713],[73.38052,32.07031],[73.38043,32.07033]]]]}},{"type":"Feature","properties":{"lu":"List A Abutting","ct":"Existing","a":0.047},"geometry":{"type":"MultiPolygon","coordinates":[[[[73.38031,32.07006],[73.38043,32.07032],[73.38052,32.0703],[73.38031,32.07006]]]]}},{"type":"Feature","properties":{"lu":"List A Abutting","ct":"Existing","a":0.106},"geometry":{"type":"MultiPolygon","coordinates":[[[[73.38004,32.06972],[73.38024,32.07006],[73.38035,32.07004],[73.38011,32.06965],[73.38004,32.06972]]]]}},{"type":"Feature","properties":{"lu":"List A Abutting","ct":"Existing","a":0.323},"geometry":{"type":"MultiPolygon","coordinates":[[[[73.38161,32.07151],[73.38145,32.07149],[73.38168,32.07186],[73.38192,32.07187],[73.38195,32.07154],[73.38161,32.07151]]]]}},{"type":"Feature","properties":{"lu":"List A Abutting","ct":"Existing","a":0.427},"geometry":{"type":"MultiPolygon","coordinates":[[[[73.38169,32.07104],[73.38113,32.07096],[73.38142,32.07143],[73.38162,32.07146],[73.38169,32.07104]]]]}},{"type":"Feature","properties":{"lu":"List A Abutting","ct":"Existing","a":1.154},"geometry":{"type":"MultiPolygon","coordinates":[[[[73.3816,32.07081],[73.38122,32.07082],[73.38084,32.07014],[73.3808,32.06957],[73.38034,32.06965],[73.38037,32.06939],[73.38011,32.06936],[73.38109,32.0709],[73.38163,32.07096],[73.3816,32.07081]]]]}},{"type":"Feature","properties":{"lu":"List A Abutting","ct":"Existing","a":0.219},"geometry":{"type":"MultiPolygon","coordinates":[[[[73.38455,32.0761],[73.38433,32.07608],[73.3846,32.07651],[73.38473,32.07652],[73.38476,32.07638],[73.38465,32.07636],[73.38469,32.07617],[73.38455,32.07616],[73.38455,32.0761]]]]}},{"type":"Feature","properties":{"lu":"List A Abutting","ct":"Existing","a":0.071},"geometry":{"type":"MultiPolygon","coordinates":[[[[73.38448,32.07595],[73.38423,32.07592],[73.38432,32.07605],[73.38455,32.07608],[73.38448,32.07607],[73.38448,32.07595]]]]}},{"type":"Feature","properties":{"lu":"List A Abutting","ct":"Existing","a":0.062},"geometry":{"type":"MultiPolygon","coordinates":[[[[73.37868,32.06711],[73.37873,32.06723],[73.37886,32.06725],[73.37895,32.06716],[73.37868,32.06711]]]]}},{"type":"Feature","properties":{"lu":"List A Abutting","ct":"Existing","a":0.64},"geometry":{"type":"MultiPolygon","coordinates":[[[[73.37852,32.06588],[73.37852,32.06595],[73.37867,32.06595],[73.37861,32.0662],[73.37871,32.06629],[73.37865,32.06629],[73.37864,32.0665],[73.37873,32.06651],[73.37866,32.06681],[73.37855,32.0668],[73.37856,32.06694],[73.37868,32.06696],[73.37869,32.06709],[73.37894,32.06711],[73.37879,32.06583],[73.37852,32.06588]]]]}},{"type":"Feature","properties":{"lu":"List A Abutting","ct":"Existing","a":0.136},"geometry":{"type":"MultiPolygon","coordinates":[[[[73.37849,32.06567],[73.37853,32.06586],[73.37879,32.06581],[73.37878,32.06562],[73.37849,32.06567]]]]}},{"type":"Feature","properties":{"lu":"List A Abutting","ct":"Existing","a":0.615},"geometry":{"type":"MultiPolygon","coordinates":[[[[73.37725,32.06818],[73.37714,32.06774],[73.37671,32.06782],[73.37694,32.06855],[73.37711,32.06856],[73.37699,32.06822],[73.37725,32.06818]]]]}},{"type":"Feature","properties":{"lu":"List A Abutting","ct":"Existing","a":1.027},"geometry":{"type":"MultiPolygon","coordinates":[[[[73.37717,32.06759],[73.37718,32.06748],[73.3767,32.06747],[73.37658,32.0669],[73.37709,32.06681],[73.37703,32.06653],[73.37635,32.06665],[73.3767,32.06778],[73.37717,32.06759]]]]}},{"type":"Feature","properties":{"lu":"List A Abutting","ct":"Existing","a":0.595},"geometry":{"type":"MultiPolygon","coordinates":[[[[73.38601,32.06318],[73.3853,32.06315],[73.38526,32.06347],[73.38597,32.06349],[73.38601,32.06318]]]]}},{"type":"Feature","properties":{"lu":"List A Abutting","ct":"Existing","a":4.427},"geometry":{"type":"MultiPolygon","coordinates":[[[[73.38524,32.06295],[73.38479,32.06289],[73.3848,32.06282],[73.38497,32.06283],[73.385,32.06258],[73.38536,32.06263],[73.38549,32.06189],[73.38533,32.06186],[73.38526,32.06202],[73.38506,32.06199],[73.38508,32.06189],[73.38491,32.06186],[73.38489,32.06195],[73.38464,32.06194],[73.38457,32.06222],[73.38439,32.0622],[73.38446,32.06194],[73.3843,32.06191],[73.38383,32.06341],[73.38451,32.06345],[73.38459,32.06274],[73.38464,32.06274],[73.38457,32.06345],[73.38516,32.06347],[73.38524,32.06295]]]]}},{"type":"Feature","properties":{"lu":"List A Abutting","ct":"Existing","a":0.773},"geometry":{"type":"MultiPolygon","coordinates":[[[[73.39094,32.06267],[73.39059,32.06265],[73.39052,32.06324],[73.39106,32.06327],[73.39106,32.06273],[73.39094,32.06267]]]]}},{"type":"Feature","properties":{"lu":"List A Abutting","ct":"Existing","a":2.295},"geometry":{"type":"MultiPolygon","coordinates":[[[[73.38554,32.06058],[73.38557,32.06041],[73.38485,32.06032],[73.38488,32.0601],[73.38433,32.06183],[73.38448,32.06187],[73.38466,32.06122],[73.38549,32.06135],[73.3855,32.06127],[73.38542,32.06125],[73.38554,32.06058]]]]}},{"type":"Feature","properties":{"lu":"List A Abutting","ct":"Existing","a":0.178},"geometry":{"type":"MultiPolygon","coordinates":[[[[73.38562,32.05968],[73.38562,32.05962],[73.38504,32.05953],[73.3849,32.06004],[73.38496,32.06004],[73.38511,32.0596],[73.38562,32.05968]]]]}},{"type":"Feature","properties":{"lu":"List A Abutting","ct":"Existing","a":0.086},"geometry":{"type":"MultiPolygon","coordinates":[[[[73.38514,32.0592],[73.38505,32.05947],[73.38519,32.0595],[73.38511,32.05948],[73.38513,32.05939],[73.38524,32.05939],[73.38526,32.05922],[73.38514,32.0592]]]]}},{"type":"Feature","properties":{"lu":"List A Abutting","ct":"Existing","a":0.06},"geometry":{"type":"MultiPolygon","coordinates":[[[[73.38532,32.05902],[73.38533,32.0589],[73.38523,32.05888],[73.38516,32.05912],[73.38525,32.05913],[73.38532,32.05902]]]]}},{"type":"Feature","properties":{"lu":"List A Abutting","ct":"Existing","a":0.075},"geometry":{"type":"MultiPolygon","coordinates":[[[[73.38542,32.05865],[73.38531,32.05863],[73.38524,32.05886],[73.38537,32.05888],[73.38542,32.05865]]]]}},{"type":"Feature","properties":{"lu":"List A Abutting","ct":"Existing","a":0.062},"geometry":{"type":"MultiPolygon","coordinates":[[[[73.38549,32.05843],[73.38538,32.05841],[73.38531,32.05862],[73.38542,32.05864],[73.38549,32.05843]]]]}},{"type":"Feature","properties":{"lu":"List A Abutting","ct":"Existing","a":0.141},"geometry":{"type":"MultiPolygon","coordinates":[[[[73.38532,32.05815],[73.38518,32.05819],[73.38507,32.05873],[73.38515,32.05875],[73.38532,32.05815]]]]}},{"type":"Feature","properties":{"lu":"List A Abutting","ct":"Existing","a":0.046},"geometry":{"type":"MultiPolygon","coordinates":[[[[73.38506,32.05875],[73.38499,32.05895],[73.38508,32.05896],[73.38515,32.05877],[73.38506,32.05875]]]]}},{"type":"Feature","properties":{"lu":"List A Abutting","ct":"Existing","a":0.11},"geometry":{"type":"MultiPolygon","coordinates":[[[[73.37677,32.06055],[73.37656,32.06025],[73.37644,32.06029],[73.37664,32.06058],[73.37677,32.06055]]]]}},{"type":"Feature","properties":{"lu":"List A Abutting","ct":"Existing","a":0.454},"geometry":{"type":"MultiPolygon","coordinates":[[[[73.37127,32.05254],[73.37092,32.0525],[73.3714,32.05316],[73.37158,32.05318],[73.37161,32.05302],[73.37148,32.05303],[73.37149,32.05276],[73.37129,32.05278],[73.37127,32.05254]]]]}},{"type":"Feature","properties":{"lu":"List A Abutting","ct":"Existing","a":0.288},"geometry":{"type":"MultiPolygon","coordinates":[[[[73.37651,32.06661],[73.37636,32.066],[73.37617,32.06604],[73.37635,32.06664],[73.37651,32.06661]]]]}},{"type":"Feature","properties":{"lu":"List A Abutting","ct":"Existing","a":0.077},"geometry":{"type":"MultiPolygon","coordinates":[[[[73.37976,32.06929],[73.37984,32.06949],[73.38002,32.06948],[73.37992,32.0693],[73.37976,32.06929]]]]}},{"type":"Feature","properties":{"lu":"List A Abutting","ct":"Existing","a":0.142},"geometry":{"type":"MultiPolygon","coordinates":[[[[73.37911,32.06584],[73.37919,32.06578],[73.37918,32.06558],[73.37893,32.06559],[73.37898,32.06585],[73.37911,32.06584]]]]}},{"type":"Feature","properties":{"lu":"List A Abutting","ct":"Existing","a":0.144},"geometry":{"type":"MultiPolygon","coordinates":[[[[73.3794,32.06717],[73.37923,32.06719],[73.37929,32.06749],[73.37947,32.0675],[73.3794,32.06717]]]]}},{"type":"Feature","properties":{"lu":"List A Abutting","ct":"Existing","a":0.244},"geometry":{"type":"MultiPolygon","coordinates":[[[[73.37931,32.06713],[73.37928,32.06702],[73.37943,32.06695],[73.3794,32.06678],[73.37927,32.06679],[73.37918,32.06652],[73.37909,32.06652],[73.37922,32.06715],[73.37931,32.06713]]]]}},{"type":"Feature","properties":{"lu":"List A Abutting","ct":"Existing","a":0.286},"geometry":{"type":"MultiPolygon","coordinates":[[[[73.37969,32.06813],[73.3797,32.06795],[73.37956,32.06795],[73.37952,32.06755],[73.3793,32.06753],[73.37952,32.06813],[73.37969,32.06813]]]]}},{"type":"Feature","properties":{"lu":"List A Abutting","ct":"Existing","a":0.248},"geometry":{"type":"MultiPolygon","coordinates":[[[[73.3798,32.06818],[73.37953,32.06815],[73.37982,32.06876],[73.37989,32.06876],[73.37989,32.0686],[73.38,32.06861],[73.37999,32.06853],[73.37978,32.06852],[73.3798,32.06818]]]]}},{"type":"Feature","properties":{"lu":"List A Abutting","ct":"Existing","a":0.625},"geometry":{"type":"MultiPolygon","coordinates":[[[[73.46808,31.87782],[73.46792,31.87806],[73.46789,31.87827],[73.46774,31.87826],[73.46784,31.87871],[73.46839,31.87781],[73.46813,31.87775],[73.46808,31.87782]]]]}},{"type":"Feature","properties":{"lu":"List A Abutting","ct":"Existing","a":0.493},"geometry":{"type":"MultiPolygon","coordinates":[[[[73.46834,31.87737],[73.46789,31.87741],[73.46793,31.87771],[73.4684,31.87779],[73.46855,31.87754],[73.46834,31.87737]]]]}},{"type":"Feature","properties":{"lu":"List A Abutting","ct":"Existing","a":0.304},"geometry":{"type":"MultiPolygon","coordinates":[[[[73.46892,31.87665],[73.46865,31.87713],[73.46843,31.87732],[73.46862,31.87742],[73.46898,31.87681],[73.46892,31.87665]]]]}},{"type":"Feature","properties":{"lu":"List A Abutting","ct":"Existing","a":0.656},"geometry":{"type":"MultiPolygon","coordinates":[[[[73.46878,31.87633],[73.46873,31.87619],[73.46791,31.87648],[73.46811,31.87683],[73.46849,31.87671],[73.46843,31.87652],[73.46878,31.87633]]]]}},{"type":"Feature","properties":{"lu":"List A Abutting","ct":"Existing","a":0.431},"geometry":{"type":"MultiPolygon","coordinates":[[[[73.46912,31.87614],[73.46905,31.87608],[73.46874,31.87619],[73.46899,31.87672],[73.4692,31.87637],[73.46912,31.87614]]]]}},{"type":"Feature","properties":{"lu":"List A Abutting","ct":"Existing","a":0.261},"geometry":{"type":"MultiPolygon","coordinates":[[[[73.46692,31.87473],[73.46659,31.87408],[73.46643,31.87411],[73.46678,31.87478],[73.46692,31.87473]]]]}},{"type":"Feature","properties":{"lu":"List A Abutting","ct":"Existing","a":0.601},"geometry":{"type":"MultiPolygon","coordinates":[[[[73.46657,31.87406],[73.46635,31.87335],[73.46655,31.87332],[73.46652,31.87321],[73.46599,31.87328],[73.46642,31.87409],[73.46657,31.87406]]]]}},{"type":"Feature","properties":{"lu":"List A Abutting","ct":"Existing","a":0.416},"geometry":{"type":"MultiPolygon","coordinates":[[[[73.46853,31.87586],[73.46813,31.87592],[73.46796,31.87606],[73.46791,31.87595],[73.46754,31.87608],[73.46764,31.87629],[73.46856,31.87594],[73.46853,31.87586]]]]}},{"type":"Feature","properties":{"lu":"List A Abutting","ct":"Existing","a":0.088},"geometry":{"type":"MultiPolygon","coordinates":[[[[73.46763,31.87601],[73.4676,31.87582],[73.46739,31.87579],[73.46753,31.87605],[73.46763,31.87601]]]]}},{"type":"Feature","properties":{"lu":"List A Abutting","ct":"Existing","a":0.267},"geometry":{"type":"MultiPolygon","coordinates":[[[[73.47001,31.87539],[73.46975,31.87549],[73.46972,31.87537],[73.46963,31.87538],[73.46964,31.87547],[73.46943,31.8755],[73.46945,31.87558],[73.46909,31.87569],[73.469,31.87566],[73.46902,31.87573],[73.46857,31.87585],[73.46859,31.87593],[73.47001,31.87539]]]]}},{"type":"Feature","properties":{"lu":"List A Abutting","ct":"Existing","a":0.065},"geometry":{"type":"MultiPolygon","coordinates":[[[[73.46746,31.87573],[73.46732,31.87548],[73.46723,31.87551],[73.46738,31.87576],[73.46746,31.87573]]]]}},{"type":"Feature","properties":{"lu":"List A Abutting","ct":"Existing","a":0.062},"geometry":{"type":"MultiPolygon","coordinates":[[[[73.4673,31.87547],[73.46719,31.87524],[73.46708,31.87529],[73.46722,31.87549],[73.4673,31.87547]]]]}},{"type":"Feature","properties":{"lu":"List A Abutting","ct":"Existing","a":0.184},"geometry":{"type":"MultiPolygon","coordinates":[[[[73.4672,31.87522],[73.46694,31.87476],[73.4668,31.87482],[73.46707,31.87527],[73.4672,31.87522]]]]}},{"type":"Feature","properties":{"lu":"List A Abutting","ct":"Existing","a":0.104},"geometry":{"type":"MultiPolygon","coordinates":[[[[73.46548,31.87222],[73.46546,31.87193],[73.46528,31.87195],[73.46541,31.87223],[73.46548,31.87222]]]]}},{"type":"Feature","properties":{"lu":"List A Abutting","ct":"Existing","a":0.346},"geometry":{"type":"MultiPolygon","coordinates":[[[[73.46955,31.87631],[73.46939,31.87624],[73.469,31.87692],[73.46912,31.87692],[73.46924,31.87674],[73.46934,31.87675],[73.4694,31.87659],[73.4695,31.87657],[73.46955,31.87631]]]]}},{"type":"Feature","properties":{"lu":"List A Abutting","ct":"Existing","a":0.462},"geometry":{"type":"MultiPolygon","coordinates":[[[[73.46956,31.87629],[73.4697,31.87595],[73.47046,31.87572],[73.47041,31.8756],[73.46961,31.87584],[73.4694,31.87622],[73.46956,31.87629]]]]}},{"type":"Feature","properties":{"lu":"List A Abutting","ct":"Existing","a":0.668},"geometry":{"type":"MultiPolygon","coordinates":[[[[73.47225,31.87517],[73.4722,31.87499],[73.47108,31.87537],[73.47105,31.87531],[73.47102,31.87539],[73.47042,31.87559],[73.47047,31.87572],[73.47115,31.87556],[73.47123,31.87552],[73.47121,31.87544],[73.47153,31.87532],[73.47217,31.87512],[73.47225,31.87517]]]]}},{"type":"Feature","properties":{"lu":"List A Abutting","ct":"Existing","a":0.259},"geometry":{"type":"MultiPolygon","coordinates":[[[[73.47291,31.87493],[73.47286,31.87477],[73.47226,31.87497],[73.47232,31.87519],[73.47251,31.87514],[73.47249,31.87501],[73.47291,31.87493]]]]}},{"type":"Feature","properties":{"lu":"List A Abutting","ct":"Existing","a":0.066},"geometry":{"type":"MultiPolygon","coordinates":[[[[73.48591,31.87037],[73.48586,31.87022],[73.4857,31.87028],[73.48574,31.87042],[73.48591,31.87037]]]]}},{"type":"Feature","properties":{"lu":"List A Abutting","ct":"Existing","a":0.581},"geometry":{"type":"MultiPolygon","coordinates":[[[[73.48638,31.87073],[73.48643,31.87059],[73.48623,31.87009],[73.4859,31.87021],[73.48606,31.87074],[73.48638,31.87073]]]]}},{"type":"Feature","properties":{"lu":"List A Abutting","ct":"Existing","a":0.112},"geometry":{"type":"MultiPolygon","coordinates":[[[[73.47066,31.87516],[73.47004,31.87535],[73.47007,31.87542],[73.47068,31.87521],[73.47066,31.87516]]]]}},{"type":"Feature","properties":{"lu":"List A Abutting","ct":"Existing","a":0.382},"geometry":{"type":"MultiPolygon","coordinates":[[[[73.47133,31.87489],[73.47122,31.87493],[73.47119,31.87478],[73.47063,31.87497],[73.47071,31.8752],[73.47135,31.87498],[73.47133,31.87489]]]]}},{"type":"Feature","properties":{"lu":"List A Abutting","ct":"Existing","a":0.15},"geometry":{"type":"MultiPolygon","coordinates":[[[[73.47172,31.87485],[73.47171,31.87478],[73.4715,31.87479],[73.47147,31.87469],[73.47131,31.87474],[73.47138,31.87497],[73.47172,31.87485]]]]}},{"type":"Feature","properties":{"lu":"List A Abutting","ct":"Existing","a":0.169},"geometry":{"type":"MultiPolygon","coordinates":[[[[73.49393,31.86809],[73.49285,31.86833],[73.49287,31.86841],[73.49394,31.86814],[73.49393,31.86809]]]]}},{"type":"Feature","properties":{"lu":"List A Abutting","ct":"Existing","a":0.087},"geometry":{"type":"MultiPolygon","coordinates":[[[[73.49439,31.86795],[73.49394,31.86808],[73.49396,31.86814],[73.49441,31.86803],[73.49439,31.86795]]]]}},{"type":"Feature","properties":{"lu":"List A Abutting","ct":"Existing","a":0.11},"geometry":{"type":"MultiPolygon","coordinates":[[[[73.49507,31.86782],[73.4944,31.86795],[73.49442,31.86803],[73.49508,31.86788],[73.49507,31.86782]]]]}},{"type":"Feature","properties":{"lu":"List A Abutting","ct":"Existing","a":0.26},"geometry":{"type":"MultiPolygon","coordinates":[[[[73.49629,31.86763],[73.49627,31.86748],[73.49606,31.86747],[73.49595,31.86752],[73.49597,31.86758],[73.4951,31.86776],[73.49512,31.86787],[73.49628,31.86758],[73.49629,31.86763]]]]}},{"type":"Feature","properties":{"lu":"List A Abutting","ct":"Existing","a":0.155},"geometry":{"type":"MultiPolygon","coordinates":[[[[73.49826,31.86699],[73.49764,31.86712],[73.49766,31.86723],[73.49828,31.86707],[73.49826,31.86699]]]]}},{"type":"Feature","properties":{"lu":"List A Abutting","ct":"Existing","a":0.226},"geometry":{"type":"MultiPolygon","coordinates":[[[[73.49902,31.8669],[73.49899,31.86677],[73.49831,31.86693],[73.49833,31.86706],[73.49902,31.8669]]]]}},{"type":"Feature","properties":{"lu":"List A Abutting","ct":"Existing","a":0.218},"geometry":{"type":"MultiPolygon","coordinates":[[[[73.50065,31.86622],[73.50034,31.86631],[73.5004,31.86655],[73.50072,31.86647],[73.50065,31.86622]]]]}},{"type":"Feature","properties":{"lu":"List A Abutting","ct":"Existing","a":0.3},"geometry":{"type":"MultiPolygon","coordinates":[[[[73.50135,31.866],[73.50122,31.86602],[73.50124,31.86615],[73.501,31.86618],[73.50097,31.86633],[73.50075,31.86638],[73.50078,31.86646],[73.5014,31.8663],[73.50135,31.866]]]]}},{"type":"Feature","properties":{"lu":"List A Abutting","ct":"Existing","a":0.583},"geometry":{"type":"MultiPolygon","coordinates":[[[[73.50234,31.86578],[73.50156,31.86592],[73.50161,31.86621],[73.50239,31.86604],[73.50234,31.86578]]]]}},{"type":"Feature","properties":{"lu":"List A Abutting","ct":"Existing","a":1.127},"geometry":{"type":"MultiPolygon","coordinates":[[[[73.50401,31.86561],[73.50295,31.86581],[73.50288,31.86564],[73.50305,31.8656],[73.503,31.86538],[73.50232,31.86546],[73.50243,31.86606],[73.50401,31.86561]]]]}},{"type":"Feature","properties":{"lu":"List A Abutting","ct":"Existing","a":0.062},"geometry":{"type":"MultiPolygon","coordinates":[[[[73.50601,31.86513],[73.50566,31.86521],[73.50571,31.86527],[73.50604,31.86519],[73.50601,31.86513]]]]}},{"type":"Feature","properties":{"lu":"List A Abutting","ct":"Existing","a":0.157},"geometry":{"type":"MultiPolygon","coordinates":[[[[73.50658,31.86486],[73.50637,31.86492],[73.50637,31.86499],[73.50649,31.86496],[73.50651,31.86501],[73.50604,31.86513],[73.50606,31.86518],[73.50669,31.86502],[73.50658,31.86486]]]]}},{"type":"Feature","properties":{"lu":"List A Abutting","ct":"Existing","a":0.441},"geometry":{"type":"MultiPolygon","coordinates":[[[[73.50641,31.86464],[73.5055,31.86362],[73.50541,31.86367],[73.50611,31.86446],[73.50597,31.86459],[73.5061,31.86453],[73.50624,31.86473],[73.50641,31.86464]]]]}},{"type":"Feature","properties":{"lu":"List A Abutting","ct":"Existing","a":0.277},"geometry":{"type":"MultiPolygon","coordinates":[[[[73.5048,31.86312],[73.50498,31.86337],[73.50506,31.86333],[73.5052,31.86347],[73.50513,31.86351],[73.50523,31.86362],[73.50548,31.8636],[73.5049,31.86307],[73.5048,31.86312]]]]}},{"type":"Feature","properties":{"lu":"List A Abutting","ct":"Existing","a":0.874},"geometry":{"type":"MultiPolygon","coordinates":[[[[73.50741,31.86475],[73.50697,31.86487],[73.50682,31.86465],[73.50706,31.86452],[73.50695,31.86432],[73.50659,31.86446],[73.50651,31.86435],[73.50658,31.86422],[73.50634,31.86394],[73.50619,31.86404],[73.50604,31.86387],[73.50599,31.8639],[73.50686,31.86495],[73.50744,31.86481],[73.50741,31.86475]]]]}},{"type":"Feature","properties":{"lu":"List A Abutting","ct":"Existing","a":0.072},"geometry":{"type":"MultiPolygon","coordinates":[[[[73.50781,31.8646],[73.50745,31.86475],[73.50749,31.86481],[73.50786,31.86468],[73.50781,31.8646]]]]}},{"type":"Feature","properties":{"lu":"List A Abutting","ct":"Existing","a":0.051},"geometry":{"type":"MultiPolygon","coordinates":[[[[73.5082,31.86452],[73.50797,31.86461],[73.50801,31.86466],[73.50825,31.8646],[73.5082,31.86452]]]]}},{"type":"Feature","properties":{"lu":"List A Abutting","ct":"Existing","a":0.145},"geometry":{"type":"MultiPolygon","coordinates":[[[[73.50844,31.86423],[73.50832,31.86427],[73.50847,31.86447],[73.50824,31.86454],[73.50827,31.86459],[73.50863,31.86449],[73.50844,31.86423]]]]}},{"type":"Feature","properties":{"lu":"List A Abutting","ct":"Existing","a":0.077},"geometry":{"type":"MultiPolygon","coordinates":[[[[73.51921,31.86171],[73.51899,31.86174],[73.5189,31.86179],[73.51892,31.86187],[73.51922,31.8618],[73.51921,31.86171]]]]}},{"type":"Feature","properties":{"lu":"List A Abutting","ct":"Existing","a":0.243},"geometry":{"type":"MultiPolygon","coordinates":[[[[73.51972,31.86139],[73.51957,31.86141],[73.5196,31.8616],[73.51922,31.8616],[73.51926,31.86179],[73.51977,31.86165],[73.51972,31.86139]]]]}},{"type":"Feature","properties":{"lu":"List A Abutting","ct":"Existing","a":0.029},"geometry":{"type":"MultiPolygon","coordinates":[[[[73.51991,31.86154],[73.51978,31.86156],[73.51979,31.86165],[73.51992,31.86162],[73.51991,31.86154]]]]}},{"type":"Feature","properties":{"lu":"List A Abutting","ct":"Existing","a":0.083},"geometry":{"type":"MultiPolygon","coordinates":[[[[73.52006,31.86136],[73.51991,31.86138],[73.51996,31.86161],[73.52009,31.86157],[73.52006,31.86136]]]]}},{"type":"Feature","properties":{"lu":"List A Abutting","ct":"Existing","a":0.12},"geometry":{"type":"MultiPolygon","coordinates":[[[[73.52041,31.86119],[73.52034,31.86121],[73.52038,31.86142],[73.5201,31.86147],[73.52011,31.86157],[73.52047,31.86147],[73.52041,31.86119]]]]}},{"type":"Feature","properties":{"lu":"List A Abutting","ct":"Existing","a":0.126},"geometry":{"type":"MultiPolygon","coordinates":[[[[73.52075,31.86106],[73.52066,31.86107],[73.52071,31.86133],[73.52048,31.8614],[73.52049,31.86147],[73.52081,31.86139],[73.52075,31.86106]]]]}},{"type":"Feature","properties":{"lu":"List A Abutting","ct":"Existing","a":0.09},"geometry":{"type":"MultiPolygon","coordinates":[[[[73.52099,31.86134],[73.52096,31.86124],[73.52089,31.86126],[73.52084,31.86104],[73.52077,31.86106],[73.52083,31.86138],[73.52099,31.86134]]]]}},{"type":"Feature","properties":{"lu":"List A Abutting","ct":"Existing","a":0.191},"geometry":{"type":"MultiPolygon","coordinates":[[[[73.52391,31.86051],[73.52316,31.8607],[73.52319,31.86079],[73.52393,31.8606],[73.52391,31.86051]]]]}},{"type":"Feature","properties":{"lu":"List A Abutting","ct":"Existing","a":0.06},"geometry":{"type":"MultiPolygon","coordinates":[[[[73.52426,31.86042],[73.52394,31.8605],[73.52396,31.86057],[73.52428,31.86049],[73.52426,31.86042]]]]}},{"type":"Feature","properties":{"lu":"List A Abutting","ct":"Existing","a":0.139},"geometry":{"type":"MultiPolygon","coordinates":[[[[73.52476,31.86027],[73.52427,31.86037],[73.5243,31.86048],[73.52479,31.86036],[73.52476,31.86027]]]]}},{"type":"Feature","properties":{"lu":"List A Abutting","ct":"Existing","a":0.08},"geometry":{"type":"MultiPolygon","coordinates":[[[[73.52513,31.86027],[73.5251,31.86017],[73.5248,31.86026],[73.52483,31.86035],[73.52513,31.86027]]]]}},{"type":"Feature","properties":{"lu":"List A Abutting","ct":"Existing","a":0.55},"geometry":{"type":"MultiPolygon","coordinates":[[[[73.52577,31.86092],[73.52566,31.86047],[73.5251,31.86062],[73.52523,31.86092],[73.5255,31.86085],[73.52554,31.86096],[73.52577,31.86092]]]]}},{"type":"Feature","properties":{"lu":"List A Abutting","ct":"Existing","a":0.178},"geometry":{"type":"MultiPolygon","coordinates":[[[[73.52657,31.86033],[73.52654,31.86025],[73.5257,31.86046],[73.52572,31.86053],[73.52657,31.86033]]]]}},{"type":"Feature","properties":{"lu":"List A Abutting","ct":"Existing","a":0.251},"geometry":{"type":"MultiPolygon","coordinates":[[[[73.52265,31.86137],[73.5226,31.8612],[73.52215,31.86131],[73.52221,31.86152],[73.52265,31.86137]]]]}},{"type":"Feature","properties":{"lu":"List A Abutting","ct":"Existing","a":0.149},"geometry":{"type":"MultiPolygon","coordinates":[[[[73.52294,31.86136],[73.52286,31.86113],[73.52264,31.86119],[73.52271,31.86144],[73.52294,31.86136]]]]}},{"type":"Feature","properties":{"lu":"List A Abutting","ct":"Existing","a":0.089},"geometry":{"type":"MultiPolygon","coordinates":[[[[73.52311,31.86123],[73.52317,31.86121],[73.52313,31.86107],[73.52289,31.86113],[73.52292,31.86124],[73.52311,31.86123]]]]}},{"type":"Feature","properties":{"lu":"List A Abutting","ct":"Existing","a":0.287},"geometry":{"type":"MultiPolygon","coordinates":[[[[73.52122,31.86173],[73.52116,31.86156],[73.52059,31.8617],[73.52063,31.86182],[73.52094,31.86174],[73.52101,31.86194],[73.52115,31.86191],[73.5211,31.86178],[73.52122,31.86173]]]]}},{"type":"Feature","properties":{"lu":"List A Abutting","ct":"Existing","a":0.295},"geometry":{"type":"MultiPolygon","coordinates":[[[[73.52163,31.8616],[73.5216,31.86145],[73.52118,31.86156],[73.52128,31.86187],[73.52158,31.86176],[73.52154,31.86162],[73.52163,31.8616]]]]}},{"type":"Feature","properties":{"lu":"List A Abutting","ct":"Existing","a":0.036},"geometry":{"type":"MultiPolygon","coordinates":[[[[73.51805,31.86248],[73.51802,31.8624],[73.51786,31.86244],[73.51789,31.86253],[73.51805,31.86248]]]]}},{"type":"Feature","properties":{"lu":"List A Abutting","ct":"Existing","a":0.029},"geometry":{"type":"MultiPolygon","coordinates":[[[[73.51786,31.8625],[73.51783,31.86239],[73.51773,31.86242],[73.51776,31.86252],[73.51786,31.8625]]]]}},{"type":"Feature","properties":{"lu":"List A Abutting","ct":"Existing","a":0.077},"geometry":{"type":"MultiPolygon","coordinates":[[[[73.51845,31.86237],[73.51843,31.86231],[73.51804,31.8624],[73.51806,31.86248],[73.51845,31.86237]]]]}},{"type":"Feature","properties":{"lu":"List A Abutting","ct":"Existing","a":0.049},"geometry":{"type":"MultiPolygon","coordinates":[[[[73.51877,31.86229],[73.51875,31.86223],[73.51847,31.8623],[73.51849,31.86236],[73.51877,31.86229]]]]}},{"type":"Feature","properties":{"lu":"List A Abutting","ct":"Existing","a":0.148},"geometry":{"type":"MultiPolygon","coordinates":[[[[73.51946,31.86212],[73.51944,31.86206],[73.51877,31.86222],[73.5188,31.86229],[73.51938,31.8622],[73.51946,31.86212]]]]}},{"type":"Feature","properties":{"lu":"List A Abutting","ct":"Existing","a":0.092},"geometry":{"type":"MultiPolygon","coordinates":[[[[73.51983,31.86204],[73.51981,31.86197],[73.51946,31.86206],[73.51959,31.86219],[73.51968,31.86217],[73.51966,31.86208],[73.51983,31.86204]]]]}},{"type":"Feature","properties":{"lu":"List A Abutting","ct":"Existing","a":0.065},"geometry":{"type":"MultiPolygon","coordinates":[[[[73.52015,31.86197],[73.52012,31.86189],[73.51983,31.86196],[73.51986,31.86204],[73.52015,31.86197]]]]}},{"type":"Feature","properties":{"lu":"List A Abutting","ct":"Existing","a":1.149},"geometry":{"type":"MultiPolygon","coordinates":[[[[73.51603,31.86307],[73.51619,31.86304],[73.51629,31.86335],[73.5171,31.86311],[73.51695,31.86266],[73.51597,31.86291],[73.51603,31.86307]]]]}},{"type":"Feature","properties":{"lu":"List A Abutting","ct":"Existing","a":0.106},"geometry":{"type":"MultiPolygon","coordinates":[[[[73.51735,31.86268],[73.5173,31.86258],[73.51697,31.86266],[73.51701,31.86277],[73.51735,31.86268]]]]}},{"type":"Feature","properties":{"lu":"List A Abutting","ct":"Existing","a":0.028},"geometry":{"type":"MultiPolygon","coordinates":[[[[73.51502,31.86323],[73.51501,31.86316],[73.51485,31.8632],[73.51502,31.86323]]]]}},{"type":"Feature","properties":{"lu":"List A Abutting","ct":"Existing","a":0.248},"geometry":{"type":"MultiPolygon","coordinates":[[[[73.51596,31.86303],[73.51593,31.86292],[73.51507,31.86314],[73.51508,31.86324],[73.51596,31.86303]]]]}},{"type":"Feature","properties":{"lu":"List A Abutting","ct":"Existing","a":0.216},"geometry":{"type":"MultiPolygon","coordinates":[[[[73.51434,31.86341],[73.51432,31.86333],[73.51366,31.8635],[73.5137,31.8636],[73.51408,31.8635],[73.51412,31.86361],[73.51425,31.86359],[73.5142,31.86344],[73.51434,31.86341]]]]}},{"type":"Feature","properties":{"lu":"List A Abutting","ct":"Existing","a":0.184},"geometry":{"type":"MultiPolygon","coordinates":[[[[73.51471,31.86345],[73.51468,31.86324],[73.51435,31.86333],[73.51437,31.86342],[73.51448,31.86341],[73.51451,31.86355],[73.51472,31.86352],[73.51471,31.86345]]]]}},{"type":"Feature","properties":{"lu":"List A Abutting","ct":"Existing","a":0.313},"geometry":{"type":"MultiPolygon","coordinates":[[[[73.51328,31.86475],[73.51316,31.86435],[73.51287,31.86442],[73.51302,31.86483],[73.51328,31.86475]]]]}},{"type":"Feature","properties":{"lu":"List A Abutting","ct":"Existing","a":0.683},"geometry":{"type":"MultiPolygon","coordinates":[[[[73.51292,31.86472],[73.51257,31.8638],[73.51231,31.86387],[73.51265,31.86479],[73.51292,31.86472]]]]}},{"type":"Feature","properties":{"lu":"List A Abutting","ct":"Existing","a":0.167},"geometry":{"type":"MultiPolygon","coordinates":[[[[73.51304,31.86434],[73.51295,31.86403],[73.51275,31.86407],[73.51285,31.86438],[73.51304,31.86434]]]]}},{"type":"Feature","properties":{"lu":"List A Abutting","ct":"Existing","a":0.224},"geometry":{"type":"MultiPolygon","coordinates":[[[[73.51232,31.86399],[73.51228,31.86388],[73.51174,31.86403],[73.51183,31.86424],[73.51201,31.8642],[73.51198,31.86409],[73.51232,31.86399]]]]}},{"type":"Feature","properties":{"lu":"List A Abutting","ct":"Existing","a":0.126},"geometry":{"type":"MultiPolygon","coordinates":[[[[73.51285,31.86386],[73.51281,31.86374],[73.51265,31.86378],[73.51274,31.86405],[73.5129,31.86401],[73.51285,31.86386]]]]}},{"type":"Feature","properties":{"lu":"List A Abutting","ct":"Existing","a":0.106},"geometry":{"type":"MultiPolygon","coordinates":[[[[73.50871,31.86482],[73.50882,31.86478],[73.50918,31.86514],[73.50884,31.86469],[73.50866,31.86477],[73.50871,31.86482]]]]}},{"type":"Feature","properties":{"lu":"List A Abutting","ct":"Existing","a":0.038},"geometry":{"type":"MultiPolygon","coordinates":[[[[73.50845,31.86495],[73.50838,31.86486],[73.50826,31.8649],[73.50832,31.86499],[73.50845,31.86495]]]]}},{"type":"Feature","properties":{"lu":"List A Abutting","ct":"Existing","a":0.021},"geometry":{"type":"MultiPolygon","coordinates":[[[[73.50856,31.86487],[73.50853,31.86483],[73.50839,31.86486],[73.50844,31.86492],[73.50856,31.86487]]]]}},{"type":"Feature","properties":{"lu":"List A Abutting","ct":"Existing","a":0.016},"geometry":{"type":"MultiPolygon","coordinates":[[[[73.50868,31.86483],[73.50864,31.86478],[73.50854,31.86482],[73.50857,31.86487],[73.50858,31.86487],[73.50868,31.86483]]]]}},{"type":"Feature","properties":{"lu":"List A Abutting","ct":"Existing","a":0.267},"geometry":{"type":"MultiPolygon","coordinates":[[[[73.50712,31.86519],[73.5071,31.8651],[73.5058,31.86539],[73.5059,31.8655],[73.50712,31.86519]]]]}},{"type":"Feature","properties":{"lu":"List A Abutting","ct":"Existing","a":0.09},"geometry":{"type":"MultiPolygon","coordinates":[[[[73.50753,31.86506],[73.5075,31.865],[73.50712,31.8651],[73.50715,31.86518],[73.50753,31.86506]]]]}},{"type":"Feature","properties":{"lu":"List A Abutting","ct":"Existing","a":0.163},"geometry":{"type":"MultiPolygon","coordinates":[[[[73.50809,31.86496],[73.50802,31.86486],[73.50754,31.86499],[73.50759,31.86512],[73.50809,31.86496]]]]}},{"type":"Feature","properties":{"lu":"List A Abutting","ct":"Existing","a":0.354},"geometry":{"type":"MultiPolygon","coordinates":[[[[73.50476,31.86587],[73.50477,31.86571],[73.50379,31.86598],[73.50384,31.8661],[73.50476,31.86587]]]]}},{"type":"Feature","properties":{"lu":"List A Abutting","ct":"Existing","a":0.276},"geometry":{"type":"MultiPolygon","coordinates":[[[[73.50554,31.86567],[73.50541,31.86552],[73.50482,31.8657],[73.50478,31.86586],[73.50554,31.86567]]]]}},{"type":"Feature","properties":{"lu":"List A Abutting","ct":"Existing","a":0.318},"geometry":{"type":"MultiPolygon","coordinates":[[[[73.50159,31.86666],[73.50156,31.86654],[73.50067,31.86676],[73.5007,31.86693],[73.50159,31.86666]]]]}},{"type":"Feature","properties":{"lu":"List A Abutting","ct":"Existing","a":0.319},"geometry":{"type":"MultiPolygon","coordinates":[[[[73.50258,31.86642],[73.50256,31.8663],[73.5016,31.86653],[73.50163,31.86665],[73.50258,31.86642]]]]}},{"type":"Feature","properties":{"lu":"List A Abutting","ct":"Existing","a":0.227},"geometry":{"type":"MultiPolygon","coordinates":[[[[73.50336,31.86622],[73.50332,31.86611],[73.50264,31.86628],[73.50264,31.8664],[73.50336,31.86622]]]]}},{"type":"Feature","properties":{"lu":"List A Abutting","ct":"Existing","a":0.146},"geometry":{"type":"MultiPolygon","coordinates":[[[[73.50382,31.8661],[73.50377,31.86598],[73.50335,31.8661],[73.50338,31.86621],[73.50382,31.8661]]]]}},{"type":"Feature","properties":{"lu":"List A Abutting","ct":"Existing","a":0.32},"geometry":{"type":"MultiPolygon","coordinates":[[[[73.50012,31.86701],[73.5001,31.8669],[73.49904,31.86717],[73.49906,31.86728],[73.49916,31.86727],[73.50012,31.86701]]]]}},{"type":"Feature","properties":{"lu":"List A Abutting","ct":"Existing","a":0.275},"geometry":{"type":"MultiPolygon","coordinates":[[[[73.50069,31.86708],[73.50063,31.86676],[73.50013,31.86689],[73.50016,31.867],[73.50045,31.86696],[73.50047,31.86712],[73.50069,31.86708]]]]}},{"type":"Feature","properties":{"lu":"List A Abutting","ct":"Existing","a":0.098},"geometry":{"type":"MultiPolygon","coordinates":[[[[73.49151,31.86917],[73.49148,31.86906],[73.49118,31.86913],[73.49121,31.86925],[73.49151,31.86917]]]]}},{"type":"Feature","properties":{"lu":"List A Abutting","ct":"Existing","a":0.061},"geometry":{"type":"MultiPolygon","coordinates":[[[[73.49117,31.86921],[73.49115,31.86914],[73.49083,31.86922],[73.49085,31.86928],[73.49117,31.86921]]]]}},{"type":"Feature","properties":{"lu":"List A Abutting","ct":"Existing","a":0.1},"geometry":{"type":"MultiPolygon","coordinates":[[[[73.49185,31.8691],[73.49182,31.86897],[73.49151,31.86905],[73.49154,31.86916],[73.49185,31.8691]]]]}},{"type":"Feature","properties":{"lu":"List A Abutting","ct":"Existing","a":0.112},"geometry":{"type":"MultiPolygon","coordinates":[[[[73.4922,31.86903],[73.49215,31.86889],[73.49185,31.86896],[73.49188,31.86909],[73.4922,31.86903]]]]}},{"type":"Feature","properties":{"lu":"List A Abutting","ct":"Existing","a":0.14},"geometry":{"type":"MultiPolygon","coordinates":[[[[73.49258,31.86897],[73.49252,31.8688],[73.4922,31.86888],[73.49225,31.86902],[73.49258,31.86897]]]]}},{"type":"Feature","properties":{"lu":"List A Abutting","ct":"Existing","a":0.086},"geometry":{"type":"MultiPolygon","coordinates":[[[[73.49288,31.86882],[73.49285,31.86871],[73.49254,31.86879],[73.49258,31.8689],[73.49288,31.86882]]]]}},{"type":"Feature","properties":{"lu":"List A Abutting","ct":"Existing","a":0.07},"geometry":{"type":"MultiPolygon","coordinates":[[[[73.49322,31.8687],[73.4932,31.86862],[73.49288,31.86871],[73.4929,31.86878],[73.49322,31.8687]]]]}},{"type":"Feature","properties":{"lu":"List A Abutting","ct":"Existing","a":0.047},"geometry":{"type":"MultiPolygon","coordinates":[[[[73.49082,31.86928],[73.49081,31.86922],[73.4905,31.86935],[73.49082,31.86928]]]]}},{"type":"Feature","properties":{"lu":"List A Abutting","ct":"Existing","a":0.225},"geometry":{"type":"MultiPolygon","coordinates":[[[[73.46227,31.87693],[73.46179,31.877],[73.46176,31.87689],[73.46164,31.87691],[73.4615,31.87695],[73.46151,31.8771],[73.46228,31.87702],[73.46227,31.87693]]]]}},{"type":"Feature","properties":{"lu":"List A Abutting","ct":"Existing","a":0.083},"geometry":{"type":"MultiPolygon","coordinates":[[[[73.46248,31.87685],[73.46227,31.87686],[73.4623,31.87702],[73.46251,31.87699],[73.46248,31.87685]]]]}},{"type":"Feature","properties":{"lu":"List A Abutting","ct":"Existing","a":0.135},"geometry":{"type":"MultiPolygon","coordinates":[[[[73.46297,31.87687],[73.46251,31.87685],[73.46254,31.87699],[73.46298,31.87694],[73.46297,31.87687]]]]}},{"type":"Feature","properties":{"lu":"List A Abutting","ct":"Existing","a":0.106},"geometry":{"type":"MultiPolygon","coordinates":[[[[73.46343,31.87683],[73.46299,31.87682],[73.46302,31.87694],[73.46344,31.87689],[73.46343,31.87683]]]]}},{"type":"Feature","properties":{"lu":"List A Abutting","ct":"Existing","a":0.043},"geometry":{"type":"MultiPolygon","coordinates":[[[[73.46377,31.87679],[73.46346,31.87684],[73.46347,31.87688],[73.46378,31.87685],[73.46377,31.87679]]]]}},{"type":"Feature","properties":{"lu":"List A Abutting","ct":"Existing","a":0.108},"geometry":{"type":"MultiPolygon","coordinates":[[[[73.46473,31.87661],[73.46443,31.87671],[73.46422,31.87668],[73.46432,31.87678],[73.46475,31.87673],[73.46473,31.87661]]]]}},{"type":"Feature","properties":{"lu":"List A Abutting","ct":"Existing","a":0.057},"geometry":{"type":"MultiPolygon","coordinates":[[[[73.46501,31.87664],[73.46476,31.87663],[73.46478,31.87673],[73.46502,31.8767],[73.46501,31.87664]]]]}},{"type":"Feature","properties":{"lu":"List A Abutting","ct":"Existing","a":0.076},"geometry":{"type":"MultiPolygon","coordinates":[[[[73.46534,31.87659],[73.46502,31.8766],[73.46503,31.8767],[73.46535,31.87666],[73.46534,31.87659]]]]}},{"type":"Feature","properties":{"lu":"List A Abutting","ct":"Existing","a":0.078},"geometry":{"type":"MultiPolygon","coordinates":[[[[73.46576,31.87654],[73.46536,31.87659],[73.46538,31.87666],[73.46577,31.87662],[73.46576,31.87654]]]]}},{"type":"Feature","properties":{"lu":"List A Abutting","ct":"Existing","a":0.075},"geometry":{"type":"MultiPolygon","coordinates":[[[[73.46616,31.87649],[73.46578,31.87655],[73.4658,31.87662],[73.46617,31.87657],[73.46616,31.87649]]]]}},{"type":"Feature","properties":{"lu":"List A Abutting","ct":"Existing","a":0.019},"geometry":{"type":"MultiPolygon","coordinates":[[[[73.4663,31.8765],[73.46619,31.87651],[73.4662,31.87657],[73.46632,31.87656],[73.4663,31.8765]]]]}},{"type":"Feature","properties":{"lu":"List A Abutting","ct":"Existing","a":0.417},"geometry":{"type":"MultiPolygon","coordinates":[[[[73.47406,31.87403],[73.47403,31.87394],[73.47375,31.87402],[73.47371,31.87393],[73.47338,31.87406],[73.47341,31.87416],[73.47324,31.87421],[73.47318,31.87401],[73.47308,31.87403],[73.47313,31.87425],[73.47304,31.87425],[73.47307,31.87438],[73.47406,31.87403]]]]}},{"type":"Feature","properties":{"lu":"List A Abutting","ct":"Existing","a":0.682},"geometry":{"type":"MultiPolygon","coordinates":[[[[73.48828,31.86907],[73.48762,31.8692],[73.48764,31.86931],[73.4874,31.86934],[73.48741,31.86939],[73.48667,31.86955],[73.48671,31.86964],[73.48833,31.86929],[73.48828,31.86907]]]]}},{"type":"Feature","properties":{"lu":"List A Abutting","ct":"Existing","a":0.308},"geometry":{"type":"MultiPolygon","coordinates":[[[[73.52846,31.85912],[73.52802,31.85921],[73.52813,31.85947],[73.52855,31.85936],[73.52846,31.85912]]]]}},{"type":"Feature","properties":{"lu":"List A Abutting","ct":"Existing","a":0.444},"geometry":{"type":"MultiPolygon","coordinates":[[[[73.53087,31.8585],[73.53023,31.85869],[73.53032,31.85891],[73.53096,31.85876],[73.53087,31.8585]]]]}},{"type":"Feature","properties":{"lu":"List A Abutting","ct":"Existing","a":0.227},"geometry":{"type":"MultiPolygon","coordinates":[[[[73.53122,31.85842],[73.53091,31.85849],[73.531,31.85875],[73.53132,31.85867],[73.53122,31.85842]]]]}},{"type":"Feature","properties":{"lu":"List A Abutting","ct":"Existing","a":0.406},"geometry":{"type":"MultiPolygon","coordinates":[[[[73.52918,31.85971],[73.53026,31.85937],[73.53023,31.85926],[73.52899,31.8596],[73.52904,31.85975],[73.52918,31.85971]]]]}},{"type":"Feature","properties":{"lu":"List A Abutting","ct":"Existing","a":0.068},"geometry":{"type":"MultiPolygon","coordinates":[[[[73.53052,31.8593],[73.5305,31.8592],[73.53025,31.85926],[73.53028,31.85936],[73.53052,31.8593]]]]}},{"type":"Feature","properties":{"lu":"List A Abutting","ct":"Existing","a":0.095},"geometry":{"type":"MultiPolygon","coordinates":[[[[73.52701,31.86023],[73.52697,31.86014],[73.5266,31.86023],[73.52663,31.86032],[73.52701,31.86023]]]]}},{"type":"Feature","properties":{"lu":"List A Abutting","ct":"Existing","a":0.082},"geometry":{"type":"MultiPolygon","coordinates":[[[[73.52502,31.86069],[73.52498,31.86063],[73.52447,31.86076],[73.52454,31.86085],[73.52502,31.86069]]]]}},{"type":"Feature","properties":{"lu":"List A Abutting","ct":"Existing","a":0.333},"geometry":{"type":"MultiPolygon","coordinates":[[[[73.48321,31.87127],[73.48314,31.87113],[73.48232,31.87141],[73.48237,31.87154],[73.48321,31.87127]]]]}},{"type":"Feature","properties":{"lu":"List A Abutting","ct":"Existing","a":0.232},"geometry":{"type":"MultiPolygon","coordinates":[[[[73.47465,31.87415],[73.47469,31.87434],[73.47514,31.87419],[73.47509,31.874],[73.47465,31.87415]]]]}},{"type":"Feature","properties":{"lu":"List A Abutting","ct":"Existing","a":0.265},"geometry":{"type":"MultiPolygon","coordinates":[[[[73.47577,31.87397],[73.47571,31.8738],[73.47519,31.87397],[73.47525,31.87415],[73.47577,31.87397]]]]}},{"type":"Feature","properties":{"lu":"List A Abutting","ct":"Existing","a":0.084},"geometry":{"type":"MultiPolygon","coordinates":[[[[73.47094,31.87856],[73.47092,31.8784],[73.47071,31.87832],[73.47073,31.87848],[73.47094,31.87856]]]]}},{"type":"Feature","properties":{"lu":"List A Abutting","ct":"Existing","a":0.099},"geometry":{"type":"MultiPolygon","coordinates":[[[[73.50193,31.85645],[73.50202,31.85655],[73.50228,31.85639],[73.5022,31.8563],[73.50193,31.85645]]]]}},{"type":"Feature","properties":{"lu":"List A Abutting","ct":"Existing","a":0.333},"geometry":{"type":"MultiPolygon","coordinates":[[[[73.50164,31.8561],[73.50192,31.85643],[73.50218,31.85628],[73.50189,31.85595],[73.50164,31.8561]]]]}},{"type":"Feature","properties":{"lu":"List A Abutting","ct":"Existing","a":0.158},"geometry":{"type":"MultiPolygon","coordinates":[[[[73.50939,31.86541],[73.50919,31.86515],[73.509,31.8652],[73.50924,31.8655],[73.50939,31.86541]]]]}},{"type":"Feature","properties":{"lu":"List A Abutting","ct":"Existing","a":0.451},"geometry":{"type":"MultiPolygon","coordinates":[[[[73.58633,32.20819],[73.58623,32.20819],[73.58617,32.20931],[73.58634,32.20924],[73.58636,32.20842],[73.58642,32.20842],[73.58633,32.20819]]]]}},{"type":"Feature","properties":{"lu":"List A Abutting","ct":"Existing","a":0.131},"geometry":{"type":"MultiPolygon","coordinates":[[[[73.5863,32.20818],[73.5864,32.20778],[73.58623,32.20778],[73.58623,32.20818],[73.5863,32.20818]]]]}},{"type":"Feature","properties":{"lu":"List A Abutting","ct":"Existing","a":0.39},"geometry":{"type":"MultiPolygon","coordinates":[[[[73.5887,32.21929],[73.58825,32.21921],[73.58823,32.21951],[73.58858,32.21967],[73.5887,32.21929]]]]}},{"type":"Feature","properties":{"lu":"List A Abutting","ct":"Existing","a":0.191},"geometry":{"type":"MultiPolygon","coordinates":[[[[73.58736,32.21593],[73.5871,32.2159],[73.58701,32.21616],[73.58731,32.2162],[73.58736,32.21593]]]]}},{"type":"Feature","properties":{"lu":"List A Abutting","ct":"Existing","a":0.434},"geometry":{"type":"MultiPolygon","coordinates":[[[[73.58731,32.21622],[73.587,32.21619],[73.58683,32.21664],[73.58734,32.21672],[73.58735,32.21659],[73.58712,32.21656],[73.58731,32.21622]]]]}},{"type":"Feature","properties":{"lu":"List A Abutting","ct":"Existing","a":0.364},"geometry":{"type":"MultiPolygon","coordinates":[[[[73.60119,31.97596],[73.60128,31.97605],[73.60184,31.97587],[73.6017,31.97564],[73.60114,31.97585],[73.60119,31.97596]],[[73.60141,31.97588],[73.60137,31.97579],[73.60149,31.97574],[73.60155,31.97584],[73.60141,31.97588]]]]}},{"type":"Feature","properties":{"lu":"List A Abutting","ct":"Existing","a":0.049},"geometry":{"type":"MultiPolygon","coordinates":[[[[73.516,31.8625],[73.51582,31.86253],[73.51585,31.86264],[73.51602,31.8626],[73.516,31.8625]]]]}},{"type":"Feature","properties":{"lu":"List A Abutting","ct":"Existing","a":0.112},"geometry":{"type":"MultiPolygon","coordinates":[[[[73.27674,31.89485],[73.27651,31.89483],[73.27654,31.89509],[73.27667,31.8951],[73.27674,31.89485]]]]}},{"type":"Feature","properties":{"lu":"List A Abutting","ct":"Existing","a":0.133},"geometry":{"type":"MultiPolygon","coordinates":[[[[73.27622,31.89451],[73.27621,31.8946],[73.2768,31.89465],[73.27682,31.89458],[73.27622,31.89451]]]]}},{"type":"Feature","properties":{"lu":"List A Abutting","ct":"Existing","a":0.254},"geometry":{"type":"MultiPolygon","coordinates":[[[[73.46636,31.87318],[73.46633,31.87304],[73.46617,31.87306],[73.46615,31.87294],[73.46583,31.87299],[73.46597,31.87324],[73.46636,31.87318]]]]}},{"type":"Feature","properties":{"lu":"List A Abutting","ct":"Existing","a":2.012},"geometry":{"type":"MultiPolygon","coordinates":[[[[73.47922,31.87223],[73.47916,31.87207],[73.47702,31.87243],[73.47714,31.87294],[73.47922,31.87223]]]]}},{"type":"Feature","properties":{"lu":"List A Abutting","ct":"Existing","a":3.342},"geometry":{"type":"MultiPolygon","coordinates":[[[[73.48188,31.87128],[73.48166,31.87048],[73.48101,31.87061],[73.48111,31.87118],[73.47975,31.87143],[73.47984,31.872],[73.48188,31.87128]]]]}},{"type":"Feature","properties":{"lu":"List A Abutting","ct":"Existing","a":0.241},"geometry":{"type":"MultiPolygon","coordinates":[[[[73.48865,31.86927],[73.4886,31.86893],[73.48829,31.86898],[73.48835,31.86929],[73.48865,31.86927]]]]}},{"type":"Feature","properties":{"lu":"List A Abutting","ct":"Existing","a":0.039},"geometry":{"type":"MultiPolygon","coordinates":[[[[73.50158,31.86615],[73.50143,31.86619],[73.50145,31.86629],[73.50159,31.86625],[73.50158,31.86615]]]]}},{"type":"Feature","properties":{"lu":"List A Abutting","ct":"Existing","a":0.125},"geometry":{"type":"MultiPolygon","coordinates":[[[[73.50934,31.86559],[73.50957,31.86587],[73.5097,31.86582],[73.50948,31.86553],[73.50934,31.86559]]]]}},{"type":"Feature","properties":{"lu":"List A Abutting","ct":"Existing","a":0.247},"geometry":{"type":"MultiPolygon","coordinates":[[[[73.50977,31.86612],[73.51025,31.86673],[73.51032,31.86661],[73.5099,31.86607],[73.50977,31.86612]]]]}},{"type":"Feature","properties":{"lu":"List A Abutting","ct":"Existing","a":0.189},"geometry":{"type":"MultiPolygon","coordinates":[[[[73.51028,31.86677],[73.5106,31.86718],[73.51071,31.86711],[73.51036,31.86666],[73.51028,31.86677]]]]}},{"type":"Feature","properties":{"lu":"List A Abutting","ct":"Existing","a":0.092},"geometry":{"type":"MultiPolygon","coordinates":[[[[73.5096,31.8659],[73.50976,31.86611],[73.50989,31.86606],[73.50972,31.86584],[73.5096,31.8659]]]]}},{"type":"Feature","properties":{"lu":"List A Abutting","ct":"Existing","a":0.05},"geometry":{"type":"MultiPolygon","coordinates":[[[[73.46419,31.87676],[73.46381,31.87679],[73.46382,31.87684],[73.46424,31.87679],[73.46419,31.87676]]]]}},{"type":"Feature","properties":{"lu":"List A Abutting","ct":"Existing","a":2.258},"geometry":{"type":"MultiPolygon","coordinates":[[[[73.39052,32.06265],[73.39009,32.06262],[73.39011,32.06241],[73.38995,32.06234],[73.38985,32.06274],[73.38889,32.06271],[73.38888,32.06319],[73.39045,32.06323],[73.39052,32.06265]]]]}},{"type":"Feature","properties":{"lu":"List A Abutting","ct":"Existing","a":1.525},"geometry":{"type":"MultiPolygon","coordinates":[[[[73.38731,32.06345],[73.38738,32.06308],[73.38686,32.06251],[73.38674,32.06326],[73.38609,32.06326],[73.38607,32.0635],[73.38731,32.06345]]]]}},{"type":"Feature","properties":{"lu":"List A Abutting","ct":"Existing","a":0.368},"geometry":{"type":"MultiPolygon","coordinates":[[[[73.66972,32.07037],[73.66955,32.07],[73.66916,32.07013],[73.66926,32.07038],[73.66972,32.07037]]]]}},{"type":"Feature","properties":{"lu":"List A Abutting","ct":"Existing","a":1.681},"geometry":{"type":"MultiPolygon","coordinates":[[[[73.66842,32.07099],[73.66823,32.07045],[73.66663,32.07054],[73.66692,32.07115],[73.66799,32.07075],[73.66792,32.07061],[73.66824,32.07061],[73.66842,32.07099]]]]}},{"type":"Feature","properties":{"lu":"List A Abutting","ct":"Existing","a":0.511},"geometry":{"type":"MultiPolygon","coordinates":[[[[73.66909,32.07082],[73.66909,32.07044],[73.66859,32.07045],[73.66871,32.07094],[73.66909,32.07082]]]]}},{"type":"Feature","properties":{"lu":"List A Abutting","ct":"Existing","a":1.826},"geometry":{"type":"MultiPolygon","coordinates":[[[[73.6666,32.07042],[73.66653,32.07028],[73.66373,32.07032],[73.66365,32.07016],[73.66344,32.07024],[73.66338,32.07013],[73.66278,32.07034],[73.66283,32.07051],[73.6666,32.07042]]]]}},{"type":"Feature","properties":{"lu":"List A Abutting","ct":"Existing","a":0.011},"geometry":{"type":"MultiPolygon","coordinates":[[[[73.67127,32.07073],[73.67122,32.07062],[73.67121,32.07066],[73.6712,32.07076],[73.67127,32.07073]]]]}},{"type":"Feature","properties":{"lu":"List A Abutting","ct":"Existing","a":1.096},"geometry":{"type":"MultiPolygon","coordinates":[[[[73.66975,32.07117],[73.67002,32.07109],[73.6698,32.07053],[73.67118,32.07054],[73.67118,32.07043],[73.6694,32.07043],[73.66938,32.07086],[73.66945,32.07084],[73.66953,32.07097],[73.66962,32.07097],[73.66975,32.07117]]]]}},{"type":"Feature","properties":{"lu":"List A Abutting","ct":"Existing","a":0.305},"geometry":{"type":"MultiPolygon","coordinates":[[[[73.67298,32.07054],[73.67289,32.07041],[73.67204,32.07042],[73.67193,32.07054],[73.67298,32.07054]]]]}},{"type":"Feature","properties":{"lu":"List A Abutting","ct":"Existing","a":1.051},"geometry":{"type":"MultiPolygon","coordinates":[[[[73.68555,32.07684],[73.68586,32.07685],[73.68585,32.07694],[73.68625,32.07694],[73.68777,32.07768],[73.68777,32.07803],[73.6879,32.07803],[73.68788,32.07761],[73.68556,32.07648],[73.68555,32.07684]]]]}},{"type":"Feature","properties":{"lu":"List A Abutting","ct":"Existing","a":0.957},"geometry":{"type":"MultiPolygon","coordinates":[[[[73.68488,32.07651],[73.68501,32.07621],[73.68457,32.07598],[73.68371,32.07727],[73.68396,32.07728],[73.68414,32.07679],[73.68431,32.07682],[73.68433,32.07667],[73.68449,32.07672],[73.68456,32.07622],[73.68476,32.07623],[73.68468,32.07643],[73.68488,32.07651]]]]}},{"type":"Feature","properties":{"lu":"List A Abutting","ct":"Existing","a":0.731},"geometry":{"type":"MultiPolygon","coordinates":[[[[73.68359,32.05479],[73.68355,32.05457],[73.68266,32.05462],[73.68272,32.05493],[73.68332,32.05487],[73.68335,32.05508],[73.68346,32.05507],[73.68342,32.05479],[73.68359,32.05479]]]]}},{"type":"Feature","properties":{"lu":"List A Abutting","ct":"Existing","a":0.859},"geometry":{"type":"MultiPolygon","coordinates":[[[[73.68515,32.05478],[73.68513,32.05448],[73.68407,32.05454],[73.68406,32.05486],[73.68515,32.05478]]]]}},{"type":"Feature","properties":{"lu":"List A Abutting","ct":"Existing","a":0.193},"geometry":{"type":"MultiPolygon","coordinates":[[[[73.66116,32.06587],[73.66061,32.06606],[73.66069,32.06622],[73.66116,32.06587]]]]}},{"type":"Feature","properties":{"lu":"List A Abutting","ct":"Existing","a":0.314},"geometry":{"type":"MultiPolygon","coordinates":[[[[73.66181,32.06506],[73.66167,32.06512],[73.66175,32.06526],[73.66164,32.06532],[73.66167,32.06537],[73.66153,32.06544],[73.66149,32.06536],[73.6614,32.0654],[73.66152,32.06564],[73.66195,32.06536],[73.66181,32.06506]]]]}},{"type":"Feature","properties":{"lu":"List A Abutting","ct":"Existing","a":1.135},"geometry":{"type":"MultiPolygon","coordinates":[[[[73.6736,32.06704],[73.67365,32.06672],[73.67333,32.06669],[73.67335,32.06659],[73.67295,32.06652],[73.67294,32.06663],[73.67244,32.06657],[73.6724,32.06688],[73.6736,32.06704]]]]}},{"type":"Feature","properties":{"lu":"List A Abutting","ct":"Existing","a":1.254},"geometry":{"type":"MultiPolygon","coordinates":[[[[73.67158,32.06633],[73.67154,32.06648],[73.67082,32.06637],[73.67076,32.06667],[73.67205,32.06684],[73.67215,32.06642],[73.67158,32.06633]]]]}},{"type":"Feature","properties":{"lu":"List A Abutting","ct":"Existing","a":0.323},"geometry":{"type":"MultiPolygon","coordinates":[[[[73.6705,32.06648],[73.67,32.06642],[73.66994,32.06632],[73.66981,32.06636],[73.66982,32.06644],[73.66952,32.06643],[73.67048,32.06663],[73.6705,32.06648]]]]}},{"type":"Feature","properties":{"lu":"List A Abutting","ct":"Existing","a":0.229},"geometry":{"type":"MultiPolygon","coordinates":[[[[73.6721,32.06702],[73.67122,32.06691],[73.67127,32.06702],[73.67208,32.06712],[73.6721,32.06702]]]]}},{"type":"Feature","properties":{"lu":"List A Abutting","ct":"Existing","a":0.037},"geometry":{"type":"MultiPolygon","coordinates":[[[[73.67236,32.06705],[73.67234,32.06715],[73.67248,32.06717],[73.6725,32.06707],[73.67236,32.06705]]]]}},{"type":"Feature","properties":{"lu":"List A Abutting","ct":"Existing","a":0.273},"geometry":{"type":"MultiPolygon","coordinates":[[[[73.67234,32.06715],[73.67236,32.06705],[73.6721,32.06702],[73.67204,32.06744],[73.67229,32.06746],[73.67234,32.06715]]]]}},{"type":"Feature","properties":{"lu":"List A Abutting","ct":"Existing","a":0.404},"geometry":{"type":"MultiPolygon","coordinates":[[[[73.6752,32.06752],[73.67512,32.06781],[73.67561,32.06791],[73.6757,32.06761],[73.6752,32.06752]]]]}},{"type":"Feature","properties":{"lu":"List A Abutting","ct":"Existing","a":0.036},"geometry":{"type":"MultiPolygon","coordinates":[[[[73.67441,32.07716],[73.67435,32.0771],[73.67422,32.07718],[73.67428,32.07725],[73.67441,32.07716]]]]}},{"type":"Feature","properties":{"lu":"List A Abutting","ct":"Existing","a":0.359},"geometry":{"type":"MultiPolygon","coordinates":[[[[73.67928,32.07299],[73.67907,32.07315],[73.6793,32.07339],[73.67962,32.07313],[73.6794,32.0729],[73.67928,32.07299]]]]}},{"type":"Feature","properties":{"lu":"List A Abutting","ct":"Existing","a":0.072},"geometry":{"type":"MultiPolygon","coordinates":[[[[73.67831,32.07411],[73.67805,32.07399],[73.678,32.07408],[73.6782,32.07419],[73.67831,32.07411]]]]}},{"type":"Feature","properties":{"lu":"List A Abutting","ct":"Existing","a":0.1},"geometry":{"type":"MultiPolygon","coordinates":[[[[73.67721,32.07495],[73.67691,32.07471],[73.67684,32.07478],[73.67712,32.07501],[73.67721,32.07495]]]]}},{"type":"Feature","properties":{"lu":"List A Abutting","ct":"Existing","a":0.082},"geometry":{"type":"MultiPolygon","coordinates":[[[[73.67573,32.07627],[73.67562,32.07619],[73.6754,32.07636],[73.67557,32.07639],[73.67573,32.07627]]]]}},{"type":"Feature","properties":{"lu":"List A Abutting","ct":"Existing","a":0.173},"geometry":{"type":"MultiPolygon","coordinates":[[[[73.66932,32.0793],[73.66906,32.07944],[73.66917,32.07962],[73.66945,32.07948],[73.66932,32.0793]]]]}},{"type":"Feature","properties":{"lu":"List A Abutting","ct":"Existing","a":0.105},"geometry":{"type":"MultiPolygon","coordinates":[[[[73.67688,32.07549],[73.67673,32.07539],[73.67649,32.07557],[73.67656,32.07562],[73.67668,32.07553],[73.6768,32.0756],[73.67688,32.07549]]]]}},{"type":"Feature","properties":{"lu":"List A Abutting","ct":"Existing","a":0.367},"geometry":{"type":"MultiPolygon","coordinates":[[[[73.6789,32.07439],[73.67879,32.07388],[73.67841,32.07414],[73.6789,32.0745],[73.67897,32.07443],[73.6789,32.07439]]]]}},{"type":"Feature","properties":{"lu":"List A Abutting","ct":"Existing","a":13.21},"geometry":{"type":"MultiPolygon","coordinates":[[[[73.68317,32.08205],[73.68361,32.08043],[73.68356,32.0794],[73.68253,32.07907],[73.68072,32.08183],[73.68199,32.08193],[73.68204,32.08108],[73.68221,32.08104],[73.6823,32.08061],[73.68246,32.08062],[73.68264,32.08004],[73.68347,32.0802],[73.68313,32.0821],[73.68363,32.08216],[73.68359,32.08276],[73.68436,32.0829],[73.68449,32.08232],[73.68317,32.08205]]],[[[73.68137,32.08242],[73.68034,32.08244],[73.68005,32.08297],[73.68135,32.08293],[73.68137,32.08242]]],[[[73.68427,32.08318],[73.68359,32.08304],[73.68358,32.08283],[73.68351,32.0833],[73.68361,32.08356],[73.6836,32.08338],[73.68381,32.0834],[73.68381,32.08327],[73.6842,32.08336],[73.68427,32.08318]]],[[[73.68416,32.08433],[73.68413,32.08369],[73.68361,32.08366],[73.68382,32.08487],[73.68416,32.08493],[73.68416,32.08446],[73.68397,32.08447],[73.68395,32.08433],[73.68416,32.08433]]],[[[73.68398,32.08613],[73.68418,32.08616],[73.68418,32.08583],[73.68397,32.08579],[73.68389,32.08611],[73.68398,32.08613]]]]}},{"type":"Feature","properties":{"lu":"List A Abutting","ct":"Existing","a":0.104},"geometry":{"type":"MultiPolygon","coordinates":[[[[73.66539,32.05677],[73.66521,32.05665],[73.66506,32.05679],[73.66517,32.0569],[73.66539,32.05677]]]]}},{"type":"Feature","properties":{"lu":"Natural Growth Boundary","ct":"Proposed","a":22.333},"geometry":{"type":"MultiPolygon","coordinates":[[[[73.45459,32.05935],[73.45619,32.05931],[73.45616,32.05998],[73.45465,32.06002],[73.45466,32.06044],[73.45633,32.06038],[73.45633,32.06032],[73.45731,32.06035],[73.45723,32.05828],[73.45608,32.05824],[73.45269,32.05843],[73.45267,32.0605],[73.45462,32.06044],[73.45459,32.05935]]]]}},{"type":"Feature","properties":{"lu":"Natural Growth Boundary","ct":"Proposed","a":2.176},"geometry":{"type":"MultiPolygon","coordinates":[[[[73.45396,32.06141],[73.45393,32.06068],[73.45266,32.06072],[73.45266,32.06128],[73.45396,32.06141]]]]}},{"type":"Feature","properties":{"lu":"Natural Growth Boundary","ct":"Proposed","a":17.804},"geometry":{"type":"MultiPolygon","coordinates":[[[[73.45444,32.05821],[73.45378,32.05578],[73.45485,32.05575],[73.45571,32.05582],[73.4562,32.05603],[73.4563,32.05623],[73.45722,32.05626],[73.45722,32.05569],[73.45794,32.05565],[73.45781,32.05507],[73.45781,32.05518],[73.45272,32.05524],[73.45269,32.05831],[73.45444,32.05821]]]]}},{"type":"Feature","properties":{"lu":"Natural Growth Boundary","ct":"Proposed","a":2.299},"geometry":{"type":"MultiPolygon","coordinates":[[[[73.46928,32.05821],[73.46931,32.05696],[73.46867,32.05698],[73.46871,32.05756],[73.46844,32.05766],[73.46847,32.05821],[73.46928,32.05821]]]]}},{"type":"Feature","properties":{"lu":"Natural Growth Boundary","ct":"Proposed","a":15.482},"geometry":{"type":"MultiPolygon","coordinates":[[[[73.46722,32.05758],[73.46717,32.05642],[73.46787,32.0564],[73.46791,32.05687],[73.46816,32.05687],[73.46817,32.05701],[73.46858,32.05699],[73.46855,32.05638],[73.46932,32.05635],[73.46931,32.05612],[73.46911,32.05591],[73.46884,32.05581],[73.46633,32.05577],[73.46588,32.05559],[73.4656,32.05512],[73.46562,32.05307],[73.4651,32.05366],[73.46501,32.0543],[73.46504,32.05587],[73.46553,32.05591],[73.46553,32.05583],[73.46571,32.05583],[73.46573,32.05592],[73.46583,32.05592],[73.46593,32.05677],[73.46591,32.05688],[73.4652,32.0568],[73.46514,32.05712],[73.46473,32.05713],[73.46477,32.05758],[73.46501,32.05756],[73.46521,32.05772],[73.46549,32.0577],[73.46551,32.05738],[73.46615,32.05739],[73.46606,32.05646],[73.46653,32.05643],[73.46659,32.05704],[73.46622,32.05707],[73.46623,32.05797],[73.46654,32.058],[73.46653,32.05763],[73.46722,32.05765],[73.46722,32.05758]]]]}},{"type":"Feature","properties":{"lu":"Natural Growth Boundary","ct":"Proposed","a":17.721},"geometry":{"type":"MultiPolygon","coordinates":[[[[73.45524,32.05499],[73.45527,32.05222],[73.45275,32.05234],[73.45272,32.05502],[73.45524,32.05499]]]]}},{"type":"Feature","properties":{"lu":"Natural Growth Boundary","ct":"Proposed","a":19.842},"geometry":{"type":"MultiPolygon","coordinates":[[[[73.45734,32.05497],[73.45732,32.05471],[73.45778,32.05468],[73.45778,32.05451],[73.45793,32.05448],[73.45772,32.05349],[73.45782,32.05342],[73.45808,32.05334],[73.45816,32.05362],[73.45833,32.05377],[73.45845,32.05418],[73.45873,32.05414],[73.45868,32.05397],[73.45878,32.05389],[73.45857,32.05319],[73.45831,32.05321],[73.4583,32.05292],[73.45847,32.05291],[73.4585,32.05278],[73.45866,32.05277],[73.45857,32.05242],[73.45873,32.05218],[73.45889,32.05221],[73.4588,32.05205],[73.45553,32.05221],[73.45549,32.05499],[73.45734,32.05497]]]]}},{"type":"Feature","properties":{"lu":"Natural Growth Boundary","ct":"Proposed","a":20.112},"geometry":{"type":"MultiPolygon","coordinates":[[[[73.46257,32.05424],[73.46496,32.05407],[73.46507,32.05351],[73.46562,32.05291],[73.46564,32.05184],[73.46198,32.05179],[73.46206,32.05347],[73.4623,32.05424],[73.46257,32.05424]]]]}},{"type":"Feature","properties":{"lu":"Natural Growth Boundary","ct":"Proposed","a":15.02},"geometry":{"type":"MultiPolygon","coordinates":[[[[73.45531,32.04969],[73.45367,32.0497],[73.45325,32.04984],[73.45296,32.05004],[73.45277,32.05058],[73.45276,32.05212],[73.45528,32.052],[73.45531,32.04969]]]]}},{"type":"Feature","properties":{"lu":"Natural Growth Boundary","ct":"Proposed","a":0.008},"geometry":{"type":"MultiPolygon","coordinates":[[[[73.45556,32.05199],[73.45554,32.05172],[73.45554,32.05199],[73.45556,32.05199]]]]}},{"type":"Feature","properties":{"lu":"Natural Growth Boundary","ct":"Proposed","a":17.334},"geometry":{"type":"MultiPolygon","coordinates":[[[[73.46185,32.04974],[73.46197,32.05157],[73.46564,32.05162],[73.46561,32.05036],[73.46548,32.05013],[73.46515,32.04988],[73.46469,32.04976],[73.46185,32.04974]]]]}},{"type":"Feature","properties":{"lu":"Natural Growth Boundary","ct":"Proposed","a":4.437},"geometry":{"type":"MultiPolygon","coordinates":[[[[73.45768,32.05036],[73.45724,32.04971],[73.45557,32.04969],[73.45555,32.05088],[73.45629,32.05086],[73.45627,32.05058],[73.45649,32.05047],[73.45768,32.05036]]]]}},{"type":"Feature","properties":{"lu":"List A Abutting","ct":"Existing","a":0.2},"geometry":{"type":"MultiPolygon","coordinates":[[[[73.6977,32.0487],[73.69756,32.04902],[73.69803,32.04905],[73.6977,32.0487]]]]}},{"type":"Feature","properties":{"lu":"State Land","ct":"Existing","a":4.075},"geometry":{"type":"MultiPolygon","coordinates":[[[[73.50253,31.86154],[73.501,31.85974],[73.5007,31.85983],[73.50206,31.86141],[73.50195,31.86147],[73.50252,31.8622],[73.5027,31.86231],[73.50398,31.86384],[73.50417,31.86379],[73.50533,31.86516],[73.50539,31.86514],[73.50404,31.86354],[73.50248,31.86158],[73.50253,31.86154]]]]}}]}